Date,Close,High,Low,Open,Volume
2000-01-04,42.739070892333984,44.42171147864635,42.62689399741124,44.42171147864635,4740000
2000-01-05,44.19736862182617,44.75825066767855,42.85125581979073,43.075609665134245,5250000
2000-01-06,44.30954360961914,45.88000496240742,43.18777963189916,45.88000496240742,8838000
2000-01-07,44.98259353637695,45.76782410094818,44.42171162739088,44.42171162739088,5982000
2000-01-10,44.98259353637695,44.98259353637695,44.98259353637695,44.98259353637695,0
2000-01-11,47.11394500732422,47.45047318594796,45.54347846207591,45.65565794495882,6192000
2000-01-12,51.04009246826172,53.05926089379721,47.67481175903591,47.899160382977065,11376000
2000-01-13,52.49839019775391,53.05927214658004,51.60098010663447,52.722744004286746,5772000
2000-01-14,53.62015151977539,53.62015151977539,51.60098256963725,52.72274652083323,8196000
2000-01-17,53.73234558105469,54.405402080462416,53.39581733135083,53.62016607447769,4452000
2000-01-18,56.87326431274414,57.99502323840548,52.61057217921077,52.61057217921077,6222000
2000-01-19,54.0688705444336,56.873270743175496,53.84451667992947,56.873270743175496,4836000
2000-01-20,52.3862190246582,54.40538800031939,51.60098322189291,53.732331675099,5478000
2000-01-21,52.722755432128906,53.84451443791444,51.15228871601872,53.283632367515146,2616000
2000-01-24,52.61057662963867,53.73234078520484,51.1522893894184,51.1522893894184,2910000
2000-01-25,51.37664413452149,52.38622881095304,49.35747478165837,52.16187494896385,6498000
2000-01-26,52.94710540771485,53.507987491413296,51.93752073806554,52.49840282176399,6288000
2000-01-27,52.161869049072266,52.49839723648563,51.71316651085864,52.386222885685385,5058000
2000-01-28,51.04009246826172,52.04967668102947,49.91832880851256,51.600969163125455,4086000
2000-01-31,52.04970169067383,52.04970169067383,49.35747582969093,51.152291358675086,4434000
2000-02-01,55.52714538574219,55.52714538574219,51.60098187912001,51.937510032973,4596000
2000-02-02,55.52714538574219,56.312376033061774,54.181032770330255,55.52714538574219,11388000
2000-02-03,55.86367416381836,56.873258636658456,55.527146006205,56.08802798056466,6576000
2000-02-04,57.54632186889648,60.57507565146999,57.20979367083277,58.66808081743796,12720000
2000-02-07,61.13593673706055,61.69681345156748,58.892414473999736,59.4532963235177,11562000
2000-02-08,56.64890670776367,60.68724473370355,56.08802984972469,60.57507038909823,8040000
2000-02-09,58.3315658569336,58.89244802599534,56.0880474507145,56.76110399958301,9342000
2000-02-10,56.98542785644531,58.78024795909719,56.08802294013108,58.33154036592837,7128000
2000-02-11,56.98542785644531,56.98542785644531,56.98542785644531,56.98542785644531,0
2000-02-14,54.293216705322266,55.63932955863615,53.28363206533685,55.30280134530768,6486000
2000-02-15,54.293216705322266,54.74192441310225,53.732339773116834,54.293216705322266,8448000
2000-02-16,54.85408782958984,54.966262166650445,53.73232905394784,54.29320587426284,5604000
2000-02-17,51.15229797363281,54.96628339157446,51.15229797363281,54.85410901119834,5934000
2000-02-18,50.47922897338867,51.15228535970052,49.91834693979123,51.15228535970052,6648000
2000-02-21,47.67481994628906,50.92792176719247,47.11393802009356,50.47921930724311,5754000
2000-02-22,48.90876388549805,49.24529208914829,47.11394851103436,47.6748305621224,4476000
2000-02-23,48.68442535400391,50.47924110380107,48.68442535400391,50.03053845010527,4476000
2000-02-24,47.67481994628906,49.02093246114888,47.45046614880852,48.796578663668335,5088000
2000-02-25,49.80617904663086,50.36706115297125,47.67483525855877,47.67483525855877,4194000
2000-02-28,49.581817626953125,52.72275078215339,48.0113561843656,49.24528944139686,6306000
2000-02-29,48.46005630493164,48.46005630493164,47.113943629794655,47.899174311953786,9828000
2000-03-01,47.00177001953125,47.89917506030153,45.20694966796585,47.45047253991639,19272000
2000-03-02,50.927921295166016,52.49838759295048,47.1139375834171,47.1139375834171,17670000
2000-03-03,55.30279922485352,56.76109151670416,52.16187106589021,52.61057362145273,26580000
2000-03-06,56.42457580566406,60.23856120969006,56.20022191071643,59.78985855480876,15552000
2000-03-07,57.20978927612305,57.658491794068894,54.181035726210645,56.64890727743144,7974000
2000-03-08,54.293216705322266,56.761093693073065,53.9566884919938,56.08803726641612,5274000
2000-03-09,52.2740478515625,53.84451457157101,51.71317091478401,53.17145813942637,7380000
2000-03-10,56.42457580566406,57.20980673545984,54.29322664119645,55.078462706006185,17112000
2000-03-13,53.844505310058594,57.20978689193725,52.83492083549499,56.42455623450296,6360000
2000-03-14,51.9374885559082,54.29318465875732,51.60096054121547,53.620128629371855,4470000
2000-03-15,50.47922897338867,52.049695586453886,50.36705462067427,52.049695586453886,6306000
2000-03-16,52.61057662963867,52.72275612620316,48.90876621329918,49.3574739295309,11802000
2000-03-17,51.60098648071289,54.40539143624937,50.81575576336921,54.18103760200293,5976000
2000-03-20,51.60098648071289,51.60098648071288,51.60098648071288,51.60098648071288,0
2000-03-21,54.405391693115234,54.629740393408326,51.60098672433823,52.16186874509615,4182000
2000-03-22,52.83493423461914,55.52716018287998,51.937523873527695,54.96627806532115,5682000
2000-03-23,54.7419319152832,54.85410629009477,51.600998070422,51.71317758024729,4044000
2000-03-24,56.08802795410156,57.209786767279454,54.9662640059115,55.86367413746112,7458000
2000-03-27,57.20978927612305,57.20978927612304,55.751502241539725,56.088030413752215,4434000
2000-03-28,56.92796325683594,57.04069534055981,55.575219534611655,56.36432347944768,1776000
2000-03-29,57.04071044921875,57.60435037590115,56.25160629536877,56.58979231550186,4746000
2000-03-30,54.67339706420898,56.13886779662873,54.67339706420898,55.91340877613796,2826000
2000-03-31,57.37888717651367,57.49161411153155,55.01158541898002,55.8006842847218,4032000
2000-04-03,59.06980514526367,59.18253205765201,56.47704487787364,57.491602570290524,8910000
2000-04-04,58.6189079284668,59.74619809268383,57.604349876856936,59.06982605827725,9522000
2000-04-05,60.64800262451172,62.33893211367382,58.73161931033285,59.18253212067365,31842000
2000-04-06,58.6189079284668,61.3243960660931,58.6189079284668,60.648024031686525,13470000
2000-04-07,58.95709228515625,60.19710936674653,58.61890627747791,58.73163838690999,5874000
2000-04-10,58.50617218017578,59.069817177544216,57.49161428109759,59.069817177544216,5640000
2000-04-11,60.19710540771485,60.87347737858804,58.61890242224116,58.61890242224116,12846000
2000-04-12,58.95709228515625,61.098940440658446,58.61890627747791,60.87348138210323,12114000
2000-04-13,57.37888717651367,58.5061720076174,56.4770562154457,58.5061720076174,12828000
2000-04-14,57.71708679199219,58.50618584435624,57.04071470130599,57.37890074664909,9810000
2000-04-17,51.85518264770508,56.13887351123556,51.85518264770508,53.77157161618346,10590000
2000-04-18,54.1097526550293,55.23703744857303,52.64428190739163,55.23703744857303,7332000
2000-04-19,55.0115966796875,55.5752366304606,52.982480472161846,54.10976553401742,5184000
2000-04-20,52.41880416870117,55.01156394445946,52.41880416870117,55.01156394445946,7140000
2000-04-21,49.37515640258789,53.20792938040271,45.655110372255926,52.7570164301624,14142000
2000-04-24,53.8843002319336,53.99703233731107,50.72789932723104,50.72789932723104,6054000
2000-04-25,57.49162673950195,57.49162673950195,52.98248126435004,54.10976634306066,13200000
2000-04-26,55.124324798583984,58.61891217614157,55.011597838117446,58.61891217614157,5352000
2000-04-27,55.23702621459961,56.25158387054312,55.23702621459961,55.68794416855701,3204000
2000-04-28,54.447940826416016,56.1388706657457,54.22248179440261,55.237039698000416,3264000
2000-05-01,54.1097526550293,55.23703744857303,53.54610767810336,54.1097526550293,4026000
2000-05-02,55.124324798583984,56.92798196759605,54.56067967563232,55.80069688200219,4992000
2000-05-03,55.124324798583984,55.124324798583984,55.124324798583984,55.124324798583984,0
2000-05-04,55.124324798583984,55.124324798583984,55.124324798583984,55.124324798583984,0
2000-05-05,55.124324798583984,55.124324798583984,55.124324798583984,55.124324798583984,0
2000-05-08,55.80066680908203,56.70249748771488,55.12429509018406,55.687939909367934,3024000
2000-05-09,55.80066680908203,55.80066680908203,55.80066680908203,55.80066680908203,0
2000-05-10,53.99702453613281,54.67339642944425,52.41882173163677,54.67339642944425,6312000
2000-05-11,53.09519577026367,53.884294624241285,52.19336482264053,53.884294624241285,2544000
2000-05-12,52.644287109375,53.0952000392873,52.08064207675314,53.0952000392873,7866000
2000-05-15,54.1097526550293,55.913409356760894,53.3206538155795,53.88429363219729,2784000
2000-05-16,54.67339706420898,55.57522282555586,54.22247902322746,55.23703687497377,2946000
2000-05-17,54.3352165222168,55.23704237333246,54.22248442059589,54.78612944777463,2466000
2000-05-18,55.462493896484375,55.5752208225128,53.65883727848995,54.335209155276345,3954000
2000-05-19,55.34976196289063,55.34976196289063,53.546100347767926,55.23702988675331,2790000
2000-05-22,55.23702621459961,55.23702621459961,52.982457086041,53.65882885667,3912000
2000-05-23,55.23702621459961,55.46248519157831,53.9970147419845,55.46248519157831,4074000
2000-05-24,53.09519577026367,54.89885250520174,53.09519577026368,54.89885250520174,2430000
2000-05-25,54.3352165222168,55.34977447495336,54.10975747928358,55.34977447495336,2844000
2000-05-26,55.124324798583984,55.46251084029309,53.546121550505006,54.89886571734142,3402000
2000-05-29,57.49162673950195,59.52074297736673,57.49162673950195,59.06982997794437,11838000
2000-05-30,57.49162673950195,57.49162673950195,57.49162673950195,57.49162673950195,0
2000-05-31,57.71708679199219,59.40801701870768,57.71708679199218,58.9570988513772,6540000
2000-06-01,59.18252944946289,59.18252944946288,57.26614106147317,57.26614106147317,8550000
2000-06-02,60.760772705078125,61.4371449238348,59.29529612423166,59.74621437694312,24846000
2000-06-05,62.33894729614258,63.4662373370037,61.098935475627286,62.677133276339205,24138000
2000-06-06,64.81900024414062,66.8481167196757,63.01533771456941,63.46625592711724,72726000
2000-06-07,65.83353424072266,67.86264996909793,65.15716233126423,65.94626117219634,53964000
2000-06-08,65.72081756591797,66.8481077863304,64.36807342967055,66.39718963404168,10902000
2000-06-09,66.5098876953125,66.96080045639813,64.818958390858,64.818958390858,22374000
2000-06-12,69.66630554199219,69.66630554199219,65.9462601004295,67.52446291695273,22926000
2000-06-13,68.20084381103516,70.45541366309155,67.63719876786669,68.65175674938469,24366000
2000-06-14,69.32811737060547,71.69541893935785,68.76447241984751,69.32811737060547,28968000
2000-06-15,66.62264251708984,69.21540359064977,66.5099155696512,69.21540359064977,7026000
2000-06-16,66.62264251708984,68.08811347502778,66.5099155696512,66.62264251708984,7044000
2000-06-19,66.62264251708984,66.84810157227602,65.94627051184021,66.05899745927886,4008000
2000-06-20,69.1026611328125,69.1026611328125,66.84809155987222,67.29900444239865,7482000
2000-06-21,68.76447296142578,69.21539098970668,68.31356009345284,69.21539098970668,7956000
2000-06-22,67.07352447509766,68.65172681155747,67.07352447509766,67.63716927247042,7704000
2000-06-23,67.29899597167969,68.20082678352998,66.73535106923484,67.07353697864026,5796000
2000-06-26,66.0589828491211,67.07354063260746,65.7207969212923,66.73535470477867,3516000
2000-06-27,68.20084381103516,68.76448369389489,66.5099138418385,66.6226407863487,6396000
2000-06-28,76.65546417236328,78.34639349116316,70.79357242698588,71.01903138959477,68520000
2000-06-29,81.50282287597656,84.20831077227454,79.02279402447297,79.9246198830332,97464000
2000-06-30,79.47370910644531,80.82645309123586,78.12096512165475,79.24825005554396,29154000
2000-07-03,79.69915008544922,82.63009128102776,79.69915008544922,80.60097576394679,20820000
2000-07-04,80.37552642822266,80.37552642822266,77.2191208956929,80.03734048975932,18018000
2000-07-05,78.3464126586914,79.47369742691376,78.0082267121939,78.91005246264857,12510000
2000-07-06,80.15007781982422,81.61554868995725,77.6700490026048,77.89550288397385,18510000
2000-07-07,80.48822021484375,82.17914921095391,79.47366281717765,80.6009470944825,25662000
2000-07-10,84.5465087890625,84.5465087890625,81.8410205078125,82.74285165499896,29712000
2000-07-11,83.30646514892578,85.33558071542444,82.968279221176,83.41919723171421,30240000
2000-07-12,83.4192123413086,84.43377030832326,82.40465437429393,83.98285221611096,14076000
2000-07-13,83.4192123413086,84.20831126221711,81.27736430407185,83.98285221611096,18504000
2000-07-14,88.26656341552734,89.39385374482112,82.63012724998809,83.30649938344041,63300000
2000-07-17,90.97203063964844,94.35389051472828,89.61928668961649,89.84474057441604,76302000
2000-07-18,86.80105590820312,91.6483912340988,85.7865032319713,91.6483912340988,23034000
2000-07-19,86.80105590820312,91.6483912340988,85.7865032319713,91.6483912340988,23034000
2000-07-20,86.80105590820312,86.80105590820312,86.80105590820312,86.80105590820312,0
2000-07-21,84.43376922607422,88.49199588180697,84.09558324140411,86.8010659584564,13578000
2000-07-24,81.50282287597656,83.41921185595719,80.82645090190208,83.41921185595719,8952000
2000-07-25,82.06646728515625,82.40465326962762,80.26280526110318,80.37553736279938,10008000
2000-07-26,85.78652954101562,87.36473282418423,79.58644853162372,81.27737877776522,14544000
2000-07-27,80.37552642822266,84.99739748034968,79.69915455129598,84.65921154188634,13494000
2000-07-28,77.21912384033203,80.26279740256814,76.20456598625333,79.24823954848944,12972000
2000-07-31,74.28816986083984,74.40089677221047,71.13176473938974,71.58268270548673,19848000
2000-08-01,74.96456146240234,75.86638731232954,73.7245444683667,74.06273045216655,22860000
2000-08-02,76.65546417236328,76.99365003612326,74.40089002719452,75.52817451962552,18030000
2000-08-03,73.72453308105469,77.44457832826386,72.82270221011349,77.10639239669939,7824000
2000-08-04,70.79358673095703,73.72453319584872,70.45540079886598,72.59724847564783,10764000
2000-08-07,76.43002319335938,76.65548220901766,71.0190481000242,74.17544851770039,18708000
2000-08-08,78.91004180908203,80.03733158541812,77.55729820572458,79.81187259808944,29454000
2000-08-09,81.1646499633789,81.39010904449145,79.47371975580852,79.69917883692105,33324000
2000-08-10,80.60098266601562,83.41920234349786,80.60098266601562,81.72827260113175,21744000
2000-08-11,85.44831848144531,85.67377234140177,81.72827302877472,81.72827302877472,23454000
2000-08-14,84.09558868408203,87.13925758279109,83.98285657502355,85.44833271031226,11466000
2000-08-15,89.28111267089844,89.84475261876607,86.23743837529963,86.80107832316725,32160000
2000-08-16,88.60472869873047,90.40839073840148,88.49199659605813,90.1829265330568,19164000
2000-08-17,87.92832946777344,88.49196916518267,86.80103975234087,87.92832946777344,8292000
2000-08-18,87.81563568115234,88.60473985800746,87.13926362116756,87.70291388490061,8142000
2000-08-21,85.2228775024414,88.26655169895717,84.88469148060632,87.92836567712209,4164000
2000-08-22,89.05563354492188,89.05563354492188,85.33558307644229,85.56104208794926,10080000
2000-08-23,91.87384033203124,92.43749042576816,89.05563114580855,89.05563114580855,35286000
2000-08-24,90.97203063964844,91.6484026146644,88.15381063687612,91.31021662715642,22224000
2000-08-25,90.6338348388672,90.859288699256,89.0556371749132,90.1829167974734,10290000
2000-08-28,92.43749237060548,93.22658600545452,91.08474863016058,91.87384226500964,22566000
2000-08-29,100.32850646972656,100.44123857275248,93.00114682662269,93.56478670051764,93174000
2000-08-30,102.0194091796875,106.52855792905886,99.20120024186814,99.20120024186814,88128000
2000-08-31,103.71036529541016,105.2885734391897,102.01943537037292,103.03399332539529,23670000
2000-09-01,104.49945068359376,106.19038030630564,104.3867186018745,105.9649264634825,21324000
2000-09-04,103.5976333618164,105.73947084322346,102.58307550621848,104.83764507845292,8472000
2000-09-05,98.18666076660156,102.80853212591644,98.18666076660156,101.5685203760067,11316000
2000-09-06,100.32850646972656,101.23034265269928,97.05937868814802,97.05937868814802,32292000
2000-09-07,102.0194091796875,102.69578097606248,99.31392199418758,101.45576945624654,13800000
2000-09-08,103.93582916259766,104.83765501282484,102.58308522694831,103.71036495957796,23100000
2000-09-11,99.20121002197266,102.13215132168332,98.07392014333828,101.4557794586258,20238000
2000-09-12,96.94664001464844,98.5248480675804,95.59389615248767,96.94664001464844,18822000
2000-09-13,92.21202850341795,95.81935203687974,91.64838871658397,95.81935203687974,33018000
2000-09-14,91.87384033203124,95.59388553998684,90.07018892979644,92.3247583428977,12762000
2000-09-15,91.87384033203124,91.87384033203124,91.87384033203124,91.87384033203124,0
2000-09-18,91.31021118164062,91.7611292449654,89.05564150625011,89.1683632816188,8700000
2000-09-19,89.73204040527344,90.63386648230367,88.8302040076234,90.18294828347868,7620000
2000-09-20,95.2557144165039,95.2557144165039,90.7465748894971,90.7465748894971,13014000
2000-09-21,93.67752075195312,95.81936883029029,93.67752075195312,95.81936883029029,8682000
2000-09-22,91.87384033203124,94.57932775599896,90.97201463091385,94.128420065748,14022000
2000-09-25,100.10304260253906,103.14671619518384,95.36843923620276,95.81935728272592,27708000
2000-09-26,100.15956115722656,100.15956115722656,96.88119401640692,99.02908865869358,9012000
2000-09-27,99.5943374633789,100.38566938820428,97.78559356342816,99.02910628836368,9384000
2000-09-28,100.15956115722656,102.42049580453926,98.57689758932976,99.48127972805744,15468000
2000-09-29,100.61174011230467,102.3074436554882,100.15955940062446,101.2900215295781,10080000
2000-10-02,102.87266540527344,103.32484603051786,98.91601766100258,99.48125896718476,14874000
2000-10-03,110.78598022460938,111.12512099095996,102.87270257626538,103.3248833648963,67548000
2000-10-04,110.44683074951172,112.25558481067934,108.525036674977,110.22074037302352,29364000
2000-10-05,112.255615234375,112.707806459659,108.6381164813735,110.78600151451964,29394000
2000-10-06,111.91644287109376,113.49909618904984,109.09026662140069,110.44682956529272,39918000
2000-10-09,111.91644287109376,111.91644287109376,111.91644287109376,111.91644287109376,0
2000-10-10,116.32525634765624,116.43830669392716,110.44681428736158,110.7859549764218,48618000
2000-10-11,107.50760650634766,117.2296368729871,105.81190293369232,116.09917472438572,79248000
2000-10-12,105.58584594726562,107.2815500558954,101.5161560865542,102.98575941419564,34752000
2000-10-13,105.02058410644533,105.81191598789692,101.855277280148,102.3074580554736,28242000
2000-10-16,105.02058410644533,105.02058410644533,105.02058410644533,105.02058410644533,0
2000-10-17,117.11663818359376,117.90795989682118,113.83826988677072,114.74265234439764,67020000
2000-10-18,116.4383316040039,116.4383316040039,111.12511943888391,114.85566781663618,33150000
2000-10-19,116.0992202758789,117.11664281865752,113.04695264754308,116.32531072435506,20526000
2000-10-20,115.87310028076172,120.84717212123286,115.87310028076172,118.02099540959044,40992000
2000-10-23,123.6733627319336,124.12555399238974,116.66445511853024,116.8905455738795,44910000
2000-10-24,122.76896667480467,127.17779696975624,122.20373547152433,123.22115784728236,29334000
2000-10-25,107.84675598144533,115.4209026711504,107.05542413334058,111.4642537803808,75378000
2000-10-26,106.7162857055664,107.5076175708324,100.38566183270154,100.61175221573995,60660000
2000-10-27,106.7162857055664,106.7162857055664,106.7162857055664,106.7162857055664,0
2000-10-30,110.55986785888672,111.91643065470129,109.5424457620258,110.89900855784036,16890000
2000-10-31,108.75111389160156,109.655495987624,105.69884760446952,109.429395288742,11754000
2000-11-01,115.87310028076172,117.90794502920292,112.25560195567364,113.15997394950676,36714000
2000-11-02,117.34270477294922,117.45575514461406,113.04692519649748,114.17738751412674,17658000
2000-11-03,117.34270477294922,117.34270477294922,117.34270477294922,117.34270477294922,0
2000-11-06,122.54286193847656,124.57770645212422,118.13403215890666,118.24707217649528,42642000
2000-11-07,126.61256408691406,126.61256408691406,119.3775571720244,120.28192915522727,21810000
2000-11-08,121.07321166992188,126.38641171999204,121.07321166992188,122.20368394962348,26784000
2000-11-09,118.3601303100586,121.41239728080508,118.24707993529776,118.69927108458596,14238000
2000-11-10,115.53392028808594,116.43830232481308,113.04689556146658,115.3078299537802,21612000
2000-11-13,114.17733001708984,114.5164706115463,110.33374351308308,110.78592407252528,18588000
2000-11-14,116.32525634765624,118.4731508282885,114.17736186702402,114.17736186702402,18456000
2000-11-15,120.39492797851562,122.76891247386664,120.05578733632262,120.84711895135663,21834000
2000-11-16,119.03840637207033,121.9776228325736,118.69926561317553,118.92535600252052,13356000
2000-11-17,114.17733001708984,117.45569599666862,113.72514945764762,115.646942709651,12762000
2000-11-20,111.23818969726562,112.1425617733408,110.22076723052234,110.78599848434976,13548000
2000-11-21,108.97721862792967,109.42939934294078,107.16846471862588,108.97721862792967,17172000
2000-11-22,107.39456176757812,110.5598787186433,106.82933066371976,110.5598787186433,7884000
2000-11-23,107.39456176757812,107.39456176757812,107.39456176757812,107.39456176757812,0
2000-11-24,110.2207260131836,111.35119844785174,106.4901783635066,106.4901783635066,8340000
2000-11-27,112.82088470458984,114.17744849001484,110.22080756577876,111.35128083688636,16458000
2000-11-28,111.57730102539062,112.82081359500592,109.4294062690062,111.35121065357524,5760000
2000-11-29,109.65553283691406,110.78599531220024,107.16849676172326,109.31639202437697,6600000
2000-11-30,107.7337417602539,107.9598425639961,104.3423332016965,107.39460090439816,21588000
2000-12-01,107.62063598632812,108.86414824849145,105.13360111225028,105.47274176099948,10782000
2000-12-04,109.65553283691406,110.22076407455717,106.26412471154308,107.39458718682926,12504000
2000-12-05,108.5250473022461,111.57731425762177,108.5250473022461,111.46426388343023,10086000
2000-12-06,110.67292022705078,111.80338234434656,109.6554981116328,111.46424163920724,10896000
2000-12-07,110.2207260131836,113.6121329674354,110.2207260131836,111.80337914191688,19668000
2000-12-08,107.62063598632812,109.9946205275725,107.50758565349464,108.52500759974222,20478000
2000-12-11,112.707763671875,113.0469043746492,107.73369313135154,107.73369313135154,13326000
2000-12-12,112.9338607788086,115.87307692873964,112.9338607788086,113.83823259038272,13314000
2000-12-13,112.59469604492188,113.8382083143764,110.78594245773697,111.8033644099501,5994000
2000-12-14,110.55986785888672,111.3511996063628,109.76853611141064,110.33377750950189,14304000
2000-12-15,109.881591796875,110.6729235827785,108.63807929024377,108.63807929024377,7440000
2000-12-18,106.15106201171876,107.62067547883872,105.69887086419988,106.6032531592376,13722000
2000-12-19,104.79449462890624,106.15105766617366,103.098790832322,105.35972577784946,15552000
2000-12-20,102.08138275146484,102.98575478550154,99.59434672066882,101.4031011384983,16452000
2000-12-21,95.07245635986328,99.48128592405811,91.90713937667722,98.68995409082316,42594000
2000-12-22,95.63768768310548,97.78558246396788,94.39417509931876,96.20291879396234,13890000
2000-12-25,96.65512084960938,99.02910627398576,96.54207047472072,97.89863357436435,7212000
2000-12-26,97.10730743408205,98.35082010037549,96.2029251770008,97.78558895201564,4734000
2000-12-27,97.78556060791016,99.48126391122794,97.10727928658304,98.01165093176866,8700000
2000-12-28,97.67255401611328,97.67255401611328,96.2029403784521,96.65513157844543,4764000
2000-12-29,96.7681655883789,97.67253748554916,95.86378334145417,96.2029240966123,3936000
2001-01-01,96.7681655883789,96.76816558837888,96.76816558837888,96.76816558837888,0
2001-01-02,96.7681655883789,96.76816558837888,96.76816558837888,96.76816558837888,0
2001-01-03,96.7681655883789,96.76816558837888,96.76816558837888,96.76816558837888,0
2001-01-04,96.0898895263672,100.0465284443026,95.63769837726554,97.89863342326362,5370000
2001-01-05,96.99423217773438,97.44642319025186,94.95938814603366,94.95938814603366,4704000
2001-01-08,96.99423217773438,96.99423217773438,96.99423217773438,96.99423217773438,0
2001-01-09,95.29857635498048,95.41162675193982,94.62029467273862,94.95943551385956,10086000
2001-01-10,94.39415740966795,94.84633807371236,92.92454437714376,94.39415740966795,11448000
2001-01-11,92.47238159179688,93.4898039211067,91.90715041432092,93.26371352006734,12048000
2001-01-12,92.69845581054688,93.15063648320296,91.11579240699402,91.45493308636216,13968000
2001-01-15,93.15064239501952,93.71588379634105,92.13322029234423,92.13322029234423,5442000
2001-01-16,93.60281372070312,94.50718528258048,92.0201608999801,92.0201608999801,5790000
2001-01-17,93.82892608642578,94.39416750154037,92.13322254058824,92.9245543118968,6126000
2001-01-18,105.13359832763672,105.13359832763672,99.02906681183846,99.4812577814442,58476000
2001-01-19,104.681396484375,108.18585284785864,103.21179409787372,108.18585284785864,22530000
2001-01-22,102.53353881835938,106.0379857183278,101.96829743468513,104.68142295711355,12690000
2001-01-23,100.38567352294922,101.62918629910328,100.04653273402032,101.40309588973588,14136000
2001-01-24,99.8204116821289,101.51611510623216,98.35079859798864,100.95087373169618,14100000
2001-01-25,97.89860534667967,98.68993704322082,97.7855653541396,97.7855653541396,11442000
2001-01-26,95.97683715820312,96.65511869289008,94.39418369385186,94.50722371646312,19476000
2001-01-29,97.10730743408205,97.78558895201564,94.84636214113354,94.84636214113354,6702000
2001-01-30,96.42903137207033,97.10731292838086,95.18550828566414,95.97684021794488,11400000
2001-01-31,97.22035217285156,97.67254332334096,96.31598022162788,97.55949294827982,4656000
2001-02-01,95.8637924194336,96.42903396472668,94.507229270339,94.95942043662237,5448000
2001-02-02,97.10730743408205,98.35082010037549,96.99425706450822,96.99425706450822,9792000
2001-02-05,97.10730743408205,97.55948821286805,94.73332212131434,94.84636214113354,8130000
2001-02-06,96.0898895263672,97.10731184952958,94.50722567938897,94.8463664537764,11418000
2001-02-07,98.2377700805664,98.5769108407407,95.52464399917211,96.54206627969498,17190000
2001-02-08,98.3507843017578,99.93343715094962,97.8985933378098,97.8985933378098,11460000
2001-02-09,100.8378677368164,102.30747096672096,98.35083175964247,98.35083175964247,18954000
2001-02-12,100.8378677368164,100.83786773681642,100.83786773681642,100.83786773681642,0
2001-02-13,100.15956115722656,101.74221437537012,99.02908865869358,99.70737008786271,13590000
2001-02-14,99.8204116821289,101.62915510133747,98.12470825802563,98.12470825802563,12234000
2001-02-15,99.25520324707033,101.29004803129104,98.68997203470536,100.95090723392092,10848000
2001-02-16,96.42903137207033,99.36824799949768,95.41160903760446,98.68996644318712,34344000
2001-02-19,95.1855239868164,95.52466482091404,92.92458854275117,94.05506143966224,27090000
2001-02-20,96.42903137207033,96.65512177425543,94.62027710532374,94.62027710532374,12972000
2001-02-21,94.28112030029295,94.62026102079764,93.03760777502708,93.26369813877902,14886000
2001-02-22,93.60281372070312,93.60281372070312,92.1332008766206,92.69844215882576,15156000
2001-02-23,92.924560546875,93.4897916501619,91.1158065267016,92.4723694543932,14466000
2001-02-26,91.1158218383789,92.24629458467828,90.88973142902124,91.79410341620742,11316000
2001-02-27,89.19400787353516,91.56799287397146,88.62877679953951,89.98533965693167,23706000
2001-02-28,86.36785888671875,88.06355771370782,84.55910450147532,86.93309527896706,44646000
2001-03-01,82.63733673095703,85.12436834407094,82.18514540138752,84.21999085981152,28290000
2001-03-02,83.42859649658203,84.7851590412419,81.5067978333554,82.07203395192215,27696000
2001-03-05,81.5068130493164,83.54165724617765,81.16767234983953,82.63728549749025,15288000
2001-03-06,86.82003784179688,86.93308821598839,82.75034856796265,82.75034856796265,14058000
2001-03-07,89.87227630615234,90.32446730981124,88.17657297962117,89.42008530249345,35778000
2001-03-08,89.75923919677734,90.4375206273569,89.19400812121214,90.32448062209582,14628000
2001-03-09,89.75923919677734,90.21143026708148,88.40267633561822,88.62877704564693,21432000
2001-03-12,88.06356048583984,89.64622450390661,86.7070024165214,88.6288020707592,10878000
2001-03-13,88.74180603027344,90.43750939613696,85.80259031269401,85.80259031269401,22128000
2001-03-14,88.74180603027344,88.74180603027344,88.74180603027344,88.74180603027344,0
2001-03-15,88.62879943847656,89.75926187522805,83.65473263252676,84.55910465187912,10728000
2001-03-16,88.8548583984375,89.9853307847218,86.02868778247897,87.49829567479723,7770000
2001-03-19,88.9679183959961,90.43752127290642,88.9679183959961,88.9679183959961,13266000
2001-03-20,88.9679183959961,88.9679183959961,88.9679183959961,88.9679183959961,0
2001-03-21,91.3418960571289,91.454936054085,89.30705191488906,89.64619260526237,17634000
2001-03-22,90.09838104248048,91.90713499663714,90.09838104248048,91.22885355754757,20514000
2001-03-23,90.77667999267578,91.79410234757412,90.55058958595018,91.2288711558824,27804000
2001-03-26,92.47238159179688,92.69848234259138,90.55058730857446,91.5680096378843,26088000
2001-03-27,92.64289855957033,93.77962475284971,92.07454066643427,93.77962475284971,9498000
2001-03-28,94.46168518066406,96.39411089104846,93.77965135264482,94.46168518066406,15768000
2001-03-29,92.07454681396484,92.98392158510008,89.11907100251928,92.64290474504836,13590000
2001-03-30,93.21123504638672,96.96241875620834,93.0975593437545,93.0975593437545,19896000
2001-04-02,94.91633605957033,97.41711872275512,90.93780021058458,94.34796784856908,18894000
2001-04-03,99.00853729248048,99.3495540565108,96.05305173288026,96.16672745655896,21822000
2001-04-04,97.75814056396484,99.34955914901732,95.25735777089312,99.00854236750696,27294000
2001-04-05,99.57691192626952,100.59996239126544,98.89487828293892,100.03160449082576,18612000
2001-04-06,100.37258911132812,102.07767267263606,98.89484655585989,101.39563924811289,21858000
2001-04-09,94.57530212402344,98.09913443879212,94.57530212402344,98.09913443879212,11556000
2001-04-10,92.64289855957033,96.50775929111444,92.6428985595703,95.37103309783502,7410000
2001-04-11,97.64447021484376,98.55384478305572,94.57531933924686,94.91633610320208,8988000
2001-04-12,99.46320343017578,101.16828697701882,98.09913659270136,99.91789584500196,10998000
2001-04-13,102.30500030517578,102.41867599673802,101.16827461056178,101.73664266137015,27858000
2001-04-16,101.73666381835938,102.53236260375888,100.0315801253534,102.07768055696056,9924000
2001-04-17,103.44171905517578,103.4417190551758,100.48623452899795,101.62296014729728,16302000
2001-04-18,103.66911315917967,105.48787299939583,103.10075526217788,103.2144205973738,13320000
2001-04-19,106.2835693359375,109.12537956443026,105.6015357136598,105.71521145304182,27312000
2001-04-20,107.9886245727539,109.1253504421949,107.07925012140376,108.89800943110846,24564000
2001-04-23,115.49103546142578,117.08245435319704,109.12539111536556,109.693749058422,33006000
2001-04-24,117.87810516357422,117.87810516357422,109.69370417847736,112.08082113246395,39198000
2001-04-25,113.10385131835938,117.76441910689528,112.19447706042656,115.94566018402745,20604000
2001-04-26,113.10385131835938,117.76441910689528,112.19447706042656,115.94566018402745,20604000
2001-04-27,110.83043670654295,113.7859115497159,109.921062233337,113.67224624494308,9054000
2001-04-30,110.83043670654295,110.83043670654295,110.83043670654295,110.83043670654295,0
2001-05-01,112.19450378417967,112.99021295377828,110.9441125808145,110.9441125808145,9708000
2001-05-02,108.89801788330078,113.10388415336524,108.55700113670068,112.53552637803348,11706000
2001-05-03,108.89801788330078,108.89801788330078,108.89801788330078,108.89801788330078,0
2001-05-04,108.89801788330078,108.89801788330078,108.89801788330078,108.89801788330078,0
2001-05-07,110.14842987060548,110.83046349209528,107.98865326688534,110.0347541313548,99120
2001-05-08,106.62457275390624,110.4894329303484,106.62457275390624,110.14841616204484,89160
2001-05-09,110.60310363769533,111.96717064902556,107.98863492797544,111.17146142341446,87900
2001-05-10,109.80740356445312,112.53553781450164,109.125370001941,111.73982852256874,67860
2001-05-11,108.89801788330078,109.80739240523263,108.10230867223214,109.80739240523263,74640
2001-05-14,110.83043670654295,111.28512914664827,107.42026942326471,109.12535306490383,81900
2001-05-15,103.32806396484376,106.85190679898282,102.30501382657798,106.2835386730546,29268000
2001-05-16,101.28197479248048,104.01010879362472,100.59994129219442,103.78276776253117,17346000
2001-05-17,104.12378692626952,104.46480368431736,100.71361934579132,102.41870313603044,13710000
2001-05-18,102.19134521484376,103.44174685309429,101.16829500555052,101.5093117419816,6630000
2001-05-21,105.03317260742188,105.26051366787294,102.19136252025348,102.19136252025348,5010000
2001-05-22,107.8749771118164,108.67067598571928,105.7152007247812,106.73825105437588,13614000
2001-05-23,103.89641571044922,107.42025834199194,103.55539901730003,105.60149917619512,6120000
2001-05-24,103.44171905517578,105.14680227912372,102.87335104252509,104.0100766608244,4662000
2001-05-25,101.850341796875,103.44176037965848,101.7366764745378,102.53237535892328,4542000
2001-05-28,104.12378692626952,104.57846899899624,102.53236845070931,103.44175341017387,2022000
2001-05-29,103.78275299072266,105.7151774974818,103.55540158498356,104.9194683914027,7416000
2001-05-30,105.03317260742188,106.0562229899617,104.57848007951306,104.57848007951306,11172000
2001-05-31,104.5784683227539,106.62456885781,103.66909377617526,105.14683652049536,11598000
2001-06-01,100.9409408569336,104.57844877016426,100.82726515723768,104.35110777777597,6636000
2001-06-04,102.87338256835938,102.87338256835936,100.71361676082714,100.94095779135546,2598000
2001-06-05,100.71360778808594,102.87337340320109,98.8948484848798,101.73665794482606,6102000
2001-06-06,101.16827392578124,102.19132392190826,99.4631905989029,99.5768662896957,5196000
2001-06-07,105.26046752929688,105.71515985790144,99.46318456934743,100.03155258185367,8466000
2001-06-08,105.26046752929688,105.26046752929688,102.75968573947696,105.14680225239732,18186000
2001-06-11,102.87338256835938,105.2604998134252,101.50931557117887,105.2604998134252,12324000
2001-06-12,96.16670989990234,99.91789361940208,94.91631879573704,98.89484351408396,13128000
2001-06-13,92.07454681396484,93.21127308313994,90.59680370473804,90.93782054478976,20706000
2001-06-14,91.27880859375,92.41553450437988,90.82412655510188,92.0745177718914,12726000
2001-06-15,86.6182632446289,86.95928002905657,84.6858330650377,85.59521289134588,20964000
2001-06-18,86.04989624023438,87.18662227165028,84.91317541232142,85.48153842802937,9888000
2001-06-19,83.32177734375,86.50460457017556,81.84403947659062,86.39092882412214,10206000
2001-06-20,82.29869842529297,83.3217485654009,81.61666499855434,82.29869842529297,10878000
2001-06-21,81.0483169555664,83.43543423416722,79.2295574647735,83.43543423416722,13578000
2001-06-22,82.07135009765625,82.86705395670431,80.93462435215717,81.8440039078561,18942000
2001-06-25,83.32177734375,86.1635877390231,82.63974368144507,84.34482783720738,15444000
2001-06-26,85.82254791259766,86.16356465237817,83.66277175831938,84.11746421369507,13326000
2001-06-27,85.14051055908203,87.86863914969186,84.34480140013117,86.84559418040209,15132000
2001-06-28,83.89012145996094,84.79950120486792,82.75340068145425,84.0037919767608,11178000
2001-06-29,86.39090728759766,87.75497947565971,85.25418653496565,85.93622002724537,8340000
2001-07-02,81.6166763305664,82.98074337343662,80.2526092876962,82.98074337343662,9888000
2001-07-03,82.63973999023438,82.98075680615489,80.59363909471135,81.84403582092109,5442000
2001-07-04,79.22956848144531,82.63973649647887,77.86550127543188,82.29871969497552,7134000
2001-07-05,73.65962219238281,77.29713613391505,72.06820886730566,77.29713613391505,15000000
2001-07-06,73.65962219238281,74.45532625316991,68.31702440380468,69.11273366809473,26616000
2001-07-09,71.72721099853516,73.0912784356135,70.81783617615247,72.97760788369176,10548000
2001-07-10,75.59205627441406,75.81939733034397,72.63657571579608,73.31860929059229,9078000
2001-07-11,71.38617706298828,73.3186072044277,71.158836013527,73.3186072044277,10290000
2001-07-12,75.25102996826172,75.59204671252347,73.43227052986397,73.65961676053934,7578000
2001-07-13,76.50141143798828,78.77485784329096,75.59203703866874,77.5244615398492,15150000
2001-07-16,72.18190002441406,74.22800107830135,70.93150320142603,74.22800107830135,17838000
2001-07-17,72.52288055419922,74.11428821917282,71.04513817507899,71.04513817507899,7242000
2001-07-18,74.56900024414062,77.97916785891074,71.95453667164927,72.6365701946033,19446000
2001-07-19,73.88697052001953,75.36470816122886,73.31860748716835,74.00064104518853,10056000
2001-07-20,73.88697052001953,73.88697052001953,73.88697052001953,73.88697052001953,0
2001-07-23,74.00065612792969,75.0237066734771,71.95455503683485,75.0237066734771,8958000
2001-07-24,78.09284973144531,78.43386654249966,74.00064799879316,74.00064799879316,13962000
2001-07-25,82.86707305908203,84.68582738623446,79.11588868192194,79.22955920127434,27420000
2001-07-26,82.98075103759766,84.34481820645408,81.3893428096007,84.00380141423997,11808000
2001-07-27,78.77485656738281,81.38931963095962,77.97915267999066,80.70728624076582,7470000
2001-07-30,77.52448272705078,79.68425922357423,76.95612487302108,79.68425922357423,4668000
2001-07-31,80.02526092529297,80.7072943843054,77.7518143274174,77.7518143274174,9942000
2001-08-01,80.36629486083984,80.70731166335612,78.77488138126267,80.70731166335612,4182000
2001-08-02,84.79949188232422,86.39089975657953,81.1619785060938,81.27564901039715,13770000
2001-08-03,86.16356658935547,86.95927059889678,84.11746610467554,84.68582388141822,6798000
2001-08-06,87.4139633178711,88.55067887465133,85.02684087532262,86.16356683910811,5910000
2001-08-07,85.36787414550781,88.20967919795764,84.79951625712003,85.25420360853099,6840000
2001-08-08,84.91316223144531,86.39089959869666,84.45847501156078,85.70886616711879,4662000
2001-08-09,84.57215118408203,84.57215118408203,82.6397212639234,83.09441371778571,5286000
2001-08-10,83.4354019165039,84.57212225532797,82.41235205051204,83.4354019165039,5946000
2001-08-13,80.25260162353516,81.95768526428662,79.57056816723457,81.38932751970435,3636000
2001-08-14,85.14051055908203,85.14051055908203,80.47994692630647,81.38932659217792,5556000
2001-08-15,83.32177734375,85.93624145042016,82.07138576519357,85.93624145042016,2994000
2001-08-16,86.04989624023438,87.18662227165028,83.77645458440846,83.89012510614887,11748000
2001-08-17,85.7088623046875,86.61824190697793,84.3447955030028,86.39089570552984,7260000
2001-08-20,82.86707305908203,84.11746958596967,81.844022774402,82.29871005531442,7548000
2001-08-21,83.89012145996094,84.91317172166778,82.86707119825411,84.0037919767608,3240000
2001-08-22,86.73191833496094,86.73191833496094,83.0944100841423,83.0944100841423,3756000
2001-08-23,86.50457000732422,87.9823072840545,85.82253661752534,87.07292769648873,7584000
2001-08-24,86.39090728759766,87.52762804022967,85.02684030303821,85.36785704917807,3024000
2001-08-27,82.75337219238281,87.52759989991357,81.95766323821024,87.52759989991357,6528000
2001-08-28,79.00220489501953,81.3893218250496,77.6381380778595,80.70728841646958,8994000
2001-08-29,76.38774871826172,77.6381451490436,75.5920447369473,77.6381451490436,15090000
2001-08-30,72.52288055419922,74.11428821917282,71.84084721106726,73.88694724046314,13620000
2001-08-31,72.18190002441406,73.43229164389803,70.81783265515587,72.18190002441406,9654000
2001-09-03,70.02210235595703,73.77328650366013,69.90843184355778,73.3185992505606,6882000
2001-09-04,71.84085845947266,71.84085845947266,69.56741189190318,70.36311584897646,6828000
2001-09-05,69.11273193359375,71.38617353693046,69.11273193359375,71.38617353693046,3786000
2001-09-06,70.24944305419922,72.18187283388015,69.34006341608429,69.34006341608429,2388000
2001-09-07,69.45377349853516,71.38619903114999,68.99908085268075,71.38619903114999,4476000
2001-09-10,64.793212890625,68.43072833126705,64.22484963953887,68.31705255894677,8322000
2001-09-11,63.08810424804688,64.56584189232892,62.63341694292235,64.56584189232892,5970000
2001-09-12,57.51815032958984,61.2693339336174,57.4044746301636,58.3138542080648,4956000
2001-09-13,61.49667739868164,62.97441992263928,57.4044769388026,58.20018605278039,9288000
2001-09-14,64.3385009765625,64.3385009765625,61.0420036978569,61.26934995264792,11850000
2001-09-17,58.54120635986328,60.359960497218445,57.63182668943456,57.63182668943456,3558000
2001-09-18,61.49667739868164,64.11114053810502,59.56425287274007,60.13261057872196,4278000
2001-09-19,64.22482299804688,65.70256579717825,61.95138134377281,62.06505186543563,5724000
2001-09-20,65.13420104980469,66.27092184671396,64.33849701231848,65.36154729058767,11640000
2001-09-21,62.17872619628906,65.81624035087293,61.7240388782798,64.11115640395913,10680000
2001-09-24,62.17872619628906,62.17872619628906,62.17872619628906,62.17872619628906,0
2001-09-25,63.60878753662109,67.38412934654131,63.60878753662109,66.24008811950925,5886000
2001-09-26,63.60878753662109,65.21044944407647,61.89272307756645,62.46474630958904,3534000
2001-09-27,64.40962219238281,65.66806599218424,62.46474736039896,62.46474736039896,4056000
2001-09-28,64.40962219238281,64.40962219238281,64.40962219238281,64.40962219238281,0
2001-10-01,67.26970672607422,67.26970672607422,62.92234298109958,64.06638910383644,3942000
2001-10-02,66.01126861572266,67.9561431450047,65.32484292738927,67.26971745667132,4818000
2001-10-03,65.09603118896484,66.46888242502729,65.09603118896484,66.35447466401418,4626000
2001-10-04,67.49851989746094,67.72732494222751,66.35447372558093,67.38411213806586,5298000
2001-10-05,66.12567138671875,67.26971236840185,66.01126362264203,67.26971236840185,11160000
2001-10-08,66.12567138671875,66.12567138671875,66.12567138671875,66.12567138671875,0
2001-10-09,64.0663833618164,65.66803941087933,63.72317060315848,65.66803941087933,8076000
2001-10-10,62.922359466552734,64.52402131580759,62.350341492329015,63.03676725100782,4236000
2001-10-11,64.63842010498047,65.55365614234198,62.92235580806052,65.210443282958,6024000
2001-10-12,67.6129150390625,68.0705303156531,65.21042567219226,66.926489505671,19140000
2001-10-15,68.98577117919922,69.10017369750746,66.46887911733678,67.84173028508204,5832000
2001-10-16,70.47303009033203,71.27386348890066,68.52816094983561,68.98577629400913,7224000
2001-10-17,70.81624603271484,71.73148199846165,68.7569690375437,69.90101530398026,4584000
2001-10-18,70.3586196899414,73.33313218673135,69.78659664597873,70.70183246891673,6918000
2001-10-19,71.73148345947266,73.79076049658671,70.35863210139662,71.50267315412255,7494000
2001-10-22,71.0450668334961,73.10434413301772,71.0450668334961,71.15946938224297,2676000
2001-10-23,70.12982177734375,74.36278362162417,68.98578072492293,74.36278362162417,18198000
2001-10-24,67.26970672607422,69.44338598005575,66.69768366470579,67.84172978744265,18432000
2001-10-25,67.84172821044922,69.21457933621203,66.92649238093686,67.26970516237758,15828000
2001-10-26,66.3544692993164,68.87136651994996,65.55364122203014,68.87136651994996,6780000
2001-10-29,63.49436950683594,66.12566944828534,63.15115669869088,66.01126168756242,8202000
2001-10-30,62.007118225097656,62.92234892533455,61.54949763796716,62.3503310469395,8682000
2001-10-31,62.007118225097656,62.007118225097656,61.09188228784871,61.09188228784871,9114000
2001-11-01,62.007118225097656,63.03675669062319,61.892710459809,63.03675669062319,5688000
2001-11-02,61.09186935424805,63.03674334527832,60.86305910912362,62.92233560421063,4536000
2001-11-05,58.9182014465332,61.77830648245783,58.803793683928106,61.77830648245783,7332000
2001-11-06,59.49021530151367,59.94783584706384,58.918197475093336,59.94783584706384,7764000
2001-11-07,58.460594177246094,59.94785353355476,58.346191625612015,59.60464064163939,5238000
2001-11-08,56.6301155090332,58.91820272981634,56.1725001596814,58.91820272981634,8958000
2001-11-09,56.6301155090332,56.6301155090332,56.6301155090332,56.6301155090332,0
2001-11-12,55.94369125366211,56.97332974299331,55.9436912536621,56.05809378458374,6132000
2001-11-13,58.9182014465332,59.14700649771954,56.63011427558634,57.08772961497094,16392000
2001-11-14,60.634273529052734,62.57914290623456,60.29106066990152,60.519865751327245,17868000
2001-11-15,65.09603118896484,65.5536465219817,61.77830562280998,62.12151843182559,17772000
2001-11-16,65.21045684814453,66.58330857126336,64.06641549121674,64.63843355117378,13512000
2001-11-19,66.01126861572266,66.12567638845314,64.06639932345301,64.06639932345301,5346000
2001-11-20,64.75281524658203,66.35447145314338,63.95198190628976,65.78245362380501,5922000
2001-11-21,63.265533447265625,64.06636649800967,62.69351582474525,63.49434363847959,7620000
2001-11-22,64.75281524658203,64.86721776504739,63.03675128454374,63.83757938782441,2724000
2001-11-23,64.75281524658203,64.75281524658203,64.75281524658203,64.75281524658203,0
2001-11-26,66.69769287109375,67.04090570788671,64.06639794702261,64.75282362060852,4704000
2001-11-27,66.3544692993164,68.07053320565227,65.21042844076297,66.69768208058358,5580000
2001-11-28,62.80792617797852,64.9816049375572,62.80792617797852,64.06637453195057,4206000
2001-11-29,63.83760070800781,63.83760070800781,61.2063000084224,62.2359387295193,4332000
2001-11-30,64.29519653320312,64.9816221376039,63.379965885343246,63.83758120927318,3198000
2001-12-03,61.09186935424805,64.8672095952409,60.86305910912362,64.40959434200299,3294000
2001-12-04,59.37582015991211,61.206286858477576,59.37582015991211,61.206286858477576,4266000
2001-12-05,62.350341796875,63.2655726549085,61.20629536881369,62.80795722589176,4458000
2001-12-06,63.72316360473633,67.26969330903214,63.72316360473632,66.92648058806769,10122000
2001-12-07,62.69353103637695,66.12565855229155,61.778295286462736,63.49435904442004,5958000
2001-12-10,59.833438873291016,63.03676232128839,59.833438873291016,61.54950313578514,2886000
2001-12-11,59.37582015991211,60.97748179428954,59.37582015991211,60.062245826500686,2784000
2001-12-12,59.94782638549805,60.63425185847318,59.26140091252292,59.49020591217413,6252000
2001-12-13,56.515716552734375,60.17665005294347,56.515716552734375,60.0622475176283,8442000
2001-12-14,57.43094253540039,58.23177592707534,56.40130409211426,57.08772972097168,26436000
2001-12-17,56.97332000732422,60.63425797836488,56.74450974756815,58.574981351594126,9726000
2001-12-18,54.342018127441406,57.20212792789326,53.884402863653975,56.63010492040068,7656000
2001-12-19,54.4564323425293,54.79964514040866,52.39715555525312,53.8844092670598,7896000
2001-12-20,56.28690719604492,57.20214320506607,54.456440415015095,54.91405580101944,6708000
2001-12-21,56.6301155090332,57.43094367965188,56.05809239458441,56.85892580221513,5274000
2001-12-24,56.6301155090332,56.6301155090332,56.6301155090332,56.6301155090332,0
2001-12-25,53.08359146118164,56.63012264909012,52.51156827461084,56.63012264909012,11196000
2001-12-26,53.77000045776367,54.45642597323721,52.969167198370506,53.08357494229014,3942000
2001-12-27,54.79964828491211,55.028453338619805,53.541199541471805,54.34202770347273,5214000
2001-12-28,56.28690719604492,56.515717507553326,54.34203264075467,55.37167118702378,2334000
2001-12-31,56.28690719604492,56.28690719604492,56.28690719604492,56.28690719604492,0
2002-01-01,56.28690719604492,56.28690719604492,56.28690719604492,56.28690719604492,0
2002-01-02,56.28690719604492,56.28690719604492,56.28690719604492,56.28690719604492,0
2002-01-03,56.28690719604492,56.28690719604492,56.28690719604492,56.28690719604492,0
2002-01-04,57.7741584777832,57.7741584777832,56.40130714574074,57.08773281176197,4056000
2002-01-07,58.80379867553711,59.14701151846245,57.31654476853144,57.7741601467611,4008000
2002-01-08,57.54534912109375,58.80379259024886,57.54534912109375,57.88856192850184,4554000
2002-01-09,57.659759521484375,58.80380062346202,57.54535698239037,57.659759521484375,6456000
2002-01-10,57.8885612487793,58.34617657427953,56.85892283864496,58.11736629302353,8382000
2002-01-11,57.20212936401367,59.14699821169655,57.08772161743619,58.91819319256397,14142000
2002-01-14,57.20212936401367,57.20212936401367,57.20212936401367,57.20212936401367,0
2002-01-15,55.48606872558594,57.20213265279981,55.48606872558594,57.08772489964456,7302000
2002-01-16,56.40129470825195,57.545340724013,55.02844367894755,55.02844367894755,5598000
2002-01-17,54.342018127441406,56.973317677494016,54.342018127441406,56.973317677494016,5940000
2002-01-18,56.6301155090332,56.74451803711815,54.79964887461392,54.91405140269887,9726000
2002-01-21,55.714874267578125,56.744512633326046,55.25725896180512,56.17249481036267,7146000
2002-01-22,55.94369125366211,56.286904083439175,55.14286306318634,55.25726559410797,6504000
2002-01-23,59.49021530151367,59.49021530151367,57.65974883034776,57.77415134822952,18456000
2002-01-24,62.235939025878906,63.60879066054545,61.54951320854564,61.66392100277677,26958000
2002-01-25,61.7783203125,63.83759765625,61.54950997307896,62.922361535578965,31572000
2002-01-28,58.23177337646485,61.320688571025634,57.8885605770692,60.748665493028994,13278000
2002-01-29,59.604618072509766,60.40544610474318,58.0029567710318,58.346169532990565,8706000
2002-01-30,56.97332000732422,57.65974554958114,56.286894465067306,57.31653277845268,9642000
2002-01-31,56.97332000732422,56.97332000732422,56.97332000732422,56.97332000732422,0
2002-02-01,55.600467681884766,56.97331873575847,54.91404215494792,56.40129571764071,11622000
2002-02-04,54.68526840209961,55.60050479459578,54.11325023917732,55.25729180203655,5742000
2002-02-05,53.54119110107422,54.68523190029858,53.31238084642489,53.54119110107422,6126000
2002-02-06,52.6259651184082,55.25726520728286,52.6259651184082,53.54120107041072,4590000
2002-02-07,53.54119110107422,54.22761662801107,52.854765574137375,53.1979783376058,7278000
2002-02-08,55.48606872558594,55.60047124172969,53.31238425977402,53.77000479837206,13314000
2002-02-11,55.48606872558594,55.48606872558594,55.48606872558594,55.48606872558594,0
2002-02-12,56.97332000732422,57.31653277845268,55.48606641143799,56.05808420531124,6864000
2002-02-13,56.05809020996094,56.74451582574418,55.71487740206931,56.05809020996094,5130000
2002-02-14,55.37165832519531,56.97331965969242,55.37165832519531,56.058083863263896,5478000
2002-02-15,54.22762298583984,55.60047420067124,54.113220463607824,55.37166391919541,7338000
2002-02-18,55.37165832519531,55.48606607288091,53.083576689640864,53.77000222770945,8460000
2002-02-19,51.25311279296875,53.65560253696748,51.25311279296876,53.65560253696748,10650000
2002-02-20,50.90988540649414,51.36750586100002,50.56667268412,50.90988540649414,7668000
2002-02-21,52.397159576416016,52.397159576416016,51.25311333767844,51.36752110375944,7680000
2002-02-22,51.138710021972656,51.138710021972656,50.109071565154416,50.90989973034237,9570000
2002-02-25,47.93538665771485,50.79549141037638,47.706576392177816,50.56668114483934,13140000
2002-02-26,47.70657730102539,49.07942844637864,47.47776703112935,48.96502592993637,11304000
2002-02-27,49.651458740234375,49.651458740234375,48.04979709151318,48.04979709151318,17112000
2002-02-28,50.90988540649414,51.48190835612122,49.07941929950223,49.19382179462343,18150000
2002-03-01,50.90988540649414,50.90988540649414,49.76584474425052,50.4522701889988,12234000
2002-03-04,55.600467681884766,55.600467681884766,51.48191452026367,51.48191452026367,24504000
2002-03-05,54.4564323425293,57.08772696826328,53.77000674677057,57.08772696826328,18942000
2002-03-06,53.77000045776367,55.37165650252786,53.31237995610727,54.227615722409006,7500000
2002-03-07,58.80379867553711,58.80379867553711,54.91405486805407,55.37167024628373,24534000
2002-03-08,64.0663833618164,66.5832751796375,61.43508379976861,62.92233734161593,66102000
2002-03-11,64.29519653320312,68.07053735740745,63.49436840707279,68.07053735740745,21516000
2002-03-12,61.892696380615234,63.95197284322733,61.77829387836263,63.49435759720603,14412000
2002-03-13,58.57500457763672,61.66392074260365,58.11738387666975,60.74868457768307,12828000
2002-03-14,59.147003173828125,59.6046237245077,56.40130081779724,57.77415199581269,13992000
2002-03-15,59.604618072509766,60.2910435964273,58.11735927934768,60.2910435964273,6852000
2002-03-18,58.57500457763672,60.74868457768307,58.00298131993468,60.74868457768307,6804000
2002-03-19,57.8885612487793,58.57498685553553,57.31653816414519,58.460579096401645,11850000
2002-03-20,58.80379867553711,59.83343720431312,58.34618329730745,59.261419290779145,13056000
2002-03-21,58.80379867553711,58.80379867553711,58.80379867553711,58.80379867553711,0
2002-03-22,59.94782638549805,60.74865435829878,58.23176270306023,58.6893779393734,10560000
2002-03-25,58.68938446044922,59.9478330464022,57.77414864911874,59.490212522231296,8316000
2002-03-26,59.89887237548828,61.28115408625329,58.97735475030245,59.09254313520411,8040000
2002-03-27,59.55331802368164,60.24445906563148,58.74698856573607,59.898888544656565,3540000
2002-03-28,57.59507751464844,59.668500241899935,57.36469545395826,59.55330657506152,9900000
2002-03-29,56.212799072265625,58.7469808000977,56.212799072265625,58.7469808000977,5232000
2002-04-01,55.06092834472656,57.36473470918455,54.83055139937396,57.01916401816536,4800000
2002-04-02,58.05585479736328,59.322948624016135,55.1761018527759,55.40647871363035,8550000
2002-04-03,58.51660919189453,59.09256184472999,56.32799754790052,56.90395020073596,5640000
2002-04-04,60.24446487426758,60.590035428561634,58.74699422998941,59.20775321138541,6840000
2002-04-05,58.74697494506836,60.129256708481726,58.74697494506835,59.553304216064,7518000
2002-04-08,58.40141296386719,59.43812443659856,57.595083576071865,59.43812443659856,5256000
2002-04-09,56.67356872558594,59.20775093532752,56.21280976190237,58.97737408997973,10338000
2002-04-10,58.97738265991211,58.97738265991212,56.44319480894276,56.44319480894276,13890000
2002-04-11,57.47989273071289,59.09255685879073,56.55837489151483,58.74698635084459,13422000
2002-04-12,54.83051681518555,56.44317550743512,53.44823492297908,56.32798710741357,23934000
2002-04-15,56.32799911499024,56.32799911499024,54.48495795682503,55.40647589941359,5718000
2002-04-16,57.249507904052734,57.59507836368889,55.98241446105789,56.32798492069406,5160000
2002-04-17,60.93558883666992,61.28115929372663,59.32293021906312,60.12925952786652,24504000
2002-04-18,60.82039642333984,61.28115524464242,60.1292555548928,60.474825989116326,10926000
2002-04-19,61.0507926940918,61.0507926940918,59.43812853433491,59.66851063515377,9474000
2002-04-22,63.3546028137207,64.27612609242182,62.087514237618656,62.20270267008563,16800000
2002-04-23,64.39128112792969,65.08242191024372,61.97228838983054,62.89381119057783,13836000
2002-04-24,64.04576110839844,64.96728463391872,62.54828999329408,63.81538418176075,10236000
2002-04-25,65.31280517578125,65.54318719861348,64.62166438027033,65.082423152949,11664000
2002-04-26,63.3546028137207,65.08245566566752,62.548273240475,64.50650823034421,9414000
2002-04-29,63.3546028137207,63.3546028137207,63.3546028137207,63.3546028137207,0
2002-04-30,63.3546028137207,63.81536708956548,62.43308480800802,63.23941438125373,5514000
2002-05-01,63.0090217590332,63.58497437151013,62.778644932432485,63.354592271921845,5148000
2002-05-02,64.73686981201172,64.85206349027187,63.00901736798127,63.35458785678736,7524000
2002-05-03,64.73686981201172,64.73686981201172,64.73686981201172,64.73686981201172,0
2002-05-06,64.73686981201172,64.73686981201172,64.73686981201172,64.73686981201172,0
2002-05-07,63.2393913269043,63.70015016178788,62.54825043808568,63.35457971737856,4626000
2002-05-08,63.3546028137207,63.930555522032456,62.087514237618656,62.087514237618656,7206000
2002-05-09,64.04576110839844,65.65842595981147,63.70019044545206,65.65842595981147,7716000
2002-05-10,62.89384460449219,63.93055632874206,62.20270345499227,62.89384460449219,5574000
2002-05-13,61.626731872558594,63.35458421733114,61.165973004948206,62.20268441181174,3780000
2002-05-14,59.55331802368164,61.396364317539664,59.20774750270672,60.820411691585576,10266000
2002-05-15,61.85711669921875,62.20268718357193,59.89888219688837,59.89888219688837,10596000
2002-05-16,62.66345977783203,63.009030337770426,61.972318657955256,61.972318657955256,4440000
2002-05-17,62.89384460449219,63.70017418791258,62.89384460449219,62.89384460449219,4470000
2002-05-20,61.626731872558594,62.54825488076625,61.28116140360408,62.20268441181174,9522000
2002-05-21,60.82039642333984,61.626725678865945,60.474825989116326,61.16596685756337,8400000
2002-05-22,64.1609115600586,64.96724080529914,60.35963683208896,60.474825217698665,13416000
2002-05-23,64.62167358398438,65.08243242228643,63.469773851735965,64.39129152834006,8430000
2002-05-24,63.46979141235352,64.50650304010708,61.7419386994309,64.50650304010708,5646000
2002-05-27,63.70013427734375,64.50646862855336,63.23937555735626,63.35456391910683,4854000
2002-05-28,63.0090217590332,63.93054488439877,62.89383334573285,63.93054488439877,3840000
2002-05-29,62.43307113647461,63.00901844567755,61.8571185542844,61.97230696152753,4110000
2002-05-30,61.396366119384766,62.89383666322757,61.05079558826813,62.89383666322757,4068000
2002-05-31,60.82039642333984,62.20267816023393,60.82039642333984,61.39634890470784,5448000
2002-06-03,61.165992736816406,61.281181172631534,60.47485157594842,60.47485157594842,4374000
2002-06-04,60.35963821411133,61.741919965022376,60.12925616463068,61.05077908956685,8010000
2002-06-05,60.70521926879883,60.935596085584514,59.66850777430125,60.359648770632965,14046000
2002-06-06,61.0507926940918,61.16598110800744,59.0925580196004,60.59002849245406,14124000
2002-06-07,58.40141296386719,58.74698345477764,57.36470149113582,58.631795048803234,10290000
2002-06-10,57.59507751464844,58.74697727212593,57.36469545395826,58.74697727212593,4776000
2002-06-11,58.63179397583008,58.74698237969652,57.82545932980361,58.51660029897651,7074000
2002-06-12,56.67356872558594,57.47989823027917,56.55838030291204,57.47989823027917,9882000
2002-06-13,55.98241424560547,57.2495076837238,55.867225850498976,56.90393722541759,9216000
2002-06-14,54.36975860595703,55.06089962752847,54.25457019335764,54.94571121492907,21372000
2002-06-17,52.64189910888672,54.60013350272259,52.64189910888672,54.60013350272259,7434000
2002-06-18,53.563419342041016,54.25456023677703,53.3330372861335,53.79380139794854,6924000
2002-06-19,49.6469612121582,52.18114299973692,49.6469612121582,52.18114299973692,26652000
2002-06-20,50.91405487060547,51.374819079399074,48.37987281419134,49.64696647889224,20472000
2002-06-21,51.83556365966797,51.95075204347183,50.68366400267075,50.79885238647461,11394000
2002-06-24,49.87733459472656,50.798857578299,49.0710052797174,50.68366918272248,20826000
2002-06-25,50.5684814453125,51.25962244580874,50.10772253597746,50.68367512738679,11052000
2002-06-26,48.725433349609375,50.10771514676141,48.6102449575089,50.10771514676141,8742000
2002-06-27,48.84062957763672,49.30139376593621,48.14948856817494,48.37987066232468,18186000
2002-06-28,50.33811569213867,51.0292568445571,48.95583338730181,49.30140396351102,14490000
2002-07-01,50.45329666137695,51.1444377115328,50.33810824401356,50.91405560381827,11742000
2002-07-02,50.91405487060547,51.49000749510363,49.5317727902,50.5684843505041,14052000
2002-07-03,51.95077133178711,52.411535584047805,50.22291856827991,50.22291856827991,17370000
2002-07-04,51.14442825317383,52.065951240623,50.79885779200374,51.95075757157512,6966000
2002-07-05,51.95077133178711,52.75710613674924,51.02925337324204,51.02925337324204,7854000
2002-07-08,51.60519409179688,53.21785821975498,51.25962358387639,53.10266980811065,6606000
2002-07-09,52.4115104675293,52.75708085462732,50.91403527478075,51.14441729050798,5388000
2002-07-10,50.91405487060547,52.98747799121367,50.7988664549009,51.835578015205,6798000
2002-07-11,48.725433349609375,50.222903538861885,48.37986290032136,50.222903538861885,10014000
2002-07-12,50.5684814453125,50.7988635364737,49.18619944432002,49.53176994456814,18174000
2002-07-15,49.762168884277344,51.14445135328505,49.30140981893783,51.14445135328505,11430000
2002-07-16,48.725433349609375,50.56847398814989,48.49505129242184,49.18619219099786,6918000
2002-07-17,47.91910934448242,48.84062712890418,47.343156774478445,48.725438724098254,8058000
2002-07-18,48.725433349609375,48.725433349609375,47.57353360964487,48.14948084313382,12102000
2002-07-19,47.45833969116211,48.1494805860479,47.34315129967667,48.1494805860479,5640000
2002-07-22,46.88240051269531,47.573541526283016,46.1912594991076,46.3064479103764,5088000
2002-07-23,46.191253662109375,46.53682412523492,45.73048952928412,46.306442058822284,13332000
2002-07-24,44.34820938110352,45.61530288558773,43.541880027151926,45.38492081032142,13734000
2002-07-25,44.23301696777344,45.50011035732496,44.00263491340411,45.50011035732496,11568000
2002-07-26,42.2747802734375,44.11782342065435,42.04440086872031,43.77225299533201,12018000
2002-07-29,42.15959548950195,43.54187730882989,41.00769309456423,43.42668627838811,13170000
2002-07-30,45.03935623168945,45.15454992090039,43.19631520717904,43.42669467611938,14226000
2002-07-31,45.50011444091797,46.42163219512759,44.80897348876725,46.19125539306869,21432000
2002-08-01,43.311500549316406,44.92416462691955,42.620359555056105,44.578594129789394,10284000
2002-08-02,42.505165100097656,43.31149438769477,41.92921259582168,42.159594652129385,4764000
2002-08-05,41.81402969360352,43.08112062366938,41.46845920026794,42.96592958039298,4680000
2002-08-06,41.81402969360352,41.81402969360352,40.89250662037958,41.46845920026794,4560000
2002-08-07,43.657073974609375,43.88745607914408,42.27479189337649,42.96593293399293,5472000
2002-08-08,42.73555755615234,43.7722692163002,42.38998700276972,43.1963191728272,3672000
2002-08-09,44.34820938110352,44.34820938110352,42.50516859793402,42.62035699907368,8658000
2002-08-12,42.96592712402344,44.11782958145207,42.7355476871351,44.11782958145207,4158000
2002-08-13,42.2747802734375,42.62035069875984,41.46845103868078,42.15959188932546,6060000
2002-08-14,41.81402969360352,42.62035908705741,41.58364760705072,42.38997963699825,3732000
2002-08-15,42.38996505737305,43.19629680999044,41.92920367923558,42.96591480267534,2796000
2002-08-16,42.15959548950195,42.965924793114354,41.9292134286184,42.965924793114354,2208000
2002-08-19,41.0077018737793,41.92922240511902,40.43175187125371,41.92922240511902,5958000
2002-08-20,40.89250946044922,41.92922101245769,40.316559477053566,40.66212999438972,5292000
2002-08-21,40.08617782592773,40.8925072314305,39.970986780930055,40.31655727942943,5850000
2002-08-22,42.15959548950195,42.38997491389216,40.08617276051005,40.54693160929048,5988000
2002-08-23,42.15959548950195,42.15959548950195,42.15959548950195,42.15959548950195,0
2002-08-26,45.15454864501953,46.19126018069865,43.1963139866298,43.1963139866298,13284000
2002-08-27,43.54188537597656,45.6153084891183,43.54188537597656,45.26973797026135,6246000
2002-08-28,43.19630813598633,43.88744906616211,42.620355603177565,43.19630813598633,3894000
2002-08-29,41.583641052246094,42.50516398021092,41.23807061338259,42.2747819299731,4776000
2002-08-30,42.2747802734375,42.73554171936499,40.31654874210861,42.5051623146478,5862000
2002-09-02,41.23807144165039,42.62035322486757,40.5469305500418,42.62035322486757,6960000
2002-09-03,38.35831832885742,39.04945919964764,37.89755686949954,38.35831832885742,17226000
2002-09-04,36.97603988647461,38.358321751389546,36.63046942024587,38.01275128516081,10794000
2002-09-05,37.55199432373047,38.47351479956331,37.20642381573143,37.55199432373047,10356000
2002-09-06,37.436805725097656,37.436805725097656,36.63047624467005,37.2064262501889,5796000
2002-09-09,37.8975715637207,38.47352163386425,37.43680992570933,37.43680992570933,7656000
2002-09-10,36.97603988647461,38.01275128516081,36.74565781799317,37.43679875045064,7086000
2002-09-11,35.82415008544922,36.51529126160897,35.24819998414754,36.4001001867509,21678000
2002-09-12,36.86084747314453,36.97603850307557,35.708945083314184,36.05451553661396,19536000
2002-09-13,36.16971206665039,37.206423584196045,35.47857105495329,37.206423584196045,25710000
2002-09-16,36.16971206665039,36.16971206665039,36.16971206665039,36.16971206665039,0
2002-09-17,36.16971206665039,36.63047361994637,35.59376210240072,35.59376210240072,10290000
2002-09-18,35.70894241333008,36.16970386210941,34.90261317358266,35.82413343464819,10032000
2002-09-19,35.82415008544922,37.206432437768726,35.70895901059114,36.86086184968885,10998000
2002-09-20,34.902626037597656,35.70895557453289,34.902626037597656,35.24819659242535,6336000
2002-09-23,34.902626037597656,34.902626037597656,34.902626037597656,34.902626037597656,0
2002-09-24,33.174766540527344,33.98109591405834,32.48362557093303,33.63552542926118,13290000
2002-09-25,30.98614883422852,32.13805118938152,29.83424647907552,31.216528250661817,33486000
2002-09-26,32.71400833129883,32.71400833129883,31.907676239541807,32.13805834375457,22560000
2002-09-27,32.94438934326172,33.52034199429716,32.48363038622612,32.8292009222498,9486000
2002-09-30,32.82920455932617,32.82920455932617,32.138063410708774,32.71401348905852,7494000
2002-10-01,32.59881591796875,32.82919801256149,32.253245412573364,32.368436459869734,9564000
2002-10-02,31.21653175354004,33.0595752012983,30.98615231125533,32.94438416190918,9966000
2002-10-03,29.94943618774414,31.216526877114354,29.94943618774414,30.986147470817897,7704000
2002-10-04,29.14310646057129,30.1798178201132,28.79753600739065,29.83424736693256,13170000
2002-10-07,26.608930587768555,29.02792427756569,26.49373953323263,29.02792427756569,14412000
2002-10-08,27.18487930297852,27.76082927545679,26.8393087921928,27.41525876467108,13038000
2002-10-09,26.032974243164062,27.64563823096609,25.80259480340385,27.300067753079016,16308000
2002-10-10,27.06968307495117,27.184874102006148,24.305119517577896,25.80259232331951,16758000
2002-10-11,25.917781829833984,27.991204376220704,25.917781829833984,27.18487250712817,10620000
2002-10-14,25.917781829833984,25.917781829833984,25.917781829833984,25.917781829833984,0
2002-10-15,26.954496383666992,27.64563731658153,26.263355450752453,26.493734882892824,16560000
2002-10-16,28.22159194946289,28.79754194467842,27.760830371394142,28.10640089582224,21222000
2002-10-17,27.99120712280273,28.79753643452164,27.76082505960301,27.876016091202874,9894000
2002-10-18,28.567157745361328,28.91272821258946,28.221587278133192,28.79753717801561,12876000
2002-10-21,27.760818481445312,28.567150238590543,27.760818481445312,28.45195923428616,5520000
2002-10-22,25.80259704589844,28.22159060134185,25.68740599776036,28.22159060134185,10602000
2002-10-23,25.917781829833984,26.148161233934808,23.729168263150303,23.729168263150303,12672000
2002-10-24,24.30512428283692,25.687406332533563,24.18993586969138,25.3418358201094,9678000
2002-10-25,24.650697708129883,25.34183881464743,24.30512715487111,24.88107983463179,8532000
2002-10-28,24.074745178222656,25.22664778227182,23.959554126869595,25.22664778227182,8736000
2002-10-29,24.42031478881836,24.88107634062412,23.9595532370126,23.9595532370126,6918000
2002-10-30,24.535505294799805,24.76588474737516,24.189934797689947,24.30512320573079,8118000
2002-10-31,26.608930587768555,27.069689532924464,24.420316370549365,24.53550742508529,26574000
2002-11-01,29.37348747253418,29.94943732845867,27.876014683338614,28.22158512419196,71688000
2002-11-04,29.37348747253418,29.373487472534176,29.373487472534176,29.373487472534176,0
2002-11-05,32.36843490600586,32.598814353045384,31.56210288662712,31.67729392839368,75360000
2002-11-06,32.02288055419922,32.71402188009197,31.67730989125284,32.25326011733183,30120000
2002-11-07,32.94438934326172,34.55705360236821,32.71400986474392,33.17477145827348,81366000
2002-11-08,32.82920455932617,32.94439299309957,31.79249283640008,32.48363398501748,36858000
2002-11-11,29.94943618774414,32.022858753891654,29.719056781447684,31.90766773249685,36390000
2002-11-12,29.14310646057129,29.71905897353456,28.106395101029385,28.221586130920706,44880000
2002-11-13,26.954496383666992,29.14310758023408,26.608925917209724,28.79753711377681,32952000
2002-11-14,26.148162841796875,27.99120609741232,26.032971814416765,27.415253597005027,18984000
2002-11-15,26.7241153717041,26.83930641057565,25.341833451219628,26.7241153717041,18012000
2002-11-18,26.148162841796875,28.451964933946225,25.6874013687697,26.724112705710898,18216000
2002-11-19,25.68741226196289,26.032982854155165,24.42032096942268,25.68741226196289,12954000
2002-11-20,27.30006980895996,27.760828723178665,25.687405699713352,25.687405699713352,13782000
2002-11-21,30.1798152923584,30.1798152923584,27.991204363186924,28.797533595410897,22422000
2002-11-22,32.94438934326172,33.52034199429716,31.216536663143312,32.8292009222498,58068000
2002-11-25,33.865901947021484,34.09628135354433,31.33171792929768,32.48362023489816,23004000
2002-11-26,32.71400833129883,33.865910942881165,32.483628863579895,33.52034042305585,14706000
2002-11-27,32.94438934326172,33.17477145827348,31.792489314178752,31.90767773519068,17022000
2002-11-28,38.01276016235352,38.243139648142495,34.32667257076563,34.44186363190714,46566000
2002-11-29,37.09122848510742,38.12793988940844,36.40008754890675,37.43679895320776,30564000
2002-12-02,37.09122848510742,37.09122848510742,37.09122848510742,37.09122848510742,0
2002-12-03,36.97603988647461,39.27984211583503,35.9393284877884,35.9393284877884,38970000
2002-12-04,35.248191833496094,36.16971230978893,34.78743027710281,35.824141801617394,11052000
2002-12-05,34.78744125366211,35.939344189860975,34.21149110380996,35.01782078630405,12936000
2002-12-06,33.98109817504883,34.557050779028465,33.750718715353216,34.557050779028465,11958000
2002-12-09,35.70894241333008,35.93932445596631,33.750710869880905,34.211472318660235,8340000
2002-12-10,33.635536193847656,34.90263013461545,33.289965598455424,34.32667738463212,17394000
2002-12-11,31.101348876953125,34.326672188011514,30.640587274018777,34.211483764648435,17868000
2002-12-12,31.21653175354004,32.13805479566594,30.75577286897063,31.21653175354004,11868000
2002-12-13,29.834247589111328,31.44691147362618,29.4886771333572,31.216529412127866,21150000
2002-12-16,27.760818481445312,29.143099987126995,27.760818481445312,28.797529610706576,18966000
2002-12-17,28.79753494262696,29.60386684906612,28.451964502223483,29.25829640866265,10806000
2002-12-18,28.33678436279297,28.68235490380264,27.876022762615406,27.876022762615406,9504000
2002-12-19,28.79753494262696,28.79753494262695,27.415253181013075,27.415253181013075,19482000
2002-12-20,29.14310646057129,29.373488520353927,28.336777160812023,28.336777160812023,19248000
2002-12-23,29.14310646057129,29.14310646057129,29.14310646057129,29.14310646057129,0
2002-12-24,30.98614883422852,31.10133986069179,29.25829661974564,29.94943750553879,11532000
2002-12-25,31.101348876953125,31.33172836017329,30.41020779079861,30.98615781709604,12804000
2002-12-26,33.28995132446289,33.28995132446289,31.33171966905133,31.33171966905133,17328000
2002-12-27,33.52033996582031,34.096289945508296,32.94438734963853,33.52033996582031,22236000
2002-12-30,32.4836311340332,33.174772221991354,31.907678469738727,32.94439010167596,11202000
2002-12-31,32.4836311340332,32.4836311340332,32.4836311340332,32.4836311340332,0
2003-01-01,32.4836311340332,32.4836311340332,32.4836311340332,32.4836311340332,0
2003-01-02,32.4836311340332,32.4836311340332,32.4836311340332,32.4836311340332,0
2003-01-03,32.4836311340332,32.4836311340332,32.4836311340332,32.4836311340332,0
2003-01-06,33.635536193847656,33.98110678923989,33.52034775304652,33.635536193847656,7572000
2003-01-07,35.70894241333008,36.4000832682525,34.90261317358266,35.36337198586886,57918000
2003-01-08,36.86084747314453,37.2064179264443,35.36337463001441,35.93932714317625,74016000
2003-01-09,35.5937614440918,36.2849024430062,35.5937614440918,36.05452035237228,25728000
2003-01-10,37.32161712646485,37.436805545118496,35.70895290037475,36.5152850134198,40584000
2003-01-13,37.32161712646485,37.32161712646485,37.32161712646485,37.32161712646485,0
2003-01-14,38.93427276611328,39.6254137183904,36.97604094682594,37.43679982401502,58806000
2003-01-15,37.78236389160156,39.85578639674408,37.091223056554064,39.51021597922033,85806000
2003-01-16,39.049461364746094,39.164649758602295,37.09122703127065,37.20641806162018,31272000
2003-01-17,40.777320861816406,41.58365030763612,39.16465669718938,39.62541826372479,51654000
2003-01-20,38.35831832885742,40.20135889330256,38.01274789346231,39.85578845790744,34320000
2003-01-21,39.74061584472656,39.74061584472656,37.55200133966383,38.3583335544752,22560000
2003-01-22,40.89250946044922,40.89250946044922,39.51022739110459,40.201368425776906,39090000
2003-01-23,41.583641052246094,42.620352368836606,40.66212076077449,41.35326163850149,59676000
2003-01-24,41.46846008300781,42.0444100386628,40.89250749085914,41.69883953797108,25338000
2003-01-27,39.27985000610352,40.77732320606138,39.164658948724,40.31656161303728,19548000
2003-01-28,38.70389175415039,38.93427118337968,38.01275082996913,38.12793922633708,23682000
2003-01-29,37.09122848510742,38.81908082560912,36.86084905187168,38.81908082560912,24852000
2003-01-30,37.436805725097656,37.66718783650033,36.05452360265728,36.74566466387747,21354000
2003-01-31,37.8975715637207,38.12795106447928,36.74566878693938,36.97605092419217,18516000
2003-02-03,40.20135498046875,40.20135498046875,37.66717379188751,38.47350297166657,22710000
2003-02-04,40.43174743652344,41.12288841834435,39.97098590314496,40.8925063334083,24948000
2003-02-05,41.583641052246094,41.698832077365,39.74060046930288,40.31655032191099,33942000
2003-02-06,40.31656646728516,42.27479885955083,40.08618696128163,41.58365770504597,26028000
2003-02-07,39.049461364746094,40.31655215261766,38.81907930404702,40.201361122268125,11346000
2003-02-10,38.81907272338867,39.27983413018463,38.358313953085606,39.04945474503309,24828000
2003-02-11,38.81907272338867,38.81907272338867,38.81907272338867,38.81907272338867,0
2003-02-12,39.85580062866211,40.54694171050589,38.58870952411318,39.04947112417369,29862000
2003-02-13,41.35326385498047,41.81402534365907,40.20136145153064,40.66212294020925,49614000
2003-02-14,41.583641052246094,42.2747819299731,40.66212076077449,41.4684526636204,26772000
2003-02-17,41.6988410949707,42.15960265859536,41.35327058137566,41.92922055853614,19542000
2003-02-18,40.31656646728516,41.468469270291344,40.08618696128163,41.12289869303891,13614000
2003-02-19,39.510231018066406,41.0077042761528,39.27985153085852,40.77732478894492,9858000
2003-02-20,38.81907272338867,39.51021351533616,38.47350232741493,39.27983413018463,10602000
2003-02-21,36.86084747314453,39.27984064624294,36.40008598991373,39.16464961631191,42960000
2003-02-24,37.55199432373047,37.55199432373047,36.28490333989859,36.630473847897626,29274000
2003-02-25,36.6304817199707,37.091240738659664,36.40009957413192,36.860861229315184,14688000
2003-02-26,36.86084747314453,37.2064179264443,36.51527701984476,36.63046804977579,10254000
2003-02-27,34.441856384277344,36.86084970375988,33.52033599854373,36.28489979223806,48654000
2003-02-28,34.21147918701172,35.59376117436573,33.98109709812361,35.13299963308317,30180000
2003-03-03,33.865901947021484,34.32666076006717,33.52033151899065,34.21147237505232,20898000
2003-03-04,34.21147918701172,34.78742913624467,33.98109709812361,34.096288142567666,17268000
2003-03-05,35.5937614440918,36.05452035237228,33.635526856171865,33.635526856171865,30870000
2003-03-06,36.2849006652832,36.97604163033621,36.0545185859365,36.16970962560985,30426000
2003-03-07,33.635536193847656,35.8241508434966,33.635536193847656,35.70895976620105,20652000
2003-03-10,32.25324249267578,33.86590646285501,31.33172210721157,33.63552438911884,18030000
2003-03-11,32.4836311340332,33.059581161833655,31.331728441938274,31.67729898591735,21078000
2003-03-12,33.0595817565918,33.405152306787855,32.022870106003616,32.59882014416569,11214000
2003-03-13,33.865901947021484,34.09628135354433,33.40514049748267,33.865901947021484,15606000
2003-03-14,34.441856384277344,35.59375884381448,34.21147694696732,35.59375884381448,26766000
2003-03-17,32.02288055419922,34.09630453187747,31.562118791439072,33.98111343206371,11106000
2003-03-18,33.52033996582031,34.096289945508296,33.174769450708766,33.865910480931866,19530000
2003-03-19,34.441856384277344,34.441856384277344,32.71400401321839,33.17476552433194,14076000
2003-03-20,35.0178108215332,35.363381340406846,34.096290316701435,34.55705188736423,9240000
2003-03-21,35.0178108215332,35.0178108215332,35.0178108215332,35.0178108215332,0
2003-03-24,36.6304817199707,36.6304817199707,35.478578900259684,36.16972006478744,11142000
2003-03-25,35.0178108215332,35.70895185928049,34.902622406237874,35.478572392196,8724000
2003-03-26,35.94851303100586,36.29752772062728,35.59949834138445,35.59949834138445,6000000
2003-03-27,35.71584701538086,36.76289144246574,35.36683220635256,35.71584701538086,11472000
2003-03-28,34.668792724609375,36.297529811860656,34.668792724609375,35.83217597796445,9600000
2003-03-31,32.92372131347656,34.55245850647072,32.80738484452775,34.087104642362235,11934000
2003-04-01,33.15639877319336,33.73808909215027,32.574705791465426,32.691044920365215,12942000
2003-04-02,34.20343399047852,34.20343399047852,32.92371189592665,33.73808025948053,6168000
2003-04-03,33.97076416015625,35.366823034211194,33.85442769583233,35.25048656988727,10356000
2003-04-04,35.1341438293457,35.1341438293457,33.389070416252856,33.73808509887143,9420000
2003-04-07,36.41386032104492,36.41386032104492,34.66878705764755,35.250479920626994,9066000
2003-04-08,34.9014778137207,35.832183001162775,34.9014778137207,35.59950736999512,14454000
2003-04-09,34.43612289428711,35.3668280548555,33.85443250177828,34.3197837506768,13830000
2003-04-10,33.0400505065918,33.854418858123,32.92371140986725,33.854418858123,14400000
2003-04-11,31.876670837402344,33.04005393713059,30.945965955282087,32.923714828326595,19338000
2003-04-14,29.317243576049805,32.34203766059138,29.084565264550857,31.64400805163781,19776000
2003-04-15,32.22568893432617,33.156396578373354,30.247939850574884,30.247939850574884,30042000
2003-04-16,32.574703216552734,33.97076200191273,32.574703216552734,33.389071728936344,24690000
2003-04-17,32.3420295715332,32.57470516206607,31.876675727696497,32.458368698185126,8772000
2003-04-18,32.574703216552734,33.040057032596344,32.225688520212735,32.923717912892734,6504000
2003-04-21,32.92372131347656,33.04006044519645,31.76034064736198,33.04006044519645,8610000
2003-04-22,31.64401054382324,32.574715874803616,31.411334876771107,32.574715874803616,10092000
2003-04-23,31.17864990234375,32.109357697749225,31.17864990234375,31.760342940165,8028000
2003-04-24,30.480619430541992,31.99301755353085,30.364282956845987,31.41132719673723,12792000
2003-04-25,30.59696388244629,31.062317846387213,30.01527342459888,31.062317846387213,9126000
2003-04-28,29.89893341064453,30.2479482079002,29.666257766731288,30.01527256398695,8286000
2003-04-29,29.89893341064453,29.89893341064453,29.89893341064453,29.89893341064453,0
2003-04-30,31.294981002807617,31.294981002807617,30.364276109270744,31.06230544511605,6192000
2003-05-01,31.294981002807617,31.993010338652923,30.596951666962312,30.7132907771934,8646000
2003-05-02,32.22568893432617,32.34202805552478,31.06230837342346,31.411323074248443,11466000
2003-05-05,32.22568893432617,32.22568893432617,32.22568893432617,32.22568893432617,0
2003-05-06,33.62174224853516,33.97075689237995,33.1563911652557,33.738081350740224,13722000
2003-05-07,33.50541305541992,34.2034424940745,32.807383616765335,34.087103366708405,15672000
2003-05-08,33.85443115234375,34.5524606606395,32.69104775092708,32.92372336610192,19938000
2003-05-09,33.38907623291016,34.66879607119261,32.92372235409328,34.43612046316976,21522000
2003-05-12,36.64655685424805,36.879232518112985,33.505423409598215,33.97077473732809,58308000
2003-05-13,34.552452087402344,36.18118631504323,34.31977386718893,36.06484720493653,27708000
2003-05-14,34.552452087402344,35.13414231239467,34.08709830974612,34.66878853473845,17808000
2003-05-15,35.1341438293457,35.48315851196427,34.552453579238325,35.1341438293457,15426000
2003-05-16,36.87921905517578,37.111894634101375,35.13414555630673,35.250484677154944,42228000
2003-05-19,37.34458160400391,37.809932870617374,36.18119811192732,36.76288852657988,39210000
2003-05-20,36.41386032104492,37.344567836703845,36.18118477351543,36.7628749737244,29406000
2003-05-21,36.87921905517578,37.809924033649,36.41386523455376,36.87921905517578,27438000
2003-05-22,37.69358444213867,37.80992089054511,36.87921598944053,37.22823066020108,18318000
2003-05-23,38.2752799987793,38.97330943743649,37.926265279450696,38.042604406817226,24300000
2003-05-26,38.97331237792969,39.67134186925244,38.856973241785504,38.856973241785504,13014000
2003-05-27,37.57724380493164,39.08964153773167,37.57724380493164,39.08964153773167,8478000
2003-05-28,37.69358444213867,38.7406284544203,37.69358444213867,38.39161378365976,17766000
2003-05-29,40.02035140991211,40.02035140991211,38.15893878755427,38.8569681880921,30234000
2003-05-30,39.90401458740234,40.36936843548927,39.55499986702989,40.020353715116826,16044000
2003-06-02,41.76543045043945,42.46345994355416,40.7183862107674,41.06740095732475,56112000
2003-06-03,40.8347282409668,41.88177255483774,40.71838909627956,41.88177255483774,25044000
2003-06-04,39.438663482666016,41.183737088093714,39.20598522676165,40.95105883218935,24756000
2003-06-05,40.60204315185547,40.95105786469532,39.90401372617576,40.48570668942281,17136000
2003-06-06,40.95105743408203,40.95105743408203,40.13669155453299,40.48570626370284,14286000
2003-06-09,40.95105743408203,41.64908685242174,40.60204272491218,41.067396558062285,21126000
2003-06-10,39.78767776489258,40.48570719936438,39.78767776489258,40.13669248212848,19656000
2003-06-11,41.88177490234375,42.57980448404948,40.718391378577024,40.718391378577024,31950000
2003-06-12,41.88177490234375,42.81248012369421,41.53276011149089,42.81248012369421,11844000
2003-06-13,42.69613265991211,43.045147382814775,40.8347225796119,41.41641289685934,33084000
2003-06-16,41.99810791015625,42.463461813650696,41.76543228979468,42.23078619328913,13650000
2003-06-17,42.57979965209961,43.62684390583976,42.34712137608764,43.3941656298278,17562000
2003-06-18,42.69613265991211,43.39416210571744,42.57979619412523,43.045147382814775,15378000
2003-06-19,41.76543045043945,42.81247469011152,41.76543045043945,42.81247469011152,16206000
2003-06-20,41.06740951538086,41.99811481256017,40.95107035469404,41.30008517398274,20166000
2003-06-23,41.5327377319336,41.76541324620313,41.18372312914424,41.30005955489396,14010000
2003-06-24,39.67134475708008,41.30007946780454,38.97331521494511,41.06740384135001,25614000
2003-06-25,40.71839141845703,40.83473056977911,39.55500789355087,39.67134704487295,20724000
2003-06-26,42.11444854736328,42.34712417598802,40.60205030437392,40.718389450072,27270000
2003-06-27,45.48825454711914,47.11699184279154,43.7431807751639,43.859519914218005,70134000
2003-06-30,46.0699462890625,47.69868353910914,45.37191679983428,46.0699462890625,59844000
2003-07-01,45.37191390991211,45.95360688906602,44.906562721914206,45.488250375526086,20346000
2003-07-02,46.0699462890625,47.23332699592874,45.60459507142448,46.88431225131463,17496000
2003-07-03,46.0699462890625,48.74572777295147,45.60459507142448,48.62938597438519,25812000
2003-07-04,45.604591369628906,46.30262080219699,44.55754455800581,44.55754455800581,10908000
2003-07-07,50.14178466796875,51.65418005660762,46.18628084300223,46.3026226367344,55878000
2003-07-08,50.60713577270508,52.701224149506665,50.37445751121308,51.88685822259787,36600000
2003-07-09,49.44375228881836,51.65417700718861,47.6986787412782,50.60713287866452,21888000
2003-07-10,48.04770660400391,48.513057902225455,47.58234998023907,47.69869179895193,20550000
2003-07-11,45.37191390991211,47.11698752183181,44.906562721914206,46.88430926506184,27300000
2003-07-14,49.90910720825195,49.90910720825195,46.65163811669364,47.00065285241568,25938000
2003-07-15,48.5130500793457,50.839816846341655,48.5130500793457,50.49080209756938,16314000
2003-07-16,48.629390716552734,49.67643505249915,47.116995117588864,49.67643505249915,21750000
2003-07-17,46.884315490722656,47.81502331584706,46.53530072199384,47.81502331584706,19686000
2003-07-18,45.95360565185547,46.65163507783027,45.022897975375095,45.3719126883625,29292000
2003-07-21,45.95360565185547,45.95360565185547,45.95360565185547,45.95360565185547,0
2003-07-22,48.7457275390625,49.32741522693342,47.34966856730456,47.69868331024404,47052000
2003-07-23,48.16403198242188,48.978397897765234,47.81501725791158,48.74572496511973,15210000
2003-07-24,50.02544784545898,50.02544784545898,48.280374021483176,48.74573059157184,16818000
2003-07-25,50.02544784545898,50.60714089529848,48.04770106198151,50.02544784545898,20628000
2003-07-28,51.77052688598633,51.886868703002776,50.25813119466139,50.60714599462431,21444000
2003-07-29,52.58488845825195,53.16657613226074,51.88685898900765,52.119531928394274,41058000
2003-07-30,50.14178466796875,51.77051652479765,49.44375520774432,51.77051652479765,11016000
2003-07-31,50.14178466796875,50.839814128193176,49.44375520774432,49.90910640604656,7188000
2003-08-01,50.72346496582031,50.72346496582031,49.792762704419744,50.72346496582031,8058000
2003-08-04,48.629390716552734,50.60714290407693,48.629390716552734,50.60714290407693,12468000
2003-08-05,50.60713577270508,51.65417996110588,49.56009158430428,49.56009158430428,28152000
2003-08-06,49.21107482910156,50.025440722487616,49.09473836591553,49.56008954420157,13236000
2003-08-07,47.11698532104492,48.978395311634,47.11698532104492,48.862058851454,13218000
2003-08-08,48.28038024902344,48.86207337389377,47.23333581958286,47.23333581958286,16782000
2003-08-11,50.49080657958984,50.60714306432686,48.74573268081995,49.09474746057393,9492000
2003-08-12,50.72346496582031,51.18882142206197,50.25811383512003,50.72346496582031,16218000
2003-08-13,51.886863708496094,52.11953666904602,51.07249236994325,51.30517065603588,9030000
2003-08-14,55.144317626953125,55.95868341166444,51.53783449404165,51.53783449404165,29520000
2003-08-15,55.02799987792969,56.19138072648544,55.02799987792969,56.19138072648544,16542000
2003-08-18,57.354759216308594,57.82011579702737,56.19137841559724,56.19137841559724,14922000
2003-08-19,60.2632064819336,61.31025057915517,59.33249884255608,59.68151354162994,28626000
2003-08-20,60.84490203857422,60.84490203857422,59.09982831542637,60.49588729394465,15000000
2003-08-21,59.56518173217773,60.37954765172161,59.216167005867206,59.68151819910055,19146000
2003-08-22,60.2632064819336,60.49587939762172,59.33249884255608,59.91419178285974,12918000
2003-08-25,60.961238861083984,61.54292650429048,60.26320942880265,60.26320942880265,9408000
2003-08-26,60.84490203857422,61.07758031017472,59.448843060055935,60.37955082091558,6714000
2003-08-27,60.146854400634766,61.07756188066322,59.91418152478322,60.96122544273744,13620000
2003-08-28,59.56518173217773,60.495884118644426,58.983488746479495,58.983488746479495,10026000
2003-08-29,61.19392776489258,61.19392776489258,59.91421035529128,60.03054684919776,13554000
2003-09-01,65.38211059570312,65.49845242430563,61.19393257906284,61.31027440766535,21096000
2003-09-02,65.38211059570312,67.82521443874329,65.26577409264436,66.08014026514317,27426000
2003-09-03,63.63702774047852,65.49844348873916,62.240968592054536,65.38210167600849,17376000
2003-09-04,62.35730743408203,64.8004108274345,61.65927789312419,64.8004108274345,14694000
2003-09-05,61.54292678833008,62.35729801344483,60.495882635075645,62.35729801344483,12990000
2003-09-08,60.728553771972656,61.07756844882307,59.21615861413462,59.21615861413462,17922000
2003-09-09,63.63702774047852,63.98604252758451,61.31026604346723,61.65928083057322,17640000
2003-09-10,62.4736328125,63.28799869036874,61.891939856569856,62.12461810405028,17958000
2003-09-11,60.961238861083984,62.1246194730389,60.72856060847623,61.65926829336532,15372000
2003-09-12,60.728553771972656,61.542919576109846,59.91418796783545,60.96123199838671,29748000
2003-09-15,60.728553771972656,60.72855377197265,60.72855377197265,60.72855377197265,0
2003-09-16,59.56518173217773,60.2632111847988,58.28545929385843,59.56518173217774,30348000
2003-09-17,60.61222076416016,62.12461600789849,60.14686428490095,61.31025015750733,20664000
2003-09-18,59.91420364379883,60.26321841196554,58.75081753288133,59.56518887563213,16368000
2003-09-19,59.91420364379883,60.61223318013224,59.09983230104803,60.495891373714855,11514000
2003-09-22,57.703758239746094,59.68150985414781,55.95868485219791,59.68150985414781,15456000
2003-09-23,57.703758239746094,57.703758239746094,57.703758239746094,57.703758239746094,0
2003-09-24,56.54039001464844,58.86715681100822,55.02799452606296,57.70377075005708,10758000
2003-09-25,54.91165542602539,56.1913780258107,54.44630417407745,56.1913780258107,12162000
2003-09-26,54.562644958496094,55.37701637055488,54.32997197694488,54.446308467720485,16884000
2003-09-29,54.562644958496094,55.028001572684886,53.74827887198048,55.028001572684886,9042000
2003-09-30,56.773075103759766,57.1220898988125,55.37701592354881,55.72603071860155,14142000
2003-10-01,58.63448715209961,58.63448715209961,56.54039832523891,57.00574962269353,28086000
2003-10-02,59.79786682128906,61.07758951974088,59.21617904289175,60.49589641580039,25866000
2003-10-03,61.31026458740234,61.65927936621954,59.44884888334869,59.914205472133546,13938000
2003-10-06,61.426605224609375,62.58998612413681,60.49589730966149,61.31026873231961,12978000
2003-10-07,62.70631408691406,62.70631408691406,61.42659165231024,61.65926991102241,14718000
2003-10-08,61.07756805419922,62.35729030289621,60.14686048009766,61.891933853074775,14550000
2003-10-09,59.91420364379883,60.61223318013224,59.56518887563213,60.14687660554815,14112000
2003-10-10,62.35730743408203,62.58998039737281,61.19392131545711,61.19392131545711,15876000
2003-10-13,62.35730743408203,62.35730743408204,62.35730743408204,62.35730743408204,0
2003-10-14,64.80038452148438,65.14939915027955,63.40432600630368,63.52066244072186,27444000
2003-10-15,70.73365783691406,72.12971683813248,64.80040708173578,65.2657583069611,65328000
2003-10-16,69.8029556274414,70.38464869951771,67.47618866467907,68.40689651489258,33978000
2003-10-17,75.50352478027344,75.61986658418749,70.61731813107608,70.61731813107608,42114000
2003-10-20,73.64212036132812,75.15451600273046,73.17676908525272,73.2931055728858,21942000
2003-10-21,72.24604034423828,75.50350898715548,70.96631804766226,74.80547961184884,31116000
2003-10-22,69.45393371582031,71.66435864181305,69.45393371582031,71.54802216956364,29526000
2003-10-23,65.26573944091797,67.01081268800134,63.40432975254269,65.96376873975132,25062000
2003-10-24,65.9637680053711,67.47616302749208,64.9167240687779,66.08010444536782,21408000
2003-10-27,69.45393371582031,69.45393371582031,66.08012276516418,67.24350878982759,15984000
2003-10-28,73.64212036132812,74.22381345057966,72.24606120755887,72.94409078444349,46686000
2003-10-29,78.87732696533203,79.11000522123639,75.27084328929546,75.38717975447662,50142000
2003-10-30,78.52831268310547,80.85507927852632,77.13225379096137,78.76099094031017,28446000
2003-10-31,76.89957427978516,79.22634083726432,75.61985719988228,77.94661843181949,17232000
2003-11-03,76.89957427978516,76.89957427978516,76.89957427978516,76.89957427978516,0
2003-11-04,79.92439270019531,80.85510064946898,79.34269956620633,80.85510064946898,20616000
2003-11-05,79.80803680419922,79.92437327250104,78.29563608856483,79.92437327250104,17316000
2003-11-06,75.6198501586914,78.877318775416,74.92182078899745,78.64464054367086,22578000
2003-11-07,74.68916320800781,76.20155881865877,73.64211886397032,75.61987106677768,18000000
2003-11-10,73.17676544189453,74.68916100799704,72.71140886344548,73.52578021295994,26580000
2003-11-11,73.87480163574219,74.3401529305489,71.89704931311302,74.3401529305489,31212000
2003-11-12,70.15193176269531,73.64207762153588,67.82516608162162,73.29306303565181,32328000
2003-11-13,73.4094467163086,74.22381815801859,72.82775891570817,73.17677372628577,21780000
2003-11-14,71.54803466796875,73.64212348751906,71.31535635728207,73.29310868426067,14328000
2003-11-17,64.56773376464844,68.40689631281673,64.33505547139667,67.47618846535255,17688000
2003-11-18,66.89450073242188,67.24351550959008,63.637025928489976,64.45139729224438,16752000
2003-11-19,64.10237884521484,66.08012558558015,63.98603704245743,64.56773007961682,11184000
2003-11-20,66.77815246582031,66.77815246582031,63.17166855899581,66.31280124977461,12792000
2003-11-21,66.31279754638672,66.31279754638672,64.56772392674496,64.68406039287373,7458000
2003-11-24,66.31279754638672,66.31279754638672,66.31279754638672,66.31279754638672,0
2003-11-25,70.84998321533203,71.08266145427392,68.75589504147985,69.80293912840594,17424000
2003-11-26,75.03816223144531,75.61985518671464,70.84998573480651,70.84998573480651,20466000
2003-11-27,73.2931137084961,74.45649469059259,72.59508405412946,74.34015819004604,14838000
2003-11-28,71.31535339355469,73.29310563834174,70.8500021170637,73.29310563834174,13608000
2003-12-01,75.03816223144531,75.15449869228246,69.22124865537748,69.80294161064681,14148000
2003-12-02,75.7362060546875,77.7139582183933,74.34014695690524,75.85254253765508,18192000
2003-12-03,73.17676544189453,75.50352703196873,72.47873589976372,74.57282452615617,16656000
2003-12-04,70.73365783691406,73.75844878919233,70.15196481122557,73.06041928858312,33324000
2003-12-05,70.50098419189453,72.12972157546906,69.80295464544012,71.54802851157613,19872000
2003-12-08,68.17420959472656,69.68661032564913,67.59252192179531,69.22125379665347,16062000
2003-12-09,67.24349212646484,69.22123829231842,66.4291210458983,69.22123829231842,11478000
2003-12-10,65.26573944091797,66.19644694787607,63.86968084325128,66.08010518104324,22248000
2003-12-11,65.1494140625,65.1494140625,62.93898402381903,64.1023699364538,21852000
2003-12-12,67.1271743774414,67.47618915813095,65.73111525468323,66.42914481606232,22776000
2003-12-15,71.08265686035156,71.08265686035156,68.63955414874994,69.57025639328494,20058000
2003-12-16,67.47616577148438,68.63955152092552,67.12715111176024,67.59250754175314,13500000
2003-12-17,66.19646453857422,68.29055299154624,66.08012274082533,67.82519645163535,9684000
2003-12-18,66.42913818359375,67.5925242200985,65.96378696431728,67.12716767527965,7584000
2003-12-19,68.63957214355469,68.63957214355469,67.01083480031069,67.59252784979984,11748000
2003-12-22,69.68661499023438,70.15196622483685,68.40689243814937,68.75590719548686,12456000
2003-12-23,69.68661499023438,69.68661499023438,69.68661499023438,69.68661499023438,0
2003-12-24,69.91929626464844,70.85000417014338,69.33760848356441,70.85000417014338,8520000
2003-12-25,71.19901275634766,71.8970422931746,70.15196845110725,70.61731970047764,10248000
2003-12-26,72.1297378540039,72.24607436282068,71.082693298021,71.89705951082637,8160000
2003-12-29,73.17676544189453,73.29310192373542,72.47873589976372,72.82775067082913,7704000
2003-12-30,73.5257797241211,73.87479449286606,72.5950718989536,73.17676495537613,6090000
2003-12-31,73.5257797241211,73.5257797241211,73.5257797241211,73.5257797241211,0
2004-01-01,73.5257797241211,73.5257797241211,73.5257797241211,73.5257797241211,0
2004-01-02,73.5257797241211,73.5257797241211,73.5257797241211,73.5257797241211,0
2004-01-05,74.92182159423828,75.61985097143447,74.68914335999239,75.50350919154077,8910000
2004-01-06,74.10745239257812,76.08520412200026,73.17675008211965,75.50351118380748,15060000
2004-01-07,74.68916320800781,75.03817798935364,73.52578237870269,74.10747013058379,8688000
2004-01-08,75.27086639404297,75.61988122226026,73.52579225295653,73.52579225295653,12354000
2004-01-09,75.85254669189453,76.55057627901486,75.15451710477421,75.38719540899535,19524000
2004-01-12,75.85254669189453,75.85254669189453,75.85254669189453,75.85254669189453,0
2004-01-13,75.15448760986328,76.78322444911578,73.99110719642066,75.61984403567315,10902000
2004-01-14,77.36490631103516,77.48124273816462,73.99109666887793,74.45644770293606,21120000
2004-01-15,75.50352478027344,77.59761334421515,75.50352478027344,77.59761334421515,13194000
2004-01-16,77.01592254638672,77.36493729308403,75.15450701363949,75.61986355959749,14178000
2004-01-19,80.15706634521484,80.15706634521484,78.52832886033791,79.11002196041034,25488000
2004-01-20,78.1793212890625,80.27341025216239,78.1793212890625,80.27341025216239,23832000
2004-01-21,78.06297302246094,79.45903212077295,77.48127995631665,77.83029473089466,13524000
2004-01-22,78.29564666748047,79.45903280985816,77.94663188987575,78.52832496106458,13260000
2004-01-23,76.31791687011719,78.29566416825129,75.03819395767319,78.29566416825129,26052000
2004-01-26,74.80548858642578,75.61985983901309,73.29309320032985,75.38718157748212,14136000
2004-01-27,72.9440689086914,75.27083524236284,72.59505422491776,75.03815701133327,20010000
2004-01-28,72.36238098144531,72.94407393634155,71.548015105024,72.47872276774964,7650000
2004-01-29,70.03562927246094,72.01337600026164,69.33759976252126,71.1990100138462,17286000
2004-01-30,68.52322387695312,69.22125334030254,67.82519441360373,69.22125334030254,31926000
2004-02-02,63.63702774047852,69.91929390838641,63.4043547661032,68.75591305988075,55812000
2004-02-03,62.35730743408203,62.58998039737281,59.56518927025064,62.24096562689389,75858000
2004-02-04,62.589962005615234,64.45137711823018,61.775596222309446,64.10236245030752,45828000
2004-02-05,60.728553771972656,62.82264183307516,60.37953909512223,62.240948929810685,18282000
2004-02-06,61.77559661865234,62.00827484060734,59.91418681963607,60.72855260816671,18450000
2004-02-09,62.589962005615234,64.80039178615283,62.47362555815475,63.86968422984536,29706000
2004-02-10,64.6840591430664,64.8004009324893,62.93898555714247,62.93898555714247,29976000
2004-02-11,64.6840591430664,64.6840591430664,64.6840591430664,64.6840591430664,0
2004-02-12,63.86969757080078,65.8474495439845,63.63701930173731,65.14942006233639,31332000
2004-02-13,64.45138549804688,65.03307313652016,63.17166310743028,63.40434135814472,10986000
2004-02-16,64.91675567626953,65.49844881055704,64.2187260453419,65.14943399509322,13236000
2004-02-17,65.49844360351562,65.84745839123322,64.45139924036285,64.56773572775437,9762000
2004-02-18,63.86969757080078,65.61477127492103,63.520682829976735,65.61477127492103,14826000
2004-02-19,63.05533981323242,64.33505714556149,62.58998321461912,63.8697058724912,11934000
2004-02-20,62.12462615966797,62.58997738942847,61.310260176201474,62.24096263572247,10806000
2004-02-23,62.35730743408203,63.86970299764312,61.775614374769575,62.00829266360312,10032000
2004-02-24,59.68153381347656,62.00830103947552,59.68153381347656,61.77562271921258,26844000
2004-02-25,59.09983444213867,59.56519103358188,58.052790099705845,59.33251273786027,24300000
2004-02-26,58.63448715209961,59.68153156552996,58.28547234762283,59.09983844955423,13590000
2004-02-27,61.77559661865234,61.89193306685922,58.86714280915045,59.21615747931232,18696000
2004-03-01,63.63702774047852,63.63702774047852,62.00829561767922,63.4043547661032,25560000
2004-03-02,66.31279754638672,66.77814873644384,64.45138746061619,65.1494169084729,33732000
2004-03-03,66.31279754638672,67.01082699424342,65.26575337460166,65.61476809853002,25830000
2004-03-04,66.31279754638672,66.89449052811466,65.73110456465878,65.73110456465878,18072000
2004-03-05,66.66183471679688,67.01084955824608,64.5677456681017,66.42915638064946,22398000
2004-03-08,66.31279754638672,67.70885644210013,66.08011928858713,67.01082699424342,13734000
2004-03-09,66.42913818359375,66.66181645600318,64.91674272678843,65.49843574504081,17022000
2004-03-10,64.33503723144531,65.61475949319517,64.33503723144531,65.26574481503988,18216000
2004-03-11,63.52068328857422,64.45139104600517,62.82265380188659,63.05533207262992,16674000
2004-03-12,63.40437316894531,63.40437316894531,61.19394199201069,61.89197176882277,33888000
2004-03-15,63.75334930419922,64.91672978319795,63.63700752842042,64.5677151069442,9384000
2004-03-16,61.89194869995117,62.24096345826959,61.0775827057224,61.42659746404082,25686000
2004-03-17,62.008277893066406,62.82264372168554,61.775599659657445,62.12461434700014,21768000
2004-03-18,61.659271240234375,63.05533017151861,61.193914712778174,62.82265190779051,24168000
2004-03-19,61.426605224609375,62.47364963184704,60.72857561978427,61.07759042219683,10956000
2004-03-22,61.31026458740234,62.24096711388628,60.84490799861748,60.84490799861748,6216000
2004-03-23,60.2632064819336,61.31025057915517,59.797849999474,61.31025057915517,12666000
2004-03-24,61.31026458740234,61.54293755625188,59.914205472133546,60.37955673537552,11004000
2004-03-25,62.82265090942383,62.93898737666799,60.61222607853221,61.42659200032552,23064000
2004-03-26,65.63037109375,65.74735749241981,64.46049104116976,65.16242014377671,16650000
2004-03-29,65.16242980957031,66.21532361966052,64.92845162222976,65.51339441293372,11970000
2004-03-30,64.34349822998047,66.215312709706,64.34349822998047,65.86434816416921,10980000
2004-03-31,62.93962478637695,64.69444708855562,62.70565204961491,64.34348262811989,19584000
2004-04-01,63.056640625,63.99254264055346,62.82266244346428,63.99254264055346,14934000
2004-04-02,63.40758514404297,63.87553600366076,63.056620660506375,63.52457152012416,17370000
2004-04-05,68.32109069824219,68.43807707909161,64.57746760283516,64.81144571982723,46866000
2004-04-06,68.90603637695312,69.95892999912368,67.61916996449614,69.25700091767663,33768000
2004-04-07,68.08711242675781,68.55506330438693,67.15120531620636,68.43807692380295,19698000
2004-04-08,67.50218963623047,67.85315423634137,65.747366635676,67.26821680635307,14196000
2004-04-09,65.63037109375,66.9172429002941,65.39639294111633,66.56627834899062,16092000
2004-04-12,69.37398529052734,69.49097167322961,65.63036213582797,65.98132663922812,30426000
2004-04-13,67.85314178466797,69.95892899890208,67.73615539119736,69.84194260543147,17100000
2004-04-14,67.38518524169922,68.32109237737616,67.03422073523203,67.853136131891,13128000
2004-04-15,65.98133850097656,69.257006003161,65.27940936798745,68.90604143666644,16116000
2004-04-16,64.81143951416016,65.98131927651859,64.46047504992336,65.27939034804498,16134000
2004-04-19,64.46049499511719,65.27941054662547,63.40760127662323,65.27941054662547,13146000
2004-04-20,67.97013854980469,68.43808951351699,64.81145749533468,65.39639486115149,45246000
2004-04-21,68.90603637695312,69.95892999912368,68.08712090036288,68.78904998180991,29844000
2004-04-22,71.36279296875,72.06472209747638,70.30989927566044,70.30989927566044,44214000
2004-04-23,72.18170928955078,72.29869568517316,69.95893028566829,71.4797802052287,20166000
2004-04-26,73.93653869628906,74.63846784418011,72.88364497445248,73.35159595461505,43554000
2004-04-27,71.24579620361328,73.4685696695313,70.5438671769767,72.76664064289473,11250000
2004-04-28,70.54385375976562,72.53265407540377,69.95891123039148,72.18168962883777,12690000
2004-04-29,70.54385375976562,70.54385375976562,70.54385375976562,70.54385375976562,0
2004-04-30,69.95891571044922,69.95891571044922,67.97012062274426,67.97012062274426,9096000
2004-05-03,69.95891571044922,69.95891571044922,69.95891571044922,69.95891571044922,0
2004-05-04,69.95891571044922,69.95891571044922,69.95891571044922,69.95891571044922,0
2004-05-05,69.95891571044922,69.95891571044922,69.95891571044922,69.95891571044922,0
2004-05-06,67.03424072265625,69.95894403016946,66.800262530149,69.95894403016946,12180000
2004-05-07,67.03424072265625,67.85315636348915,66.44929791903562,66.68327611154287,6912000
2004-05-10,63.056640625,67.03423757933898,62.00374684103133,66.44929480314704,19014000
2004-05-11,63.52458190917969,64.57747553198378,62.12072374544091,62.5886746815892,17082000
2004-05-12,63.29060745239258,64.1095283325008,62.23771376821991,63.64157201378347,20586000
2004-05-13,61.1848258972168,63.992542655105055,61.1848258972168,63.992542655105055,13074000
2004-05-14,61.1848258972168,62.588684276160926,60.24892388145052,60.365910294597626,10230000
2004-05-17,57.32420349121094,60.24891141223876,56.97323896911109,59.66396875697448,9948000
2004-05-18,59.54697799682617,61.418786858855455,58.2601063918286,58.49408450781722,12720000
2004-05-19,61.7697868347168,62.003765085098586,59.54701219962689,59.66399864716964,9636000
2004-05-20,60.482887268066406,62.00373717809045,59.4299936481854,60.95084355820944,11280000
2004-05-21,61.7697868347168,62.003765085098586,60.13194979263691,60.13194979263691,6714000
2004-05-24,61.652774810791016,63.40759757243313,61.3018102584626,63.40759757243313,8340000
2004-05-25,61.41879653930664,62.00373924382663,60.3659028843471,62.00373924382663,8154000
2004-05-26,61.886749267578125,63.05663471022561,61.76976286543106,62.58867839104893,9438000
2004-05-27,61.652774810791016,62.47169031445932,60.83385395182865,61.652774810791016,7536000
2004-05-28,62.00373458862305,62.58867189393223,61.30180553801711,62.00373458862305,7656000
2004-05-31,61.53578567504883,62.47169297284879,60.48289197325924,62.47169297284879,6840000
2004-06-01,61.41879653930664,61.76976109095982,60.83385383478665,61.53578293809301,3336000
2004-06-02,61.30180740356445,61.53578019069096,60.71686472516053,61.53578019069096,5640000
2004-06-03,59.196022033691406,62.00373840911877,58.61107933704605,61.06783116554498,11094000
2004-06-04,60.24892044067383,60.36590684713992,59.19602671659581,59.19602671659581,8388000
2004-06-07,61.53578567504883,61.886750242312026,60.48289197325924,60.83385654052244,8736000
2004-06-08,61.886749267578125,62.705670148490206,61.652776463284,62.58867839104893,9486000
2004-06-09,66.33229064941406,67.85313503440868,63.758552762047785,64.22650364467076,42732000
2004-06-10,67.61917114257812,69.02302932993065,66.33229935240698,66.33229935240698,27276000
2004-06-11,67.61917114257812,68.67206478309252,67.26820659574,68.67206478309252,22332000
2004-06-14,69.02301788330078,69.84193323835125,68.90602615022706,69.02301788330078,20754000
2004-06-15,66.09832763671875,67.73616413315398,65.63037664714919,66.80025679872034,21636000
2004-06-16,66.91726684570312,67.73618264001746,66.80027504987538,67.2682315225944,9672000
2004-06-17,69.37398529052734,69.84193617662976,68.3210917803269,69.0230207871272,19500000
2004-06-18,67.50218963623047,68.90604803667405,66.68327402106998,68.90604803667405,12060000
2004-06-21,68.43807983398438,69.37398698433326,67.50217268363548,68.67205796039495,7662000
2004-06-22,67.97013854980469,68.08712495190922,67.1512176691904,67.85314679240595,6906000
2004-06-23,69.72496032714844,70.07592488356815,68.78905305826449,68.90603945863968,15540000
2004-06-24,70.19293212890625,70.77787501507905,69.25702458208892,70.54389678955079,10476000
2004-06-25,73.23458862304688,73.46856136862782,70.1928947328587,70.30988110564917,28608000
2004-06-28,74.05353546142578,74.05353546142578,72.64967696926604,72.64967696926604,11148000
2004-06-29,71.83074188232422,72.64965732960512,71.12881282599953,72.29869280144278,12258000
2004-06-30,71.83074188232422,73.3515863859298,71.12881282599953,71.12881282599953,7896000
2004-07-01,71.47977447509766,72.8836325312024,71.36278273355994,72.5326680171762,6288000
2004-07-02,69.95891571044922,70.77783637507389,69.72494296795028,69.72494296795028,5550000
2004-07-05,68.43807983398438,69.0230224723641,68.08711532201522,68.78904434595353,5328000
2004-07-06,67.73616027832031,69.60796948536927,67.61917387640919,69.60796948536927,5508000
2004-07-07,68.67205810546875,69.25699538979075,65.7473502626849,66.09831477539548,17472000
2004-07-08,66.2153091430664,67.61916724959578,65.63036648024794,67.50217550385588,16014000
2004-07-09,67.03424072265625,67.2682189151635,65.16243124848319,65.16243124848319,9012000
2004-07-12,67.1512222290039,68.20411598532257,66.68327123351602,67.73616498983469,7296000
2004-07-13,66.68328094482422,67.03424558137593,65.86436524463535,66.09833809880625,14982000
2004-07-14,65.27938842773438,67.73613960512222,64.34348143220338,67.61915323891556,10752000
2004-07-15,64.92845916748047,65.9813530999261,63.875565235034834,65.9813530999261,10764000
2004-07-16,65.39639282226562,65.9813355251397,63.99253461960308,64.34349917026871,10782000
2004-07-19,65.39639282226562,65.39639282226562,65.39639282226562,65.39639282226562,0
2004-07-20,64.57749938964844,65.39641516927361,64.34352115748587,65.27942873084027,8100000
2004-07-21,66.44927215576172,66.68325025755252,64.92842788235377,65.04541425560272,10560000
2004-07-22,64.92845916748047,65.74737488539525,64.57749452333192,64.81147273786277,11004000
2004-07-23,63.64158248901367,66.09833482312462,63.17363144856709,65.16243274223146,12750000
2004-07-26,62.82265853881836,63.29060951751031,62.12072939313324,62.12072939313324,10674000
2004-07-27,60.83383941650391,62.47167538779846,60.71685304544457,61.65276007979758,11118000
2004-07-28,61.7697868347168,62.35472978302311,61.30183568924953,61.41882213679227,11850000
2004-07-29,60.365909576416016,61.88675435041355,60.01494498585546,61.88675435041355,11868000
2004-07-30,63.17359924316406,63.17359924316406,61.535763403614204,61.886727843854,7656000
2004-08-02,62.35470581054688,63.6415723046658,61.30181212156181,63.6415723046658,12654000
2004-08-03,61.06782913208008,62.00373634448958,60.59987820352222,61.18481552539608,15048000
2004-08-04,60.59986114501953,60.95082558146695,59.31298975961487,60.365883068957146,10020000
2004-08-05,59.89795684814453,60.59988600903961,59.19602768724946,60.24892142859207,14010000
2004-08-06,57.79217147827149,58.7280734901507,57.67517971031556,58.494100664828245,29826000
2004-08-09,57.55818939208984,57.7921675568306,56.50529568369796,57.324211227349096,15018000
2004-08-10,58.61107635498047,58.9620408840522,57.558182767765246,57.792160905577646,11436000
2004-08-11,58.37710952758789,59.89795968508884,58.26012311366272,59.43000331879866,11490000
2004-08-12,58.49408721923828,58.84505173184312,57.909144579799054,58.26010909240389,6192000
2004-08-13,57.09025573730469,58.14314976511177,57.090255737304695,58.026157969602565,12198000
2004-08-16,56.85625457763672,56.97324097068208,55.92034736739251,56.856254577636726,10050000
2004-08-17,56.1543197631836,57.55817775726319,55.68636888358815,57.44119137618764,8772000
2004-08-18,57.44118118286133,57.55816754317686,56.0373234379058,56.62226059477574,11472000
2004-08-19,58.37710952758789,58.37710952758788,57.32421573637711,58.02614493051763,5952000
2004-08-20,57.675174713134766,58.37710383887391,57.441201908084544,58.026139276004336,8064000
2004-08-23,58.26011657714844,59.079032093335606,58.02613842025461,58.26011657714844,6102000
2004-08-24,57.90914916992188,58.37710010538894,57.32420648411763,58.26011371034565,7896000
2004-08-25,58.26011657714844,58.72806753564194,57.32420930486728,57.55818746176111,10362000
2004-08-26,58.96205520629883,59.07904162597489,58.49410417229956,59.07904162597489,7500000
2004-08-27,58.96205520629883,58.96205520629883,58.49410417229956,58.49410417229956,4254000
2004-08-30,58.84505844116211,59.31300939289164,58.49409388854145,58.72806668675918,4704000
2004-08-31,58.026123046875,58.49407923668284,57.67515858216549,58.49407923668284,7638000
2004-09-01,58.26011657714844,58.845059291735936,58.02613842025461,58.143130176348606,6744000
2004-09-02,60.95083999633789,61.18481277244252,58.84505287963478,59.1960173990853,34386000
2004-09-03,60.482887268066406,61.4187944930586,60.01493633321726,61.30180809816978,17898000
2004-09-06,60.482887268066406,60.83385180802674,59.31300725329659,59.66397179325692,17580000
2004-09-07,60.365909576416016,60.365909576416016,59.5469939835396,59.89795857410016,12996000
2004-09-08,59.78095626831055,61.06782799193584,59.66396987717869,60.36589893455727,15048000
2004-09-09,58.96205520629883,60.13193546894451,58.61109059197562,59.7809708546213,14520000
2004-09-10,58.7280502319336,58.7280502319336,57.792148590701856,58.611063865602766,28974000
2004-09-13,59.42999267578125,59.8979489582675,58.9620417485888,59.54698442404971,5040000
2004-09-14,60.01494216918945,60.48289314954309,59.897955762924646,60.01494216918945,6696000
2004-09-15,59.54697799682617,60.3658933698465,59.42998626118525,60.3658933698465,13578000
2004-09-16,58.84505844116211,59.07903123937984,58.49409388854145,58.72806668675918,9036000
2004-09-17,57.32420349121094,58.49408880173952,56.73926619124026,57.90914614647522,23580000
2004-09-20,57.32420349121094,57.32420349121094,57.32420349121094,57.32420349121094,0
2004-09-21,56.85625457763672,57.324205505111934,56.50529004320687,57.09023271902122,12138000
2004-09-22,56.27130508422852,57.44119029411888,55.92034059232004,57.20721218108218,7080000
2004-09-23,56.27130508422852,56.27130508422852,56.27130508422852,56.27130508422852,0
2004-09-24,55.1014404296875,55.92035601827892,54.75047584096338,55.92035601827892,10314000
2004-09-27,54.15952301025391,54.630478992959794,53.21762182408689,54.51273730247213,17022000
2004-09-28,53.335357666015625,54.15952254422564,53.21762136616343,54.15952254422564,13512000
2004-09-29,53.45309448242188,54.27726475821875,53.09988018982961,54.1595230676064,10236000
2004-09-30,53.806297302246094,54.74820367819633,53.57082475047446,54.04177524363896,14178000
2004-10-01,54.98368835449219,55.21916093510665,54.15951815347589,54.15951815347589,8220000
2004-10-04,56.749755859375,56.985228424231046,55.69011314865817,55.92558571351422,9102000
2004-10-05,56.5142822265625,56.86749649047852,55.69011740729911,56.5142822265625,14622000
2004-10-06,57.80939483642578,58.044867386073655,56.514274254877776,56.514274254877776,12582000
2004-10-07,57.22071838378906,58.16262500969274,56.86750407277802,57.69166900192957,11304000
2004-10-08,57.33845901489258,57.573937036531895,55.80786534829472,56.63203033959771,16656000
2004-10-11,57.33845901489258,57.33845901489258,57.33845901489258,57.33845901489258,0
2004-10-12,56.5142822265625,57.45618872687919,56.16106796264648,57.33844704582589,7068000
2004-10-13,55.69013977050781,57.10299739352599,55.10144729770887,56.51430492072705,8730000
2004-10-14,54.865943908691406,55.69011406816009,54.630471339947455,55.57237239416649,12516000
2004-10-15,54.15952301025391,54.39500100160685,53.57083611630512,54.15952301025391,10824000
2004-10-18,54.39500045776367,55.21916533482538,54.15952246876504,54.74821474645045,5316000
2004-10-19,55.8078498840332,56.04332784042197,54.98368512110488,55.45463564426084,9948000
2004-10-20,54.04179000854492,55.45464726367028,53.924053700492045,55.336910955617405,11382000
2004-10-21,54.51274490356445,54.86595924503382,54.15953056209509,54.15953056209509,11034000
2004-10-22,55.33689498901367,55.80784547496242,54.63046656527997,55.10141705122872,10866000
2004-10-25,55.1014404296875,55.33691846738116,53.57084665873733,54.041797344501205,13038000
2004-10-26,54.630489349365234,55.10144003172776,54.27727499018749,54.51274763655705,11418000
2004-10-27,55.1014404296875,55.92560547718014,54.98370410565239,55.80786915314504,10212000
2004-10-28,55.33689498901367,55.92558174904432,55.21915332531061,55.69010920088052,8094000
2004-10-29,54.865943908691406,55.33689982542254,54.512729665953856,55.33689982542254,5934000
2004-11-01,54.39500045776367,54.51273675745182,54.04178616907689,54.27726415807552,2796000
2004-11-02,54.74821853637695,54.86595484421536,53.92405360226272,53.92405360226272,11520000
2004-11-03,54.74821853637695,54.74821853637695,54.74821853637695,54.74821853637695,0
2004-11-04,62.63666534423828,63.69630820940184,60.28190701473415,63.57857190981332,183312000
2004-11-05,61.45928955078125,62.40119616802375,60.28191032144509,62.04798186026064,52440000
2004-11-08,59.10451126098633,61.5770108112016,58.51582448496833,61.5770108112016,52428000
2004-11-09,58.51585006713867,58.86906444301753,57.22072889237497,57.92715764413269,36318000
2004-11-10,58.28035736083984,59.22226392280832,57.69166508590676,58.63357164787524,27732000
2004-11-11,57.45621871948242,58.98681286556016,57.33847697696699,58.86907651266949,17754000
2004-11-12,57.45621871948242,58.04490587356052,56.86752617577955,57.10300427118565,26298000
2004-11-15,58.51585006713867,58.86906444301753,57.456206939502096,57.57394326825383,11484000
2004-11-16,56.749755859375,59.22225551771426,56.74975585937499,58.75129960875909,24732000
2004-11-17,55.69013977050781,56.86751932648159,55.33692536475327,56.86751932648159,30336000
2004-11-18,55.8078498840332,56.63201464696152,55.10142140448848,55.8078498840332,16926000
2004-11-19,56.04335021972656,56.39656460054496,55.69013583890816,56.39656460054496,12384000
2004-11-22,54.74821853637695,55.336910854814384,54.39500422323904,55.10143284951487,7692000
2004-11-23,54.74821853637695,54.74821853637695,54.74821853637695,54.74821853637695,0
2004-11-24,54.865943908691406,55.21915815142895,54.512729665953856,54.8659439086914,9414000
2004-11-25,54.865943908691406,54.983685582685,54.27725709720991,54.630471339947455,11136000
2004-11-26,54.39500045776367,55.33690702413585,54.27726415807552,54.98369273544907,9792000
2004-11-29,55.21918487548828,55.21918487548828,54.63049777910384,54.74823412045588,6642000
2004-11-30,54.74821853637695,54.98369654167647,54.27726791540064,54.74821853637695,11064000
2004-12-01,54.04179000854492,54.395004322326265,53.57083938671071,54.27726801427339,12222000
2004-12-02,53.68856048583984,54.394988913285104,53.57082421113936,54.15951097426296,14724000
2004-12-03,54.51274490356445,54.74822292775174,53.57084358606157,53.92405792753093,29160000
2004-12-06,53.68856048583984,54.394988913285104,53.4530825468177,54.27725263858462,15312000
2004-12-07,52.98213195800781,53.92403832269056,52.74665401943183,53.68856038411458,16518000
2004-12-08,53.09988021850586,53.33535821023533,52.6289296246693,52.86440761639878,20346000
2004-12-09,51.92250442504883,53.21762537958416,51.68702641796347,53.09988368123011,15474000
2004-12-10,51.216068267822266,51.56928253173828,50.86285400390625,50.86285400390625,46650000
2004-12-13,50.86286163330078,51.56929026709663,50.39191100731114,51.333812259290426,21288000
2004-12-14,51.33380889892578,51.922501185093495,50.86285830376505,50.98059460514963,19932000
2004-12-15,51.09834289550781,51.80477157429537,50.98060118929449,51.68702986808205,13908000
2004-12-16,51.45156097412109,51.56929729926776,50.50965420407733,50.98060489428747,12120000
2004-12-17,51.09834289550781,51.68702986808205,50.74512855611404,50.98060118929449,16812000
2004-12-20,52.86441802978516,53.21763239214536,51.6870332288355,51.80477494270454,37002000
2004-12-21,53.217620849609375,53.80630773277862,53.099879161277705,53.21762084960938,27702000
2004-12-22,53.45309448242188,53.924050465626486,53.33535818143192,53.924050465626486,11160000
2004-12-23,53.45309448242188,53.45309448242188,53.45309448242188,53.45309448242188,0
2004-12-24,54.277286529541016,54.39502287775655,53.688594009214256,53.688594009214256,12702000
2004-12-27,54.277286529541016,54.86597366024323,53.806330357429786,54.277286529541016,14700000
2004-12-28,54.98368835449219,55.101424644799415,54.15951815347589,54.15951815347589,11958000
2004-12-29,55.1014404296875,55.69013282910992,54.98370410565239,55.21917675372261,17970000
2004-12-30,55.572391510009766,55.572391510009766,55.10144082090219,55.572391510009766,5922000
2004-12-31,55.572391510009766,55.572391510009766,55.572391510009766,55.572391510009766,0
2005-01-03,55.572391510009766,55.572391510009766,55.572391510009766,55.572391510009766,0
2005-01-04,55.45465087890625,55.69012889998615,54.98370022636951,55.33691456317783,4932000
2005-01-05,54.630489349365234,54.983703708542976,54.39501131337227,54.86596199573479,10884000
2005-01-06,54.277286529541016,54.277286529541016,53.92407209526986,53.92407209526986,11496000
2005-01-07,54.74821853637695,55.21916915735328,54.27726791540064,54.63048222853855,10356000
2005-01-10,54.74821853637695,54.74821853637695,54.74821853637695,54.74821853637695,0
2005-01-11,55.925594329833984,56.16107232059109,55.33690743737477,55.80785802926661,12396000
2005-01-12,55.45465087890625,55.925601531442986,55.10143654209793,55.572387194634665,6210000
2005-01-13,54.865943908691406,55.45463610979452,54.74820762431943,55.21915815142895,8460000
2005-01-14,53.68856048583984,54.394988913285104,53.4530825468177,54.27725263858462,30942000
2005-01-17,53.806297302246094,54.63046740231052,53.806297302246094,53.92403896775314,26220000
2005-01-18,54.39500045776367,54.8659510461386,54.15952246876504,54.27726415807552,19500000
2005-01-19,54.51274490356445,55.10143726922111,54.51274490356445,54.74822292775174,19938000
2005-01-20,54.39500045776367,54.74821474645045,54.04178616907689,54.51273675745182,16782000
2005-01-21,54.51274490356445,54.98370095193903,54.15953056209509,54.39500858628238,23268000
2005-01-24,54.15952301025391,54.74821529382508,54.041786709388624,54.39500100160685,16734000
2005-01-25,53.924049377441406,54.39499996151987,53.570835091977,54.1595219746695,9954000
2005-01-26,54.15952301025391,54.51273730247213,53.92405040852334,54.15952301025391,6870000
2005-01-27,54.39500045776367,54.98369273544907,54.15952246876504,54.15952246876504,12360000
2005-01-28,54.15952301025391,54.86595159469036,54.041786709388624,54.39500100160685,12516000
2005-01-31,54.39500045776367,55.10142903513722,54.15952246876504,54.15952246876504,15060000
2005-02-01,55.33689498901367,56.51427389869612,55.10141705122872,55.33689498901367,52410000
2005-02-02,56.27880096435547,57.10297112506474,55.80785043653705,55.80785043653705,41430000
2005-02-03,56.63201522827149,56.98522947166948,56.278800984873484,56.86749318707736,18018000
2005-02-04,56.04335021972656,56.6320372613414,55.69013583890816,56.6320372613414,12342000
2005-02-07,57.69166946411133,58.04488377795205,56.16107590067574,56.51429021451647,31578000
2005-02-08,57.92715072631836,58.04488704100971,57.33845837361559,57.92715072631836,20364000
2005-02-09,57.57394409179688,58.39810918409526,57.57394409179688,58.280372853659415,19404000
2005-02-10,57.69166946411133,57.92714746987938,57.10298253412525,57.69166946411133,15660000
2005-02-11,57.69166946411133,57.69166946411133,57.69166946411133,57.69166946411133,0
2005-02-14,58.39808654785156,58.98677875108961,58.16261397825365,58.28035026305261,15198000
2005-02-15,57.92715072631836,58.51584307902114,57.69167270731265,58.51584307902114,10572000
2005-02-16,56.5142822265625,57.92713928222656,56.27880425407784,57.6916613097419,20694000
2005-02-17,56.63201522827149,56.86749318707736,56.161064700281365,56.39654265908724,15036000
2005-02-18,56.86750411987305,57.10298212394965,56.16107549726593,56.16107549726593,13194000
2005-02-21,57.22071838378906,57.69166900192957,57.10298207665961,57.45619638767065,13122000
2005-02-22,57.57394409179688,58.16263652322357,57.45620776136103,57.45620776136103,10332000
2005-02-23,56.98523712158203,57.10297881160188,56.51428653036974,57.10297881160188,9570000
2005-02-24,56.5142822265625,56.98523278190987,56.27880425407784,56.74976019904716,9672000
2005-02-25,57.10297775268555,57.22071405089973,56.514285482370106,56.86749976663492,13158000
2005-02-28,57.69166946411133,57.92714746987938,57.220718842197925,57.573933156038656,15444000
2005-03-01,58.044883728027344,58.044883728027344,57.57393310651901,57.69166941449042,15024000
2005-03-02,59.45774841308594,60.39965516344294,58.986797732719126,58.986797732719126,42948000
2005-03-03,59.693241119384766,59.81097747100767,58.751334137527465,59.22229032326847,16116000
2005-03-04,58.75131988525391,59.45774860287067,58.51584723913057,59.45774860287067,20490000
2005-03-07,58.98678588867188,59.693214462188905,58.98678588867188,58.98678588867188,15312000
2005-03-08,58.869049072265625,59.22226335591998,58.28035680296763,58.98678537027632,15810000
2005-03-09,59.693241119384766,60.16419191550107,58.63359778590457,58.86907587877507,13332000
2005-03-10,58.869049072265625,59.69321393758503,58.75130738463268,59.33999965393068,10260000
2005-03-11,59.10451126098633,59.575467149346295,58.986774983706994,58.986774983706994,35520000
2005-03-14,58.16263198852539,59.45774769121611,58.16263198852539,59.45774769121611,10440000
2005-03-15,58.39808654785156,58.98677875108961,58.04487230383306,58.51582822227216,15234000
2005-03-16,58.39808654785156,58.39808654785156,57.69165805981456,58.16261397825365,7170000
2005-03-17,57.69166946411133,58.04488377795205,57.573933156038656,57.80941116180671,7758000
2005-03-18,58.16263198852539,58.515846341918014,57.5739396029966,57.69167592425303,7254000
2005-03-21,58.16263198852539,58.16263198852539,58.16263198852539,58.16263198852539,0
2005-03-22,57.33845901489258,58.39810202783488,57.22072269888446,58.39810202783488,12066000
2005-03-23,56.98523712158203,57.45619310241669,56.63202283076723,57.45619310241669,12906000
2005-03-24,56.04335021972656,57.10299336218174,55.92560849970461,56.98525164215979,13458000
2005-03-25,55.925594329833984,56.27880862115845,55.80785802926661,56.27880862115845,9888000
2005-03-28,56.87349319458008,57.11046789085049,56.04408989345211,56.28105916584354,6228000
2005-03-29,55.68861389160156,56.87347617052845,55.45163926626524,56.28104231912633,10722000
2005-03-30,55.0961799621582,55.57012378828217,54.62223613603423,55.45163918772051,11886000
2005-03-31,55.68861389160156,55.68861389160156,54.74072081413364,54.74072081413364,8706000
2005-04-01,56.04409408569336,56.399553444748754,54.74074129453046,55.57014465769992,18864000
2005-04-04,55.92560958862305,56.16258432622956,55.57015019415324,55.68864027489646,9042000
2005-04-05,56.51802062988281,56.87347987912736,55.92558673984933,55.92558673984933,5424000
2005-04-06,56.281044006347656,56.873477875510055,55.92558476962572,56.51801863878812,10278000
2005-04-07,56.162559509277344,56.51801874667783,55.92558487638451,56.399534142170175,8640000
2005-04-08,56.87349319458008,57.58441185951233,56.16257452964783,56.28105916584354,21270000
2005-04-11,55.68861389160156,56.87347617052845,55.68861389160156,56.51801694446265,10824000
2005-04-12,56.162559509277344,56.51801874667783,55.57012563898402,55.6886156673692,13116000
2005-04-13,56.63650894165039,57.11045825421855,56.281049669163295,56.754998981731454,19206000
2005-04-14,58.176849365234375,58.29533400851142,56.28106252952585,56.63652188323629,39888000
2005-04-15,56.281044006347656,57.46591174467246,56.16255940206618,56.99196247979153,15588000
2005-04-18,53.55586242675781,54.977699434336536,53.31888778420211,54.85920940111981,25800000
2005-04-19,54.50374984741211,55.45164298850824,54.148290597485776,54.74072448865557,21654000
2005-04-20,54.50374984741211,55.09618373858191,54.0298059888029,55.09618373858191,15294000
2005-04-21,54.38528060913086,54.38528060913086,53.31890255797143,53.79284655052698,13518000
2005-04-22,54.50374984741211,55.09618373858191,54.50374984741211,54.74072448865557,7080000
2005-04-25,54.38528060913086,54.740739959517335,53.911336616575305,54.38528060913086,7224000
2005-04-26,53.91130447387695,54.62222275079016,53.79281447847407,54.62222275079016,9606000
2005-04-27,53.7928466796875,54.02982138847389,53.437387328447535,53.674362037233934,6966000
2005-04-28,53.91130447387695,54.02978904540382,53.318870768490605,53.79281447847407,10734000
2005-04-29,53.91130447387695,53.91130447387695,53.91130447387695,53.91130447387695,0
2005-05-02,53.7928466796875,53.7928466796875,53.31890268599397,53.437387328447535,5112000
2005-05-03,53.7928466796875,53.7928466796875,53.7928466796875,53.7928466796875,0
2005-05-04,53.7928466796875,53.7928466796875,53.7928466796875,53.7928466796875,0
2005-05-05,53.7928466796875,53.7928466796875,53.7928466796875,53.7928466796875,0
2005-05-06,55.0961799621582,55.0961799621582,54.02980228547127,54.385261511033576,10104000
2005-05-09,57.34743118286133,57.58440585441923,54.029812900442735,54.62224686739829,58620000
2005-05-10,56.162559509277344,57.5843964588793,56.04407490476969,57.22893722147881,33252000
2005-05-11,56.87349319458008,57.11046789085049,56.04408989345211,56.51803386211395,18990000
2005-05-12,57.93986892700195,58.41381287713645,56.99197560285419,57.34743492142476,20934000
2005-05-13,57.821407318115234,58.41383613570031,57.58443253675266,58.0583766755969,19422000
2005-05-16,58.29532623291016,58.8877602180334,57.8213822991387,57.93986692661192,19188000
2005-05-17,58.29532623291016,59.24321952433163,57.58440762031368,58.8877602180334,21834000
2005-05-18,57.93986892700195,58.76927219570701,57.93986892700195,58.41381287713645,18990000
2005-05-19,58.88775634765625,59.12472558702797,58.295322401470514,58.53229706472045,17136000
2005-05-20,60.07265853881836,60.90206227281382,59.48022420088913,59.48022420088913,41868000
2005-05-23,61.25748062133789,61.49445528202183,60.072618165674506,60.428077444761335,20544000
2005-05-24,61.3759651184082,61.73142436537991,60.54655659288909,61.3759651184082,19500000
2005-05-25,60.54656600952149,61.84991859241698,59.95413745501504,61.25748461403202,18234000
2005-05-26,61.84990692138672,62.08688155279947,60.54655458443281,60.78352921584556,36624000
2005-05-27,63.0347900390625,63.2717647487028,61.9684119815001,62.20538669114039,27210000
2005-05-30,64.69359588623047,64.81208051762296,63.03478392734191,63.39024324539811,21972000
2005-05-31,65.52301025390625,65.52301025390625,63.74571336253556,64.57512219442833,16518000
2005-06-01,64.21964263916016,64.81207113423045,63.50872410597343,64.45661186763708,22074000
2005-06-02,64.93057250976562,65.16754177961937,63.74570446498128,63.982679158713935,28902000
2005-06-03,65.40451049804688,65.6414851701297,64.812076529779,65.6414851701297,22074000
2005-06-06,65.40451049804688,65.40451049804688,64.57510728157459,64.57510728157459,10362000
2005-06-07,63.86418151855469,65.16752850897483,63.74569148387809,65.16752850897483,19902000
2005-06-08,63.50873565673828,63.74570492831442,62.67932693458493,63.39024559707126,26856000
2005-06-09,61.968406677246094,63.271759332886894,61.49446272241254,62.44235605595847,25530000
2005-06-10,62.6793212890625,63.034780588289465,61.73143344037623,61.73143344037623,34794000
2005-06-13,63.39024353027344,64.10116216958072,62.91629957869483,63.03478421061979,15312000
2005-06-14,62.6793212890625,63.27175526240026,62.442352038830165,62.79781133805713,9630000
2005-06-15,63.15327453613281,63.50873385730452,62.67932515865134,63.39024380099475,9738000
2005-06-16,61.3759651184082,63.50872060023848,60.9020158398608,63.15326135326677,38142000
2005-06-17,62.44237518310547,62.67934452117052,61.375996890171294,61.84994099018188,14916000
2005-06-20,62.91628646850586,63.15326110685493,62.086883370100594,62.56082722292109,12144000
2005-06-21,62.323875427246094,63.27176890418249,62.205390776583904,62.91630952831629,10002000
2005-06-22,62.79781723022461,62.9163018664579,61.968408504954624,62.44235789764575,5682000
2005-06-23,63.74568939208984,63.86417942287825,62.442342444438495,62.67931165826003,15534000
2005-06-24,63.27179336547852,63.27179336547852,62.32389952208006,62.560874338900106,15864000
2005-06-27,62.20536804199219,62.91628653390067,61.9683934033968,62.67931189530529,8568000
2005-06-28,63.50873565673828,63.50873565673828,62.08689833176562,62.56084229879686,10938000
2005-06-29,64.57511138916016,64.81208065243804,63.86419275156896,64.45662133364245,18756000
2005-06-30,64.21964263916016,64.33812725339861,63.74569333445036,64.10115260104372,8136000
2005-07-01,63.74568939208984,64.45660788130972,63.39023014747991,63.98266402978902,8364000
2005-07-04,64.69359588623047,64.81208051762296,63.98267725011805,64.21965193678177,11352000
2005-07-05,64.10115051269531,65.28601831199008,63.86418129193859,64.9305590569772,14550000
2005-07-06,63.50873565673828,64.69359828625585,63.50873565673828,64.69359828625585,4386000
2005-07-07,63.74568939208984,63.98266402978902,63.39023014747991,63.74568939208985,5592000
2005-07-08,63.74568939208984,64.45660788130972,63.50872017826831,63.74568939208985,15288000
2005-07-11,64.45663452148438,64.81209391300705,64.33814986560344,64.57512460124518,6522000
2005-07-12,65.0490493774414,65.40450866365693,64.57510547044679,64.81207471200497,24312000
2005-07-13,65.0490493774414,65.28602404287784,64.81207471200497,65.16753399822049,9588000
2005-07-14,66.23391723632812,66.47089192101144,65.40451397575457,65.40451397575457,28662000
2005-07-15,65.40451049804688,66.5893730107042,65.40451049804688,66.5893730107042,25014000
2005-07-18,65.40451049804688,65.40451049804688,65.40451049804688,65.40451049804688,0
2005-07-19,65.0490493774414,65.40450866365693,64.21964618423127,65.40450866365693,22008000
2005-07-20,65.28601837158203,65.52298759255505,64.69358447139388,65.16752833721772,11754000
2005-07-21,66.23391723632812,66.58937655141375,66.23391723632812,66.47089192101144,10374000
2005-07-22,65.28601837158203,65.87844684789238,64.9305591162447,65.87844684789238,6516000
2005-07-25,65.40451049804688,65.7599697942319,64.6935919056768,65.52299512214908,8628000
2005-07-26,64.69359588623047,65.4045145223429,64.57511125483799,65.04905520428669,6186000
2005-07-27,65.16754913330078,65.16754913330078,64.21966109916576,64.21966109916576,6684000
2005-07-28,65.16754913330078,65.64149857424782,64.69360511623327,64.93057983670678,11886000
2005-07-29,66.82635498046875,67.06332967843008,65.87846161250242,66.23392094750491,20466000
2005-08-01,70.6178970336914,71.68427464616052,66.4708711772414,66.82633038139778,53328000
2005-08-02,71.68428039550781,72.27670883403206,71.09184653310611,71.09184653310611,50676000
2005-08-03,72.03975677490234,72.27672603716391,71.09186345421983,71.80278208876203,21348000
2005-08-04,71.21036529541016,71.80279944200053,70.61793657269982,71.32885537905626,14112000
2005-08-05,70.2624740600586,71.44733687692326,70.02549932713373,70.97339283495336,21240000
2005-08-08,72.03975677490234,72.86916004057532,67.53727028150884,68.12970428492025,30138000
2005-08-09,72.1582260131836,72.86914449607211,71.32882292443954,71.80276677173934,12990000
2005-08-10,74.29100036621094,74.76494433411229,72.86916303862796,73.3431070065293,24504000
2005-08-11,75.12039947509766,75.7128334698321,74.29099622157234,74.29099622157234,16506000
2005-08-12,74.76496124267578,75.59437015392784,74.5279919170725,75.1204206549609,15066000
2005-08-15,75.47589111328125,75.83135057758851,73.93556857591011,73.93556857591011,11754000
2005-08-16,74.76496124267578,76.0683142290146,74.40950183039067,75.83133947953112,12276000
2005-08-17,73.8170394897461,75.12038645889929,73.8170394897461,74.40946795795111,16644000
2005-08-18,75.2388916015625,75.475860866883,74.29099826864413,75.00191691236321,10392000
2005-08-19,75.12039947509766,75.12039947509766,74.29099622157234,74.29099622157234,7788000
2005-08-22,76.66073608398438,77.13468008298611,74.76494924021877,74.8834393078787,14772000
2005-08-23,76.54222869873047,78.4380151135765,76.068284806958,76.77920335655574,16830000
2005-08-24,76.18675994873047,76.89767840991264,75.94979074425468,76.54221917932155,11514000
2005-08-25,75.8313217163086,76.30527110425456,75.00191842322155,75.35737775224156,8784000
2005-08-26,76.06829071044922,76.54223463900341,75.47585673184759,75.83131603423287,7698000
2005-08-29,75.59434509277344,76.186773634259,74.52796720944534,76.186773634259,12498000
2005-08-30,75.2388916015625,75.83132018874254,75.12040154502346,75.35737623422276,7272000
2005-08-31,75.00192260742188,75.47586659792925,74.88343796576484,75.12040724907891,9720000
2005-09-01,76.54222869873047,76.77920335655574,75.23888164038668,75.59434091518554,14394000
2005-09-02,76.89769744873047,76.89769744873047,76.18677881153457,76.54223813013252,6258000
2005-09-05,77.37164306640625,77.72710236774674,76.77920908954593,76.8976937153666,6426000
2005-09-06,76.66073608398438,78.20105814864951,76.66073608398438,77.84559879342838,10926000
2005-09-07,76.89769744873047,77.96407540452432,76.7792128171574,77.84559077295125,8664000
2005-09-08,75.94979858398438,76.77920173301752,75.35736466388757,76.77920173301752,8178000
2005-09-09,77.60862731933594,77.84560204066157,75.94982054169512,77.1346833005642,31224000
2005-09-12,77.84557342529297,78.79346653827855,77.37162958073895,78.79346653827855,6822000
2005-09-13,78.20104217529297,78.67498607748686,77.72709827309909,78.20104217529297,6978000
2005-09-14,77.25316619873047,78.31954428471239,76.7792221906983,78.20105963867421,10308000
2005-09-15,78.91197204589844,79.03045668245214,76.42375671111786,76.42375671111786,13452000
2005-09-16,78.43801879882812,79.14893738182693,77.84558483836966,79.14893738182693,5568000
2005-09-19,78.43801879882812,78.43801879882812,78.43801879882812,78.43801879882812,0
2005-09-20,81.04472351074219,81.28169819446416,79.14894231260253,79.26742694252417,13614000
2005-09-21,80.80775451660156,81.40018855567973,80.09683583925937,81.04472921700864,9624000
2005-09-22,80.33381652832031,80.452301175417,79.14895378571494,80.09684181024744,8760000
2005-09-23,80.33381652832031,80.33381652832031,80.33381652832031,80.33381652832031,0
2005-09-26,81.75564575195312,81.87413038711225,80.33380843452785,80.33380843452785,7962000
2005-09-27,82.11317443847656,82.70905739523232,81.39811052596589,81.99399348272165,7182000
2005-09-28,83.78165435791016,84.2583672761447,82.94741493425687,82.94741493425687,10932000
2005-09-29,83.66249084472656,84.49673038792426,82.94742682041266,84.02002285688351,9126000
2005-09-30,82.9474105834961,84.02000641000681,82.7090541368811,83.90083091445156,9618000
2005-10-03,82.82823181152344,83.66247115841936,81.8748115182822,83.06658279320555,7494000
2005-10-04,85.45014190673828,85.45014190673828,83.78165754054578,84.02001400871755,12978000
2005-10-05,84.854248046875,86.52273230654967,84.37754059646993,85.4501364515098,13926000
2005-10-06,82.11317443847656,84.02000972000344,81.63646152646632,83.66247776374811,12192000
2005-10-07,80.80220794677734,81.87480362748677,80.80220794677734,81.51727173391696,7764000
2005-10-10,80.80220794677734,80.80220794677734,80.80220794677734,80.80220794677734,0
2005-10-11,82.23236083984375,82.23236083984375,79.9679933018861,80.68305730918908,7908000
2005-10-12,82.9474105834961,83.78164996339183,81.27892636820013,81.7556392614301,11472000
2005-10-13,80.92140197753906,81.63646592860864,80.44469449532767,81.04058293972065,9978000
2005-10-14,81.39810180664062,82.70904853547906,81.04056988868393,82.70904853547906,12108000
2005-10-17,81.04056549072266,82.23233666740111,80.32550169361483,81.63644835130997,5712000
2005-10-18,82.5898666381836,84.13916967725291,81.6364464457928,82.23233474797502,13224000
2005-10-19,81.39810180664062,82.58987304799487,81.04056988868393,81.39810180664062,9792000
2005-10-20,81.75564575195312,82.947417168633,81.63646479143169,81.99399676198615,10668000
2005-10-21,81.39810180664062,81.7556337245973,80.20632510978224,80.80221345821144,7458000
2005-10-24,81.51726531982422,81.99397265524021,81.15973345438638,81.63644078980238,3894000
2005-10-25,83.06659698486328,83.30495346277209,82.35153300664207,82.82824596245969,6534000
2005-10-26,84.13919830322266,84.13919830322266,82.70907025582791,82.8282512301145,6552000
2005-10-27,82.9474105834961,84.49671384773231,82.9474105834961,84.49671384773231,6558000
2005-10-28,83.30494689941406,84.37754278223913,82.82823943666007,83.18577139760175,7938000
2005-10-31,89.14463806152344,89.74052651023919,83.7816583895968,84.0200148601841,31620000
2005-11-01,94.2692642211914,95.10350916667448,92.36243421867356,92.71996620802194,28200000
2005-11-02,94.74595642089844,94.74595642089844,91.88570113272036,92.24323304374262,22032000
2005-11-03,96.77198791503906,96.77198791503906,94.74597695058353,94.74597695058353,22032000
2005-11-04,96.77198791503906,97.7254138250267,96.29528587105564,96.77198791503906,18684000
2005-11-07,97.72541046142578,98.08294243761269,96.17610159427916,97.36787848523886,14790000
2005-11-08,98.67880249023438,99.5130472110915,96.53361113175102,97.48702587629668,18840000
2005-11-09,97.72541046142578,98.91717644137547,95.5802186043043,97.72541046142577,13674000
2005-11-10,99.155517578125,100.58564518304505,97.9637409370224,98.91715570329984,14748000
2005-11-11,98.08294677734376,100.10895776170815,97.48705284999323,100.10895776170815,12522000
2005-11-14,98.08294677734376,98.67882979368376,97.12952085798716,97.36788279333156,5964000
2005-11-15,97.8445816040039,98.91717754452652,97.4870496238297,98.79800749180856,7326000
2005-11-16,96.65281677246094,98.32129572965776,95.6993908731968,98.20211476449718,16416000
2005-11-17,99.27471160888672,99.98977558424728,96.891168661355,97.36788161526547,21348000
2005-11-18,102.37332916259766,102.85003120419306,100.22813724238728,100.466488263185,15966000
2005-11-21,101.89659881591795,104.63767327571762,101.1815349645782,103.80343938982686,12942000
2005-11-22,102.37332916259766,103.44592512270285,102.01579717589593,103.0883931360011,11454000
2005-11-23,102.37332916259766,102.37332916259766,102.37332916259766,102.37332916259766,0
2005-11-24,100.82401275634766,102.969204517121,100.46648079621876,102.37332155390936,11640000
2005-11-25,105.59111785888672,106.06781990416592,101.41990404112592,101.53908500795092,21996000
2005-11-28,108.21297454833984,108.33215547409245,105.23354960358486,107.02120893484052,17682000
2005-11-29,110.11981964111328,111.19241528696828,108.21297930036869,108.8088730442929,24516000
2005-11-30,109.64312744140624,110.47737229313636,108.68971254729271,110.00065939057498,9972000
2005-12-01,112.38421630859376,112.62256731140307,109.64313067674374,110.00066263646248,11532000
2005-12-02,116.9129409790039,117.38965385547264,115.00610038413758,115.60199420747564,21048000
2005-12-05,120.8458251953125,120.96500617471804,118.46228198428255,118.58145205267655,17226000
2005-12-06,117.7471923828125,119.77320312706324,117.15129852608466,118.70060727816416,12234000
2005-12-07,116.79376220703124,119.0581347736634,115.72116639825953,117.7471879777231,13206000
2005-12-08,111.90750122070312,116.43623565226947,111.43078831332429,115.60200170311816,20100000
2005-12-09,118.34310913085938,118.93899224678005,110.7157550564182,110.7157550564182,32844000
2005-12-12,118.46224212646484,119.41565690788846,117.3896464057353,118.46224212646484,20310000
2005-12-13,120.3690948486328,121.68005270020582,118.58143497013327,118.7006159323699,18132000
2005-12-14,114.64854431152344,119.89235211539784,113.21841689428612,119.29645841754474,22698000
2005-12-15,111.4307632446289,114.41019915119352,111.4307632446289,113.45678446193584,20622000
2005-12-16,111.31160736083984,115.00609657017372,109.16641585438474,110.35818163952098,14808000
2005-12-19,112.5033721923828,112.74173407619628,110.23901067321204,111.1924254754414,12444000
2005-12-20,114.41021728515624,114.88693016084729,111.31161087068614,111.31161087068614,11676000
2005-12-21,114.76776123046876,116.31707005542223,113.81434629027184,114.6485802713155,12552000
2005-12-22,117.27046966552734,117.62800158523932,112.98008662898368,114.64856528397011,16788000
2005-12-23,117.27046966552734,117.27046966552734,117.27046966552734,117.27046966552734,0
2005-12-26,117.50887298583984,119.05818229839896,117.15134090686568,118.10476705813888,10302000
2005-12-27,114.8869400024414,117.62801472270492,113.21845025009884,117.62801472270492,7266000
2005-12-28,116.9129409790039,117.74718578507203,115.00610038413758,115.24446227787624,11610000
2005-12-29,115.60201263427734,118.8198005135829,115.0061187159546,116.91295961476877,17910000
2005-12-30,113.93351745605467,115.72117730584117,113.81434740674214,114.52941134665672,6840000
2006-01-02,113.93351745605467,113.93351745605467,113.93351745605467,113.93351745605467,0
2006-01-03,113.93351745605467,113.93351745605467,113.93351745605467,113.93351745605467,0
2006-01-04,116.79376220703124,118.34307090114892,115.72116639825953,118.34307090114892,8790000
2006-01-05,117.7471923828125,118.34307532853114,116.91294752999904,117.7471923828125,16902000
2006-01-06,115.00607299804688,116.79373222035332,114.52937114610248,114.64854115358558,19362000
2006-01-09,115.00607299804688,115.00607299804688,115.00607299804688,115.00607299804688,0
2006-01-10,116.07872772216795,116.79379177571522,115.00613164184708,116.67462170746504,14448000
2006-01-11,116.4362335205078,117.62801031163072,114.41022279550708,116.4362335205078,16920000
2006-01-12,121.91836547851562,123.70602479638242,117.98551497920866,117.98551497920866,29094000
2006-01-13,126.68547058105467,129.06901288843702,121.9183750552826,123.22932168769177,36588000
2006-01-16,124.42112731933594,125.73207425753635,121.32252050585772,125.01701030742522,16116000
2006-01-17,119.65401458740234,126.20877021877,118.70059975249757,122.03756804117704,15558000
2006-01-18,111.31160736083984,121.08413917179652,111.31160736083984,118.10471379794768,26844000
2006-01-19,122.27596282958984,123.22937800607178,120.84583460936072,122.03761176322249,27576000
2006-01-20,121.4416732788086,125.49370538994054,119.1773116996244,123.34851384481335,26526000
2006-01-23,119.05811309814452,120.96495338136332,116.31703905621056,116.67457092737614,14520000
2006-01-24,123.82526397705078,124.65949811053126,121.44170982450504,123.3485509643393,19848000
2006-01-25,128.11563110351562,130.14164204040125,122.39511936547602,123.94441735385492,27732000
2006-01-26,128.47317504882812,130.49918617434852,126.56633398827226,130.49918617434852,10230000
2006-01-27,133.4785919189453,133.4785919189453,128.94984682823073,130.85668744068997,18450000
2006-01-30,137.64981079101562,138.96075773297434,134.90873594473467,135.86215091061285,16176000
2006-01-31,138.2456817626953,142.65524605468872,137.05391588670395,139.43745854969572,19500000
2006-02-01,137.05389404296875,139.91414914709327,135.26623460289093,135.98129837892205,10884000
2006-02-02,138.9607391357422,143.25112227452334,138.60320720751042,142.89359034629155,18942000
2006-02-03,136.45802307128906,138.24568280982564,134.78954428565797,138.24568280982564,13350000
2006-02-06,142.05934143066406,143.8470008827655,136.69636307435974,137.05389496478003,22350000
2006-02-07,152.189453125,154.0962941215902,145.15799399852813,145.39634503147283,51402000
2006-02-08,143.60865783691406,150.99765848136215,143.2511258996346,149.0908178455354,31248000
2006-02-09,151.83189392089844,153.50038358565058,146.82644674865992,150.7592980982759,38592000
2006-02-10,145.038818359375,153.1428847095976,142.65527520925667,152.78535269152928,36450000
2006-02-13,140.03335571289062,148.3757722473345,139.67582373157174,147.42235726748754,28518000
2006-02-14,147.54153442382812,150.04425841355143,139.4374794274419,139.4374794274419,32112000
2006-02-15,141.5826873779297,151.2360524264249,140.15255922259706,150.64016933204027,23772000
2006-02-16,142.29774475097656,147.89907612510837,140.7484356853608,143.9662238832472,20928000
2006-02-17,145.99221801757812,151.47436736520982,143.60866438633803,147.06481387833335,31578000
2006-02-20,132.1676483154297,145.2771611933746,132.0484782657641,143.01278840660015,32604000
2006-02-21,144.4429168701172,144.4429168701172,136.45803251504634,137.64980939355226,24576000
2006-02-22,146.5880889892578,148.97163151468197,144.8004293674376,146.5880889892578,17922000
2006-02-23,149.32919311523438,151.831917083149,146.230586125296,148.85249106201962,20478000
2006-02-24,148.9716033935547,148.9716033935547,144.08533831995453,144.56205109945444,15048000
2006-02-27,152.78533935546875,153.5004033291901,149.68672152866927,151.83191344983337,19356000
2006-02-28,155.8839569091797,156.00313788326991,149.92509369185694,154.33464789005112,30294000
2006-03-01,150.52096557617188,154.93053035832048,150.28261455668095,153.5004024193545,24156000
2006-03-02,147.3031768798828,153.5004015506677,146.94564489716464,152.90450763879727,17238000
2006-03-03,144.08538818359375,147.54152702576673,143.13197320565197,144.9196331086742,14418000
2006-03-06,144.20455932617188,144.562091282426,139.19911193861395,143.96619741466284,17130000
2006-03-07,144.91958618164062,145.63464991130166,140.74837381794677,144.323692466252,13776000
2006-03-08,139.1991424560547,143.01281385518914,137.88818438837427,142.5361008386679,18264000
2006-03-09,144.08538818359375,145.99222905048754,138.36487649392254,139.19912141900298,22008000
2006-03-10,147.18402099609375,150.5209903737672,144.08541358819045,144.20459457307552,27576000
2006-03-13,149.805908203125,154.4538242094272,148.25659923068736,154.3346432389287,17838000
2006-03-14,148.25653076171875,150.7592536092856,146.94558433570947,150.64008360483382,12186000
2006-03-15,148.9716033935547,149.80584802992792,147.77983781131448,147.77983781131448,10500000
2006-03-16,146.5880889892578,148.85246148056623,142.41688684201347,148.018216686714,17454000
2006-03-17,147.0648193359375,148.49494720335014,143.48949966740588,148.25658528477487,8148000
2006-03-20,149.20999145507812,149.68669340732842,144.2045445793919,144.6812465316422,11262000
2006-03-21,149.20999145507812,149.20999145507812,149.20999145507812,149.20999145507812,0
2006-03-22,151.47438049316406,152.42780639269515,148.37577359721365,150.16343352007164,13722000
2006-03-23,151.83189392089844,153.1428516447764,150.4017661574017,152.42778776302802,18414000
2006-03-24,153.1428985595703,154.09631372364055,151.11687633327915,153.38124962283482,10740000
2006-03-27,153.02371215820312,154.21548925438313,152.54699913752876,153.14289314112472,10566000
2006-03-28,155.0528564453125,155.0528564453125,150.9945024414801,153.26240775656754,7800000
2006-03-29,159.23056030273438,159.70801691076497,153.50112471849167,153.9785813265223,23982000
2006-03-30,157.9176025390625,160.90168786237265,157.55951273738663,159.349961745766,15924000
2006-03-31,159.11119079589844,159.5886364352358,158.27564453501273,159.2305467417177,13158000
2006-04-03,170.80877685546875,172.36050244022857,161.14035552402711,161.14035552402711,52932000
2006-04-04,169.73452758789062,172.71861223598063,168.89898126369798,170.68942986694577,22458000
2006-04-05,170.45074462890625,175.82209162351464,168.5409287214788,170.68946751932216,26574000
2006-04-06,169.37643432617188,173.19605429056858,166.98917321442778,172.83796457740544,20736000
2006-04-07,167.82470703125,169.01834304002878,166.3923481919277,167.10852761158887,19452000
2006-04-10,169.49578857421875,170.68941357711572,165.55680202299277,167.10851671236483,13206000
2006-04-11,166.75042724609375,168.89896536778156,164.84062286772456,168.0634300502563,11916000
2006-04-12,161.61782836914062,166.63108437985812,161.49846148811326,166.63108437985812,16110000
2006-04-13,164.48257446289062,165.67619976694195,160.54358691784924,161.85657912351877,16866000
2006-04-14,165.07936096191406,166.39235295957045,162.93082264136854,166.39235295957045,11946000
2006-04-17,160.66294860839844,164.96002608316718,160.18550284100178,164.72130319946885,8502000
2006-04-18,165.19874572753906,165.7955583496191,159.1112198270131,159.1112198270131,11016000
2006-04-19,165.19874572753906,168.0634637983748,164.36319931420124,167.1085504894081,17736000
2006-04-20,162.21469116210938,165.7955894217586,161.1404216842146,164.12450720993368,11382000
2006-04-21,161.4984588623047,165.91490225213997,160.66291256476,162.09527140167623,13458000
2006-04-24,155.4109344482422,158.75310872421463,154.4560321956918,156.36583670079256,15396000
2006-04-25,155.2915802001953,157.44011863922043,152.78495202133263,153.02368579991207,10758000
2006-04-26,155.8883514404297,158.03688915892857,155.53026182067987,156.3657969814108,9876000
2006-04-27,161.61782836914062,162.21464091821576,157.7981974565734,158.27565405265202,16614000
2006-04-28,157.20140075683594,162.93083677530834,155.17222914297096,162.33402416606145,17982000
2006-05-01,153.38177490234375,154.8141338557414,152.4268616480576,152.78495138640702,23226000
2006-05-02,156.2465057373047,157.91758767852696,153.14305379613586,154.21732310007144,14184000
2006-05-03,156.2465057373047,156.2465057373047,156.2465057373047,156.2465057373047,0
2006-05-04,156.2465057373047,156.2465057373047,156.2465057373047,156.2465057373047,0
2006-05-05,156.2465057373047,156.2465057373047,156.2465057373047,156.2465057373047,0
2006-05-08,156.3658447265625,160.90165524705492,153.9785835086405,160.54356551796505,22494000
2006-05-09,156.4852294921875,157.20140903219752,154.21732397281164,155.7690499521775,13968000
2006-05-10,152.54624938964844,156.48523704994454,151.83006981504917,156.48523704994454,21336000
2006-05-11,153.14303588867188,154.69476167780846,151.71067698424773,153.26240277338428,14766000
2006-05-12,149.2040252685547,150.87511767771343,144.54885956652427,150.03957147313406,25620000
2006-05-15,143.23587036132812,145.5037752847257,141.32605511383386,143.8326828451571,28764000
2006-05-16,135.8353729248047,144.0714366159003,134.99982658882809,143.2358902799237,23472000
2006-05-17,142.63905334472656,143.95204513863803,137.50643117720648,137.74515397754604,29166000
2006-05-18,139.53562927246094,141.3260779411753,137.50645775726184,137.86454749100469,15276000
2006-05-19,137.5064697265625,139.0581956838626,134.8804744745236,137.8645594914754,20946000
2006-05-22,142.99717712402344,145.742528230988,141.80354098150184,142.16163073145512,37170000
2006-05-23,138.81944274902344,142.40033990444132,137.98390736477984,138.22263019913075,19782000
2006-05-24,144.5489044189453,144.5489044189453,139.89373727245209,142.04227595544896,14868000
2006-05-25,140.60989379882812,144.42952478378163,140.0130812384427,144.42952478378163,11646000
2006-05-26,150.03958129882812,150.39767099166542,144.66823590626865,144.90695872548346,31782000
2006-05-29,151.23326110839844,153.73988968517833,150.75580440347687,153.5011558687009,22644000
2006-05-30,150.75584411621094,151.94948072893095,148.72667170981956,151.35265695855284,15660000
2006-05-31,149.2040252685547,149.9202046073286,146.33930791345904,148.36848999200475,29232000
2006-06-01,146.33934020996094,151.35259668778377,144.66825836003062,151.35259668778377,17124000
2006-06-02,150.15892028808594,150.99445546419477,139.7743211242142,146.4586571732257,20634000
2006-06-05,145.3844451904297,147.65235068747347,143.83271922634367,146.5780813880368,14076000
2006-06-06,150.15892028808594,152.30745804612835,145.02629866786407,145.2650214427483,40848000
2006-06-07,145.3844451904297,151.59133811874128,144.19080899282258,149.20406572352704,24936000
2006-06-08,140.25184631347656,144.07147844870252,138.10330733542483,143.2359318701154,30708000
2006-06-09,142.63905334472656,147.29421898353826,137.9838877059149,137.9838877059149,41442000
2006-06-12,141.32606506347656,142.63906791957993,138.70008120733073,139.05817090844428,12864000
2006-06-13,132.1350555419922,138.81939075238938,132.1350555419922,138.58066800745524,25284000
2006-06-14,134.16424560546875,135.47724821264447,127.7186322074262,127.83799906117716,14604000
2006-06-15,139.89369201660156,141.08732787480085,136.9096187631473,138.93878988685972,16704000
2006-06-16,144.3101348876953,146.69739567657712,142.4003196997723,146.69739567657712,16722000
2006-06-19,146.33934020996094,147.41360945520867,142.99717651010027,144.90698121629725,16170000
2006-06-20,145.50375366210938,147.65229139824538,144.1907510935631,145.38438681187026,22866000
2006-06-21,143.23587036132812,145.86186496062902,141.4454219818115,145.26504154877037,12462000
2006-06-22,147.2942657470703,148.0104453034936,143.8327239390025,145.62317283006075,20052000
2006-06-23,149.3234405517578,151.59134616924237,144.1908166503067,144.90699622129833,14850000
2006-06-26,150.9945068359375,151.3525965841081,147.2942533901956,150.9945068359375,11814000
2006-06-27,152.7849578857422,152.7849578857422,149.80088389124492,151.35259887141325,11940000
2006-06-28,148.72662353515625,150.87516218528836,146.45871798400592,150.3977055092481,18864000
2006-06-29,148.96531677246094,150.75576529136072,146.69741167251107,150.15895276107096,18216000
2006-06-30,150.75584411621094,152.6656605109557,150.39775422519855,150.8752110558938,22572000
2006-07-03,156.96270751953125,157.3207973382617,153.1430755010503,153.1430755010503,21558000
2006-07-04,159.11119079589844,159.94672612875394,157.6788320218259,157.91755484149462,19482000
2006-07-05,155.4109344482422,158.39501901350437,154.5753881472414,156.7239264115028,12498000
2006-07-06,154.0979461669922,157.2013867579575,153.50112268286085,155.53030504405783,16242000
2006-07-07,154.4560546875,156.84331613052305,153.97859802768247,155.17223421321015,13974000
2006-07-10,157.55946350097656,158.27564288052645,151.94939533717908,153.97856660322708,15822000
2006-07-11,164.3632049560547,165.79556404063905,158.51440171799106,159.34994816000943,78234000
2006-07-12,158.51441955566406,162.6921413078437,156.9627043247711,161.97596168495963,26094000
2006-07-13,156.0077667236328,158.51439501566992,154.33668483828544,155.2915872116222,13668000
2006-07-14,150.03958129882812,153.62047822720112,149.56212473236835,151.23321725096253,17886000
2006-07-17,156.2465057373047,156.2465057373047,156.2465057373047,156.2465057373047,17886000
2006-07-18,144.78761291503906,150.1589586835933,143.11652027946823,150.1589586835933,24738000
2006-07-19,145.2650909423828,148.84598891900714,144.7876451641885,145.8619145571758,12024000
2006-07-20,153.8591766357422,154.21726627176645,149.44274507679543,152.4268180916452,18750000
2006-07-21,154.336669921875,157.3207545761892,154.09794708362105,156.36584136711127,23850000
2006-07-24,152.42686462402344,154.8141368783161,149.800880443546,151.11387253378473,9084000
2006-07-25,155.53033447265625,158.0369629818117,154.93351087559722,156.36587002368603,11754000
2006-07-26,157.20140075683594,158.7531266545162,155.76904175221784,155.76904175221784,12534000
2006-07-27,159.58865356445312,159.82738733777614,155.41094366767658,157.20139232744245,16524000
2006-07-28,164.2438201904297,165.67617911920678,158.3950285166108,158.51438447532132,20358000
2006-07-31,170.57008361816406,172.1217985439232,166.1536398361635,166.9891862079019,36960000
2006-08-01,165.4374542236328,172.71861566403112,164.72127476811926,168.30217204568706,39468000
2006-08-02,166.51171875,167.94407762096773,163.6470010080645,163.6470010080645,26490000
2006-08-03,165.31809997558594,166.86982589049248,164.96001022045613,165.55683376436053,16920000
2006-08-04,161.85653686523438,166.75042556140332,160.30481126146037,165.07934401520586,24600000
2006-08-07,157.9176025390625,161.6178674657244,157.67887964728973,160.90168786237265,17400000
2006-08-08,164.7212677001953,165.07935741258703,160.18546831924365,160.90164774402712,28902000
2006-08-09,165.07936096191406,165.5568175647123,161.14037404091394,163.05018952407585,28326000
2006-08-10,163.2888946533203,165.67615555235892,161.8565359282912,162.69208216056813,22320000
2006-08-11,160.1854705810547,162.4533648395377,159.5886470999542,162.4533648395377,34452000
2006-08-14,158.15626525878906,160.7822597813389,155.76900446521697,158.9918114541525,39516000
2006-08-15,159.23056030273438,160.4241963587953,157.55947856667396,157.67884545068938,25128000
2006-08-16,161.85653686523438,162.93080591522488,160.30481126146037,161.0209906281207,26826000
2006-08-17,162.09527587890625,164.7212707951288,161.9759199245536,162.93082219952956,25470000
2006-08-18,161.4984588623047,162.3340051598494,159.7080103161594,161.9759154506203,15588000
2006-08-21,161.4984588623047,164.60189936627964,160.66291256476,163.8857199478215,22026000
2006-08-22,162.33399963378906,163.40826872490672,160.42418427356978,161.85654306172663,24078000
2006-08-23,162.69210815429688,162.69210815429688,160.06611309617168,162.33401841582668,20154000
2006-08-24,159.7080078125,161.7371791569775,158.036926171638,160.90164380056174,14556000
2006-08-25,165.4374542236328,167.46662570491085,161.49846721830824,162.33401355908447,43956000
2006-08-28,161.4984588623047,165.19872283368184,161.02100227398907,164.48254341522372,13854000
2006-08-29,163.64703369140625,164.60193615341944,161.25977207235664,162.81148720712395,9486000
2006-08-30,165.6761932373047,166.98919631925884,163.64702155796505,164.1244782175877,20262000
2006-08-31,165.5568084716797,166.27298787252613,164.48253937041002,164.84062907083324,15216000
2006-09-01,165.6761932373047,166.15364989692733,163.76638845487878,163.76638845487878,13182000
2006-09-04,166.75042724609375,169.2570550547295,166.39233755914577,166.86979411775306,10272000
2006-09-05,168.89898681640625,169.25707654882834,167.34727192793147,167.82471761914,16872000
2006-09-06,167.82470703125,169.49579962914646,166.27299224067133,169.37643274985936,13206000
2006-09-07,162.33399963378906,166.75043194525256,161.2597305426714,166.75043194525256,19548000
2006-09-08,165.19874572753906,166.0342812128447,160.1854891035765,160.3048450711732,31482000
2006-09-11,160.7823028564453,165.91492641213472,160.06612333369944,165.91492641213472,12918000
2006-09-12,158.0369415283203,161.73719487321893,157.55948490109435,161.14038228521014,13188000
2006-09-13,158.0369415283203,162.0952846116305,157.67885178990875,160.42420280838698,14286000
2006-09-14,159.58865356445312,160.30483302835947,158.0369386780103,158.6337512552551,10182000
2006-09-15,157.3207550048828,158.7531138943718,155.88839611539385,158.156290405064,9924000
2006-09-18,157.3207550048828,157.3207550048828,157.3207550048828,157.3207550048828,0
2006-09-19,157.4401092529297,159.5886475638629,156.60457386180963,156.72392981595195,7932000
2006-09-20,154.4560546875,155.64967994499537,151.11387992484185,153.50114136786493,27024000
2006-09-21,156.2465057373047,157.91758767852696,153.62051046278472,156.36586170794254,15918000
2006-09-22,151.710693359375,155.172235037381,151.352603594618,153.85923194791704,18504000
2006-09-25,148.60723876953125,151.2332337800234,147.771692418913,149.2040513468121,15834000
2006-09-26,148.60723876953125,152.562108736226,148.48739056772072,149.2064578343925,10614000
2006-09-27,152.08270263671875,152.32238803000297,149.2064340289321,149.92550118087877,16044000
2006-09-28,155.4384002685547,156.03761942002157,151.72321519642648,153.16134993762483,16266000
2006-09-29,154.95904541015625,157.71546715451728,153.4010621779004,157.71546715451728,11676000
2006-10-02,157.7154083251953,159.03370555771278,154.71930219040868,154.83913941365924,11448000
2006-10-03,156.8765106201172,158.1947969372289,155.19867970150707,157.8352633078261,12438000
2006-10-04,151.48348999023438,157.5955610368929,149.92550743862327,157.5955610368929,18006000
2006-10-05,152.32244873046875,155.43841494534553,151.363695803175,154.83918476520088,15060000
2006-10-06,151.7231903076172,153.64070663869634,149.80567397653806,150.88427485550216,14616000
2006-10-09,151.7231903076172,151.7231903076172,151.7231903076172,151.7231903076172,0
2006-10-10,151.12399291992188,153.64072866497636,148.3675607415594,149.32632453059728,20406000
2006-10-11,146.33016967773438,151.48348807395465,145.49125431869544,151.00410630134752,20034000
2006-10-12,147.04925537109375,151.4835071529337,146.21033990639546,147.1691035723637,19374000
2006-10-13,151.48348999023438,152.20255717219422,148.12783948372373,148.12783948372373,28542000
2006-10-16,152.68197631835938,154.23995936323274,151.60337520393117,153.28120647444032,20670000
2006-10-17,150.8843231201172,153.40105930941596,149.92557013394116,153.28122204370587,16656000
2006-10-18,151.3636474609375,151.72318106535778,149.0865976422441,150.0453612354281,14964000
2006-10-19,151.7231903076172,154.59945931818814,150.16520760285945,153.7605438660731,18942000
2006-10-20,151.48348999023438,151.84302358121428,149.3262884443549,149.3262884443549,13062000
2006-10-23,153.6407470703125,154.00028079124763,151.72323023462567,151.72323023462567,9450000
2006-10-24,155.7979278564453,156.5169951989026,154.59947862831754,155.55823142756162,20616000
2006-10-25,152.56214904785156,155.19872240758156,152.32245258089526,153.88043572771656,16686000
2006-10-26,155.55821228027344,157.23604318755153,154.95899322601443,154.95899322601443,22608000
2006-10-27,154.3597869873047,157.35589347944364,153.76055691119973,156.51698892825104,20010000
2006-10-30,148.84690856933594,152.8017781206951,148.3675267845336,152.2025591187631,19140000
2006-10-31,149.92552185058594,151.48350455196197,149.08660640029183,150.76443730088005,13686000
2006-11-01,151.12399291992188,151.96289752020863,148.72709441942433,149.20647631394326,14208000
2006-11-02,149.3262939453125,150.8842655822225,148.00799674842574,150.76442836221085,18366000
2006-11-03,149.3262939453125,149.3262939453125,149.3262939453125,149.3262939453125,0
2006-11-06,148.12786865234375,150.7644524960779,146.2103521321647,149.68585151074527,27588000
2006-11-07,144.5325469970703,149.08663686034177,143.45394590007726,148.60726590974335,39198000
2006-11-08,142.25546264648438,145.2515797474857,141.77609181023266,144.17297890777664,35382000
2006-11-09,138.30056762695312,141.2966841804249,136.2632145149645,140.937150632892,27540000
2006-11-10,140.69754028320312,143.21427645794125,133.86639923748533,135.9037534358594,36432000
2006-11-13,137.46168518066406,140.21810582585871,136.02355076193732,139.7387240289182,15426000
2006-11-14,141.65621948242188,143.93326896902997,140.2180852744785,143.5737354170441,17952000
2006-11-15,135.18463134765625,141.416550634523,135.06478315895484,141.416550634523,41166000
2006-11-16,134.5854034423828,137.58150921280537,133.98617351062325,135.18462240204855,20802000
2006-11-17,132.30841064453125,134.70529848434862,130.87027574622113,133.626697310616,21606000
2006-11-20,124.99786376953124,130.9900986694442,124.51849287744764,130.03133494108414,28242000
2006-11-21,128.35348510742188,130.0313047847948,126.79550263922954,127.03519900177842,18504000
2006-11-22,128.59320068359375,128.95273433971946,124.63833046621104,126.07646509071384,22458000
2006-11-23,128.59320068359375,128.59320068359375,128.59320068359375,128.59320068359375,0
2006-11-24,127.03521728515624,127.39475090863114,123.55971827683544,124.03910009883376,25140000
2006-11-27,127.03521728515624,127.15505451158424,124.99785277073497,124.99785277073497,21960000
2006-11-28,127.9940185546875,128.4734005587008,125.11774847480687,126.43603527071896,18606000
2006-11-29,125.47724151611328,129.67179703072878,124.63832602435176,127.9939770193018,43422000
2006-11-30,122.24141693115234,125.357370960268,121.402501588966,124.63830380184946,52164000
2006-12-01,124.2787857055664,124.51848210296389,122.24143216026056,123.4398812309616,23778000
2006-12-04,124.5185089111328,125.9566437167586,123.67959328381848,125.9566437167586,23406000
2006-12-05,120.0842514038086,124.63834111305432,119.3651840301331,124.63834111305432,48312000
2006-12-06,118.52619171142578,118.76588799555364,117.68728763324916,118.04682108735066,43866000
2006-12-07,119.72468566894533,120.80328644073762,119.36515207834788,120.56360103770416,41748000
2006-12-08,118.76596069335938,121.28269641258832,118.40642701918382,119.12549436753494,51642000
2006-12-11,122.6009292602539,122.96046277714612,119.9643464790134,119.9643464790134,32184000
2006-12-12,122.36126708984376,124.63830581352472,121.6421999198194,124.63830581352472,31170000
2006-12-13,122.6009292602539,123.20014813104356,121.52232870957718,122.7207774232487,22896000
2006-12-14,123.55975341796876,123.67960165057777,122.00178125454462,123.67960165057777,18222000
2006-12-15,124.75817108154295,125.71692378215307,123.6795701788207,124.75817108154295,28326000
2006-12-18,123.20023345947266,125.597132546907,122.84069969356749,125.3574360549037,17910000
2006-12-19,120.20407104492188,122.24142446192232,119.96437466261963,122.24142446192232,22074000
2006-12-20,123.55975341796876,123.91928714369718,120.32394988641292,120.44379811902192,22002000
2006-12-21,123.20023345947266,123.919300991283,122.60101417366396,123.32008170547432,16278000
2006-12-22,126.55582427978516,126.55582427978516,122.840640174813,123.32002195444974,31374000
2006-12-25,126.31613159179688,126.91535055271704,124.27876737489936,126.07643522975371,17136000
2006-12-26,126.91539764404295,127.39477957390768,124.87804364328927,126.79554941855233,14748000
2006-12-27,126.0764389038086,127.03520243573324,125.5970681099404,127.03520243573324,8298000
2006-12-28,126.43598175048828,126.55582994378489,125.47722912040037,126.31614452928665,9948000
2006-12-29,125.47724151611328,126.3161570078748,125.47724151611328,126.19630880273856,5976000
2007-01-04,125.1176986694336,126.0764513237117,124.99785047311312,125.59708048262029,8478000
2007-01-05,123.320068359375,124.99788876132,121.88193345139396,124.99788876132,20034000
2007-01-09,124.03907012939452,124.1589182989611,120.68342013036548,122.60093598296676,22176000
2007-01-10,120.6834716796875,123.2002075109468,120.3239379895076,123.08037026228516,20826000
2007-01-11,120.6834716796875,121.4025390600473,119.84456705066604,120.80331990044662,17658000
2007-01-12,122.24141693115234,122.8406359058031,120.3239008513382,121.16281619352452,18750000
2007-01-15,124.5185089111328,124.5185089111328,122.72084040410056,123.7994415083199,12378000
2007-01-16,126.79552459716795,126.91537279919724,124.99785642720768,125.477238263229,25326000
2007-01-17,126.43598175048828,126.79551535828314,124.75816190481068,126.79551535828314,22212000
2007-01-18,126.55582427978516,127.0352060594219,125.7169089084445,126.55582427978516,13428000
2007-01-19,126.31613159179688,126.79550237169546,125.83674983980444,125.956598020826,8994000
2007-01-22,129.31222534179688,129.79160704920437,128.11378753141736,129.1923881440146,27600000
2007-01-23,127.9940185546875,128.35355231467258,127.0352655187605,127.9940185546875,17316000
2007-01-24,130.87020874023438,131.70912399208737,129.19238920862134,129.79160811874894,31242000
2007-01-25,129.43209838867188,133.0274344550239,129.31225019576183,133.0274344550239,31656000
2007-01-26,129.5519561767578,129.7916416082351,126.91537254212464,127.39475437717496,18486000
2007-01-29,129.5519561767578,130.87024250802654,128.8328889102302,130.75039430624005,8892000
2007-01-30,128.1138458251953,129.31228418088278,127.7543121240695,128.952750479757,12564000
2007-01-31,126.31613159179688,127.75426587568036,125.47721626883356,127.63441769465878,12888000
2007-02-01,126.67568969726562,127.2749087742423,125.71692600758776,126.9153751336371,11430000
2007-02-02,127.15506744384766,128.4733648453962,127.03523020523166,127.63444931460135,13434000
2007-02-05,115.76981353759766,129.1924042717853,115.05074637276786,129.1924042717853,82638000
2007-02-06,111.45543670654295,113.37295325348347,109.7776165855305,113.37295325348347,96072000
2007-02-07,106.6616439819336,111.21574411721863,106.06242489975232,111.21574411721863,85266000
2007-02-08,102.94647979736328,106.5418165659313,101.74803055047492,106.5418165659313,76362000
2007-02-09,104.38461303710938,105.10368038071266,101.62818090523216,102.9464783499028,63150000
2007-02-13,101.50833129882812,104.14490392283705,100.9091012707479,103.54568486685238,58566000
2007-02-14,102.34723663330078,103.30600029735832,101.62816937130548,102.3472366333008,41370000
2007-02-15,103.42583465576172,104.02506467219028,102.58693018811434,104.02506467219028,27468000
2007-02-16,102.22737884521484,103.54566490305125,101.38846355090432,103.42581672612305,33420000
2007-02-19,102.70677947998048,102.9464759035502,101.98771215346464,102.34724581672256,15408000
2007-02-20,102.46705627441406,103.18612333598892,101.62814104521256,103.18612333598892,26088000
2007-02-21,101.38848876953124,102.10755606576906,100.66942147329344,101.98770785903068,26634000
2007-02-22,101.86786651611328,102.2274001497324,100.30988377973188,100.90910284506516,30198000
2007-02-23,103.0663070678711,103.0663070678711,101.50833526698771,102.22740255111728,25842000
2007-02-26,106.54180908203124,107.50056182893728,103.66553986921689,103.78537710501992,54414000
2007-02-27,103.3060073852539,107.26087759757446,102.9464737295884,107.26087759757446,50886000
2007-02-28,99.83051300048828,100.19004667392592,98.51222652191588,98.87176019535354,34194000
2007-03-01,98.6320571899414,100.5495624590768,97.91298997099187,100.30987704345864,40146000
2007-03-02,97.67328643798828,98.75188718750752,96.83438205864724,98.63204997451264,27090000
2007-03-05,92.6398468017578,96.47488026744956,92.28031310010532,96.47488026744956,42834000
2007-03-06,94.91687774658205,95.75579320221246,92.5199905517608,92.5199905517608,30144000
2007-03-07,93.71843719482422,96.47486924050204,93.11921808459265,96.47486924050204,34740000
2007-03-08,96.11530303955078,96.11530303955078,93.2390347288619,93.2390347288619,19626000
2007-03-09,95.03672790527344,96.71454787901878,94.67719427003546,96.71454787901878,40056000
2007-03-12,97.43359375,97.43359375,95.8756113487856,96.11530770102988,21282000
2007-03-13,96.23516082763672,97.43360987086731,95.99547540782868,97.07407625510766,17940000
2007-03-14,94.07796478271484,95.15656569476673,93.83827934851304,94.67719482636312,26382000
2007-03-15,94.07796478271484,95.27641389791556,93.71843114536422,94.91688026056492,24174000
2007-03-16,92.87950897216795,94.31764324801009,92.28027904250456,93.95810967904956,19464000
2007-03-19,95.27639770507812,95.27639770507814,92.75966267135908,92.87951085413894,15528000
2007-03-20,96.35499572753906,96.7145292936866,95.03670964236268,95.27639502909643,17772000
2007-03-22,98.15269470214844,98.75191384516214,96.83440819867944,97.67331280447918,24900000
2007-03-23,98.15269470214844,99.71067764050063,97.55347555913475,99.351143960273,19548000
2007-03-26,99.23128509521484,99.59081873686418,98.39236960733442,98.9915996581473,14646000
2007-03-27,98.62841796875,99.8341480743538,98.14613475751256,99.47243014654818,15480000
2007-03-28,98.02554321289062,98.7489789561592,97.1815311661595,98.02554321289062,13332000
2007-03-29,98.99014282226562,99.35186077537836,96.94041143421212,97.90498896292743,15930000
2007-03-30,100.19587707519533,101.28103097853678,99.5930174751466,100.67817137848807,21450000
2007-04-02,98.02554321289062,100.91928618596488,97.90496690942808,100.67814461779317,24348000
2007-04-03,97.42267608642578,98.02553547866611,94.40835704771904,97.66381763557142,30558000
2007-04-04,99.3518524169922,99.3518524169922,97.54326280358364,98.26669864894706,29520000
2007-04-05,98.26669311523438,99.2312815472365,97.78440993798765,99.11070523354766,19926000
2007-04-06,98.62841796875,99.23128854092946,98.38727636313128,98.62841796875,11772000
2007-04-09,99.9547119140625,99.9547119140625,99.23127614879488,99.59299403142867,8238000
2007-04-10,102.00444793701172,102.12502425009176,100.07528212150238,100.31643474766248,27660000
2007-04-11,100.7987289428711,101.76331747546206,100.0752930628056,101.76331747546206,13338000
2007-04-12,100.07527923583984,100.9192913255546,99.59299607493485,100.79871501595134,9474000
2007-04-13,97.6638412475586,100.67816101503126,97.30212331701208,100.67816101503126,18498000
2007-04-16,98.74900817871094,99.23130249653197,98.14614856050216,98.26671386088992,12786000
2007-04-17,97.54326629638672,99.7135739101908,97.0609830747116,99.35185597455678,20766000
2007-04-18,98.74900817871094,98.99014981824313,97.18155992486012,97.66385424268114,10680000
2007-04-19,96.57869720458984,98.38728703988178,95.85526127047306,98.38728703988178,14844000
2007-04-20,96.45812225341795,98.02557047941475,96.33755695517269,97.54327617016423,12864000
2007-04-23,95.85526275634766,97.78442895681562,95.61412112082284,97.42271098415016,10758000
2007-04-24,94.64952087402344,95.97582730337147,94.52895559045008,95.61410937514113,16692000
2007-04-25,95.13180541992188,96.0963827838852,94.04665174593036,94.52894594728905,11802000
2007-04-26,93.92610168457033,96.09640963906942,88.62090814204707,95.61412634168546,74538000
2007-04-27,93.20264434814452,93.44379698034848,91.03234241021376,92.96150275469516,32232000
2007-05-01,93.8055191040039,94.8906728814072,93.20264853516537,93.4438011782028,16956000
2007-05-02,95.85526275634766,96.45812236453791,93.56437858321422,93.9260965558797,15048000
2007-05-07,98.1461410522461,98.2667063434105,97.42270515023633,97.54327044140072,15708000
2007-05-08,97.6638412475586,98.26670078555104,97.18154699391152,98.26670078555104,10638000
2007-05-09,98.02554321289062,98.1461195163532,97.1815311661595,97.1815311661595,8520000
2007-05-10,98.99014282226562,99.71357872849109,98.86957753039864,99.71357872849109,13806000
2007-05-11,97.78441619873048,98.5078520496736,97.18154563044116,98.5078520496736,18450000
2007-05-14,96.45812225341795,98.74900642391228,96.33755695517269,98.50786478866527,10884000
2007-05-15,95.13180541992188,96.8198185665462,95.13180541992188,96.4581006752157,11262000
2007-05-16,92.35863494873048,94.04665364888749,91.87634625699008,93.92607733641955,19188000
2007-05-17,95.2523956298828,97.18155063932602,94.04666546991407,94.7701013581442,16020000
2007-05-18,94.89066314697266,95.734664194756,94.40836894912935,95.734664194756,9858000
2007-05-21,94.7701187133789,95.01126037403064,93.2026703222486,94.4084007030225,22254000
2007-05-22,98.26669311523438,98.8695636449243,93.92607828748775,94.8906667194899,40644000
2007-05-23,98.74900817871094,103.33076556236227,98.50786653917876,103.0896239228301,49932000
2007-05-24,99.9547119140625,100.43699506507176,98.14612250089344,99.9547119140625,24174000
2007-05-25,100.07527923583984,100.31643185504632,98.1461245147118,99.23127818487907,18138000
2007-05-28,104.05416870117188,104.1747450022867,102.84844984503644,102.96901510739804,36780000
2007-05-29,101.64275360107422,102.48676591079924,100.7987412913492,101.16045927569466,33516000
2007-05-30,102.6073226928711,102.60732269287112,101.28102720665498,102.24560473856162,23250000
2007-05-31,101.16043853759766,102.366168584491,100.67815534984398,102.00445067429844,21978000
2007-06-01,100.6781768798828,101.0398948674288,100.31645889233684,100.79874218322684,21360000
2007-06-04,100.43701171875,101.64274187370536,100.31644643038337,101.52216554658315,12060000
2007-06-05,101.40160369873048,101.52216899118784,100.67816778896248,100.67816778896248,17742000
2007-06-06,103.9336166381836,104.17475823228456,101.8838744526842,101.8838744526842,34890000
2007-06-07,102.84845733642578,103.57189311830274,102.00444524465134,102.7278810265283,18054000
2007-06-08,100.07527923583984,100.4369971258956,99.47241976533158,99.83413765538734,40080000
2007-06-11,100.07527923583984,101.6427271056661,99.59299607493485,101.28100921561034,13686000
2007-06-12,98.02554321289062,98.26668478106237,96.69924802981606,97.30210746962206,21882000
2007-06-13,93.68492889404295,95.97581243075334,93.08206945333116,95.8552361271096,49920000
2007-06-14,95.6141128540039,95.97583079539515,93.8055231470477,94.64952431779024,24006000
2007-06-15,100.19587707519533,100.91931301075628,97.5432749652196,98.02556926851238,35994000
2007-06-18,105.25990295410156,105.74219713977593,104.41589088885983,104.65704350107386,62604000
2007-06-19,107.7919464111328,108.63595861966422,107.06851052917892,107.1890868557564,64620000
2007-06-20,108.1536865234375,108.6359808898615,107.4302504931804,108.03311017214205,35634000
2007-06-21,107.18910217285156,108.03310346323345,106.3450898437126,106.94794948523636,20946000
2007-06-22,109.23882293701172,109.23882293701172,108.0330927349428,108.0330927349428,24900000
2007-06-25,107.18910217285156,109.2388337850381,106.82738418018586,108.03310346323345,23058000
2007-06-26,104.8982162475586,106.94794782798272,104.53649826049804,106.82738252480048,27774000
2007-06-27,105.01878356933594,106.58622068613172,104.65706561334368,105.3805015253282,30924000
2007-06-28,110.08282470703124,110.44454262935582,108.39480037701324,108.5153766973731,42288000
2007-06-29,110.56510925292967,111.65026303307432,110.2033913262148,110.685685574753,31542000
2007-07-02,108.39479064941406,110.68567429813216,107.9125074887658,110.68567429813216,24456000
2007-07-03,107.18910217285156,108.03310346323345,106.94794948523636,107.79196181437534,24360000
2007-07-04,105.38050842285156,107.18909832119137,104.65707246351565,107.18909832119137,32286000
2007-07-05,104.65704345703124,106.58619812140957,104.536467150975,105.50104448316416,32694000
2007-07-06,107.7919464111328,108.03308802553228,105.62163876527109,105.86278037967054,40212000
2007-07-09,108.63597869873048,108.99769670656336,108.15368434203408,108.51540234986696,29754000
2007-07-10,108.63597869873048,109.23883836553276,107.30967197750482,108.15368434203408,27270000
2007-07-11,107.43024444580078,108.5153984301018,106.94795010652572,106.94795010652572,24174000
2007-07-12,104.53649139404295,108.15367102705484,103.57191383815854,107.43023510045244,28680000
2007-07-13,105.25990295410156,106.586198166264,103.0895956766974,105.74219713977593,26598000
2007-07-17,106.46560668945312,106.82732447997364,105.2598770414678,105.50101855556449,17892000
2007-07-18,102.72789764404295,105.38049961960115,102.72789764404295,105.25992329019896,38190000
2007-07-19,102.6073226928711,103.0896169782024,102.12503944629574,102.48675740060524,19470000
2007-07-20,102.6073226928711,103.45133493251188,102.60732269287112,102.60732269287112,20178000
2007-07-23,99.47242736816406,101.40159327549522,98.99013313164258,101.40159327549522,30072000
2007-07-24,101.0398941040039,101.16045940643698,99.71358746718518,99.71358746718518,21954000
2007-07-25,99.59300994873048,99.8341515627752,98.50785612739595,98.62842141504056,23004000
2007-07-26,97.54326629638672,100.0752918458248,97.42270101034562,100.0752918458248,25584000
2007-07-27,95.49353790283205,96.57869174263692,94.77010200962876,96.09639746758286,26712000
2007-07-30,97.42267608642578,98.02553547866611,94.52893334166812,95.13179273390844,21366000
2007-07-31,89.34430694580078,92.4791967486034,88.62087126202911,91.39404322294592,75618000
2007-08-01,88.25919342041016,92.11752065563084,88.25919342041016,89.46491826668841,41334000
2007-08-02,91.3940658569336,91.51463666096312,89.46489987619515,90.42948286656436,42666000
2007-08-03,89.94721221923828,90.30893022344516,89.34434703910057,89.94721221923828,25368000
2007-08-06,88.7414779663086,89.94720827369454,88.01804198962843,89.10319595464868,26160000
2007-08-07,88.13860321044922,89.58547491557627,88.13860321044922,89.34432779159592,27462000
2007-08-08,85.36542510986328,85.6065722183276,84.76256009839106,85.00370720685538,44490000
2007-08-09,81.50711059570312,84.64200137532254,80.78367468651233,80.78367468651233,74256000
2007-08-10,76.08134460449219,77.88993445657502,75.47848500005004,77.88993445657502,54972000
2007-08-13,80.78367614746094,82.59226595314571,80.06024022518703,81.02482329467827,47658000
2007-08-14,84.03914642333984,84.40086442160298,81.98941477943455,82.59227443028735,31494000
2007-08-15,80.30138397216797,82.10997370127085,80.30138397216797,81.50710861844394,28992000
2007-08-16,78.49278259277344,78.7339296939875,75.71961024663119,76.56362234119193,25416000
2007-08-17,74.87560272216797,79.81908235843191,74.87560272216797,78.97507027457164,39468000
2007-08-20,74.99617004394531,78.13106009752723,74.87559926013026,76.08132365641097,23400000
2007-08-21,76.6842041015625,77.88992874135421,76.20191534952137,76.92535123727197,20070000
2007-08-22,77.64878845214844,77.64878845214844,77.04592336225987,77.40764131231742,17388000
2007-08-23,79.69850158691406,79.69850158691406,78.85449506969123,79.09564215434489,13668000
2007-08-24,79.93965148925781,80.54251646245324,79.45736282232757,80.18079858241134,10392000
2007-08-27,79.09566497802734,80.18081889303362,78.97508864121895,80.18081889303362,14898000
2007-08-28,77.88994598388672,78.73395838602035,77.04593910113212,78.73395838602035,9456000
2007-08-29,76.3224868774414,76.563634015425,75.5990509828685,76.20191606813854,11796000
2007-08-30,77.40763854980469,77.76935648695331,76.80477348143108,77.76935648695331,13554000
2007-08-31,83.07455444335938,83.43627237922396,81.74825350539666,82.23054224675688,27468000
2007-09-03,85.72713470458984,85.84770548744825,81.98938524221289,82.35110311016474,27696000
2007-09-04,83.07455444335938,85.84772160540275,82.59226018262147,85.84772160540275,21084000
2007-09-05,81.98939514160156,85.0037092320227,81.98939514160156,83.55683758552019,15954000
2007-09-06,81.74823760986328,81.74823760986328,79.09564176909944,80.42193692979306,18612000
2007-09-07,79.81909942626953,81.26597128584314,79.21623431165449,81.26597128584314,15198000
2007-09-10,80.06023406982422,81.50710580313054,78.01050279389202,79.57794533184799,37962000
2007-09-11,81.74823760986328,82.10995547539365,78.49277682008996,80.18079536569056,18960000
2007-09-12,81.98939514160156,84.40084420618754,81.62767722997593,84.40084420618754,18672000
2007-09-13,83.31570434570312,83.79799865443765,82.95398637384135,83.79799865443765,20796000
2007-09-14,83.91856384277344,84.03913465218021,83.07455713817035,83.55684589517529,34104000
2007-09-18,81.38653564453125,83.07455451991409,80.78367057774216,83.07455451991409,15858000
2007-09-19,84.15968322753906,84.28025399718507,83.07452974259677,83.91853616887097,20418000
2007-09-20,85.60657501220703,85.96829292702006,85.24485709739402,85.36542789587257,18426000
2007-09-21,83.07455444335938,84.762567797809,81.74825350539666,84.40084986194441,23880000
2007-09-25,85.74652862548828,86.35380052461274,83.1959944327782,84.28908051536824,12126000
2007-09-26,86.8396224975586,87.08253239094196,85.01781219649287,85.74653631691916,11388000
2007-09-27,90.24032592773438,90.3617780772854,87.2039721514511,87.4468820102762,13344000
2007-09-28,88.29706573486328,90.24033365236303,87.93270369529752,89.87597161279727,14556000
2007-10-01,88.41851806640625,89.26869425367639,87.08252214950473,88.0541560490443,13110000
2007-10-02,88.05416870117188,89.87597904974976,87.6898066314563,89.14725491031861,17004000
2007-10-03,89.5116195678711,90.11888599513752,87.811261340132,88.17562342038151,14010000
2007-10-04,91.57632446289062,92.30504854498186,89.0257901755713,89.39015221661693,25236000
2007-10-05,91.81924438476562,92.66942072027209,91.57633447759628,91.81924438476562,15930000
2007-10-09,92.6694107055664,93.27668262800027,91.81923446193778,91.81923446193778,15000000
2007-10-10,91.21197509765624,93.27669547042532,90.36179873697454,93.15524329310632,12000000
2007-10-11,96.0701141357422,96.43447615031448,92.5479517013589,92.66940385297528,30036000
2007-10-12,95.46286010742188,95.82722216890058,95.46286010742188,95.82722216890058,26004000
2007-10-15,97.28467559814452,97.89194202648164,97.28467559814452,97.89194202648164,18888000
2007-10-16,96.31304168701172,97.05605429814844,96.3130416870117,97.05605429814844,16248000
2007-10-17,91.45489501953124,96.07709463550692,91.45489501953124,96.07709463550692,39456000
2007-10-18,92.54796600341795,94.00541428693636,91.5763319611644,91.5763319611644,18456000
2007-10-19,90.11888122558594,90.60470101335598,90.11888122558594,90.60470101335598,19794000
2007-10-22,87.20398712158203,89.39015954713472,85.74653883788025,86.59672070985562,26442000
2007-10-23,87.20398712158203,87.20398712158203,87.20398712158203,87.20398712158203,14904000
2007-10-24,86.11090087890625,87.20398709130305,86.11090087890625,87.20398709130305,15738000
2007-10-25,85.98944854736328,86.11090071749395,85.98944854736328,86.11090071749395,14430000
2007-10-26,85.50362396240234,85.62507611783903,85.50362396240234,85.62507611783903,15180000
2007-10-29,88.90435791015625,90.60471633545,88.53999578757364,89.14726784511959,15084000
2007-10-30,87.81127166748047,88.17563379058205,87.81127166748047,88.17563379058205,15924000
2007-10-31,89.63304901123047,89.63304901123047,88.05414891711908,88.17560105982835,11724000
2007-11-01,92.54796600341795,92.54796600341795,89.63306943638119,89.63306943638119,15120000
2007-11-02,89.9974136352539,91.81922362787036,89.9974136352539,91.81922362787036,16764000
2007-11-05,89.26872253417969,90.24035674153484,87.8112740030094,89.39017472520223,11826000
2007-11-06,77.12329864501953,89.2686978613498,77.12329864501953,89.2686978613498,11304000
2007-11-07,77.60909271240234,77.60909271240234,76.75456344891786,76.75456344891786,110244000
2007-11-08,78.33783721923828,78.33783721923828,77.60911315208257,77.60911315208257,55446000
2007-11-09,72.99386596679688,78.2163926620676,72.99386596679688,78.2163926620676,40668000
2007-11-12,68.50005340576172,72.99384938233143,68.50005340576172,72.99384938233143,35610000
2007-11-13,68.86442565917969,68.98587781944677,67.28552533681356,68.621515778922,33900000
2007-11-14,70.56476593017578,70.56476593017578,68.86440831604507,68.86440831604507,23322000
2007-11-15,68.01424407958984,70.56477816307793,68.01424407958984,70.56477816307793,24822000
2007-11-16,67.16409301757812,68.0142751401482,67.16409301757812,68.0142751401482,14760000
2007-11-19,66.43534851074219,67.16407264636175,66.43534851074219,67.16407264636175,15972000
2007-11-20,65.82807159423828,66.43533790381711,65.82807159423828,66.43533790381711,26928000
2007-11-21,61.57720184326172,65.82809534248794,61.57720184326172,65.82809534248794,33912000
2007-11-22,61.33427810668945,61.57718799937599,61.33427810668945,61.57718799937599,25122000
2007-11-26,64.49210357666016,65.34228011331781,60.605571941020735,61.94156840696173,28374000
2007-11-27,64.97789001464844,64.97789001464844,64.49207585392394,64.49207585392394,26742000
2007-11-28,63.15608596801758,63.52044801314022,62.42736187777228,63.15608596801757,28848000
2007-11-29,66.31388854980469,66.31388854980469,63.15608247990623,63.15608247990623,43980000
2007-11-30,66.55681610107422,66.55681610107422,66.31390616663616,66.31390616663616,29754000
2007-12-03,69.35025024414062,69.35025024414062,66.55681122165717,66.55681122165717,31170000
2007-12-04,67.16409301757812,69.3502660875144,67.16409301757812,69.3502660875144,25728000
2007-12-05,68.86442565917969,68.86442565917969,67.40697749708065,67.40697749708065,47544000
2007-12-06,76.51603698730469,76.51603698730469,68.74298111485162,68.74298111485162,81294000
2007-12-07,79.3094711303711,79.3094711303711,76.27311714528507,76.27311714528507,66012000
2007-12-10,79.18803405761719,79.18803405761719,79.04380923502423,79.04380923502423,41394000
2007-12-11,79.430908203125,79.430908203125,78.94509410405308,78.94509410405308,24534000
2007-12-12,81.61708068847656,81.61708068847656,79.18799905284062,79.18799905284062,22434000
2007-12-13,77.9734878540039,81.61710878176109,77.9734878540039,81.61710878176109,44610000
2007-12-14,75.54438781738281,77.85201757489675,75.54438781738281,77.85201757489675,51390000
2007-12-17,72.87242889404297,74.32987747192384,72.87242889404297,74.32987747192384,29364000
2007-12-18,73.47967529296875,74.81566564902714,71.17204547846214,72.14367937718718,36540000
2007-12-19,69.4717025756836,70.6862409448626,69.4717025756836,70.6862409448626,41130000
2007-12-20,67.406982421875,69.47170265560617,67.406982421875,69.47170265560617,25530000
2007-12-21,69.22879028320312,69.22879028320312,67.40698001259251,67.40698001259251,30294000
2007-12-25,70.07897186279297,70.07897186279297,69.10734335137577,69.10734335137577,10140000
2007-12-26,71.77932739257812,71.77932739257812,70.9291510871933,70.9291510871933,8100000
2007-12-27,71.17205810546875,71.7793300948766,71.17205810546875,71.7793300948766,7848000
2007-12-28,68.98588562011719,70.80769602874462,68.37861919039081,70.07897186529364,7278000
2008-01-04,64.49210357666016,66.31391441215902,63.27756487290272,66.19246220970092,14838000
2008-01-07,63.88481140136719,63.88481140136719,63.76335923701411,63.76335923701411,20772000
2008-01-08,64.37063598632812,64.37063598632812,63.884816173180575,63.884816173180575,23352000
2008-01-09,64.85647583007812,64.85647583007812,64.37066138496759,64.37066138496759,15696000
2008-01-10,64.2491683959961,64.85644028940011,64.2491683959961,64.85644028940011,15600000
2008-01-11,60.96992111206055,64.24917991696722,60.96992111206055,64.24917991696722,26838000
2008-01-15,59.51243591308594,60.9698833685878,59.51243591308594,60.9698833685878,16638000
2008-01-16,55.99030685424805,59.39101766918066,55.99030685424805,58.41938362503249,24438000
2008-01-17,58.17646789550781,58.17646789550781,55.990295893919495,55.990295893919495,27924000
2008-01-18,61.57720184326172,61.57720184326172,58.17649037971577,58.17649037971577,20358000
2008-01-21,57.6906623840332,61.57719319641733,57.6906623840332,61.57719319641733,20844000
2008-01-22,53.19685745239258,57.69065405974166,53.19685745239258,57.69065405974166,32514000
2008-01-23,55.018680572509766,55.62595263074595,55.018680572509766,55.62595263074595,27522000
2008-01-24,59.39100646972656,59.39100646972656,55.01866243514547,55.01866243514547,30204000
2008-01-25,63.76335906982422,63.76335906982422,59.39101444789342,59.39101444789342,25350000
2008-01-28,59.51243591308594,63.03460245045572,59.51243591308594,63.03460245045572,18432000
2008-01-29,63.15608596801758,63.15608596801757,59.5124655167911,59.5124655167911,17778000
2008-01-30,62.427391052246094,62.79297084768276,62.427391052246094,62.79297084768276,23112000
2008-01-31,62.9131965637207,62.9131965637207,61.820110169137095,61.820110169137095,18846000
2008-02-01,64.37063598632812,64.37063598632812,62.91318766633371,62.91318766633371,15294000
2008-02-04,66.9211654663086,66.9211654663086,64.37063109993035,64.37063109993035,14232000
2008-02-05,67.77135467529297,67.77135467529297,67.16408261886775,67.16408261886775,35568000
2008-02-06,61.45572280883789,67.77132864273347,61.45572280883789,67.77132864273347,30834000
2008-02-07,59.7553596496582,61.69862152486167,59.7553596496582,61.69862152486167,33084000
2008-02-08,58.17646789550781,59.75536804341396,58.17646789550781,59.75536804341396,39696000
2008-02-12,57.326290130615234,58.17647189618004,57.326290130615234,58.17647189618004,21264000
2008-02-13,57.56920623779297,57.93356830258912,57.56920623779297,57.93356830258912,27690000
2008-02-14,61.57720184326172,61.57720184326172,60.24120547271061,60.24120547271061,21888000
2008-02-15,62.305885314941406,62.54879510313291,60.84843770523517,61.21279960766173,16524000
2008-02-18,63.88481140136719,64.49208334257999,63.88481140136719,64.49208334257999,18312000
2008-02-19,63.76335906982422,63.76335906982422,62.548820750306895,62.548820750306895,14874000
2008-02-20,59.14811325073242,61.82010572987954,59.14811325073242,61.82010572987954,26118000
2008-02-21,61.69864654541016,61.69864654541016,59.14811186751314,59.14811186751314,23892000
2008-02-22,61.212833404541016,61.6986476894308,61.212833404541016,61.6986476894308,19074000
2008-02-25,63.88481140136719,63.88481140136719,61.45461725149854,61.45461725149854,25746000
2008-02-26,63.76335906982422,65.09935511309986,63.76335906982422,65.09935511309986,14610000
2008-02-27,65.70660400390625,65.70660400390625,63.763342097970735,63.763342097970735,12948000
2008-02-28,66.07098388671875,66.07098388671875,65.70662183300574,65.70662183300574,14316000
2008-02-29,63.52042770385742,66.07096120423803,63.52042770385742,66.07096120423803,16662000
2008-03-03,58.90520477294922,63.52045407873224,58.90520477294922,63.52045407873224,25554000
2008-03-04,58.05500793457031,59.13785844344863,58.05500793457031,59.13785844344863,27804000
2008-03-05,58.54083633422852,58.54083633422852,58.2843329300989,58.2843329300989,18204000
2008-03-06,62.67026138305664,62.67026138305664,58.540827408731786,58.540827408731786,36702000
2008-03-07,59.14811325073242,62.67028212248572,59.14811325073242,62.67028212248572,23010000
2008-03-10,55.99030685424805,59.14810776821262,55.99030685424805,59.14810776821262,19512000
2008-03-11,59.02667617797852,59.02667617797852,55.99032637597469,55.99032637597469,23910000
2008-03-12,61.212833404541016,61.212833404541016,59.026660782950266,59.026660782950266,24672000
2008-03-13,57.204833984375,61.21281598328025,57.204833984375,61.21281598328025,25128000
2008-03-14,54.7757568359375,57.20483889712446,54.7757568359375,57.20483889712446,55860000
2008-03-17,52.58959197998047,55.04141921129432,52.58959197998047,55.04141921129432,27672000
2008-03-18,52.83250045776367,52.83250045776367,52.34668621484166,52.34668621484166,18186000
2008-03-19,54.897216796875,54.897216796875,53.141561717604006,53.141561717604006,22758000
2008-03-21,55.86883544921875,55.86883544921875,54.897207202614254,54.897207202614254,13164000
2008-03-24,57.56920623779297,57.56920623779297,57.56920623779297,57.56920623779297,17478000
2008-03-25,57.326290130615234,57.326290130615234,56.96192810529411,56.96192810529411,24438000
2008-03-26,58.18558120727539,58.18558120727539,57.32630234523021,57.32630234523021,18822000
2008-03-27,57.203556060791016,57.203556060791016,56.83529281228967,56.83529281228967,21084000
2008-03-28,57.81729888916016,57.81729888916016,57.20352526566171,57.20352526566171,12804000
2008-03-31,55.23947143554688,57.81731343587239,55.23947143554688,57.81731343587239,15804000
2008-04-01,49.592769622802734,55.23946902815303,49.592769622802734,55.23946902815303,58560000
2008-04-02,50.820308685302734,50.820308685302734,49.59276687033496,49.59276687033496,51702000
2008-04-03,52.0478515625,52.0478515625,50.94306222070696,50.94306222070696,44076000
2008-04-04,51.18858337402344,51.18858337402344,51.065830850526496,51.065830850526496,28632000
2008-04-07,52.0478515625,52.0478515625,50.820309722479685,50.820309722479685,19524000
2008-04-08,50.69755554199219,52.04784983543395,50.69755554199219,52.04784983543395,17634000
2008-04-09,49.961036682128906,50.69756299381017,49.961036682128906,50.69756299381017,30150000
2008-04-10,48.73348236083984,49.59276668543776,48.73348236083984,49.59276668543776,28464000
2008-04-11,50.69755554199219,50.69755554199219,48.73348192003311,48.73348192003311,29142000
2008-04-14,50.083797454833984,50.57481320385662,50.083797454833984,50.57481320385662,18588000
2008-04-15,49.10175704956055,49.54394709928216,49.10175704956055,49.54394709928216,17544000
2008-04-16,49.83827972412109,50.08379037354532,49.83827972412109,50.08379037354532,22476000
2008-04-17,51.4340934753418,51.4340934753418,51.31133533394283,51.31133533394283,24270000
2008-04-18,52.90712738037109,52.90712738037109,52.39899561712552,52.39899561712552,22608000
2008-04-21,52.66162490844727,53.27539863361012,52.66162490844727,53.27539863361012,16752000
2008-04-22,52.29336929321289,53.2754062703941,52.29336929321289,53.2754062703941,14010000
2008-04-23,54.257423400878906,54.50293398560862,54.25742340087891,54.50293398560862,18876000
2008-04-24,53.643680572509766,54.25744889384152,53.643680572509766,54.25744889384152,11202000
2008-04-25,54.8712043762207,54.99395687534394,54.8712043762207,54.99395687534394,16788000
2008-04-28,54.8712043762207,54.8712043762207,54.8712043762207,54.8712043762207,12876000
2008-04-30,56.0987548828125,56.0987548828125,54.99396536245569,54.99396536245569,17592000
2008-05-01,55.60772705078125,55.60772705078124,55.48497455951369,55.48497455951369,15126000
2008-05-02,57.203556060791016,57.203556060791016,55.607750523702286,55.607750523702286,14976000
2008-05-07,60.02688980102539,60.02688980102539,58.37883700701256,58.37883700701256,49644000
2008-05-08,57.080787658691406,57.9400664600401,57.080787658691406,57.9400664600401,49416000
2008-05-09,56.34425735473633,56.95803109442875,56.34425735473633,56.95803109442875,34878000
2008-05-12,56.46700668334961,56.46700668334961,56.344254190005564,56.344254190005564,14688000
2008-05-13,61.74544525146485,61.74544525146485,59.65861924829748,59.65861924829748,54186000
2008-05-14,59.78139877319336,60.88618851819643,59.78139877319336,60.88618851819643,35010000
2008-05-15,60.64066696166992,60.64066696166992,60.26994820123995,60.26994820123995,20640000
2008-05-16,59.1676025390625,60.88615980809121,59.1676025390625,60.88615980809121,22836000
2008-05-19,58.18558120727539,58.30833372492469,58.18558120727539,58.30833372492469,26508000
2008-05-20,57.44905471801758,58.55384423182561,57.44905471801758,58.55384423182561,24294000
2008-05-21,58.30833053588867,58.30833053588867,58.30833053588867,58.30833053588867,40344000
2008-05-22,60.1496467590332,60.1496467590332,58.30833098458066,58.30833098458066,28038000
2008-05-23,58.30833053588867,59.044856840002,58.30833053588867,59.044856840002,25176000
2008-05-26,56.58977127075195,58.308328851195895,56.58977127075196,58.308328851195895,16878000
2008-05-27,56.22150039672852,56.22150039672851,55.60772670570184,55.60772670570184,19050000
2008-05-28,54.38018798828125,55.60772981983022,54.38018798828125,55.60772981983022,29436000
2008-05-29,55.8532600402832,55.85326004028321,54.3802070776318,54.3802070776318,28980000
2008-05-30,57.81729888916016,57.81729888916016,57.81729888916016,57.81729888916016,86682000
2008-06-02,60.64066696166992,60.64066696166992,57.81731428486706,57.81731428486706,57228000
2008-06-03,59.29037857055664,60.6406789204024,59.29037857055664,60.6406789204024,34806000
2008-06-04,60.64066696166992,60.64066696166992,59.29036687811208,59.29036687811208,40548000
2008-06-05,60.76341247558594,60.76341247558594,60.64065998003141,60.64065998003141,30822000
2008-06-06,61.00894165039063,61.00894165039063,60.76343096532592,60.76343096532592,25224000
2008-06-09,59.41313171386719,59.53588986827193,59.41313171386719,59.53588986827193,10956000
2008-06-10,58.67660903930664,59.413135536114886,58.67660903930664,59.413135536114886,15588000
2008-06-11,62.85024642944336,62.85024642944336,58.67659363070607,58.67659363070607,50580000
2008-06-12,62.11373519897461,63.46403000337004,62.11373519897461,63.46403000337004,70278000
2008-06-13,65.42808532714844,65.42808532714844,63.341259028701096,63.341259028701096,84006000
2008-06-16,67.02388763427734,67.02388763427734,65.42808265892525,65.42808265892525,48918000
2008-06-17,68.37420654296875,68.37420654296875,67.02390619346014,67.02390619346014,37440000
2008-06-18,67.14665222167969,68.37419991839064,67.14665222167969,68.37419991839064,26742000
2008-06-19,66.77838134765625,67.39215512534183,66.77838134765625,67.39215512534183,20586000
2008-06-20,64.32330322265625,66.77838731425946,64.32330322265625,66.77838731425946,27378000
2008-06-23,63.95504379272461,63.95504379272461,63.95504379272461,63.95504379272461,29598000
2008-06-24,63.58676910400391,63.95503223468492,63.58676910400391,63.95503223468492,19776000
2008-06-25,61.13166427612305,63.58675306792552,61.13166427612305,63.58675306792552,27588000
2008-06-26,60.1496467590332,61.13168371182449,60.1496467590332,61.13168371182449,20742000
2008-06-27,57.69456100463867,60.14964488109164,57.69456100463867,60.14964488109164,21264000
2008-06-30,56.71253204345703,57.69456910344019,56.71253204345703,57.69456910344019,23778000
2008-07-01,57.203556060791016,57.203556060791016,56.7125402692063,56.7125402692063,21444000
2008-07-02,56.71253204345703,57.2035477638234,56.71253204345703,57.2035477638234,32658000
2008-07-03,57.81729888916016,57.81729888916016,56.71250973841188,56.71250973841188,33006000
2008-07-04,57.080787658691406,57.81731395106162,57.080787658691406,57.81731395106162,14478000
2008-07-07,57.326297760009766,57.32629776000977,57.08078712509818,57.08078712509818,10848000
2008-07-08,56.0987548828125,56.0987548828125,55.85324984667771,55.85324984667771,17226000
2008-07-09,55.8532600402832,56.09876512122437,55.85326004028321,56.09876512122437,18996000
2008-07-10,56.958038330078125,56.958038330078125,55.85324882983469,55.85324882983469,16356000
2008-07-11,56.46700668334961,56.95802789522369,56.46700668334961,56.95802789522369,27060000
2008-07-14,55.8532600402832,56.46702836188722,55.85326004028321,56.46702836188722,17112000
2008-07-15,57.080787658691406,57.080787658691406,56.58977200352782,56.58977200352782,34224000
2008-07-16,56.34425735473633,57.08078359466752,56.34425735473633,57.08078359466752,22770000
2008-07-17,56.83527755737305,56.83527755737305,56.34426189757978,56.34426189757978,23412000
2008-07-18,59.65862274169922,59.65862274169922,56.83527040964691,56.83527040964691,43374000
2008-07-22,62.11373519897461,62.11373519897461,59.7813975927441,60.886187315931885,21714000
2008-07-23,63.83228302001953,63.83228302001954,63.58677797813595,63.58677797813595,20970000
2008-07-24,64.32330322265625,64.32330322265625,63.83228190893551,63.83228190893551,29430000
2008-07-25,62.236473083496094,62.4819837261395,62.236473083496094,62.4819837261395,14598000
2008-07-28,62.35923385620117,62.973007734494175,62.35923385620117,62.973007734494175,16854000
2008-07-29,60.64066696166992,61.99096142597806,60.64066696166992,61.99096142597806,13422000
2008-07-30,61.74544525146485,61.74544525146485,60.64065600612601,60.64065600612601,26376000
2008-07-31,60.1496467590332,61.74545750972527,60.1496467590332,61.74545750972527,25716000
2008-08-01,59.5358772277832,60.14964539248995,59.5358772277832,60.14964539248995,18246000
2008-08-04,55.36222839355469,59.5358814281154,55.36222839355469,59.5358814281154,31866000
2008-08-05,61.86821365356445,61.86821365356445,55.36222899548323,55.36222899548323,58464000
2008-08-06,64.20053100585938,64.20053100585938,61.8681999445257,61.8681999445257,50058000
2008-08-07,63.95504379272461,63.95504379272461,63.63944982992166,63.63944982992166,27024000
2008-08-08,67.14665222167969,67.14665222167969,65.55084695905576,65.55084695905576,41832000
2008-08-11,68.4969482421875,68.74245889033241,67.76042191700269,68.0059325651476,24030000
2008-08-12,67.39215850830078,68.49694799204342,67.39215850830078,68.49694799204342,33030000
2008-08-13,64.81432342529297,67.39216583425348,64.81432342529297,67.39216583425348,26298000
2008-08-14,64.07778930664062,64.69156310794843,64.07778930664062,64.69156310794843,24102000
2008-08-15,65.30534362792969,65.30534362792969,64.0778014126484,64.0778014126484,23544000
2008-08-18,65.9190902709961,65.9190902709961,65.79633778603241,65.79633778603241,19962000
2008-08-19,64.07778930664062,65.91910509131421,64.07778930664062,65.91910509131421,32478000
2008-08-20,64.32330322265625,64.32330322265625,64.07779256579587,64.07779256579587,30102000
2008-08-21,63.09575271606445,64.32330032583313,63.09575271606445,64.32330032583313,12666000
2008-08-22,63.83228302001953,63.83228302001954,63.09575665586835,63.09575665586835,24450000
2008-08-25,64.20053100585938,64.20053100585938,63.83226791095149,63.83226791095149,16014000
2008-08-26,63.83228302001953,64.20054620209513,63.83228302001954,64.20054620209513,12324000
2008-08-27,62.85024642944336,63.83227775446999,62.85024642944336,63.83227775446999,15738000
2008-08-28,61.254425048828125,62.850235508390455,61.254425048828125,62.850235508390455,27300000
2008-08-29,62.85024642944336,62.85024642944336,62.3592251476803,62.3592251476803,20238000
2008-09-01,59.78139877319336,62.850262922147145,59.78139877319336,62.850262922147145,24456000
2008-09-02,57.69456100463867,59.45631938541918,57.69456100463867,59.45631938541918,30384000
2008-09-03,60.76341247558594,60.76341247558594,57.69455513273027,57.69455513273027,34044000
2008-09-04,59.29037857055664,60.76343145429718,59.29037857055664,60.76343145429718,18918000
2008-09-05,57.44905471801758,57.44905471801758,57.32630220067781,57.32630220067781,27114000
2008-09-08,59.04486083984375,59.04486083984376,57.44905561257775,57.44905561257775,35556000
2008-09-09,60.3951416015625,60.3951416015625,59.04484184714398,59.04484184714398,37032000
2008-09-10,58.553855895996094,59.29038238525391,57.6945768649457,58.922119140625,38286000
2008-09-11,56.958038330078125,58.55384351290198,56.958038330078125,58.55384351290198,25482000
2008-09-12,59.90414810180664,59.90414810180664,56.95804254957435,56.95804254957435,34350000
2008-09-16,56.0987548828125,59.90414475465269,56.0987548828125,59.90414475465269,29484000
2008-09-17,55.36222839355469,57.8173180833404,55.36222839355469,57.8173180833404,31740000
2008-09-18,51.679595947265625,55.36222762092469,51.679595947265625,55.36222762092469,32718000
2008-09-19,54.13468170166016,54.13468170166016,51.67959222305949,51.67959222305949,25398000
2008-09-22,55.36222839355469,55.36222839355469,54.13468635828687,54.13468635828687,13218000
2008-09-24,56.71253204345703,56.71253204345703,55.976005653282265,55.976005653282265,22344000
2008-09-25,56.21613693237305,56.71252476888368,56.21613693237305,56.71252476888368,19530000
2008-09-26,55.09925842285156,56.21613528277423,55.09925842285156,56.21613528277423,17598000
2008-09-29,53.85829162597656,55.09926415019712,53.85829162597657,55.09926415019712,12630000
2008-09-30,49.76307678222656,51.12814487481165,49.76307678222656,50.13536911306434,31212000
2008-10-01,50.63175582885742,50.63175582885742,49.76307563713507,49.76307563713507,24966000
2008-10-02,48.52210235595703,50.63176095603537,48.52210235595703,50.63176095603537,20490000
2008-10-03,46.16424179077149,47.1570202373332,46.16424179077149,47.1570202373332,24312000
2008-10-06,45.54375457763672,46.1642436165976,45.54375457763672,46.1642436165976,30138000
2008-10-07,44.054595947265625,44.054595947265625,43.68230357114583,43.68230357114583,24996000
2008-10-08,35.74006652832031,41.200353523358594,35.74006652832031,41.076255123346826,53076000
2008-10-09,38.71840286254883,39.09069519776564,38.71840286254883,39.09069519776564,39630000
2008-10-10,34.12679672241211,38.71840317378383,34.12679672241211,38.71840317378383,38268000
2008-10-14,43.18589019775391,43.18589019775391,40.57984509961359,42.19310921917224,32856000
2008-10-15,42.19313049316406,43.31000752693073,42.19313049316406,43.31000752693073,25488000
2008-10-16,35.367774963378906,42.19313315045407,35.367774963378906,42.19313315045407,26790000
2008-10-17,38.22201156616211,38.22201156616211,35.367771318801566,35.367771318801566,30618000
2008-10-20,38.59429931640625,38.59429931640625,38.2220070309092,38.2220070309092,27942000
2008-10-21,39.090702056884766,39.090702056884766,38.594311242707214,38.594311242707214,23268000
2008-10-22,35.367774963378906,39.09069864373458,35.367774963378906,39.09069864373458,24840000
2008-10-23,33.754493713378906,35.36776094907202,33.754493713378906,35.36776094907202,40908000
2008-10-24,28.790605545043945,33.75450432607727,28.790605545043945,33.75450432607727,30606000
2008-10-27,28.046018600463867,28.790603215349897,28.046018600463867,28.790603215349897,53298000
2008-10-28,31.64484024047852,31.64484024047852,28.046013378377264,28.046013378377264,28680000
2008-10-29,33.134010314941406,33.134010314941406,31.644841312022688,31.644841312022688,33384000
2008-10-30,36.360538482666016,36.360538482666016,36.360538482666016,36.360538482666016,26172000
2008-10-31,34.12679672241211,36.48464914452706,34.12679672241211,36.48464914452706,24702000
2008-11-04,35.49186706542969,35.49186706542969,34.12679612917934,34.12679612917934,24180000
2008-11-05,36.48464584350586,36.48464584350586,35.61596285282457,35.61596285282457,34662000
2008-11-06,34.3749885559082,36.484646903063336,34.3749885559082,36.484646903063336,39912000
2008-11-07,33.3822135925293,34.37499226029308,33.3822135925293,34.37499226029308,30288000
2008-11-10,38.71840286254883,38.71840286254883,33.38221177765277,33.38221177765277,41514000
2008-11-11,38.09790802001953,38.718397045739245,38.09790802001953,38.718397045739245,43284000
2008-11-12,36.360538482666016,38.097901194623205,36.360538482666016,38.097901194623205,25422000
2008-11-13,33.630409240722656,36.36055426483434,33.630409240722656,36.36055426483434,18930000
2008-11-14,34.12679672241211,34.12679672241211,33.63040599134445,33.63040599134445,29202000
2008-11-17,34.3749885559082,34.3749885559082,34.12679462580493,34.12679462580493,17922000
2008-11-18,34.12679672241211,34.37499066776337,34.12679672241211,34.37499066776337,17220000
2008-11-19,33.258113861083984,34.12679693579261,33.258113861083984,34.12679693579261,16866000
2008-11-20,30.403867721557617,33.25810750689984,30.403867721557617,33.25810750689984,20358000
2008-11-21,33.258113861083984,33.258113861083984,31.25906771104604,31.25906771104604,25380000
2008-11-25,33.50631332397461,33.50631332397461,33.25811651688677,33.25811651688677,18828000
2008-11-26,32.14122772216797,33.50630114382599,32.14122772216797,33.50630114382599,24552000
2008-11-27,33.009918212890625,33.009918212890625,32.14123518295285,32.14123518295285,10032000
2008-11-28,34.99547576904297,34.99547576904297,33.00991591337283,33.00991591337283,14124000
2008-12-01,33.878604888916016,34.995481973165994,33.878604888916016,34.995481973165994,6000
2008-12-02,31.89303970336914,33.87859960114,31.89303970336914,33.87859960114,14646000
2008-12-03,31.64484024047852,31.89303411910592,31.64484024047852,31.89303411910592,19296000
2008-12-04,31.89303970336914,31.89303970336914,31.64484578128461,31.64484578128461,14322000
2008-12-05,31.64484024047852,31.89303411910592,31.64484024047852,31.89303411910592,9276000
2008-12-08,34.3749885559082,34.3749885559082,31.644846803677385,31.644846803677385,16506000
2008-12-09,33.630409240722656,34.374993989083535,33.630409240722656,34.374993989083535,30000
2008-12-10,37.10512924194336,37.10512924194336,33.630400384504696,33.630400384504696,21396000
2008-12-11,38.34610748291016,38.34610748291016,37.35332610757538,37.35332610757538,19632000
2008-12-12,35.367774963378906,38.34611390766344,35.367774963378906,38.34611390766344,26652000
2008-12-15,37.60151672363281,37.72561224498602,37.60151672363281,37.72561224498602,12984000
2008-12-16,35.86415100097656,37.60151670259346,35.86415100097656,37.60151670259346,14292000
2008-12-17,34.12679672241211,35.86416002060121,34.12679672241211,35.86416002060121,23850000
2008-12-18,33.878604888916016,34.126798849738684,33.878604888916016,34.126798849738684,22974000
2008-12-19,33.50631332397461,33.878605694241,33.50631332397461,33.878605694241,25056000
2008-12-22,35.24366760253906,35.24366760253906,33.5063046067548,33.5063046067548,16128000
2008-12-24,34.871376037597656,35.243668318569746,34.871376037597656,35.243668318569746,7932000
2008-12-25,35.98826599121094,36.009861291835094,35.98826599121094,36.009861291835094,6906000
2008-12-26,36.48464584350586,36.48464584350586,36.36054746187571,36.36054746187571,4566000
2008-12-29,36.360538482666016,36.360538482666016,35.61595405748948,35.988246270077745,8520000
2008-12-30,36.236446380615234,36.85693540217441,35.86415410382559,36.60873865740488,3906000
2009-01-05,37.725616455078125,37.84971483064484,37.22922863354074,37.725616455078125,5334000
2009-01-06,37.97382354736328,37.97382354736328,37.60153115964403,37.60153115964403,10422000
2009-01-07,39.83527755737305,39.83527755737305,39.7111791727113,39.7111791727113,25908000
2009-01-08,37.84971237182617,39.83527205008265,37.84971237182617,39.83527205008265,9348000
2009-01-09,36.98104476928711,37.84972802023693,36.98104476928711,37.84972802023693,12234000
2009-01-13,35.367774963378906,37.10513840075643,35.367774963378906,37.10513840075643,16758000
2009-01-14,35.49186706542969,35.49186706542969,35.3677715150938,35.3677715150938,13092000
2009-01-15,33.630409240722656,35.49187111162485,33.630409240722656,35.49187111162485,23334000
2009-01-16,34.871376037597656,34.871376037597656,33.63040082090245,33.63040082090245,12864000
2009-01-19,34.871376037597656,34.871376037597656,34.871376037597656,34.871376037597656,8952000
2009-01-20,34.3749885559082,34.8713792564797,34.3749885559082,34.8713792564797,10320000
2009-01-21,33.009918212890625,34.37498911105142,33.009918212890625,34.37498911105142,22110000
2009-01-22,34.12679672241211,34.12679672241211,33.00991970778373,33.00991970778373,15468000
2009-01-23,34.00269317626953,34.12679155031997,34.00269317626953,34.12679155031997,13284000
2009-01-26,31.024356842041016,34.002695280660305,31.02435684204101,34.002695280660305,21804000
2009-01-27,32.38943099975586,32.38943099975586,31.02435730159184,31.02435730159184,17502000
2009-01-28,32.88581848144531,32.88581848144531,32.38943063351214,32.38943063351214,12258000
2009-01-29,32.38943099975586,32.88581885330194,32.38943099975586,32.88581885330194,17052000
2009-01-30,31.14846420288086,32.389439856827565,31.14846420288086,32.389439856827565,13944000
2009-02-02,31.89303970336914,31.89303970336914,31.14845509675068,31.14845509675068,13362000
2009-02-03,31.14846420288086,31.893049027175746,31.14846420288086,31.893049027175746,8628000
2009-02-04,33.258113861083984,33.258113861083984,31.14845821149463,31.14845821149463,9774000
2009-02-05,33.134010314941406,33.258105838274986,33.134010314941406,33.258105838274986,14322000
2009-02-06,33.3822135925293,33.3822135925293,33.134019635679664,33.134019635679664,8724000
2009-02-09,33.009918212890625,33.382210534240386,33.009918212890625,33.382210534240386,12870000
2009-02-10,30.52796173095703,31.64483837965058,30.52796173095703,31.02434945902248,15048000
2009-02-12,30.52796173095703,31.02434945902248,30.52796173095703,31.02434945902248,15894000
2009-02-13,30.52796173095703,30.52796173095703,30.52796173095703,30.52796173095703,16098000
2009-02-16,31.27255821228028,31.27255821228028,30.527973492940266,30.527973492940266,8454000
2009-02-17,30.155670166015625,31.27254683883102,30.15567016601563,31.27254683883102,11460000
2009-02-18,30.03158187866211,30.15568027514246,30.03158187866211,30.15568027514246,9396000
2009-02-19,29.162900924682617,29.78339011226509,29.162900924682617,29.411097735861773,12324000
2009-02-20,28.046018600463867,29.162895522792912,28.046018600463867,29.162895522792912,11184000
2009-02-23,26.92914581298828,28.04602290680896,26.92914581298828,28.04602290680896,12360000
2009-02-24,25.43997383117676,26.92914314189403,25.43997383117676,26.92914314189403,25182000
2009-02-25,26.68094825744629,26.68094825744629,25.439972929065668,25.439972929065668,14772000
2009-02-26,27.05323600769043,27.05323600769044,26.680943756023296,26.680943756023296,13470000
2009-02-27,26.805044174194336,27.05323808087087,26.805044174194336,27.05323808087087,11844000
2009-03-02,25.56407356262207,26.80504900015855,25.56407356262207,26.80504900015855,10176000
2009-03-03,26.432756423950195,26.432756423950195,25.56407334116344,25.56407334116344,14304000
2009-03-04,26.68094825744629,26.68094825744629,26.432754327916143,26.432754327916143,10344000
2009-03-05,27.177335739135746,27.177335739135746,26.680945098482045,26.680945098482045,9036000
2009-03-06,25.56407356262207,27.177341347382978,25.56407356262207,27.177341347382978,11160000
2009-03-09,25.56407356262207,25.56407356262207,25.56407356262207,25.56407356262207,7818000
2009-03-10,25.43997383117676,25.56407222052488,25.43997383117676,25.56407222052488,6726000
2009-03-11,26.92914581298828,26.92914581298828,25.43997635456072,25.43997635456072,13512000
2009-03-12,26.432756423950195,26.805048767949494,26.432756423950195,26.55685197837317,5820000
2009-03-13,28.17011260986328,28.170112609863285,26.43274972496368,26.43274972496368,31470000
2009-03-16,30.03158187866211,30.03158187866211,28.29421852976329,28.29421852976329,17388000
2009-03-17,30.403867721557617,30.403867721557617,30.27976935163332,30.27976935163332,18576000
2009-03-18,30.652061462402344,30.652061462402344,30.40386756420286,30.40386756420286,17892000
2009-03-19,29.659292221069336,30.652070961907885,29.65929222106933,30.652070961907885,14412000
2009-03-23,30.77616310119629,30.77616310119629,29.659286180100075,29.659286180100075,9414000
2009-03-24,32.26533508300781,32.26533508300781,30.77616572778645,30.77616572778645,21582000
2009-03-25,32.26533508300781,32.26533508300781,32.26533508300781,32.26533508300781,12306000
2009-03-26,34.207523345947266,34.207523345947266,32.327989096169944,32.327989096169944,13524000
2009-03-27,35.20994186401367,35.20994186401367,34.20752451906916,34.20752451906916,17460000
2009-03-30,33.83160400390625,35.2099276554926,33.83160400390625,35.2099276554926,17604000
2009-03-31,33.9569206237793,33.9569206237793,33.70631698540025,33.70631698540025,20910000
2009-04-01,37.3400764465332,37.3400764465332,33.95691498452198,33.95691498452198,27558000
2009-04-02,41.34974670410156,41.34974670410156,37.34007238447031,37.34007238447031,47034000
2009-04-03,40.34732437133789,40.472627582856425,40.34732437133789,40.472627582856425,32838000
2009-04-06,42.22686004638672,42.22686004638672,41.60034969734711,41.60034969734711,23772000
2009-04-07,42.47746658325195,42.47746658325195,42.35216336596404,42.35216336596404,19410000
2009-04-08,39.84611511230469,42.35215913194104,39.84611511230469,42.35215913194104,22188000
2009-04-09,42.3521728515625,42.3521728515625,41.34975549257167,41.34975549257167,16338000
2009-04-10,43.73048400878906,43.73048400878906,43.60518366882777,43.60518366882777,23382000
2009-04-13,47.36426162719727,47.36426162719727,46.86305155346862,46.86305155346862,33366000
2009-04-14,43.60518646240234,45.23411392978421,43.60518646240234,45.23411392978421,32358000
2009-04-15,43.10398483276367,43.60519492582265,43.10398483276367,43.60519492582265,28206000
2009-04-16,41.34974670410156,43.10397742647699,41.34974670410156,43.10397742647699,27552000
2009-04-17,43.354583740234375,43.354583740234375,41.34974932145794,41.34974932145794,13596000
2009-04-20,44.35700225830078,44.35700225830078,43.103978639656496,43.103978639656496,18486000
2009-04-21,42.60276794433594,42.60276794433594,41.97625757890022,41.97625757890022,21612000
2009-04-22,43.354583740234375,43.354583740234375,42.347156237262574,42.347156237262574,18108000
2009-04-23,43.60518646240234,43.60518646240234,42.22685969099784,42.60276647084613,18978000
2009-04-24,43.10398483276367,43.73049529813113,43.10398483276367,43.73049529813113,17442000
2009-04-27,43.479888916015625,43.479888916015625,43.2203631533996,43.2203631533996,23280000
2009-04-28,41.97625350952149,43.4798805351514,41.97625350952149,43.4798805351514,20772000
2009-04-30,42.47746658325195,42.47746658325195,41.97625658204145,41.97625658204145,21150000
2009-05-01,43.60518646240234,43.60518646240234,42.60276647084613,42.60276647084613,13092000
2009-05-07,47.238956451416016,47.238956451416016,43.74254577326137,43.74254577326137,19650000
2009-05-08,46.3618392944336,46.98835257404853,46.3618392944336,46.98835257404853,22152000
2009-05-11,47.74015808105469,47.74015808105469,46.361831395100346,46.361831395100346,27708000
2009-05-12,47.11364364624024,47.74015680232584,47.11364364624024,47.74015680232584,15774000
2009-05-13,45.35942077636719,47.11365160009078,45.35942077636719,47.11365160009078,13644000
2009-05-14,42.85337829589844,45.35942285429797,42.85337829589844,45.35942285429797,20778000
2009-05-15,43.10398483276367,43.10398483276367,42.85338122020502,42.85338122020502,20910000
2009-05-18,41.09914779663086,43.10398532376226,41.09914779663086,43.10398532376226,19248000
2009-05-19,43.10398483276367,43.10398483276367,41.09914732846942,41.09914732846942,14622000
2009-05-20,44.231693267822266,44.231693267822266,43.103973018490194,43.103973018490194,16560000
2009-05-21,44.60760498046875,44.60760498046875,44.23169818886946,44.23169818886946,16362000
2009-05-22,46.73775100708008,46.73775100708008,44.73291633270166,44.73291633270166,34332000
2009-05-25,47.86546325683594,47.86546325683594,46.61244252039894,46.61244252039894,25644000
2009-05-26,49.11849594116211,49.11849594116211,47.8654693103726,47.8654693103726,34800000
2009-05-27,49.369083404541016,49.369083404541016,49.11848273446974,49.11848273446974,20262000
2009-05-28,51.499244689941406,51.499244689941406,49.36910370321363,49.36910370321363,30378000
2009-05-29,54.7570915222168,54.7570915222168,51.37393037924904,51.37393037924904,35880000
2009-06-01,57.51374435424805,57.51374435424805,56.88723106587913,56.88723106587913,39576000
2009-06-02,57.88965606689453,57.88965606689454,57.35846163675888,57.35846163675888,40038000
2009-06-03,55.88481521606445,56.63662884795822,55.88481521606445,56.63662884795822,47682000
2009-06-04,56.26071548461914,56.88722294769836,56.26071548461914,56.88722294769836,44658000
2009-06-05,55.63420486450195,56.43286913127726,55.634204864501946,56.43286913127726,23574000
2009-06-08,58.140254974365234,58.140254974365234,56.887228455133,56.887228455133,27024000
2009-06-09,56.26071548461914,56.88722294769836,56.26071548461914,56.88722294769836,25212000
2009-06-10,57.76433944702149,57.76433944702149,56.511313116916725,56.511313116916725,19674000
2009-06-11,56.76192092895508,57.01252734832834,56.38601416783617,57.01252734832834,17976000
2009-06-12,56.63662338256836,57.51373728984268,56.01011017115398,56.01011017115398,47736000
2009-06-15,55.13301467895508,55.38361545851863,54.63180164805963,54.88240816350736,16986000
2009-06-16,52.75225067138672,53.12815745939157,52.501649969971744,52.8775567579766,20478000
2009-06-17,57.01255035400391,57.1378507463107,54.25589583618009,54.38120196437117,36438000
2009-06-18,58.01493835449219,58.51615116559647,57.13782453888218,58.26554476004433,43524000
2009-06-19,56.63662338256836,57.26313085810048,55.75950373941178,56.76192373049833,29958000
2009-06-22,59.26798629760742,59.76919355592648,57.38845190905627,57.38845190905627,48516000
2009-06-23,56.63662338256836,57.38843694191271,56.26071660289619,57.13783051017051,34680000
2009-06-24,62.65114974975586,62.65114974975587,59.518588533943536,59.518588533943536,97848000
2009-06-25,59.51857376098633,62.52582811077734,59.14266696726245,62.40052775816354,83640000
2009-06-26,60.7716064453125,63.653555001322594,60.01979278098238,60.52099997857477,164538000
2009-06-29,59.51857376098633,62.77643455188742,59.14266696726245,60.77160023065423,47988000
2009-06-30,60.7716064453125,62.14992767266235,60.27039351183705,61.02220717616717,27510000
2009-07-01,62.4005241394043,64.02945157244811,60.77159670636048,61.39810416897925,58512000
2009-07-02,62.90175628662109,63.77887626072348,61.89934165319611,63.402969339218,34152000
2009-07-03,61.89932632446289,62.27523315287889,60.52099937497654,61.398113395986215,20808000
2009-07-06,60.01979064941406,61.52341792467385,59.39327737276153,61.27281146683627,16470000
2009-07-07,59.26798629760742,60.39570693073811,58.14026566447673,59.39328667821625,17532000
2009-07-08,56.13541412353516,57.63904133877166,54.88239335613228,57.51374098279616,24012000
2009-07-09,56.01010513305664,57.5137321164944,54.63177848627812,55.13299130467853,25968000
2009-07-10,54.88238906860352,57.76434291795666,54.381181947974255,57.012529369071686,24390000
2009-07-13,51.87512969970703,54.3811765246969,51.3739226290617,53.75466338447903,15870000
2009-07-14,55.13301467895508,56.13542926897764,53.50408093237112,53.50408093237112,19182000
2009-07-15,55.5089111328125,57.26313920300313,54.88239783009694,56.38602516790782,21012000
2009-07-16,56.13541412353516,57.76434743062978,55.88481341158416,57.38844062682066,15624000
2009-07-17,55.75950622558594,57.26313341131753,55.25829907563624,56.88722661488463,9732000
2009-07-21,57.88965606689453,58.01495644079247,56.76193549416282,57.5137492093173,12900000
2009-07-22,58.51616287231445,59.267976503496726,57.38844242554104,58.51616287231445,13602000
2009-07-23,61.27280807495117,62.52582882300978,58.641460488910326,58.89206693287506,30618000
2009-07-24,62.02462768554688,63.02704782272886,61.14751365043956,63.02704782272886,23220000
2009-07-27,60.14510726928711,61.52343455616974,60.01980687443756,61.14752763573669,25236000
2009-07-28,61.14750289916992,61.89931643589791,60.27038328239922,60.39568936244194,20106000
2009-07-29,60.270389556884766,61.02220317188076,59.51857594188877,60.52099600717766,16710000
2009-07-30,60.5210075378418,61.27282129607586,59.89449416068549,60.89691441695883,10884000
2009-07-31,62.77643203735352,63.02703846842545,60.77159779642473,60.77159779642473,21948000
2009-08-03,64.53067016601562,64.90657697137905,62.40052969032867,62.901736852185685,26214000
2009-08-04,62.65114974975586,68.16444693555918,61.64872947238985,67.03672627447888,54708000
2009-08-05,63.02705764770508,65.40779939176588,63.02705764770508,64.9065921129857,30498000
2009-08-06,63.9041633605957,64.40537057303146,62.90174319984097,62.90174319984097,17808000
2009-08-07,64.1547622680664,64.28006262242607,62.14992218301641,63.52824902450296,13506000
2009-08-10,63.9041633605957,65.65839720794568,63.40295614815995,65.4077907337862,21384000
2009-08-11,66.66082000732422,66.78612612808762,64.1547778944316,64.53068478495389,36054000
2009-08-12,65.65838623046875,66.41019979136769,65.40777979820834,65.78368657865782,13938000
2009-08-13,65.53306579589844,66.15957887141383,65.28246515439709,65.78367217328079,9072000
2009-08-14,66.91140747070312,67.03670781992345,65.53308068575035,66.03429355439626,18054000
2009-08-17,65.0318832397461,67.91383758815063,64.65597640021,65.78369691881831,24000000
2009-08-18,62.90175628662109,63.528269734425024,61.77403552210467,62.65115549620706,27780000
2009-08-19,63.4029541015625,64.65597496014696,63.27764800058592,63.65355483174957,15168000
2009-08-20,63.9041633605957,64.1547698347552,61.89932877496947,63.40295614815995,16260000
2009-08-21,62.52584457397461,64.15477826626835,61.39812389587157,64.15477826626835,11988000
2009-08-24,64.7812728881836,65.1571797052057,63.40295171635773,63.40295171635773,20052000
2009-08-25,62.90175628662109,64.9065970252399,62.77645589141408,64.78129089414846,18816000
2009-08-26,63.27765655517578,63.77886955507565,62.52584279120979,63.02705579110966,13602000
2009-08-27,62.4005241394043,63.27763802859987,61.77401094090337,63.02703733790521,12276000
2009-08-28,62.02462768554688,63.27764855511204,61.52342048489742,62.77644135446259,13416000
2009-08-31,61.39811706542969,64.02946502160358,61.272816693763474,62.77644409729141,14022000
2009-09-02,59.89448928833008,60.52100261452017,59.39328206890799,60.27039613686748,15030000
2009-09-03,58.26556396484375,59.26798418157644,57.76435672441918,58.892077317287125,17808000
2009-09-04,59.01736068725586,59.26796710319635,57.76434007931722,58.01494075937581,25530000
2009-09-07,61.27280807495117,61.39810842899227,59.76918088292784,59.894481236968936,14916000
2009-09-08,62.27523040771485,62.27523040771485,60.27039025394983,61.02220387764102,19026000
2009-09-09,60.01979064941406,61.8993247434888,59.76918419157648,61.774018646628576,19326000
2009-09-10,61.52340698242188,61.64870732111393,59.76917356132387,60.019779974589824,15150000
2009-09-11,60.89690399169922,61.899324076363015,60.39569681730871,61.27281080646279,27168000
2009-09-14,59.01736068725586,60.3956873711057,58.89206034722657,60.3956873711057,9978000
2009-09-15,58.89207458496094,59.894489019302576,58.39086163190684,59.894489019302576,9966000
2009-09-16,59.76919174194336,60.52100547454643,58.89207763253432,58.89207763253432,11958000
2009-09-17,60.270389556884766,60.77160245747055,59.76918239218166,60.270389556884766,9072000
2009-09-18,59.01736068725586,60.2703812951945,58.51615359125679,60.14508095516521,10884000
2009-09-21,59.01736068725586,59.01736068725587,59.01736068725587,59.01736068725587,0
2009-09-24,59.26798629760742,60.27040081424553,58.641472922795785,59.51858705882507,17574000
2009-09-25,57.9453010559082,59.45691765533503,57.31546465038684,59.45691765533503,9810000
2009-09-28,55.677879333496094,57.31546792054836,55.42594706345732,57.31546792054836,12348000
2009-09-29,55.80385971069336,57.06353855129479,55.5519216360287,56.68563432247827,11058000
2009-09-30,55.42596435546875,55.42596435546875,54.796121951150994,55.17402624046928,9366000
2009-10-01,54.92208099365234,56.18176563871355,54.544176753406205,55.174019075936805,10782000
2009-10-02,52.27674102783203,52.6546451937353,51.39496656284439,52.6546451937353,17292000
2009-10-05,50.51319885253906,52.1507818683127,50.00932271971585,51.646911501850205,14490000
2009-10-06,50.63916397094727,51.52093853588335,50.0093217009297,51.26900624096482,19566000
2009-10-07,55.92981719970703,56.307721369975326,53.78835831273338,53.78835831273338,37314000
2009-10-08,57.69336700439453,58.57514140449286,55.80384631392702,55.92981243783834,27714000
2009-10-09,58.95306015014648,59.456930537001774,57.94531361007494,58.4491897632912,26424000
2009-10-13,59.5828971862793,60.212733672526944,59.07902107764865,60.212733672526944,10158000
2009-10-14,58.0712776184082,58.95305211683916,57.31546925793591,58.95305211683916,9960000
2009-10-15,59.45692443847656,59.96080054001,59.07902024550667,59.33095829627339,9366000
2009-10-16,59.20499038696289,59.7088607070968,58.44918202358192,59.58289456865337,8538000
2009-10-19,59.20499038696289,59.58289456865337,58.19724398033486,58.95305234371583,9090000
2009-10-20,62.35418701171875,62.8580573078753,60.33870006073267,60.46466619318182,33864000
2009-10-21,61.346458435058594,62.85807552804864,60.590649888563576,61.85033464362967,23262000
2009-10-22,60.71660614013672,60.84257227656029,59.582893613244295,60.71660614013672,13926000
2009-10-23,60.212738037109375,61.59838878674332,59.96080573089292,61.346450714166,15870000
2009-10-26,61.09451675415039,61.59838711930463,60.086770257481206,60.212736407179584,10164000
2009-10-27,58.449195861816406,60.08677911473047,58.071291590654575,59.96081294646371,15234000
2009-10-28,55.677879333496094,58.82708460622119,55.299975162077885,58.071276263384775,24888000
2009-10-29,54.41819381713867,54.92206405999241,53.15851532682468,53.78835168880202,29712000
2009-10-30,56.30771255493164,56.68561666603857,54.418191999397024,55.42593821780186,18396000
2009-11-02,54.29222869873047,54.79609895087155,53.284482428088886,54.41819482017589,19080000
2009-11-04,57.18950653076172,59.45693197603017,56.43369804900557,56.811602289883645,64332000
2009-11-05,55.42596435546875,56.68564339774241,54.92208812546981,56.5596772234236,26850000
2009-11-06,56.181758880615234,57.06353341300063,55.92982082863637,56.68562921821255,20202000
2009-11-09,55.677879333496094,57.06352988414954,54.79610485564029,55.92981736989491,39132000
2009-11-10,56.433685302734375,57.18949361378153,55.92981501748953,56.81158945825795,25902000
2009-11-11,55.92981719970703,57.56740001541628,55.55191302943874,56.93756357587581,27486000
2009-11-12,53.662391662597656,55.67787862921374,53.410453629385664,55.67787862921374,28884000
2009-11-13,53.91433334350586,54.29223753571184,52.780620766887935,53.28449110104245,32424000
2009-11-16,52.78062057495117,53.78836123959555,51.646908002456,53.66239509810509,20628000
2009-11-17,51.269004821777344,53.78836229938752,51.017066767472144,53.1585258131652,24912000
2009-11-18,51.520938873291016,52.78062342157573,51.14303466207773,52.15078114743338,28806000
2009-11-19,51.01706314086914,51.898837618714765,50.26125479804145,51.64690534867889,20796000
2009-11-20,52.65464401245117,52.65464401245117,50.63915709497031,51.14302738275057,27132000
2009-11-24,52.402713775634766,53.91433046371692,52.02480960361422,53.284488254896,22746000
2009-11-25,52.15077590942383,53.914330640075086,51.52093369854265,53.6623926024506,35526000
2009-11-26,51.269004821777344,52.02481321833248,50.89110062349977,51.64690902005491,27516000
2009-11-27,49.50544738769531,50.51319378590076,48.87560516802189,50.38722188214999,38664000
2009-11-30,51.01706314086914,51.394967312282986,50.639158969455295,51.14302927588707,12474000
2009-12-01,52.15077590942383,52.40271394704831,49.12754252337027,49.75738473425145,33654000
2009-12-02,51.01706314086914,52.15077565511068,50.51319283443736,51.01706314086914,24414000
2009-12-03,54.1662712097168,54.67014736216056,52.15078389902457,52.15078389902457,32544000
2009-12-04,55.677879333496094,55.92981736989491,53.91433037778448,54.92207099065968,32652000
2009-12-07,56.181758880615234,56.81159536102177,55.677882776657526,56.30772502342446,15816000
2009-12-08,55.29998397827149,55.67788820993704,54.41820935983886,54.92207974660594,16698000
2009-12-09,53.662391662597656,54.5441661292997,53.158521362533634,54.04029582923568,17430000
2009-12-10,53.41046142578125,54.79611216117255,52.52868683036541,52.9065910521666,17574000
2009-12-11,53.788368225097656,53.91434014930845,52.27675126545687,53.41046398518746,36696000
2009-12-14,54.04030990600586,54.04030990600586,53.032563277013466,53.41046754209043,12426000
2009-12-15,55.677879333496094,56.0557835049143,54.29223454920269,54.41820068422208,25938000
2009-12-16,55.04805755615234,56.43370270956427,54.5441813491284,56.30773654098907,19128000
2009-12-17,56.30771255493164,56.68561666603857,55.5519043327178,56.05577455874066,25554000
2009-12-18,56.93755340576172,57.315457508529256,55.80384109745911,56.05577332173148,26490000
2009-12-21,56.93755340576172,57.44142362066544,56.68561541513037,56.93755340576172,14406000
2009-12-22,58.827091217041016,59.07902351539122,57.56740665984722,57.56740665984722,25314000
2009-12-24,59.33095550537109,59.70885968056454,58.82708519389986,59.204989369093305,16890000
2009-12-25,60.08677673339844,60.590647152857855,59.33096822102864,59.96081057012391,19482000
2009-12-28,60.84257125854492,61.47241346284447,59.83482488493763,59.83482488493763,17958000
2009-12-29,61.22047805786133,61.47241610367632,60.96854001204634,61.22047805786133,16746000
2009-12-30,60.84257125854492,61.47241346284447,60.84257125854492,60.84257125854492,9858000
2010-01-04,63.73985290527344,63.991785230926446,61.22048928421415,61.72435970188148,29964000
2010-01-05,63.99177169799805,64.74758004784196,63.36193525070152,64.24370973673271,36612000
2010-01-06,64.9995346069336,65.12550077513659,63.487917523051415,64.11775989678951,18990000
2010-01-07,64.49564361572266,65.25145191681956,64.1177394651742,65.25145191681956,11676000
2010-01-08,64.8735580444336,65.25146225485484,63.865811561190064,65.25146225485484,18426000
2010-01-12,65.50338745117188,66.25919579009447,64.49564684351508,64.62161297788218,17910000
2010-01-13,64.74758911132812,66.1332398687946,64.49565680368761,65.5033975669715,16866000
2010-01-14,65.62935638427734,65.88128864161969,64.74757618449989,65.37741836057525,10830000
2010-01-15,65.75532531738281,66.13322948587351,65.12548311444496,66.00726335182995,13794000
2010-01-18,64.8735580444336,64.99952419245379,64.2437157716113,64.8735580444336,15582000
2010-01-19,64.74758911132812,65.12549333914981,63.73984834804424,64.36968488350644,17874000
2010-01-20,65.50338745117188,67.51888019920547,65.12548328171057,65.50338745117188,47838000
2010-01-21,65.50338745117188,65.62935935189898,62.60612599620858,64.24370880842088,33840000
2010-01-22,64.11775970458984,65.37743868192845,63.48791733273977,64.99953441209071,22830000
2010-01-25,64.11775970458984,64.36969204024064,62.48017069105196,63.23597923072743,16974000
2010-01-26,63.86579895019531,66.25918988814198,63.73983282704849,64.36966920914212,29046000
2010-01-27,61.47240829467773,64.49564139496746,61.47240829467773,63.86579924362059,28590000
2010-01-28,61.72434997558594,62.85806256146217,61.346445780293855,61.472417689631484,22722000
2010-01-29,61.22047805786133,62.10225256867341,60.464669686776624,60.84257387231897,25482000
2010-02-01,59.7088508605957,61.0945012204086,59.456912858895386,60.96852933637882,17700000
2010-02-02,61.09451675415039,61.72435326900301,60.212736407179584,60.46467447293706,13410000
2010-02-03,61.47240829467773,62.4801488172013,60.96853226705643,61.724340542128864,20394000
2010-02-04,60.968544006347656,61.85032434128906,60.4646736480673,61.85032434128906,16044000
2010-02-05,58.70111083984375,59.33095302765,58.44917857780913,59.07901499925553,14238000
2010-02-08,58.827091217041016,60.33870807258501,58.323215087619225,58.95305736621612,34068000
2010-02-09,58.0712776184082,60.0867646575476,57.94530571408937,59.20499015911665,39864000
2010-02-10,57.4414291381836,58.70110767962041,57.31546301394778,58.57514155538458,19590000
2010-02-12,58.827091217041016,59.07902351539122,57.18950244596122,57.31547436149701,26418000
2010-02-15,58.449195861816406,59.45693674067357,58.19725775892133,59.205004404140055,8694000
2010-02-16,59.07900619506836,59.33094418591804,58.44916986748266,58.575135979728,15030000
2010-02-17,60.33870315551758,60.464669294427566,59.58289478933723,59.70886092824722,19386000
2010-02-18,60.71660614013672,61.2204764521911,59.9607977888751,60.46466810092948,18522000
2010-02-19,59.5828971862793,61.2204801234278,59.456925275941416,60.7166097811576,13860000
2010-02-22,60.71660614013672,61.59838062782191,60.33870196450591,60.71660614013672,10632000
2010-02-23,60.46470260620117,60.84260699748992,59.96083200660396,60.21276442322087,11832000
2010-02-24,60.212738037109375,60.96854648848046,59.330963432630064,59.70886765831561,15084000
2010-02-25,59.45692443847656,60.96854121035614,59.20499215407021,60.464670875183074,10446000
2010-02-26,59.33095550537109,60.08676385575798,59.204989369093305,59.83482581684232,7824000
2010-03-01,59.5828971862793,59.834829474234176,58.57515073537844,58.95305493367121,9066000
2010-03-02,59.7088508605957,60.08675497996656,58.701104620153664,59.7088508605957,10920000
2010-03-03,59.45692443847656,60.33870473297989,58.95305410330349,59.45692443847656,12462000
2010-03-04,59.7088508605957,60.71659710103774,59.456912858895386,59.96078886229602,15402000
2010-03-05,60.968544006347656,60.968544006347656,60.08676943776688,60.21273558574681,9762000
2010-03-08,62.73209381103516,62.85805994877662,61.8503193141246,61.97628545186606,19824000
2010-03-09,62.60612487792969,62.85805714216384,62.10224881674159,62.85805714216384,6420000
2010-03-10,62.10224914550781,62.85805747493128,61.85031687993995,62.73209134214734,7380000
2010-03-11,62.85806274414063,62.984034653844354,62.22822626106366,62.22822626106366,5958000
2010-03-12,63.36194610595703,63.613878421493,62.60613762662697,63.613878421493,27906000
2010-03-15,64.24371337890625,65.62936402096358,64.11774723557755,65.62936402096358,14172000
2010-03-16,64.49564361572266,65.12548002239693,64.24370559323711,64.36967172130002,10314000
2010-03-17,64.36968994140625,65.12549845643788,63.61388142637463,64.36968994140625,17910000
2010-03-18,63.86579895019531,64.49564109864843,63.61386093754217,64.24370308599529,15318000
2010-03-19,64.24371337890625,64.49565143192406,63.99177532588844,64.11774723557755,12336000
2010-03-23,64.24371337890625,64.87355562827057,64.24371337890625,64.24371337890625,10530000
2010-03-24,66.00726318359375,66.76307151864879,64.9995168147337,65.2514548485387,39444000
2010-03-25,66.5111312866211,66.88903544165872,65.88128910610513,66.63709741618038,16704000
2010-03-26,66.8890380859375,67.39290839045356,66.63710005049946,66.8890380859375,16062000
2010-03-29,66.92063903808594,67.30015117968358,65.40259047169536,65.90861052108937,12234000
2010-03-30,67.55317687988281,67.67967902613788,66.54114233715109,66.66765027430321,13242000
2010-03-31,68.18571472167969,69.32425166995876,68.05920675571643,68.43871907180944,28158000
2010-04-01,68.69171142578125,69.45073586142524,68.05918913244562,69.32423371911686,15174000
2010-04-02,68.94473266601562,69.1977369916032,68.05920015376567,68.43871243304486,10170000
2010-04-05,69.32425689697266,69.45075908157574,69.07124673686768,69.32425689697266,7920000
2010-04-06,68.31221008300781,69.45074691772462,67.80619564232184,69.32424475527756,13602000
2010-04-07,68.18571472167969,68.6917292128376,67.93270458065155,68.31221689674457,11382000
2010-04-08,67.04718017578125,67.80620483516407,66.92067220528506,67.55319468507027,9270000
2010-04-09,67.4266586303711,67.67966286245718,66.79413646836454,66.92063858440758,31464000
2010-04-12,67.4266586303711,68.56519504744548,67.4266586303711,67.93267288543893,8040000
2010-04-13,66.92063903808594,67.80617122907759,66.5411268964883,67.80617122907759,9642000
2010-04-14,66.92063903808594,67.80617122907759,66.66763480428466,67.17364906278294,11244000
2010-04-15,68.31221008300781,68.56522019879971,66.92066313249913,67.04717108584397,16602000
2010-04-16,66.66767883300781,68.18572840194993,66.54117084166295,68.18572840194993,12366000
2010-04-19,65.14962768554688,65.65564226596744,65.02311969726719,65.40263208030746,15768000
2010-04-20,64.39057922363281,66.66765268390787,64.26407128190824,65.78212025542496,23112000
2010-04-21,65.52912902832031,65.90864134742081,63.75806960888514,64.264084104053,19200000
2010-04-22,65.02311706542969,65.27612724084898,63.884579962391626,65.27612724084898,16980000
2010-04-23,64.89659881591797,66.16163779820972,64.26407642932323,65.27611108969526,16944000
2010-04-26,65.52912902832031,65.90864134742081,65.27611888528716,65.27611888528716,9054000
2010-04-27,65.02311706542969,65.27612724084898,64.77011268090956,64.89661487316963,12510000
2010-04-28,63.25205612182617,63.50506047799327,62.6195336496114,62.99904597476056,20844000
2010-04-30,64.26408386230469,64.64359617997755,63.63156719344886,63.88457154463183,14202000
2010-05-06,62.1135139465332,62.7460305748982,61.60749369476357,62.493026239911416,16716000
2010-05-07,59.83644485473633,60.46896153245062,58.82441006313557,59.20392238612354,21126000
2010-05-10,61.98700714111328,62.113515101857786,59.70993333848996,59.83644129923447,20160000
2010-05-11,58.57138442993164,61.22796998838703,57.81235998465868,60.974965700560674,51912000
2010-05-12,58.57138442993164,59.7099210978411,58.065370063381984,58.82439450865495,34992000
2010-05-13,59.330413818359375,59.83643401796541,58.95090156410356,59.20391166390658,17010000
2010-05-14,59.203914642333984,60.08944134984744,58.57139225645425,58.69790020816884,19650000
2010-05-17,57.432861328125,59.203920715732686,57.05334901584467,58.824408403452345,32646000
2010-05-18,56.42082977294922,57.81237099367147,55.91480951914289,57.55936665766637,29814000
2010-05-19,56.041316986083984,56.16781915297605,53.13172082038274,55.40879456982772,44310000
2010-05-20,54.14375305175781,55.9148064708332,53.76424077754198,55.40879203551133,16344000
2010-05-21,53.38473892211914,53.51124110791388,52.1196939005763,53.1317287596308,25272000
2010-05-24,51.9931869506836,53.38473403051472,51.10766014946288,52.37269926419223,30576000
2010-05-25,50.98116302490234,51.99319800642209,50.85466082379971,51.99319800642209,22734000
2010-05-26,52.11968231201172,52.87870683981236,51.86667799667656,51.99318015434414,37380000
2010-05-27,55.15578842163086,55.282296388541575,51.74017755121316,52.119689870148456,37758000
2010-05-28,56.16781234741211,57.05333899015779,55.02927561064024,56.04131019584767,43230000
2010-05-31,56.673828125,57.17984832537775,54.14375028670101,55.28228705120479,42960000
2010-06-01,54.39676284790039,56.16782223609471,53.89074836165844,55.788309923688665,29838000
2010-06-02,53.25821685791016,54.27025144926788,52.625700305346754,53.51122695347392,23754000
2010-06-03,55.66181564331055,55.788317835085856,53.76425381218517,54.01725819573579,41556000
2010-06-04,56.54731750488281,58.44487849497955,56.16780530686346,57.3063419009215,45120000
2010-06-07,53.25821685791016,54.64976369716486,53.13171470557695,54.52326154483165,32502000
2010-06-08,53.13173294067383,54.01725989271861,52.37270818437849,52.499210380127934,19044000
2010-06-09,51.23417282104492,52.75222238611292,51.23417282104492,52.62572018599043,29796000
2010-06-10,51.9931869506836,52.119689124887024,50.85465001015767,51.99318695068359,18396000
2010-06-11,53.38473892211914,53.51124110791388,52.75221641134772,53.25823094542553,38322000
2010-06-14,54.64976501464844,55.0292772716946,54.01724265593899,54.14375060221937,8532000
2010-06-15,53.890750885009766,54.64977554536202,53.76424870525059,54.64977554536202,13668000
2010-06-16,54.2702751159668,55.02929994276354,54.01726491006793,54.90279773526404,20220000
2010-06-17,55.15578842163086,55.40879856455387,53.89074928881266,54.14375943173568,23430000
2010-06-18,54.52326202392578,55.282286526389264,54.270251926138826,55.15577858204709,9246000
2010-06-21,56.2943229675293,56.673835270211285,55.02928388888872,55.02928388888872,15540000
2010-06-22,55.788307189941406,56.16781948375053,55.28229272849525,55.788307189941406,16218000
2010-06-23,53.63774871826172,54.77628587825477,53.51124651967342,54.77628587825477,14550000
2010-06-24,53.25821685791016,54.01724135370412,52.625700305346754,53.38472480114071,14358000
2010-06-25,51.86666488647461,52.49918130583056,51.61365484419456,52.49918130583056,14484000
2010-06-28,51.107669830322266,52.11969899744586,50.98116184125724,51.99319679928027,14922000
2010-06-29,50.85464859008789,51.9931854988212,50.60163845784776,51.23416089299899,15372000
2010-06-30,49.46310043334961,49.71611055988245,49.2100960977148,49.58960839206505,15150000
2010-07-01,47.94504928588867,49.08358612215699,47.69204206520091,49.08358612215699,16878000
2010-07-02,46.68001937866211,47.94505862393597,46.42700921324776,47.81855643667826,35880000
2010-07-05,47.05952835083008,47.94505517982039,46.4270058781807,47.31253560262027,26274000
2010-07-06,46.8065185546875,47.3125359575128,45.161967062541535,46.17399897274285,27660000
2010-07-07,46.427001953125,47.18602653977499,45.79448242939968,46.80651424644999,23574000
2010-07-08,48.19806289672852,48.45107013576112,47.81855059045506,48.07155782948766,13092000
2010-07-09,47.69204330444336,48.577572943033736,47.56553824308788,48.577572943033736,11730000
2010-07-12,48.07155227661133,49.3365941165441,47.69204001417637,47.69204001417637,15936000
2010-07-13,48.07155227661133,48.830579696930016,47.81854506680428,48.198057329239234,13824000
2010-07-14,49.46310043334961,49.71611055988245,49.08358813899936,49.08358813899936,10242000
2010-07-15,48.704078674316406,49.33660113194854,48.57757649914933,49.33660113194854,11178000
2010-07-16,46.93303680419922,48.57759165345044,46.68002947948753,48.32458143328866,18000000
2010-07-21,48.07155227661133,48.95708185410915,47.439032804369326,48.198057329239234,36744000
2010-07-22,48.07155227661133,48.57756959167419,47.69204001417637,47.945047223983416,24870000
2010-07-23,49.84260940551758,49.96911735580083,48.32456032929981,48.70407259835425,21612000
2010-07-26,50.47513961791992,50.98115412489278,50.095627289965634,50.47513961791992,18648000
2010-07-27,51.86666488647461,53.2582056417746,51.48715271850259,52.119669137858544,44004000
2010-07-28,52.752201080322266,53.1317133183102,51.86667445531616,51.99317660434641,21690000
2010-07-29,53.005218505859375,53.258222838938806,52.372696091364816,52.49919825790453,11154000
2010-07-30,51.36066436767578,53.00522158264333,51.107660019910256,53.00522158264333,23274000
2010-08-02,51.9931869506836,52.49920143839567,50.98115218436111,50.98115218436111,21492000
2010-08-03,53.38473892211914,54.01725564199169,52.75221641134772,53.63774329370861,31602000
2010-08-04,52.11968231201172,53.00521478837752,51.99318015434414,52.87870683981236,16308000
2010-08-05,51.74016952514648,52.87870630533967,50.9811450050177,52.87870630533967,33462000
2010-08-06,51.61367416381836,51.99318647384644,50.98115171680547,51.36066402683355,12594000
2010-08-09,49.96910858154297,51.107645188786506,49.96910858154297,50.85463512354462,15930000
2010-08-10,50.85464859008789,51.9931854988212,50.34863411650581,50.98115076075887,22428000
2010-08-11,49.33660507202149,50.47514211214506,49.083594910583294,49.96912758016752,14778000
2010-08-12,48.45106887817383,48.57757394213114,46.80651462852492,48.32456381421651,26742000
2010-08-13,48.45106887817383,48.83058407004577,47.43903705286244,48.57757394213114,25980000
2010-08-16,48.19806289672852,48.32456506852026,47.05952597790816,47.9450527622468,15744000
2010-08-17,48.95708465576172,49.08358682018015,47.43903551914895,47.81854780330215,16614000
2010-08-18,50.09563446044922,50.2221366575748,48.95709731362083,49.463111893022536,18624000
2010-08-19,51.61367416381836,51.86668430080317,50.095624923706055,50.22212709674932,24360000
2010-08-20,50.60163116455078,51.7401679091849,50.22211891633941,50.47512901211277,16884000
2010-08-23,49.96910858154297,50.98113726071724,49.58959637912846,50.4751229211301,17376000
2010-08-24,48.07155227661133,49.210091959364966,48.07155227661133,49.210091959364966,14868000
2010-08-25,46.553497314453125,47.6920339571608,46.17398510021723,47.43902677948634,34482000
2010-08-26,46.17399215698242,47.18602391779734,45.54147266840421,47.18602391779734,20586000
2010-08-27,46.553497314453125,47.059514565250446,44.90894342094813,45.414960671745455,29016000
2010-08-30,47.81854248046875,48.57756696428572,47.18602014698887,47.56553238889735,21864000
2010-08-31,46.17399215698242,47.05952175735101,45.920984940640906,46.93301670145583,21846000
2010-09-01,45.79448699951172,46.80651891755889,45.54147974386225,45.79448699951172,25536000
2010-09-02,48.19806289672852,48.32456506852026,47.05952597790816,47.31253321694076,24924000
2010-09-03,49.21010208129883,49.33660426449796,48.19806724300954,48.32456942620868,28674000
2010-09-06,50.98116302490234,51.10767101690454,49.4631134480725,49.716123641177326,18774000
2010-09-07,50.47513961791992,51.36066645284707,50.22212946898421,50.47513961791992,17496000
2010-09-08,49.083587646484375,49.71611006102061,48.957085479936325,49.58960789447256,15084000
2010-09-09,49.33660507202149,49.96912758016752,49.21010288675181,49.71611741872934,14094000
2010-09-10,49.58961868286133,50.34864342907401,49.33660850382402,49.46311069789305,24918000
2010-09-13,51.23417282104492,51.61368521231192,49.96913344712144,50.09563564724392,29940000
2010-09-14,50.60163116455078,52.24618810073163,50.34862685967476,51.61366575674689,23106000
2010-09-16,52.49919128417969,53.25821576438901,51.86667474460339,53.00521146491739,13692000
2010-09-17,54.64976501464844,54.77626717003133,52.75220372941759,53.00521383108086,28182000
2010-09-21,53.25821685791016,55.66179828852258,53.13171470557695,55.66179828852258,18738000
2010-09-22,53.005218505859375,53.63773512945594,52.49919825790453,52.75220838188196,13458000
2010-09-24,51.61367416381836,52.62570892085933,51.36066402683355,52.37269878387451,19968000
2010-09-27,53.38473892211914,53.76425127040221,52.49920624885938,52.49920624885938,18108000
2010-09-28,53.32110595703125,53.70287997146009,52.68481399118013,53.44836202003781,12750000
2010-09-29,53.702880859375,54.59368496596765,53.57561896885515,53.83013692448559,11784000
2010-09-30,53.1938362121582,53.702872039820775,52.93932412373521,53.57561017020099,15588000
2010-10-01,51.53948593139648,53.448355780707466,51.53948593139648,53.448355780707466,21960000
2010-10-04,50.3941650390625,51.66674302248848,50.3941650390625,51.66674302248848,27714000
2010-10-05,50.64868927001953,50.90320140313803,49.885141219845416,50.39417131149172,23364000
2010-10-06,52.17577362060547,52.43028569640893,51.41222574237909,51.539481780280816,16416000
2010-10-07,51.4122314453125,51.794005426774206,51.0304574638508,51.794005426774206,16086000
2010-10-08,51.53948593139648,52.048515949409925,50.90319403982333,51.412229883245246,14286000
2010-10-12,50.1396484375,52.17578025529072,50.1396484375,52.17578025529072,11898000
2010-10-13,50.1396484375,51.284970400479,50.1396484375,50.64868430465205,8442000
2010-10-14,52.04851913452149,52.17578101586899,50.77594109890818,50.77594109890818,21246000
2010-10-15,52.04851913452149,52.30303707180767,51.41223302941925,52.30303707180767,11058000
2010-10-18,51.53948593139648,52.17577782296964,51.28496800968553,52.17577782296964,8304000
2010-10-19,52.04851913452149,52.17578101586899,51.53948908535793,51.66674514129661,9288000
2010-10-20,51.4122314453125,51.53948749733018,50.77593953440677,51.4122314453125,11754000
2010-10-21,51.79400634765625,52.175780335905785,50.90319649146817,51.53948841368698,15678000
2010-10-22,51.666751861572266,52.04852590445435,51.412239716590605,51.79401375947269,14130000
2010-10-25,51.666751861572266,52.175787802354776,51.53949578908144,52.04852590445435,12864000
2010-10-26,51.53948593139648,52.17577782296964,51.28496800968553,51.92125990125868,11292000
2010-10-27,49.630619049072266,51.6667450682569,49.50336299331348,51.03045896405417,27522000
2010-10-28,49.630619049072266,50.01239304175744,49.24884505638709,49.24884505638709,15894000
2010-10-29,47.72173690795898,50.01238027954102,47.59447797196987,49.24883248901367,25242000
2010-11-01,47.21271896362305,48.86707400231115,47.21271896362305,47.33997793973892,35424000
2010-11-02,41.99514389038086,43.649496101835126,41.23159581964666,42.12239996036673,78498000
2010-11-04,41.358848571777344,41.86788154899983,40.84981850725936,41.2315925120001,66492000
2010-11-05,43.39497375488281,43.649488764777786,42.50416685119404,42.75868477379326,50562000
2010-11-08,44.66755294799805,44.79480899180212,44.03126107816113,44.158520034669344,27504000
2010-11-09,44.41304016113281,44.79481416201765,43.904010101756015,44.03126616024798,32460000
2010-11-10,44.92206573486328,46.06738754889127,44.66755074709173,44.66755074709173,33708000
2010-11-11,45.43110656738281,46.06739560442784,45.17658862240119,45.55836262716912,38460000
2010-11-12,45.30384826660156,46.06739628745835,45.17658929222391,45.30384826660156,38790000
2010-11-15,45.68561553955078,45.940130538066974,45.30384158542444,45.55835658394063,18870000
2010-11-16,46.19465637207031,46.70368645640576,46.06739739463415,46.19465637207031,20622000
2010-11-17,46.57643127441406,46.57643127441406,45.6856242408871,45.94013928787852,16812000
2010-11-18,46.57643127441406,46.70368734155743,46.19465724757461,46.44917229456602,23502000
2010-11-19,46.70367813110352,47.4672260342028,46.44916313430512,47.08545208265316,25146000
2010-11-22,47.08545684814453,47.21271581577558,46.44916783539806,47.08545684814453,14082000
2010-11-24,46.57643127441406,46.83094632140548,45.6856242408871,46.06739826772656,16752000
2010-11-25,47.467227935791016,48.10351982233369,46.95819792180193,47.339971888645856,18960000
2010-11-26,47.72173690795898,48.61254072177177,47.46721903598076,47.46721903598076,23646000
2010-11-29,48.10351943969727,48.48529340350439,47.59448651705304,47.97626048086016,14436000
2010-11-30,47.08545684814453,48.485296753972925,47.08545684814453,47.97626379615311,17796000
2010-12-01,47.08545684814453,47.33997478340663,46.95820079321787,46.95820079321787,12078000
2010-12-02,48.86708068847656,49.12159867553237,47.72175848484039,47.72175848484039,18882000
2010-12-03,48.612548828125,49.75787070490341,48.48529278361906,49.75787070490341,14946000
2010-12-06,49.12158584594727,49.37609794111958,48.230776036618806,48.48529395719957,16704000
2010-12-07,48.612548828125,49.24884070147132,48.48529278361906,49.12158465696538,9732000
2010-12-08,50.1396484375,50.52142242515966,49.12158835401338,49.376100462180666,32724000
2010-12-09,50.1396484375,50.52142242515966,49.75787444984033,50.52142242515966,14754000
2010-12-10,49.50335693359375,50.521416905860654,49.376095068004304,50.521416905860654,17748000
2010-12-13,50.64868927001953,50.64868927001953,49.503367194758354,49.503367194758354,15552000
2010-12-14,51.157711029052734,51.41222894612444,50.64868102031769,50.64868102031769,22170000
2010-12-15,52.04851913452149,52.04851913452149,51.03045903619437,51.53948908535793,28146000
2010-12-16,52.55755233764648,52.68480838711688,51.66674251512819,51.92126043947749,19422000
2010-12-17,52.17577362060547,52.93932149883185,52.048511757295735,52.93932149883185,14562000
2010-12-20,52.04851913452149,52.43029312774635,51.79400702264413,51.79400702264413,15918000
2010-12-21,52.55755233764648,52.939326311466175,51.92126043947749,51.92126043947749,21690000
2010-12-22,52.30303192138672,52.68480587701728,52.17577587797928,52.43028796479416,14130000
2010-12-24,51.4122314453125,52.175779408235904,51.4122314453125,52.04851753080957,11010000
2010-12-27,52.04851913452149,52.43029312774635,51.66674514129661,51.66674514129661,16812000
2010-12-28,52.9393196105957,53.19383167732124,52.5575456850996,52.81205775182514,14886000
2010-12-29,53.06658172607422,53.44835569532656,52.81206380476984,52.939325678126266,10980000
2010-12-30,52.17577362060547,52.93932149883185,51.92125571939401,52.81205963552212,8748000
2011-01-04,53.32110595703125,53.44836202003781,52.557557928173566,52.557557928173566,8052000
2011-01-05,53.06658172607422,53.3210996473786,52.30303378756956,52.68480775682189,13338000
2011-01-06,54.72094345092773,55.22997938469901,53.7028832342042,53.83013930494226,25848000
2011-01-07,55.73900985717773,56.629814008982414,54.59368773682476,55.10271784851179,26790000
2011-01-11,55.61174392700195,55.99351789944039,55.10270808014503,55.484482052583466,12216000
2011-01-12,54.59368133544922,55.9935212602124,54.46642527880124,55.73900332150759,12060000
2011-01-13,53.83014678955078,55.10272515010079,53.44837269884475,54.72095105939476,20364000
2011-01-14,53.06658172607422,54.08464758588327,52.939325678126266,53.19383777402218,20334000
2011-01-17,53.1938362121582,53.83012808403228,53.06658016794671,53.44835412598949,9120000
2011-01-18,53.32110595703125,53.70287997146009,52.68481399118013,52.93933194260241,9294000
2011-01-19,53.9573974609375,54.084659362003286,53.19384935618174,53.32111125724752,13470000
2011-01-20,52.81205749511719,53.83012323329413,52.68480146237298,53.70286720054993,12600000
2011-01-21,51.79400634765625,53.06658436668511,51.79400634765626,53.06658436668511,14022000
2011-01-24,52.43029022216797,52.68480814534931,51.41223018025965,51.7940041523274,12696000
2011-01-25,53.32110595703125,53.95739209747322,52.81207005418669,53.19384406861553,11928000
2011-01-26,52.68481063842773,53.32110256378655,52.43029270320245,52.93932857365302,7308000
2011-01-27,52.81205749511719,53.57560534239796,52.557545429628775,53.06657538601337,13572000
2011-01-28,52.04851913452149,53.70287698876849,51.79400702264413,53.066585058257424,13854000
2011-01-31,50.52141571044922,51.28496358428678,50.26690363610868,50.77593361019773,20292000
2011-02-01,50.64868927001953,51.15771936166584,50.39417131149172,51.03046329510659,11598000
2011-02-02,51.4122314453125,52.04851753080957,51.0304574638508,51.15771351586848,11628000
2011-02-03,51.030460357666016,51.15771641690009,50.648686354554826,51.15771641690009,13026000
2011-02-04,51.4122314453125,51.92126147879189,51.28496956788616,51.794005426774206,10872000
2011-02-07,52.81205749511719,52.93931935326916,52.17577150598839,52.81205749511719,14316000
2011-02-08,56.88432693481445,57.90239289334792,53.83013488462307,53.83013488462307,56934000
2011-02-09,56.12076950073242,56.62979948183888,55.61173951962597,56.24802553965703,27858000
2011-02-10,55.99352645874024,56.50255655800016,55.8662645648682,55.99352645874024,13446000
2011-02-14,56.75707626342773,57.393362450691576,56.12078425075431,56.12078425075431,16500000
2011-02-15,56.50255584716797,56.88432987316234,55.993525754311904,56.88432987316234,13314000
2011-02-16,56.75707626342773,57.393362450691576,56.24804032312516,56.24804032312516,14808000
2011-02-17,56.24802017211914,57.64785976834051,55.993508118557074,57.011567983620346,22452000
2011-02-18,55.73900985717773,56.12078389729539,55.48449188862944,55.99352782572602,11610000
2011-02-21,54.33916473388672,55.2299746285696,54.0846526143279,55.10271274338118,20142000
2011-02-22,52.81205749511719,53.83012323329413,52.4302835714768,53.57560534239796,25266000
2011-02-23,51.92125701904297,52.81206095746893,51.66673911146063,52.04851306013006,16746000
2011-02-24,50.266902923583984,51.921254684979225,50.01238502744322,51.79399864961279,25494000
2011-02-25,50.90319442749024,51.28496840025993,50.394164405600144,51.03045630201915,17820000
2011-02-28,51.666751861572266,51.666751861572266,50.0123996175531,51.15772174619935,20700000
2011-03-01,52.17577362060547,52.3030296585072,51.41222574237909,51.79399968149228,21840000
2011-03-02,51.030460357666016,52.30303842623367,51.030460357666016,51.66674647924536,26094000
2011-03-03,51.157711029052734,51.66674103778778,50.90319311198103,51.41222894612444,9834000
2011-03-04,51.79400634765625,52.4302924444663,51.28497047971771,52.175780335905785,14988000
2011-03-07,51.4122314453125,51.66674354934786,50.77593953440677,51.66674354934786,17406000
2011-03-08,51.157711029052734,51.66674103778778,50.90319311198103,51.284967074884406,7338000
2011-03-09,52.9393196105957,53.19383167732124,51.66673597533683,51.793997834107394,33708000
2011-03-10,52.04851913452149,53.066585058257424,51.15771509213305,52.55755500909387,29100000
2011-03-11,50.90319442749024,52.43029031856902,50.90319442749024,51.53948632390924,37536000
2011-03-14,45.94013595581055,48.35803892132327,45.431105898748,46.8309429247267,29766000
2011-03-15,39.83175659179688,44.15853005516621,35.759501099199426,43.90401499709912,41202000
2011-03-16,40.59529876708984,43.0132016610915,39.06820281565814,42.37691265222975,40284000
2011-03-17,40.468048095703125,41.35885224405694,38.30465993494727,38.43191891872843,45282000
2011-03-18,43.14045333862305,43.90400118532434,41.995131568571104,42.504161524569376,36954000
2011-03-22,44.92206573486328,45.81287256111972,44.66755074709173,45.43109862311039,39978000
2011-03-23,45.43110656738281,46.57642858168658,44.92207359012408,45.17658862240119,38688000
2011-03-24,46.44916915893555,47.4672321908798,45.81288012805845,45.81288012805845,37704000
2011-03-25,46.830936431884766,47.97625827053986,46.32190353269226,47.84899931756572,30288000
2011-03-28,46.19465637207031,46.70368645640576,45.55836439759409,46.06739739463415,16506000
2011-03-29,46.64440155029297,47.286885439777606,45.487928784583225,46.13041267406786,20628000
2011-03-30,50.242305755615234,50.756297479755496,46.9013860182597,47.2868768703031,51636000
2011-03-31,51.91277313232422,52.04126812996182,49.856817877378894,50.3708096321772,45546000
2011-04-01,50.37081146240234,51.65577913183955,50.24231057797171,51.39878324510245,30150000
2011-04-04,49.72831726074219,50.7562947720596,49.599822277623744,50.37080394058098,20538000
2011-04-05,48.31484222412109,49.2143216866392,47.54386066798021,49.2143216866392,30696000
2011-04-06,47.415374755859375,48.3148514490567,46.901385973273904,48.3148514490567,24786000
2011-04-07,47.54386901855469,48.05785779327901,47.158378172776885,47.67236694750121,14232000
2011-04-08,48.95733642578125,49.08583141107288,46.90138430943654,47.672365985433096,35772000
2011-04-11,48.95733642578125,49.2143293374262,48.44334766142965,48.700340573074605,12468000
2011-04-12,48.057861328125,48.31485426385913,47.92936338972695,47.92936338972695,17238000
2011-04-13,48.95733642578125,49.342827263779526,47.929358897078046,47.929358897078046,24294000
2011-04-14,49.59981918334961,49.98530999077947,48.44334381999857,48.82883462742843,30918000
2011-04-15,48.95733642578125,49.59982311648617,48.82883849942792,49.47132224907116,17076000
2011-04-18,48.44335174560547,49.08583554941541,48.31485380841871,49.08583554941541,13962000
2011-04-19,48.18634414672852,48.57183489990234,47.6723554954764,48.05784624865023,14376000
2011-04-20,49.08583068847656,49.21432861293825,48.57184487275308,48.82883778061482,9288000
2011-04-21,50.49930191040039,51.14178862823804,49.214331415786894,49.47132433828487,26340000
2011-04-22,50.88479995727539,51.52728676592894,50.113818139740914,50.113818139740914,23862000
2011-04-25,50.88479995727539,51.65578177480987,50.62780405738908,51.01329496615632,14742000
2011-04-26,50.75629806518555,51.01328804809624,50.24230633511683,50.49930220015119,13074000
2011-04-27,51.270286560058594,51.78427243453916,51.14179156196944,51.39878155814774,16458000
2011-04-28,53.4547233581543,53.454723358154304,50.8847828687234,51.7842593930691,35004000
2011-05-02,53.19773483276367,53.71172064821788,53.06923984943094,53.45473068155242,16098000
2011-05-06,52.29826354980469,52.68375442146879,51.78427179950329,52.16976267116739,12378000
2011-05-09,51.270286560058594,52.940745063713415,51.14179156196944,52.68375506753512,17976000
2011-05-10,52.55524444580078,52.81224027646688,50.88478625177831,51.270277056716026,19050000
2011-05-11,53.32622528076172,54.09720687943357,52.9407344814258,53.06923533595297,22368000
2011-05-12,48.95733642578125,50.11380893977608,48.44334766142965,49.2143293374262,77568000
2011-05-13,48.18634414672852,49.34281640625,47.6723554954764,49.21431850817171,36906000
2011-05-16,47.54386901855469,48.05785779327901,47.2868761017234,47.800864876447726,21090000
2011-05-17,47.92936706542969,48.1863629619348,47.41538115454384,48.05786501368224,20742000
2011-05-18,48.057861328125,48.82884307638937,47.80086839239087,48.31485426385913,15990000
2011-05-19,47.92936706542969,48.571853865630274,47.80087205823932,48.44335591737772,13176000
2011-05-20,47.415374755859375,48.3148514490567,47.28687682494756,48.05785852829487,12330000
2011-05-23,46.00191116333008,46.9013908919195,45.74491821561686,46.9013908919195,16872000
2011-05-24,46.130401611328125,46.51589244078507,45.102427046463454,45.102427046463454,13356000
2011-05-25,45.35941696166992,46.772882262795605,45.23091904663616,46.772882262795605,13542000
2011-05-26,44.97393035888672,45.61641411195054,44.58843951883608,45.35942119893736,33678000
2011-05-27,45.487911224365234,45.74490409273673,44.45993386875686,44.8454246418447,14952000
2011-05-30,45.35941696166992,45.74490776570978,45.10242407266382,45.35941696166992,10122000
2011-05-31,46.130401611328125,46.51589244078507,44.84543119945107,45.102427046463454,18498000
2011-06-01,46.00191116333008,46.64439794420628,45.6164202712292,46.515899999818615,15534000
2011-06-02,44.97393035888672,45.4879191259748,44.84543243184927,44.97393035888672,22806000
2011-06-03,44.45994567871094,45.35942536853295,44.331450680923496,44.973934493046656,11502000
2011-06-06,43.43196868896485,44.58844125412422,43.17497576595004,44.33144833110941,14220000
2011-06-07,43.43196868896485,43.68896161197965,42.6609869788586,42.9179799018734,15180000
2011-06-08,43.17497634887695,43.56046720913478,42.91798048133049,43.17497634887695,10152000
2011-06-09,43.43196868896485,43.56046662100316,42.78948491089691,42.9179799018734,14244000
2011-06-10,44.845436096191406,45.35942490527776,44.07445435309285,44.331450228167,55452000
2011-06-13,44.97393035888672,45.10242828592416,43.94595576577226,44.58843951883608,19800000
2011-06-14,45.873416900634766,46.64439869728409,44.588446259198506,44.97393715752317,20706000
2011-06-15,44.97393035888672,46.25890080607606,44.84543243184927,46.25890080607606,12834000
2011-06-16,44.33144760131836,44.97393136880963,43.945956752611245,43.945956752611245,10428000
2011-06-17,43.94595718383789,44.45994302644976,43.431968400164216,44.20295010514383,15576000
2011-06-20,43.94595718383789,44.58844095763364,43.68896132147015,43.68896132147015,8136000
2011-06-21,44.20296096801758,45.10244082522816,43.81747002079341,44.71694987800398,15390000
2011-06-22,45.61642074584961,45.74491869157424,44.8454389536261,44.973936899350726,17592000
2011-06-23,45.10242462158203,45.74490832244732,45.10242462158203,45.359417513715854,7272000
2011-06-24,46.130401611328125,46.130401611328125,45.230922028908026,45.74491078187117,8226000
2011-06-27,45.487911224365234,46.13039486582457,45.35941331964889,46.00189696110822,6168000
2011-06-28,45.61642074584961,46.00191164196136,45.35942779546248,45.74491869157424,8928000
2011-06-29,46.515892028808594,46.64438995117673,46.00190328039768,46.64438995117673,9624000
2011-06-30,47.02988815307617,47.2868810970559,46.13040843755402,46.644397266575545,14646000
2011-07-01,48.057861328125,48.82884307638937,47.54387251559477,47.54387251559477,20226000
2011-07-04,48.57184600830078,48.57184600830078,48.05785723949925,48.57184600830078,8454000
2011-07-05,48.95733642578125,49.08583141107288,48.571845587782974,48.82883849942792,8412000
2011-07-06,49.21432876586914,49.21432876586914,48.44334709882648,48.9573358572088,11718000
2011-07-07,49.59981918334961,49.85680913355424,48.82883462742843,49.08582751869452,9900000
2011-07-08,49.59981918334961,50.49929577331165,49.59981918334961,50.49929577331165,13644000
2011-07-11,48.95733642578125,49.2143293374262,48.31484973507632,48.571845587782974,8940000
2011-07-12,48.31484222412109,48.57183803687554,48.05784935242787,48.1863472588051,8556000
2011-07-13,48.700340270996094,48.700340270996094,47.929358599781786,47.929358599781786,5988000
2011-07-14,48.31484222412109,48.828830908568754,48.05784935242787,48.57183803687554,7482000
2011-07-15,48.828834533691406,48.9573324496085,48.05785292031175,48.57184164291867,7236000
2011-07-19,48.700340270996094,49.08583110660325,48.57184528650149,48.82883819655237,7038000
2011-07-20,49.34283828735352,50.37081604571495,49.085842377231984,49.59983419747505,11580000
2011-07-21,49.21432876586914,49.985313373973455,48.82883793234781,49.985313373973455,10500000
2011-07-22,49.08583068847656,49.34282653739995,48.57184487275308,49.34282653739995,11184000
2011-07-25,48.18634414672852,49.21431850817171,48.18634414672852,49.21431850817171,10902000
2011-07-26,48.700340270996094,49.214329032159526,48.05785652533806,48.05785652533806,37056000
2011-07-27,48.057861328125,48.44335220225719,47.67237045399282,48.18635926652305,15210000
2011-07-28,47.28687286376953,47.92935658238475,47.158374943621865,47.80086160329864,16266000
2011-07-29,46.77288436889648,47.67236393251196,46.51589146831844,47.029880210536085,17778000
2011-08-01,47.415374755859375,48.3148514490567,46.77288804236208,46.901385973273904,13386000
2011-08-02,46.9013900756836,48.18636067401125,46.77289213353222,47.672371846467776,18054000
2011-08-03,45.74490737915039,46.13039817993273,45.487914492315966,45.87340529309831,9702000
2011-08-04,46.00191116333008,46.77289294753184,45.6164202712292,46.00191116333008,10662000
2011-08-05,44.20296096801758,44.58845191524175,43.81747002079341,44.20296096801758,12090000
2011-08-08,43.04648208618164,43.81746387244795,42.66099119304849,43.30347503458304,13506000
2011-08-09,42.27549743652344,42.403995372551805,40.091050170412615,41.11902483545384,18546000
2011-08-10,42.27549743652344,42.27549743652344,42.27549743652344,42.27549743652344,15072000
2011-08-11,42.01850509643555,42.14700009320903,41.11902541371138,41.63301422399118,11376000
2011-08-12,42.01850509643555,42.01850509643555,42.01850509643555,42.01850509643555,12042000
2011-08-15,41.63301086425781,42.14699669199763,41.24752002292209,42.14699669199763,11274000
2011-08-16,42.01850509643555,42.40399596887991,41.63301422399118,41.761509220764665,11106000
2011-08-17,41.76150131225586,41.88999922575724,41.247515540373136,41.37601051281312,7476000
2011-08-18,41.76150131225586,41.76150131225586,41.76150131225586,41.76150131225586,13362000
2011-08-19,39.19156646728516,39.96254812199281,39.06306854448001,39.83405019918767,14202000
2011-08-22,38.16359329223633,39.32006581624349,38.03509536477051,38.549084133572045,19368000
2011-08-23,38.29208755493164,38.6775783889817,37.39261090285594,38.54908340500612,24282000
2011-08-24,36.364627838134766,38.80607039508922,36.236132873758,38.80607039508922,34188000
2011-08-25,37.778106689453125,38.2920925748601,37.392615804866864,37.392615804866864,23940000
2011-08-26,37.64960479736328,38.03509564150373,37.26411395322283,37.90659771310301,20070000
2011-08-29,38.16359329223633,38.549084133572045,37.39261160956489,37.906597437304704,21366000
2011-08-30,38.42057800292969,39.063061620958656,38.42057800292969,38.677570861929055,12054000
2011-08-31,38.19077682495117,38.54909233223117,37.77811048558655,38.54909233223117,13014000
2011-09-01,39.32006072998047,39.70555152145087,38.67757411682225,38.80607202766616,18354000
2011-09-02,39.063079833984375,39.57706873268975,38.80608685516292,38.93458481510488,12468000
2011-09-05,37.778106689453125,38.54908845862563,37.521110805687584,38.54908845862563,13158000
2011-09-06,36.75013732910156,37.521119272244434,36.36464635753013,37.39262424242909,14100000
2011-09-07,36.62162780761719,37.392609445672285,36.62162780761719,37.00711862664474,16806000
2011-09-08,37.1356201171875,37.7781068889318,36.878627173127015,37.52111100380925,8544000
2011-09-09,37.007118225097656,37.13561320267157,36.10763867677269,36.750122387826806,21492000
2011-09-12,35.20816421508789,35.46516008948779,34.95117128174993,35.20816421508789,7890000
2011-09-13,35.85065460205078,36.23614551175025,35.33666574209741,35.59365870154297,7032000
2011-09-14,34.565673828125,36.10763701660732,34.30868094373174,35.722146219486746,10932000
2011-09-15,35.3366584777832,35.72214930823561,35.07966557116881,35.5936513843976,6924000
2011-09-16,36.75013732910156,37.00713327085767,36.23615132771479,36.23615132771479,12864000
2011-09-20,35.593650817871094,36.23613748577338,35.4651558371399,35.979141642187834,8340000
2011-09-21,35.3366584777832,35.72214930823561,35.20816055394519,35.5936513843976,7428000
2011-09-22,34.05168914794922,35.07966668929574,33.666198305209704,35.07966668929574,12666000
2011-09-26,32.38123321533203,33.666200826661054,32.38123321533203,33.53770583016532,11550000
2011-09-27,33.66619110107422,33.66619110107422,33.28070034082481,33.28070034082481,9456000
2011-09-28,34.768943786621094,34.89867964868162,34.25000627717011,34.25000627717011,17196000
2011-09-29,35.54735565185547,35.67709152352068,33.860804167186664,34.37974171505593,12828000
2011-09-30,33.34186553955078,35.287888877839656,32.822924992875095,35.0284200891998,39486000
2011-10-03,31.655303955078125,32.82291769857024,31.26609937391409,32.82291769857024,21456000
2011-10-04,31.655303955078125,31.91477565545102,30.74716191195891,31.136366493122942,17856000
2011-10-05,30.098493576049805,31.91478408055693,29.968760661010784,31.78504819612183,23856000
2011-10-06,30.87689208984375,31.266096636937537,30.48768754274996,30.61742338157957,20010000
2011-10-07,31.26610374450684,31.78504424839842,31.0066349772589,31.0066349772589,12228000
2011-10-11,32.04450988769531,32.56345034093172,31.785041145774823,32.17424574335327,9936000
2011-10-12,31.525577545166016,31.785046329401663,30.61743234624737,31.525577545166016,35340000
2011-10-13,32.95265579223633,33.212124540879046,32.30398243593178,32.30398243593178,17298000
2011-10-14,32.95265579223633,33.212124540879046,32.30398243593178,32.69318704359361,23988000
2011-10-17,33.082401275634766,33.341870099762524,32.9526653788727,33.341870099762524,10650000
2011-10-18,32.69319152832031,32.95266031255596,32.433719774688754,32.433719774688754,7536000
2011-10-19,32.04450988769531,32.952654938510165,31.525572403854333,32.952654938510165,19320000
2011-10-20,31.26610374450684,31.6553083800766,31.0066349772589,31.525575481150486,15510000
2011-10-21,30.87689208984375,31.136363767502967,30.61742338157957,30.876892089843743,13980000
2011-10-24,31.26610374450684,31.525575481150486,30.747166210010967,30.876899108937074,13266000
2011-10-25,31.525577545166016,32.04451511363732,31.39584166835024,31.525577545166016,10494000
2011-10-26,32.04450988769531,32.43371448527376,30.876896094959967,31.136367806275885,13626000
2011-10-27,33.47159576416016,33.47159576416016,31.52557275461596,32.30398195843364,15210000
2011-10-28,33.7310676574707,34.6392128031573,33.471598888444134,34.50947693394615,13200000
2011-10-31,33.082401275634766,33.60133892389028,33.082401275634766,33.341870099762524,11262000
2011-11-01,31.785045623779297,32.8229237070771,31.525576845303807,32.044514402254784,12432000
2011-11-02,30.228227615356445,31.006636935660868,30.228227615356445,30.74716815202469,19722000
2011-11-04,30.487695693969727,31.136372092153483,30.487695693969727,30.747167441001565,13236000
2011-11-07,30.098493576049805,30.48769825995904,29.968760661010784,30.35796534492001,11634000
2011-11-08,29.190343856811523,30.22822175969971,29.06060800542725,30.09848590831544,12096000
2011-11-09,29.709278106689453,29.83901394402616,29.19034069613265,29.44980940141105,9504000
2011-11-10,28.80113983154297,29.060608569956607,28.41193523922482,28.541668123733945,15006000
2011-11-11,27.89299774169922,28.801142876244224,27.633528975855945,28.801142876244224,21786000
2011-11-14,28.930879592895508,29.19035136238073,28.152470223232022,28.80114667754899,14586000
2011-11-15,28.28220558166504,29.060614936842946,28.15246969933671,29.060614936842946,13662000
2011-11-16,27.89299774169922,29.060611642087498,27.76326187407973,28.28220237516198,16584000
2011-11-17,28.54167556762696,28.930880261452742,27.63353326163089,27.63353326163089,14550000
2011-11-18,27.50379753112793,27.76326633869644,27.244328723559423,27.50379753112793,23256000
2011-11-21,27.37405776977539,27.63352951003013,27.114588998916417,27.114588998916417,8028000
2011-11-22,26.85511779785156,27.244322403617527,26.59564608107726,26.72538193946441,17958000
2011-11-24,26.85511779785156,27.37405529260919,26.59564608107726,26.59564608107726,14472000
2011-11-25,27.37405776977539,27.50379363990276,27.114588998916417,27.114588998916417,13038000
2011-11-28,28.80113983154297,29.19034442386112,27.63352605458853,27.76325893909765,21816000
2011-11-29,29.44981575012207,29.57955161542688,29.06061112360329,29.06061112360329,13362000
2011-11-30,30.098493576049805,30.098493576049805,29.19035129319232,29.320084208231343,17034000
2011-12-01,30.87689208984375,31.136363767502967,30.48768754274996,30.876892089843743,13386000
2011-12-02,30.74717140197754,30.876904322810347,30.48769962151949,30.876904322810347,10380000
2011-12-05,31.525577545166016,31.785046329401663,30.61743234624737,30.747168223063152,10710000
2011-12-06,30.098493576049805,31.3958435122126,29.968760661010784,31.13637471273848,15570000
2011-12-07,31.914777755737305,31.914777755737305,30.876896824734214,31.136368542182737,19074000
2011-12-08,31.39584350585937,31.9147840740987,31.006638822028904,31.9147840740987,15078000
2011-12-09,30.487695693969727,30.747167441001565,30.22822691633373,30.487695693969727,37128000
2011-12-12,30.87689208984375,31.266096636937537,30.48768754274996,30.876892089843743,16074000
2011-12-13,30.487695693969727,31.136372092153483,30.357962789849648,30.61743156748565,14166000
2011-12-14,30.61742401123047,30.87689272483065,30.357955297630287,30.61742401123047,10878000
2011-12-15,29.839017868041992,30.61742705563784,29.579549128641847,30.61742705563784,9234000
2011-12-16,29.44981575012207,29.96875624194565,29.06061112360329,29.96875624194565,10062000
2011-12-19,29.06061172485352,29.57955222741373,28.411938323700028,29.57955222741373,11688000
2011-12-20,29.06061172485352,29.320080491435768,28.67140709028228,28.801142958271264,6090000
2011-12-21,29.44981575012207,29.839020376640843,29.32007988481726,29.70928451133604,4716000
2011-12-22,28.930879592895508,29.57955604721248,28.80114667754899,29.57955604721248,8736000
2011-12-26,29.44981575012207,29.57955161542688,29.06061112360329,29.32007988481726,6384000
2011-12-27,29.579551696777344,29.83902045870491,29.32007996545412,29.579551696777344,11490000
2011-12-28,29.190343856811523,29.57954844156901,28.80113927205404,29.44981259018473,8952000
2011-12-29,28.930879592895508,28.930879592895508,28.41194199271725,28.80114667754899,6684000
2011-12-30,29.190343856811523,29.320076738800463,29.06060800542725,29.06060800542725,3756000
2012-01-04,29.709278106689453,29.96874978136286,29.579545238747755,29.709278106689453,9270000
2012-01-05,29.579551696777344,29.709284593043296,29.32007996545412,29.32007996545412,3984000
2012-01-06,28.930879592895508,29.449820162469862,28.541674908063765,29.32008427772725,12846000
2012-01-10,28.411937713623047,28.801142339837064,28.282201848419827,28.411937713623047,5412000
2012-01-11,28.80113983154297,28.930872716052093,28.41193523922482,28.41193523922482,3306000
2012-01-12,28.930879592895508,29.32008427772725,28.80114667754899,28.80114667754899,8634000
2012-01-13,29.579551696777344,29.83902045870491,29.32007996545412,29.579551696777344,20610000
2012-01-16,28.54167556762696,29.19035203693404,28.54167556762696,29.06061614919339,12744000
2012-01-17,28.411937713623047,28.801142339837064,28.282201848419827,28.67140647463384,16284000
2012-01-18,27.50379753112793,28.282206923229623,27.374061642645582,28.282206923229623,37560000
2012-01-19,28.152463912963867,28.671404366219686,27.892995171033675,28.022731026696484,25224000
2012-01-20,30.87689208984375,31.136363767502967,29.060605193204424,29.19034103203404,48846000
2012-01-23,31.655303955078125,31.91477565545102,30.87689479275005,31.0066306429365,25980000
2012-01-24,31.39584350585937,31.9147840740987,30.87690293762005,31.9147840740987,15810000
2012-01-25,32.174251556396484,32.303987435494314,31.52557809969927,31.91478276759679,17520000
2012-01-26,31.785045623779297,32.43371905466594,31.655309749843628,32.174250276190456,20292000
2012-01-27,30.74717140197754,31.52558080455925,30.61743551174852,31.52558080455925,24030000
2012-01-30,30.74717140197754,31.2661090241012,30.357966700686685,30.61743551174852,11394000
2012-01-31,30.61742401123047,31.136364407825937,30.487688169732827,30.87689272483065,11544000
2012-02-01,30.87689208984375,31.266096636937537,30.48768754274996,30.74715922040918,14466000
2012-02-02,31.525577545166016,31.655310452585887,31.006637007298803,31.006637007298803,13428000
2012-02-03,30.228227615356445,31.39584159581308,30.098491738840405,31.39584159581308,22794000
2012-02-06,31.26610374450684,31.6553083800766,30.48769447336732,30.617430341689143,18306000
2012-02-07,32.433719635009766,34.25001002502503,32.17425085189154,32.3039867281486,50550000
2012-02-08,32.95265579223633,32.95265579223633,31.91477782826995,32.5634511845745,27498000
2012-02-09,33.21211624145508,33.21211624145508,32.044502710246235,32.69317887384766,20682000
2012-02-10,32.303985595703125,33.212127789479105,32.303985595703125,33.08239488716585,17226000
2012-02-13,32.69319152832031,32.822924435740184,32.04451511363732,32.04451511363732,10632000
2012-02-14,33.34186553955078,33.34186553955078,32.17425153657745,32.56345620423523,18930000
2012-02-15,34.37974166870117,35.02841805675683,33.341863604966235,33.8608041215316,30288000
2012-02-16,34.25,34.8986732526259,33.990528323433615,34.12026416171681,17652000
2012-02-17,34.89867401123047,35.15814272404199,34.63920529841896,35.02840985233377,12840000
2012-02-20,35.028411865234375,35.15814474439766,34.639207288954,34.89867601667583,16134000
2012-02-21,35.15815734863281,35.80683385458148,34.76895263282214,34.76895263282214,20634000
2012-02-22,35.806827545166016,36.066296320187455,34.898682378497256,35.41762289793595,17262000
2012-02-23,36.585235595703125,36.585235595703125,35.80682632770944,36.06629509390877,18828000
2012-02-24,36.97443389892578,36.97443389892578,36.32575764040046,36.71496220775757,18198000
2012-02-27,36.97443389892578,38.14204760099712,36.84469805334168,37.36363846628289,23778000
2012-02-28,36.97443389892578,36.97443389892578,35.93655307304335,36.06628891862745,16524000
2012-02-29,36.585235595703125,38.01231826389297,36.585235595703125,36.974440229699965,18726000
2012-03-01,35.54735565185547,37.36364597758528,35.15815100625562,36.45550081472037,25560000
2012-03-02,36.06629180908203,36.71496515019867,35.54735135455146,35.80682306651446,20634000
2012-03-05,35.028411865234375,36.19602559407552,34.768940168117275,35.67708516923659,24618000
2012-03-06,35.15815734863281,35.28789324370181,34.2500149913388,34.76895263282214,24432000
2012-03-07,35.417625427246094,35.67709422079721,34.3797443142496,34.3797443142496,18636000
2012-03-08,35.417625427246094,35.93656301434832,35.028420752221415,35.80683010227078,23082000
2012-03-09,36.844703674316406,37.4933770624072,36.06629442084919,36.32576318220637,41628000
2012-03-12,36.844703674316406,37.75284879316004,36.71496780893998,37.4933770624072,13164000
2012-03-13,36.714962005615234,37.23390241569931,36.45549328527079,36.84469785048505,18234000
2012-03-14,36.97443389892578,37.75284303364001,36.84469805334168,37.49337134247181,18504000
2012-03-15,36.97443389892578,37.36363846628289,36.58522933156867,37.36363846628289,15294000
2012-03-16,37.62310791015625,37.62310791015625,36.455494185674894,36.455494185674894,10872000
2012-03-19,37.49338150024414,38.142057934510014,37.363648588907765,37.88258617304526,10608000
2012-03-21,37.23390579223633,37.88257913661963,37.10416993560148,37.363641648871166,18354000
2012-03-22,36.97443389892578,37.36363846628289,36.58522933156867,36.97443389892578,12420000
2012-03-23,35.67708969116211,36.58523480738511,35.54735382616007,36.45549894238307,17814000
2012-03-26,35.54735565185547,36.06629616912053,35.54735565185547,35.8068273951859,12234000
2012-03-27,36.585235595703125,36.585235595703125,36.06629509390877,36.45549972790561,7926000
2012-03-28,37.17426300048828,37.30515929491175,36.51978752028204,36.78157711317342,7500000
2012-03-29,36.650672912597656,36.91246544497165,36.257987109991575,36.91246544497165,10032000
2012-03-30,36.12710189819336,36.51978778839111,36.12710189819336,36.38889149300667,11478000
2012-04-02,36.12710189819336,36.51978778839111,35.86530930742447,36.38889149300667,11574000
2012-04-03,35.34172821044922,35.86530737181892,35.21083192212908,35.86530737181892,11100000
2012-04-04,34.42545700073242,35.73441077502612,34.29456072451651,35.34172494233353,20088000
2012-04-05,34.687252044677734,34.81814834160124,33.90188025504796,33.90188025504796,15852000
2012-04-06,33.7709846496582,34.68724967773292,33.509192073675074,34.556356385696766,22356000
2012-04-09,33.11650848388672,33.37830107787972,32.85471888584934,33.11650848388672,12072000
2012-04-10,32.59293365478516,33.640095183194525,32.46203734025048,33.37830555008119,16986000
2012-04-11,31.676664352416992,32.462036220625315,31.41487472833285,32.06935028652115,23334000
2012-04-12,32.59293365478516,32.72382697336381,31.938455078067783,32.069351392602464,21288000
2012-04-13,32.33113098144531,32.98560935483674,32.2002377035311,32.59292352918392,25320000
2012-04-16,31.93844413757324,32.46202622040321,31.676654594135755,32.069340407269486,13206000
2012-04-17,31.545764923095703,31.80755751724924,31.414871621974555,31.414871621974555,13206000
2012-04-18,32.4620361328125,32.59293244247844,32.06935019977059,32.33113982314656,12186000
2012-04-19,32.4620361328125,32.85472206585441,32.06935019977059,32.06935019977059,10392000
2012-04-20,32.0693473815918,32.20024367975488,31.807557781221284,32.20024367975488,7830000
2012-04-23,31.676664352416992,32.33113991060529,31.28397841831283,32.20024659654118,12174000
2012-04-24,32.0693473815918,32.4620332801254,31.02218598415409,31.153079286361525,18864000
2012-04-25,32.85471725463867,33.1165068396784,32.592927669598936,32.985613545136275,14232000
2012-04-26,32.98561477661133,33.24740437142464,32.72382218584244,32.98561477661133,11112000
2012-04-27,32.85471725463867,33.90187859075308,32.46203137910133,33.378299420673606,19482000
2012-05-01,31.807559967041016,32.98561774359809,31.41487404152199,32.8547214364398,15510000
2012-05-02,31.807559967041016,32.20024589256004,31.67666365988272,31.93845327824345,11028000
2012-05-07,29.97501564025879,30.62949400519452,29.97501564025879,30.36770146083821,11706000
2012-05-08,30.23681831359864,30.62950426572329,29.84413236147397,30.367711633669483,13200000
2012-05-09,29.320545196533203,29.975020675452445,28.927859309990545,29.84412737724193,17382000
2012-05-10,29.71323204040528,29.975021641216447,28.40427804443809,28.796963943632683,17196000
2012-05-11,28.66606903076172,30.236812539296608,28.535172739731983,29.58233408010341,20298000
2012-05-14,28.66606903076172,29.320544493999428,28.404276448702248,28.66606903076172,16848000
2012-05-15,28.27338218688965,28.66606805059645,28.011589613781528,28.66606805059645,15420000
2012-05-16,28.0115909576416,28.53517313302139,27.61890507509564,28.14248725047543,14586000
2012-05-17,29.320545196533203,29.45144149069927,27.74980165036257,27.880697944528645,12222000
2012-05-18,28.27338218688965,28.535171764042392,27.88069632318285,28.40427547748833,16158000
2012-05-21,28.9278564453125,29.05875272651613,28.011588468797623,28.14248475000125,14976000
2012-05-22,29.58234024047852,29.71323655876676,29.189654281569897,29.189654281569897,14622000
2012-05-23,28.79696655273437,29.58233842228088,28.66607323844724,29.58233842228088,17670000
2012-05-24,28.66606903076172,29.05875490789544,28.14248686259826,28.79696232583597,16608000
2012-05-25,28.27338218688965,29.71322935516279,28.011589613781528,29.71322935516279,22626000
2012-05-28,28.27338218688965,28.40427547748833,27.61890375007473,27.749800036628788,10662000
2012-05-29,29.189653396606445,29.189653396606445,27.618909608593327,27.880702237232857,14526000
2012-05-30,29.05875396728516,29.451439831707926,28.666068102862383,29.320543544915207,16398000
2012-05-31,28.0115909576416,28.14248725047543,27.61890507509564,28.0115909576416,21354000
2012-06-01,27.357112884521484,27.88069501012391,27.226216604132063,27.749798729734497,13782000
2012-06-04,26.964431762695312,27.22622137337686,26.44084954537645,26.44084954537645,15222000
2012-06-05,28.142486572265625,28.142486572265625,27.226218536421147,27.226218536421147,10578000
2012-06-06,28.79696655273437,29.32054879775068,28.273387303673992,28.535176928204184,15132000
2012-06-07,28.79696655273437,28.79696655273437,28.79696655273437,28.79696655273437,24222000
2012-06-08,28.9278564453125,30.10591398827937,28.666066878860505,29.975017707075743,27174000
2012-06-11,29.97501564025879,30.236808184615104,29.451436543456268,29.844122364035687,11730000
2012-06-12,29.97501564025879,30.105911912436948,29.05875072287685,29.18964399909996,10392000
2012-06-13,29.97501564025879,30.36770146083821,29.844122364035687,30.105911912436948,10872000
2012-06-14,30.105913162231445,30.236809439843533,29.582331047738272,29.71322732535036,10260000
2012-06-15,30.62950134277344,31.28397686853975,30.23681542812249,31.28397686853975,14400000
2012-06-18,31.676664352416992,31.938453976501123,31.28397841831283,31.28397841831283,18372000
2012-06-19,30.89128303527832,31.93844420726835,30.76038676529644,31.80755093324148,12528000
2012-06-20,31.283973693847656,31.545763278396667,31.02218410929865,31.02218410929865,9804000
2012-06-21,31.1530704498291,31.67665249801233,30.760384662680377,31.41486297189812,10200000
2012-06-22,31.1530704498291,31.41486297189812,30.36769887553165,30.629491397600667,7932000
2012-06-25,30.498607635498047,31.676665479735604,30.498607635498047,31.676665479735604,8046000
2012-06-26,30.23681831359864,30.498607949696385,29.713236045447072,30.23681831359864,5844000
2012-06-27,30.23681831359864,30.367711633669483,29.84413236147397,30.23681831359864,5220000
2012-06-28,30.105913162231445,30.49859899911253,29.844123602962448,30.367702721500443,8064000
2012-06-29,30.89128303527832,31.15307257928708,29.97501513731517,30.10591140729705,9084000
2012-07-02,31.545764923095703,32.06934711544715,31.545764923095703,31.938450818370384,9588000
2012-07-03,31.807559967041016,31.93845327824345,31.41487404152199,31.41487404152199,6024000
2012-07-04,31.283973693847656,31.938449153197915,30.891287819046408,31.938449153197915,11322000
2012-07-05,30.89128303527832,31.80755093324148,30.629493491269567,31.80755093324148,9426000
2012-07-06,30.498607635498047,30.76039726889883,30.236818002097262,30.367711320819645,8430000
2012-07-09,29.506824493408203,30.236816096441377,29.189651636923063,29.97502348358388,13176000
2012-07-10,29.320545196533203,29.84412737724193,29.18964890236713,29.582334788909787,8754000
2012-07-11,28.9278564453125,29.1896460117645,28.53517059765688,28.9278564453125,8178000
2012-07-12,28.93113136291504,29.451441968600346,28.666070182771,29.18964937602016,11412000
2012-07-13,28.40427589416504,28.9278580521066,28.27338260164622,28.535172182639283,15972000
2012-07-17,28.0115909576416,28.66606942585522,28.0115909576416,28.53517313302139,8838000
2012-07-18,27.88070106506348,28.666072926051186,27.61890844743032,28.27338699555733,12018000
2012-07-19,28.53517723083496,28.666073542466247,28.011594980265787,28.14249129189707,5922000
2012-07-20,28.40427589416504,28.796961763632343,27.88069673217891,28.66606847111353,5622000
2012-07-23,27.095325469970703,27.618904641168903,26.964429179193417,27.48801134634709,8610000
2012-07-24,26.964431762695312,27.35711767669552,26.83353545937665,26.964431762695312,8250000
2012-07-25,26.309953689575195,27.880697193430432,26.179057398935434,27.880697193430432,11466000
2012-07-26,26.83353042602539,27.095322983556457,26.0481587453426,26.179055024108127,7122000
2012-07-27,28.27338218688965,28.40427547748833,27.488010459476047,28.27338218688965,10398000
2012-07-30,28.40427589416504,29.05875434058084,28.14248631317197,29.05875434058084,7458000
2012-07-31,30.91634178161621,31.28397246643391,29.84412531397296,30.10591488825077,46254000
2012-08-01,31.1530704498291,31.41486297189812,30.36769887553165,30.629491397600667,21564000
2012-08-02,31.93844413757324,32.20023667696572,30.8912829678683,31.153072511305787,20436000
2012-08-03,30.89128303527832,31.545758393277715,30.89128303527832,31.15307257928708,19404000
2012-08-06,31.283973693847656,31.938449153197915,31.283973693847656,31.807555858901143,13380000
2012-08-07,31.676664352416992,31.807560662437016,30.89129248420867,30.89129248420867,12432000
2012-08-08,32.59293365478516,32.59293365478516,31.67666544495445,31.67666544495445,15114000
2012-08-09,32.20024108886719,32.331134380542714,31.938448513605312,31.938448513605312,12210000
2012-08-10,31.93844413757324,32.46202622040321,31.545758324439515,32.33112995070697,12624000
2012-08-13,31.676664352416992,32.33113991060529,31.545768042396965,32.33113991060529,11130000
2012-08-14,31.807559967041016,32.20024589256004,31.67666365988272,31.67666365988272,13164000
2012-08-15,31.676664352416992,32.06935028652115,31.28397841831283,32.06935028652115,14808000
2012-08-16,32.4620361328125,32.4620361328125,31.67666426672868,31.67666426672868,14544000
2012-08-17,32.85471725463867,32.85471725463867,32.33113508860373,32.46203137910133,10182000
2012-08-20,32.72382354736328,33.50919536043529,32.46203394165785,33.24740575472986,10584000
2012-08-21,32.0693473815918,32.4620332801254,32.0693473815918,32.33113698196232,11304000
2012-08-22,32.0693473815918,32.59292957828848,31.93845108342872,32.20024367975488,10668000
2012-08-23,33.11650848388672,33.11650848388672,31.93845079878508,32.06934709578158,17772000
2012-08-24,32.4620361328125,32.985618375520346,32.4620361328125,32.85472206585441,8520000
2012-08-27,32.33113098144531,32.85471308096744,32.33113098144531,32.59292352918392,9432000
2012-08-28,31.414873123168945,32.46203456195599,31.28397681983716,32.46203456195599,23274000
2012-08-29,31.807559967041016,32.20024589256004,31.54576735272443,31.54576735272443,20238000
2012-08-30,31.414873123168945,31.938452344584583,31.15308051650536,31.80755903720856,15294000
2012-08-31,30.89128303527832,31.28396884926896,30.89128303527832,31.0221793052602,14250000
2012-09-03,30.89128303527832,31.41486511925084,30.498597221287685,30.89128303527832,13800000
2012-09-04,31.414873123168945,31.414873123168945,30.76039460246575,30.76039460246575,9084000
2012-09-05,30.760395050048828,31.676663194792123,30.629501740768223,31.4148735802751,9420000
2012-09-06,31.02219009399414,31.153083413542408,30.629504143437256,30.629504143437256,8082000
2012-09-07,31.93844413757324,32.33112995070697,31.545758324439515,31.93844413757324,10932000
2012-09-10,32.20024108886719,32.331134380542714,31.807555221929785,32.06934480123625,6282000
2012-09-11,31.414873123168945,32.06934864791638,31.414873123168945,31.938452344584583,7746000
2012-09-12,32.0693473815918,32.33113698196232,31.283975584524605,31.414871882687688,6048000
2012-09-13,31.93844413757324,32.20023667696572,31.676654594135755,32.069340407269486,9624000
2012-09-14,32.59293365478516,32.854723287898494,32.069351392602464,32.200247707137144,24858000
2012-09-18,32.72382354736328,33.11650945389929,32.33113764082728,32.59293024248842,11142000
2012-09-19,32.98561477661133,33.11650807604019,32.20024299621582,32.85471848122688,14802000
2012-09-20,31.807559967041016,32.8547214364398,31.67666365988272,32.8547214364398,11844000
2012-09-21,31.807559967041016,32.20024589256004,31.67666365988272,31.67666365988272,8496000
2012-09-24,31.93844413757324,32.069340407269486,31.545758324439515,31.807550863831995,8106000
2012-09-25,31.807559967041016,32.20024589256004,31.54576735272443,31.93845327824345,10044000
2012-09-26,31.344655990600582,31.873677702334376,31.21239904911811,31.60916684646748,10746000
2012-09-27,31.873682022094727,32.00593898150166,30.947892387541607,31.344660238663938,12810000
2012-09-28,30.947893142700195,32.00593976247761,30.551125281896347,32.00593976247761,13698000
2012-10-01,30.551130294799805,30.947898220706296,30.286616326129447,30.947898220706296,6654000
2012-10-02,30.947893142700195,31.21240404086992,30.551125281896347,30.815636180066065,5316000
2012-10-03,30.68338203430176,31.08014993153065,30.68338203430176,30.94789598385357,3672000
2012-10-04,31.2124080657959,31.47691899807503,30.551129221548603,30.94789713351677,4578000
2012-10-05,31.873682022094727,31.873682022094727,30.947892387541607,31.08014631985007,7398000
2012-10-09,31.08014869689941,31.74143051741129,30.947894754476003,31.74143051741129,6732000
2012-10-10,30.154359817504883,30.551127709840472,29.889845871215297,30.41887073669568,10560000
2012-10-11,30.022096633911133,30.286607498384523,29.62532882365196,29.62532882365196,7812000
2012-10-12,30.41886138916016,31.3446538624856,30.28660445665713,30.551118321663186,13494000
2012-10-15,30.947893142700195,31.080147078235782,30.418868319262216,30.815636180066065,6924000
2012-10-16,31.873682022094727,32.00593898150166,31.08014631985007,31.08014631985007,9096000
2012-10-17,31.873682022094727,32.138195940908595,31.60917113037933,32.00593898150166,7548000
2012-10-18,32.79947280883789,33.328497589126634,32.40270498039591,32.40270498039591,16314000
2012-10-19,32.931732177734375,33.06398611218972,32.40270735861745,32.79947521618051,8418000
2012-10-22,33.328487396240234,33.725255103338334,31.87367045214896,31.87367045214896,9474000
2012-10-23,32.270442962646484,32.93172459097219,31.609164361418607,32.79946765988748,18390000
2012-10-24,32.270442962646484,32.79946765988748,31.609164361418607,31.74142129250331,14460000
2012-10-25,32.53496170043945,32.667215624245635,32.00593692391987,32.27044779863052,10122000
2012-10-26,31.873682022094727,32.79947468374632,31.873682022094727,32.79947468374632,6564000
2012-10-29,31.344655990600582,32.00593464381686,31.344655990600582,32.00593464381686,10368000
2012-10-30,29.88984489440918,30.41886974260093,29.360823073316126,30.41886974260093,31092000
2012-10-31,29.360816955566406,30.418863404391967,29.09630307303647,30.418863404391967,17328000
2012-11-01,29.62533187866211,29.62533187866211,29.096307068063304,29.62533187866211,12450000
2012-11-02,29.49307441711425,30.022099218706344,29.36082048704005,29.88984226153372,13248000
2012-11-05,29.62533187866211,29.757588838086427,28.96405313573746,29.22856402748762,7410000
2012-11-06,29.49307441711425,29.625331374286887,29.228563529867422,29.625331374286887,8190000
2012-11-07,30.022096633911133,30.022096633911133,29.493071877866186,29.88983968812536,9906000
2012-11-08,29.228561401367188,29.88984008487744,29.228561401367188,29.757586164434308,8868000
2012-11-09,28.96405601501465,29.09630996048768,28.435031151826205,28.56728812439801,8052000
2012-11-12,28.83179473876953,29.096305617331275,28.69953778593949,28.964051691599565,4320000
2012-11-13,28.302770614624023,28.83179541118373,28.302770614624023,28.83179541118373,8826000
2012-11-14,28.03826904296875,28.30278001555828,27.90601204312429,27.90601204312429,4464000
2012-11-15,28.96405601501465,29.09630996048768,28.17052023378137,28.3027741792544,11760000
2012-11-16,29.49307441711425,29.625331374286887,28.831795685447965,29.0963065726948,17412000
2012-11-19,30.551130294799805,30.81564123637112,29.88984840022296,30.02210538455813,16290000
2012-11-20,30.022096633911133,30.683375308643694,29.75758576943774,30.683375308643694,12042000
2012-11-21,30.41886138916016,30.683372227068347,30.022093618748947,30.551118321663186,9648000
2012-11-22,31.344655990600582,31.344655990600582,30.81563125176873,31.21239904911811,8400000
2012-11-26,31.873682022094727,32.138195940908595,31.60917113037933,31.60917113037933,9318000
2012-11-27,31.741432189941406,32.00594311582463,31.34466428756713,31.34466428756713,7584000
2012-11-28,30.68338203430176,31.60917480353545,30.68338203430176,31.476917828759543,6684000
2012-11-29,31.2124080657959,31.47691899807503,30.94789713351677,31.34466504548493,8388000
2012-11-30,30.68338203430176,31.344663881082464,30.68338203430176,31.344663881082464,7992000
2012-12-03,31.08014869689941,31.476916578367057,30.68338081543177,30.81563778495389,8322000
2012-12-04,30.947893142700195,31.21240404086992,30.815636180066065,30.9478931427002,5442000
2012-12-05,30.41886138916016,31.08013999747956,30.41886138916016,30.551118321663186,9216000
2012-12-06,31.08014869689941,31.21240566642153,30.551126873008364,30.68338081543177,9600000
2012-12-07,31.47690773010254,31.609164662446787,31.080139960167653,31.344653824856145,9408000
2012-12-10,31.2124080657959,32.13820086942126,30.94789713351677,32.00594388973222,6936000
2012-12-11,30.947893142700195,31.080147078235782,30.418868319262216,30.9478931427002,5196000
2012-12-12,30.815637588500977,31.212405467439183,30.68338061982201,31.080148498760217,7266000
2012-12-13,32.1381950378418,32.1381950378418,31.212402402204503,31.34465935789509,11298000
2012-12-14,32.40270233154297,32.799470127550016,31.60916673952887,31.873677594500887,27618000
2012-12-17,32.53496170043945,33.06398344986075,32.53496170043945,33.06398344986075,7686000
2012-12-18,32.40270233154297,32.799470127550016,32.13819147657095,32.667213186514985,10266000
2012-12-19,33.460750579833984,33.460750579833984,32.402704075889666,32.93172884141093,15294000
2012-12-20,33.328487396240234,34.122022810436434,32.79946277774365,33.063973573443256,16146000
2012-12-21,32.79947280883789,33.72526541756862,32.40270498039591,33.59300846572186,13350000
2012-12-25,32.66721725463867,33.460752945473594,32.402706366726505,33.19624205756143,7290000
2012-12-26,33.72526931762695,33.72526931762695,32.53496569465188,32.53496569465188,8184000
2012-12-27,34.7833137512207,35.18008160019698,34.38654590224443,34.518802860936006,14424000
2012-12-28,35.31234359741211,35.70911150300101,34.915575691823214,35.04782964228692,11274000
2013-01-04,36.370384216308594,36.89940901043726,36.10587333279345,36.63489509982374,9036000
2013-01-07,37.03165817260742,37.42842596036463,36.50263647366314,37.03165817260742,13758000
2013-01-08,36.370384216308594,37.69294468808107,36.370384216308594,37.031662938645646,13338000
2013-01-09,36.76715087890625,37.03166175395938,35.57684740051974,35.57684740051974,11268000
2013-01-10,37.16392135620117,37.2961783167117,36.63489654125753,37.03166439569064,7752000
2013-01-11,36.370384216308594,37.29617684925917,36.10587333279345,37.29617684925917,16746000
2013-01-15,36.10588455200195,37.03167444552553,35.841370559195795,36.63490648341562,17346000
2013-01-16,35.180084228515625,36.37038786437253,35.04782725994308,36.23813089579998,12360000
2013-01-17,34.51880645751953,35.31234223815216,33.85752462225982,35.18008526568047,16044000
2013-01-18,35.84136199951172,35.84136199951172,34.783315362269235,35.04782626480521,14964000
2013-01-21,35.180084228515625,36.10587695432611,34.91557331846921,36.10587695432611,7944000
2013-01-22,34.7833137512207,35.57684944917325,34.25428894355285,35.444592490481675,13020000
2013-01-23,33.72526931762695,34.25429113199455,33.72526931762695,34.25429113199455,13560000
2013-01-24,33.72526931762695,33.98978022481075,32.799476601835686,33.59301235048573,18894000
2013-01-25,33.85752868652344,34.25429662446784,33.593017736926875,34.25429662446784,10518000
2013-01-28,33.72526931762695,34.38654809913577,33.59301235048573,34.38654809913577,10776000
2013-01-29,34.51880645751953,34.91557434783584,33.5930137044152,33.72527067688689,12894000
2013-01-30,35.97361755371094,35.97361755371094,34.38654614653107,34.51880310616222,16692000
2013-01-31,37.5606803894043,37.69293731885392,35.57684158314883,35.70909851259845,24132000
2013-02-01,37.29617691040039,38.88324826828977,37.16391995487681,37.82519867829792,17946000
2013-02-04,37.95745468139648,38.08971163360148,36.89940814505144,37.16391902236312,16194000
2013-02-05,35.180084228515625,36.50264483294508,34.51880543985024,34.78331634989666,29208000
2013-02-06,35.84136199951172,36.105875929146286,35.18008322962249,35.70910806179303,19458000
2013-02-07,35.57685089111328,36.23812965717608,35.44459392706129,35.84136179211868,12078000
2013-02-08,34.51880645751953,35.444596183525086,34.38654948504783,34.91557434783584,16908000
2013-02-12,35.047821044921875,36.105870551681264,34.783310181781104,35.44458885318211,14160000
2013-02-13,34.915565490722656,35.444587192213724,34.783308551800886,35.444587192213724,13020000
2013-02-14,34.915565490722656,35.180076341468194,34.651051612879115,34.783308551800886,8988000
2013-02-15,34.51880645751953,34.91557434783584,34.12203856720321,34.91557434783584,8658000
2013-02-18,35.31234359741211,35.444597547875816,35.04782964228692,35.444597547875816,9660000
2013-02-19,35.84136199951172,36.50264379649955,35.57685109697575,35.57685109697575,11250000
2013-02-20,35.57685089111328,36.370386621228064,35.31233999010788,36.370386621228064,9246000
2013-02-21,35.57685089111328,35.84136179211868,35.18008302605589,35.31233999010788,7374000
2013-02-22,35.70909881591797,35.70909881591797,34.25428166090795,35.047817190150575,10446000
2013-02-25,36.50263977050781,36.6348936936398,36.105871946915336,36.6348936936398,8886000
2013-02-26,35.180084228515625,35.973619985753565,35.04782725994308,35.04782725994308,9474000
2013-02-27,38.48648452758789,39.544531203162215,36.76715603106825,37.03166694318715,51180000
2013-02-28,38.22196578979492,39.41226928554144,38.08971186388864,38.88324752771965,47250000
2013-03-01,38.08971786499024,38.08971786499024,37.56069299672133,37.692949970563255,19632000
2013-03-04,38.88325119018555,39.01550512854901,38.35422635543586,38.35422635543586,15708000
2013-03-05,39.54452133178711,40.33805689715473,38.61872882982557,38.61872882982557,24126000
2013-03-06,40.47032165527344,40.73483255248421,39.80903987159871,40.33806469311878,16842000
2013-03-07,41.131595611572266,41.131595611572266,40.20580303873171,40.60257085179221,21372000
2013-03-08,41.6606330871582,41.7928870471466,41.13160816590728,41.13160816590728,31338000
2013-03-11,42.45416641235352,42.71867734358442,42.05739850195769,42.3219094331886,18660000
2013-03-12,40.86709213256836,42.71867458585246,40.60257819131439,42.58641761522548,19464000
2013-03-13,41.396114349365234,41.66062829310156,40.73483554422194,40.73483554422194,13350000
2013-03-14,42.18964767456055,42.18964767456055,41.13160104239902,41.39611194366476,8820000
2013-03-15,42.18964767456055,42.586415540008446,41.92513677329481,42.18964767456055,11730000
2013-03-18,40.602569580078125,42.05738686713237,40.07354786396575,42.05738686713237,26658000
2013-03-19,41.26385116577149,41.52836202318604,40.999337281258846,41.131594223515165,9564000
2013-03-21,41.26385116577149,41.66061896544237,40.86708336610061,41.26385116577149,8766000
2013-03-22,39.54452133178711,40.73482467983854,39.41226439519319,40.60256774324462,25704000
2013-03-25,40.07355499267578,40.4703228638904,39.94129802657137,40.20580893168157,9468000
2013-03-26,39.94130706787109,40.07356406391381,39.67679610288496,39.80905007182837,7980000
2013-03-27,40.54141616821289,40.54141616821289,39.4745377592704,39.60789870502565,7812000
2013-03-28,39.60790252685547,40.27470121523918,39.07446174472841,40.27470121523918,10950000
2013-03-29,39.074462890625,39.874622561097645,38.67438305538868,39.741261598563234,12756000
2013-04-01,39.34116744995117,40.40804865733253,39.20780958830285,39.20780958830285,21486000
2013-04-02,38.67436981201172,39.20781042711483,36.14053070572928,38.67436981201172,23070000
2013-04-03,39.741249084472656,39.874610005013146,38.80773179778704,39.20781150704257,14388000
2013-04-04,41.60829544067383,41.60829544067383,39.074455918818366,39.60789662141066,20160000
2013-04-05,41.34156036376953,43.20860070055565,41.20820251997437,42.40844142832314,23172000
2013-04-08,42.675174713134766,42.94189354399548,42.00837610979977,42.675174713134766,16410000
2013-04-09,42.675174713134766,43.20861542722262,42.27509494066048,43.07525448560905,13866000
2013-04-10,44.27549362182617,44.27549362182617,42.408455708709525,42.408455708709525,19356000
2013-04-11,44.14213180541992,44.94229133122653,43.34197227961332,44.275492743843145,12294000
2013-04-12,44.54220199584961,44.8089238153754,43.475323874843525,44.54220199584961,18600000
2013-04-15,43.87541198730469,44.67557149499029,43.60869316886492,44.54221055958725,11004000
2013-04-16,44.27549362182617,44.54221245159529,42.67517453847864,42.808535479546414,14514000
2013-04-17,44.675567626953125,44.94228642230023,44.14212698389291,44.27548790774947,12420000
2013-04-18,44.94229507446289,46.142534463140535,44.40885738107279,44.80893717729867,22068000
2013-04-19,43.475341796875,45.20902212901255,43.34198083213613,44.9423001995348,22776000
2013-04-22,44.80894088745117,45.47573958558262,44.54221896630511,44.675579926878136,10104000
2013-04-23,45.60909271240234,45.8758115353703,44.00877366986192,44.27549249282988,12792000
2013-04-24,48.40964889526367,48.40964889526367,45.74244857411245,46.14252831704851,20232000
2013-04-25,49.876609802246094,50.543408394679695,47.87621097257892,48.409651677945625,37860000
2013-04-26,48.40964889526367,50.00996786700792,48.27628796349625,49.8766069352405,15888000
2013-04-30,48.67636489868164,49.0764446185403,47.87620545896432,48.40964610289788,12522000
2013-05-01,48.00958251953125,48.543020290392455,47.2094228108724,48.00958251953125,13764000
2013-05-02,47.47613525390625,48.14293390318332,47.47613525390625,47.60949620470832,9258000
2013-05-07,48.94308090209961,49.07644181856582,48.40964334096647,48.54300120506683,9570000
2013-05-08,49.20981216430664,49.87661076967375,48.943090280266645,49.20981216430664,12894000
2013-05-09,49.07645797729492,50.410058423955725,49.07645797729492,49.87661763481803,10620000
2013-05-10,49.60989761352539,52.27709844486268,49.20981779406148,51.74365461575508,37734000
2013-05-13,50.81013107299805,51.61029061745471,50.27669035923813,50.41005130076972,14562000
2013-05-14,49.47654342651367,51.21022389887938,49.34318245098794,51.21022389887938,18522000
2013-05-15,50.14332580566406,51.87700876359065,49.60988818269641,49.87660699418024,20838000
2013-05-16,49.20981216430664,50.81013125908084,48.80973239061309,50.1433296013473,23694000
2013-05-17,49.74325180053711,49.87661274784638,48.80973432647191,49.20981411603316,17766000
2013-05-20,51.47693634033203,51.61029423885467,49.8766140867606,50.14333293617251,21864000
2013-05-21,54.81093215942383,55.07765405885765,51.34357188571708,52.01037358193502,30906000
2013-05-22,56.01116561889648,57.34476276538792,55.2110061100551,55.87780773566711,21162000
2013-05-23,52.54380416870117,57.87820480741739,52.4104462893896,56.01116397339347,48054000
2013-05-24,53.74405288696289,55.07765633449921,51.3435740070777,53.21061517078845,24156000
2013-05-27,49.20981216430664,51.7436486961215,49.07645122228664,51.34356892242795,15816000
2013-05-28,50.81013107299805,50.94348896216321,48.14293055656489,48.14293055656489,15918000
2013-05-29,50.54340744018555,51.74364671531976,50.27668861872227,51.74364671531976,23244000
2013-05-30,48.00958251953125,50.41006164550782,47.60950266520182,49.07646111362071,20436000
2013-05-31,48.40964889526367,49.34316626053702,48.14292703172883,48.809728638199736,12222000
2013-06-03,46.0091667175293,47.60948555987814,45.8758057965449,47.07604492830654,20556000
2013-06-04,48.67636489868164,48.94308369446541,45.609088063887256,46.27588657952968,20904000
2013-06-05,47.34277725219727,50.00997812018502,47.209419345454656,48.80973864530058,21156000
2013-06-06,47.34277725219727,48.80973864530058,46.809339520493175,46.942697427235785,18678000
2013-06-07,46.809329986572266,47.74284735310307,45.60909075614734,46.675969054625206,16464000
2013-06-10,49.34316635131836,49.34316635131836,47.74284737662984,48.0095692406554,10488000
2013-06-11,48.80973434448242,50.27669255595944,48.40965455477355,49.74325181889208,12432000
2013-06-12,49.20981216430664,49.74324982765375,47.20941329583889,47.60949306953244,9900000
2013-06-13,45.07565689086914,48.27629532222947,45.07565689086914,48.009576470405,18828000
2013-06-14,45.87580871582031,47.07604792395834,45.4757289797743,46.00916964529103,24732000
2013-06-17,46.942684173583984,47.07604509504071,45.07564653501964,45.34236532556712,11160000
2013-06-18,46.67596435546875,47.87620346505823,46.54260343694795,47.342762843340935,7218000
2013-06-19,47.47613525390625,48.27629485398538,46.80933660462919,47.74285410314375,7608000
2013-06-20,46.27589416503906,47.60949446729269,46.14253321910374,46.6759739504785,10284000
2013-06-21,46.27589416503906,46.6759739504785,44.14213429190657,44.94229386278544,29040000
2013-06-24,46.14253234863281,47.34277168230881,45.74245257074082,46.8093340133638,8688000
2013-06-25,45.87580871582031,46.54260725844161,44.67556950768229,46.27588845186632,9924000
2013-06-26,44.27549362182617,46.27589247601058,44.27549362182617,46.00917364624147,8754000
2013-06-27,45.209014892578125,45.209014892578125,43.60869578133642,44.27549439356497,12354000
2013-06-28,46.942684173583984,47.342763885588205,46.14252474957556,46.275885671032285,11688000
2013-07-01,47.0760498046875,47.60949049151565,46.27589030062841,47.47612955671704,10014000
2013-07-02,47.74284744262695,49.34316641952766,47.20940981857086,47.60948956279604,18138000
2013-07-03,47.0760498046875,48.14292812597753,46.80933098745656,48.00957024354519,10968000
2013-07-04,46.67596435546875,47.342762843340935,46.409245570793054,46.94268314014444,5976000
2013-07-05,48.27628326416016,48.40964418294589,47.342762937391846,47.342762937391846,7512000
2013-07-08,47.60948944091797,49.60988815692292,47.47612850906224,49.34316629321146,10308000
2013-07-09,49.20981216430664,49.3431700539602,47.742850959186,48.27629167489955,10212000
2013-07-10,48.67636489868164,49.2098055426152,48.40964610289788,49.2098055426152,8664000
2013-07-11,49.34316635131836,49.34316635131836,48.0095692406554,48.0095692406554,9654000
2013-07-12,49.74325180053711,49.87661274784638,49.07645316872389,49.6098939055944,13146000
2013-07-16,50.94348907470703,51.07685001653324,50.14332952848266,50.27669047030887,13878000
2013-07-17,49.60989761352539,50.67677611464024,49.20981779406148,50.67677611464024,12852000
2013-07-18,50.27669143676758,50.41005238115735,49.743250711574966,50.00997260035452,38886000
2013-07-19,48.14292907714844,50.27668881425194,47.076050734779855,50.14332787681849,27624000
2013-07-22,47.0760498046875,48.40964999557473,46.9426888698889,48.40964999557473,19116000
2013-07-23,46.67596435546875,47.342762843340935,46.14252373375146,46.80932527398954,14904000
2013-07-24,47.60948944091797,47.60948944091797,46.675969022660254,47.076048765861245,10608000
2013-07-25,47.60948944091797,48.00956918411896,47.3427675772065,47.47612850906224,11652000
2013-07-26,46.40925979614258,47.74285718066074,46.275898836744034,46.94269752900311,11676000
2013-07-29,44.94229507446289,46.80933615842808,44.80893717729867,46.54261425936641,14196000
2013-07-30,48.27628326416016,48.27628326416016,46.54260352940927,46.675964448195,23634000
2013-07-31,47.74284744262695,48.27628811904926,46.67596914214855,47.34276769840178,13500000
2013-08-01,47.60948944091797,47.60948944091797,46.40925021131499,47.47612850906224,10668000
2013-08-02,48.54300308227539,48.54300308227539,47.74284365726683,48.276284291394525,9522000
2013-08-05,47.74284744262695,48.14292718685213,47.20940981857086,47.87620837482408,6150000
2013-08-06,48.40964889526367,48.40964889526367,46.67596899175199,47.74284728879277,12378000
2013-08-07,46.809329986572266,48.0095692169972,46.809329986572266,48.0095692169972,9162000
2013-08-08,46.27589416503906,47.47613352135737,46.27589416503906,46.54261300454318,10842000
2013-08-09,46.14253234863281,46.67597306994431,45.6090946796878,46.542612126524816,13584000
2013-08-12,46.809329986572266,47.609489473522224,45.0756500807253,45.47572982420028,14196000
2013-08-13,47.60948944091797,47.60948944091797,46.54260809080452,46.94268783400551,9588000
2013-08-14,48.54300308227539,48.54300308227539,47.34276394476255,47.876204578890246,10248000
2013-08-15,48.14292907714844,49.07644953444991,47.60949143214731,47.87621025464787,11970000
2013-08-16,46.942684173583984,47.47612480704493,46.809326304493226,47.07604509504071,9180000
2013-08-19,47.20940399169922,47.20940399169922,46.4092446020094,47.0760430759623,4950000
2013-08-20,46.0091667175293,47.34276371790936,46.0091667175293,47.34276371790936,7182000
2013-08-21,46.0091667175293,46.542604296734936,45.3423651649733,45.8758057965449,11034000
2013-08-22,45.742454528808594,46.14253432382655,45.209016837029054,45.47573568291882,7200000
2013-08-23,46.942684173583984,47.60948572850166,46.40924659248901,46.6759653830365,10530000
2013-08-26,46.27589416503906,47.20941468185325,46.27589416503906,47.07605373591793,5886000
2013-08-27,47.34277725219727,48.14293690212023,46.409259695531695,46.409259695531695,9402000
2013-08-28,45.742454528808594,46.275895272954735,45.34237473379064,46.009176427064965,10956000
2013-08-29,45.209014892578125,46.542612117035226,45.07565394918583,46.009174448198976,13104000
2013-08-30,44.54220199584961,45.87580193638149,44.54220199584961,45.74244102661859,12846000
2013-09-02,44.675567626953125,45.07564734615679,44.27548790774947,44.675567626953125,7218000
2013-09-03,46.0091667175293,46.0091667175293,44.942285454386095,44.942285454386095,10920000
2013-09-04,45.47573852539063,45.60909948285457,44.40886002277944,45.07565870536558,16464000
2013-09-05,45.07565689086914,45.60909764688475,44.80893803904467,45.60909764688475,14574000
2013-09-06,45.07565689086914,45.47573669478918,44.6755770869491,45.07565689086914,10422000
2013-09-09,46.0091667175293,46.67596521771933,45.475726085957696,46.67596521771933,10866000
2013-09-10,48.14292907714844,48.27629001458188,46.40925215234528,46.40925215234528,13548000
2013-09-11,48.27628326416016,48.67636296815144,47.742842641383135,48.54300204936571,15276000
2013-09-12,48.14292907714844,48.27629001458188,47.60949143214731,48.27629001458188,11904000
2013-09-13,48.00958251953125,48.40966237386069,47.2094228108724,48.14294043606303,19608000
2013-09-17,48.27628326416016,48.80972388693718,48.14292234537442,48.54300204936571,7488000
2013-09-18,49.07645797729492,50.00997859519417,48.80973910890951,48.943097016918784,15222000
2013-09-19,50.54340744018555,50.676768377100345,49.60989003888093,50.009969797259,16230000
2013-09-20,51.07685470581055,51.34357356158352,50.41005604019476,50.54341394189789,16020000
2013-09-24,50.81013107299805,51.21021084522638,50.54340918993488,50.81013107299805,13974000
2013-09-25,49.876609802246094,50.81013027354624,49.876609802246094,50.81013027354624,13236000
2013-09-26,51.35543823242188,51.35543823242188,49.60774205423493,50.01105703028562,11748000
2013-09-27,52.16206359863281,52.29650601489547,51.086558116068346,51.35543371744726,15042000
2013-09-30,51.08655548095703,52.16206090804552,51.08655548095703,51.6243097330256,18162000
2013-10-01,53.10313034057617,53.372002836777575,51.48986766993142,51.48986766993142,26178000
2013-10-02,52.430938720703125,53.237568547175485,52.2965024676568,53.237568547175485,29220000
2013-10-03,53.77532196044922,54.313079303299,52.16206224009477,52.430940911519656,26718000
2013-10-04,53.90976333618164,54.17863584833695,52.83425482526842,53.640884669929,24624000
2013-10-07,52.83425521850586,53.90976373742393,52.43094029317375,53.90976373742393,14034000
2013-10-08,52.96868515014648,53.23756378629128,52.02761915478466,52.02761915478466,13224000
2013-10-09,53.50644302368164,53.640879266216366,52.69981326027989,53.10312814198077,9990000
2013-10-10,53.6408805847168,54.04419547633121,53.23756569310239,53.90975923049203,7410000
2013-10-11,54.850833892822266,55.119712580917735,54.17864024963252,54.44751893772799,17220000
2013-10-15,54.04420471191406,55.11971332471116,53.77532602019031,55.11971332471116,9636000
2013-10-16,54.44752502441406,54.85084002459491,54.04421002423322,54.04421002423322,7242000
2013-10-17,54.44752502441406,55.25415502477576,53.90977374220578,55.11971874274831,8850000
2013-10-18,54.44752502441406,54.58196130644151,53.90977374220578,54.17864630626067,12822000
2013-10-21,54.58195495605469,54.98526990931149,54.31308242328202,54.58195495605469,12234000
2013-10-22,54.58195495605469,54.98526990931149,54.31308242328202,54.58195495605469,8718000
2013-10-23,52.296504974365234,54.98526708875438,52.16206256077754,54.71639456977395,32994000
2013-10-24,52.69982147216797,52.834257735651065,51.48987356147828,51.89319158307406,19242000
2013-10-25,50.54879760742188,52.29649957069629,50.54879760742188,52.29649957069629,24006000
2013-10-28,52.02762222290039,52.02762222290039,50.14548396708872,50.817677520042245,18252000
2013-10-29,58.88398742675781,61.30387732100814,56.19521882622471,56.19521882622471,178980000
2013-10-30,60.49724197387695,60.63167823800856,58.07735229492188,58.48066724141439,43308000
2013-10-31,60.09391784667969,61.707177386187865,59.95948160308625,60.3627964879633,29418000
2013-11-01,59.82503890991211,60.63166867568215,59.287287784097664,60.22835379279713,20004000
2013-11-05,60.90055084228516,61.43830199923986,60.49723593604485,60.90055084228516,22920000
2013-11-06,59.421722412109375,60.49723078860566,59.152849933557725,60.22835215595745,21330000
2013-11-07,59.152870178222656,60.22837276870579,58.74955516826682,59.556185188178496,18402000
2013-11-08,59.287296295166016,59.690611235949454,58.2117877350443,58.34623015137052,12120000
2013-11-11,58.61509704589844,59.6906055027185,57.9429096452208,59.2872906006731,21576000
2013-11-12,59.95949172973633,60.0939279960349,58.61510445035939,58.61510445035939,21924000
2013-11-13,60.76612854003906,61.03500110318582,60.09393482397519,60.09393482397519,13764000
2013-11-14,62.379390716552734,62.91714201574845,61.16944567778834,61.16944567778834,26418000
2013-11-15,63.05155944824219,63.58931674073555,62.51380830984569,63.320438094488864,20802000
2013-11-18,62.244930267333984,63.58931735751018,61.84161537110051,63.45487495603441,13842000
2013-11-19,61.841609954833984,62.110488580139446,61.30385885831945,61.43829509392399,9726000
2013-11-20,64.1270751953125,65.20258374890582,63.45488158005448,63.7237602569772,37158000
2013-11-21,64.79926300048828,65.74032905419286,63.99263319614236,65.06813549920558,20622000
2013-11-22,64.26151275634766,65.60590001405254,64.12707649221625,65.33702133169203,19008000
2013-11-25,64.9337158203125,65.2025945417421,64.12708581012228,64.79927953664699,12780000
2013-11-26,64.66482543945312,64.9337041124024,63.85819557470278,64.39595292060133,9798000
2013-11-27,64.9337158203125,65.47146710907312,64.26152209378779,64.53040081521739,12432000
2013-11-28,65.60588836669922,65.60588836669922,64.53037998229543,64.93369485718478,11622000
2013-11-29,64.66482543945312,65.20258278535168,63.454880642327616,64.9337041124024,13974000
2013-12-02,64.53040313720703,64.93371815681458,64.12708811759948,64.2615244061024,8964000
2013-12-03,65.20257568359375,65.4714481731604,64.12706726303675,64.66481839626685,14112000
2013-12-04,63.7237434387207,64.79925170846106,63.32042860683007,64.39593687657042,14760000
2013-12-05,62.78268432617188,64.53038006832342,62.24492705620477,64.12706519289641,20580000
2013-12-06,62.78268432617188,63.1859992015989,62.1104908157613,62.24492705620477,25428000
2013-12-09,64.53040313720703,64.66483942570994,63.723773097991945,63.858209386494856,18474000
2013-12-10,64.53040313720703,64.93371815681458,63.99265182909658,64.53040313720703,14760000
2013-12-11,63.05155944824219,63.99263163305713,62.24492966359902,63.72375298681045,14982000
2013-12-12,61.97605895996094,62.51381011387591,61.438301651948926,62.11049520991542,25074000
2013-12-13,61.841609954833984,62.91711830195944,60.631665372104,60.90054399740946,45840000
2013-12-16,61.43830108642578,62.513809538453,61.169428588991714,62.11049463820491,15096000
2013-12-17,63.45487976074219,63.45487976074219,62.37937739208213,62.37937739208213,23670000
2013-12-18,64.26151275634766,64.39595517457676,63.05156791687188,63.4548828633638,25488000
2013-12-19,64.66482543945312,65.20258278535168,63.72375931527689,64.7992678529765,27366000
2013-12-20,63.99262237548828,64.6648096627169,63.454865160790206,64.12705860211481,11460000
2013-12-24,64.53040313720703,64.79928186831167,64.2615244061024,64.79928186831167,17316000
2013-12-25,63.7237434387207,64.26149449654291,63.1859923808985,63.85817966465227,12120000
2013-12-26,65.7403335571289,65.7403335571289,63.858195166704185,64.26151009650252,15282000
2013-12-27,65.4714584350586,66.14365207252744,64.53039226588044,65.87477338672035,12510000
2013-12-30,66.2780990600586,66.95029280626689,65.74034775555121,66.4125415017595,18816000
2014-01-06,65.4714584350586,66.00921580667278,64.66482853173508,65.87477338672035,19068000
2014-01-07,64.39594268798828,66.81583189771524,63.858185427540185,66.54695326749119,32088000
2014-01-08,65.20257568359375,66.0092054604873,63.99263101825344,65.87476306160717,36090000
2014-01-09,64.66482543945312,66.14364890952791,63.99263798822616,66.00921265010201,25764000
2014-01-10,65.3370132446289,65.47144949212053,63.18600251427837,63.99263230742194,39438000
2014-01-14,63.7237434387207,64.39593687657042,63.32042860683007,63.58930721278914,22038000
2014-01-15,65.8747787475586,65.8747787475586,64.26151880962574,64.395961240519,23388000
2014-01-16,64.9337158203125,66.14366083559783,64.6648370988829,66.00922455193232,16002000
2014-01-17,71.2522964477539,72.32779867553438,67.35358394828411,68.16021369616776,121680000
2014-01-20,69.63904571533203,71.65562033880596,69.50460330436886,71.52117792784279,36048000
2014-01-21,69.23573303222656,70.58011410670267,68.96685435569232,70.04236290773173,22314000
2014-01-22,69.90790557861328,70.44566281695934,68.56352479094065,69.10127587519045,24858000
2014-01-23,68.96685791015625,70.31123905392005,68.69797921976435,70.04236651762602,24840000
2014-01-24,66.41252136230469,67.48802364517567,65.605891573103,67.48802364517567,34572000
2014-01-27,64.66482543945312,65.33701904477758,64.39595292060133,64.66482543945312,22764000
2014-01-28,64.79926300048828,65.74032905419286,64.39594809831532,64.93369924984692,15558000
2014-01-29,67.488037109375,67.488037109375,66.14365591052707,66.68140715924662,15198000
2014-01-30,65.4714584350586,65.74033712086569,64.26151358007334,65.20258590334927,17412000
2014-01-31,64.66482543945312,66.41252758247718,63.72375931527689,66.14364890952791,15846000
2014-02-03,63.05155944824219,63.85818923288536,62.11049341752411,63.320438094488864,27162000
2014-02-04,61.03499221801758,63.72376053675716,61.03499221801758,61.97606451433011,49392000
2014-02-05,60.09391784667969,62.513807155941954,58.74953694845512,62.513807155941954,40668000
2014-02-06,62.9171257019043,63.723755518595375,60.09392134348551,60.76611490876045,28140000
2014-02-07,63.3204460144043,64.26151216282786,62.51381612887048,64.1270758999381,18480000
2014-02-10,64.53040313720703,64.79928186831167,63.723773097991945,64.66483942570994,10332000
2014-02-12,65.7403335571289,65.7403335571289,64.5303887677339,64.79926743896526,15684000
2014-02-13,63.99262237548828,66.00919654536611,63.85817999476577,65.87475416464359,13722000
2014-02-14,62.11051177978516,63.8582081118328,61.572760482408654,63.72377182601334,20550000
2014-02-17,62.379390716552734,62.379390716552734,60.49725193821966,61.572760690709806,16158000
2014-02-18,65.4714584350586,65.74033712086569,62.91713245923342,63.05156872508808,24912000
2014-02-19,64.26151275634766,65.47145759582344,64.12707649221625,64.53039143870816,14964000
2014-02-20,62.51382827758789,63.858209630040704,61.97607696742653,63.72377334102507,16776000
2014-02-21,64.53040313720703,64.79928186831167,62.91714305877686,63.05157934727977,13566000
2014-02-24,64.39594268798828,65.47144490069148,63.45487055925236,64.53037892605207,12792000
2014-02-25,65.4714584350586,66.2780883383821,65.06814348339684,65.60590085501103,9114000
2014-02-26,64.66482543945312,65.20258278535168,64.26151050707796,64.26151050707796,7116000
2014-02-27,65.4714584350586,65.74033712086569,63.18601114504051,65.20258590334927,18006000
2014-02-28,65.3370132446289,66.00920679028086,64.53038345148533,65.74032814120069,11610000
2014-03-03,63.45487976074219,64.39595202594148,62.37937739208213,64.12707335672778,13548000
2014-03-04,63.589332580566406,63.99264757335203,62.24494516854872,62.24494516854872,10548000
2014-03-05,64.39594268798828,65.20257242456394,64.26150029582801,64.66481516411584,7182000
2014-03-06,66.00920867919922,66.2780811818765,63.45487682508525,64.12707038997267,13944000
2014-03-07,66.681396484375,67.08471139487344,65.60589415911062,66.81583889060592,15168000
2014-03-10,65.7403335571289,66.27808474549421,65.33701862733056,66.00921222836027,9618000
2014-03-11,65.06813049316406,66.41251749970769,64.53037938300454,66.00920262856391,8226000
2014-03-12,63.7237434387207,64.39593687657042,63.45486483276164,63.99262204467978,14352000
2014-03-13,63.7237434387207,64.26149449654291,63.1859923808985,63.7237434387207,9948000
2014-03-14,60.63168716430664,62.24494718778352,60.4972508803831,61.70719589799076,26718000
2014-03-17,59.82503890991211,60.90054731563773,59.556166424053245,60.0939175498677,9462000
2014-03-18,61.03499221801758,61.572749574224055,60.63167727791152,60.63167727791152,9264000
2014-03-19,60.36280822753906,61.30387442390852,59.1528633375935,61.16943815416944,16224000
2014-03-20,58.48067092895508,60.6316820611828,58.48067092895508,60.49724578857422,15120000
2014-03-24,59.69060134887695,60.228352462816616,58.615092966901024,58.74953536095838,22644000
2014-03-25,61.16943359375,61.976063460242976,60.362803727257024,60.631676246689686,18870000
2014-03-26,61.5727424621582,62.11049360215321,61.03498516806632,61.30386381511226,15288000
2014-03-27,63.19664764404297,63.46729295999528,61.16677680102953,61.43742211698185,16380000
2014-03-28,62.65533828735352,62.92598977061294,61.843390032248834,62.65533828735352,17088000
2014-03-31,63.87325668334961,64.00858551386953,62.92598584307608,62.92598584307608,11322000
2014-04-01,64.95587921142578,65.09120189489113,63.87327915967689,64.41458228288901,14814000
2014-04-02,65.90315246582031,66.44445560612321,65.09120395004152,65.22653283245502,15408000
2014-04-03,65.76781463623047,66.44444030849047,65.49716312839163,66.309111457234,11742000
2014-04-04,66.44441986083984,66.57974247577792,65.36182035731856,65.63247178186694,10530000
2014-04-07,64.54989624023438,65.63249614563296,64.14392205004422,65.36184462061468,12096000
2014-04-08,62.92599868774414,64.00859857952155,62.79067602427489,63.87326972137784,10008000
2014-04-09,61.166778564453125,62.9259979475579,61.166778564453125,62.114049586944255,25248000
2014-04-10,61.166778564453125,62.52002376725108,60.7608043841463,62.249372248821736,12024000
2014-04-11,59.813514709472656,60.08416617153275,58.86624388427195,59.00156651796545,18336000
2014-04-14,59.813514709472656,60.08416617153275,59.13689534633205,59.40754061371905,10566000
2014-04-15,59.67819213867188,60.62546296487087,59.40754067632655,60.35481769719864,8616000
2014-04-16,61.166778564453125,61.302101226330606,59.001578806367135,59.81352716698078,19620000
2014-04-17,63.19664764404297,63.60262181264565,61.57275096963222,61.70807362760838,23148000
2014-04-18,63.33196640014648,63.33196640014648,62.52001811296512,62.9259922565558,7218000
2014-04-21,63.19664764404297,63.60262181264565,62.79067347544028,63.46729295999528,6750000
2014-04-22,61.43741226196289,62.92598603961914,61.30208962569349,62.92598603961914,12996000
2014-04-23,61.70806121826172,62.114035305223965,61.302087131299466,61.57273858749862,5190000
2014-04-24,61.5727424621582,62.38469068717711,61.30209098892745,61.97871657466766,7800000
2014-04-25,61.84339141845703,62.11404290778306,61.16677198715255,61.57274612380473,5808000
2014-04-28,60.896121978759766,61.572747621192825,60.2194963363267,61.30209612528483,6858000
2014-04-30,59.54288482666016,61.30210429791176,59.54288482666016,61.30210429791176,10560000
2014-05-01,62.11404800415039,62.24937066257957,59.94885449591238,60.219499812770735,13794000
2014-05-02,60.896121978759766,61.708070271809895,60.35482518161764,61.572747621192825,8982000
2014-05-07,58.73093795776367,59.81353172462324,58.73093795776367,59.6782090524345,10926000
2014-05-08,59.27223205566406,59.40755472149324,58.86625786350199,59.13690938983489,5598000
2014-05-09,58.86625289916992,59.67820121502054,58.5956013956617,59.00157555358702,7440000
2014-05-12,56.83637619018555,58.59559529308587,56.56572471486496,58.46027265276227,15774000
2014-05-13,60.49013900756836,61.16676455129121,59.94884228939386,60.35481637669297,26040000
2014-05-14,60.21949768066406,60.76080068456408,59.542878217800045,60.62547183625208,11286000
2014-05-15,60.896121978759766,61.84339292242696,60.4901478322347,61.30209612528483,17076000
2014-05-16,60.21949768066406,60.35482652897607,59.00157521390002,59.542878217800045,11196000
2014-05-19,58.5955924987793,60.62546298019974,58.32494723103864,60.49014034632942,7836000
2014-05-20,58.324951171875,59.001570581616825,58.05429969117416,58.46027381488866,5670000
2014-05-21,58.86625289916992,58.86625289916993,57.78365307981109,58.32495608682753,8652000
2014-05-22,59.813514709472656,60.08416617153275,59.00156651796545,59.67819207577915,9018000
2014-05-23,59.94884490966797,60.62546428829187,59.67819344141447,60.490141651501744,11796000
2014-05-26,60.21949768066406,60.49014918261408,59.542878217800045,60.21949768066406,9822000
2014-05-27,60.21949768066406,61.031445991840094,60.08417502702606,60.35482652897607,14064000
2014-05-28,60.49013900756836,60.76079046399209,59.94884228939386,60.49013900756836,10440000
2014-05-29,61.84339141845703,62.11404290778306,60.219494871848326,60.3548237138482,13014000
2014-05-30,60.49013900756836,61.70806126946571,60.49013900756836,61.43740981304197,18048000
2014-06-02,63.06131362915039,63.3319651176212,61.43741708767292,61.57274592924517,14436000
2014-06-03,64.27924346923828,65.09119183387992,63.73794662436866,64.00859814414068,20892000
2014-06-04,64.27924346923828,64.95586917133112,63.87326928691746,64.95586917133112,12636000
2014-06-05,64.4145736694336,65.09119319095878,63.73794795323386,64.95587052558865,9540000
2014-06-06,64.54989624023438,64.82054776525266,64.14392205004422,64.4145735750625,9984000
2014-06-09,64.27924346923828,65.09119183387992,64.00859814414068,64.6852176515591,6276000
2014-06-10,64.00859069824219,64.68521012695182,63.73793920995413,64.41456483333744,9492000
2014-06-11,63.87325668334961,64.41455961608293,63.46728258113621,63.8732566833496,7968000
2014-06-12,64.00859069824219,64.27923599185657,63.19664242805169,64.00859069824219,19074000
2014-06-13,64.00859069824219,64.14391334504937,62.11404266957313,63.06131358657081,25026000
2014-06-16,63.33196640014648,64.41456618127957,62.79066960691684,64.41456618127957,7926000
2014-06-17,63.4672737121582,63.73792514070377,63.19662847828496,63.19662847828496,7056000
2014-06-18,64.14391326904297,64.27923591568981,63.467287646461415,63.73793913442877,8286000
2014-06-19,66.44441986083984,66.8503939003263,64.82052370289404,65.22649774238049,20634000
2014-06-20,66.71509552001953,66.9857470680143,65.76782439405041,66.44445016669982,15618000
2014-06-23,66.44441986083984,67.25636793981275,66.17376843629147,66.98571651526437,7338000
2014-06-24,67.79767608642578,68.06832755685151,65.09117996618835,65.4971540744903,15180000
2014-06-25,66.85042572021484,69.01561956318783,66.71509684618984,68.33899377708838,12324000
2014-06-26,67.3917007446289,67.79767484550017,66.44442990748702,66.57975254288638,10692000
2014-06-27,66.03846740722656,68.20366092732974,65.90313855338155,67.12106106994102,13044000
2014-06-30,66.71509552001953,66.9857470680143,66.3091212953649,66.57977284335968,6354000
2014-07-01,68.47430419921875,68.60962684210293,66.71507886835684,66.71507886835684,10854000
2014-07-02,68.20365142822266,68.74494818419043,67.93299995290207,68.60962554386684,7578000
2014-07-03,68.20365142822266,68.33897406854625,67.52702583725788,67.66235467225488,5418000
2014-07-04,69.69223022460938,69.96287552457329,68.47430779075022,68.88028193536994,12138000
2014-07-07,69.42157745361328,70.63949986508018,69.28625480611932,70.50417721758622,9360000
2014-07-08,69.9628677368164,70.91014476526766,68.0683260692602,68.47430016868984,13878000
2014-07-09,69.5569076538086,70.36885601628369,69.01561081038332,69.42158499162088,11388000
2014-07-10,69.15094757080078,70.09822498326527,69.15094757080078,69.69225071925925,6714000
2014-07-11,69.5569076538086,69.82755917285843,67.79768826667068,68.33898511009595,17970000
2014-07-14,69.69223022460938,69.96287552457329,68.47430779075022,69.69223022460938,10116000
2014-07-15,70.36883544921875,70.91013832910902,69.96286138663736,70.23351282658248,7572000
2014-07-16,69.42157745361328,69.96287423826288,69.15092596395162,69.42157745361328,8322000
2014-07-17,69.42157745361328,70.09820308043058,69.01560331645766,69.01560331645766,5100000
2014-07-18,68.33897399902344,68.6096254740687,67.93299988379226,68.06832871865159,8136000
2014-07-22,69.82755279541016,70.36884958939802,69.28625600142229,69.4215786512508,10716000
2014-07-23,69.69223022460938,70.36884966919301,69.69223022460938,70.36884966919301,5832000
2014-07-24,69.42157745361328,70.09820308043058,68.88028066896368,69.69222894327494,7872000
2014-07-25,69.9628677368164,70.09819656640839,69.15091953795714,69.9628677368164,8598000
2014-07-28,71.45145416259766,71.58677682149903,69.69223481818268,69.69223481818268,12816000
2014-07-29,69.5569076538086,74.15795250428374,69.15093347257104,73.61664946618409,64326000
2014-07-30,70.77482604980469,71.18080020725036,69.6922324263989,69.96287773491333,28440000
2014-07-31,69.69223022460938,71.58677210305216,69.42157872997161,71.58677210305216,17778000
2014-08-01,68.74494171142578,69.82754131610123,68.60961908384365,69.01559316126284,16230000
2014-08-04,68.8802719116211,69.42156862745098,68.0683237405398,68.8802719116211,11496000
2014-08-05,67.3917007446289,69.28624861358584,67.3917007446289,69.28624861358584,14466000
2014-08-06,67.12104797363281,67.25637680107316,66.44442861512327,66.71507388065787,12744000
2014-08-07,66.85042572021484,66.85042572021484,65.63250302204094,66.71509684618984,19092000
2014-08-08,64.82052612304688,66.03844828697882,64.5498746883934,65.76779685232535,17994000
2014-08-11,66.98572540283203,67.25637686329004,65.63248048988807,65.90312575567302,12168000
2014-08-12,67.52703094482422,67.79768244061617,66.98573414791419,67.52703094482422,8298000
2014-08-13,67.66236114501953,67.79768379828846,66.44443868157722,66.71508398811508,14574000
2014-08-14,68.60963439941406,68.88028590966805,67.79768606332632,68.47431174162418,8994000
2014-08-15,68.06831359863281,68.33895881888624,67.66233957358068,68.33895881888624,6648000
2014-08-18,67.79767608642578,68.06832755685151,67.39170197812383,67.66235344854957,6438000
2014-08-19,68.33897399902344,69.01559958929987,68.06832871865159,68.74494811425461,9672000
2014-08-20,68.60963439941406,69.5569053932917,68.60963439941406,69.15093122524783,9474000
2014-08-21,69.42157745361328,69.82755159076892,69.15092596395162,69.15092596395162,10830000
2014-08-22,69.28624725341797,69.96286661180514,68.88027316051644,69.96286661180514,7614000
2014-08-25,69.82755279541016,69.96287544523867,68.88028185726293,69.82755279541016,7440000
2014-08-26,69.42157745361328,69.82755159076892,69.15092596395162,69.69222894327494,8268000
2014-08-27,69.5569076538086,69.82755917285843,68.8802881481956,69.42158499162088,6324000
2014-08-28,69.15094757080078,69.42159914503002,68.60965061701798,69.15094757080078,5040000
2014-08-29,68.8802719116211,69.01559454191033,68.20364637082903,68.60962045636968,7614000
2014-09-01,69.28624725341797,70.09819543922102,69.01559579325927,69.4215698861608,10470000
2014-09-02,71.31613159179688,71.85742842274534,69.28626073239728,69.28626073239728,18810000
2014-09-03,70.91014862060547,72.66936774889042,70.77481978365576,72.26339362738824,15684000
2014-09-04,70.50418090820312,71.3161292250167,70.09820674979633,71.3161292250167,12090000
2014-09-05,70.23352813720703,71.58677324258946,69.96287663826098,71.18079909150734,8070000
2014-09-08,71.72209167480469,71.99273693977706,70.91014349054151,70.91014349054151,13044000
2014-09-09,72.39871978759766,72.66937127997487,71.45144885628814,72.39871978759766,11286000
2014-09-10,72.66936492919922,72.80468756622471,71.45144261195007,71.58676524897557,10458000
2014-09-11,72.8046875,73.34599043695607,72.39871339461956,73.07533896847804,9312000
2014-09-12,72.5340576171875,73.34600600023559,71.99275456537241,72.5340576171875,22062000
2014-09-16,72.12806701660156,73.075337849763,71.99273818709769,72.26338965143229,9564000
2014-09-17,71.857421875,72.39871865662478,71.451447740113,72.39871865662478,6642000
2014-09-18,73.07533264160156,73.48130671183269,71.99273305609435,72.39870712632546,10476000
2014-09-19,71.99275207519531,72.53405510828712,69.28626168843358,71.72210675332374,40536000
2014-09-22,71.18080139160156,71.99274972000262,70.77482722740103,71.72210440698503,11472000
2014-09-24,70.50418090820312,71.45145187959427,70.09820674979633,70.50418090820312,9492000
2014-09-25,71.72209167480469,71.72209167480469,70.91014349054151,71.3161175826731,8718000
2014-09-26,71.51775360107422,72.19887714255934,70.56418563167765,70.8366300595891,9870000
2014-09-29,72.60755920410156,72.88000366647337,71.38154041586638,72.06265780764991,11310000
2014-09-30,71.92642974853516,72.60755332098381,71.51775685223666,72.60755332098381,11112000
2014-10-01,70.5641860961914,72.3350998326865,70.42795764548566,72.3350998326865,9222000
2014-10-02,68.92951202392578,70.01930249033043,68.79328353873406,69.33818500779124,15324000
2014-10-03,69.33816528320312,69.33816528320312,67.97591823393266,68.38459110154318,12636000
2014-10-06,70.9728775024414,71.2453220032617,70.01930304200565,70.29175377868084,12522000
2014-10-07,68.38460540771484,70.8366431263483,68.38460540771484,70.42797017324273,20112000
2014-10-08,67.97593688964844,68.24838762144613,67.15859093011015,67.2948194139364,12138000
2014-10-09,66.06880187988281,68.11216682218996,65.93257339315905,67.9759383354662,13422000
2014-10-10,65.25142669677734,65.5238710765704,64.57030327559045,64.70652546548698,20154000
2014-10-14,63.20809555053711,63.88921309019587,62.93564479316039,63.07186705392106,12054000
2014-10-15,63.48053359985352,64.02543505905115,62.526965400039785,63.344311352981485,15420000
2014-10-16,60.756046295166016,61.98206512464792,60.34737335200538,61.84583665302489,18330000
2014-10-17,60.07492065429688,61.30093944316008,59.666247724675806,60.892266513539006,17316000
2014-10-20,62.118289947509766,62.25451218895193,61.3009440271478,61.3009440271478,18420000
2014-10-21,60.61980819702149,62.390728160062174,60.48358598288499,62.25449971007243,13992000
2014-10-22,64.70654296875,64.9789936580937,62.39073393481693,62.6631783883068,36978000
2014-10-23,64.84276580810547,65.38766090368509,64.16164226174098,64.29786447667257,17178000
2014-10-24,64.84276580810547,66.06878445004956,64.43409292745743,65.9325559992647,14520000
2014-10-27,65.93256378173828,65.93256378173828,65.11521792396528,65.25144639083011,9978000
2014-10-28,60.756046295166016,61.573392181487286,60.07492264461354,61.30094147409545,49980000
2014-10-29,60.61980819702149,60.89225886114773,59.39378956223327,60.75603664701123,32016000
2014-10-30,60.48358917236328,61.30093497198982,60.34736695104338,60.75603985085665,31272000
2014-10-31,62.52696228027344,63.07185747642892,59.80247382778717,61.02849269602783,38022000
2014-11-04,63.88919448852539,66.06878744122868,63.61675004632765,65.79633676317738,26856000
2014-11-05,64.16165161132812,64.29787384610991,63.07185502551128,63.07185502551128,15468000
2014-11-06,63.48053359985352,64.84278101199284,63.20808910610945,64.43410803552199,15426000
2014-11-07,62.93563461303711,63.61675827837641,62.11828870897169,63.34430756506981,19140000
2014-11-10,62.52696228027344,62.6631845203487,62.11828932419321,62.11828932419321,7920000
2014-11-11,62.66316986083984,62.79939830490007,61.5733797234759,62.25449700036512,17154000
2014-11-12,61.02848815917969,62.79940832778033,60.75604369928264,62.66317986197784,28584000
2014-11-13,61.43717575073242,61.84584877398753,60.48360744175566,61.16473122579932,18576000
2014-11-14,61.43717575073242,61.70962651152097,60.75605820254422,60.75605820254422,21888000
2014-11-17,58.84890365600586,61.30094130833943,58.57645294935072,61.16471907293898,27978000
2014-11-18,59.257572174072266,59.66624508561759,58.84889926252694,59.39379439930279,17772000
2014-11-19,58.84890365600586,59.257576598061455,58.16778000729512,58.98512589140632,21048000
2014-11-20,58.712669372558594,59.12134223075308,58.57644092925848,58.98511378745296,11664000
2014-11-21,58.30400085449219,59.3937910668991,58.03155018346376,58.98511817828316,25038000
2014-11-25,59.66624450683594,59.93869519050788,59.25757159925487,59.393793823164,22674000
2014-11-26,61.16471862792969,61.573391567011946,60.074922045092265,60.21114427950163,23730000
2014-11-27,60.21113586425781,61.30093229478283,59.93869143351654,61.1647100794122,15636000
2014-11-28,60.61980819702149,61.02848107528422,60.347363768748494,60.61980819702149,11028000
2014-12-01,61.709617614746094,61.982068336255,61.028493928901135,61.16472240758286,17286000
2014-12-02,62.118289947509766,62.25451218895193,61.3009440271478,61.84583922877095,12912000
2014-12-03,63.48053359985352,64.29787955279521,62.7994161296386,62.7994161296386,25368000
2014-12-04,63.88919448852539,64.57031806572687,63.48052158937522,64.57031806572687,14934000
2014-12-05,63.88919448852539,64.02542294547783,63.07184869022505,63.34429936827635,7854000
2014-12-08,63.75297164916992,64.02542232457908,63.07184807857378,64.02542232457908,10368000
2014-12-09,62.66316986083984,63.34429337358204,62.25449700036512,62.52694765263259,9732000
2014-12-10,61.02848815917969,62.39073540208079,60.48359300353162,61.98206247638125,12810000
2014-12-11,59.80247116088867,60.07492186474366,59.121353755032445,59.53002669288784,9654000
2014-12-12,59.93870162963867,60.4835968196662,59.53002867815445,59.53002867815445,25584000
2014-12-15,58.712669372558594,59.66623729639475,58.712669372558594,59.530015088947565,11826000
2014-12-16,63.07184600830078,63.48051889007348,61.57338293236979,61.70960514767625,60948000
2014-12-17,63.48053359985352,65.2514539884637,63.20808910610945,63.20808910610945,35784000
2014-12-18,65.25142669677734,65.93254388211211,64.70652546548698,64.70652546548698,24624000
2014-12-19,67.4310302734375,67.4310302734375,65.93256085540986,66.74990667690608,28368000
2014-12-22,67.4310302734375,67.4310302734375,66.6136844519413,67.15857958765419,17688000
2014-12-24,68.11215209960938,69.33817079998722,67.83970142090755,68.11215209960938,18768000
2014-12-25,68.11215209960938,69.0657201212854,67.70347919948343,68.65704722115944,10506000
2014-12-26,68.24836730957031,68.52081796028205,67.83969445142917,67.97591665885857,11478000
2014-12-29,68.24836730957031,68.79326237514086,67.29479938585862,68.65704016771144,11298000
2014-12-30,68.11215209960938,68.79326944258356,67.70347919948343,68.11215209960938,9870000
2015-01-05,68.38460540771484,69.201951313926,67.97593245460928,68.38460540771484,15870000
2015-01-06,65.66011047363281,66.74990064660508,65.66011047363281,66.4774562212886,17634000
2015-01-07,66.20500946044922,66.74990457903671,64.57031786883319,64.57031786883319,14568000
2015-01-08,67.4310302734375,67.70348095922083,66.74990667690608,66.74990667690608,11694000
2015-01-09,67.29481506347656,68.24838320934023,66.88614211012722,67.97593249515587,13650000
2015-01-13,66.20500946044922,66.20500946044922,64.9789907667372,65.52388588532469,18420000
2015-01-14,66.20500946044922,66.74990457903671,65.52388588532469,66.06878723976573,24234000
2015-01-15,66.7499008178711,67.56724656762403,65.79633285511042,66.88612926673204,18768000
2015-01-16,65.5239028930664,65.93257589704781,64.70655688510361,65.66013138496365,17808000
2015-01-19,65.93256378173828,66.20501447961396,65.52389085285178,65.52389085285178,9462000
2015-01-20,67.29481506347656,67.43103730264156,66.20501844259353,66.3412406817585,9906000
2015-01-21,64.29786682128906,65.251441068142,63.48052103018855,65.251441068142,32100000
2015-01-22,65.11521911621094,65.11521911621094,64.16165100996747,64.16165100996747,18096000
2015-01-23,66.06880187988281,66.47747486834425,65.66012889142138,65.66012889142138,11742000
2015-01-26,66.06880187988281,66.34124638162048,65.25145590295995,65.79635114229022,11058000
2015-01-27,67.4310302734375,67.5672524984023,66.20501154119319,66.4774622269765,8256000
2015-01-28,68.11215209960938,68.52082499973532,66.88613339923153,67.02235562065565,10140000
2015-01-29,67.29481506347656,68.24838320934023,66.88614211012722,67.29481506347656,11766000
2015-01-30,67.1585693359375,68.1121434726897,66.34122363920864,67.70347062432526,12948000
2015-02-02,66.20500946044922,67.02235525625723,65.7963365625452,66.20500946044922,12798000
2015-02-03,64.84276580810547,67.97592040250485,64.29786447667257,67.97592040250485,32040000
2015-02-04,65.38768005371094,66.34124830920919,64.97900705337524,65.5239023085378,17658000
2015-02-05,64.4341049194336,65.38767307313195,64.29787644329494,65.11522235670908,12864000
2015-02-06,65.11521911621094,65.93256498894938,64.70654617984171,64.9789968827059,19272000
2015-02-09,66.47746276855469,66.47746276855469,65.25144402632225,65.25144402632225,14346000
2015-02-10,67.56724548339844,67.70347393007339,66.20500466762064,66.47745532511745,17220000
2015-02-12,64.70654296875,66.7499075491932,64.57032074200507,66.7499075491932,29688000
2015-02-13,64.4341049194336,64.5703271597178,63.20808604931237,64.02543196272651,25632000
2015-02-16,65.38768005371094,65.38768005371094,64.70655630786642,64.84278479854838,9912000
2015-02-17,66.06880187988281,66.20502413075164,64.97900516536735,65.25145590295995,14190000
2015-02-18,66.47746276855469,66.61368499462925,65.7963391664743,66.34123430662633,11688000
2015-02-19,67.56724548339844,67.83969614089523,66.3412268784425,66.61367753593929,14034000
2015-02-20,67.97593688964844,68.52083835324382,67.70349239370553,67.70349239370553,12450000
2015-02-23,68.11215209960938,68.2483743210335,67.4310285207816,68.11215209960938,8298000
2015-02-24,69.06572723388672,69.47440017609907,67.97593064270238,68.38460358491473,16386000
2015-02-25,68.92951202392578,69.4744072571281,68.65706128939719,69.4744072571281,8862000
2015-02-26,68.92951202392578,69.33818500779124,67.83971532166628,68.3846105548686,12822000
2015-02-27,67.4310302734375,68.92949969146514,66.74990667690608,68.52082678071703,19350000
2015-03-02,67.29481506347656,68.38460544850523,66.88614211012722,67.8397102559909,9858000
2015-03-03,67.4310302734375,67.97592540915039,67.02235736268939,67.83970318418561,7536000
2015-03-04,67.4310302734375,67.70348095922083,66.4774622269765,67.29480804847272,8796000
2015-03-05,67.97593688964844,68.38460986941757,67.0223686821387,67.43104166190784,12324000
2015-03-06,68.11215209960938,68.38459654245761,67.4310285207816,67.97592364233168,9132000
2015-03-09,67.83970642089844,67.97592865236255,67.1585827918698,67.29481125918795,6396000
2015-03-10,67.83970642089844,68.52083004992707,67.70348418943432,67.97592865236255,10116000
2015-03-11,67.83970642089844,68.1121571196807,66.74990986162342,66.88613832894157,6078000
2015-03-12,68.52082061767578,68.7932650431006,67.83969708240738,68.2483699563978,6780000
2015-03-13,69.33816528320312,69.74683815081364,68.6570417585679,68.9294924155926,20058000
2015-03-16,70.42796325683594,70.97286463136737,69.33817297948062,69.4743952051866,14796000
2015-03-17,70.9728775024414,71.38155048952676,70.29175377868084,70.56420451535605,9480000
2015-03-18,71.92642974853516,72.06265196868348,70.70041105963966,71.10908395593816,10548000
2015-03-19,71.79021453857422,72.60756041098358,71.38154160236954,71.79021453857422,9078000
2015-03-20,74.37847900390625,74.51470124580806,71.7902189926449,72.47133643800844,19914000
2015-03-23,74.24224853515625,75.05959436770529,73.01622978633269,74.51469298877005,15546000
2015-03-24,74.78713989257812,75.05959056825454,73.56112120581456,73.56112120581456,9816000
2015-03-25,74.78713989257812,75.05959056825454,73.96979410140241,74.65091767266668,8358000
2015-03-26,73.56112670898438,74.24225033120408,72.88000308676467,73.56112670898438,10488000
2015-03-27,72.3956527709961,74.17811940234638,71.98431383479725,73.4925586930377,8922000
2015-03-30,71.98432159423828,72.39566057477678,71.29875453449587,71.98432159423828,6750000
2015-03-31,72.25856018066406,73.21834918263997,72.12144298285632,72.80701014228806,7122000
2015-04-01,72.80699157714844,73.90389749723076,71.9843137062202,72.25854175537431,19452000
2015-04-02,73.76678466796875,74.45235169286201,73.21833481397479,73.76678466796875,13158000
2015-04-03,73.76678466796875,73.76678466796875,72.66988495998083,73.35544570833967,6018000
2015-04-06,73.76678466796875,74.17812362759781,72.94410674871061,72.94410674871061,4494000
2015-04-07,75.54927062988281,75.68638154775459,74.178136345023,74.178136345023,9846000
2015-04-08,77.33172607421875,78.29151490849364,76.2348200660942,76.37193723994388,16260000
2015-04-09,76.78327941894531,77.46884021072061,76.6461622393624,77.46884021072061,10368000
2015-04-10,76.78327941894531,77.60595739030353,75.68637336495608,76.3719404332662,15930000
2015-04-13,76.37194061279297,77.19461858608504,76.37194061279297,77.19461858608504,7290000
2015-04-14,76.37194061279297,78.15440746274753,76.09771252951734,76.37194061279297,10944000
2015-04-15,75.54927062988281,77.0575095560789,75.27504251760375,76.64617052592806,11316000
2015-04-16,76.50907135009766,77.0575213822923,75.27505407025737,75.27505407025737,12324000
2015-04-17,75.82349395751953,77.33173918992715,75.82349395751953,76.7832892311133,9456000
2015-04-20,75.68636322021484,76.64615196597435,75.2750242896702,75.96059126608927,9456000
2015-04-21,75.41212463378906,76.3719195219295,75.00078576073834,76.3719195219295,7470000
2015-04-22,77.33172607421875,77.60595414538354,75.41214212913444,75.41214212913444,9846000
2015-04-23,77.88015747070312,78.15438547683462,77.194596870174,77.88015747070312,7416000
2015-04-24,77.33172607421875,77.88017594001376,77.19461517690364,77.88017594001376,4080000
2015-04-27,77.46885681152344,77.7430849529188,76.78329587283926,77.7430849529188,6834000
2015-04-28,78.83998107910156,79.2513200999029,77.74307493145288,78.01730303749889,11892000
2015-04-30,78.56574249267578,79.38842042453626,77.60595366435007,77.88017545728054,16554000
2015-05-01,77.88015747070312,78.15438547683462,77.33170773497321,77.88015747070312,6654000
2015-05-07,76.23483276367188,77.33173895449573,75.96061092336761,76.7832889973516,10788000
2015-05-08,77.88015747070312,78.42861348296611,76.50902999311178,76.50902999311178,10758000
2015-05-11,86.92964935302734,87.4781055969757,83.22759795078672,84.32450416214769,36618000
2015-05-12,85.42140197753906,86.51830180455133,84.87294578749784,86.10696280028796,31254000
2015-05-13,88.98631286621094,89.94610781282965,86.51827947753452,86.79250750178751,27678000
2015-05-14,87.8894271850586,88.43787704353804,86.79252119156523,88.30076614805179,20052000
2015-05-15,87.20387268066406,88.98633968415956,86.79253365858546,88.43788974689987,11736000
2015-05-18,91.1801528930664,91.72860283578048,87.06676263137221,87.34098446446154,25056000
2015-05-19,93.23683166503906,93.78528151152484,91.72858674153528,92.13992569553318,22254000
2015-05-20,93.09972381591795,93.09972381591795,92.2770458255666,92.55127391452872,11232000
2015-05-21,92.68838500976562,93.23684118880831,91.04302902570744,92.13993510725788,14994000
2015-05-22,92.55127716064452,92.68838807166708,91.18014922081338,91.4543710428585,7866000
2015-05-25,92.00282287597656,93.23683984625106,91.45436670483132,93.23683984625106,8784000
2015-05-26,92.82550811767578,93.23684713994534,91.86571288135656,92.27705190362612,7278000
2015-05-27,93.51107788085938,93.648195085705,91.59149977838013,92.82551696277504,8868000
2015-05-28,94.47087097167967,95.01932094846772,92.96262568984288,93.7853037932928,19668000
2015-05-29,94.60796356201172,96.52754752356408,94.60796356201172,95.01930253402044,21102000
2015-06-01,94.7450714111328,95.01929947582416,92.55126572320536,93.37394364074495,9546000
2015-06-02,94.88219451904295,94.88219451904295,93.51106038632132,93.51106038632132,7968000
2015-06-03,95.56775665283205,95.56775665283205,93.78528978706896,93.78528978706896,7758000
2015-06-04,95.84198760986328,95.9790985185574,94.88219869593428,95.56775951593995,10368000
2015-06-05,95.70488739013672,95.9791092381519,95.0193202170272,95.1564311410348,10722000
2015-06-08,95.15642547607422,96.80178157235524,95.15642547607422,95.97910352421474,11520000
2015-06-09,95.70488739013672,99.26982162662038,95.56777018959336,96.39044828671048,30528000
2015-06-10,96.11621856689452,97.48734652428408,94.05952349254254,95.8419904648025,17346000
2015-06-11,96.5275421142578,97.6244417937889,96.11620316530008,96.5275421142578,8736000
2015-06-12,96.39044189453124,97.62445895837249,95.7048810434208,97.62445895837249,14094000
2015-06-15,95.56775665283205,95.70487383395334,94.19662877736312,95.4306457482456,10086000
2015-06-16,94.88219451904295,96.66466135973933,94.60796643719168,95.56775530886898,9438000
2015-06-17,95.43067169189452,95.70489985215356,93.09974802103434,95.15644353163552,12096000
2015-06-18,94.05953216552734,95.29354932392404,93.51107591077158,94.88221027112516,6618000
2015-06-19,94.05953216552734,95.01932119654616,93.78530403814946,94.33375401636938,7392000
2015-06-22,94.88219451904295,94.88219451904295,93.51106038632132,93.51106038632132,4626000
2015-06-23,96.11621856689452,96.80177940732167,95.29354053715372,96.11621856689452,8460000
2015-06-24,98.31002044677734,101.60073242825942,97.48734245140682,97.6244533584569,17574000
2015-06-25,95.70488739013672,97.48735450837856,95.43065926558576,97.07601545982,15546000
2015-06-26,96.5275421142578,97.48733090298109,95.43063615819246,96.80176389587346,9570000
2015-06-29,93.7853012084961,94.47086836798822,93.2368512468238,93.37396216810797,10608000
2015-06-30,93.92240142822266,94.74507941526268,92.82550162985927,94.19662951608098,8388000
2015-07-01,96.66465759277344,96.66465759277344,93.37394584493434,94.33373467920924,10296000
2015-07-02,96.25330352783205,97.3502093639168,95.84196462386694,97.3502093639168,6276000
2015-07-03,96.5275421142578,97.07599195402337,95.56774704900027,96.93888106321552,7182000
2015-07-06,93.09972381591795,95.15641879179638,92.68838482074229,94.60796889040714,8814000
2015-07-07,93.09972381591795,96.11621396489628,92.9626129097044,95.97909678214776,11226000
2015-07-08,89.67190551757812,93.37395666279924,89.67190551757812,93.09972855986368,18078000
2015-07-09,89.3976821899414,89.67191030752521,85.28429180886226,86.92964796129392,11832000
2015-07-10,88.98631286621094,89.94610781282965,87.47807442415322,88.8492019923512,11334000
2015-07-13,89.5347900390625,90.76880702454788,88.84922295494785,89.80901185148039,9804000
2015-07-14,92.41415405273438,92.96260390097498,90.7687982314782,91.18013718679222,9660000
2015-07-15,91.04304504394533,92.27706224910362,90.35748411432589,92.27706224910362,10404000
2015-07-16,90.63168334960938,91.4543612810023,90.2203443839129,91.18013948822768,8502000
2015-07-17,91.4543685913086,91.59148577519072,90.08324068823224,91.31725768396146,5508000
2015-07-21,92.00282287597656,93.0997226651973,91.72859479040396,92.2770446850143,4854000
2015-07-22,91.4543685913086,91.59148577519072,90.76880777803792,90.76880777803792,5016000
2015-07-23,91.59147644042967,92.41415435373732,91.18013748377584,91.86569822717598,3558000
2015-07-24,89.9461441040039,91.1801612962393,89.80902689828707,91.1801612962393,5808000
2015-07-27,88.02655029296875,88.98633924759838,87.34098316735597,88.71211741858153,9906000
2015-07-28,88.98631286621094,89.5347689147169,86.65539662792776,86.65539662792776,7650000
2015-07-29,87.20387268066406,90.49458485729288,85.83274469924717,90.35747394211182,16158000
2015-07-30,90.083251953125,94.7450924277748,89.5348019786179,89.94614102863217,29742000
2015-07-31,90.083251953125,91.59149722868924,88.3007848285751,90.22036287761782,14994000
2015-08-03,89.67190551757812,90.35747263664936,88.84922748530677,90.22035544691394,7038000
2015-08-04,88.16365051269531,89.39766742318344,87.75231154253261,89.12344562743135,8622000
2015-08-05,88.16365051269531,88.71210665726865,86.79252270433115,86.92963360220719,9948000
2015-08-06,91.8656997680664,92.68837769517307,89.80900495029974,89.80900495029974,16080000
2015-08-07,92.2770538330078,92.55128194576636,90.63169770952751,91.5914929659147,8538000
2015-08-10,91.59147644042967,91.86569822717598,90.08323150718752,91.45435927052216,10092000
2015-08-11,92.96261596679688,93.09972687751936,91.59148802996648,92.55127695809423,9294000
2015-08-12,89.80902099609375,91.7286052611514,89.39768195904823,91.5914943409814,16254000
2015-08-13,91.72859954833984,91.8657104599706,90.35747160242649,90.49458251405724,10062000
2015-08-14,92.2770538330078,92.41417102765485,91.18015393504464,92.00283199678476,8376000
2015-08-17,93.51107788085938,93.648195085705,91.45438257353447,92.13994976815478,6660000
2015-08-18,94.05953216552734,95.70488837672296,93.23685405992954,93.78530403814946,13230000
2015-08-19,91.31725311279295,94.19662595869184,91.31725311279295,93.78528698070627,10992000
2015-08-20,92.41415405273438,92.82549300804844,90.2203421067032,91.18013718679222,37068000
2015-08-21,86.24408721923828,90.90592756636026,85.96985910121853,90.2203604095787,43404000
2015-08-24,80.21109771728516,85.14716526911809,80.21109771728516,83.91314838115986,52518000
2015-08-25,77.19461822509766,82.54202502648994,76.64616206111114,78.70285698472357,21168000
2015-08-26,80.62244415283203,81.8564611551713,77.33173214659399,77.46884305467556,14466000
2015-08-27,81.44512939453125,82.81625742683977,80.62245131983902,82.26780746922348,13524000
2015-08-28,84.46161651611328,84.87295556777704,82.54203845937296,83.227599361122,16896000
2015-08-31,82.40493774414062,83.77607237502646,81.58225947622395,83.50184419354188,6720000
2015-09-01,78.01728820800781,81.58222152630825,77.8801710427803,81.58222152630825,11862000
2015-09-02,77.74307250976562,79.251317631234,76.50905548580108,76.78328358330492,12126000
2015-09-03,78.42864227294922,80.34822019091887,78.15441416615269,78.56575318807981,9462000
2015-09-04,76.23483276367188,78.8399841823116,75.82349372667987,78.42864514531959,14484000
2015-09-07,75.96058654785156,76.92037523399449,74.31523092787307,75.275019614016,9774000
2015-09-08,75.27503204345703,77.19461600923889,75.27503204345703,75.96059909049369,6978000
2015-09-09,81.71935272216797,82.13069173540617,78.15441251525847,78.29152342749279,15504000
2015-09-10,81.71935272216797,81.71935272216797,79.38842955497309,79.66265765597696,12882000
2015-09-11,78.1544189453125,80.34822510423041,77.74307989823191,79.25132516303933,32328000
2015-09-14,77.74307250976562,78.56575052574198,77.33173350177745,78.29152242823814,12846000
2015-09-15,77.60595703125,79.66265195012998,77.60595703125,78.70285680362947,10170000
2015-09-16,78.7028579711914,79.52553595094788,78.15440807686538,78.15440807686538,5946000
2015-09-17,79.5255355834961,80.07399175182283,78.9770856917042,79.5255355834961,9312000
2015-09-18,78.7028579711914,79.3884250465001,77.4688410015567,79.11419696106965,10422000
2015-09-24,72.66988372802734,75.00080027538706,72.39565566741207,74.86368938334658,27186000
2015-09-25,72.3956527709961,72.3956527709961,70.33895809000188,71.2987468489545,39954000
2015-09-28,70.18512725830078,71.42856458959616,69.2180114421097,71.42856458959616,36954000
2015-09-29,66.59297180175781,69.356161348679,66.45480789729773,69.21800376866753,31962000
2015-09-30,67.97456359863281,68.80352169129907,67.14560550596656,67.28376307992816,24222000
2015-10-01,71.0140609741211,71.56670381362751,68.6653510417838,69.07983000919003,20466000
2015-10-02,72.39566040039062,72.9482969051595,70.32326560194859,72.11933898578268,17610000
2015-10-05,73.36279296875,73.91542960236133,72.25751337707885,72.39567727881806,9966000
2015-10-06,73.9154052734375,75.15884203312774,73.63909020980394,74.46804804959743,13602000
2015-10-07,76.1259765625,76.67861310737698,75.02069714829855,75.84965512783776,14682000
2015-10-08,75.02069854736328,76.4022930975449,74.74437710754792,74.8825409896794,15624000
2015-10-09,78.75101470947266,78.88917227625221,76.26414056075247,76.40229812753203,16260000
2015-10-13,77.23125457763672,78.0602126100423,77.09309701371842,77.64573359383951,11850000
2015-10-14,74.8825454711914,76.95494058271471,73.91542353618189,75.84966108175296,16746000
2015-10-15,76.1259765625,76.26413411760737,74.46806060342158,74.46806060342158,7434000
2015-10-16,77.09309387207031,78.47468842829512,76.8167724310463,77.23125143035851,6732000
2015-10-19,75.2970199584961,77.09309350549279,75.15885607641725,77.09309350549279,11232000
2015-10-20,75.98780822753906,76.12597209899293,74.46805623712336,75.98780822753906,9744000
2015-10-21,78.06021881103516,78.33654028527022,75.02070789224291,75.02070789224291,11628000
2015-10-22,77.50757598876953,78.88917060056265,77.0930969727868,77.64573355261447,6534000
2015-10-23,79.85628509521484,80.68524305009788,79.44180611777333,79.44180611777333,8514000
2015-10-26,80.96156311035156,81.65236355654261,79.99444754524225,80.2707689886082,9504000
2015-10-27,79.02732849121094,80.96155953603656,78.47468562887727,80.68524442931712,8694000
2015-10-28,78.47467041015625,79.71810712259419,77.5075550752977,78.88914931430223,12930000
2015-10-29,83.44844818115234,84.41557019881743,78.88917854614083,79.85630056380592,33684000
2015-10-30,86.34977722167969,87.04057756446723,83.03394569541427,83.58658849942299,35010000
2015-11-02,83.44844818115234,85.24452831427408,83.03396912342403,84.96820683430569,16494000
2015-11-04,84.27738952636719,85.79714787710591,83.72475300084731,83.72475300084731,12420000
2015-11-05,86.34977722167969,86.90242002568841,84.41554638098934,85.38266180133452,18474000
2015-11-06,86.21163940429688,86.9024399051089,85.24452376271859,86.07348183391375,10662000
2015-11-09,88.42218017578125,88.69850160356764,87.04058568574395,87.04058568574395,16158000
2015-11-10,88.00770568847656,88.28402713036715,87.31691157042157,87.31691157042157,9852000
2015-11-11,85.93531036376953,87.04058980274728,85.52083136470883,87.04058980274728,15348000
2015-11-12,84.96819305419922,86.48795146087876,84.69187161904452,85.93530859056939,16494000
2015-11-13,86.21163940429688,86.34979697468002,84.41556569152341,84.830044727121,14802000
2015-11-16,85.10633850097656,85.52081743251452,83.7247441706656,83.86290170636272,6576000
2015-11-17,92.8432846069336,94.08672145434788,89.11297406469073,89.38929547226508,49284000
2015-11-18,91.8761749267578,94.36304877748708,91.7380110520858,93.39592695257195,21234000
2015-11-19,93.39593505859376,93.81041406968876,92.56697703640371,93.67225650747302,12306000
2015-11-20,94.22489166259766,94.63937066745432,92.56697564317103,92.84329708789136,14154000
2015-11-24,96.15911865234376,96.57359761205213,94.36304526842312,94.36304526842312,19440000
2015-11-25,96.15911865234376,96.71175515713924,95.60648214754823,96.15911865234376,17418000
2015-11-26,96.2972640991211,97.1262219143917,95.74462766375608,95.74462766375608,9348000
2015-11-27,95.60648345947266,97.2643993210563,95.19200449407674,96.29727751883443,13200000
2015-11-30,96.2972640991211,97.40254329429732,94.08671203321488,94.22486956094455,16584000
2015-12-01,99.4749526977539,99.88943166732788,97.26440030150845,97.40255784988403,17796000
2015-12-02,98.23152160644533,99.19863715124283,97.95520016888278,98.92232203812786,10272000
2015-12-03,98.23152160644533,98.50784304400784,97.40256361820526,97.95520016888278,8172000
2015-12-04,96.15911865234376,96.8499190266734,95.60648214754823,96.02096110725662,8592000
2015-12-07,96.71176147460938,97.8170408808472,96.57360392049743,97.40256189406394,5700000
2015-12-08,97.26441192626952,99.47496458671384,96.0209748689356,98.64600654849124,18708000
2015-12-09,95.60648345947266,96.57359893724744,94.77752552868084,95.88279855343852,11760000
2015-12-10,95.05384826660156,95.60649114786943,93.948575152961,94.77753315041524,9636000
2015-12-11,96.57361602783205,96.9880950665781,94.36306326266912,94.50122083410172,15678000
2015-12-14,94.22489166259766,94.501213107318,92.98145464802768,94.36305554718167,9606000
2015-12-15,92.01433563232422,94.36305201337052,91.59985664298942,93.6722515896634,14370000
2015-12-16,94.77753448486328,94.77753448486328,93.25777602665012,93.39593358668851,6936000
2015-12-17,95.60648345947266,97.12623544962626,94.6393616572508,96.71175648423036,14682000
2015-12-18,92.70514678955078,96.5736156964226,92.56698289414408,95.192021013493,18084000
2015-12-21,92.15249633789062,93.3959333484069,90.6327442080025,91.32353833087976,12666000
2015-12-22,90.77091217041016,92.01434932342949,90.35643311940372,91.46171269690367,13698000
2015-12-24,89.11298370361328,92.15249421791292,89.11298370361328,91.73801522394264,12270000
2015-12-25,89.11298370361328,89.11298370361328,89.11298370361328,89.11298370361328,0
2015-12-28,90.77091217041016,91.04723364589724,89.1129959663844,89.25115354190375,8340000
2015-12-29,91.0472183227539,91.32353342728908,88.83665953978849,89.9419389312712,6948000
2015-12-30,91.0472183227539,92.01433383752168,90.49457546478888,91.461697304004,5130000
2016-01-04,88.00770568847656,90.632743575318,87.59322668786452,89.8037855740939,9726000
2016-01-05,87.86954498291016,88.83666050822072,86.76426557937849,88.00770253668382,14028000
2016-01-06,86.7642593383789,88.83665411815267,85.52082247051466,88.00769620624317,10584000
2016-01-07,85.38267517089844,87.73139164459019,85.10635372562655,87.04059119363433,12942000
2016-01-08,86.34977722167969,87.73137790725477,84.00106744020617,84.00106744020617,21552000
2016-01-12,82.06682586669922,85.65897860200992,81.79050447953796,85.24449968349124,15114000
2016-01-13,85.65898895263672,85.65898895263672,82.75763617242019,82.89579372047193,14340000
2016-01-14,82.89579010009766,83.31026905059814,80.68523780557734,82.48131114959716,17262000
2016-01-15,82.75765228271484,85.10636267904967,82.34317323342654,85.10636267904967,11166000
2016-01-18,81.92869567871094,82.48133231302728,79.71813649254857,80.27077945131342,11556000
2016-01-19,82.75765228271484,82.75765228271484,80.40893556193164,80.54709313687827,15018000
2016-01-20,79.85628509521484,83.72475344318659,79.5799636687714,83.31027446574507,12204000
2016-01-21,77.09309387207031,81.65236286450458,77.09309387207031,79.85628930896756,15024000
2016-01-22,82.34317016601562,82.48132773581568,79.02733789522907,80.40893256657408,10680000
2016-01-25,82.61946868896484,83.03394763945204,81.51419570396358,82.89579009743859,10326000
2016-01-26,79.71812438964844,80.96156137141652,79.44180927666501,80.68524625843308,8406000
2016-01-27,82.89579010009766,83.17211150858027,81.09971675607783,81.09971675607783,8286000
2016-01-28,78.47467041015625,81.92866549433684,77.6457126018643,81.65234411675746,25668000
2016-01-29,80.408935546875,80.68525702116493,76.95494557826866,78.4746978757423,27630000
2016-02-01,85.65898895263672,86.48794688984144,81.37603539411423,81.79051436271659,20304000
2016-02-02,79.44181060791016,82.20499973073385,78.88916772378731,80.13260472639226,27966000
2016-02-03,76.2641372680664,77.64573184955604,75.71150070036009,77.23125284266438,16752000
2016-02-04,75.2970199584961,76.40229306844132,74.19174052410327,75.15885607641725,15588000
2016-02-05,73.7772445678711,75.15883879994469,72.53380786167102,73.9154020937446,19362000
2016-02-08,74.46805572509766,75.15884977982883,71.84301807888862,72.39566091201003,12336000
2016-02-09,69.63247680664062,71.42855048913874,69.35615534608397,71.42855048913874,11166000
2016-02-10,68.52718353271484,70.73774212452444,67.14558915616894,70.323263179116,13380000
2016-02-12,64.10608673095703,66.31663926497363,63.96792284952329,65.48768127416146,18120000
2016-02-15,68.9416732788086,69.4943161755637,66.31664165478912,67.6982362477813,14790000
2016-02-16,68.52718353271484,70.0469417740281,65.9021523199436,67.42191056125684,21066000
2016-02-17,68.11271667480469,70.46143322374552,67.14560107203984,68.25088056409103,12036000
2016-02-18,69.35614013671875,70.46141941211653,69.21798259896154,70.46141941211653,8304000
2016-02-19,66.73111724853516,68.52719075991179,65.90215927029249,67.97455421589916,18066000
2016-02-22,64.38240051269531,65.76400135175851,63.8297639717385,65.34952236492903,19920000
2016-02-23,68.66536712646484,70.8759200289653,67.14560844849343,68.80352470648093,48546000
2016-02-24,69.2179946899414,69.35615225183194,66.73112062922495,67.97455765958318,18936000
2016-02-25,72.39566040039062,72.9482969051595,69.90878664226018,70.737744561637,22434000
2016-02-26,72.67198181152344,74.32989779448174,72.67198181152344,73.5009398030026,17490000
2016-02-29,72.11934661865234,74.46806308028259,72.11934661865234,73.63910507317163,12312000
2016-03-01,71.98118591308594,72.11934346675051,70.46142752498612,71.84302203497397,15450000
2016-03-02,75.02069854736328,75.29701998717864,73.08646111755094,74.19174055236479,13260000
2016-03-03,76.40229034423828,76.67861177409586,74.32989543142487,74.60621686128245,8418000
2016-03-04,78.47467041015625,78.75099178773563,76.81675479357234,77.09307617115172,12306000
2016-03-07,79.02732849121094,79.99444401362375,78.47468562887727,78.7510070600441,17274000
2016-03-08,76.54045867919922,79.30364784091698,75.29702165909191,78.19837470600896,19440000
2016-03-09,76.9549331665039,77.78389113122586,75.84965377205884,76.54045418414293,17112000
2016-03-10,78.1983642578125,79.02732216045911,77.50756389745803,78.33652180010463,8862000
2016-03-11,78.47467041015625,79.02731316531501,76.12596083629316,76.81675479357234,17904000
2016-03-14,78.88917541503906,79.8562973943192,78.88917541503906,79.4418183530415,9090000
2016-03-15,77.64572143554688,79.16547969846569,77.36940635097756,78.61284320488016,12894000
2016-03-16,77.50757598876953,78.7510130367177,77.23125453663175,77.64573355261447,9900000
2016-03-17,76.9549331665039,79.16548563094666,76.54045418414293,78.0602062365016,11154000
2016-03-18,76.67860412597656,77.92204094964104,76.12596764583014,76.95492552827314,11244000
2016-03-22,78.61285400390625,79.44181202038172,77.36941697919305,78.33653255693184,10458000
2016-03-23,77.36941528320312,79.02733127981143,76.81677240136862,78.75100983889418,8676000
2016-03-24,75.57333374023438,77.36941357998604,75.57333374023438,77.36941357998604,13302000
2016-03-25,76.8167724609375,76.95493634372708,75.57333546251704,76.26413590312205,5832000
2016-03-28,77.09309387207031,77.92205187069473,75.8496568741337,77.36941531309432,10002000
2016-03-29,77.09309387207031,77.510565488038,75.7015175721038,76.39730572208705,8706000
2016-03-30,75.42321014404297,77.37140684248534,75.42321014404297,77.37140684248534,11178000
2016-03-31,73.7533187866211,76.53645856490866,73.61415733862891,75.56236027951913,17166000
2016-04-01,71.94427490234375,74.30994957781704,71.80511981676703,74.30994957781704,14994000
2016-04-04,72.22260284423828,73.47501792246206,71.66597604395409,72.08344773669536,11070000
2016-04-05,70.2743911743164,72.91838249562402,69.99608099215584,72.2225942999991,16698000
2016-04-06,70.83102416992188,71.1093343516544,69.57860924179032,69.85691942352284,11202000
2016-04-07,70.41354370117188,71.10932543840163,69.43943907687273,70.27438225763717,11478000
2016-04-08,72.64005279541016,73.75331243288626,69.8569068867752,69.99606832277884,14772000
2016-04-11,72.77921295166016,73.05752947302297,71.38764308506816,72.64005787603426,12366000
2016-04-12,74.30994415283203,74.72741574919625,72.50090269195739,72.77921284279286,13326000
2016-04-13,76.95394134521484,77.2322579115099,75.42321615587224,75.42321615587224,12786000
2016-04-14,79.04129028320312,79.31960681645586,77.51056527559135,78.20634705355621,13842000
2016-04-15,77.92803955078125,79.45876461065009,77.64972300802714,78.34551117985667,11232000
2016-04-18,74.72742462158203,75.9798395593739,74.58826952964242,75.14489626751265,12774000
2016-04-19,78.20635223388672,78.3455136947867,76.39731057319263,77.37140894893379,11172000
2016-04-20,78.06719207763672,80.15455015457887,77.78887554400733,79.87623362094948,9756000
2016-04-21,79.18045806884766,80.01540136528503,78.48466986511258,80.01540136528503,10668000
2016-04-22,78.34550476074219,78.48465983566204,76.81477345617986,78.0671882407915,18438000
2016-04-25,78.76300048828125,79.31962732861989,77.92805704271683,79.18047221106346,10014000
2016-04-26,77.64972686767578,78.34551507409009,76.11899536160905,77.92804342426388,12822000
2016-04-27,77.51058197021484,78.48468049123875,76.81479367227622,78.20636389804078,10044000
2016-04-28,75.56236267089844,79.18045214131006,75.14489105393214,78.62381907194745,13452000
2016-05-02,72.08343505859375,72.64006176097791,71.38764690303002,72.50090667790971,11292000
2016-05-06,71.66596221923828,73.47500374877326,71.10932915621885,72.7792156050546,10182000
2016-05-09,72.22260284423828,72.50091942943662,71.24850435121283,72.08344773669536,7290000
2016-05-10,72.91837310791016,73.1966832542403,70.97017023304451,72.22258500186294,12696000
2016-05-11,73.47501373291016,76.81478708440606,72.64007039503618,76.81478708440606,27972000
2016-05-12,74.30994415283203,74.44909922824976,72.36174124642864,72.36174124642864,9048000
2016-05-13,72.36174774169922,75.14489409064936,71.38764938611689,74.72742245681242,22044000
2016-05-16,73.61416625976562,74.44910956845904,71.94427964237879,72.08344110723563,13896000
2016-05-17,75.84068298339844,75.84068298339844,74.3099515215686,75.0057397078752,13062000
2016-05-18,76.95394134521484,77.51057447780495,75.42321615587224,75.70152635205523,13434000
2016-05-19,76.81477355957031,78.4846599413001,76.11898544381256,77.51056167532806,12198000
2016-05-20,77.23224639892578,77.92803452589008,75.97983159245672,76.39730319461307,15462000
2016-05-23,76.67562866210938,76.81478375568747,74.86658059503492,76.39731210484133,13314000
2016-05-24,76.39730834960938,76.67562489319705,75.5623650889579,76.39730834960938,10992000
2016-05-25,78.06719207763672,79.04129039017262,77.78887554400733,78.62381877478418,16758000
2016-05-26,78.62382507324219,79.45876837090533,78.20635342441062,79.04129672207377,12894000
2016-05-27,80.1545639038086,80.43288048517874,79.59793711118073,79.59793711118073,14946000
2016-05-30,80.01539611816406,81.40696606426826,79.31960796005626,80.71117790616046,15642000
2016-05-31,80.432861328125,80.71117147309636,78.90213005033895,79.31960163790689,9594000
2016-06-01,79.59791564941406,80.98948544083481,79.59791564941406,80.29369736006909,13002000
2016-06-02,77.78887176513672,79.45875814556979,77.51056161513856,79.45875814556979,9540000
2016-06-03,77.92803955078125,78.48466626617797,77.37140646527301,77.78887809434843,7536000
2016-06-06,77.23224639892578,77.51056292373373,75.42320491295195,76.5364582719615,12306000
2016-06-07,77.23224639892578,77.3714014762742,75.70151506764877,76.25814811726467,15516000
2016-06-08,76.67562866210938,77.37141050011168,75.42321370957099,76.95393884926555,12594000
2016-06-09,75.42321014404297,76.11899194915316,75.00573851293224,75.97983686215342,7956000
2016-06-10,74.72742462158203,75.56236791344328,74.17079788371178,75.00574117557304,12714000
2016-06-13,70.97019958496094,73.61418528926477,70.97019958496094,73.61418528926477,9462000
2016-06-14,70.55268859863281,71.66594813578796,69.8569005916471,71.66594813578796,10008000
2016-06-15,70.55268859863281,71.24847660561854,69.43942906147768,70.13521706846339,10890000
2016-06-16,67.49124908447266,70.1352339554546,67.35208762750254,69.99607886859603,13488000
2016-06-17,67.7695541381836,69.16113038208147,67.7695541381836,68.18702573733074,17532000
2016-06-20,70.83102416992188,71.2484958126324,69.43944778081233,69.57860924179032,12918000
2016-06-21,70.2743911743164,70.41355263550844,68.60450460090603,69.43944788761121,11070000
2016-06-22,69.1611328125,69.71775950755314,68.88281627991778,69.30028789373546,8364000
2016-06-23,70.13523864746094,70.13523864746094,68.46535201299758,69.1611402340613,7650000
2016-06-24,63.4556884765625,71.24849444793195,63.17737193004915,70.83102281321771,16650000
2016-06-27,63.5948486328125,64.56895343818255,62.48159509826406,64.56895343818255,10326000
2016-06-28,63.177371978759766,63.594843613795874,61.50748543861536,61.924957073651456,8130000
2016-06-29,64.29064178466797,64.84726859449769,63.31654327493781,64.56895837463914,9630000
2016-06-30,65.12557983398438,66.37799483079176,65.12557983398438,65.82136806669251,12060000
2016-07-01,64.5689468383789,65.40389008900402,64.42978538320041,65.26472863382553,6234000
2016-07-04,64.5689468383789,65.40389008900402,63.5948421325753,63.87315867282083,6738000
2016-07-05,63.87314987182617,64.42977650550893,63.45567830403646,64.01230493771922,7752000
2016-07-06,62.34242630004883,63.31653099090567,61.22917289637154,63.17736953786248,10278000
2016-07-07,60.95085906982422,62.06411889310024,60.6725425214773,61.36833070728877,13434000
2016-07-08,60.53339385986328,61.92496400913304,60.2550772819644,61.09002064554871,10194000
2016-07-11,60.53339385986328,60.53339385986328,60.53339385986328,60.53339385986328,0
2016-07-12,65.82136535644531,67.07378030168353,65.40389370803258,65.40389370803258,10302000
2016-07-13,66.93462371826172,68.18703875479953,66.37799693650456,68.04788365188831,9948000
2016-07-14,67.7695541381836,68.32618718378717,66.65630078719857,66.65630078719857,13074000
2016-07-15,68.60449981689453,69.3002879639999,66.93461335993068,67.4912464256595,21006000
2016-07-19,67.21293640136719,68.1870348055526,66.79546474670032,67.9087246158493,14622000
2016-07-20,67.21293640136719,67.35209149621885,66.65630965184866,67.21293640136719,9180000
2016-07-21,69.30028533935547,69.71775693778532,68.3261870663895,68.3261870663895,8142000
2016-07-22,69.1611328125,69.43944297497092,68.18702813351787,68.4653446661001,9396000
2016-07-25,69.57861328125,69.99608494819728,68.74366994735544,69.02198014524556,10542000
2016-07-26,68.74365997314453,69.99607479226997,68.18702691790355,69.71775826464948,10464000
2016-07-27,71.52680206298828,72.36174530251776,69.3002888809468,69.3002888809468,14124000
2016-07-28,73.19670104980469,73.89248932501178,71.10934259429588,71.52681428539763,16032000
2016-07-29,81.26780700683594,83.4943200857523,78.90213248103593,82.93769340855098,51726000
2016-08-01,79.59791564941406,81.4069570152721,79.31959914308564,79.59791564941406,24048000
2016-08-02,75.28404998779297,77.0930980006064,74.44910671114421,76.81478145168626,24612000
2016-08-03,73.8924789428711,74.44910566276137,73.4750073104255,73.8924789428711,16164000
2016-08-04,77.09309387207031,77.37140403597455,73.7533209443288,73.89247602628092,16926000
2016-08-05,76.39730834960938,76.95393506667318,75.5623650889579,75.97983671928364,12288000
2016-08-08,78.90213012695312,79.04128519957392,75.97982901114005,76.11898408376085,11448000
2016-08-09,80.850341796875,81.54612360584396,79.73708198436843,80.15455361779445,12846000
2016-08-10,79.87625122070312,80.29372292807633,79.18046928848959,79.31962440090975,10350000
2016-08-12,78.34550476074219,79.73707462027366,77.92803316587165,79.59791954535382,15978000
2016-08-15,77.51058197021484,78.06720878649813,76.67563856073357,77.92805367495548,11232000
2016-08-16,77.09309387207031,78.90213541789319,76.81477733805474,77.23224895402244,10746000
2016-08-17,77.09309387207031,77.37140403597455,76.1189891880715,76.39730572208705,11466000
2016-08-18,75.84068298339844,76.67562625892168,75.0057397078752,75.28404988630851,13860000
2016-08-19,76.67562866210938,77.92804361464776,75.84068536041713,76.25815701126325,11508000
2016-08-22,77.92803955078125,78.06719463710255,76.39730812080089,76.67562466355501,7200000
2016-08-23,75.14488220214844,77.78886667477977,74.72741063435873,77.78886667477977,12150000
2016-08-24,76.25814819335938,76.95392995090684,75.56236006570077,75.56236006570077,10212000
2016-08-25,76.81477355957031,76.95392863467745,75.28404225294766,75.28404225294766,11088000
2016-08-26,75.7015151977539,76.67561985120031,75.42320504257876,76.67561985120031,11958000
2016-08-29,79.04129028320312,79.45876189802658,77.78887543873277,77.92803689041479,13812000
2016-08-30,79.4587631225586,79.4587631225586,78.48466479632923,79.04129150130153,7062000
2016-08-31,80.850341796875,81.40696851807249,79.8762370721399,80.01539853002298,10026000
2016-09-01,78.48465728759766,79.31960045023168,78.06718570628064,78.90212886891466,15246000
2016-09-02,77.23224639892578,78.34550612804644,77.09309132157738,78.34550612804644,10650000
2016-09-05,78.62382507324219,79.31961327799876,78.34551488742903,78.62382507324219,9588000
2016-09-06,79.18045806884766,79.31961316154995,77.37141001315882,78.20635330959618,10188000
2016-09-07,77.51058197021484,78.48468049123875,77.09311026547421,77.92805367495548,10632000
2016-09-08,77.64972686767578,78.90214181715442,77.23225521784957,78.20635361074012,8574000
2016-09-09,77.51058197021484,78.06720878649813,76.81479367227622,77.51058197021484,13248000
2016-09-12,75.56236267089844,76.81477752179731,75.42320758861345,76.67562243951232,10476000
2016-09-13,75.7015151977539,76.39730332591402,75.28404359488006,75.97983172304018,9576000
2016-09-14,75.9798355102539,76.25815204941287,75.28404734741224,75.70151897109496,7944000
2016-09-15,75.00572967529297,76.39729949166153,74.86656823457855,75.56235632781824,7416000
2016-09-16,77.09309387207031,77.37140403597455,75.56236249015168,75.7015175721038,12342000
2016-09-20,77.64972686767578,77.64972686767578,75.8406851751328,76.25815682495902,11796000
2016-09-21,78.20635223388672,78.48466878557494,75.84068383992792,77.37140894893379,11562000
2016-09-23,77.37138366699219,78.76295960060897,77.37138366699219,78.76295960060897,7020000
2016-09-26,75.42321014404297,77.0930966684859,75.28404868693168,77.0930966684859,6678000
2016-09-27,77.78887176513672,77.78887176513672,74.3099439292715,75.14488711948803,10032000
2016-09-28,77.22721862792969,78.2101148137133,76.38473985588826,77.50804702781113,6492000
2016-09-29,80.17591094970703,80.3163283925563,78.35054204110494,78.35054204110494,13674000
2016-09-30,76.80599212646484,78.49094995320706,76.38475266977929,78.49094995320706,16740000
2016-10-03,78.91217041015625,79.05258781364572,77.22721298910236,77.64845234436584,15439200
2016-10-04,80.31632232666016,80.31632232666016,78.91218656984051,79.05260400208475,8716200
2016-10-05,81.29920196533203,82.42250914365678,80.17589478700728,80.31631220154974,13155600
2016-10-06,82.98416900634766,83.54581944592034,82.42251856677497,82.42251856677497,13886400
2016-10-07,83.68622589111328,83.82663687567393,82.7033297163802,82.98415811310434,9165600
2016-10-11,86.63490295410156,86.91572492774141,84.10746662572521,84.24787761254512,15393600
2016-10-12,85.3711929321289,85.93284336057854,84.94995350389077,85.65201493255194,9652200
2016-10-13,87.33697509765625,87.89863196947907,85.2307778973301,86.07325677746056,17022000
2016-10-14,86.77532196044922,87.47738981463786,84.38829639829069,87.05615038764539,17600400
2016-10-17,87.61780548095703,88.3198733725378,86.91573758937626,87.33697703880395,7516800
2016-10-18,88.03903198242188,88.17944296904612,86.21366344589482,86.91572480661902,6645000
2016-10-19,88.31987762451172,88.74111709421908,87.61780969913137,88.60069965258047,9290400
2016-10-20,88.74111938476562,89.30276988300444,88.03905144126382,89.02194142008285,9422400
2016-10-21,89.16233825683594,90.98770677490938,89.02192084402827,89.86439961046263,13258800
2016-10-24,88.74111938476562,89.30276988300444,88.03905144126382,89.02194142008285,8323200
2016-10-25,88.31987762451172,89.72400704766818,87.75822071316576,89.72400704766818,10585200
2016-10-26,88.17945098876953,88.31986841576739,87.05615013840793,87.19656113780225,8950800
2016-10-27,88.46028137207031,89.3027602422805,87.89863093446473,88.31987036956984,7971600
2016-10-28,88.46028137207031,88.74110980467493,86.9157346341504,88.46028137207031,15435000
2016-10-31,86.77532196044922,88.03904024142663,84.66912482548685,84.66912482548685,18659400
2016-11-01,87.89862823486328,88.17945023123943,86.63490996836015,86.77532096654822,10670400
2016-11-02,84.80952453613281,86.91572139073547,84.66911355502687,86.49448201981494,13027200
2016-11-04,83.82664489746094,84.80953473864876,83.12457705226764,83.9670558954582,10805400
2016-11-07,84.52871704101562,86.07325738033727,84.24788860313723,85.0903674891686,11424600
2016-11-08,85.79241943359375,85.93283041264884,84.10746197452221,84.2478729535773,8937600
2016-11-09,80.17591094970703,87.47739943932396,79.19302098778348,86.77533150789041,18396600
2016-11-10,87.0561294555664,87.61777974731004,84.80951543338789,85.79241147844175,15639600
2016-11-11,87.47738647460938,88.88151570177116,87.1965580581357,88.4602762908623,12067200
2016-11-14,89.58358001708984,89.72399100602031,87.19655463965354,87.47738304511753,11358000
2016-11-15,87.89862823486328,90.28564734207798,87.75821080907171,90.00482534570183,9560400
2016-11-16,88.88152313232422,89.5835910184001,87.33697635399882,89.30276257844898,8248200
2016-11-17,88.03903198242188,88.31986038327334,87.47738160832193,88.17944296904612,8823000
2016-11-18,88.17945098876953,89.16234726734035,88.17945098876953,89.16234726734035,8170200
2016-11-21,88.17945098876953,88.88151884094817,87.33697213719655,88.17945098876953,10113000
2016-11-22,88.03903198242188,88.17944296904612,87.19655320747047,87.75820358157043,6679200
2016-11-24,89.02192687988281,89.30275529693591,88.03903706160192,88.88151588515792,9957000
2016-11-25,88.31987762451172,89.5835960336338,87.47739868509699,88.4602886385461,15892200
2016-11-28,88.17945098876953,88.31986841576739,86.63491071262145,86.91573271141007,9222000
2016-11-29,89.02192687988281,89.02192687988281,87.61779764982393,88.60068746810481,13462800
2016-11-30,86.63490295410156,88.7410998944152,86.35407455285876,88.17944309192958,13852800
2016-12-01,88.88152313232422,90.28565247687212,87.61780479394994,87.75821580012358,17923200
2016-12-02,86.63490295410156,88.17944309192958,85.65200676355323,88.17944309192958,15399000
2016-12-05,86.49447631835938,86.63489371781213,85.0903473170478,86.07323697520567,11946600
2016-12-06,88.17945098876953,88.31986841576739,87.05615013840793,88.17945098876953,15116400
2016-12-07,90.4260482788086,90.70687022397726,89.16233024274264,89.16233024274264,15417000
2016-12-08,91.8302001953125,92.53226808857582,90.42607083638975,90.98772129443807,12569400
2016-12-09,91.6897964477539,92.25144695027404,90.9877284989004,91.6897964477539,16546800
2016-12-12,90.8473129272461,92.391853338671,90.00483400188556,92.25144232697896,11802600
2016-12-13,92.11102294921876,92.25143394815784,90.5664762504746,91.26854410037711,11346600
2016-12-14,91.26853942871094,92.25142922618151,90.56647161474442,92.25142922618151,7705800
2016-12-15,90.8473129272461,92.25144232697896,90.70689548794994,91.54937441331047,10777200
2016-12-16,90.98770904541016,91.40894843913892,90.42605866297284,90.70688064038995,12819600
2016-12-19,89.30274200439453,90.70687102545152,89.02191362914218,90.70687102545152,7743000
2016-12-20,89.8644027709961,90.00482018874223,88.46027358675656,89.30275238282091,11055000
2016-12-21,90.14523315429688,90.84730097560308,89.7239937470338,89.7239937470338,12210000
2016-12-22,90.56646728515624,90.9877066678779,90.14522790243458,90.56646728515624,10420800
2016-12-26,89.44316864013672,90.56647591024009,89.30275764172511,90.28564748581336,5073600
2016-12-27,89.58358001708984,90.0048194114843,88.88151221723139,89.30275161162585,7530600
2016-12-28,91.40896606445312,91.68979452362215,89.72400816464754,89.72400816464754,10009800
2016-12-29,90.00481414794922,91.97059358842804,89.58357477818909,91.83018260770888,11571600
2016-12-30,89.16233825683594,90.00481702327028,88.17944207759393,89.16233825683594,8215800
2017-01-04,93.23432159423828,93.374739017465,90.14523469730136,90.28564569292467,12582000
2017-01-05,92.67266845703124,93.93638666326348,92.25142905495385,93.37473626969468,11628600
2017-01-06,93.09391021728516,93.79597804773276,91.97060297408964,92.53225980948908,13176600
2017-01-10,94.0768051147461,95.48094085141642,92.39184737282464,92.67267580567945,18223200
2017-01-11,94.21723175048828,95.05971070376356,94.07681430653952,94.63847122712592,8204400
2017-01-12,92.8130874633789,94.91928465564622,92.11102601769228,94.0768057787393,10534800
2017-01-13,94.0768051147461,94.77887298308126,93.0939152411598,93.3747436740146,12601800
2017-01-16,92.25143432617188,93.23432417798011,91.83019490002496,92.81308475183324,8180400
2017-01-17,91.6897964477539,92.81309745279415,91.40896798269162,91.97061848521176,8546400
2017-01-18,92.67266845703124,93.09390785910868,90.9877108487216,92.67266845703124,8738400
2017-01-19,94.6384506225586,94.77886160833292,93.09390406862924,93.09390406862924,10993200
2017-01-20,96.46382904052734,97.5871363247274,95.20011075615362,95.48093918410451,17637600
2017-01-23,95.621337890625,96.46381663856002,94.49803075084404,95.0596875345359,12542400
2017-01-24,96.32342529296876,97.16590421265184,94.49805001525266,94.77887846434838,13279200
2017-01-25,99.97415924072266,100.25498767927763,98.14879045912475,100.11457667380206,21188400
2017-01-26,101.7995376586914,101.9399486685928,99.97416239195304,100.81664130656952,16702200
2017-01-27,103.34406280517578,104.0461306063223,102.08034461967388,102.5015840148412,22454400
2017-01-30,101.7995376586914,102.50159913580244,100.95705874407494,102.50159913580244,11743200
2017-01-31,100.53580474853516,101.23786612412285,100.1145653521413,100.957044144929,10448400
2017-02-01,101.0974578857422,101.37828630018144,98.42961044518064,98.99126084645587,9029400
2017-02-02,99.97415924072266,102.50159590490613,99.41250879121648,102.36118489943054,11577000
2017-02-03,112.33049774169922,113.0325719495037,108.39893874089952,108.39893874089952,47809200
2017-02-06,114.29630279541016,114.99836422600656,112.75174965080797,113.73464593780872,20610000
2017-02-07,115.13876342773438,115.98124215316852,112.3304924394838,113.17297116491794,17681400
2017-02-08,114.85792541503906,115.13876021916118,112.89214606220816,113.87504216622602,15733800
2017-02-09,114.99837493896484,117.10457228216931,114.57713547032394,114.71755291160704,13647600
2017-02-10,117.8066177368164,118.3682745702614,117.10455633641516,117.8066177368164,12277200
2017-02-13,118.9299087524414,119.35114808349468,117.52577336386244,118.6490739616031,9460800
2017-02-14,118.3682861328125,120.4744833949622,118.08746411626184,119.35118247355165,10114800
2017-02-15,119.2107391357422,120.19363526291914,118.5086778193044,118.64908236946891,9580800
2017-02-16,118.78952026367188,119.210759697231,118.08745882614244,118.78952026367188,10707600
2017-02-17,119.77240753173828,120.05322951453977,117.66621052271128,118.08744992451668,11206800
2017-02-20,119.77240753173828,120.75529089914666,118.64909389011964,119.49157269373045,8338800
2017-02-21,119.0703582763672,119.63201521502856,118.08747470272112,119.3511931733024,8394000
2017-02-22,119.2107391357422,119.35115654111178,118.36826041393482,119.35115654111178,7219800
2017-02-23,119.9128189086914,120.4744757614127,119.21075748419508,119.35117491117718,9840000
2017-02-24,118.5086898803711,119.631990672035,118.08745047659632,119.21075126826024,8950800
2017-02-27,116.82373046875,117.66620926334384,115.5600122768592,117.24496986604692,8433000
2017-02-28,117.10456085205078,119.0703405621001,116.68332142452542,116.68332142452542,13467000
2017-03-01,118.0874481201172,118.36827009862766,115.27917691418789,116.54289510029422,11995800
2017-03-02,118.78952026367188,119.77241656037891,118.50869825970156,119.77241656037891,9163200
2017-03-03,117.8066177368164,119.07033597066264,117.24497375857808,118.64909655938057,11679600
2017-03-06,117.8066177368164,118.64909655938057,116.5428995029702,116.96413891425227,7243200
2017-03-07,115.27919006347656,115.8408469397689,114.01547173322454,115.8408469397689,18983400
2017-03-08,113.8750457763672,116.26206455585128,113.31338900552171,115.56000323369835,16422000
2017-03-09,116.96412658691406,117.1045439942778,114.43669038559872,114.8579297524846,14758200
2017-03-10,117.10456085205078,118.087457134679,116.12166456942256,117.806622279524,13397400
2017-03-13,115.56002044677734,116.8237387280111,115.419603019349,116.5429038731544,8434800
2017-03-14,115.13876342773438,116.68330347262858,114.9983460217603,115.84082474719445,7722600
2017-03-15,114.15589141845705,115.13878775755975,114.01547398281151,114.43671343454017,5266800
2017-03-16,115.8408432006836,115.9812606290262,113.17298919341695,113.73464605158024,9138000
2017-03-17,114.57713317871094,115.84085155935848,114.57713317871094,114.57713317871094,9750000
2017-03-21,114.01547241210938,114.71754672545708,113.31341095396938,113.875067833606,7496400
2017-03-22,111.0667724609375,112.19008597920062,110.92636791255832,112.19008597920062,11662200
2017-03-23,110.9263916015625,111.4880356254316,110.2243172889146,111.20721361349706,6919800
2017-03-24,111.3476104736328,113.17297249675109,110.78595369833202,111.20719306600628,9825600
2017-03-27,109.24141693115234,110.5051350723024,108.9605821074263,109.6626563115357,9109200
2017-03-28,109.9434814453125,110.92637764623969,109.38182463689613,109.9434814453125,13566600
2017-03-29,111.78057098388672,112.4871572026318,110.22610459072745,110.79137097815908,12975000
2017-03-30,110.93269348144533,112.3458531799648,110.79138656807014,111.2153331838436,11494800
2017-03-31,113.19373321533205,117.85714544517718,112.62846681425847,112.62846681425847,30753000
2017-04-03,112.62847137451172,114.46557754901718,111.07400488089816,114.18295080594828,11194200
2017-04-04,110.08478546142578,112.7697846465706,107.68242594071025,112.34583808774887,15510000
2017-04-05,112.48715209960938,112.62845898669022,109.80215305339284,110.08477976537613,16100400
2017-04-06,110.50875091552734,111.92191066583544,109.37823087797554,111.2153372595936,14723400
2017-04-07,111.4979476928711,112.48716066688556,110.65005455452228,112.06321409771115,11605200
2017-04-10,113.19373321533205,113.4763599469576,111.3566271152098,111.92189351628336,9511800
2017-04-11,114.18295288085938,114.32425978605016,111.63927333354684,112.48716651598434,13740600
2017-04-12,109.09559631347656,112.345849275506,108.81295662090112,111.92190267446637,13117800
2017-04-13,108.10637664794922,108.53032322303922,105.84533040377302,107.39979686649544,21875400
2017-04-14,108.10637664794922,110.08478968576163,107.11717012904302,110.08478968576163,11746200
2017-04-17,107.39979553222656,108.24768867187284,105.1387493161402,106.83453559543278,18041400
2017-04-18,106.97586822509766,109.37823470964992,106.4106081865199,108.53034141732708,11289600
2017-04-19,107.11717224121094,107.54111882466044,105.42138590741294,105.84533249086245,7540800
2017-04-20,109.23690032958984,109.80216676195022,106.97585400688315,107.82374718651212,14102400
2017-04-21,110.93269348144533,111.35664009721876,109.5195467207498,110.50874686567188,11387400
2017-04-24,110.93269348144533,112.76979979573828,110.0848002498984,112.0632264153905,7812600
2017-04-25,113.19373321533205,113.19373321533205,109.80216068453556,110.93268054886023,10271400
2017-04-26,116.4439926147461,116.58531245760548,114.04163291307589,114.32425966097144,10779000
2017-04-27,118.13977813720705,118.42241782091482,116.44399178625277,116.58531162810664,10699200
2017-04-28,118.28108215332033,118.56370886139018,117.43318909128936,117.43318909128936,9138000
2017-05-01,118.42242431640624,118.98767783917988,117.4332112448167,117.4332112448167,10666800
2017-05-02,118.84636688232422,119.41162038585875,118.13978059617097,118.42242028576162,9007200
2017-05-08,122.2379379272461,122.52056467501905,120.11820497439108,120.82477831273502,13650600
2017-05-09,119.5529327392578,122.09661215924204,119.27030600520042,121.95529232330205,10722000
2017-05-10,125.0642547607422,128.17320099960602,123.65109502710877,123.7924148818194,36055800
2017-05-11,125.77082061767578,126.19476721856438,124.64030066124737,125.06424726213596,9931200
2017-05-12,123.22712707519533,126.90133915922064,122.52055379956984,126.47739260628096,19210200
2017-05-15,123.79241180419922,123.93373165539649,121.39005196078963,122.66189180809306,12686400
2017-05-16,125.20556640625,125.91213975782752,124.07503351833785,124.3576732092276,12267000
2017-05-17,124.78163146972656,125.20557810785948,123.2271518380228,123.93373819346075,10827600
2017-05-18,121.3900375366211,122.09661083300088,120.8247711368238,120.8247711368238,11602800
2017-05-19,121.81398010253906,122.94449992719328,120.9660869995929,121.95528699448208,7741200
2017-05-22,124.07503509521484,124.07503509521484,121.955302075719,121.955302075719,7379400
2017-05-23,133.96710205078125,135.5215683315904,130.15158332148684,130.15158332148684,48108600
2017-05-24,134.5323944091797,136.36948774956832,134.39107456075607,135.23896777565042,17151000
2017-05-25,135.80421447753906,136.2281610233193,133.68448174863795,134.9563213859786,11923200
2017-05-26,133.2605743408203,135.2389878229042,132.97793460207572,135.0976679535319,13857000
2017-05-29,133.54319763183594,134.1084641566426,132.55398444788057,133.26057083834525,7672800
2017-05-30,134.1084442138672,135.09764431289693,132.83660442555177,133.11923117701406,9403800
2017-05-31,134.1084442138672,134.6736977167918,133.2605510216569,133.5431777731192,9040800
2017-06-01,137.50001525878906,138.3479084403688,135.5215892098875,136.22817548641945,15822600
2017-06-02,138.7718505859375,141.88078352692725,138.48921090924912,138.48921090924912,14588400
2017-06-05,138.7718505859375,139.0544773248031,137.21737117761984,138.06526433203936,11754600
2017-06-06,137.0760498046875,138.20656957861297,135.9455170929406,138.06524975518926,11513400
2017-06-07,141.17422485351562,141.31554470651758,137.07607849470028,137.07607849470028,14770800
2017-06-08,143.57655334472656,144.5657662238704,142.0220870527759,142.0220870527759,18244800
2017-06-09,143.8592071533203,145.55499343435034,142.86999417677862,144.42446062178195,16146600
2017-06-12,141.17422485351562,144.28317105478968,140.32633161115217,143.1526381064223,12397200
2017-06-13,139.90237426757812,142.7286805462346,139.4784276788885,140.89158728712832,11562600
2017-06-14,137.21737670898438,140.60894946338007,137.07606980276677,140.1850028690806,13810200
2017-06-15,135.945556640625,138.06528991952158,135.2389831936012,136.22819636969467,7934400
2017-06-16,136.0868377685547,136.6521041279679,134.53237145244523,136.36946447935054,11279400
2017-06-19,136.79342651367188,137.50001277745267,135.09764018111468,136.2281730280348,5338200
2017-06-20,138.63055419921875,140.04371400825133,137.0760874657604,137.50003411468768,11676600
2017-06-21,136.0868377685547,137.64130408466414,136.0868377685547,137.3586773738683,7348200
2017-06-22,134.8150177001953,136.5108040863613,134.3910711036538,135.3802841415251,9322200
2017-06-23,136.22817993164062,137.64132665517002,135.94554023667584,136.65212653626418,7724400
2017-06-26,136.22817993164062,136.65212653626418,135.23896687491114,135.94554023667584,6357000
2017-06-27,137.35870361328125,137.50002346458604,136.2281836163149,136.65213023240528,5551800
2017-06-28,134.1084442138672,137.64132388952777,134.1084442138672,136.7934306973175,7918200
2017-06-29,134.95632934570312,135.8042224872723,134.24974310251375,134.95632934570312,6810600
2017-06-30,132.97792053222656,133.82581378309692,131.56477373932546,133.26056024106617,13023600
2017-07-03,133.82582092285156,134.95635394287672,133.26056735066393,133.26056735066393,7326000
2017-07-04,132.83657836914062,134.6736713000277,132.41263185619422,134.53236442092617,6964200
2017-07-05,133.40184020996094,133.68447986170622,130.43421443138686,132.55394713036833,10688400
2017-07-06,133.54319763183594,134.24977108447533,132.41267752004788,133.54319763183594,5992800
2017-07-07,133.54319763183594,134.3910909501333,132.83662417919655,133.82582442532663,7027800
2017-07-10,137.92398071289062,138.06528763726442,135.66292760683504,135.66292760683504,11364000
2017-07-11,139.0544891357422,139.19580898608973,137.21738283251975,137.64132944573848,5956200
2017-07-12,136.9347686767578,139.61976845361633,136.5108220245078,139.05450193800797,5800200
2017-07-13,137.0760498046875,137.49999633713725,136.36946362539032,137.49999633713725,4554600
2017-07-14,139.7610626220703,140.0437023229883,137.64132955430472,137.78264940476373,8707800
2017-07-17,139.7610626220703,139.7610626220703,139.7610626220703,139.7610626220703,0
2017-07-18,140.46763610839844,142.02210257019095,139.19579638388925,139.33710328361957,10863000
2017-07-19,139.61973571777344,140.46762882347284,138.9131495044759,140.184989163025,4689600
2017-07-20,141.45684814453125,142.44606121558073,139.33711509072796,139.76106170148864,6760800
2017-07-21,140.75025939941406,144.98972504397472,140.4676326690508,141.31552579796295,13911000
2017-07-24,140.46763610839844,141.03288958296514,138.3479032342165,139.902369696009,7106400
2017-07-25,139.19578552246094,140.60893203643278,139.05446569593505,140.60893203643278,5128800
2017-07-26,139.90237426757812,140.7502674449574,138.91316124802793,139.90237426757812,5241000
2017-07-27,138.63055419921875,139.4784474970733,137.92398076361496,138.63055419921875,9435600
2017-07-28,136.0868377685547,140.18498329529132,135.52157140914147,138.63051697918186,13675800
2017-07-31,131.4234619140625,132.41267507978745,124.07504897830226,125.48820879536292,36329400
2017-08-01,129.58636474609375,133.26057794658507,128.17321776543645,131.8474180281018,13961400
2017-08-02,129.1623992919922,130.1516123849418,128.3145060516994,129.58634591213857,8857200
2017-08-03,130.01028442382812,130.71687070521995,128.59713773669108,130.5755508613769,12530400
2017-08-04,130.43423461914062,131.70607443537654,129.1623948029047,130.01028801372863,8329800
2017-08-07,130.29290771484375,132.83658695696985,130.1515878887851,132.5539473048525,9036000
2017-08-08,131.4234619140625,133.2605683824588,131.1408351257804,131.1408351257804,10294200
2017-08-09,130.85816955566406,131.84738252602307,128.73843671762512,130.9994893908075,13022400
2017-08-10,132.55397033691406,135.23896987163388,131.2821304948611,132.27134357351025,15169200
2017-08-11,132.55397033691406,132.55397033691406,132.55397033691406,132.55397033691406,0
2017-08-14,130.43423461914062,131.84739428312173,128.17319468215925,130.01028801372863,12883200
2017-08-15,130.7168426513672,133.5431483568957,130.57552283785358,132.12998903522117,8145600
2017-08-16,130.43423461914062,131.140820920043,129.8689811038071,130.71687431463104,6557400
2017-08-17,131.4234619140625,132.27135521673387,129.72767530871977,130.43424874833755,6814200
2017-08-18,126.19475555419922,129.02107459076475,125.77080899249664,128.59712802906216,14077200
2017-08-21,126.19475555419922,127.46659523930704,125.77080899249664,127.1839685107794,5667600
2017-08-22,125.34689331054688,126.336106510824,124.6403198462492,125.4882131785366,9006600
2017-08-23,125.48818969726562,127.18397604452598,124.21634993682036,127.04265620297991,7490400
2017-08-24,125.34689331054688,126.05347971267004,124.07505331211576,124.35769304809524,6443400
2017-08-25,125.34689331054688,126.47742637881376,125.0642665123929,126.19478664283427,5811600
2017-08-28,124.78163146972656,126.33609816360566,124.0750451142886,126.33609816360566,5363400
2017-08-29,124.49897003173828,124.92291659590744,123.36845017322796,123.36845017322796,5781600
2017-08-30,123.6511001586914,124.9229400903962,123.2271535147898,124.9229400903962,6874800
2017-08-31,126.3360595703125,126.61868626345574,124.49895372032968,124.9229002289549,9212400
2017-09-01,123.22712707519533,126.33607277602704,121.8139805239444,126.05344605334128,20951400
2017-09-04,122.66191864013672,123.79243888354188,121.81402522312617,122.37927887591532,7798800
2017-09-05,123.0858383178711,124.35767816407932,121.95530538491448,123.65109184652545,9535200
2017-09-06,121.9552993774414,123.65108575551857,121.39004587663122,122.2379390656698,12195600
2017-09-07,121.24872589111328,122.94451226721276,119.5529395150138,122.80319242326338,11266200
2017-09-08,120.96609497070312,122.23793470893077,120.5421483912939,121.10740187195762,11296200
2017-09-11,124.92291259765624,125.20555225660452,122.23792640240144,122.52055312352772,11985600
2017-09-12,124.49897003173828,126.76002268658132,124.2163433015663,126.61870285258412,8051400
2017-09-13,125.91213989257812,127.46660644284164,125.62951313920934,125.770820046982,7671000
2017-09-14,125.62950134277344,130.2929134934995,125.20555478361652,128.59712725687183,12810600
2017-09-15,126.4774398803711,127.8905869598209,125.7708534028193,126.76006670869567,10975800
2017-09-18,126.4774398803711,126.4774398803711,126.4774398803711,126.4774398803711,0
2017-09-19,130.7168426513672,130.99946934057388,127.46657750529783,127.89052400801816,11602200
2017-09-20,129.3037109375,130.4342308735261,128.4558177510246,129.8689773744247,7236600
2017-09-21,130.01028442382812,130.4342310175339,129.02108433039686,129.58633783012235,7636800
2017-09-22,128.59713745117188,131.14081700775884,127.89055117134886,130.71687041499436,6176400
2017-09-25,127.46660614013672,129.58633912992735,127.32529923269962,129.02108562453213,8399400
2017-09-26,125.62950134277344,127.89054103306216,125.06423495129012,127.60791430623162,8502600
2017-09-27,127.3387222290039,127.62359198111643,125.34460788321348,126.34165853585802,6626400
2017-09-28,129.0480194091797,129.47533073172664,127.76608544153882,128.76314954098393,7231800
2017-09-29,128.7631378173828,129.475318943283,128.33582653374162,129.0480076596418,6767400
2017-10-02,129.4752960205078,130.04504864466017,128.62067360453085,129.4752960205078,4376400
2017-10-03,130.61480712890625,131.1845598355046,129.90262602603713,130.18749585908375,7059600
2017-10-04,130.18748474121094,132.1816125237562,129.76017350788035,131.04210720787205,7049400
2017-10-05,129.76016235351562,130.75722615907927,129.1904227850531,130.04504517824972,5141400
2017-10-06,130.18748474121094,130.32992616582243,129.04799246583073,130.04505635710336,6028200
2017-10-09,130.18748474121094,130.18748474121094,130.18748474121094,130.18748474121094,0
2017-10-10,130.18748474121094,130.18748474121094,128.3358114237811,129.6177451237728,8184600
2017-10-11,130.32994079589844,130.75725207719643,129.47531823330235,130.1874993552973,4538400
2017-10-12,130.18748474121094,130.757237399153,129.76017350788035,130.32992616582243,3956400
2017-10-13,130.61480712890625,131.32700127228043,128.4782507797938,129.3328733194388,10938000
2017-10-16,125.48707580566406,130.89969408593478,124.91733612179748,130.7572526447154,21429000
2017-10-17,126.48410034179688,127.76603379120698,125.34460828915502,126.0567891919935,9435600
2017-10-18,127.3387222290039,127.3387222290039,124.63241394218012,125.629477635326,12565200
2017-10-19,127.3387222290039,127.62359198111643,126.34165853585802,127.3387222290039,8358000
2017-10-20,128.62066650390625,128.90553628000433,125.34461843701963,126.05679939751607,13172400
2017-10-23,131.0421142578125,131.61186694640674,128.3358183281254,130.1874917451735,12871200
2017-10-24,132.46652221679688,132.46652221679688,129.90265404485888,131.0421466633287,9130200
2017-10-25,132.7513427734375,136.3122738134122,132.18160319620372,133.8908480089111,15269400
2017-10-26,132.6089324951172,133.1786721500973,131.46942710414737,131.6118685381448,9464400
2017-10-27,135.74252319335938,135.8849646100156,132.0391637248265,132.75134472710118,14011200
2017-10-30,140.87026977539062,142.00977512525614,137.16690998958853,139.58833603717017,43587600
2017-10-31,139.87319946289062,141.7248725782943,137.451760711205,139.4458882761817,19653000
2017-11-01,141.29759216308594,141.44003360317703,138.44885464480168,140.7278524837323,12818400
2017-11-02,141.86732482910156,142.29463604846632,140.72783259096337,141.4400136097368,10986600
2017-11-03,141.86732482910156,141.86732482910156,141.86732482910156,141.86732482910156,0
2017-11-06,140.5854034423828,143.57658223902925,139.87322236144473,140.8702732666571,13465800
2017-11-07,141.86732482910156,142.15219462851024,139.73076873227774,140.58539117100727,13592400
2017-11-08,142.009765625,142.15219400382668,140.58539055320898,141.4400129881829,7038000
2017-11-09,139.73077392578125,143.43413361775424,137.4517763242957,141.58246029201973,17953200
2017-11-10,138.1639404296875,140.4429244961496,137.1668767502971,138.44881017786997,13150800
2017-11-13,133.03623962402344,137.87909174344207,132.89379819445074,137.5942219248011,14625000
2017-11-14,134.46060180664062,135.45766573300332,133.46355092078232,133.60597930990244,9691200
2017-11-15,132.6089324951172,134.7454888025546,132.03917979963228,134.03329467307228,10343400
2017-11-16,134.03326416015625,134.88788648857488,131.61183857647072,132.1815911422504,11821800
2017-11-17,135.0303497314453,137.7366585560199,134.1757272647906,136.73959466475475,16029000
2017-11-20,143.14927673339844,144.1463407191726,134.74549269488972,134.74549269488972,32365200
2017-11-21,148.56187438964844,149.2740685039149,144.4312032970221,144.5736447279763,26516400
2017-11-22,149.41650390625,150.55600932634974,148.27701152665543,148.98919263383888,17140200
2017-11-23,149.41650390625,149.41650390625,149.41650390625,149.41650390625,0
2017-11-24,149.27406311035156,149.8438027325735,147.2799353110627,148.8467518734331,12663000
2017-11-27,149.13165283203125,151.69552078902893,147.8497188535324,150.4135868105301,9579600
2017-11-28,148.56187438964844,150.128691008631,147.1375122421246,148.1345631372904,10602600
2017-11-29,148.1345672607422,150.12869518759103,147.27994473223694,149.1316312241666,11640000
2017-11-30,149.13165283203125,150.84089813669635,147.27996607180845,149.55896415819754,13707600
2017-12-01,150.55599975585938,153.54717847259496,149.84380565344327,151.26818081777117,12174600
2017-12-04,148.84677124023438,151.83795028785292,148.41945994771743,150.84088625847815,8537400
2017-12-05,149.13165283203125,150.4135868105301,148.2770301796987,149.41652270263984,8303400
2017-12-06,141.5824737548828,148.70432400603806,141.29759087729303,148.56188256724317,19813200
2017-12-07,143.4341278076172,144.14632186451584,141.58245455688908,142.86438821070246,11197800
2017-12-08,144.5736541748047,146.14045785566185,143.71903161424527,145.14339385484072,12076200
2017-12-11,144.43118286132812,146.71018023161523,143.43411906673325,146.71018023161523,6764400
2017-12-12,143.29171752929688,144.85852117948676,143.00683465434952,144.43120990757086,6730200
2017-12-13,140.7278289794922,144.43118843878037,140.44294614689088,143.86143581408095,6866400
2017-12-14,140.44296264648438,142.0097792883555,139.58834012928364,139.73078156231867,6721800
2017-12-15,139.16104125976562,141.0127278920521,138.59130155791277,140.44297514969338,8422800
2017-12-18,142.009765625,142.29463542315682,139.58832669890492,140.30052075505216,6115800
2017-12-19,140.15809631347656,142.43709409630307,139.73078504422816,142.43709409630307,8415600
2017-12-20,141.72491455078125,141.72491455078125,139.01861826047758,139.30348812248155,6763800
2017-12-21,146.56773376464844,146.85260353591863,141.72486941004172,142.00975222181415,12881400
2017-12-22,147.70726013183594,148.13457140805195,145.1433924745398,146.28289790478604,10255800
2017-12-25,147.5648193359375,148.56187020300524,146.5677554283656,148.1345589626893,4444800
2017-12-26,145.4282684326172,146.71020220026855,145.2858270004877,146.1404495122553,4585800
2017-12-27,143.8614501953125,144.2887614464278,142.72195787250655,143.8614501953125,9511200
2017-12-28,142.72195434570312,144.71606912146305,142.29464310514714,143.86144664035106,5491200
2017-12-29,141.5824737548828,144.00389997136443,141.29759087729303,143.43414725669012,5008200
2018-01-01,141.5824737548828,141.5824737548828,141.5824737548828,141.5824737548828,0
2018-01-02,141.5824737548828,141.5824737548828,141.5824737548828,141.5824737548828,0
2018-01-03,141.5824737548828,141.5824737548828,141.5824737548828,141.5824737548828,0
2018-01-04,146.28286743164062,146.42529580037225,142.5794951155721,143.14924771200631,9368400
2018-01-05,150.6984405517578,150.84088199206988,148.13457286917307,148.56188414960386,14234400
2018-01-08,150.6984405517578,150.6984405517578,150.6984405517578,150.6984405517578,0
2018-01-09,156.9656524658203,157.67783345527903,152.4076576198762,152.4076576198762,17545200
2018-01-10,156.82325744628906,158.10519143086364,155.54132346171448,156.11107624613882,12419400
2018-01-11,157.96270751953125,157.96270751953125,153.9744782219844,155.25641186201804,9793800
2018-01-12,159.24465942382812,159.67197068618233,157.53541437441137,158.24760850533823,14280600
2018-01-15,159.8144073486328,163.232897345395,159.2446546690043,160.8114712778566,9671400
2018-01-16,162.6631622314453,163.0904735271851,159.24467186552698,161.52366978964116,9709800
2018-01-17,161.09634399414062,162.5207191985718,160.38416291217737,161.5236552514195,8010000
2018-01-18,160.52658081054688,164.94213452728283,160.09926958120158,164.08751206859225,14081400
2018-01-19,163.09046936035156,163.66022208694983,160.8114845349695,160.95391293623996,8140800
2018-01-22,165.79673767089844,165.93917907758728,163.51774036638875,164.65724553889476,10787400
2018-01-23,167.6484375,168.6454883068172,167.07868486717348,167.50599608166752,11992800
2018-01-24,166.08163452148438,168.07576237823844,164.65727238437938,167.2211398797737,9366600
2018-01-25,161.95094299316406,164.94212135979242,160.5265679955544,164.372368752648,14338200
2018-01-26,160.24172973632812,164.65728396923097,159.81441845703125,163.51777853076905,13560600
2018-01-29,159.67196655273438,160.81147191651692,157.67785172687164,159.38709673204096,14596800
2018-01-30,153.4047393798828,158.10516314918283,152.83498669737523,157.6778518974283,20748000
2018-01-31,152.12277221679688,155.54126148009567,151.98033081732552,154.25932800635863,15997200
2018-02-01,155.1139678955078,155.1139678955078,152.12278945124183,152.97741186388924,8563800
2018-02-02,153.11988830566406,154.4018222178775,152.12282424932934,154.11693932149268,8880000
2018-02-05,127.76605224609376,132.1816057786906,126.91142982304297,131.7542945671652,74299800
2018-02-06,121.07152557373048,124.20513272358043,117.7954639527448,123.49295165143354,45617400
2018-02-07,119.64715576171876,125.48707211277714,119.5047143246912,125.34464371625468,35171400
2018-02-08,120.07445526123048,121.0715191416696,118.08034054085604,119.504702609479,24265200
2018-02-09,114.9467315673828,114.9467315673828,112.8101752185467,113.66479775808114,27611400
2018-02-12,114.9467315673828,114.9467315673828,114.9467315673828,114.9467315673828,0
2018-02-13,112.24040985107422,117.36814450986192,111.95554005019832,117.08327470898602,22914000
2018-02-14,109.10680389404295,112.81017024207392,108.53705773290446,111.95554774024002,20380800
2018-02-15,108.53704833984376,109.96142339979951,107.82486080986588,109.24923586982165,24643800
2018-02-16,108.82191467285156,109.1067844425082,103.69418057601958,106.40048250926388,33817200
2018-02-19,110.53117370605467,111.10092639336835,109.24924646022968,109.81899262729104,16416600
2018-02-20,109.8189926147461,109.9614340466844,108.2521825051909,109.67655118280778,15205200
2018-02-21,109.53412628173828,110.53117721556411,107.6824397695538,108.9643735763342,21424200
2018-02-22,108.39461517333984,108.67948497367988,106.54292886987064,107.8248625321562,18034800
2018-02-23,111.5282211303711,112.66771329572455,108.25216648441432,108.53704278587838,21214800
2018-02-26,110.81604766845705,113.23747357415154,110.67360624794432,112.9526037736297,16970400
2018-02-27,110.81604766845705,112.66772093260433,110.67360624794432,112.38285113208248,16804800
2018-02-28,112.24040985107422,113.66478493646088,111.10091760706705,111.24335902775678,23364600
2018-03-01,109.96144104003906,111.24337488749867,109.53412975755252,111.10093344650136,13994400
2018-03-02,106.4005126953125,107.68244658320782,105.83076647411,106.8278239912776,17829600
2018-03-05,103.12445068359376,105.8307597324774,102.69713941484925,105.54588337989688,15749400
2018-03-06,105.26101684570312,107.68244976786922,105.11858191625328,105.26101684570312,13761000
2018-03-07,104.12149810791016,105.5458666039115,103.40931059978374,104.26393300143484,13659000
2018-03-08,105.68832397460938,106.9702578497202,104.83370139120215,104.83370139120215,12684600
2018-03-09,108.67948150634766,109.8189802321084,105.40343326519438,105.8307444723232,32975400
2018-03-12,109.39168548583984,110.38874946600936,108.53706294298172,110.24630802869795,13731600
2018-03-13,109.53412628173828,109.8189961141878,106.97025214792497,108.1097510384806,11428200
2018-03-14,108.96437072753906,109.2492470727932,107.39756060901972,107.6824369542739,8796000
2018-03-15,107.68244171142578,108.82194062253038,105.83076168610188,108.53706426469108,12993600
2018-03-16,107.68244171142578,109.53412825700232,107.68244171142578,108.10975298805845,13239000
2018-03-19,105.83075714111328,108.25218325787304,105.26100444990315,106.6853796576761,11838000
2018-03-20,105.26101684570312,106.40051584206124,104.26395929904795,104.4063942284978,12330600
2018-03-21,105.26101684570312,105.26101684570312,105.26101684570312,105.26101684570312,0
2018-03-22,104.40636444091795,105.83073941004866,103.55174206754006,104.97611703667076,15055800
2018-03-23,99.5635223388672,101.41520226903384,99.13621108419392,100.56057975968731,20394600
2018-03-26,99.9908218383789,99.9908218383789,97.4269546117538,98.5664533303377,13871400
2018-03-27,103.12445068359376,103.55176195233828,100.41814815496262,101.27277069245169,13014600
2018-03-28,102.54914855957033,102.83679955982036,100.82321622243258,100.9670417225576,11766600
2018-03-29,101.68617248535156,103.69975562658828,100.8232064008476,103.1244470982219,14280600
2018-03-30,103.84358978271484,104.85038137355856,102.83679160796228,103.12444916987856,13294800
2018-04-02,102.98062133789062,105.28186202913716,102.98062133789062,103.9874129058281,8394000
2018-04-03,101.25469970703124,101.68618279302156,100.6793845364379,101.3985252077249,18871800
2018-04-04,100.82320404052734,102.26147861972696,100.535546491124,102.11765313697958,11488800
2018-04-05,101.39850616455078,102.26147217446186,100.67936562832216,101.82998916950632,14313600
2018-04-06,101.39850616455078,102.1176467007794,100.96702315959526,101.54233163823324,12442200
2018-04-09,99.24109649658205,100.82320312812024,98.23430495864416,100.39172009987422,15679200
2018-04-10,101.54232788085938,101.82998540148824,97.3713300432342,98.52194695793388,23218200
2018-04-11,102.26148986816406,103.2682815259568,101.5423492075068,101.68618128998382,14346000
2018-04-12,99.6725845336914,101.54234222208252,99.52875904501788,101.398516733409,12354600
2018-04-13,102.69297790527344,103.41211860064718,100.2479048081304,100.6793879085727,13294800
2018-04-16,102.83679962158205,103.98742337500136,101.83000795228348,102.69297412137064,9120000
2018-04-17,102.26148986816406,102.98063052882134,101.25469821037132,102.4053153667318,8892000
2018-04-18,104.85037994384766,105.13803750184152,102.54913923162306,103.12444776370202,8815200
2018-04-19,107.29546356201172,108.44608074236208,105.56953120757672,105.71335670914316,13225200
2018-04-20,106.43248748779295,107.15162151266338,105.13803834233566,107.15162151266338,12068400
2018-04-23,107.29546356201172,108.30225524079566,105.71335670914316,106.7201483879271,9387000
2018-04-24,108.7337417602539,109.0213993563726,107.15163485746552,107.87077555580744,10099800
2018-04-25,108.15841674804688,108.15841674804688,106.432484600918,107.43927615877362,11280000
2018-04-26,107.58311462402344,109.16522147775784,107.29546362073312,108.87756389055812,11910000
2018-04-27,107.8707504272461,108.87754190326434,106.57630142211912,108.58989095806376,12837600
2018-04-30,107.8707504272461,107.8707504272461,107.8707504272461,107.8707504272461,0
2018-05-01,107.29546356201172,107.8707721521869,106.43249738479422,106.86398047340298,9487800
2018-05-02,108.01458740234376,108.58990252182656,107.72693642651114,108.15841947416884,6980400
2018-05-03,108.01458740234376,108.01458740234376,108.01458740234376,108.01458740234376,0
2018-05-04,108.01458740234376,108.01458740234376,108.01458740234376,108.01458740234376,0
2018-05-07,107.00779724121094,107.8707633479949,106.28865662425468,107.8707633479949,7315200
2018-05-08,108.30224609375,108.73372914591631,106.4324883956655,106.57631388508466,9067200
2018-05-09,106.86397552490234,108.3022502256935,106.43249245627408,108.15842473078712,8668200
2018-05-10,106.86397552490234,108.15842473078712,105.85717730883032,106.43249245627408,9448800
2018-05-11,106.86397552490234,107.72694166215886,106.43249245627408,106.86397552490234,10090800
2018-05-14,116.0689468383789,118.226362207122,113.76769938911346,115.06214861035932,35066400
2018-05-15,113.62386322021484,116.35658016038944,112.18558213688014,116.35658016038944,15768600
2018-05-16,111.61028289794922,113.04856418525318,110.02818269938764,112.76091319491972,17309400
2018-05-17,115.92511749267578,116.64426474443468,112.473252821253,112.473252821253,18580200
2018-05-18,116.50042724609376,117.075742387199,115.92511210498849,116.35659516886292,14297400
2018-05-21,120.81526947021484,122.68503398224128,117.0757536139813,117.21957253718531,30211800
2018-05-22,118.65785217285156,120.38378456809303,117.65105388635432,120.0961335581592,14503800
2018-05-23,115.0621337890625,117.5072130038966,115.0621337890625,117.36338094190144,13676400
2018-05-24,111.03498077392578,114.34301324585384,109.88435706235,114.34301324585384,18393600
2018-05-25,108.7337417602539,111.17880828357912,108.15843315192616,111.17880828357912,16286400
2018-05-28,110.4596710205078,110.89115411043169,109.02139624873143,109.5967048406601,11196600
2018-05-29,109.59669494628906,111.1787950772385,108.4460712824004,110.45966104822834,11806200
2018-05-30,106.86397552490234,107.58310958334336,105.85717730883032,107.58310958334336,12052800
2018-05-31,106.72013854980467,108.87755379396454,105.13803842669334,108.0145876963006,20224200
2018-06-01,108.44608306884766,109.1652237599264,105.85718448165572,105.85718448165572,13311600
2018-06-04,111.03498077392578,111.61028275384996,109.16521641962647,110.45966562618332,12339600
2018-06-05,111.61028289794922,112.61708111584385,111.03498091728224,111.32263190761572,10491600
2018-06-06,112.04175567626952,112.6170707719118,110.60348768888944,111.17878961671464,8450400
2018-06-07,112.04175567626952,114.05535192710896,112.04175567626952,113.33620476560183,9568800
2018-06-08,108.7337417602539,111.46647246360746,108.58991625414936,110.89115727137003,16277400
2018-06-11,111.17878723144533,111.7541023147446,109.3090296704937,109.3090296704937,15723600
2018-06-12,112.32942199707033,113.6238711116288,110.74730874517616,112.76090503525649,13506600
2018-06-13,112.76092529296876,113.19240840867168,111.46647594586,112.76092529296876,7731600
2018-06-14,110.60350036621094,112.32943268314624,110.45966828386014,112.32943268314624,9922800
2018-06-15,108.7337417602539,111.32264037359327,108.58991625414936,111.17880828357912,11146800
2018-06-18,106.00100708007812,108.5899054354892,105.42569194515858,108.158422376254,8902200
2018-06-19,104.1312484741211,106.14483838887163,103.1244568087005,105.13804672345104,15379200
2018-06-20,104.1312484741211,104.41890605734528,100.82321589463513,103.1244568087005,13866600
2018-06-21,102.83679962158205,104.13124887521276,101.97383345249489,103.1244572059142,16372800
2018-06-22,100.82320404052734,101.54233803817289,99.5287549440751,100.96702952327472,22612200
2018-06-25,98.95344543457033,101.68617584848673,98.95344543457033,100.96703522631256,14770800
2018-06-26,100.10405731201172,100.39171484375125,97.22750174634083,98.09046775765128,13990800
2018-06-27,99.6725845336914,101.11085917215313,99.09727599508848,100.5355506335502,7144800
2018-06-28,100.39173126220705,100.82321433842868,98.8096244547579,99.81641610463866,7012800
2018-06-29,101.39850616455078,101.54233163823324,99.38491661345556,100.39171468095726,6114000
2018-07-02,99.09728240966795,102.40531495065018,98.95345032777534,100.96704021908874,9169800
2018-07-03,98.3781280517578,100.24788560079546,96.93985352049104,99.67257710507042,10666800
2018-07-04,98.52196502685548,99.5287632417493,97.802830969256,98.9534480949788,9803400
2018-07-05,95.07010650634766,98.37814576622264,94.63862341088176,98.37814576622264,19340400
2018-07-06,95.35774993896484,95.93305845285936,94.20712632726725,94.9262669075668,18430800
2018-07-09,97.08367919921876,97.65898769613356,95.78923014322916,95.78923014322916,8461800
2018-07-10,99.52875518798828,100.39172125440464,97.51516550504728,98.52195705456349,9961200
2018-07-11,97.08367919921876,98.66578579561993,96.07688768364076,98.52195373345994,8841600
2018-07-12,95.93307495117188,97.08369876075066,95.0701087399652,97.08369876075066,9924600
2018-07-13,98.52196502685548,99.67258873648736,97.2275158224855,97.3713479011327,15942600
2018-07-16,98.52196502685548,98.52196502685548,98.52196502685548,98.52196502685548,0
2018-07-17,98.95344543457033,99.81641154761571,97.37134528325969,98.37813688717635,11319600
2018-07-18,98.95344543457033,100.53555216978988,98.95344543457033,99.81641154761571,6218400
2018-07-19,100.82320404052734,101.2546870726781,99.5287549440751,99.8164059095699,9040800
2018-07-20,98.3781280517578,100.67936861856631,97.94664503398695,100.24788560079546,11576400
2018-07-23,96.65221405029295,98.09048885045246,96.65221405029295,97.37135474232753,10969800
2018-07-24,99.52875518798828,99.96023822119643,97.51516550504728,97.8028230551556,9137400
2018-07-25,101.39850616455078,101.54233163823324,100.39171468095726,100.53554015463972,8718600
2018-07-26,103.26828002929688,103.41211210968936,100.96703916601832,102.26148838609548,13159200
2018-07-27,104.70655822753906,104.85038371976113,103.41210904581362,104.27507516696392,12692400
2018-07-30,102.54914855957033,104.27508089670803,102.2614909754109,103.69976572838922,10141800
2018-07-31,103.12445831298828,103.69976690391938,102.26149213463692,102.98063281123288,11127000
2018-08-01,105.13803100585938,106.57630553914696,102.40530083353208,103.55592441050716,21640200
2018-08-02,101.68617248535156,104.99420475334422,101.398514929214,104.2750707388634,11747400
2018-08-03,100.67938995361328,101.54235617202684,99.52877271833502,101.3985306635945,10537800
2018-08-06,98.95344543457033,100.82320973544132,98.80961994369906,99.5287605658732,9031200
2018-08-07,97.8028335571289,99.24110829429384,96.9398673980481,98.09048455421632,12268200
2018-08-08,98.23431396484376,98.80962252728034,97.37134782923432,98.09048188630275,13330200
2018-08-09,97.8028335571289,98.80962521475342,97.5151759761322,98.23431663666932,8470200
2018-08-10,95.50157928466795,97.51516904061488,95.213928308039,97.51516904061488,14062200
2018-08-13,92.33736419677734,95.0700877338216,92.0497066619644,94.92626225836923,15087000
2018-08-14,94.92627716064452,94.92627716064452,92.62503627259866,92.9126872686611,10203600
2018-08-15,93.77564239501952,94.92626599566374,92.76885085939864,93.91947446004286,13075200
2018-08-16,91.61823272705078,92.04971578005716,90.03613258863334,91.61823272705078,19401000
2018-08-17,92.04972076416016,93.05651899829483,91.76206976918677,92.76886141941218,12708000
2018-08-20,92.19355010986328,93.91948236412652,92.19355010986328,92.3373756030822,7447800
2018-08-21,90.6114501953125,91.47441638764882,89.8923095070624,91.47441638764882,9692400
2018-08-22,93.34416198730467,93.63181954151548,90.32378071177192,90.61143826598273,10240200
2018-08-23,92.19355010986328,93.77565028699853,92.04971803273531,93.4879993005607,10402800
2018-08-24,91.47440338134766,92.19354396734666,90.61143731171232,92.19354396734666,8730600
2018-08-27,94.35096740722656,94.92627597608156,92.1935520441338,92.1935520441338,10632600
2018-08-28,95.07010650634766,96.0769047850411,94.92628100249554,95.50158960181356,8091000
2018-08-29,96.93984985351562,97.37133285496463,95.0700857912978,95.0700857912978,9822600
2018-08-30,97.22750854492188,98.80961520425504,96.65220002512282,97.80282364862956,8117400
2018-08-31,98.66580200195312,99.0972850914895,95.78924587707418,95.78924587707418,14997000
2018-09-03,89.60466003417969,93.0565248626693,88.4540362300466,91.3305924484245,42319200
2018-09-04,87.4472427368164,89.46082612318568,86.44044445972223,89.31700061956204,23044800
2018-09-05,88.16636657714844,88.7416816925011,86.15278342514038,86.72809195658428,25312800
2018-09-06,88.02252960205078,89.02932104665396,87.44722114569295,87.8787041339383,11851200
2018-09-07,86.44044494628906,87.15958563627439,85.7213108402133,87.15958563627439,18681000
2018-09-10,85.2898178100586,86.15278390397518,85.00216025078346,85.43364329774175,13001400
2018-09-11,85.86512756347656,86.440436106284,85.1459869470356,86.29661061655935,10916400
2018-09-12,83.27622985839844,85.72130270518117,82.26943825509211,85.57747063048816,19213800
2018-09-13,83.995361328125,84.85832734661975,83.2762207847433,83.56387831887763,10339200
2018-09-14,86.15278625488281,86.58426931361527,84.85833707868545,85.00216257029328,19390800
2018-09-17,86.15278625488281,86.15278625488281,86.15278625488281,86.15278625488281,0
2018-09-18,87.73489379882812,88.16637689387795,85.00216972481573,85.72131041120196,15441600
2018-09-19,86.87191772460938,88.59784990843545,86.58426674991088,88.4540244210862,20212800
2018-09-20,88.45401763916016,88.74167517571222,86.2966025747904,87.0157431242164,17309400
2018-09-21,90.32378387451172,91.04292449326545,89.17316678519646,89.17316678519646,21395400
2018-09-24,90.32378387451172,90.32378387451172,90.32378387451172,90.32378387451172,0
2018-09-25,90.6114501953125,91.3305908835626,89.8923095070624,90.6114501953125,15134400
2018-09-26,91.1932144165039,91.48410408210364,89.59333124253331,90.61144174318972,12478200
2018-09-27,80.28494262695312,83.04837140387542,78.83050747981811,82.75748836917995,83406000
2018-09-28,78.10327911376953,80.86670762661899,77.81238944898554,80.28493495493628,64665000
2018-10-01,77.95783996582031,78.83050232865455,77.23061911082996,78.53961265508131,46484400
2018-10-02,77.95783996582031,80.28493738074978,77.95783996582031,78.39417114723743,45157200
2018-10-03,77.37605285644531,78.68504626938076,77.23061136319185,78.10327363848216,22357200
2018-10-04,75.48530578613281,77.23063077540756,75.33986425632207,77.08518924559682,47184600
2018-10-05,74.61263275146484,75.9216263085081,74.61263275146484,74.75807426073003,26104800
2018-10-08,74.61263275146484,74.61263275146484,74.61263275146484,74.61263275146484,0
2018-10-09,73.44908142089844,74.32174380078193,73.0127502309567,73.88541261084018,26353800
2018-10-10,72.86730194091797,74.03085389180445,72.5764122887251,73.30363309026478,24193800
2018-10-11,71.2674331665039,71.55832287716996,69.8129979289463,70.24932916600221,35748600
2018-10-12,73.15819549560547,73.30363700051774,70.83109146969723,70.97653963249482,31583400
2018-10-15,72.28553771972656,73.15820012013418,71.99464803362878,72.72186891993037,18768000
2018-10-16,73.15819549560547,73.30363700051774,71.55831231002922,71.70375381494149,18563400
2018-10-17,73.7399673461914,74.46718817836806,73.30363617846247,73.88540884947264,17823600
2018-10-18,71.99464416503906,74.03085854253732,71.84920265874825,73.59452736577951,14817000
2018-10-19,70.54021453857422,71.4128769590189,70.10388332835187,70.97654574879657,18186000
2018-10-22,71.41287231445312,71.84920349629726,70.1038787689207,70.1038787689207,14616600
2018-10-23,69.95843505859375,71.26742868749396,69.95843505859375,70.83109747786055,14602800
2018-10-24,69.81299591064453,70.97654806178399,69.81299591064453,70.24932713508606,16273800
2018-10-25,66.46778869628906,68.06767209736003,66.17690564728433,67.92223057285766,25496400
2018-10-26,66.61324310302734,68.06767845761235,65.88602209679144,67.48590564735571,20032800
2018-10-29,67.049560546875,68.50399560149698,66.90411238089298,66.90411238089298,13884000
2018-10-30,68.5040054321289,69.0857782058876,66.03145949235319,66.46779073714382,15187200
2018-10-31,70.83110046386719,71.12199016851437,68.94033402837589,69.5221067797841,16978200
2018-11-01,70.68565368652344,71.26742639468931,69.37666009973596,69.95843280790184,18216000
2018-11-02,72.72187805175781,73.15820930675258,70.54022177678394,71.26743609651751,22932600
2018-11-05,73.15819549560547,73.44907850543001,71.26742264231936,71.99464348265136,15702600
2018-11-06,72.576416015625,73.73996802626151,72.28553300637985,73.30363685450848,13292400
2018-11-07,71.7037582397461,73.44908303793777,71.26742704019817,72.72186881061506,19395600
2018-11-08,72.43096923828125,73.88540415228512,72.14007959232654,72.8673003782709,14877000
2018-11-09,72.43096923828125,72.8673003782709,71.9946380982916,72.57641073231619,10183800
2018-11-12,69.81299591064453,71.12198958396912,69.376664686203,70.97654806178399,16835400
2018-11-13,69.23120880126953,69.52209178529304,67.19499462368125,68.35854653342952,19734600
2018-11-14,71.12197875976562,71.558309917801,69.23121262757405,69.23121262757405,14973000
2018-11-15,70.68565368652344,71.41287456514503,70.10388097835757,70.83109519909348,11687400
2018-11-16,68.94032287597656,71.12197866319102,68.64943321838628,71.12197866319102,16896600
2018-11-19,68.35855102539062,68.9403236895517,67.77677170334438,68.21310286593648,17680200
2018-11-20,67.63133239746094,68.35855324468575,67.04955971441233,67.34044272699394,14866800
2018-11-21,66.61324310302734,66.7586846411198,65.01335955246307,66.46779490704806,25899000
2018-11-22,65.4496841430664,66.90411934917249,65.30424261982164,66.90411934917249,14116200
2018-11-23,65.4496841430664,65.4496841430664,65.4496841430664,65.4496841430664,0
2018-11-26,67.63133239746094,67.92222206792795,65.74056618413888,66.0314491967205,14058000
2018-11-27,69.81299591064453,70.10388561290092,68.21311253506356,69.08577498394662,13735800
2018-11-28,71.2674331665039,71.2674331665039,69.8129979289463,70.39477069239209,13284000
2018-11-29,70.97654724121094,72.43098241990566,70.83109906282124,71.84920968000498,11361600
2018-11-30,71.7037582397461,71.99464792540661,70.83109584065025,71.7037582397461,11950800
2018-12-03,72.86730194091797,73.44907458741872,71.99463964222434,72.14008113937828,15313800
2018-12-04,71.41287231445312,73.1581970418297,70.97654113260899,73.1581970418297,15618000
2018-12-05,68.79489135742188,70.10388501966952,68.50400165762704,69.08577439933065,19329000
2018-12-06,67.77677917480469,68.64944159618796,66.90411675342142,68.64944159618796,17758800
2018-12-07,66.46778869628906,68.50400332875336,65.74057441589099,68.50400332875336,17069400
2018-12-10,65.7405776977539,66.03146076127994,63.8498044954019,65.59512950810434,19122600
2018-12-11,63.849796295166016,65.59512108371621,63.55891326899812,65.59512108371621,20359200
2018-12-12,65.7405776977539,66.61324020410513,63.8498044954019,64.1406942168145,19649400
2018-12-13,66.90410614013672,67.77676842308583,65.30422972665326,66.03144385718761,18521400
2018-12-14,66.32234191894531,66.90411462876364,65.15878984142297,66.61323160279733,21217200
2018-12-17,65.8860092163086,67.48589245410133,65.59511953910477,66.03145072596774,16186800
2018-12-18,65.7405776977539,66.61324020410513,64.1406942168145,65.01335672316571,17580000
2018-12-19,66.46778869628906,66.75867840318003,64.72246377071573,65.44968470900002,17126400
2018-12-20,63.55891418457031,65.74057020168502,63.268024496326426,65.59512202862018,23040000
2018-12-21,60.50458908081055,62.97712785531128,60.06825792555923,62.2499137018158,36127800
2018-12-24,60.50458908081055,60.50458908081055,60.50458908081055,60.50458908081055,0
2018-12-25,58.03205108642578,58.61382381536532,56.432167759484656,57.45027835748624,26361000
2018-12-26,58.4683837890625,59.48648775514882,57.15939012214319,58.032052566756064,23005200
2018-12-27,61.377254486083984,61.66813749899509,60.06826095432783,60.65003363803543,27898200
2018-12-28,63.55891418457031,64.28612841835135,61.37725816745561,61.37725816745561,20083200
2018-12-31,63.55891418457031,63.55891418457031,63.55891418457031,63.55891418457031,0
2019-01-04,60.21369171142578,61.66812648999157,58.75925693285999,61.377243529008936,23075400
2019-01-07,62.97712707519531,64.28612052473437,62.104464775502606,62.54079592534896,17112600
2019-01-08,64.5770034790039,65.3042242059451,63.41345164747484,63.70434126982818,18084000
2019-01-09,64.28611755371094,65.15877981307301,63.55890344283233,64.57700719279319,16547400
2019-01-10,63.268028259277344,64.140690718026,62.68625550607364,63.55891796482229,16085400
2019-01-11,65.1587905883789,65.30423876091513,63.55891395356671,63.70435546821715,18440400
2019-01-15,66.32234191894531,66.61323160279733,63.995244421786325,64.57701713160465,12762600
2019-01-16,65.8860092163086,66.46778191283072,64.28612597851586,66.17689889351243,13285200
2019-01-17,66.03144836425781,67.4858900403712,65.88600685980059,66.6132276978573,11793000
2019-01-18,66.32234191894531,66.61323160279733,65.15878984142297,66.46778343192847,15157200
2019-01-21,67.92223358154297,68.64944789415375,67.19501261104567,67.19501261104567,14011200
2019-01-22,66.17691040039062,68.9403395117342,66.03146220755532,68.0676769862692,12475800
2019-01-23,66.7586669921875,67.19499814899918,65.01334236494077,65.44967352175244,12746400
2019-01-24,66.46778869628906,66.75867840318003,64.57702224621336,65.0133534776067,13894200
2019-01-25,68.79489135742188,68.79489135742188,67.049566474425,67.34044951633378,13186800
2019-01-28,68.94032287597656,70.68564750574812,68.35855021868107,69.66754369100974,15382800
2019-01-29,67.92223358154297,68.79489608298512,66.75868136032459,68.35856483226404,14784600
2019-01-30,67.19501495361328,67.7767877555611,66.32235242174818,67.19501495361328,14174400
2019-01-31,69.23120880126953,69.8129814272013,68.35854653342952,68.35854653342952,12690600
2019-02-01,68.94032287597656,70.10387484845263,68.64943321838628,69.52209553327205,11437200
2019-02-04,68.21310424804688,69.52209776234555,67.92222123901516,68.64943541947977,13568400
2019-02-05,70.68565368652344,74.61263444688585,69.52210161230602,70.54021217395339,53061000
2019-02-06,71.7037582397461,72.28553761106714,70.24932312721494,70.68565432676286,16856400
2019-02-07,70.97654724121094,71.99465120050864,70.68565754231757,70.68565754231757,14826600
2019-02-08,67.049560546875,70.24932033019753,66.75867087279642,69.8129891480224,18327600
2019-02-12,69.81299591064453,70.10388561290092,67.3404500861805,67.3404500861805,14594400
2019-02-13,71.84919738769531,72.14008037893696,70.24931430432665,70.39475579994748,14860200
2019-02-14,71.7037582397461,72.14008943929402,70.97654401242339,71.5583167258587,9216000
2019-02-15,70.39476013183594,70.97653946589004,69.5220977886401,70.83109130343385,11332200
2019-02-18,71.2674331665039,71.849212587836,70.68566040305812,71.41288135078008,13779000
2019-02-19,70.83110046386719,71.70376291992258,70.54021741710616,71.70376291992258,9885000
2019-02-20,71.7037582397461,71.99464792540661,71.12198552631078,71.26742704019817,12808800
2019-02-21,70.83110046386719,72.14009414795026,70.54021741710616,71.84921110118925,11587800
2019-02-22,70.97654724121094,70.97654724121094,69.66755358301987,70.68565754231757,12755400
2019-02-25,71.99464416503906,72.86730651855468,71.55831298828126,71.55831298828126,14846400
2019-02-26,71.41287231445312,72.72186585998556,71.1219826405952,72.43097618612764,11698200
2019-02-27,70.54021453857422,71.99464968668673,70.39476636324284,71.12198726624204,10593600
2019-02-28,68.5040054321289,70.83110318505013,68.5040054321289,70.68566165608205,15509400
2019-03-01,68.94032287597656,69.52209553327205,67.6313294036479,68.06766056109079,18574800
2019-03-04,70.83110046386719,71.41287987316156,69.9584380078118,69.9584380078118,12738000
2019-03-05,69.81299591064453,70.83109988171273,69.52210620838814,70.3947686572712,9235800
2019-03-06,69.81299591064453,70.3947686572712,69.23122316401786,69.52210620838814,9786000
2019-03-07,68.5040054321289,69.52210945067823,68.06767418733827,69.52210945067823,10919400
2019-03-08,65.4496841430664,67.77678180441337,65.15879443869072,67.63134028116862,17715600
2019-03-11,66.46778869628906,66.61323687867765,65.30424318449765,66.17690564728433,5852400
2019-03-12,67.049560546875,67.6313332371467,66.61322936469986,67.48589172905014,9616800
2019-03-13,61.52269744873047,65.44967813694731,60.94092475125279,65.44967813694731,33054000
2019-03-14,61.52269744873047,63.12258068915104,61.08636626115082,61.81358712641209,17001600
2019-03-15,61.668155670166016,62.68626648900813,61.52271412085458,61.813603877364805,18636000
2019-03-18,63.268028259277344,63.70435948865167,62.10447609498375,62.10447609498375,12359400
2019-03-19,63.41347122192383,63.84980246119827,61.81359444984176,62.54080874337494,12179400
2019-03-20,63.12258529663086,63.84979955708781,62.54080589880205,62.68625407720227,15618600
2019-03-22,63.12258529663086,63.70435803657363,62.395364378287866,63.70435803657363,10282800
2019-03-25,60.3591423034668,61.52269429669463,59.92281113824202,61.23180463391637,13663200
2019-03-26,62.24991226196289,62.54079525347888,60.94091882648623,61.37724997164512,10829400
2019-03-27,61.6612663269043,62.39707644302467,60.631121385801485,62.10275509121009,17216400
2019-03-28,60.04248046875,60.63112999252317,59.600991641773895,60.63112999252317,13144200
2019-03-29,61.36693954467773,61.51410022371728,60.77829009193547,61.51410022371728,15535800
2019-04-01,63.7215576171875,64.01588577432209,62.24993030468561,62.24993030468561,13267800
2019-04-02,65.19316864013672,65.34032929843431,64.01586316400659,64.16302382230418,11046000
2019-04-03,65.78181457519531,66.07614261300566,64.45734850992292,64.75167654773327,8482200
2019-04-04,66.51763916015625,67.10628856874015,65.92898301498879,66.07615041957243,9424800
2019-04-05,67.54777526855469,67.69493593210872,66.81195847761781,67.25344720486326,17245200
2019-04-08,66.95913696289062,68.2836033638934,66.66480885047297,67.69494713905807,8241000
2019-04-09,67.10628509521484,67.4006131525637,66.37046832013431,66.66479637748317,5896800
2019-04-10,67.10628509521484,67.10628509521484,66.07614699936867,66.37046832013431,7642800
2019-04-11,66.66478729248047,66.95911530971864,66.07613799458645,66.66478729248047,8211000
2019-04-12,66.81197357177734,67.54779052894997,66.22332404799018,66.81197357177734,14150400
2019-04-15,67.54777526855469,68.28359205949157,67.25344720486326,67.98926399580014,16606200
2019-04-16,67.25344848632812,67.84210462492739,67.10628781997006,67.54777655562775,8097600
2019-04-17,70.3438720703125,70.3438720703125,67.4006182217934,67.84210697272964,21669000
2019-04-18,70.78535461425781,71.81549943383402,70.19670524348793,70.19670524348793,21327000
2019-04-19,71.52118682861328,71.66834751894643,70.63820921344521,71.52118682861328,10077000
2019-04-22,70.3438720703125,71.6683383231212,70.04955072741082,71.6683383231212,12107400
2019-04-23,69.16657257080078,70.49103881107196,68.87224449410152,70.3438714044305,9789600
2019-04-24,68.28359985351562,69.90238754713165,68.13643243658025,69.90238754713165,11323800
2019-04-25,68.57792663574219,68.87225475629732,67.84211643923135,68.43076594375695,11056200
2019-04-26,67.40061950683594,68.1364296147026,66.51764198812884,68.1364296147026,13053000
2019-05-07,64.3102035522461,66.66480821954973,64.01587544261398,66.51764753302588,15663600
2019-05-08,62.10274887084961,63.42721503110529,61.95558147309903,63.28004763335471,14157000
2019-05-09,61.51409912109375,62.8385654184612,61.51409912109375,62.544244065657736,19824600
2019-05-10,62.10274887084961,62.69139825210216,60.92544337176125,61.661260150764384,18826800
2019-05-13,60.92544174194336,61.80841915849327,60.77828108471274,61.21976979298769,12630000
2019-05-14,61.51409912109375,61.51409912109375,59.15949461574626,60.1896328237263,16971000
2019-05-15,59.89531326293945,61.51410096154312,58.71800760674975,61.51410096154312,28065000
2019-05-16,58.42367935180664,59.45382432442783,57.98219057399303,59.45382432442783,21547200
2019-05-17,58.42367935180664,59.01233554661421,58.12935799098699,58.276518671396815,18012000
2019-05-20,56.51056289672852,58.12935730856907,56.21623480278004,57.9821898933028,19901400
2019-05-21,55.48042297363281,56.21623649405706,54.3031206672956,56.21623649405706,19533600
2019-05-22,56.363399505615234,56.80489165167528,55.92191072784725,56.06907477653393,16774200
2019-05-23,54.59744644165039,55.92191282461462,54.30312170153351,55.92191282461462,14892600
2019-05-24,54.89176559448242,55.627582422316095,53.56729934633204,54.30311617416571,15040200
2019-05-27,54.30311965942383,55.77474667295876,54.30311965942383,55.62758599258051,12075000
2019-05-28,54.30311965942383,54.74460843714272,53.86163088170493,54.5974443884724,15360000
2019-05-29,53.27297592163086,54.00878939892758,52.38999840155802,53.8616287244434,15460800
2019-05-30,54.155948638916016,54.45027333007432,52.9786465059912,52.9786465059912,10244400
2019-05-31,52.684329986572266,53.861635745667,52.390005230944766,53.42014692807957,15856200
2019-06-03,50.6240463256836,52.24283741784084,50.47688227429035,51.94851268334647,19669800
2019-06-04,53.27297592163086,53.56730063889116,51.35985683870906,51.507020881485175,19710000
2019-06-05,55.77474594116211,56.06907403464099,54.45027962538319,54.89176839730949,19803600
2019-06-06,53.71446228027344,54.450275724674405,53.56729824407653,54.450275724674405,13944600
2019-06-07,54.30311965942383,54.74460843714272,53.71446683303461,54.15595561075351,10293600
2019-06-10,54.744606018066406,55.18609477627662,54.303117259856194,54.45027793373165,12285000
2019-06-11,55.48042297363281,55.92191175954578,54.89177013631814,55.33325892223111,9085800
2019-06-12,55.03893280029297,55.33325752738487,54.00879120303323,54.45027997781712,10228800
2019-06-13,54.30311965942383,54.89176911752097,53.56730278436429,54.45028033980208,12366600
2019-06-14,54.89176559448242,55.33325434386589,54.45027684509896,55.038929633707525,13701000
2019-06-17,54.155948638916016,54.45027333007432,53.71445991803276,54.303112668640985,7708800
2019-06-18,53.86162567138672,54.45027507254071,53.56729760251798,53.86162567138672,9865200
2019-06-19,56.06907272338867,56.51056148499016,54.30311767698273,54.450278351988594,15850200
2019-06-20,56.51056289672852,56.95205166935921,55.48042130449289,56.95205166935921,12497400
2019-06-21,56.6577262878418,58.276520777180494,56.36340154809485,58.12936009145312,23764800
2019-06-24,57.09920883178711,57.09920883178711,55.6275819258378,56.2162313409008,8368800
2019-06-25,57.09920883178711,57.835025653053584,56.95204816216727,57.393536907610425,11382600
2019-06-26,57.98218536376953,58.27651343472528,56.2162304112021,56.657719149343954,10813200
2019-06-27,59.15950393676758,59.30666463635558,58.12936556648155,58.42368696565756,11700600
2019-06-28,59.600982666015625,59.89531075186959,59.01233323089158,59.159493905526624,14827800
2019-07-01,61.95559310913086,62.10276053452132,60.77829412551435,61.366943617322605,15809400
2019-07-02,61.95559310913086,62.24992122332725,60.92545481432028,61.21978292851667,9447600
2019-07-03,61.36693954467773,61.80842831838045,60.63112267631185,61.36693954467773,12457800
2019-07-04,62.39707565307617,62.54424306370425,61.36693746159887,61.514098135643096,11026800
2019-07-05,62.10274887084961,62.69139825210216,61.80842081193171,62.544237590934834,7921800
2019-07-08,62.10274887084961,62.39707019318426,61.07260403292858,62.10274887084961,11789400
2019-07-09,61.80841445922852,62.83855245468814,61.366925784519744,62.10274248789522,13953600
2019-07-10,60.77828979492188,61.36693924478751,60.77828979492188,61.21977856646711,9843600
2019-07-11,60.63112258911133,60.77829000452329,60.04247313721567,60.63112258911133,10819200
2019-07-12,60.04248046875,62.10276390683344,60.04248046875,61.95559647345148,16578000
2019-07-16,60.33679962158203,60.92544905777167,60.04247153519527,60.04247153519527,9822600
2019-07-17,59.74814987182617,60.18963868057509,59.012339681634366,59.895317299132216,14507400
2019-07-18,57.39353561401367,59.159490555983325,57.09920754482423,59.012329889680345,14568000
2019-07-19,58.570838928222656,58.86516024964303,56.95204471407772,57.0992053747879,13005000
2019-07-22,59.012332916259766,59.60098234824535,58.71800483197505,58.86516550582549,9342000
2019-07-23,60.33679962158203,60.63112097138491,59.15949401261887,59.30665468752031,10202400
2019-07-24,62.39707565307617,62.54424306370425,61.36693746159887,61.36693746159887,16686600
2019-07-25,62.39707565307617,63.13289249646502,62.102754304987705,63.13289249646502,13963200
2019-07-26,60.92544174194336,61.95557981572389,60.48395303366841,61.95557981572389,10711800
2019-07-29,60.48395919799805,61.36693670453816,60.04247044472798,61.36693670453816,10319400
2019-07-30,60.92544174194336,62.10274720953759,60.63111369089904,60.63111369089904,10541400
2019-07-31,59.15950393676758,61.07261997775163,58.865175801006565,60.631131142402616,20865600
2019-08-01,59.45382308959961,59.45382308959961,57.3935399237325,57.98218936972996,15126000
2019-08-02,53.56729888916016,55.77474261723796,53.27297418151372,54.74460445632953,35292000
2019-08-05,52.24283599853516,53.12581354632214,51.80134722464167,52.978652867219,19429200
2019-08-06,51.948509216308594,52.24283393115977,49.74106543419503,50.03539014904621,22759200
2019-08-07,50.6240463256836,52.09567673473972,50.18255753979597,51.94851268334647,22838400
2019-08-08,49.88823318481445,51.06553550004012,49.74106913230169,50.47688265828121,16224000
2019-08-09,50.18255233764648,50.77120511390496,49.888227633663135,50.77120511390496,15538200
2019-08-13,48.26943206787109,49.29957355707948,48.12227140390682,49.15240952482351,22268400
2019-08-14,49.29957580566406,50.035389263921424,49.005251096019485,49.44673984463227,18907800
2019-08-15,48.26943206787109,48.41659610012706,47.38645461091868,47.680782675430606,15610200
2019-08-16,47.680789947509766,47.975114688619215,47.38646183810811,47.53362589280894,14513400
2019-08-19,48.85809326171875,49.005257319375865,48.269440399382574,48.5637685146968,8362800
2019-08-20,48.85809326171875,49.1524180087407,48.5637685146968,48.85809326171875,7903200
2019-08-21,49.15240859985352,49.741061349508186,48.71091987968542,49.00524793865857,9739800
2019-08-22,48.71092224121094,49.44673905602488,48.56376157288158,49.29957501940373,10113600
2019-08-23,49.15240859985352,49.59389732002161,48.71091987968542,49.29957262934009,7635000
2019-08-26,47.38645935058594,48.12227621717162,47.09213462492688,47.97511217019608,16812000
2019-08-27,48.41659927368164,48.71092398919394,47.68078580075496,47.82794647436514,9072600
2019-08-28,47.82794952392578,48.26943830948997,47.82794952392578,47.97511357521122,6008400
2019-08-29,47.680789947509766,48.56376753913032,47.38646183810811,48.41660348442949,11062200
2019-08-30,49.74106597900391,50.03539069707879,48.41659969522902,48.56376373841243,13132800
2019-09-02,49.88823318481445,50.3297219740606,49.44674439556831,49.74106913230169,6981600
2019-09-03,50.47687911987305,50.62404316206968,49.4467409293724,49.74106564547374,6781200
2019-09-04,49.88823318481445,50.18255792154783,49.29958034305554,49.88823318481445,6843600
2019-09-05,51.80134963989258,52.2428384343706,50.03539446198051,50.03539446198051,13188000
2019-09-06,52.24283599853516,52.83148881982383,51.94851127203684,52.83148881982383,11261400
2019-09-09,53.42014694213867,53.71447169784364,52.0956804890278,52.39000524473276,15130800
2019-09-10,55.77474594116211,56.21623471308841,54.30311894693577,54.45027962538319,15796200
2019-09-11,58.129356384277344,58.71800582623037,56.95205076378735,56.95205076378735,21397200
2019-09-12,58.86516189575195,59.306650626811546,57.98218443363275,58.12935183504157,17269800
2019-09-13,60.18962478637695,60.48395283646163,58.2765093022842,59.45381476603985,21657600
2019-09-17,60.63112258911133,61.21977877759105,59.01233491225224,59.15949559108014,14436600
2019-09-18,58.129356384277344,59.15949459184112,57.099211440129615,59.01233391549885,26035800
2019-09-19,57.98218536376953,60.04246838729272,57.835024696583424,58.71800217286714,19127400
2019-09-20,58.71800231933594,58.86516298688913,57.54069676915975,57.83502484084968,12374400
2019-09-24,59.74814987182617,61.21978372537899,57.83503394610904,58.4236834455794,14761200
2019-09-25,59.74814987182617,59.895317299132216,58.4236834455794,58.57085087288544,10552800
2019-09-26,61.80841445922852,63.13288048335484,61.21976513847767,61.21976513847767,25235400
2019-09-27,61.80842590332031,62.106300118919286,60.61694267641986,61.21268428987008,14428800
2019-09-30,61.65948486328125,62.850974766071886,61.361610683146864,61.65948486328125,12459600
2019-10-01,62.10630035400391,62.99991618643561,61.95736665451453,62.25523405349328,12406800
2019-10-02,61.51055908203125,61.80842648267453,60.46800272653642,60.61694324460584,12109800
2019-10-03,61.21268081665039,61.21268081665039,59.574382950434966,59.7233234586574,10060200
2019-10-04,61.063751220703125,61.80842654075891,60.91481070249373,61.063751220703125,9707400
2019-10-07,61.21268081665039,62.25523028547075,60.91480661795286,61.51055501534792,8995800
2019-10-08,62.55309677124024,63.59564611151208,61.65948110307966,61.65948110307966,15621000
2019-10-09,62.55309677124024,63.148838277431786,61.5105474309684,61.5105474309684,11263800
2019-10-10,63.29778671264648,63.59565409425836,62.5531046231221,63.1488462040932,14241000
2019-10-11,64.93607330322266,65.08501380154276,63.89352390371634,64.04245758428956,19865400
2019-10-15,66.1275634765625,68.21266910200939,65.97862979536876,66.72330501908436,25370400
2019-10-16,66.57437133789062,68.51053646439686,66.42543765669689,68.21266910200939,18636600
2019-10-17,66.42545318603516,66.72332061805986,65.82970468648875,66.42545318603516,8046000
2019-10-18,67.31905364990234,67.76586151302615,66.42543792365474,66.42543792365474,10279800
2019-10-21,68.06372833251953,68.36160251146988,67.31905311176396,67.76586097131606,8010000
2019-10-23,69.2552261352539,69.55310034820315,67.46799449305381,68.36161031415386,13386600
2019-10-24,71.19139099121094,71.34033150554713,69.55309987549373,69.55309987549373,13927800
2019-10-25,72.38288879394531,72.53182250653525,70.44672325928263,70.59565697187259,16418400
2019-10-28,72.97862243652344,73.72330455307645,72.38288083392959,72.38288083392959,11508600
2019-10-29,75.2126693725586,75.36160990117983,73.12757014934395,73.7233118105841,16870200
2019-10-30,74.02117919921875,74.46798710823265,72.38288126025189,74.31904659339625,16475400
2019-10-31,75.51053619384766,76.25521831055097,74.17011247443024,75.06372828737518,18235200
2019-11-01,70.44671630859375,71.3403321314607,68.06373623578344,71.04245791792249,34749600
2019-11-05,70.29778289794922,72.53182268091103,70.14884918500121,71.19139881113395,23953800
2019-11-06,70.59564971923828,70.89352393156445,68.06373595883495,69.10629229310273,22369200
2019-11-07,71.34032440185547,71.9360659466366,70.14883449454626,70.59564235756885,14392200
2019-11-08,72.5318374633789,72.9786455110337,71.93609567242243,72.5318374633789,15624000
2019-11-11,72.68074798583984,74.02117157481385,72.53180748634477,72.53180748634477,17788800
2019-11-12,74.17010498046875,74.17010498046875,72.53180721634999,72.97861507767811,10068600
2019-11-13,73.1275634765625,74.76585459991834,72.53181505193525,74.02117929575574,11388600
2019-11-14,71.63819122314453,73.27648898107608,71.48925754251326,72.97861480206666,9991200
2019-11-15,72.5318374633789,73.12758607208514,70.74460527275971,71.04247957711283,9006600
2019-11-18,71.34032440185547,73.5743637169684,70.89351653883288,73.42542321746292,12298800
2019-11-19,68.36160278320312,69.25521850585938,67.61692074174061,69.25521850585938,19612800
2019-11-20,67.76587677001953,68.8084264127819,67.31906880630017,67.61693623694744,13288200
2019-11-21,67.31905364990234,67.76586151302615,66.2764974241155,67.02117946857084,22264200
2019-11-22,68.06372833251953,68.9573440516237,67.61692047296744,67.61692047296744,15803400
2019-11-25,68.36160278320312,69.10628482466564,68.21266910200939,68.95734432572499,9994200
2019-11-26,69.10629272460938,71.04245807244997,69.10629272460938,69.55310063701472,13011000
2019-11-27,70.59564971923828,70.74458341652755,69.25522599039198,69.25522599039198,21155400
2019-11-28,70.59564971923828,71.34033184117988,70.44671602194902,70.89352393156445,8650200
2019-11-29,70.14884948730469,71.19139911793025,69.99991577371486,70.44672373223273,13792200
2019-12-02,68.36160278320312,69.40415218705311,68.06372860306874,68.51053646439686,16556400
2019-12-03,68.21267700195312,68.21267700195312,66.57437904809747,67.46799487424643,12784200
2019-12-04,68.36160278320312,68.65947696333751,66.87224551802501,67.17011288041249,16683600
2019-12-05,69.85096740722656,70.44671583025783,69.25522580194293,69.25522580194293,17428800
2019-12-06,70.59564971923828,71.6381992357584,70.29777550691212,70.29777550691212,17171400
2019-12-09,71.34032440185547,71.9360659466366,70.29776817630481,70.7445760393274,11121600
2019-12-10,70.74457550048828,71.78713171809812,70.29776764086888,71.19138336010768,9862800
2019-12-11,71.93608093261719,72.3828888887204,71.19139873319571,71.48927297651397,13072800
2019-12-12,71.0424575805664,72.38288130850162,71.0424575805664,72.08500709637792,8189400
2019-12-13,73.1275634765625,73.72330508344211,72.82968926424887,73.42543087112848,16438200
2019-12-16,72.38288879394531,73.8722463730898,72.08501455101707,73.27650470498168,8278200
2019-12-17,71.0424575805664,72.38288130850162,70.7445833684427,72.08500709637792,12142200
2019-12-18,68.95733642578125,70.8935081482212,68.36159495150919,70.8935081482212,19693800
2019-12-19,68.80842590332031,69.10630014951057,67.91480998249797,68.80842590332031,17142000
2019-12-20,69.2552261352539,69.85096774340472,68.65948452710309,68.95735192230467,17173800
2019-12-23,69.40416717529297,70.148849377574,68.95735921747402,69.40416717529297,8312400
2019-12-24,69.10629272460938,69.99990854942007,68.51054429623713,69.85096803345316,5172600
2019-12-25,67.46797943115234,68.51052871710907,67.02117162035,68.51052871710907,11518800
2019-12-26,68.06372833251953,68.51053619207163,67.4679867923657,67.4679867923657,6434400
2019-12-27,68.65948486328125,68.95735225994127,67.91480273613578,67.91480273613578,7796400
2019-12-30,67.31905364990234,67.91479519481844,66.87224578677854,67.76586151302615,7834200
2020-01-06,66.57437133789062,66.87224551802501,64.93607357377186,65.53182193404064,14086200
2020-01-07,66.72331237792969,66.87225289329683,65.82969655671747,66.5743786803102,12790200
2020-01-08,64.93607330322266,65.5318216610093,64.04245758428956,65.5318216610093,16863000
2020-01-09,66.2765121459961,66.57438639349387,65.68077046874899,66.42545267861921,12072600
2020-01-10,66.42545318603516,67.31906911760626,65.6807709704764,67.02119486783306,11422800
2020-01-14,66.42545318603516,67.61693654963096,65.9786452202496,66.72332061805986,9753600
2020-01-15,65.23394775390625,66.27649715775624,64.78713989257812,66.27649715775624,12693000
2020-01-16,64.78715515136719,65.23396311792834,64.34034718480603,65.23396311792834,8377800
2020-01-17,66.42545318603516,66.72332061805986,65.23396300469085,65.53183725446405,12632400
2020-01-20,66.72331237792969,67.31906080390294,66.42544498269072,66.42544498269072,6226800
2020-01-21,65.38288879394531,66.42544513288195,64.93608088232895,65.82969670556167,15067800
2020-01-22,64.19139862060547,64.78714016563822,63.893524439215625,64.78714016563822,13237200
2020-01-23,62.99991226196289,63.89352803872832,62.40417068336837,63.74459434851652,13434600
2020-01-24,62.55309677124024,63.59564611151208,62.255222609271215,63.59564611151208,8618400
2020-01-27,59.87226867675781,60.914818346307534,59.87226867675781,60.3190766519575,12513600
2020-01-28,60.4680061340332,60.61694666049573,58.6807743584682,59.87226448142759,17610600
2020-01-29,61.65948486328125,61.95735904341564,60.765869140625,60.91480282181874,12900600
2020-01-30,60.76588439941406,61.21269237293916,60.021202170956016,60.46801014448112,11947200
2020-01-31,61.21268081665039,61.65948870582302,60.17013134783003,61.21268081665039,11010600
2020-02-03,60.616943359375,60.76587705997862,58.97864538174396,59.276519600699,14502600
2020-02-04,61.21268081665039,61.51055501534792,60.17013134783003,60.76587292747776,14067000
2020-02-05,63.89353942871094,64.34034739674388,61.21269162051327,62.25524127334063,23076000
2020-02-06,57.93609237670898,60.616939733712265,57.4892844838751,59.27651605521062,37162200
2020-02-07,56.59565734863281,57.4892764177943,54.95736310772872,57.4892764177943,35340600
2020-02-10,56.744606018066406,57.3403476406866,55.10630803367611,55.404182253860114,14783400
2020-02-12,58.08502578735352,58.680767369000336,57.34034369698448,57.4892842057067,15051600
2020-02-13,57.19141387939453,57.93609602019842,56.74460595846176,57.19141387939453,13002600
2020-02-14,57.63821792602539,57.936092125874126,56.893535835277234,57.19141003512597,10515600
2020-02-17,57.63821792602539,57.78715161707608,56.44672794437781,57.0424729352016,8198400
2020-02-18,56.59565734863281,57.4892764177943,56.14884951848868,57.04246517877695,10471800
2020-02-19,56.89353942871094,57.48928786603628,56.29779780913339,57.19141364737361,9298200
2020-02-20,57.34035110473633,58.23396700152571,57.04248027543124,57.78715905313102,11603400
2020-02-21,57.63821792602539,58.08502581692481,56.74460214422655,56.74460214422655,11132400
2020-02-25,54.95737457275391,55.55311619797892,54.510566649398186,54.65950035126748,17922000
2020-02-26,54.95737457275391,55.1063082746232,53.61695080268674,54.21269242791176,11262600
2020-02-27,53.3190803527832,54.51057050526243,52.87227239782204,54.51057050526243,18714000
2020-02-28,51.53184509277344,52.27652724057797,50.78716635384284,51.08503716764029,20710200
2020-03-02,50.93610382080078,51.97865338080763,50.0424879642955,50.78716670842525,20126400
2020-03-03,49.89354705810547,52.57439442377455,49.89354705810547,52.42545732272392,17874000
2020-03-04,49.59567260742188,49.89354337868281,48.99992765602656,49.14886474609375,11764200
2020-03-05,48.85099411010742,50.93609988682909,48.40418621636331,50.78716278595649,17092200
2020-03-06,45.87227249145508,47.65950393149714,45.57440172107255,47.65950393149714,18377400
2020-03-09,41.99995040893555,44.23399032430446,41.40420529521237,44.08505319365507,22015800
2020-03-10,42.59568405151367,43.042491950018174,39.91483666048664,40.80845245749565,23167200
2020-03-11,42.59568405151367,44.0850448494866,42.446750357928,42.744621153973085,18406800
2020-03-12,40.06377029418945,42.14887250372257,39.91483320462514,41.10632310339273,19136400
2020-03-13,38.87228393554688,40.51057829079218,36.48930753883906,36.48930753883906,36097200
2020-03-16,38.425479888916016,40.361645207635455,38.127605679210106,40.06377440680334,23032800
2020-03-17,40.06377029418945,40.51057815400894,36.48930741563356,37.23398604570822,30225600
2020-03-18,40.95738983154297,41.85100563447754,38.872287427653575,40.06377402860841,22341000
2020-03-19,44.53185272216797,46.17014721277656,41.4041974344501,42.29781323094092,35412600
2020-03-23,43.0424919128418,45.72333930155335,41.99994242314757,44.68078981185912,22968600
2020-03-24,44.97865676879883,45.12759385841809,43.04248823924222,44.68078599843376,15904800
2020-03-25,46.31908416748047,47.36163706302059,44.97866047701762,47.36163706302059,21834600
2020-03-26,43.93610763549805,45.72333922497929,43.63823684020908,44.53185263494971,15977400
2020-03-27,46.468021392822266,46.468021392822266,44.82972349421078,45.87227639252048,17318400
2020-03-30,47.21269989013672,47.21269989013672,43.78717382261773,43.78717382261773,17216400
2020-03-31,46.61695861816406,48.25525664090076,46.319087799881935,47.21270366360232,13473000
2020-04-01,45.42547225952149,46.9148331792821,44.978664324480704,46.17015101496478,11785800
2020-04-02,42.29781723022461,44.82972775671767,42.29781723022461,44.53185693268144,16831200
2020-04-03,41.55313491821289,43.191429423858345,41.10632701586652,42.74462152151197,15534600
2020-04-06,42.29781723022461,42.89356228717112,39.616969587276415,40.95739340875051,20062200
2020-04-07,43.34036636352539,43.93610795848276,41.702068455208256,43.63823716100408,16338000
2020-04-08,43.0424919128418,43.638236913291166,41.702068218486026,43.0424919128418,13929600
2020-04-09,45.12759780883789,45.5744057079353,43.48929990623158,43.48929990623158,19006800
2020-04-10,45.12759780883789,46.46802150613011,44.8297236035238,46.0212136070327,14237400
2020-04-13,43.48929977416992,44.53185267185592,43.48929977416992,44.08504477411531,7519800
2020-04-14,44.53185272216797,44.97866062041338,42.74462112918633,43.19142902743174,11972400
2020-04-15,42.89355850219727,44.08504510207816,42.297813497819945,44.08504510207816,14058600
2020-04-16,42.29781723022461,42.59568805426083,41.7020721732781,41.85100928973324,12369600
2020-04-17,43.1914291381836,43.93610783421087,42.44675044215631,42.74462123879248,11533200
2020-04-20,42.446754455566406,42.89356239720395,41.99994651392886,42.148880221892,9333600
2020-04-21,40.36164474487305,41.70206844655976,40.36164474487305,41.25526054599752,14305800
2020-04-22,39.31909942626953,40.06377820335448,39.02122518833626,39.61697025532868,11716800
2020-04-23,41.106327056884766,41.106327056884766,39.76590334850809,39.76590334850809,10505400
2020-04-24,42.14887619018555,42.89355829426571,41.1063266986713,41.40419749497912,15118200
2020-04-27,45.27653121948242,45.425468321208086,42.14887594535952,42.59568384166279,16866000
2020-04-28,45.12759780883789,45.872276504375655,44.53185280708344,45.12759780883789,9618600
2020-04-30,47.51057434082031,48.10631938448973,46.4680247754913,46.61695847975317,17521800
2020-05-01,45.87227249145508,46.914825301104095,45.57440172107255,46.914825301104095,13105800
2020-05-07,44.53185272216797,45.127597722786426,44.233981926295606,44.82972351804033,12310800
2020-05-08,45.574405670166016,45.87227646635952,44.82972356637166,45.42546856763239,10936800
2020-05-11,48.99993133544922,48.99993133544922,46.4680210674256,46.76589186105375,14749200
2020-05-12,47.51057434082031,48.5531273150233,46.765895592889024,48.40419020188745,8751600
2020-05-13,46.021217346191406,46.46802528159132,44.9786643606336,45.12760147539158,13477800
2020-05-14,43.48929977416992,45.42546846733713,43.34036608083888,44.829723467391744,15919800
2020-05-15,44.97865676879883,45.27652753916391,43.63823318884582,44.97865676879883,12610800
2020-05-18,44.08504867553711,45.425472487383246,43.93611156015175,44.9786645501012,11391000
2020-05-19,46.61695861816406,47.21270366360232,46.319087799881935,46.319087799881935,14274000
2020-05-20,49.44674682617188,49.44674682617188,46.91483616920463,47.06376988446055,20495400
2020-05-21,48.99993133544922,50.19141791883556,48.85099423419828,49.14886843670015,10678200
2020-05-22,47.51057434082031,49.44674317609044,47.06376641028674,49.44674317609044,11631000
2020-05-25,47.95738220214844,48.55312724495816,47.06376634237084,48.55312724495816,9577800
2020-05-26,45.27653121948242,47.06376280469551,44.680789630327205,45.57440542293375,47708400
2020-05-27,47.95738220214844,47.95738220214844,45.5744088486575,45.87227966562537,30022200
2020-05-28,49.89354705810547,50.0424841591561,48.40418627422031,48.40418627422031,23908200
2020-05-29,47.21269989013672,49.29780226920823,47.21269989013672,49.14886857640766,16177800
2020-06-01,47.21269989013672,48.40418647690991,46.76589199398756,48.10631568243504,12922200
2020-06-02,48.25525665283203,49.148872516773366,47.65951160724648,48.10631953921715,12657600
2020-06-03,49.59567260742188,50.63822201127186,48.99992765602656,50.19141414994374,17041200
2020-06-04,48.85099411010742,50.78716278595649,48.2552525243644,50.63822568508388,14826000
2020-06-05,50.3403549194336,50.3403549194336,48.85099413652328,49.44673913146215,12224400
2020-06-08,51.9786491394043,51.9786491394043,50.9360996644684,51.38290755626198,17649000
2020-06-09,50.78716278076172,52.27652356271433,50.04248409422226,52.12758646185696,12615600
2020-06-10,50.638221740722656,50.78715882999411,49.29779816389988,50.04248020138371,11956200
2020-06-11,47.06376647949219,49.59568036215482,47.06376647949219,48.5531273864188,25680000
2020-06-12,47.51057434082031,47.95738227135388,44.38291882708532,44.97866387075474,29868600
2020-06-15,46.914833068847656,48.99993562450511,46.914833068847656,47.65951182253803,22843200
2020-06-16,50.489295959472656,50.93610388831755,48.99993506036503,49.14887217293799,24759000
2020-06-17,50.489295959472656,50.93610388831755,49.59568010178288,50.489295959472656,17239800
2020-06-18,49.59567260742188,50.93609619140625,49.14886474609375,50.93609619140625,17955000
2020-06-19,49.744606018066406,50.042480196580726,48.7020566198866,49.893543107323566,15774600
2020-06-22,48.55312347412109,49.59567636585063,48.40418637276724,48.55312347412109,14925000
2020-06-23,49.44674682617188,50.78717071672058,48.99993886265564,49.1488759867858,17369400
2020-06-24,48.99993133544922,50.34035502008649,48.70206054182106,50.34035502008649,13792200
2020-06-25,47.65950393676758,48.25524888647196,47.21269607670765,48.25524888647196,12187200
2020-06-26,46.468021392822266,48.10631588256001,46.31908429052838,47.36163718883808,12721800
2020-06-29,45.87227249145508,46.76588821147611,45.57440172107255,46.46801744109358,14238600
2020-06-30,46.170143127441406,47.95737456228103,46.0212094471204,47.361633023250114,13269600
2020-07-01,46.76589584350586,47.65951170936186,46.46802502451186,47.06376666249986,16884000
2020-07-02,46.914833068847656,47.51057470825035,45.87228008658193,46.17015090628328,17796000
2020-07-03,47.36163711547852,48.10631580804699,46.91482921816268,47.65950791073116,12027600
2020-07-06,48.55312347412109,48.70206057547495,47.51057058239155,47.6595076837454,11208600
2020-07-07,48.99993133544922,49.59567633157924,48.553123440570126,48.553123440570126,13430400
2020-07-08,47.95738220214844,48.99993517484696,47.80844849810149,48.70206435787909,10256400
2020-07-09,46.76589584350586,47.808448823295855,46.319087910577856,47.808448823295855,12659400
2020-07-10,45.27653121948242,46.4680212155403,45.12759752663048,46.4680212155403,15721200
2020-07-13,47.06376647949219,47.21270359284704,45.42547186808471,45.87227979927529,16066800
2020-07-14,47.36163711547852,47.65950791073116,46.02121342353101,46.91482921816268,9929400
2020-07-15,48.40419006347656,49.14887221815243,47.65951131767466,47.80844843038464,14756400
2020-07-16,49.44674682617188,50.340362753204346,48.85100173852549,49.1488759867858,15061800
2020-07-17,48.70206069946289,49.59567649211358,48.404186495996846,49.44673939038056,12160800
2020-07-20,48.85099411010742,48.85099411010742,47.21269963600357,48.1063154234918,13936200
2020-07-21,49.59567260742188,49.744606288615614,47.95737484330312,48.85099056595936,12873000
2020-07-22,46.914833068847656,50.04248860677083,46.914833068847656,49.89355149248316,18983400
2020-07-27,46.76589584350586,46.76589584350586,46.02121709158386,46.319087910577856,7885200
2020-07-28,47.06376647949219,47.361640706201904,46.468024843820736,46.91483277501132,9096000
2020-07-29,45.574405670166016,46.76589226381375,45.574405670166016,46.76589226381375,9247200
2020-07-30,43.63824844360352,45.42548050830912,43.48931130191984,45.42548050830912,13188600
2020-07-31,42.14887619018555,43.48929988688135,41.999942496468506,43.34036619316431,14403600
2020-08-03,43.1914291381836,44.08504493696583,42.44675044215631,42.44675044215631,17231400
2020-08-04,45.27653121948242,45.57440542293375,42.89355804511412,43.34036594141739,20010600
2020-08-05,44.38291931152344,45.12760147645689,44.08504849087447,45.12760147645689,15903000
2020-08-06,45.12759780883789,46.319084403473056,44.68078990974049,45.12759780883789,16952400
2020-08-07,43.78717041015625,44.233978271484375,43.19142545876093,44.233978271484375,16150800
2020-08-11,46.914833068847656,47.212703888549,44.68079339890253,44.68079339890253,19666200
2020-08-12,47.36163711547852,47.65950791073116,46.31908421878366,47.21270001341533,11841600
2020-08-13,47.51057434082031,48.25525649762558,47.06376641028674,48.10631938448973,11819400
2020-08-14,46.914833068847656,48.10631975652706,46.616958840272304,48.10631975652706,8182800
2020-08-17,46.31908416748047,47.21269996112237,46.02121337255775,46.76589206430142,7325400
2020-08-18,44.8297233581543,46.17014704810988,44.68078966518616,46.02121335514175,13011000
2020-08-19,45.87227249145508,46.17014326183761,44.68078600105152,44.82971968180606,9951000
2020-08-20,45.72333908081055,46.61695487273354,45.27653118484905,45.425468286460784,10013400
2020-08-21,46.468021392822266,47.06376298425032,46.021213494814354,46.021213494814354,7741800
2020-08-24,44.8297233581543,46.31908414995174,44.68078966518616,46.31908414995174,13558800
2020-08-25,46.61695861816406,47.36164077718038,46.0212169815998,46.0212169815998,15096600
2020-08-26,46.170143127441406,46.91482516454021,46.0212094471204,46.76588807534576,5956800
2020-08-27,45.72333908081055,46.319084078383774,45.57440538807253,46.319084078383774,5332200
2020-08-28,45.72333908081055,46.91482907595701,45.425468286460784,45.87227618242228,17655000
2020-08-31,46.468021392822266,47.36163718883808,46.468021392822266,46.468021392822266,14149200
2020-09-01,46.021217346191406,46.616958987475286,45.72334311667545,45.72334311667545,8683800
2020-09-02,45.574405670166016,46.46802146762025,45.42546856763239,46.46802146762025,7006200
2020-09-03,45.42547225952149,46.319088129603045,45.42547225952149,45.57440937415975,8133000
2020-09-04,46.021217346191406,46.021217346191406,44.82972724587562,44.82972724587562,9093600
2020-09-07,46.021217346191406,46.76589610223326,45.72334311667545,45.87228023143343,11164800
2020-09-08,46.021217346191406,46.616958987475286,45.276535181275534,46.021217346191406,7744800
2020-09-09,45.42547225952149,45.723343079924,44.978664324480704,45.57440937415975,8617200
2020-09-10,46.61695861816406,46.76589573174213,45.57440904973961,45.72334275444368,11091000
2020-09-11,46.61695861816406,47.063766550024255,45.87227986802174,46.61695861816406,12877200
2020-09-14,48.1063232421875,48.25526036726678,47.063770184381056,47.212707309460335,13920000
2020-09-15,46.468021392822266,47.51057088225822,46.1701471882345,47.51057088225822,15564600
2020-09-16,46.468021392822266,46.91482929083017,46.021213494814354,46.76589218853629,13699200
2020-09-17,45.574405670166016,46.76589226381375,45.27653146509878,46.31908436508663,12914400
2020-09-18,45.574405670166016,46.02121356889313,45.1275977714389,45.87227646635952,33973800
2020-09-23,45.574405670166016,45.87227646635952,44.82972356637166,44.82972356637166,9713400
2020-09-24,43.63824844360352,45.42548050830912,43.63824844360352,45.42548050830912,21216000
2020-09-25,43.93610763549805,44.53185263494971,43.48929973812774,44.53185263494971,11789400
2020-09-28,45.42547225952149,45.42547225952149,43.93611133976087,44.53185638943992,15097200
2020-09-29,45.12759780883789,45.872276504375655,44.8297236035238,45.5744057079353,11565600
2020-09-30,43.1914291381836,44.82972363299312,43.1914291381836,44.53185283635695,18677400
2020-10-02,42.59568405151367,44.233981951946014,42.29781325546858,44.0850448494866,17929200
2020-10-05,43.48929977416992,44.38291556965114,43.1914289786341,43.1914289786341,12610200
2020-10-06,45.12759780883789,45.42546860527825,43.93610780532899,43.93610780532899,22597800
2020-10-07,44.680789947509766,44.97866074420191,43.93610784246877,44.08504494525172,10209600
2020-10-08,44.8297233581543,46.616954944761744,44.5318525633443,45.12759756183802,23040000
2020-10-09,44.38291931152344,45.42547229710586,44.233985605635965,44.978664361695394,12245400
2020-10-12,43.93610763549805,44.53185263494971,43.48929973812774,44.23398183966074,10714200
2020-10-13,44.23398208618164,44.53185288313068,43.48929998049845,44.08504498327025,8459400
2020-10-14,42.89355850219727,43.63823720101361,42.59568429557173,43.63823720101361,16226400
2020-10-15,43.1914291381836,43.63823703757471,42.89355834154743,43.34036624093854,11408400
2020-10-16,41.55313491821289,42.89355862525202,41.2552607107328,42.89355862525202,18560400
2020-10-19,42.446754455566406,42.89356239720395,41.99994651392886,41.99994651392886,16452600
2020-10-20,41.70207214355469,42.14888008372758,41.40420131973077,41.70207214355469,11856000
2020-10-21,43.1914291381836,43.48929993481976,41.55313464337407,41.55313464337407,13860600
2020-10-22,43.34036636352539,43.93610795848276,42.74462135969427,42.74462135969427,9923400
2020-10-23,43.78717041015625,44.233978271484375,43.04248836869374,43.78717041015625,8539200
2020-10-26,44.38291931152344,44.8297272469339,44.233985605635965,44.38291931152344,10419000
2020-10-27,43.93610763549805,44.0850447375794,43.191428942838776,43.48929973812774,8493000
2020-10-28,42.29781723022461,43.19143311120734,41.85100928973324,43.0424959947522,13434000
2020-10-29,42.14887619018555,42.297813292776326,41.1063266986713,41.5531345975699,10743600
2020-10-30,40.95738983154297,42.29781353594482,40.6595190335227,42.29781353594482,16558200
2020-11-02,42.14887619018555,42.59568408908415,41.25526039238834,41.40419749497912,15910800
2020-11-04,53.91482162475586,54.0637587355252,49.89355031384903,50.48929534805246,130116600
2020-11-05,55.5531120300293,56.14885701943164,51.97864891136259,52.723331000333935,66192000
2020-11-06,56.89353942871094,57.34034734783105,55.106307752230514,55.106307752230514,33001800
2020-11-09,58.53183364868164,60.02119101092569,56.74460208688984,57.19140997733778,39142800
2020-11-10,59.57438278198242,61.51055484142065,58.978641204019205,60.31906486774692,32773200
2020-11-11,59.87226867675781,60.914818346307534,58.97865272635845,60.02120239590816,20238600
2020-11-12,60.02119064331055,60.17013115104587,58.382899600200425,58.82970748791179,20515800
2020-11-13,58.53183364868164,59.42544942957754,57.63821786778573,59.42544942957754,19451400
2020-11-16,59.87226867675781,60.3190766519575,59.12758644550879,59.27652698240778,16928400
2020-11-17,61.65948486328125,61.65948486328125,60.31906127929688,61.361610683146864,19640400
2020-11-18,61.95735931396485,62.70203454093223,60.616935724127245,60.91480308781542,18363600
2020-11-19,58.978641510009766,62.10629674160119,58.53183361978242,61.51055516054718,25841400
2020-11-20,60.91480255126953,61.06374304954867,58.53182957401899,58.82970375283038,18612000
2020-11-24,62.99991226196289,63.74459434851652,61.80842228702654,62.106296485197454,15549000
2020-11-25,64.19139862060547,65.23394802884951,63.893524439215625,63.893524439215625,21419400
2020-11-26,64.19139862060547,64.34033230242692,62.70203453140319,63.14884239461448,13947000
2020-11-27,63.59566116333008,64.48927704299162,63.14885322349931,64.19140962826984,14575200
2020-11-30,60.616943359375,64.19140671584432,60.468002841023576,64.04246619749291,18544200
2020-12-01,62.70204544067383,63.1488533816234,60.91481367687554,61.36162161782511,16542600
2020-12-02,67.31905364990234,68.21266937614996,65.53182219740712,65.68075587919941,40459800
2020-12-03,68.51054382324219,70.29777546052458,67.31906061021903,68.51054382324219,34009800
2020-12-04,68.80842590332031,69.25523386373149,67.46800202208681,67.76587626827705,14952000
2020-12-07,67.31905364990234,69.40415246598215,66.87224578677854,69.25521878418986,13471800
2020-12-08,67.02119445800781,67.91481038411459,66.42545277985279,66.87226074290618,14016600
2020-12-09,69.10629272460938,69.99990854942007,67.02118686080186,67.02118686080186,16770600
2020-12-10,69.2552261352539,70.59564986690398,69.2552261352539,69.4041598328547,10132200
2020-12-11,69.10629272460938,69.70203433523395,68.3616105980179,69.2552264228286,8783400
2020-12-14,71.0424575805664,71.48926548987815,68.80841803400772,68.80841803400772,12868200
2020-12-15,70.59564971923828,71.6381992357584,69.99990811233359,70.89352393156445,10802400
2020-12-16,71.78713989257812,72.53181519824285,71.04245776916574,71.63819937724705,11952600
2020-12-17,70.59564971923828,72.38288135770001,70.44671602194902,72.08500714537384,9940800
2020-12-18,71.34032440185547,72.23394012790064,70.59564235756885,70.89351653883288,13971000
2020-12-21,70.29778289794922,71.93608101137067,70.14884918500121,71.48927305477831,10982400
2020-12-22,69.40416717529297,70.29778309093085,68.80842550411717,69.40416717529297,11349600
2020-12-23,67.17012786865234,69.85097563482138,66.425452478771,69.55310820596821,13789800
2020-12-24,69.5531005859375,70.5956501082018,68.36161054781567,68.36161054781567,15780600
2020-12-25,70.29778289794922,70.29778289794922,69.2552332718165,69.99991547205322,7370400
2020-12-28,69.99990844726562,70.89352427077222,69.40416001976277,70.59565005702079,7893000
2020-12-29,71.63819122314453,71.93606540215396,70.14883396359113,70.2977676442224,11142000
2020-12-30,70.74457550048828,71.34032385847873,69.70202610062533,70.89351599885934,10573200
2021-01-04,68.65948486328125,71.19139182362996,68.21267695054351,71.19139182362996,11629200
2021-01-05,69.10629272460938,69.55310063701472,67.46799477320721,67.46799477320721,11571600
2021-01-06,70.44671630859375,70.59565000648902,68.95735205865039,69.10629257429333,13117200
2021-01-07,72.97862243652344,74.17011245945872,71.19139081099432,71.34033132495347,27486600
2021-01-08,73.27650451660156,73.57437875876401,72.38288860786251,73.57437875876401,11265600
2021-01-12,72.8296890258789,73.1275632372176,71.93607320961046,72.38288111774469,11680200
2021-01-13,75.2126693725586,75.95735156241999,72.23395424860959,72.53182167035554,16969800
2021-01-14,75.06372833251953,75.95734414600192,74.17011251903716,74.46798672944715,13609200
2021-01-15,74.914794921875,76.4041523441094,74.31904649878314,75.2126623156733,14427000
2021-01-18,73.57437133789062,73.8722387322612,72.82968921646892,73.72330503507591,7925400
2021-01-19,73.42543029785156,74.46798662393556,73.12756290561121,73.87223820395968,7255200
2021-01-20,73.57437133789062,74.1701129443794,72.53181500435072,74.02117924719411,8768400
2021-01-21,72.97862243652344,74.616920365841,72.97862243652344,74.17011245945872,8829600
2021-01-22,71.63819122314453,72.53180694242594,71.34032386188198,72.53180694242594,10416000
2021-01-25,72.5318374633789,72.82971176773202,71.19141332041451,72.08502941572411,9155400
2021-01-26,72.38288879394531,73.8722463730898,72.08501455101707,73.12757099239172,11090400
2021-01-27,72.97862243652344,74.02117876324716,72.23394713771803,72.53181453014116,10977000
2021-01-28,75.80840301513672,75.95733669686197,71.34032438590954,71.48925806763481,24762000
2021-01-29,72.97862243652344,75.51053617860556,72.53181453014116,75.21266196843484,15169800
2021-02-01,75.80840301513672,76.10627037858724,72.82968165640295,72.82968165640295,14062800
2021-02-02,78.1913833618164,79.08499917166573,75.65946962799411,76.10627753291877,19486800
2021-02-03,82.65946197509766,83.10626987766575,78.6381908519848,78.9360650596127,34275000
2021-02-04,81.76585388183594,83.1062777159644,81.31904593712645,81.61692017284884,14161200
2021-02-05,82.21265411376953,83.40414412713132,81.46797200319998,82.65946201656176,14367000
2021-02-08,81.91477966308594,82.510528076874,80.27648856953759,82.36158756455322,19717800
2021-02-09,77.29776763916016,84.29776043012521,75.36160232155177,84.14881991648393,37690800
2021-02-10,75.65947723388672,77.89351698309349,75.65947723388672,77.29777532255444,14520000
2021-02-12,73.87223815917969,75.65946978252877,73.27649655731253,75.65946978252877,17026800
2021-02-15,73.72330474853516,75.80841058976313,72.97862263000782,75.06372847123579,13163400
2021-02-16,75.3615951538086,75.95733669846918,73.42542320260456,74.02117156501208,13438800
2021-02-17,78.1913833618164,78.63819126674107,75.21266172306944,75.36160223654271,16276200
2021-02-18,76.10628509521484,78.63819908062061,76.10628509521484,78.34032484182339,15476400
2021-02-19,74.17010498046875,76.10627010697499,73.42542293900624,75.65946224564686,10791000
2021-02-22,78.1913833618164,79.08499917166573,75.80841014146738,76.40415174211775,18191400
2021-02-24,77.89350891113281,79.38287313476276,77.74457521586884,78.34031681467229,11949600
2021-02-25,78.78712463378906,79.9786146478668,78.48925724358028,79.82968095276242,9288000
2021-02-26,76.4041519165039,78.04244984421615,76.25521822043828,77.44670142445847,13223400
2021-03-01,78.1913833618164,78.63819126674107,76.40415174211775,76.8509596470424,7741200
2021-03-02,78.34032440185547,79.53181453260457,77.59564903566697,78.93607287610412,10295400
2021-03-03,80.7232894897461,81.31903103426463,78.04244231279232,78.63818385731085,12399600
2021-03-04,78.78712463378906,80.5743562460319,77.74457513256326,80.42542255092751,10194000
2021-03-05,79.9786148071289,79.9786148071289,78.63819109527759,79.38287320777751,10941000
2021-03-08,81.61691284179688,82.95733655552485,80.57435651928785,81.02116442386384,16317600
2021-03-09,82.80838775634766,83.7020034760843,81.61690467519671,82.80838775634766,11587200
2021-03-10,82.80838775634766,83.10626193550883,81.76583835590385,83.10626193550883,7957800
2021-03-11,82.51053619384766,83.9998937393383,81.91478772145285,83.10627784849427,10953600
2021-03-12,82.51053619384766,82.65946990307226,81.02117183060882,82.65946990307226,13706400
2021-03-15,83.8509521484375,85.48924324915951,82.80839582861708,83.40414424501377,14213400
2021-03-16,82.21265411376953,84.59562732274556,81.9147799059922,83.85095202992353,11782200
2021-03-17,82.51053619384766,82.80840361229687,81.31904606680622,81.61692030300364,8702400
2021-03-18,84.1488265991211,84.8935087732233,83.2552107172977,83.7020186582094,11101200
2021-03-19,84.44669342041016,84.74456762745619,82.06372021728444,83.40414392237031,14707800
2021-03-22,82.95733642578125,83.85095223353564,82.2126543134034,83.70201172041153,14600400
2021-03-23,81.31904602050781,83.25521151031813,81.170112311368,82.65946985601069,10954200
2021-03-24,77.44670104980469,80.5743563762857,76.85095945067654,80.12754847250271,12597000
2021-03-25,79.53180694580078,80.57435644966134,77.59564163356043,77.59564163356043,9100200
2021-03-26,79.9786148071289,81.02116431043075,79.38287320777751,80.57435640648032,7399800
2021-03-29,80.7232894897461,81.61690521539735,79.97860744578773,81.46796471595752,10355400
2021-03-30,82.06371307373047,82.51052093653163,80.42541530421053,81.02115684869645,6957000
2021-03-31,80.87222290039062,82.212646484375,80.4254150390625,81.91477230424061,8298000
2021-04-01,80.4254150390625,82.212646484375,80.27648135786876,81.76583862304688,6969600
2021-04-02,81.91477966308594,82.36158756455322,80.5743559586841,81.17010437247215,8167200
2021-04-05,83.4041519165039,83.4041519165039,81.61692013841987,82.65946973638617,6535200
2021-04-06,81.61691284179688,83.40414446010084,81.02116442386384,83.10627025113432,8416800
2021-04-07,81.76585388183594,82.36159553553253,80.72330428342985,81.61692017284884,6793200
2021-04-08,79.9786148071289,81.31903851898024,78.78712479067855,81.31903851898024,10129200
2021-04-09,78.93606567382812,80.42542308806155,78.78712515998147,79.82968148591769,10543200
2021-04-12,78.93606567382812,80.12754887811583,78.63819146388241,79.3828735798729,6294600
2021-04-13,82.21265411376953,82.21265411376953,78.78712458644662,78.93606509920906,13527000
2021-04-14,82.06371307373047,82.36158043709996,80.42541530421053,80.8722231670117,8596800
2021-04-15,82.65946197509766,83.70201147517403,82.21265407252956,82.51052828015747,6738000
2021-04-16,81.31904602050781,83.25521151031813,80.87223807534019,83.25521151031813,8079600
2021-04-19,80.7232894897461,81.46796471595752,80.12754112748063,81.46796471595752,5434200
2021-04-20,78.63819885253906,80.2764969345497,78.04245719442075,80.2764969345497,10405800
2021-04-21,75.95734405517578,77.44670146994963,75.51053614896887,76.7020261714365,11004600
2021-04-22,76.70201873779297,78.34030968994352,76.25521087488883,77.44669396413525,5246400
2021-04-23,75.51053619384766,76.10627779656176,75.06372828737518,75.95734410032013,4784400
2021-04-26,76.55308532714844,76.85095953591669,75.36160212757058,76.25521793612775,6706800
2021-04-27,77.44670104980469,78.78712476115369,76.99989314602169,77.14883365911439,7107600
2021-04-28,83.5530776977539,84.1488192946741,80.12754817553086,80.42542238286472,28299600
2021-04-30,83.8509521484375,84.89350165051037,82.80839582861708,84.14881953888829,14094000
2021-05-06,87.42540740966797,88.02114895403344,84.29775237069217,84.44668605234679,19663200
2021-05-07,86.82965850830078,88.31902258658515,86.23391696763517,88.0211484073789,9154200
2021-05-10,87.87222290039062,89.06370609255183,87.42541499889329,87.42541499889329,12526200
2021-05-11,85.78711700439453,88.02115650971731,85.34030910332999,86.3828585998981,7597200
2021-05-12,83.9999008178711,86.085007011465,83.10628485172353,85.34032476709244,8768400
2021-05-13,84.59563446044922,86.38286622241468,83.40415116430432,83.40415116430432,9249000
2021-05-14,83.4041519165039,86.53180752815095,81.76585384734416,85.78712534803321,11434800
2021-05-17,70.59564971923828,77.59564257579594,68.65948438348728,77.44670206075902,39640800
2021-05-18,72.68074798583984,73.42542321232744,69.70202662664862,71.48925807861397,23934600
2021-05-19,68.51054382324219,70.74458336984517,68.3616101260512,70.59564967265419,21650400
2021-05-20,68.95733642578125,69.99989252794003,68.36159495150919,68.51052861564067,10926000
2021-05-21,67.914794921875,69.25521850585938,67.17011288041249,68.80841064453125,11942400
2021-05-24,68.65948486328125,68.95735225994127,67.61692852172807,67.61692852172807,5946600
2021-05-25,69.85096740722656,70.59564952714183,68.65948419665929,69.55310001345856,12043800
2021-05-26,69.5531005859375,69.5531005859375,68.51054424592552,68.80841845989289,6786600
2021-05-27,68.51054382324219,69.55310015682201,68.06373591392159,68.95735173256278,8605200
2021-05-28,71.0424575805664,71.19139127775443,69.85096754981923,70.59564967125468,12250200
2021-05-31,69.70204162597656,71.04246550339919,68.9573594214923,70.7445912580558,9281400
2021-06-01,70.44671630859375,71.19139161581776,69.85096788151733,70.29777579295082,6063600
2021-06-02,70.44671630859375,71.63819952725123,69.99990839716028,70.74458370438428,8563800
2021-06-03,70.59564971923828,70.74458341652755,69.70203390000742,69.85096759729667,6006600
2021-06-04,71.0424575805664,71.19139127775443,69.10629224613142,70.14884176194293,7714200
2021-06-07,71.78713989257812,72.08500728774496,70.74458355625126,71.34033198208023,8921400
2021-06-08,71.63819122314453,71.93606540215396,70.2977676442224,70.74457550386312,7618800
2021-06-09,71.0424575805664,72.53181500568965,71.0424575805664,72.08500709637792,4234800
2021-06-10,70.29778289794922,70.44672342864558,69.55310751546085,69.99991547205322,7158600
2021-06-11,69.5531005859375,70.5956501082018,69.10629267386027,70.5956501082018,9101400
2021-06-14,71.93608093261719,72.08501464540214,70.7445907770925,70.7445907770925,11873400
2021-06-15,71.4892578125,71.78713199263439,71.19138363236561,71.4892578125,6556800
2021-06-16,72.8296890258789,73.27649693401314,71.3403316046807,71.48926530147622,8479800
2021-06-17,72.08499145507812,72.8296734149294,71.04244216548328,72.8296734149294,6598800
2021-06-18,70.29778289794922,71.78714729842267,70.14884918500121,71.48927305477831,9153600
2021-06-21,67.914794921875,69.10628482466564,67.17011288041249,69.10628482466564,12763200
2021-06-22,69.99990844726562,70.89352427077222,69.2552263217609,69.85096793151607,11181600
2021-06-23,71.4892578125,71.63819149369374,70.14883422851562,70.89351626997814,9428400
2021-06-24,72.38288879394531,72.97863046205343,71.63820659549889,71.63820659549889,14047800
2021-06-25,75.3615951538086,76.7020187426051,73.87223106553672,74.02117156501208,18130800
2021-06-28,76.70201873779297,77.29776028241618,75.51052883079961,75.95733669370377,10014000
2021-06-29,75.51053619384766,75.65946989008928,74.02117877818861,75.51053619384766,10608600
2021-06-30,76.85095977783203,78.3403171908664,75.51053606077681,75.65946975675598,13997400
2021-07-01,76.4041519165039,78.48925775016062,75.95734401055944,78.19138354028178,9736800
2021-07-02,78.1913833618164,78.3403170575421,76.10627753291877,76.10627753291877,9863400
2021-07-05,79.68073272705078,82.51052038435188,79.38286536567469,79.53179904636274,17548200
2021-07-06,79.68073272705078,82.06371252454085,79.53179904636274,79.97860690617377,10295400
2021-07-07,78.93606567382812,79.68074097207104,77.74457565179283,78.19138355783761,11028000
2021-07-08,79.68073272705078,81.31903048560685,79.0849911865517,79.23392486723975,11890200
2021-07-09,81.17011260986328,81.46798002923829,78.04245698218826,78.19139069187575,13567200
2021-07-12,83.4041519165039,83.99989356994918,81.76585384734416,81.91478755626844,12612600
2021-07-13,84.1488265991211,84.5956345400328,83.40415124276701,83.40415124276701,7257000
2021-07-14,83.8509521484375,84.14881953888829,82.65946213339168,83.55307794023916,6951600
2021-07-15,82.51053619384766,82.80840361229687,81.31904606680622,82.65946990307226,7922400
2021-07-16,83.4041519165039,84.44670151447019,82.65946973638617,82.65946973638617,11832600
2021-07-19,80.4254150390625,82.06371280318126,79.68073299759999,82.06371280318126,11957400
2021-07-20,79.08499145507812,79.68073299759999,78.04244205122814,78.93605777388439,10056000
2021-07-21,79.9786148071289,82.36158802228208,79.9786148071289,81.46797221438119,13059600
2021-07-26,82.06371307373047,83.10626248101755,81.17009734812812,81.46796471149761,12115800
2021-07-27,83.8509521484375,86.2339253607816,83.10627003681542,83.40414424501377,24094800
2021-07-28,83.10626983642578,84.59562723833119,82.80839562894569,82.95733614155951,9297000
2021-07-29,83.10626983642578,83.70201143363845,81.91477982425295,83.70201143363845,7737600
2021-07-30,82.95733642578125,83.85095223353564,82.80839591265715,83.10627012115779,8197800
2021-08-02,84.89350891113281,85.34031685277036,82.21266126130756,83.10627714458265,11623800
2021-08-03,84.59563446044922,84.74457498577841,83.5530848718854,83.85095910479569,6270600
2021-08-04,82.80838775634766,84.59561919582096,82.65945407564051,84.44668551511381,8093400
2021-08-05,82.21265411376953,83.25520361436888,82.06372041875464,82.51052832154686,7693200
2021-08-06,95.61688995361328,96.80837995147444,86.68073201402325,87.42541411490491,68100000
2021-08-10,95.9147720336914,97.8509374736777,93.82966607064984,95.02115616635189,33855000
2021-08-11,97.40412139892578,97.85092929525112,95.02114822443974,96.51050560627507,17242200
2021-08-12,95.7658233642578,98.74454494125212,94.72327388029616,97.85092914992858,17872800
2021-08-13,92.34029388427734,94.42539269808648,92.0424197032702,94.42539269808648,17662800
2021-08-16,89.36157989501953,91.4466856984858,88.76583830163523,91.4466856984858,21499200
2021-08-17,87.5743408203125,89.95731380814686,87.27646664017811,89.80838012695312,14844000
2021-08-18,90.70199584960938,90.99987002974376,86.82965877884999,88.17008236283436,11255400
2021-08-19,86.53179931640625,89.95732202082462,86.23392510907736,89.21264672912369,15292800
2021-08-20,88.46796417236328,90.85093736570305,88.31903047832564,88.61689786640093,23814600
2021-08-23,88.46796417236328,90.7020036716654,87.72328206668008,90.40412946584262,11649000
2021-08-24,93.53179168701172,93.68073220981972,89.21265288053974,89.65946081346773,15310200
2021-08-25,93.23392486572266,95.02115660872217,92.19136847047426,94.87221608497347,11062200
2021-08-26,93.53179168701172,93.68073220981972,91.74455995529972,92.63817582115573,7831200
2021-08-27,92.48922729492188,94.27645874023438,92.19135311478747,93.08496883744374,11097600
2021-08-30,93.08497619628906,93.6807246036548,92.48923460667076,93.53178409293965,5963400
2021-08-31,94.42539978027344,94.57434029082144,90.25519502213042,92.34030081007565,13138200
2021-09-01,94.1275405883789,95.02115645846558,93.0849841947791,93.53179212982243,8653200
2021-09-02,94.72327423095705,95.31901582146232,93.531784232199,94.72327423095705,10668600
2021-09-03,96.95731353759766,98.29773722705754,96.0636977446244,96.8083798446846,12982200
2021-09-06,97.85093688964844,99.48923490924196,97.40412895864549,98.44667852506971,13632000
2021-09-07,96.80838775634766,99.04242742135762,96.80838775634766,98.89348689852494,9154200
2021-09-08,96.65943908691406,96.65943908691406,94.87220750553662,96.51050539438177,12251400
2021-09-09,95.7658233642578,96.65943915558135,95.02114808331982,95.4679559789816,9531000
2021-09-10,98.74455261230467,98.74455261230467,95.91477132586202,96.06370503007015,14140200
2021-09-13,99.34030151367188,100.0849837246824,97.40413594634268,97.5530696614454,8363400
2021-09-14,103.51050567626952,103.95731360463076,100.38285017774086,100.8296581061021,15374400
2021-09-15,101.87220764160156,104.40412150761584,100.68071756034522,104.25518098636633,13234200
2021-09-16,106.04241180419922,107.6807097998782,103.80837218179512,104.55305432851245,31399200
2021-09-17,105.14878845214844,107.2338942235216,104.85092106891469,106.34027843832558,18168600
2021-09-21,102.31901550292967,103.65943928681088,100.97859171904852,101.4253996470089,11612400
2021-09-22,99.48921966552734,101.12751061635434,98.595603940441,100.82964325315685,12054000
2021-09-24,100.6807098388672,102.61688192463691,100.53177614678776,102.46794141481008,8643000
2021-09-27,101.57432556152344,102.46794134892026,100.53177608214294,100.97858397584136,9966600
2021-09-28,101.57432556152344,102.61688185865134,99.93603449646083,102.46794134892026,9970800
2021-09-29,99.04241943359376,100.8296510214616,97.85092943576602,99.19135312666693,14610000
2021-09-30,98.74455261230467,99.9360426992138,97.55306252539556,99.9360426992138,12217200
2021-10-01,95.46794891357422,98.89347131496623,95.17007473259568,97.70198822654596,9293400
2021-10-04,94.72327423095705,98.14880371629424,93.97859212951482,97.25518792166258,8317200
2021-10-05,93.68072509765624,93.9785924851624,90.55306980460928,93.23391719864954,11984400
2021-10-06,91.44668579101562,95.1700826844931,89.65945419130684,94.574341090506,13906200
2021-10-07,93.97859954833984,94.42540748092745,91.1488182478678,92.34030834068402,14405400
2021-10-08,96.51051330566406,98.29774503354672,94.57434787304052,95.17008950975207,16305600
2021-10-11,96.51051330566406,97.10625494237564,95.31902321449296,95.91477166895253,7689000
2021-10-12,97.70199584960938,98.4466711335376,95.61689005556596,95.91476425978573,9562200
2021-10-13,101.27645111083984,103.21261624251837,96.9573061672142,98.7445376173011,18299400
2021-10-14,101.4253921508789,101.72326635341992,97.55305478883557,100.97858425594112,14422800
2021-10-15,102.76581573486328,102.91474942711396,100.97858415686564,102.1700741481132,8894400
2021-10-18,100.97859191894533,103.51050578831568,100.53178399010042,103.36156526686877,8710800
2021-10-19,100.3828353881836,102.02112633897092,99.78708702630918,100.68070275137389,6877200
2021-10-20,98.44666290283205,101.27645056196468,98.2977292220476,100.38283484176424,10662000
2021-10-21,97.25518798828124,99.19135327206033,96.95731378395084,98.446671170108,6293400
2021-10-22,98.44666290283205,99.04241126146358,95.46794838066184,95.76581574223074,7755600
2021-10-25,98.89349365234376,99.19136790060406,97.40413604653912,97.85094401005536,7995000
2021-10-26,100.08496856689452,100.68071015482928,98.8934785732776,99.93603487434773,8821800
2021-10-27,91.74454498291016,98.74453706232386,90.99986976139056,98.59560338156932,31952400
2021-10-28,92.19136810302734,92.9360502655584,90.40413636715122,90.55307689030624,28253400
2021-10-29,91.14881134033205,92.9360429352405,90.55306974794505,92.63816873017326,18475200
2021-11-01,93.23392486572266,94.276474443223,92.34030899422292,93.68073280147252,10031400
2021-11-02,90.70199584960938,93.2339093363844,89.80838012695312,93.08496883744374,11317200
2021-11-04,92.48922729492188,92.6381609761156,90.25518798828124,92.34029361372814,8924400
2021-11-05,90.85094451904295,92.04243461840106,89.51052071392063,92.04243461840106,11083800
2021-11-08,92.34029388427734,92.93603542854468,90.5530624337284,91.44667815900289,13613400
2021-11-09,86.23392486572266,91.89349388251492,84.89350116314665,89.65945437822161,40060800
2021-11-10,85.04243469238281,87.87222260415787,84.1488188924007,85.78711679828375,19722600
2021-11-11,85.63818359375,86.38285888616035,85.04243517852468,85.04243517852468,10213800
2021-11-12,87.5743408203125,88.02114868164062,85.48923519486561,85.787109375,13278600
2021-11-15,87.87222290039062,88.76583870338528,87.42541499889329,88.02115659497389,7642800
2021-11-16,87.5743408203125,89.21263858443126,87.27646664017811,88.17008236283436,9220200
2021-11-17,86.97860717773438,88.02115667627527,86.53179927582435,88.02115667627527,7827600
2021-11-18,87.42540740966797,87.42540740966797,85.04242759671226,86.08498382153549,8079000
2021-11-19,88.17009735107422,90.1062696244618,87.27648147651013,87.57435570728084,9549600
2021-11-22,89.80838775634766,89.9573214501936,86.97860666678984,87.72328195376704,6929400
2021-11-24,89.65945434570312,91.14881174210934,88.61689803224603,90.70200384141272,7807200
2021-11-25,91.29774475097656,92.04242685246246,89.36157946841016,91.14881105777836,11007000
2021-11-26,89.36157989501953,90.25519569396972,87.87222250268503,90.25519569396972,11873400
2021-11-29,86.23392486572266,88.3190306756456,85.787116964864,87.72328226266904,11886600
2021-11-30,85.3403091430664,88.021156550702,85.19137544855805,87.42541495492104,9992400
2021-12-01,87.12754821777344,87.27648192505018,84.74457481260507,85.63819069176172,11160000
2021-12-02,85.19137573242188,86.23392523294929,84.74456782966048,85.19137573242188,8331000
2021-12-03,88.61689758300781,88.61689758300781,85.6381828052958,86.68073229572026,7419600
2021-12-06,88.31903076171875,89.06370605204393,87.42541495913052,88.6168981507498,5631000
2021-12-07,88.7658462524414,89.36158789918662,86.23393232271508,88.31903831294547,12225000
2021-12-08,86.97860717773438,89.21264668728452,86.82966666526602,88.91477248009532,8751600
2021-12-09,87.12754821777344,88.17009780420683,86.23393233861678,86.53180657091838,6943200
2021-12-10,86.82965850830078,87.72327422817266,86.53179114684143,86.6807248275711,6239400
2021-12-13,87.5743408203125,88.91476440429688,87.27646664017811,88.31902286177501,5248800
2021-12-14,86.08499145507812,87.57434885693326,85.3403093452768,87.425415162072,5396400
2021-12-15,86.08499145507812,86.68073305227068,85.63818355274684,86.08499145507812,4863000
2021-12-16,86.23392486572266,88.02115646915732,85.93605065923438,87.27647436181037,5627400
2021-12-17,84.44669342041016,86.68073292888661,84.2977597257609,86.38285872184058,7249200
2021-12-20,80.2764892578125,83.85095250019751,80.12754874421474,83.40414459489938,11237400
2021-12-21,80.87222290039062,82.36158016556874,80.57434872025624,81.31903076171875,7475400
2021-12-22,80.7232894897461,81.61690521539735,80.12754112748063,80.87222317143899,5494200
2021-12-23,82.51053619384766,82.95734413926967,81.31904606680622,81.46797977603083,5836200
2021-12-24,84.59563446044922,85.04244240094059,82.95734322381296,83.10627693139404,6769800
2021-12-27,82.65946197509766,84.14881937774213,82.36158776746974,84.14881937774213,4501800
2021-12-28,83.5530776977539,84.1488192946741,83.10626979562689,83.40414400296075,3087600
2021-12-29,83.70199584960938,84.14880366876699,83.10625436331466,83.55306218247226,3367200
2021-12-30,84.1488265991211,84.8935087732233,82.6594690686648,83.2552107172977,6076200
2022-01-04,86.53179931640625,87.57434881543608,84.89350140271864,85.93605090174847,9251400
2022-01-05,87.12754821777344,87.57435615735176,85.78712439903846,86.68074027819512,5951400
2022-01-06,85.19137573242188,86.8296668307153,84.29775992689909,86.68073313571068,7347000
2022-01-07,85.78711700439453,87.57434860865276,85.04243489670444,85.34030910332999,6327000
2022-01-11,86.82965850830078,87.12753268750704,85.48923492849299,85.78710910769924,4206000
2022-01-12,90.10627746582033,90.10627746582033,87.72329704777553,87.72329704777553,9605400
2022-01-13,92.48922729492188,92.6381609761156,90.25518798828124,90.404121669475,9598800
2022-01-14,93.08497619628906,93.6807246036548,90.85093671303616,90.9998772237513,17872200
2022-01-17,91.74454498291016,93.8296506022082,91.59561130215562,93.38284274219768,6500400
2022-01-18,90.99988555908205,92.3403093718128,90.2552033905378,91.7445609098782,7822800
2022-01-19,87.12754821777344,89.36158791566507,86.68074027819512,89.06371368336347,8951400
2022-01-20,90.85094451904295,90.85094451904295,86.38286516863515,86.82967310367593,12028800
2022-01-21,86.38285827636719,89.36157987822381,84.2977592910403,89.36157987822381,13406400
2022-01-24,87.7232894897461,88.46797165844363,85.04244186373265,85.34031609476128,6894000
2022-01-25,86.23392486572266,87.42541487392828,85.04243485751704,87.12754066743999,9687000
2022-01-26,86.38285827636719,89.2126461843426,86.23392458248597,87.12754038126822,10522200
2022-01-27,83.10626983642578,88.31903096971601,82.6594619340794,87.27647465240945,10939800
2022-01-28,88.9147720336914,89.65945413905189,85.48924253033017,86.08499094171755,18541800
2022-01-31,91.74454498291016,94.12752478146416,87.87221474131695,88.02114842207149,20126400
2022-02-01,90.99988555908205,93.68073318454356,90.85094503472436,92.04243514084548,8799000
2022-02-02,94.42539978027344,94.42539978027344,92.19136029952764,92.34030081007565,9112200
2022-02-03,93.53179168701172,95.31902341872372,93.08498375408372,93.97859961993971,11348400
2022-02-04,92.19136810302734,93.0849839709654,89.8083947277752,92.34030862618236,11805600
2022-02-07,92.34029388427734,93.82965115381914,91.74454552226308,92.0424197032702,12793800
2022-02-08,92.63816833496094,94.57434043301669,91.44668515527005,92.48923464193643,13651200
2022-02-09,93.08497619628906,93.97859198959024,91.44668512040188,93.53178409293965,9915000
2022-02-10,101.12751770019533,103.21262347737114,95.91476348387684,99.04241874076688,37777800
2022-02-14,96.95731353759766,98.14880353414448,95.17008195165116,98.14880353414448,17508000
2022-02-15,96.80838775634766,98.29774526043828,95.765831367511,96.80838775634766,9193800
2022-02-16,98.59561157226562,99.78709475277658,98.14880367513716,98.59561157226562,7059600
2022-02-17,98.74455261230467,99.78710217725768,97.999870455768,98.14881097772412,7804800
2022-02-18,99.19134521484376,99.34027889603747,96.8083722270094,96.8083722270094,6273000
2022-02-21,97.55306243896484,97.9998703689414,95.61689701498244,96.8083871008359,8464800
2022-02-22,96.212646484375,96.95732870089714,95.31903055164784,96.06371276816998,8601000
2022-02-24,90.55307006835938,95.02114907144048,89.65945426774316,95.02114907144048,19274400
2022-02-25,91.14881134033205,92.63816873017326,90.10626184921792,91.74455293271905,10462800
2022-02-28,91.89350128173828,92.63817663129863,89.51052107345056,90.255203240759,15948600
2022-03-01,91.44668579101562,93.5317847788442,91.29774527920824,92.7871094907972,8191800
2022-03-02,86.53179931640625,89.80838832603393,86.53179931640625,89.21264672912369,14707200
2022-03-03,89.80838775634766,90.55306986107234,86.97860666678984,88.76583826393109,14418600
2022-03-04,85.63818359375,88.61689839888645,84.4466935810469,88.61689839888645,19370400
2022-03-07,79.68073272705078,84.29775182359599,79.38286536567469,84.14881132516105,14364600
2022-03-08,76.10628509521484,78.34032484182339,75.65947714589313,78.1913911312989,14079600
2022-03-09,74.914794921875,77.29776816099957,74.46798701342992,76.85096025255449,9930600
2022-03-10,78.48926544189453,80.12755671240726,77.89351696375512,79.68074876267683,24017400
2022-03-11,77.59564208984375,79.38287371711272,76.55308576210511,77.14883418302651,12837000
2022-03-14,79.38287353515625,80.42542304275761,77.29776770220593,77.29776770220593,11884800
2022-03-15,79.38287353515625,80.12754883297968,77.8935093040142,79.53180723117143,8154000
2022-03-16,79.9786148071289,81.02116431043075,79.38287320777751,80.72329691962884,9021000
2022-03-17,85.63818359375,86.08499149629522,81.4679719581629,81.4679719581629,16239600
2022-03-18,85.3403091430664,85.48924283757476,83.70201123248438,84.14881913375697,7942800
2022-03-22,85.78711700439453,87.72328230309176,85.34030910332999,87.57434860865276,8489400
2022-03-23,88.7658462524414,89.21265419193733,86.38286602996436,86.97861449445767,9587400
2022-03-24,90.40413665771484,90.40413665771484,86.97861369810781,87.27648110987919,7416000
2022-03-25,89.80838775634766,92.19136094662016,88.91477195777703,91.29774514804951,13515600
2022-03-28,90.10627746582033,90.70201916145716,89.06372097626996,90.10627746582033,6421800
2022-03-29,91.59561157226562,92.34029361372814,90.404121669475,90.404121669475,8634000
2022-03-30,93.71519470214844,94.6235811029138,92.35261510100035,94.472185679599,8608800
2022-03-31,94.62356567382812,95.0777588001512,91.89840691588968,92.20120464358408,10866600
2022-04-01,91.4442138671875,94.017977228682,91.4442138671875,93.56378410197335,10975200
2022-04-04,91.8984146118164,91.8984146118164,89.32465796740745,90.9900282830985,5766000
2022-04-05,90.38443756103516,93.4123942283346,89.93024440746211,93.1095964824734,9004200
2022-04-06,87.65927124023438,89.77884142147377,87.05368273006752,89.47604370117188,9048000
2022-04-07,85.69110870361328,86.14530184704155,83.11734524737395,85.38831096451531,10609200
2022-04-08,86.75089263916016,87.20508579433901,85.69111092055536,85.99390173704957,8267400
2022-04-11,86.14530181884766,87.65927665296728,85.38831093656916,86.90228577068878,4651800
2022-04-12,84.0257339477539,85.38831341717695,83.87433853907498,84.78272485202368,8911800
2022-04-13,84.1771240234375,85.3883080074477,83.7229308957383,84.93411487974852,7470600
2022-04-14,84.32852935791016,85.23691564567781,83.57153847462465,84.32852935791016,9360600
2022-04-15,83.72293853759766,83.72293853759766,81.90616586097393,83.72293853759766,10191000
2022-04-18,81.6033706665039,82.66315236098613,80.69498437682273,82.20895921614554,7062000
2022-04-19,85.69110870361328,85.69110870361328,83.26874065170425,83.72293379513252,10957800
2022-04-20,85.8425064086914,87.35648128388402,85.69111100030341,87.05369046710804,7839600
2022-04-21,91.4442138671875,92.65539784855616,86.59949180258708,86.90228260010142,26515200
2022-04-22,87.35648345947266,89.62744929403813,87.05369263515574,89.47605388187968,13278600
2022-04-25,84.6313247680664,85.3883156925076,84.32853394264014,85.23692027979448,8332200
2022-04-26,84.93412017822266,85.99390189882112,83.57154071012283,85.53970874278784,6394200
2022-04-27,81.14918518066406,82.81455558196848,80.84638741204597,82.36036239426036,18285600
2022-04-28,94.0179672241211,94.1693626067681,89.62743182299414,90.2330272144549,47807400
2022-05-02,96.5917510986328,97.04594427475422,91.44422381563156,91.44422381563156,24464400
2022-05-06,95.07776641845705,96.74314365856252,94.62357325574078,95.83475733313,14041800
2022-05-09,93.71519470214844,94.472185679599,92.35261510100035,93.8665970559015,10034400
2022-05-10,92.80680084228516,93.10959859501648,90.53583502289452,92.50401001999153,10839600
2022-05-11,89.77884674072266,89.93024214462505,88.56766271819134,89.93024214462505,15760200
2022-05-12,90.23304748535156,92.049820207,88.87046794411523,89.0218633607733,11431800
2022-05-13,105.37281036376952,105.37281036376952,104.91861721564985,105.22141495787544,17273400
2022-05-16,113.09410095214844,114.60807589705132,103.70743966069966,103.85884200649646,49036200
2022-05-17,112.94270324707033,113.2454940716496,110.97452823511628,112.94270324707033,12079200
2022-05-18,112.94270324707033,117.03043482239258,112.03431691245696,115.21366908360363,14561400
2022-05-19,115.06224822998048,115.36504593628425,109.76333341750258,110.06612419336972,15527400
2022-05-20,117.93880462646484,117.93880462646484,113.54827591151091,114.7594598313793,15638400
2022-05-23,116.12205505371094,118.69581863718228,114.91087096788247,117.93882078679708,8926200
2022-05-24,116.12205505371094,116.72764363140632,113.24549371617306,116.27345046552536,12309000
2022-05-25,115.21366119384766,119.30139248924476,115.21366119384766,118.39300621683712,13278000
2022-05-26,113.54828643798828,115.6678567616432,112.63990014648438,115.062261280349,11724600
2022-05-27,115.21366119384766,115.66785433005148,113.54828405095458,115.06225886148822,10134000
2022-05-30,115.51646423339844,117.48463238860772,114.15388468046017,116.8790507167747,12793200
2022-05-31,120.05838775634766,122.17795106027413,116.5762312116926,117.18182666747482,29140200
2022-06-01,121.26956939697266,122.93493963731366,119.15000601282276,119.45279682173712,14647800
2022-06-02,122.1779556274414,123.389132723407,121.72376248384498,122.63214877103783,9183600
2022-06-03,121.42097473144533,123.69194050659158,121.11817005417576,123.38913582932202,7863600
2022-06-06,121.72378540039062,122.48076949527474,119.9070124839669,120.663996578851,10644600
2022-06-07,124.90311431884766,126.71988689075818,121.72376231800426,122.48074626934208,11870400
2022-06-08,128.5366668701172,132.62440539248843,127.32548970600276,130.80763271587898,14583000
2022-06-09,129.2936553955078,130.20204176564224,126.26570544868508,127.6282850038867,12319200
2022-06-10,126.41709899902344,129.14225791976256,125.35731035399988,128.99085558165206,16357800
2022-06-13,123.6919403076172,125.20590824802922,122.63215166062872,124.1461334619158,11193000
2022-06-14,124.90311431884766,124.90311431884766,120.66397369743156,121.87516465262172,12937200
2022-06-15,121.87516784667967,123.54053812761812,120.3611860434515,122.63215181785624,12246600
2022-06-16,122.48076629638672,124.600343884108,122.17797543851668,123.69195744962089,9204000
2022-06-17,120.20978546142578,121.11817178446142,117.030433330801,117.93881965383666,12102000
2022-06-20,118.24161529541016,120.96677405616832,117.48461751017228,120.96677405616832,10335000
2022-06-21,120.36119079589844,122.17796348715729,119.45280445026904,120.209788451335,9174600
2022-06-22,120.20978546142578,123.38913759205056,119.75559229990796,121.26957412525913,10643400
2022-06-23,118.69583129882812,120.96679737048376,117.63604251176318,120.51260415615263,7588800
2022-06-24,118.69583129882812,118.99862215475656,116.57625372469823,117.93883336769164,7355400
2022-06-27,119.3013916015625,120.81537333126836,118.9986007999711,119.90698706561972,5613600
2022-06-28,120.81537628173828,121.11816709072424,119.301394515059,119.301394515059,6657000
2022-06-29,118.39302825927734,121.42099230496616,118.0902373990593,120.2098011423398,10330800
2022-06-30,116.4248504638672,118.69581624755202,115.21366640242276,118.39301156914394,12074400
2022-07-01,111.88290405273438,115.5164490496344,110.21753388277992,115.5164490496344,20423400
2022-07-04,112.63990020751952,113.69968190470254,110.97452302871416,112.48850480233266,8629200
2022-07-05,114.0024871826172,115.51646212589245,113.39689859139466,114.75947811947374,7635000
2022-07-06,110.36893463134766,111.73151407124084,110.06613689011448,110.67173237258083,7065000
2022-07-07,110.52032470703124,112.63989493257486,108.24935908339064,112.63989493257486,9022200
2022-07-08,111.4287109375,113.85107888926196,111.12592014135755,111.5801132660083,12554400
2022-07-11,112.48851013183594,114.60807362662308,112.48851013183594,113.69968729158924,5691000
2022-07-12,109.00636291503906,111.58012657179012,108.70356515235132,110.97453104641464,7024200
2022-07-13,110.97451782226562,111.12592015078675,109.00634992542447,110.06613157288707,7223400
2022-07-14,113.39690399169922,114.45668580941812,109.61195605760358,110.36894703051036,10925400
2022-07-15,116.4248504638672,117.03043209893303,113.3968937754749,115.06226406321872,13972800
2022-07-19,118.99860382080078,119.1500061558771,116.4248472897519,117.48462205266183,10036800
2022-07-20,120.96678924560548,122.02656410061246,120.05840287795606,121.11817773296303,9351600
2022-07-21,120.96678924560548,122.32936879707958,119.9070005297225,120.96678924560548,7627200
2022-07-22,120.6639633178711,121.4209610649664,119.3013840061478,119.75557711005555,5521800
2022-07-25,119.15000915527344,121.11817025643684,116.87904337633476,119.30139763328592,8847000
2022-07-26,123.23775482177734,123.99473883908662,119.60420936129128,120.20979103078834,11320200
2022-07-27,122.78355407714844,123.99473120242376,121.26957227489795,122.4807494001733,10729800
2022-07-28,122.32936096191406,123.69194042611532,121.57236313010776,123.69194042611532,6268200
2022-07-29,121.1181640625,122.78354812247132,120.51258245966898,122.78354812247132,7516200
2022-08-01,121.72378540039062,122.78357422193028,121.11818980795692,122.78357422193028,6540000
2022-08-02,118.84720611572266,119.90699478079418,118.24162447357492,119.90699478079418,6393600
2022-08-03,117.18182373046876,119.14999851677568,116.8790329406038,118.69580540154128,7104600
2022-08-04,119.75558471679688,120.51258251197584,116.27344198594672,117.03042592025126,10527000
2022-08-05,118.69583129882812,119.60421772749038,117.63604251176318,118.0902357260943,10413000
2022-08-08,137.77194213867188,138.98311938667317,130.5048509289112,130.8076417756924,45880800
2022-08-09,136.5607452392578,139.74009750871517,134.59258402732053,138.528920312071,21397800
2022-08-10,137.62049865722656,137.77190096580912,133.22997031705577,136.86351483605844,16450800
2022-08-12,138.98309326171875,140.19427028205246,137.92330470588058,139.74007716681808,14224200
2022-08-15,140.79986572265625,141.85965427849442,138.37749782111496,138.98309326171875,11352000
2022-08-16,138.68031311035156,140.0428925605814,137.46912213623062,139.89149022359754,9150600
2022-08-17,140.1942596435547,141.8596435136207,139.2858734820179,139.8914688766667,9019200
2022-08-18,139.89151000976562,140.95129879679857,138.37752800841525,138.52893036681337,7351800
2022-08-19,149.12673950195312,149.12673950195312,142.9194245454844,143.52501996732545,23442600
2022-08-22,147.46141052246094,149.73237687476208,146.85582873576638,147.00721725200071,15058800
2022-08-23,148.0669708251953,149.5809526522887,146.55298899810197,147.15858450111438,9960600
2022-08-24,147.00717163085938,149.12674880915193,147.00717163085938,148.9753464790241,7873200
2022-08-25,149.42955017089844,153.36588628459185,147.61277752444374,147.61277752444374,18592200
2022-08-26,148.823974609375,150.79214986037508,147.76419966419408,149.5809725540781,8086800
2022-08-29,149.73233032226562,149.73233032226562,145.79599448906214,146.5529784175197,10180800
2022-08-30,150.4893341064453,152.15470435974294,149.88373862303035,150.33793177037288,7847400
2022-08-31,150.4893341064453,151.7005112124004,148.36975684493035,149.12675466441777,10444200
2022-09-01,148.823974609375,150.48935899902014,147.915588164433,150.18655427678803,8173800
2022-09-02,146.55296325683594,147.61275173574248,145.03899555653845,147.61275173574248,9388800
2022-09-05,146.70440673828125,147.9155840105651,144.5848430465653,147.00719759113304,6402600
2022-09-06,149.42955017089844,149.73234099168246,146.55298886038673,148.82395466845512,7787400
2022-09-07,149.2781524658203,149.4295548113517,147.4613797629467,148.9753616356333,8035800
2022-09-08,149.2781524658203,151.24632751422527,148.82395929010193,150.1865388172571,8815200
2022-09-09,148.6725616455078,150.9435273841822,147.6127730138348,150.6407227117757,9195600
2022-09-12,149.42955017089844,149.73234099168246,146.7043912012164,148.06697068605743,7887000
2022-09-13,149.2781524658203,150.03515033260146,147.7641844540095,149.88374798707008,6039600
2022-09-14,148.97537231445312,149.7323563746205,146.09881070841433,146.2502130647985,7681200
2022-09-15,145.64459228515625,148.97534652282798,145.4932038158582,148.97534652282798,6451800
2022-09-16,142.91944885253906,144.28202838776733,142.31386718857703,144.1306399022147,9879600
2022-09-20,146.70440673828125,148.36977722028115,144.13064983684927,144.5848430465653,8698800
2022-09-21,144.58482360839844,145.49320990570592,142.91943948941812,144.4334212718889,8882400
2022-09-22,143.97921752929688,144.28200831916183,141.1026565125212,142.16244506835938,10434000
2022-09-26,133.38137817382812,139.740082007373,132.92718504286063,139.5886935376334,15639600
2022-09-27,136.40936279296875,137.16634684178132,133.53280123007852,135.34957403592992,8182800
2022-09-28,134.44114685058594,137.6204982963768,131.86739077666502,135.04674222245592,13350000
2022-09-29,137.51412963867188,140.7407180453137,135.36306132303793,140.12612508844558,8379000
2022-09-30,132.44375610351562,135.36304055032764,132.13645263883555,135.20940288479454,13327800
2022-10-03,135.51669311523438,135.51669311523438,131.06093351806825,131.67551231759023,8437200
2022-10-04,138.12869262695312,140.43339836637284,137.82140321729966,139.8188195470659,9598200
2022-10-05,138.12869262695312,139.8188195470659,136.89952092153175,139.66516780883543,7980000
2022-10-06,138.43600463867188,140.43340702478028,138.12870114326415,138.43600463867188,6573000
2022-10-07,137.66775512695312,139.35788209185046,135.67035281106772,137.05317629136124,9141000
2022-10-11,135.51669311523438,136.4385753813244,134.59481084914435,135.9776342482794,8684400
2022-10-12,134.59481811523438,137.3604650628077,132.75105348351883,136.7458721632999,10459200
2022-10-13,132.59742736816406,134.133902880474,132.13648612115213,133.82661340473624,8794800
2022-10-14,137.66775512695312,138.128696287051,133.67293642837444,134.90210816636608,12336000
2022-10-17,137.97506713867188,139.2042389526286,135.8239988807367,135.8239988807367,7354800
2022-10-18,139.2042236328125,140.74069878127153,137.36045908138453,140.27975764341454,10513200
2022-10-19,141.9698944091797,142.1235461699876,139.20424711549435,139.3578988763023,9145800
2022-10-20,134.59481811523438,140.126112010381,133.05834289986882,139.66517085245212,22983600
2022-10-21,132.90469360351562,135.20939919162973,132.7510418753725,134.13386522824095,12453000
2022-10-24,135.05575561523438,135.67034849809616,133.21199103345643,134.7484662072072,7756800
2022-10-25,135.6703643798828,136.28494326788075,134.28754078167384,135.6703643798828,8631000
2022-10-26,133.36566162109375,136.43859833612404,133.36566162109375,136.43859833612404,7578600
2022-10-27,133.36566162109375,134.7484852528788,132.75106865136394,134.4411817346092,7959000
2022-10-28,133.82659912109375,134.90211920478836,131.82918257496104,132.4437755276501,21502200
2022-10-31,135.20941162109375,135.36304929655384,133.51928465656988,135.20941162109375,6829200
2022-11-01,138.43600463867188,139.0505834958706,135.6703575808525,137.51412228606543,10903200
2022-11-02,140.4333953857422,142.43081167311425,137.36045915400663,137.9750520270766,11839800
2022-11-04,140.58705139160156,141.0479925437052,138.4359973707206,138.58963504355003,10132800
2022-11-07,138.43600463867188,141.04799994878738,137.8214117146648,140.740710520188,9834000
2022-11-08,140.4333953857422,142.89175281121496,139.2042237064094,140.74069885568076,12795600
2022-11-09,140.58705139160156,143.0454088917567,140.4333996519645,141.81622310827532,19497000
2022-11-10,163.63409423828125,163.63409423828125,157.48820807560753,159.02468313297757,49431600
2022-11-11,170.5482177734375,175.9258595908715,165.1705759560035,166.70703700852354,66324600
2022-11-14,158.5637664794922,167.7825901120208,158.41011473001387,165.9388253855151,25588800
2022-11-15,167.62893676757812,169.4727014765407,158.71741671879792,161.1757602862091,18704400
2022-11-16,171.7773895263672,172.69927178512552,165.17057604980374,166.09245830856207,17805000
2022-11-17,172.54563903808594,175.00398242030914,169.1653993040199,169.1653993040199,14299800
2022-11-18,172.2383270263672,175.3112772020135,171.00915539619265,172.85291987485778,11381400
2022-11-21,172.54563903808594,175.00398242030914,171.6237567530504,173.31386958667977,8362800
2022-11-22,170.3945770263672,173.6211651381989,169.9336358675341,173.6211651381989,9214200
2022-11-24,172.39199829101562,174.08211123238362,170.54823360341118,172.54565003725207,9402000
2022-11-25,174.6967010498047,178.38423035956308,174.23575988608488,175.31129395703374,12178800
2022-11-28,172.08468627929688,177.92326900146296,170.39455949294918,177.92326900146296,11022600
2022-11-29,172.8529052734375,173.9284391507407,169.16537662760416,170.54819986979166,9735600
2022-11-30,171.62374877929688,174.0820920473038,169.6263325655854,172.69926868399742,10265400
2022-12-01,168.3971710205078,170.0872838768706,166.7070440973375,167.78257813328156,11764800
2022-12-02,161.32940673828125,168.08987242694946,160.25387267109008,167.93623475078493,11968200
2022-12-05,158.71742248535156,161.48306964927747,157.9491777841662,160.71482494809212,10102200
2022-12-06,158.5637664794922,159.48564884274504,155.49082995758548,159.0247076611186,11724000
2022-12-07,164.40232849121094,166.0924553129901,160.4075101309093,161.32939237304095,16333200
2022-12-08,164.70965576171875,166.70705819722892,163.01952869559943,166.55342051253348,11046000
2022-12-09,171.47012329101562,172.85294686594318,167.1680008134159,168.85812789397764,19557000
2022-12-12,172.39199829101562,173.77482180671896,169.7800030058454,170.54823360341118,10797000
2022-12-13,170.85549926757812,175.00396923774528,170.39455815978178,172.2383225909672,9374400
2022-12-14,172.39199829101562,172.85293946291674,169.93364068527362,171.77740537287806,8169600
2022-12-15,177.61599731445312,179.15245846102349,172.54564458379392,173.77481631441174,15774000
2022-12-16,174.850341796875,178.23056740703055,174.543038329183,174.850341796875,12728400
2022-12-19,172.6992645263672,176.07950402200782,171.62374464755914,175.77221463760645,8818200
2022-12-20,163.32681274414062,173.0065765329251,161.94398934574284,172.23833193372164,18062400
2022-12-21,155.79811096191406,160.25387078766798,154.72257690736336,159.94658137214253,22651200
2022-12-22,154.415283203125,157.79552294725357,152.5715186275653,157.64187121035448,16178400
2022-12-23,150.42047119140625,152.26423584720771,149.3449371199194,151.9569323600355,10132200
2022-12-26,155.0298614501953,155.18349910578473,151.95691140312223,152.1105631255177,7517400
2022-12-27,152.8788299560547,155.79812897489552,152.57154050500122,155.02989831385713,6976800
2022-12-28,154.72256469726562,155.7980986669394,153.33974133631645,155.18350581758202,8593800
2022-12-29,153.33978271484375,153.9543757300482,151.6496695065445,153.80072395954448,7419600
2022-12-30,154.26162719726562,156.1053917218019,152.87880380386343,154.26162719726562,9176400
2023-01-04,147.80844116210938,151.80327340081908,147.3475000627818,151.80327340081908,11056800
2023-01-05,146.42564392089844,148.73034982766396,145.50376155819225,147.50117803299185,9226800
2023-01-06,147.80844116210938,148.42303398348147,145.04279456614387,145.04279456614387,8203200
2023-01-10,148.73033142089844,150.26680652419182,146.7329292601045,147.96210090265512,9321000
2023-01-11,150.42047119140625,151.34235351930698,149.19128537633327,149.19128537633327,6983400
2023-01-12,151.18870544433594,153.80070074783245,150.4204748413801,150.88141601651526,10991400
2023-01-13,149.65225219726562,150.88143822307518,147.34754598238572,148.88402148124246,11098200
2023-01-16,142.7381134033203,147.65482867888065,142.43082397365094,147.65482867888065,12312600
2023-01-17,144.42823791503906,146.11835084896163,144.12093442391992,144.58187559379047,7562400
2023-01-18,148.88401794433594,151.8033171027694,144.42825739035646,144.88919862238228,15453000
2023-01-19,143.81365966796875,146.57930696927585,143.35271845108423,146.42565520804447,16105800
2023-01-20,145.19647216796875,145.19647216796875,139.66517799014136,142.27717332962368,16067400
2023-01-23,148.42306518554688,149.8058887742321,147.19389335120746,148.7303546274295,10757400
2023-01-24,149.4986114501953,151.18872461775794,149.19130791659475,150.1131903837762,12202800
2023-01-25,151.95692443847656,152.26422790962897,148.73033645902697,148.88398819460318,9949800
2023-01-26,152.7251739501953,153.33975277860625,151.035047005046,152.8788116238942,9565800
2023-01-27,152.8788299560547,153.33977116603958,151.64965808503143,152.72519226393266,7123800
2023-01-30,150.42047119140625,151.80329468325735,149.3449371199194,151.64964293967122,8130000
2023-01-31,150.88140869140625,152.11058040982246,149.80587464603727,151.3423498441633,9339000
2023-02-01,148.26937866210938,151.4959662790751,147.96208929228595,150.88138753942826,15509400
2023-02-02,146.73292541503906,149.65220974794926,146.57927368869406,148.42303813760844,6651600
2023-02-03,150.42047119140625,151.34235351930698,147.04023130016756,148.1157653716544,14658600
2023-02-06,151.49600219726562,154.8762423339671,150.88142331190826,153.3397669869557,14295000
2023-02-07,153.954345703125,155.1835174269885,150.57410587899074,152.57152223872566,12948600
2023-02-08,152.8788299560547,153.33977116603958,150.88142742399307,150.88142742399307,15102000
2023-02-09,153.18609619140625,154.10797838700788,151.34233180020297,151.4959694549326,13651200
2023-02-10,142.12351989746094,153.80068582320902,141.04798590424457,153.33974469280298,51781800
2023-02-13,143.3527069091797,143.3527069091797,137.97506450077256,141.3552904412303,23477400
2023-02-14,145.81106567382812,147.19388922373753,143.9673009406156,144.88918330722186,13056600
2023-02-15,146.11834716796875,148.11576354269187,144.73552369319302,147.50117064274448,9957000
2023-02-16,149.3449249267578,149.9595177841163,147.19387102621337,147.65481215253052,14211600
2023-02-17,148.57669067382812,150.42045513279265,147.65480844434586,148.57669067382812,8310000
2023-02-20,148.42306518554688,149.8058887742321,147.80847223497267,149.03765813612108,7705200
2023-02-21,151.8032989501953,151.95693663129194,148.26940721603867,148.88400014085036,13191000
2023-02-22,144.58187866210938,150.26682456676144,144.58187866210938,150.1131728179411,22432800
2023-02-24,148.11575317382812,149.80586594685707,146.42562633399237,148.57669429981846,13396200
2023-02-27,146.27198791503906,147.0402184321229,144.73551281406458,146.1183361848996,11156400
2023-02-28,148.42306518554688,151.18871236291733,148.11577574366427,149.9595405285779,20511000
2023-03-01,149.95953369140625,150.72776429449098,147.34752432066313,148.1157689905562,12943800
2023-03-02,150.88140869140625,151.95692866996757,150.11316405893942,150.88140869140625,13477200
2023-03-03,149.4986114501953,151.4960140845484,148.1157877494231,150.57413161736693,15489000
2023-03-06,149.4986114501953,150.57413161736693,149.19130791659475,150.57413161736693,9951000
2023-03-07,151.03506469726562,151.95694711467883,149.4986033794498,149.9595445881564,11209800
2023-03-08,152.7251739501953,153.18611510490737,149.959527021923,150.2668164361285,12102600
2023-03-09,152.7251739501953,153.6470562596194,151.9569293144701,153.49340451911283,10629000
2023-03-10,150.42047119140625,151.18870177572086,149.65222654028364,150.42047119140625,15969000
2023-03-13,144.88916015625,146.73292459485845,144.12091559562558,146.5792728693723,16641000
2023-03-14,139.35789489746094,142.2771798017954,138.5896501821652,141.6626009097298,18076200
2023-03-15,140.58705139160156,142.5844677396531,139.51151734775726,141.81622310827532,13625400
2023-03-16,137.66775512695312,139.35788209185046,134.59481874857013,135.97764222886366,14849400
2023-03-17,136.13128662109375,139.35787456756702,135.9776348870879,139.20422283356118,30922800
2023-03-20,134.59481811523438,137.97505796231547,134.1338769573055,135.67035217267104,14037000
2023-03-22,137.51412963867188,138.74330148559906,135.67036483487655,138.28236028465022,10939200
2023-03-23,138.12869262695312,138.89693725129803,135.055756329996,135.9776386257639,10503000
2023-03-24,138.89694213867188,139.66517272324106,137.05317748225946,138.74329039503485,7981200
2023-03-27,139.05056762695312,139.81881221098942,138.12868537955495,138.74327823342264,6647400
2023-03-28,141.3552703857422,142.58445606861036,139.97244704262036,141.20163272548854,10141800
2023-03-29,142.89175415039062,142.89175415039062,140.58704843828755,141.50893072312877,9583800
2023-03-30,145.08287048339844,145.86540546164994,143.67429892530717,144.76985935784398,6334800
2023-03-31,146.804443359375,147.74349100203355,145.08286079074432,145.55238461207358,10737000
2023-04-03,145.8654022216797,147.90001031441784,145.08286726080988,147.90001031441784,10839000
2023-04-04,143.5177764892578,146.0219083104826,141.6396812055217,145.86539559392796,20947200
2023-04-05,138.6660614013672,141.17017928228992,138.509548660535,140.23113149476086,18032400
2023-04-06,136.78794860839844,137.72699627772673,136.00539933147132,136.31842477373428,11453400
2023-04-07,137.1009521484375,137.57047595716503,135.06634420104172,135.8488934347406,8464800
2023-04-10,136.9444580078125,139.13557896484502,135.53588639060504,138.04001848632876,10801800
2023-04-11,139.13555908203125,140.074606692644,138.35300985403435,139.29205746464712,12486000
2023-04-12,141.32666015625,142.8917442254747,139.4485650046719,139.7615760870253,12649200
2023-04-13,140.07461547851562,141.01366314802806,139.1355678090032,140.85715042686587,8647200
2023-04-14,139.91810607910156,141.48319034168853,138.8225456624176,140.85715377090762,9848400
2023-04-17,140.85716247558594,141.48319908505462,139.60510358538014,140.54415133521738,6537000
2023-04-18,141.01365661621094,141.4831804292186,138.97904865026786,140.54413280320327,7510800
2023-04-19,140.85716247558594,141.95272295997324,140.38763860066732,141.95272295997324,6214800
2023-04-20,142.10922241210938,142.2657351478118,140.2311268986069,140.38763963430932,8129400
2023-04-21,140.7006378173828,144.1438173845715,140.38762670354032,142.2657220440559,14164800
2023-04-24,141.63967895507812,142.1092027685521,140.0746091293179,141.17015514160414,6450000
2023-04-25,140.7006378173828,143.36128243560012,140.54413942482674,142.42223476534232,5518200
2023-04-26,141.01365661621094,141.17015500139374,139.44857246327553,139.76158356237073,8962200
2023-04-27,141.9527130126953,142.42223685471222,140.23111603947953,140.23111603947953,6907200
2023-04-28,143.98731994628906,143.98731994628906,142.42224988222767,143.36129765215725,9156000
2023-05-01,145.23939514160156,146.02193018413644,144.76987125033426,145.7089190328689,8067600
2023-05-02,144.9263458251953,145.70889506775433,143.36127599753664,145.5523823534966,7144200
2023-05-08,146.49143981933594,146.96096366491074,144.30033331623045,146.02191597376114,13275000
2023-05-09,147.58700561523438,148.36954061014117,145.86540856621576,146.4914451593799,9667200
2023-05-10,146.64796447753906,148.05653612888557,145.5524039724701,147.9000233913809,8235000
2023-05-11,143.67428588867188,146.96095255932775,143.04824936563708,145.39586841610557,10775400
2023-05-12,143.98731994628906,144.45684383125385,141.01367822733334,142.89177376719246,22497000
2023-05-15,148.52606201171875,149.15208431269957,143.51779763148028,146.33494097208992,30980400
2023-05-16,147.2739715576172,149.93461617670943,144.9263523812007,149.15206689875038,15889800
2023-05-17,146.49143981933594,150.87366715427757,146.49143981933594,148.21302247686663,19374600
2023-05-18,151.0301513671875,152.5952354817045,148.2130085582945,148.52603397843546,20089200
2023-05-19,150.7171630859375,152.1257347035631,150.24763921339564,151.0301742247216,13005600
2023-05-22,162.14224243164062,162.45525355820664,149.46509836784995,151.0301683294109,41955000
2023-05-23,163.08131408691406,164.6463842782898,161.35971681617457,161.98575348996465,28339800
2023-05-24,162.14224243164062,163.7073123932016,160.8901692679148,162.76826468477265,12957000
2023-05-25,165.5854034423828,165.898428889423,159.95111734042578,161.82921270774477,15739800
2023-05-26,172.9412841796875,174.66286680022043,165.27239009053116,165.89842664742056,33461400
2023-05-29,170.59365844726562,175.60190772374963,169.65461081237927,174.34984898681108,17374200
2023-05-30,177.323486328125,177.323486328125,169.8111054163777,169.8111054163777,20176200
2023-05-31,175.2888946533203,176.85396447473636,173.72381050317463,176.85396447473636,24976200
2023-06-01,174.0368194580078,174.1933321697134,171.06317823670744,173.09777184523307,17235000
2023-06-02,177.63653564453125,177.63653564453125,171.84573646993798,172.47177307303036,18921000
2023-06-05,182.7230224609375,183.03604790590785,179.04509527674458,179.82763023170958,17041800
2023-06-06,183.97509765625,184.52287069802435,180.21890690412727,181.23620378991703,13509000
2023-06-07,179.3581085205078,186.79224083141463,179.27985932270226,184.5228708077476,22592400
2023-06-08,176.54098510742188,182.4100338144505,175.28892615949982,181.1579748665285,16436400
2023-06-09,180.2971649169922,181.1579634493501,177.40177251357937,178.1843075156212,15223200
2023-06-12,183.3490447998047,185.22714000902164,180.45365279517165,181.15793849862803,16387200
2023-06-13,185.93142700195312,188.20079683840527,182.95777145716025,183.42729526272072,17277000
2023-06-14,188.12255859375,190.3136795332425,185.54017731620849,187.8095474575645,15006000
2023-06-15,184.36636352539065,188.2790671195807,184.2098651251601,186.2444589580049,14853000
2023-06-16,186.5574645996093,187.33999950383333,181.8622265168065,184.67936936648823,15313800
2023-06-19,185.3836669921875,188.74858305819208,184.44461931528107,187.80953538128563,9289800
2023-06-20,188.12255859375,188.43558405866685,183.9751073065497,185.14891697815943,9943800
2023-06-21,190.86143493652344,191.40920795632587,185.6184236649,188.0442919854308,13854600
2023-06-22,191.95700073242188,193.75683256069,189.6093815401327,190.6266784138812,11861400
2023-06-23,184.28810119628903,192.50476812860768,182.41000589747333,190.31366172289933,15840000
2023-06-26,186.47921752929688,188.4355764555308,183.58382523239527,186.8704921802898,10245600
2023-06-27,184.9923858642578,186.7922319581314,182.1752429323148,186.47920652431776,8878200
2023-06-28,189.60939025878903,189.60939025878903,185.3054119891989,188.592079009532,9691200
2023-06-29,189.6876220703125,191.48746814507768,188.4355633345405,190.00063317207304,7690200
2023-06-30,188.2008056640625,190.47016127820643,187.261758008905,189.06158979547016,10992600
2023-07-03,192.8960418701172,194.85238635446083,190.15714812905213,190.15714812905213,9808800
2023-07-04,191.3309631347656,192.5830219209583,190.5484281844865,192.50477272454947,5096400
2023-07-05,190.07891845703125,190.78320426317663,188.3573213784105,190.78320426317663,7533600
2023-07-06,185.6966857910156,189.2181147251057,184.9924000041976,187.34001929359096,10363200
2023-07-07,184.36636352539065,186.0096970289281,183.1925538800067,183.97510319608327,7093800
2023-07-10,183.818588256836,185.93144559312145,182.56652942639187,185.6184344676931,8611800
2023-07-11,182.4100036621093,185.69667039476,181.783967127266,185.61842120117825,6324600
2023-07-12,179.9058837890625,184.209861967514,179.6711218640099,184.1315984400092,7768800
2023-07-13,180.7666931152344,182.3317774855496,177.79303711025503,179.67113262314058,5539200
2023-07-14,181.157943725586,183.9750866206945,179.51461037010594,181.62746754143737,8548200
2023-07-18,183.66207885742188,184.67939010877487,182.0970088731929,182.4100200042925,5605800
2023-07-19,183.7403106689453,185.30538038300728,180.84490447334628,184.83585660304297,9255600
2023-07-20,181.5492248535156,184.6793935375508,181.47097565147072,183.8968442021763,7230000
2023-07-21,181.62747192382807,182.80128149177887,179.5146147015167,180.29714963724047,5618400
2023-07-24,184.6793670654297,185.54015115073204,181.23618773803224,181.62746234963384,6975000
2023-07-25,185.8531951904297,185.8531951904297,183.66207434042792,185.38367134096228,7187400
2023-07-26,185.46192932128903,187.7312994774136,184.60113078026288,187.7312994774136,9220200
2023-07-27,185.0706481933593,186.00969590398736,182.95779084444635,183.81858935543235,8203200
2023-07-28,184.9141540527344,186.40097485256047,180.53192652596863,182.80129665516128,12428400
2023-07-31,185.7749481201172,188.12256757542085,184.67940192679688,187.0270213821005,7661400
2023-08-01,189.8441467285156,191.4092166645056,187.41826396888905,188.0443005405234,10504200
2023-08-02,194.6176300048828,200.721439872346,189.45286780933708,190.3136662848381,28495800
2023-08-03,182.7230224609375,188.82683236436367,181.0796890253997,188.4355720512464,18585600
2023-08-04,181.4709625244141,184.2881055390233,179.5928671813412,181.07968788503044,16798200
2023-08-07,179.9058837890625,181.07969341432548,177.94953918986778,180.7666822904989,8391600
2023-08-08,176.14968872070312,178.96683175308434,175.7584284075816,177.87128568186748,11661000
2023-08-09,176.93223571777344,177.63652146676668,175.13238958299166,175.75842613611798,10088400
2023-08-10,179.43637084960938,179.43637084960938,173.80208430575354,175.0541575346537,15011400
2023-08-14,189.6876220703125,204.16461120423224,188.74857443630103,195.7914316913869,31996800
2023-08-15,182.1752471923828,190.93968729824715,181.549210638846,190.93968729824715,16771200
2023-08-16,181.4709625244141,182.01873555656687,176.54096224884785,180.61016404926224,12594600
2023-08-17,186.3226928710937,187.4965023299021,181.8622169276219,182.95776287002388,12616200
2023-08-18,178.88858032226562,181.70572331946667,176.38444843739907,181.54921059893428,13421400
2023-08-21,177.08872985839844,180.2188982201584,176.46270764903036,178.88857594997393,11334600
2023-08-22,178.5755615234375,179.1233345286274,175.21063131357624,177.2452392779996,10179600
2023-08-23,180.7666931152344,181.78399007513684,177.16701482511428,178.26256098847642,6990000
2023-08-24,184.8358917236328,186.08796492726265,181.15796430089,181.70573737202096,9884400
2023-08-25,181.31446838378903,182.3317796846932,180.7666952955012,182.01875420961568,9194400
2023-08-28,185.3836669921875,186.08795274986733,182.8012858806948,182.9577842743589,7870800
2023-08-29,186.0096893310547,187.02700053410743,185.2271543760937,186.47921316977727,6363600
2023-08-30,188.0443115234375,189.4528831453359,185.7749413563573,187.02701457275472,10301400
2023-08-31,188.9051208496093,190.0006670655665,186.3227393954168,187.9660730480848,13077000
2023-09-01,189.6876220703125,190.4701569890788,188.5138125277982,189.84413478555769,6824400
2023-09-04,190.7831878662109,190.86143706170256,189.1398544597756,190.1571513160874,5975400
2023-09-05,191.17446899414065,191.5657436716747,188.59208764562536,191.5657436716747,5940600
2023-09-06,195.1654052734375,195.55667991746304,191.09620342474776,191.1744526220607,8789400
2023-09-07,192.50477600097656,196.9652525180724,192.50477600097656,194.0698602569028,9220800
2023-09-08,188.5138092041016,190.8614282477392,187.18348696979703,190.8614282477392,11392200
2023-09-11,186.94873046875,189.9223861195474,186.5574701693216,188.98333847495127,5198400
2023-09-12,188.8268280029297,189.45286454968004,186.2444469495883,187.73128195702915,5638200
2023-09-13,193.83511352539065,193.99161193313628,188.7486000415591,189.84416053943724,12232800
2023-09-14,192.11349487304688,194.46111401336407,190.07890117059205,194.1481029042318,11677800
2023-09-15,194.22634887695312,197.4347664250663,193.60032666907483,195.86968224791087,12031200
2023-09-19,195.55667114257807,197.59127913999268,192.27000440068605,193.2873012350284,6235200
2023-09-20,193.67857360839844,196.1044418753311,192.739525978782,195.4784196747399,7573800
2023-09-21,192.58302307128903,195.32191690672133,191.878737313212,192.89604851625472,6413400
2023-09-22,191.8787384033203,192.97429880946345,187.105250792144,188.74858423699345,9265200
2023-09-25,194.8523864746093,195.94794683745693,192.81777846610103,193.991588023177,5669400
2023-09-26,193.20904541015625,195.0871406267799,192.5830088950385,194.852378724702,6951600
2023-09-27,196.260971069336,198.13906648626727,191.56573252700733,191.7222452546619,10536000
2023-09-28,194.66729736328125,198.8905388285162,193.2329905928833,196.0219252877203,10071000
2023-09-29,191.47994995117188,193.95014003085464,190.6831177362309,193.6314100629828,11171400
2023-10-02,192.83457946777344,196.65939747645308,192.3564772166885,192.5158349067016,8849400
2023-10-03,185.5833435058593,191.958044749594,184.5474602075798,191.87836590834857,12217200
2023-10-04,176.65878295898438,182.07728003774275,175.46352732326727,181.83822891059936,14548800
2023-10-05,181.5194854736328,181.59917891019035,176.34005408040488,179.6070764446199,10916400
2023-10-06,183.2725372314453,185.9020996523766,182.9537926655292,183.2725372314453,8055600
2023-10-10,191.7986755371093,193.87045675725,187.6551276873505,187.6551276873505,11679600
2023-10-11,188.5316619873047,192.35648005236905,188.29261085823816,191.878377794236,7546800
2023-10-12,193.1533050537109,193.1533050537109,189.08943601173928,190.2050127691213,8841600
2023-10-13,191.24090576171875,193.3126871043117,190.60343121233865,192.9939425343601,8070600
2023-10-16,188.0535583496093,188.9300694227412,186.9379815586418,188.21291604080267,6493800
2023-10-17,190.76280212402344,193.4720434059697,189.48786762496457,191.1612255383332,6526800
2023-10-18,187.8144989013672,192.67520007787223,187.8144989013672,192.67520007787223,9277800
2023-10-19,180.48361206054688,183.51159805354743,179.52740749333867,183.51159805354743,9640200
2023-10-20,180.9617156982422,182.4757014108093,177.45562739540236,178.9696276984934,7518000
2023-10-23,178.73056030273438,180.40391815570973,177.45561125916666,179.28834139021862,7194000
2023-10-24,177.5353240966797,179.52741213300524,171.24030080618934,179.44773328051994,11749800
2023-10-25,176.4197235107422,180.0054902487654,176.10099355309197,178.96960694351054,8814600
2023-10-26,172.03712463378906,173.94953356129565,170.52312450583153,172.5152268656657,14158800
2023-10-27,177.13687133789062,177.29624360701,172.8339513863629,172.8339513863629,11326800
2023-10-30,172.03712463378906,175.54319794053634,167.7342045468992,175.54319794053634,27350400
2023-10-31,170.6824951171875,171.87775068523504,167.57483064026394,171.7980718442059,13058400
2023-11-01,175.8619384765625,176.10098958704694,173.63078505169312,175.30414282508423,13195200
2023-11-02,174.3479461669922,179.68676426651336,173.3120628388194,178.88991746897506,10089600
2023-11-06,185.3442840576172,185.82238626463644,180.7226342532717,181.28041529795368,17536800
2023-11-07,185.7427215576172,188.5316561742421,184.94588934880548,186.53955376642887,18735600
2023-11-08,183.9896850585937,190.60342303889448,183.5912616585009,185.82240059987103,24337200
2023-11-09,165.18431091308594,169.0091285319128,160.80171225502056,167.49514308796762,70554600
2023-11-10,168.5310516357422,170.76219071823945,163.59065660608022,164.94528457966257,23094600
2023-11-13,171.2402801513672,176.8978281679952,170.28407567478342,172.43553574709688,17211000
2023-11-14,170.76217651367188,173.55111107769318,169.40756324329428,171.3199721807895,12672600
2023-11-15,174.0292205810547,174.6666951170204,168.69041693772596,173.23238835398973,16418400
2023-11-16,182.0772705078125,182.95378153444648,175.14478818349977,175.30414586623934,28508400
2023-11-17,180.2445373535156,180.4039096240552,177.53529629747405,178.96960296076463,17490000
2023-11-20,179.44772338867188,184.30842493281727,179.44772338867188,181.51949016327896,14346600
2023-11-21,179.2086639404297,179.6867661878559,177.1368826714086,178.4915105692904,9047400
2023-11-22,181.83824157714844,182.5553950085344,178.0134232764233,178.65088326619488,10221000
2023-11-24,182.6350555419922,184.4677856574481,182.23663214545243,183.2725300583513,9613800
2023-11-27,181.67886352539065,183.27254263034925,180.32423555664965,183.27254263034925,7872600
2023-11-28,179.2086639404297,181.99758399006743,178.9696128167166,181.6788540219575,11733000
2023-11-29,180.80230712890625,183.1131392501391,179.68674507632844,180.56325603327943,11692200
2023-11-30,181.4397888183593,182.39599323900947,179.52737997705913,181.59916108530825,11625000
2023-12-01,179.92581176757812,180.8820162329673,177.61497944604676,180.24454172586712,16701000
2023-12-04,179.12896728515625,180.24454403926927,176.02130273275506,179.28833956160736,9162000
2023-12-05,176.97750854492188,178.88991751466628,176.0213040600497,178.4915087063179,10765200
2023-12-06,178.1727752685547,179.1289798130917,175.70258505867525,176.65878960321226,10767000
2023-12-07,172.11680603027344,176.89782842000326,171.79807606779892,176.89782842000326,16219800
2023-12-08,167.81387329101562,170.44343540811133,166.29988784467977,170.04501204201395,18319200
2023-12-11,169.4872283935547,171.87773937230722,168.05292180630315,171.00121381659093,10498800
2023-12-12,170.76217651367188,173.07300884331937,169.80597204492423,173.07300884331937,9700800
2023-12-13,173.15267944335938,173.6307816549752,171.87774507589103,172.11679618169893,11919600
2023-12-14,164.54685974121094,173.07302175372837,164.54685974121094,173.07302175372837,19023600
2023-12-15,167.89356994628906,168.45136563612758,163.98907307003398,164.30780304242535,13059000
2023-12-18,166.61863708496094,167.1764181896956,163.59065125099488,166.06085598022628,8938800
2023-12-19,166.61863708496094,168.84977609442262,163.4312935585124,165.26400915572188,17382000
2023-12-20,173.3120574951172,174.10888967756438,170.8418675161654,171.4793274259143,17352600
2023-12-21,170.6824951171875,173.23237852586294,169.80596950377864,172.6745828670927,7535400
2023-12-22,172.03712463378906,173.07300793934772,170.76217562176984,171.71838008552314,6774600
2023-12-25,172.11680603027344,177.45560950196426,171.87775491078693,175.30414942658584,7137600
2023-12-26,170.04502868652344,173.391744435868,168.5310430919942,172.91364218596163,13560600
2023-12-27,173.07301330566406,173.07301330566406,171.08092547458523,171.63870656556188,10243200
2023-12-28,172.75428771972656,173.8698499299746,171.95744089466592,172.35586430719624,5727600
2023-12-29,172.83396911621094,174.50732704679666,171.71839229897938,172.196494564861,8139600
2024-01-04,177.4556121826172,178.17276555191,171.39965526098533,174.02921761505905,10711200
2024-01-05,177.21653747558594,180.8023038448572,177.21653747558594,178.4914863561184,10353600
2024-01-09,175.54319763183594,178.41181101805128,173.86983982321033,177.77435110368486,12478800
2024-01-10,177.85403442382812,178.33213666690293,174.1088953229013,174.3479464444387,10893600
2024-01-11,181.20074462890625,182.07727024479613,179.84611678444398,180.3242190130163,10861200
2024-01-12,179.92581176757812,183.2725273964404,178.7305561858416,183.2725273964404,12284400
2024-01-15,182.3163146972656,182.9537745850546,181.3601102750606,181.6788402189551,1350600
2024-01-16,184.22872924804688,185.02556142772525,182.23662691306788,182.95378025193503,8882400
2024-01-17,185.5833435058593,191.55962136232245,185.5833435058593,186.778599077152,15412800
2024-01-18,185.9817810058593,187.1770366678508,183.98969309938147,184.786525343868,7856400
2024-01-19,188.1332244873047,190.3643633280093,186.7785966605258,189.00975009175244,6909000
2024-01-22,189.56753540039065,190.12531647543,188.61133093431047,189.6472142423899,7935000
2024-01-23,190.76280212402344,194.8266713422044,190.0456487325797,190.4440721468895,10719000
2024-01-24,190.1253204345703,193.15330617038583,188.7707071397633,192.35647396223337,7721400
2024-01-25,190.44406127929688,191.95804682244216,189.0894334203633,189.80658677088303,7929600
2024-01-26,185.66305541992188,188.85039906382028,185.0255808549328,188.85039906382028,12838800
2024-01-29,187.6551208496093,189.40815745476087,185.34428859559736,185.50366086534635,9233400
2024-01-30,187.7348022460937,189.9659556908796,187.0973423394596,189.64721114704045,5287200
2024-01-31,194.98602294921875,195.38443173075711,188.5316431106644,189.64720520759764,18258600
2024-02-01,191.6393280029297,192.75489021934544,190.52375119599083,192.1971091111376,11282400
2024-02-02,192.2767944335937,193.63142241689056,191.7190133066003,193.3126924286834,6887400
2024-02-05,197.7749481201172,199.44830590120344,194.98602821198804,195.5438092755095,14257800
2024-02-06,196.3406677246093,197.85466802758887,192.9142728635682,196.6594123097229,11560200
2024-02-07,197.934310913086,200.1654496508536,194.1094933109007,195.3047488115836,12006600
2024-02-08,200.4842071533203,202.23724380427075,197.9343237233288,200.80293711062345,17684400
2024-02-09,248.29440307617188,248.29440307617188,248.2147388290441,248.29440307617188,22926000
2024-02-13,272.0401916503906,274.9088052706056,248.7725381149644,248.7725381149644,70125600
2024-02-14,269.6496887207031,272.35894472919176,265.9045638821537,270.7652509919407,22117800
2024-02-15,270.28717041015625,270.84496618108807,260.0876639055815,269.4903526585965,23362800
2024-02-16,276.5024719238281,282.2396992088024,270.6855803805939,270.9246315174678,27066000
2024-02-19,280.4069519042969,285.5067186423586,277.53833858558284,281.4428497741804,16906800
2024-02-20,278.0961303710937,281.2037947565147,276.66182373166873,278.8929479389677,16187400
2024-02-21,279.76953125,284.630218378965,278.4148886498871,280.0085823934261,13626000
2024-02-22,285.5863952636719,287.5784976594277,280.56632173844497,281.76157733968944,13209600
2024-02-26,280.3272705078125,289.4112130736938,280.3272705078125,286.86134418572453,11180400
2024-02-27,279.0523376464844,282.080308633616,277.4586441323784,282.00061520359765,11829600
2024-02-28,299.0529479980469,304.5511237006489,293.6344657282946,301.2841014884365,23755800
2024-02-29,291.3236694335937,295.865641455518,288.4550555250101,295.865641455518,19123200
2024-03-01,295.2281188964844,299.69039652660973,285.5067168811585,286.7019724232496,18909000
2024-03-04,297.6983642578125,299.53107994680533,292.99700569315,295.3078528456273,20598600
2024-03-05,313.5553894042969,318.25674775254555,299.5310661587301,304.073037632805,22651200
2024-03-06,319.85040283203125,322.95806743353825,314.0334824406568,314.3522269985957,15478200
2024-03-07,313.3163146972656,322.3205927118096,312.67885479167745,320.16913270177514,16173000
2024-03-08,314.19287109375,317.8583022161513,311.005513039403,313.3960242849019,13728000
2024-03-11,302.4793395996094,307.4994127771577,298.97323729142005,306.7822594660794,13145400
2024-03-12,302.32000732421875,305.6667233801365,296.98121783190595,304.5511610885133,12207000
2024-03-13,303.1168212890625,308.21658826174,297.0608498328233,307.57909915200213,12854400
2024-03-14,305.98541259765625,310.6070769941143,305.3479527150921,308.21656595819513,11636400
2024-03-15,308.45562744140625,313.4757007857634,302.31996278871816,303.435554097049,12834600
2024-03-18,321.44403076171875,321.5237241874161,309.01337376711234,310.2086292473629,11670000
2024-03-19,327.4203186035156,327.8187565636656,319.05352997496715,319.6113256105514,12820200
2024-03-21,334.27313232421875,339.4525631142053,331.7232344618207,334.59184767123656,11322000
2024-03-22,342.3212280273437,344.5523816986717,334.5122339492664,336.82305187885987,15298200
2024-03-25,346.1460266113281,355.94712266869305,341.04625958617186,342.3212086377223,21029400
2024-03-26,352.4410705566406,355.0706330724393,340.24946252884666,343.91489385441344,13788600
2024-03-27,345.5882263183594,351.9629423100029,341.44469302294056,349.7317887948232,16965600
2024-03-28,360.7966918945313,363.6280758961156,346.31629602588043,348.2578029412322,19690200
2024-03-29,371.0705261230469,371.2323084983578,363.2235921072129,363.4662804827021,10538400
2024-04-01,352.626220703125,370.3424726723805,349.8757424858506,369.5335015202299,18543000
2024-04-02,363.22357177734375,368.4009333730157,356.50920363963115,360.6349057920299,13953600
2024-04-03,362.1719665527344,367.26842249883583,359.0170176337192,359.74508276887656,11653200
2024-04-04,376.8141174316406,388.1395939920889,372.1221622173535,372.1221622173535,31762800
2024-04-05,378.9174499511719,380.04998579799,365.650466031097,368.7245384546741,14957400
2024-04-08,389.8384094238281,392.6697637289772,383.4476061135871,383.9329828301866,17212800
2024-04-09,409.81976318359375,412.5702413341702,395.9056493043152,395.9056493043152,35572800
2024-04-10,419.4464416503906,422.4395786941273,404.7233263202012,407.1502102070404,34331400
2024-04-11,431.4190368652344,438.537905940164,416.291480815448,417.0195459608937,46944600
2024-04-12,447.9218444824219,448.1645328629659,433.9268244127314,439.1041864060196,36076200
2024-04-15,451.3194580078125,455.20247189173,430.1246936414594,445.7376255496811,40478400
2024-04-16,413.3792114257813,445.57585951890775,409.3343853983458,439.9940268560892,54739800
2024-04-17,422.7631530761719,437.7289264616027,419.93179855056223,429.5584276376717,33540000
2024-04-18,430.6909790039063,437.2435654237396,396.3910402106126,401.4065903112717,34901400
2024-04-19,419.04193115234375,428.5876840855115,406.3412588673758,428.1023073198428,36566400
2024-04-22,414.5117492675781,431.82353009170777,401.3256708659009,428.8303635572661,35578800
2024-04-23,421.7923889160156,433.2796483549114,417.8284689802248,428.7494456782804,19690800
2024-04-24,435.2211608886719,441.61193499181593,425.6754082962567,429.8820166569058,27126600
2024-04-25,425.7563171386719,435.7065405461257,423.2485273804771,429.3966427755452,18452400
2024-04-26,436.8390808105469,439.0232762145996,416.6150394165247,417.6666989305284,19734000
2024-04-30,441.3692626953125,450.75323325512335,435.22117674238456,440.88388592928936,24446400
2024-05-01,445.3331604003906,452.8564998948932,426.4034674787392,427.7786917048697,25672800
2024-05-02,449.7015686035156,449.9442569837658,433.1178527447404,437.97162034974326,17578200
2024-05-07,475.5074462890625,477.7725181041205,452.9374267654968,453.01830314279033,34566600
2024-05-08,464.5864562988281,465.71899217515073,451.8048487836988,459.3281884175861,26515800
2024-05-09,451.8048400878906,468.79302603099,448.2454205272087,463.04941113476673,29483400
2024-05-10,458.1956481933594,467.0942119944158,442.0164332027898,445.9803235448277,27876600
2024-05-13,460.2989196777344,460.2989196777344,448.0027191323594,453.01826877092464,21323400
2024-05-14,458.0338439941406,463.6965526772336,425.1091032115284,437.0008329210853,42687600
2024-05-15,446.7084045410156,453.0183024628647,438.5379055685087,453.0183024628647,24439200
2024-05-16,462.4831237792969,462.8876241429829,438.6187873236207,453.82724852207264,25195800
2024-05-17,460.5416564941406,466.1234894432838,454.7980411606179,455.4452003231839,12034200
2024-05-20,470.8154296875,481.97909451514175,465.8807563741797,466.77063346554326,26560200
2024-05-21,489.4215393066406,496.5404080788435,475.5883021314236,475.6692081302704,28143000
2024-05-22,487.8036193847656,497.99653083459657,486.8328659133532,494.7606760548734,19386000
2024-05-23,494.4371337890625,500.5852492624856,477.2871352645261,494.275321786442,20280000
2024-05-24,518.544189453125,519.1913189636132,488.7743952177995,494.11353955483605,30823200
2024-05-27,540.3861083984375,540.8714851247684,519.8384739003997,521.4564160715322,39114600
2024-05-28,552.6823120117188,553.3295007684962,540.224328381874,546.534226197655,37345800
2024-05-29,530.35498046875,559.1540209750171,530.35498046875,555.1091949389981,36997800
2024-05-30,522.2654418945312,525.6630795276741,508.5130793436821,520.1621226573149,27154800
2024-05-31,521.6181640625,524.2068596627156,514.1757604932733,521.6181640625,22510800
2024-06-03,497.6730041503906,529.8696239142001,495.2460906612325,529.8696239142001,30999000
2024-06-04,489.4215393066406,510.7781456232492,488.6125978183541,497.5111615648236,30277800
2024-06-05,492.8192138671875,496.216851325686,482.70720749667225,485.0531853906196,25789800
2024-06-06,508.9984436035156,517.5734731092184,500.747038126392,503.65929888302384,22054800
2024-06-07,510.93994140625,519.3531587434024,503.9829136708103,508.99843427076064,16585200
2024-06-10,527.281005859375,531.9729617451732,512.0725133587205,513.205078951884,18686400
2024-06-11,535.37060546875,540.2243734240424,528.2517655510202,533.1055335063126,20323800
2024-06-12,523.2362060546875,532.7819303235865,509.6456552480722,525.8249021488379,19354800
2024-06-13,514.0139770507812,538.1210024945079,513.5286003019137,533.9144237543526,15752400
2024-06-14,546.3724975585938,548.3140048750591,504.1447134254721,510.2928594276799,36063000
2024-06-17,529.5460815429688,538.2828638232377,521.4564880705298,537.7974870298895,23550600
2024-06-18,523.5597534179688,536.6649269737809,518.058855869915,535.5324206109979,16647000
2024-06-19,516.6026611328125,532.6200934838603,513.2050239674387,527.2809493668443,14952000
2024-06-20,504.7918395996094,511.10173759460446,485.3767688457783,509.6456072880672,28521600
2024-06-21,496.7022399902344,512.0725149262273,490.0687769244766,504.7918630552383,26922600
2024-06-24,503.8210754394531,507.2187127497385,491.0394973376809,491.6866564741484,13764000
2024-06-25,503.3356628417969,506.8951119015401,495.7314176233028,499.1290843167101,11485200
2024-06-26,505.9244079589844,513.0432475249728,503.4975241012504,509.6456101241452,11134200
2024-06-27,510.93994140625,513.3668253256117,503.33572487561526,503.33572487561526,11217000
2024-06-28,513.8521728515625,516.1173038807243,508.3512757809521,509.6455940475501,13391400
2024-07-01,504.4682922363281,516.9262766496845,499.129147594876,512.8814503530979,16325400
2024-07-02,516.1173095703125,524.854091278869,506.0861503307968,506.7333390962764,19908000
2024-07-03,515.4701538085938,519.3531681499014,503.6592987704173,514.4994002232669,14731800
2024-07-04,501.3941955566406,515.1465569079347,497.8347462156944,514.9847449037712,16313400
2024-07-05,506.4097900390625,511.26355780541104,500.5852687194443,503.1739053614336,15261000
2024-07-08,499.6144714355469,507.8658759161044,495.24605120314817,500.9087896432515,12509400
2024-07-09,556.403564453125,565.787475401677,531.325726340392,532.1347270860228,61896600
2024-07-10,566.7581787109375,574.5242059807424,550.0936180278719,563.0369770608513,41724000
2024-07-11,549.6083374023438,583.2610886210551,539.5771775918753,580.9960166880927,31177200
2024-07-12,537.959228515625,548.637516569318,534.0762146779184,547.6667631098913,19044000
2024-07-16,537.959228515625,549.6082700287446,535.8559096035043,538.4446052453383,11373000
2024-07-17,533.4290161132812,542.4893618174053,528.7370608959811,538.7681600416216,13818000
2024-07-18,503.17388916015625,514.4993666670082,497.8347447890835,510.7781645826551,23554800
2024-07-19,513.0432739257812,526.9573890094345,509.8074483656542,514.499404315353,24810600
2024-07-22,501.232421875,520.8093058718463,499.9381034930118,516.6027266928114,15386400
2024-07-23,504.95361328125,508.3512504052986,497.5111503071138,505.6007427571997,10141200
2024-07-24,490.7159118652344,514.0139967015659,490.3923174786031,505.7625916553652,15186000
2024-07-25,462.6449279785156,479.0668307412016,444.3623946743364,472.3524625426737,31425000
2024-07-26,454.0699157714844,470.8154123980116,453.6654450516552,465.8807392659045,23276400
2024-07-29,481.655517578125,488.6126040666456,475.6692142130441,476.15459096224106,23826600
2024-07-30,478.0151977539063,481.1701466619327,470.1682932967945,478.338792132309,14127000
2024-07-31,494.9224853515625,495.4078620846222,465.3145046349204,468.38854740261695,22572000
2024-08-01,480.1184997558594,491.6866354668529,469.4402115226207,486.5092737211767,18289200
2024-08-02,438.45697021484375,458.0338514375204,436.5154632919367,444.1197086150044,23065800
2024-08-05,357.5608825683594,393.47876208778126,357.5608825683594,373.012032576699,36325800
2024-08-06,396.06744384765625,403.9952545398527,373.74011245428346,382.1532999159011,38757000
2024-08-07,428.7494812011719,437.7289516746543,377.7849190543797,379.8882381945966,34443600
2024-08-08,410.6287536621094,425.3518393675711,406.260362665704,412.5702607716229,25392000
2024-08-09,491.5248718261719,491.5248718261719,491.5248718261719,491.5248718261719,3722400
2024-08-13,545.4016723632812,549.2846864869002,506.4097783720033,507.7040966631784,72784800
2024-08-14,584.2317504882812,586.3350693280632,544.7544839960525,546.0488021474099,58074000
2024-08-15,577.1129760742188,598.14598906497,566.9200639652544,567.8908174994415,48622200
2024-08-16,642.96240234375,645.8746629370283,599.1167406894552,599.1167406894552,79410600
2024-08-19,640.5355224609375,659.1416516715046,631.3133638587589,636.005378788,60909600
2024-08-20,667.0695190429688,669.8199677595823,637.7850997362979,643.447809182301,54723600
2024-08-21,660.1123657226562,679.2038705597632,643.2859918366187,659.9505537261256,45655800
2024-08-22,654.9349975585938,662.3774009881786,641.1826376124857,659.9505174241646,30399600
2024-08-23,650.0812377929688,655.0967577153422,640.697268155809,643.6095284656082,27865200
2024-08-26,622.414794921875,646.6836320094177,618.0464042461173,643.7713715589126,27156000
2024-08-27,623.0619506835938,630.019037358747,607.0445175304052,618.8553718277368,27949800
2024-08-28,645.3892822265625,648.6251668104882,613.354415896313,620.635067335006,29410800
2024-08-29,660.1123657226562,660.5977424621582,625.3270524750463,639.0793539275415,42486000
2024-08-30,680.6600341796875,688.1024383838717,669.9817453866385,675.8062665464834,47070000
2024-09-02,714.3128051757812,715.1218059724763,688.7496479522505,696.515676399915,39891600
2024-09-03,687.6170654296875,719.9755559970307,680.1746611842752,719.328367225654,49494000
2024-09-04,630.01904296875,658.9798369555976,625.3270873088958,651.2138086909598,55052400
2024-09-05,633.9019775390625,653.8024224694618,617.3991695479996,620.4732417669518,44540400
2024-09-06,615.2959594726562,637.9469159043999,604.4559172982741,630.9898288110662,37089600
2024-09-09,622.2529907226562,630.6662074351354,582.4520974003023,590.0563133663313,44130600
2024-09-10,625.6506958007812,640.2119998147638,610.1186381858666,624.5181301829945,38988000
2024-09-11,624.0326538085938,635.3581304290157,613.3543659022238,621.6057701935097,36282000
2024-09-12,659.9505615234375,671.114226663881,645.8746359115739,655.2586060695132,35759400
2024-09-13,668.2020263671875,675.1591134254618,650.4048971891581,659.9506209550863,40690200
2024-09-17,669.1727294921875,679.5274532923878,655.096803673988,671.2760485024088,29855400
2024-09-18,672.0849609375,694.7359145676159,655.4203993275895,677.9094817138002,34117200
2024-09-19,714.7981567382812,719.8137363504982,682.7632905217386,693.9269560214428,46381800
2024-09-20,746.8330078125,755.2462245801328,727.2561850216023,732.9188940334193,70446600
2024-09-24,786.310302734375,786.310302734375,752.8193083586516,758.158452389564,59149800
2024-09-25,778.0588989257812,793.5909543004693,774.0140730885931,783.0744782238874,41289600
2024-09-26,807.3433227539062,808.4758289694831,780.0004135835046,797.3121640582071,49872600
2024-09-27,817.197998046875,831.2061555845343,796.67438926701,814.10314826798,55200000
2024-09-30,784.7836303710938,828.2741304352453,782.3403438506358,789.9959550645541,52768800
2024-10-01,814.4288330078125,823.0618186154944,793.7423799114066,799.7691136557686,42720600
2024-10-02,783.4805908203125,823.3875854647608,783.4805908203125,799.4433767479815,40059000
2024-10-03,782.991943359375,829.90304674216,774.1961114751028,817.3608022512553,53878200
2024-10-04,778.4310913085938,796.1856600417939,774.3589271934983,784.2949790020672,28801200
2024-10-07,812.3114013671875,821.1072334506281,790.3218211585861,801.2351286061894,40660200
2024-10-08,845.377197265625,860.036917449422,824.0391799927274,827.4597813689468,70050000
2024-10-09,854.498779296875,883.3295622657903,847.1689192200321,864.9234890674584,76805400
2024-10-10,842.1195068359375,862.1544578794864,821.1072411073375,860.199828509384,53035200
2024-10-11,888.704833984375,892.7769985428752,847.4947696406033,851.8926858895829,83397000
2024-10-15,863.2946166992188,905.3191480649444,863.2946166992188,899.2924139539502,68684400
2024-10-16,886.0985717773438,886.0985717773438,839.0245663244681,849.4492750537938,69163200
2024-10-17,842.608154296875,867.3667728109659,825.1793361841541,865.4121434637863,94043400
2024-10-18,864.5977783203125,873.8822681904891,836.907154729941,850.5895608544117,61098600
2024-10-21,835.7669677734375,874.6966498087831,833.3236810421281,873.882240781865,44353800
2024-10-22,823.8762817382812,859.8740195186934,812.8000684944362,847.0060825642345,64691400
2024-10-23,818.5009765625,824.3648641557836,798.3031216354512,816.7092530147353,46261800
2024-10-24,836.0927124023438,836.9071214223931,793.5795236361229,803.0269188010234,62354400
2024-10-25,830.5545043945312,834.6266684449336,814.7546247940468,819.8040437939525,46321200
2024-10-28,829.7401733398438,852.7070685971893,814.5917956169137,832.3463657348339,64607400
2024-10-29,859.8740234375,868.0183523058912,820.9443414165434,824.8536001851936,58975200
2024-10-30,914.929443359375,929.7520095272336,864.9234891680258,872.0904435826985,105415200
2024-10-31,933.6612548828124,940.6653631848494,900.9212136706644,907.5995703018694,63163800
2024-11-01,884.4697875976562,902.7130148865036,872.742011408516,901.0841371989382,57479400
2024-11-05,881.3749389648438,905.6449600418794,875.1852991854091,904.016082352321,57883200
2024-11-06,939.8509521484376,942.2942388007726,897.663516067933,897.663516067933,78082200
2024-11-07,946.0405883789062,962.9806892239366,915.5809283392496,956.3023922817766,97930200
2024-11-08,904.3418579101562,1031.392829786769,869.8100913937724,977.314709431205,220398600
2024-11-11,962.3291625976562,977.3146337652056,898.6408057471066,900.7583406704484,141599400
2024-11-12,943.923095703125,984.3188097868984,922.7479836105824,952.0674246469232,106485600
2024-11-13,937.7333984375,964.4466454193206,933.3354825511334,943.9230379496098,74445000
2024-11-14,918.67578125,954.8364237034576,913.9521136058138,934.8014731549202,77763000
2024-11-15,899.7810668945312,928.2860385733546,897.3377801991719,921.9334931654204,74785200
2024-11-18,858.7338256835938,896.5232857165622,856.4533850665587,892.4511811085968,76844400
2024-11-19,920.3046875,935.9417225603862,862.3173093840311,863.1317780604628,134684400
2024-11-20,919.1644287109376,934.149900133712,900.1067930279355,926.00563126381,78614400
2024-11-21,910.0428466796876,982.8527882543945,908.4139690428208,944.7375168260244,119721600
2024-11-22,936.4302978515624,954.8363697075466,901.5727237003192,926.3313404929452,133775400
2024-11-25,918.67578125,951.2529167299576,911.345921293218,943.1086477726064,190240800
2024-11-26,856.6162719726562,916.069558662636,848.6348492888616,911.8345484888628,113370600
2024-11-27,868.18115234375,871.1130962649678,826.645280126498,842.9338773501141,132410400
2024-11-28,860.0369262695312,903.5274299274791,840.1648808112157,860.0369262695312,143769000
2024-11-29,866.8780517578125,866.8780517578125,842.4451867139057,854.4987135853833,83797800
2024-12-02,922.25927734375,922.25927734375,861.6657690824984,871.4389155762486,140515800
2024-12-03,979.269287109375,982.2012310827564,909.7170407461996,915.7438343527788,157923600
2024-12-04,1006.9599609375,1023.5743109794583,973.242543848852,980.5724041614808,145284000
2024-12-05,1038.396728515625,1069.996605981799,1024.0628212851077,1043.771958639706,160116600
2024-12-06,997.186767578125,1050.6133255680502,988.7167464258544,1048.6586961251328,147197400
2024-12-09,1007.9371948242188,1026.6690187985512,979.1063535891296,1008.5886981438408,135958800
2024-12-10,953.044677734375,984.3187461512892,943.1086256975674,977.9662010041036,118453800
2024-12-11,973.2424926757812,973.2424926757812,943.2715496292748,952.88179053923,99967800
2024-12-12,998.4898681640624,1032.5329768760798,994.5806093779725,1001.7475639356192,160276800
2024-12-13,1021.782470703125,1023.737100011022,986.2733914931814,999.1413280031346,113046000
2024-12-16,1057.128662109375,1059.8977601093688,1016.4072572740836,1033.998921342289,128556000
2024-12-17,1027.320556640625,1091.3346670557528,1027.320556640625,1064.621479139236,127273200
2024-12-18,1017.7103271484376,1052.5678420388335,1014.9412293011408,1021.456620311197,94919400
2024-12-19,1017.0587158203124,1029.4381139681918,977.477533060914,985.1331444254118,102180600
2024-12-20,1017.0587158203124,1027.8091767217804,989.0424029350364,1010.7061707421724,91944000
2024-12-23,1033.673095703125,1058.4317734454933,1010.0546979279017,1045.7266829055195,94265400
2024-12-24,1001.74755859375,1046.2153770483994,994.7434500891696,1042.794775628811,80674800
2024-12-25,1024.2257080078125,1024.2257080078125,1006.3082337813552,1015.2670305451336,65182800
2024-12-26,1088.076904296875,1088.076904296875,1013.6380332822538,1019.8277318594844,147144600
2024-12-27,1091.49755859375,1105.6686202469248,1071.9512666583364,1096.2211662774096,111554400
2024-12-30,1066.576171875,1095.2439908215297,1044.5865906540814,1092.6378579994214,115836600
2025-01-06,1076.349365234375,1103.714178593714,1066.250406251389,1088.0771423883773,114045000
2025-01-07,1063.318359375,1097.198561450795,1048.9844506700688,1091.334673439536,108892800
2025-01-08,1069.833740234375,1075.6976281880975,1044.4235591015763,1053.0565450227036,98402400
2025-01-09,1025.040283203125,1110.066662842985,1022.1083390776124,1069.9967597943153,203056800
2025-01-10,1026.994873046875,1060.223571855612,1020.4793623738354,1029.2751944114425,152406000
2025-01-14,994.58056640625,1022.2711283944758,974.5456159931653,1020.4793450945632,106141200
2025-01-15,981.8754272460938,1005.8195754393228,967.5414598098388,992.7887339112592,88109400
2025-01-16,967.54150390625,1003.0506426381944,965.749780264015,998.1640097355902,94168200
2025-01-17,971.125,974.7084472444654,942.7828754545004,960.5373849717156,82921200
2025-01-20,983.830078125,991.9743468030848,961.5146876991774,977.3146273922016,79096800
2025-01-21,984.9703369140624,1000.2816208192406,962.9807556063606,993.4404177457334,84573600
2025-01-22,1130.916015625,1139.7118484049467,994.5806671863844,999.3043352772808,305887200
2025-01-23,1185.1568603515625,1218.7113698030987,1142.9694843502195,1156.4890434561555,253397400
2025-01-24,1189.066162109375,1193.9527355417438,1158.4437148006032,1174.4064418122684,148400400
2025-01-27,1062.341064453125,1171.8003093645784,1058.75761703556,1170.3343373345144,193296000
2025-01-28,964.4466552734376,1023.0855940080136,961.188959652287,1018.0360554417084,192107400
2025-01-29,980.5723266601562,1001.5846508795004,925.8427073181838,999.3042103065508,276453000
2025-01-30,984.3187255859376,998.652633543844,956.4652589840651,974.0569221010372,136201200
2025-01-31,1024.5516357421875,1039.0483911909084,995.720791912362,1000.6073655020688,189448800
2025-02-03,985.296142578125,1009.8919162270408,973.2425546081776,993.2775063508518,104935800
2025-02-04,1027.4835205078125,1034.3247231379826,991.6486297043564,1001.5846819793117,143974800
2025-02-05,1023.9000244140624,1063.3184249084036,1006.6341706393896,1040.0257174388682,150031200
2025-02-06,1032.69580078125,1051.1019336053769,1013.3124725826332,1039.2113114859735,114262800
2025-02-07,1014.7784423828124,1046.8668612942156,1014.7784423828124,1036.116399886087,107409000
2025-02-10,1087.2625732421875,1087.2625732421875,1010.054714108585,1025.2030915335324,191002200
2025-02-12,1199.8165283203125,1230.601938497954,1087.5883136089024,1097.6871516992474,413539200
2025-02-13,1177.33837890625,1241.1896444784782,1156.814770611724,1216.2681201208395,242359200
2025-02-14,1129.124267578125,1199.8166166173378,1118.5366521031085,1178.967316295695,212530200
2025-02-17,1145.4127197265625,1151.276607370214,1110.880897169138,1123.9117983665076,125109600
2025-02-18,1122.2830810546875,1181.736312125838,1120.817109012367,1145.41282239982,132689400
2025-02-19,1123.2603759765625,1136.2911588115105,1098.175886382127,1122.934564650301,89630400
2025-02-20,1096.8729248046875,1138.8974576736678,1090.357413818057,1113.3243096883136,143344800
2025-02-21,1077.16357421875,1088.4026925258752,1061.2008480412494,1080.5841754426576,107500200
2025-02-25,996.372314453125,1029.1123561737525,985.4589473293978,995.7207514507884,126750600
2025-02-26,1029.60107421875,1029.60107421875,969.4962179639298,984.4816906967884,182801400
2025-02-27,1079.1181640625,1121.6313491492183,1040.5142373745605,1058.7575227695934,305515800
2025-02-28,1000.11865234375,1040.5143052146886,972.916747428904,1030.2525012488388,216063600
2025-03-03,1010.2174682617188,1037.2565846117736,1001.74744830326,1025.5288096072477,158190600
2025-03-04,946.0405883789062,970.3105491545582,921.281970274546,961.3518712286112,174596400
2025-03-05,1016.2444458007812,1020.1537046154648,956.9540005612308,962.3292314314205,173758200
2025-03-06,998.4898681640624,1028.949529422534,978.45491688535,1026.6690886969443,148450800
2025-03-07,952.7188720703124,983.5042833507492,945.3890122416371,964.7724591111688,126315000
2025-03-10,940.339599609375,956.6281373536142,928.6118238012576,950.6014034414776,99868800
2025-03-11,921.44482421875,923.2366075398116,857.2678675961279,883.3295522512883,183431400
2025-03-12,930.2406616210938,950.1127663756208,916.5582562198704,916.5582562198704,153091800
2025-03-13,936.4302978515624,969.8218404438004,934.9643259431068,955.3250270103651,128937600
2025-03-14,1011.846435546875,1012.6607848568036,934.80142713788,936.4303047093874,208976400
2025-03-17,998.0011596679688,1029.438134011809,989.3681738574256,1029.438134011809,131258400
2025-03-18,1009.5660400390624,1032.532934463959,992.7887852210462,1012.0093266800088,139843200
2025-03-19,955.9766235351562,1010.2175264022388,953.6961829415544,1004.5166038698898,148874400
2025-03-21,970.6364135742188,996.8610050993595,963.4693992607154,970.3106022368876,152711400
2025-03-24,996.372314453125,1006.4712725618472,974.5456398562249,987.4135766858532,174675600
2025-03-25,1011.846435546875,1073.2542908500586,1003.3762960352564,1040.514251321445,170501400
2025-03-26,1021.4567260742188,1043.6092725440956,1005.8196905901236,1037.5824189171915,158232600
2025-03-27,949.7869873046876,982.0383725599208,944.7375677640872,982.0383725599208,128657400
2025-03-28,937.6767578125,948.7160228337498,921.365037724038,922.3536268203084,105094200
2025-03-31,889.4006958007812,901.9227843916376,861.06112099757,889.7302053935855,155396400
2025-04-01,861.8848876953125,902.746609652406,859.7429849271255,897.9683889015824,126314400
2025-04-02,881.9862670898438,889.2359004174449,853.3171830296927,870.4527074125183,136194000
2025-04-03,806.0296020507812,840.3007099416914,795.4846921910307,816.0802777139603,150993000
2025-04-04,707.1707153320312,765.1679625830021,690.6942705754171,762.8612747983618,184565400
2025-04-07,592.0001220703125,624.9531343074199,591.8353974360518,591.8353974360518,143424000
2025-04-08,707.3355102539062,707.3355102539062,684.1036661016117,684.2684510666526,44455200
2025-04-09,660.70703125,668.1214495321273,634.6742049500943,661.2013258021418,200997000
2025-04-10,776.0424194335938,776.0424194335938,776.0424194335938,776.0424194335938,7406400
2025-04-11,767.9689331054688,772.417583982297,717.8804597551227,741.4418128046864,186045600
2025-04-14,766.65087890625,801.9105783842749,766.3213693054547,788.2350550402294,154891800
2025-04-15,775.8776245117188,791.5303248010778,761.0487886620234,771.9232682851333,154275600
2025-04-16,752.1515502929688,782.6330889908527,741.2770697569804,771.4290385158573,154629600
2025-04-17,758.7421264648438,763.5202869529202,738.1465405390637,749.3505301112073,124651200
2025-04-18,771.92333984375,775.218677230513,747.0438865042405,749.021064800821,102073800
2025-04-21,750.339111328125,775.5481328549592,748.1971482096807,767.8042051785666,108349800
2025-04-22,730.2378540039062,745.5609854461138,725.4596330058105,738.8055861974107,114196200
2025-04-23,773.7357177734375,774.0652273443836,751.8219736850622,760.8840601036075,138313800
2025-04-24,798.4505004882812,808.1716067357117,789.223628462854,795.9790276848081,133568400
2025-04-25,868.6403198242188,877.0433272759026,823.3299453001293,832.0625226815948,245049600
2025-04-28,858.2601318359375,877.702344093023,847.7151612238517,877.3728345028203,142580400
2025-04-30,864.5211791992188,866.0040628685141,837.4997635605107,840.3007459340605,114669000
2025-05-01,915.4334716796876,921.365006053422,868.3107062643454,878.0318722693133,218813400
2025-05-02,910.98486328125,922.5184229907624,890.5540015972055,916.25731841252,166179000
2025-05-07,935.2052612304688,936.5233598789968,910.9848289892992,921.0355046580548,130540200
2025-05-08,971.9478759765624,972.1126006017372,942.9492219802984,951.5170143435614,165465600
2025-05-09,987.7652587890624,994.6853822293292,969.1467912120768,983.6461175807696,131686800
2025-05-12,997.81591796875,1015.4457369203736,989.4129105641656,991.0605791877653,122913600
2025-05-13,946.2445678710938,1026.81452039219,942.9492305958196,1021.54212556461,266065200
2025-05-14,993.0377807617188,1010.0085809340914,956.789492560622,979.1975329462244,220276200
2025-05-15,949.0455322265624,990.4014892992332,946.244549900596,976.5612419542624,140493600
2025-05-16,953.1646728515624,956.1304401375256,932.898596397482,939.4891501404954,118984800
2025-05-19,954.6475219726562,980.1860525653632,941.960588815694,943.2787477875814,135592200
2025-05-20,1008.6904296875,1014.2924549119972,952.6704187972975,959.5905427586856,165002400
2025-05-21,998.3102416992188,1014.951472030788,983.6461896382792,1005.0656410163318,119748600
2025-05-22,981.6689453125,991.0605414660436,951.8464882909832,968.8172874181772,127092600
2025-05-23,1029.285888671875,1034.3936790315431,985.4584624766576,985.6232474252972,171404400
2025-05-26,1039.336669921875,1046.7510878572466,1019.0705942318594,1038.018510952017,142657200
2025-05-27,1068.005859375,1068.005859375,1031.7575098378138,1047.4102117142072,157572600
2025-05-28,1073.2781982421875,1111.0094295395174,1068.5000980189864,1087.6127402665527,143574000
2025-05-29,1132.75830078125,1150.0586087606423,1100.793882003058,1112.1626558180876,220879200
2025-05-30,1106.8902587890625,1114.6342472217193,1090.4138134683426,1100.6292747329765,149736000
2025-06-02,1121.7191162109375,1125.0144536060536,1088.436655026595,1099.3111356853528,130230600
2025-06-03,1101.947265625,1135.559294691023,1101.947265625,1129.4630355273905,112734600
2025-06-04,1103.759765625,1131.4402613146551,1091.0728315414467,1127.6506294170624,122979600
2025-06-05,1132.0992431640625,1133.417402188738,1097.6634699948547,1098.98150834215,144510600
2025-06-06,1136.7127685546875,1147.0929543620105,1125.343993622858,1125.343993622858,109590000
2025-06-09,1164.8875732421875,1171.4781272625958,1143.6329067981826,1151.2120499555213,117684000
2025-06-10,1133.41748046875,1172.7963225308642,1132.0993213530353,1166.5352175779549,126792000
2025-06-11,1100.629150390625,1146.433694583629,1100.629150390625,1144.786086440909,94712400
2025-06-12,1106.3958740234375,1114.4694317346202,1097.3338479374331,1107.219738459392,79649400
2025-06-13,1117.1055908203125,1117.1055908203125,1086.2946066385218,1107.219700636062,90244200
2025-06-16,1129.4630126953125,1133.087799060227,1106.8901887001173,1121.2247302179132,63976200
2025-06-17,1134.4058837890625,1154.671958401416,1130.2868031586827,1136.712631694307,78556200
2025-06-18,1117.1055908203125,1130.781112467649,1108.8673087743136,1126.167616596752,74775000
2025-06-19,1136.5478515625,1140.667053106387,1111.3388304776045,1117.105640232621,70354200
2025-06-20,1130.286865234375,1147.9166230154326,1124.19048558085,1131.2754542941493,59624400
2025-06-23,1106.0665283203125,1116.446714339969,1091.8967103533987,1111.8332178796422,61975200
2025-06-24,1169.336181640625,1169.336181640625,1128.474458581116,1134.7355631120756,114256800
2025-06-25,1184.1649169921875,1202.4538137948966,1168.5122173406553,1178.068537606371,101074200
2025-06-26,1226.67431640625,1226.67431640625,1176.5857228641537,1176.915292781331,106593600
2025-06-27,1252.048095703125,1259.2977893321213,1225.8504845415516,1239.1964373974474,101028600
2025-06-30,1247.4346923828125,1280.7171511314907,1236.065917980642,1276.762794817692,103935000
2025-07-01,1298.3470458984375,1305.76146407804,1228.4866697101506,1239.1964250842586,139915200
2025-07-02,1246.4461669921875,1265.2293604424676,1219.7542605102103,1248.9176398145928,151939800
2025-07-03,1269.5130615234375,1290.1087069041482,1256.661403906768,1264.5701162862567,121171800
2025-07-04,1239.03173828125,1285.989721518724,1238.702168348526,1285.1658570256056,99552000
2025-07-07,1220.9075927734375,1239.0317673049112,1212.6693096814247,1222.5552011208856,74461800
2025-07-08,1287.63720703125,1289.2848151829787,1237.7134611924184,1245.6221734045107,100874400
2025-07-09,1270.9959716796875,1298.1821710528277,1247.269834044947,1298.1821710528277,105710400
2025-07-10,1278.5751953125,1300.1593088449852,1271.819796664215,1280.2228034824395,92983800
2025-07-11,1237.713623046875,1293.2393404045188,1232.935401901436,1274.9504410224365,107304600
2025-07-14,1244.3040771484375,1247.928984213136,1221.2370791529368,1242.32689899583,64876800
2025-07-15,1293.404052734375,1294.2277964945808,1250.5651534955605,1257.15570696408,120760800
2025-07-16,1310.7044677734375,1325.5333047915756,1279.72863466531,1294.0631771161766,119364600
2025-07-17,1320.7550048828125,1321.084574800442,1285.6600927021689,1305.2671495922646,85652400
2025-07-18,1332.1239013671875,1352.060409325118,1313.5054318458451,1331.62960678412,129797400
2025-07-22,1391.1094970703125,1397.2058765719896,1346.7878357793084,1347.776424814459,120553200
2025-07-23,1377.269287109375,1423.7329729938729,1338.7143137158555,1415.8242605028945,146499600
2025-07-24,1434.1131591796875,1436.7494771301783,1390.7800857429854,1391.60382950981,138613800
2025-07-25,1459.322265625,1468.3844130091609,1440.539072346577,1445.1525686911116,111569400
2025-07-28,1452.2374267578125,1470.3616009685582,1436.2552761059685,1468.8787172788805,114360000
2025-07-29,1472.9976806640625,1475.7987231908928,1438.8913585278813,1441.6924010547116,97929600
2025-07-30,1604.1505126953125,1616.8374461601074,1532.4778041373131,1541.86940043112,173414400
2025-07-31,1709.435302734375,1713.5545044943008,1641.0579292417624,1642.3760882862243,116350800
2025-08-01,1695.4302978515625,1710.25913427592,1640.2340331573266,1671.539434949224,82730400
2025-08-04,1692.135009765625,1700.373292688554,1619.6385544824304,1620.2975736724068,68212800
2025-08-05,1758.86474609375,1758.86474609375,1701.1971286332214,1726.7356001141425,73965000
2025-08-06,1800.8797607421875,1801.70362521362,1720.1450248953083,1738.2691985251709,68484600
2025-08-07,1896.4434814453125,1931.044100268605,1705.3162134337113,1804.175124357405,150049200
2025-08-08,1828.06591796875,1957.406361726108,1815.7085545740144,1896.4434092045376,123525600
2025-08-12,1916.2152099609373,1932.6916544276223,1879.143119402863,1893.1480911656763,73978800
2025-08-13,1977.1781005859373,1982.9449102717715,1921.1580946284607,1973.882763525836,75985800
2025-08-14,1961.5255126953125,1980.47355102896,1926.1011501500047,1972.235268245749,56997600
2025-08-15,2022.4886474609373,2041.436565673598,1933.51562522819,1960.701826465974,87120000
2025-08-18,2043.084228515625,2051.322390596554,1986.2402343638817,2006.0120164419209,51924000
2025-08-19,1978.8258056640625,2046.3794343007503,1935.987025172156,2038.141272263204,69486600
2025-08-20,1866.7857666015625,1896.4434392183,1853.6045385461084,1868.4333748544773,55290000
2025-08-21,1885.7337646484373,1919.5105196828376,1848.661672289687,1850.30928061317,46152000
2025-08-22,1892.32421875,1909.624527604372,1870.080964508665,1891.5004749704244,31732200
2025-08-25,1893.9720458984373,1945.8729751534947,1875.024007147383,1941.7537733324564,47047800
2025-08-26,1898.9149169921875,1927.748725220548,1861.8428261225613,1903.033997974131,39877800
2025-08-27,1923.629638671875,1933.5155295418333,1884.9098189796184,1927.748719641898,40321200
2025-08-28,2029.9029541015625,2030.7269392882465,1864.314393794701,1874.2002851967457,81501000
2025-08-29,2104.047119140625,2108.990064793544,2017.545690891939,2036.4936090023311,81165600
2025-09-01,2045.5557861328125,2102.399661965275,2013.4265182457737,2080.9801500405824,67172400
2025-09-02,2047.2032470703125,2095.80895984536,2018.3694376127005,2059.560611220344,65391600
2025-09-03,2059.560546875,2090.865948861951,2031.5506027949448,2059.560546875,66064800
2025-09-04,2165.010009765625,2202.905842726987,2104.870923279273,2106.518410785367,87938400
2025-09-05,2197.962890625,2237.506452323529,2158.419328926471,2223.501601791798,73345800
2025-09-08,2233.387451171875,2233.387451171875,2193.843890200066,2216.087143246709,54690000
2025-09-09,2126.290283203125,2286.9360100193467,2125.466539414628,2272.9311588411047,69784200
2025-09-10,2245.744873046875,2254.806778438114,2191.3724752804446,2197.962908045937,55356000
2025-09-11,2305.060546875,2351.194548273352,2260.5740332270857,2306.708034625437,83454600
2025-09-12,2323.1845703125,2365.199610413896,2313.2986785239364,2347.8992997839096,57183000
2025-09-16,2301.764892578125,2398.976315763872,2275.402677269077,2364.3756969853293,63183000
2025-09-17,2216.910888671875,2298.469483238399,2197.962851906859,2283.640647862668,54577800
2025-09-18,2241.625732421875,2256.454568579021,2207.025114721868,2249.040150500448,35992200
2025-09-19,2302.5888671875,2340.4847023673447,2232.5636447914626,2306.707827548612,58656000
2025-09-22,2347.899169921875,2365.199479594984,2320.71296900699,2339.6610076719835,38878800
2025-09-24,2400.623779296875,2400.623779296875,2286.9360330218965,2320.712907656629,46083000
2025-09-25,2397.32861328125,2430.281503458957,2334.718049537177,2352.0183591175573,49841400
2025-09-26,2323.1845703125,2415.452813220836,2319.0653682823386,2380.8521919608625,37692000
2025-09-29,2435.1552734375,2444.278649289201,2337.284432727626,2350.555195226022,49536000
2025-09-30,2397.83154296875,2444.278479511104,2389.5372562353805,2440.960910612917,36900000
2025-10-01,2371.290283203125,2433.496219278758,2341.431433886821,2413.590319734556,34999800
2025-10-02,2348.06689453125,2452.572870689949,2348.06689453125,2433.496301981125,41755200
2025-10-03,2344.7490234375,2347.2372609024114,2299.131417578105,2324.843123718209,37356600
2025-10-06,2405.29638671875,2416.9079999931173,2338.943304184291,2411.931524877832,54336000
2025-10-07,2536.34326171875,2656.608232311748,2438.4726708911776,2438.4726708911776,116530800
2025-10-08,2648.31396484375,2683.978863440682,2483.260962495503,2486.578531414684,95051400
2025-10-09,2784.337646484375,2860.6436743022286,2723.790617504516,2725.449280440775,82489800
2025-10-10,2747.01416015625,2813.367240191153,2717.155310589334,2812.537665708557,66166200
2025-10-14,2611.820068359375,2776.873076433209,2607.672924822584,2718.814281877859,77106600
2025-10-15,2680.6611328125,2705.543507940685,2598.549294889489,2612.649388459442,42944400
2025-10-16,2786.825927734375,2786.825927734375,2707.2023297991072,2747.014128766741,42950400
2025-10-17,2727.9375,2810.8789079963635,2721.302362314482,2737.0611180575024,58775400
2025-10-20,2852.349365234375,2852.349365234375,2737.890445903182,2783.5082931384954,51750000
2025-10-21,2766.0908203125,2915.385073109121,2743.6966823930065,2902.114310865901,81551400
2025-10-22,2809.22021484375,2828.2967838662826,2659.096629207846,2786.826076727192,69339600
2025-10-23,2860.643798828125,2862.302461836587,2742.867061614019,2747.014205119062,63685800
2025-10-24,2973.44384765625,2976.7614166981607,2867.2789654037047,2902.943865320014,69499200
2025-10-27,3210.65576171875,3228.073424518295,3025.696852035187,3052.2381334889515,94599600
2025-10-28,3184.11474609375,3252.955823276769,3166.6970831692843,3223.0969725491127,63802800
2025-10-29,3335.897216796875,3374.0501114949293,3277.0088472262696,3279.49708477162,79837800
2025-10-30,3451.185302734375,3482.7030577292608,3332.5792380093494,3359.120518162513,107487000
2025-10-31,3511.732421875,3541.591271686857,3403.9088785517183,3442.8913468034016,86006400
2025-11-04,3435.426513671875,3596.332370011117,3421.32642075871,3594.673707074462,78445200
2025-11-05,3253.785400390625,3298.5736765178845,3091.2203843044576,3214.802930912176,98646600
2025-11-06,3570.620849609375,3595.5032248679768,3356.6324223853985,3388.9795102215808,93903000
2025-11-07,3386.4912109375,3574.767927958035,3234.7087246280307,3460.3090038558125,171774600
2025-11-10,3402.25,3532.46792472417,3363.267774425913,3465.2855121057446,112076400
2025-11-11,3199.0439453125,3564.814840869409,3176.649808849832,3485.191244557701,123032400
2025-11-12,3330.091064453125,3364.0970575210404,3015.743811919749,3099.514554359278,109725000
2025-11-13,3434.596923828125,3505.926476550861,3292.7673928391973,3315.9911037676784,90940200
2025-11-14,3214.802734375,3302.720375215601,3184.9438854489163,3243.002677363434,88141800
2025-11-17,3291.10888671875,3325.1146372832386,3187.432243041199,3214.8028555887813,62336400
2025-11-18,2965.149658203125,3213.1438244838973,2962.6614207956795,3201.5322119104417,97620600
2025-11-19,2959.34375,3110.2969075784563,2838.2496857262427,2952.70861192513,135253200
2025-11-20,3133.520263671875,3292.76745958942,3019.890916079501,3291.10879662657,100230600
2025-11-21,2873.914306640625,2939.43781300972,2824.149556742086,2916.214344054383,82782600
2025-11-25,2883.037841796875,3018.231994116689,2878.0613669508457,2984.226001671511,60391800
2025-11-26,2991.690673828125,3024.0377598936066,2889.672940852376,2906.261271114036,64838400
2025-11-27,3002.473388671875,3046.43209002165,2978.420344712525,3041.455614926057,47694000
2025-11-28,2977.5908203125,3058.043748149053,2959.343584149373,3025.6966621230667,38382000
2025-12-01,2711.349609375,2956.855553345431,2687.2965652932685,2955.19689029976,87987000
2025-12-02,2753.649658203125,2823.320310156525,2741.2084703543032,2748.6731830635963,63933000
2025-12-03,2824.978759765625,2872.2552700191445,2786.825867575885,2811.708241393527,47457000
2025-12-04,2811.708251953125,2871.4259493397403,2788.4847839667523,2790.1434468995367,34066200
2025-12-05,2861.47314453125,2892.1613262434007,2785.1671130131017,2836.590769361413,39488400
2025-12-08,3061.361328125,3083.7554646859057,2892.990759680221,2936.120126874284,68891400
2025-12-09,3063.849609375,3080.437939914122,2963.4907806443616,3071.3143216688145,50341800
2025-12-10,3062.19091796875,3146.790989846076,2992.520270540364,3126.885090580822,48423600
2025-12-11,3022.379150390625,3163.3791096355344,3009.1083887499267,3085.4144177121634,60822000
2025-12-12,3068.826171875,3083.7555968889733,2996.6672843074616,3068.826171875,46669200
2025-12-15,2934.46142578125,2982.567514116516,2867.279011408988,2902.9439118975383,47135400
2025-12-16,2737.061279296875,2858.9849181019176,2713.0082355421023,2840.7379239039205,54128400
2025-12-17,2741.208251953125,2763.6023882967884,2643.3374200121243,2737.8904401298137,62266800
2025-12-18,2647.484619140625,2692.272892772703,2610.1610577805595,2620.943338953933,53815800
2025-12-19,2758.6259765625,2800.0964383737264,2666.561191713512,2676.514141426916,56459400
2025-12-22,2950.22021484375,2960.1731644097204,2847.3729073340987,2873.914187173998,50685000
2025-12-23,2959.34375,2965.979131066816,2907.090761952682,2952.70861192513,29496600
2025-12-24,2997.496826171875,3024.03786391316,2949.390739655907,2959.3436895568743,38307000
2025-12-25,2922.849609375,2987.5437816830195,2896.308329482092,2966.8083080512115,27222000
2025-12-26,2846.543701171875,2945.243869709823,2824.978895165683,2934.461345210754,40194000
2025-12-29,2953.537841796875,2979.2495476840622,2873.084912220108,2888.8436683455534,46771800
2025-12-30,2892.990966796875,2958.51447524284,2883.038016501693,2912.0672928680065,41250000
2026-01-05,3059.70263671875,3077.1202983262724,2941.096574298787,3002.4731771511765,47028000
2026-01-06,3068.826171875,3102.002833900681,3009.1084718191064,3097.026358896024,37619400
2026-01-07,3026.526123046875,3097.0263473445334,2984.226085665057,3063.8496854425966,35679000
2026-01-08,2917.043701171875,3057.214576611655,2917.043701171875,3005.7909202675987,39559200
2026-01-09,2834.1025390625,2882.208383516056,2761.943650886194,2866.449626865672,48004800
2026-01-13,2847.373046875,2944.4143098989034,2826.6378152603697,2936.949597358603,45054600
2026-01-14,2868.937744140625,2884.696500130498,2799.2670964078084,2869.767075616323,38852400
2026-01-15,2869.76708984375,2874.7435647064804,2804.2435851484483,2820.8319156881944,29047200
2026-01-16,2937.779052734375,2949.390665331598,2833.2730814077604,2869.7670681303675,36906600
2026-01-19,2868.1083984375,2892.161198040843,2781.0200892034864,2820.002313246946,41718000
2026-01-20,2800.096435546875,2840.7378088302034,2760.2846367334505,2835.7613339785253,41403600
2026-01-21,2974.273193359375,2987.543955574226,2728.7672512799463,2733.7437263625284,58160400
2026-01-22,3013.255615234375,3056.3849842761983,2953.5379151801844,3029.8439462467427,51573600
2026-01-23,2970.126220703125,3038.9672956801764,2943.5849399095014,3036.4790581992725,38798400
2026-01-26,2979.24951171875,3047.261496264241,2902.94372646118,2903.773057934001,41225400
2026-01-27,3047.261474609375,3047.261474609375,2923.678936440535,2977.590827613345,33706800
2026-01-28,3329.26171875,3420.497173205833,3233.87936385886,3246.320551148658,87822000
2026-01-29,3229.732177734375,3328.432343259265,3159.2321983548454,3322.6262939394896,53349600
2026-01-30,3246.320556640625,3334.238199306621,3155.914433520521,3234.708700819856,53564400
2026-02-02,3294.426513671875,3500.9502301633897,3234.708812517702,3312.673508027223,77544600
2026-02-03,3612.9208984375,3661.026743085128,3441.2325086357177,3483.532546702824,68664000
2026-02-04,3783.77978515625,3843.49748324907,3626.191253194463,3649.4149644474055,74277600
2026-02-05,3592.185546875,3776.315118203757,3539.93256041684,3732.356175582912,54597600
2026-02-06,3714.9384765625,3743.138419723064,3526.6617636876067,3533.297144486772,50444400
2026-02-09,3641.950439453125,4079.880004993326,3508.4149433541497,3871.697625431956,158833200
2026-02-10,3825.250244140625,3952.15035249841,3749.773790101607,3848.473955377196,104797200
2026-02-12,3823.591552734375,3887.4561506798295,3691.71497052045,3877.5032010787786,65264400
2026-02-13,3615.408935546875,3810.320783857551,3600.4795111743483,3763.0442733445498,59426400
2026-02-16,3557.350341796875,3673.4679313788206,3534.9562039928205,3630.338561790551,31216200
2026-02-17,3553.203125,3622.873774509804,3468.603050595238,3549.8855560206566,33411000
2026-02-18,3705.81494140625,3715.767891332133,3535.7854611697385,3583.06197331768,41362800
2026-02-19,3807.00341796875,3842.668074873974,3746.456385782684,3765.5327115033656,42879600
2026-02-20,3798.709228515625,3841.838596354765,3743.968004992436,3808.6621782471134,31679400
2026-02-24,4178.580078125,4233.321299733695,3879.991353631099,3881.6502595256416,86143200
2026-02-25,4449.79833984375,4465.55685376299,4079.0509427331153,4184.386008974388,90829800
2026-02-26,4555.962890625,4827.180779799291,4413.303777749704,4532.739178487006,96706200
2026-02-27,4439.84521484375,4444.82168977689,4271.474155616616,4390.0804655123575,66498600
2026-03-02,4715.2099609375,4723.504247753475,4294.697832495053,4296.356495464697,85656000
2026-03-03,4536.88671875,4944.957685098015,4483.804154628793,4827.180943385049,95626800
2026-03-04,4209.26806640625,4528.592025038178,4112.22680872686,4397.545018542684,88846800
2026-03-05,4366.02734375,4597.433436854626,4283.915504261261,4458.092133479798,86735400
2026-03-06,4163.65087890625,4306.30950378329,4003.5741056837455,4283.086277957102,82907400
2026-03-09,3751.432861328125,3855.109263017189,3543.250240453951,3748.944623799716,77989200
2026-03-10,3991.962158203125,4152.038684761534,3917.3150355087473,4014.3562950114383,55357800
2026-03-11,4254.88623046875,4356.074395982341,4138.768639585093,4180.239103618422,65273400
2026-03-12,4263.18017578125,4394.227181525596,4127.985783777443,4209.268042279144,74997600
2026-03-13,4399.20361328125,4516.980342599763,4087.3443716120937,4097.297320963409,105901200
2026-03-16,4251.568359375,4429.892372809144,4097.29763269245,4429.062798305467,82700400
2026-03-17,4081.5390625,4329.533237276578,4048.362400602869,4326.215425291699,56506800
2026-03-18,4264.00927734375,4264.8388517949625,4131.303608278305,4147.062120964308,43075800
2026-03-19,4201.8037109375,4317.921789014906,4174.433097473868,4195.168572698527,59898600
2026-03-23,4035.921142578125,4116.3743154297335,3921.462219915613,3991.962199978544,57577200
2026-03-24,4246.591796875,4302.992170317992,4105.591835235284,4183.556771474783,61704600
2026-03-25,4557.62158203125,4589.139581411409,4448.139130673394,4462.239467337532,57943200
2026-03-26,4663.78662109375,4824.692483119259,4587.480347569172,4589.139496548326,77554200
2026-03-27,4583.33349609375,4665.445333971651,4395.886108236437,4561.768932989133,71943600
2026-03-30,4505.0,4526.0,4230.0,4445.0,43818400
2026-03-31,4090.0,4281.0,4056.0,4250.0,58825600
2026-04-01,4446.0,4470.0,4291.0,4370.0,48295400
2026-04-02,4293.0,4662.0,4238.0,4535.0,56992200
2026-04-03,4616.0,4654.0,4420.0,4430.0,51978000
2026-04-06,4600.0,4732.0,4560.0,4679.0,46016200
2026-04-07,4370.0,4600.0,4320.0,4597.0,47494600
2026-04-08,4876.0,4888.0,4709.0,4835.0,61297000
2026-04-09,5028.0,5073.0,4740.0,4806.0,70638500
2026-04-10,5630.0,5644.0,5173.0,5176.0,83540900
2026-04-13,5698.0,6004.0,5647.0,5914.0,67148400
2026-04-14,5935.0,5985.0,5782.0,5947.0,63357200
2026-04-15,5683.0,6037.0,5625.0,5960.0,57485900
2026-04-16,5951.0,5959.0,5550.0,5600.0,53271700
2026-04-17,5762.0,5987.0,5756.0,5903.0,49543600
2026-04-20,5529.0,5898.0,5523.0,5692.0,49029200
2026-04-21,5889.0,5889.0,5574.0,5577.0,49306000
2026-04-22,5985.0,5989.0,5688.0,5833.0,42928800
2026-04-23,5893.0,6218.0,5780.0,6119.0,57099000
2026-04-24,6037.0,6100.0,5894.0,5987.0,40846300
2026-04-27,6347.0,6397.0,5993.0,6037.0,52739100
2026-04-28,6281.0,6321.0,6120.0,6231.0,46167300
2026-04-30,5971.0,6083.0,5916.0,5981.0,39274600
2026-05-01,5808.0,6027.0,5803.0,5983.0,28397000
2026-05-07,6498.0,6500.0,6225.0,6300.0,49010500
2026-05-08,6582.0,6582.0,6262.0,6428.0,43386200
2026-05-11,6832.0,6980.0,6634.0,6780.0,40738700
2026-05-12,7624.0,7770.0,7085.0,7250.0,90480800
2026-05-13,7855.0,7915.0,7303.0,7324.0,62691200
2026-05-14,6355.0,7933.0,6355.0,7662.0,57118100
2026-05-15,5819.0,6999.0,5725.0,6418.0,128904500
2026-05-18,5653.0,5969.0,5580.0,5842.0,86555100
2026-05-19,4695.0,5639.0,4660.0,5600.0,124339100
2026-05-20,4295.0,4516.0,4156.0,4275.0,116069900
2026-05-21,4501.0,4662.0,4315.0,4550.0,98432700
2026-05-22,4850.0,5031.0,4558.0,4650.0,105386700
2026-05-25,5550.0,5550.0,5151.0,5360.0,60516700
2026-05-26,5329.0,5653.0,5068.0,5650.0,93052900
2026-05-27,5140.0,5555.0,5035.0,5500.0,71871700
2026-05-28,5017.0,5196.0,4803.0,4998.0,66629900
2026-05-29,4771.0,5047.0,4668.0,5044.0,71394000
2026-06-01,4677.0,4895.0,4561.0,4769.0,51636800
2026-06-02,4574.0,4666.0,4351.0,4607.0,48742800
2026-06-03,5001.0,5163.0,4745.0,4854.0,82340200
2026-06-04,4805.0,4866.0,4610.0,4831.0,45052400
2026-06-05,4747.0,4825.0,4523.0,4654.0,46983000
2026-06-08,4401.0,4525.0,4337.0,4386.0,45195300
2026-06-09,4499.0,4557.0,4260.0,4458.0,60698500
2026-06-10,4194.0,4412.0,4118.0,4320.0,54543200
2026-06-11,4142.0,4162.0,3888.0,4006.0,51253400
2026-06-12,4256.0,4357.0,4136.0,4352.0,45471600
2026-06-15,4346.0,4492.0,4301.0,4450.0,37526700
2026-06-16,4738.0,4829.0,4308.0,4400.0,68142600
2026-06-17,4729.0,4763.0,4562.0,4600.0,35504300
2026-06-18,4461.0,4910.0,4461.0,4791.0,48865900
2026-06-19,5161.0,5161.0,5161.0,5161.0,3131200
2026-06-22,6161.0,6161.0,6161.0,6161.0,2675400
2026-06-23,6487.0,7068.0,6314.0,7023.0,154230200
2026-06-24,6313.0,6568.0,6138.0,6400.0,80829900
2026-06-25,6436.0,6649.0,6302.0,6613.0,50848200
2026-06-26,6131.0,6579.0,6066.0,6360.0,61307100
2026-06-29,5885.0,6166.0,5611.0,6127.0,56572900
2026-06-30,6238.0,6320.0,6039.0,6085.0,46151000
2026-07-01,5826.0,6431.0,5802.0,6350.0,39659300
2026-07-02,5368.0,5555.0,5361.0,5500.0,34213100
2026-07-03,5358.0,5379.0,5006.0,5100.0,42677500
2026-07-06,5354.0,5452.0,5221.0,5299.0,32123000
2026-07-07,5072.0,5370.0,5050.0,5254.0,35968500
2026-07-08,4824.0,5106.0,4816.0,4910.0,40311200
2026-07-09,4938.0,5209.0,4904.0,4961.0,45092500
2026-07-10,5150.0,5437.0,5095.0,5125.0,42643000
2026-07-13,5007.0,5380.0,4915.0,5134.0,40749200
2026-07-14,4800.0,4820.0,4564.0,4800.0,44664300
2026-07-15,5145.0,5149.0,4834.0,4948.0,32782500
2026-07-16,4761.0,5004.0,4738.0,5000.0,36029500
2026-07-17,4472.0,4611.0,4280.0,4561.0,47075400
2026-07-21,4672.0,4707.0,4472.0,4542.0,29986600
2026-07-22,4751.0,5026.0,4741.0,4954.0,38205300
2026-07-23,4727.0,4935.0,4652.0,4888.0,31624200
2026-07-24,4593.0,4740.0,4511.0,4659.0,28103100
2026-07-27,4325.0,4565.0,4233.0,4532.0,41066100
2026-07-28,4073.0,4216.0,4013.0,4199.0,39640100
2026-07-29,3760.0,4129.0,3665.0,4003.0,53924500
2026-07-30,3720.0,3927.0,3690.0,3750.0,48318100
2026-07-31,4172.0,4339.0,4130.0,4210.0,73627300
2026-08-03,4290.0,4325.0,4008.0,4079.0,38401200
2026-08-04,4628.0,4657.0,4268.0,4324.0,54429600
2026-08-05,5073.0,5110.0,4799.0,4830.0,48207800
2026-08-06,4596.0,4917.0,4566.0,4833.0,57561600
2026-08-07,5185.0,5280.0,4380.0,4650.0,128679300
2026-08-10,5580.0,5730.0,5122.0,5210.0,118555300
2026-08-12,5800.0,5800.0,5306.0,5386.0,72558500
2026-08-13,5760.0,5990.0,5725.0,5895.0,69216100
2026-08-14,5665.0,5868.0,5632.0,5780.0,55238000
2026-08-17,6078.0,6078.0,5720.0,5750.0,66184600
2026-08-18,5902.0,6433.0,5872.0,6100.0,75702500
2026-08-19,5328.0,5627.0,5292.0,5502.0,71416300
2026-08-20,5341.0,5478.0,5201.0,5347.0,54776700
2026-08-21,5280.0,5422.0,5144.0,5200.0,62417600
2026-08-24,5016.0,5325.0,4973.0,5276.0,52002000
2026-08-25,5292.0,5357.0,4968.0,4995.0,70850700
2026-08-26,5305.0,5353.0,5110.0,5210.0,54363100
2026-08-27,5500.0,5558.0,5310.0,5470.0,54885600
2026-08-28,5340.0,5485.0,5301.0,5401.0,39786600
2026-08-31,5504.0,5525.0,5123.0,5240.0,47992900
2026-09-01,5298.0,5474.0,5240.0,5420.0,42428100
2026-09-02,5090.0,5239.0,5048.0,5198.0,40332200
2026-09-03,4951.0,5154.0,4897.0,5151.0,37758400
2026-09-04,5053.0,5112.0,4955.0,5000.0,34565900
