Date,Close,High,Low,Open,Volume
2021-09-07,11.34894847869873,11.634140222277749,11.030204812342236,11.13924876135427,238300
2021-09-08,11.08892059326172,11.47476808137645,11.063756052774902,11.348947778765035,133800
2021-09-09,11.315393447875977,11.457989280498106,11.046978139382896,11.122470144881754,119300
2021-09-10,11.533480644226074,11.684464646822413,11.248288994851068,11.36572108575274,169400
2021-09-13,11.55025863647461,11.751570135164254,11.525094099182812,11.583810552922882,212600
2021-09-14,11.046978950500488,11.659301617944925,11.03020259251752,11.659301617944925,123200
2021-09-15,11.34894847869873,11.457992427710762,11.046981173701443,11.172800684131746,97600
2021-09-16,11.491540908813477,11.634136737896052,11.239901163377128,11.357333257898276,109100
2021-09-17,11.046978950500488,11.45799012179394,11.03020259251752,11.45799012179394,53600
2021-09-20,10.359166145324709,10.854056796204738,10.099138149151674,10.854056796204738,262000
2021-09-21,10.375940322875977,10.577251828588526,10.367552143486083,10.443044158113493,110400
2021-09-22,10.828889846801758,10.946321939309522,10.443042457065598,10.459818813112715,132700
2021-09-23,10.979875564575195,11.105695054796556,10.83727971568922,10.854055274413025,71500
2021-09-24,11.005040168762209,11.28184370898715,10.87922066863846,10.87922066863846,41900
2021-09-27,11.038592338562012,11.4244398275972,11.013428597956056,11.097307999956207,145400
2021-09-28,11.08892059326172,11.323784038219111,10.82050442765524,10.988264831137124,61400
2021-09-29,10.94632339477539,11.30700629839868,10.854055024129254,11.114082977849105,38400
2021-09-30,10.904383659362791,11.055367689088875,10.837279823915823,10.895995479946718,48700
2021-10-01,10.761788368225098,11.046980083663408,10.761788368225098,10.91277240579617,91700
2021-10-04,10.518535614013672,10.879219309212012,10.484983698177135,10.828891035486825,63900
2021-10-05,10.443044662475586,10.694684456739992,10.409492743236388,10.526924860544003,52700
2021-10-06,10.417880058288574,10.476595712098224,10.241732296918832,10.40110370009108,51000
2021-10-07,10.661133766174316,11.122473308837344,10.434657685253198,11.122473308837344,55800
2021-10-08,10.443044662475586,10.786952034662573,10.443044662475586,10.610804258671571,45600
2021-10-11,10.392717361450195,10.51853686076527,10.17462948269259,10.317225341884804,102300
2021-10-12,11.12247085571289,11.231514781742325,10.367551552418536,10.476595478447967,112700
2021-10-13,11.063754081726074,11.239901834047966,10.912770865407843,11.223126276652938,64700
2021-10-14,10.904383659362791,11.11408334511977,10.610803779326698,11.11408334511977,90900
2021-10-15,10.837279319763184,11.156022923278664,10.803727403600542,10.904383152088466,61500
2021-10-18,11.013429641723633,11.13086177558222,10.778566173947423,10.828893659928983,46700
2021-10-19,11.206350326538086,11.407662622179004,11.114082757660714,11.114082757660714,58600
2021-10-20,11.323782920837402,11.40766311430141,11.10569505778363,11.13924697518107,136500
2021-10-21,11.768345832824709,11.835449666516162,11.197963246447348,11.332170913830256,161800
2021-10-22,11.869001388549805,12.0367617699657,11.407662739478448,11.827062093136616,168300
2021-10-25,11.96965789794922,12.061925467471417,11.768345600901398,11.952881539886574,67900
2021-10-26,11.533480644226074,11.994820029983252,11.40766117535624,11.994820029983252,92300
2021-10-27,11.38249969482422,11.550260098237583,11.323784033594077,11.533483737919893,152400
2021-10-28,11.34894847869873,11.575424557402398,11.323784736600858,11.466380608390368,34000
2021-10-29,11.323782920837402,11.634138356748938,11.122471416452754,11.424438673029726,45600
2021-11-01,11.432827949523926,11.44960350986212,11.156024404446178,11.2734557266362,63500
2021-11-02,11.323782920837402,11.449602411092606,10.996651126256742,11.449602411092606,86200
2021-11-03,11.399272918701172,11.449600385925171,11.11408127129627,11.223125183535831,75100
2021-11-04,11.373926162719728,11.509128721809931,11.03591976499421,11.44152744226483,87300
2021-11-05,11.686582565307615,11.695032926923254,11.12887159260899,11.534479279709505,298100
2021-11-08,12.371045112609863,12.607649569363526,11.830234119873602,11.923185669273424,265200
2021-11-09,12.34569263458252,12.506246245055044,12.269641815057836,12.328792721089474,120500
2021-11-10,12.016138076782228,12.430196079368876,11.940086442455954,12.286543171390528,77900
2021-11-11,12.39639377593994,12.447094321427311,12.075287366327576,12.083737725865689,68000
2021-11-12,12.387945175170898,12.48934708641274,12.311893540271829,12.48934708641274,106500
2021-11-15,12.48089599609375,12.793552052092863,12.176689493922224,12.565397175464218,329200
2021-11-16,13.60476779937744,13.672369063986196,11.90628421287354,12.582297664831726,1197000
2021-11-17,13.528717041015623,13.90897357437198,13.393514503145624,13.90897357437198,311300
2021-11-18,13.714619636535645,13.849822169564089,13.435764210696814,13.782220903049865,211300
2021-11-19,13.232959747314451,13.892073271569268,13.097757221068528,13.714618948533213,213900
2021-11-22,13.77377223968506,13.841373514525246,13.20761176436618,13.20761176436618,210700
2021-11-23,13.376612663269045,14.103327452295686,13.15690815468561,13.773769883549912,160400
2021-11-24,13.452665328979492,13.68927057466259,13.216060889167082,13.37661370042926,94300
2021-11-26,13.38506317138672,13.46956434848585,13.140008387819162,13.182259379304044,82100
2021-11-29,13.44421672821045,13.689272365993077,13.266763173662516,13.385065811984736,69900
2021-11-30,13.824472427368164,14.365282548739984,12.88650346284028,13.351262765297172,483600
2021-12-01,12.852705001831056,14.010377870829837,12.818904363534402,14.010377870829837,156700
2021-12-02,13.469565391540527,13.570967295434214,12.717501069528009,12.802002253170732,159100
2021-12-03,13.570967674255373,13.9089740300028,13.410414856743024,13.596318755339468,279900
2021-12-06,13.410415649414062,13.748422831011345,13.309013736696109,13.570968476416466,64500
2021-12-07,13.621670722961426,14.018828015345123,13.444216367306383,13.49491772690365,87800
2021-12-08,14.11177921295166,14.162479762508095,13.545617972390332,13.731521061924868,157300
2021-12-09,13.9512300491333,14.103333358134382,13.65547379404697,13.94277968621747,105900
2021-12-10,13.528717041015623,13.942775014710172,13.444215051911527,13.74842156798972,73900
2021-12-13,13.376612663269045,13.841371146826257,13.16535851406281,13.570966093720878,144200
2021-12-14,13.292112350463867,13.56251743752676,13.11465961648189,13.334363346785125,140500
2021-12-15,13.01325511932373,13.292110528604194,12.911853225573616,13.292110528604194,87400
2021-12-16,12.573848724365234,13.182260980379722,12.565398363867777,13.02170735441096,81200
2021-12-17,12.87805461883545,13.013257165090298,12.447095898245063,12.565398529153429,76100
2021-12-20,12.48089599609375,12.827352685015182,12.252741119465105,12.827352685015182,94500
2021-12-21,12.886504173278809,13.173809969032204,12.463995839728684,12.489346114097897,62100
2021-12-22,13.342813491821287,13.435765037530896,12.709050974845857,12.928755507472976,109800
2021-12-23,13.410415649414062,13.562518115555612,13.207611823978151,13.34281437426876,60600
2021-12-27,13.714619636535645,13.849822169564089,13.063957244868597,13.300561677668371,123700
2021-12-28,13.503369331359863,13.866726846986763,13.266764831028132,13.604772065944356,66300
2021-12-29,13.48646640777588,13.723070855387183,13.30056251028878,13.520267043148923,43200
2021-12-30,13.275211334228516,13.672369377309414,13.275211334228516,13.486465492439748,82200
2021-12-31,13.61322021484375,13.647020046382073,13.216062120883944,13.368164586289438,289000
2022-01-03,13.452665328979492,14.170929814319813,13.097758266325531,13.520266597497324,248500
2022-01-04,13.410415649414062,13.824474467017502,13.216062184839007,13.43576592612586,83400
2022-01-05,13.30901050567627,13.934322551899108,13.258309158690643,13.410412393776957,76800
2022-01-06,13.418866157531738,13.663920984090351,13.258312522896675,13.309013882747426,72700
2022-01-07,13.503369331359863,13.748424999756349,13.418868127033978,13.418868127033978,82400
2022-01-10,13.528717041015623,13.739971207905173,13.106208707236528,13.40196405735948,146600
2022-01-11,13.6892728805542,13.934326915806489,13.410416593607795,13.461117956471911,151100
2022-01-12,13.503369331359863,13.942778494989687,13.418868127033978,13.85827648479291,80900
2022-01-13,13.47801685333252,13.672371122751242,13.368164580334245,13.511817490726544,65500
2022-01-14,13.43576431274414,13.55406773884856,13.182259964325723,13.2752115050211,99900
2022-01-18,13.697720527648926,13.900525962780248,13.452666512122644,13.469566427803082,143700
2022-01-19,13.44421672821045,13.841374031255658,13.401965728390314,13.841374031255658,75700
2022-01-20,13.334362983703612,13.65546941878275,13.325913429366016,13.368163618666117,102900
2022-01-21,12.827354431152344,13.342814354852898,12.77665307193176,13.342814354852898,208600
2022-01-24,12.725950241088867,12.83580168897755,11.872483289023156,12.675248890942026,201300
2022-01-25,12.962556838989258,13.047058028935188,12.497797473739,12.886505203928392,125800
2022-01-26,12.700599670410156,13.173809335824265,12.590747412262765,13.080856991153809,103500
2022-01-27,12.835803031921388,13.09775855765765,12.624548861636589,12.759752207550251,122500
2022-01-28,12.954107284545898,13.07240992487871,12.768203365700282,12.928757006571296,73600
2022-01-31,13.021706581115724,13.478015544560954,12.734400788229708,12.979455587008246,152800
2022-02-01,13.638567924499512,13.807571895593272,13.063957162740966,13.063957162740966,223600
2022-02-02,14.269747734069824,14.414748228383225,13.374157498338295,13.834746251129625,678000
2022-02-03,13.77504062652588,14.37210187580457,13.630040130378829,14.337983346423608,129100
2022-02-04,13.476510047912598,13.92856996187169,13.220626786139924,13.7409229415448,112200
2022-02-07,13.86886501312256,14.047982412534235,13.348568825926874,13.433863522872876,164700
2022-02-08,13.66415786743164,14.013864639003357,13.544745461814031,13.834745623861712,67100
2022-02-09,13.578863143920898,13.885923382379758,13.493568452475555,13.630039308043736,101800
2022-02-10,13.7494535446167,14.380631705057793,13.493569451338823,13.493569451338823,551500
2022-02-11,13.715333938598633,14.158865030656573,13.553275001688515,13.860334425353694,128700
2022-02-14,13.2803316116333,13.74092193721774,12.802683650437476,13.62150954020358,163000
2022-02-15,13.40827465057373,13.62151056696707,13.271803794230868,13.271803794230868,33800
2022-02-16,13.365626335144045,13.647097659292518,13.237685119960338,13.237685119960338,77900
2022-02-17,13.18650722503662,13.485037790859913,13.109742175914612,13.305919614052009,30700
2022-02-18,12.657686233520508,13.203569749728011,12.529744174336422,13.177981663263434,137500
2022-02-22,12.930624008178713,13.058566027948606,12.51268186647716,12.51268186647716,75900
2022-02-23,12.708860397338867,13.212097294360191,12.58091917181128,13.075626436882642,92100
2022-02-24,12.674741744995115,12.8197422236921,12.180034516533787,12.299446914704957,106300
2022-02-25,13.092686653137209,13.177980538549669,12.777096755476444,12.794156020617256,74000
2022-02-28,12.794156074523926,13.322981094659252,12.572390507342185,13.058568991306856,187000
2022-03-01,12.529740333557127,12.964741737265635,12.384740679084649,12.794153190741817,88900
2022-03-02,12.76856517791748,13.109742272723212,12.452976161864587,12.79415325667032,220200
2022-03-03,13.007390975952148,13.143861833091952,12.691801915458736,12.794155058313589,98900
2022-03-04,12.89650821685791,13.1779795634088,12.79415507387854,12.998861359837282,65400
2022-03-07,12.990330696105955,13.391214417673412,12.802683688930047,13.032978038984266,61800
2022-03-08,13.058568954467772,13.570334707946683,13.058568954467772,13.06709777361952,74200
2022-03-09,13.203568458557127,13.544746436253783,13.203568458557127,13.220627723485697,39100
2022-03-10,13.450922966003418,13.459451785066705,12.990332572503856,13.186510052708911,103100
2022-03-11,13.2462158203125,13.544746449408184,13.22062773632532,13.485040648961258,28000
2022-03-14,12.751508712768556,13.297392997596257,12.62356747751748,13.297392997596257,119300
2022-03-15,12.828271865844728,13.024449319189436,12.37621198016492,12.725918730224606,104300
2022-03-16,12.922097206115724,13.160922036592082,12.742978989973718,12.87945067028758,79700
2022-03-17,12.939156532287598,13.16092209873541,12.922097267131363,12.922097267131363,52900
2022-03-18,12.94768524169922,13.11827381394595,12.742978141572667,13.11827381394595,45100
2022-03-21,13.416804313659668,13.476510927141272,13.007391718857043,13.050039067506615,99000
2022-03-22,13.587393760681152,13.945630189230862,13.42533399787363,13.42533399787363,166600
2022-03-23,13.945631980895996,14.19298484624936,13.715336755770922,14.082102863889835,138200
2022-03-24,13.740923881530762,13.971217450048243,13.527687137607764,13.902982017365094,105500
2022-03-25,15.770923614501951,15.92445369014579,13.740918994076855,13.740918994076855,386200
2022-03-28,15.932985305786133,16.760339939287803,15.53210080788334,15.950044566731076,411000
2022-03-29,15.344460487365724,16.333875276160857,14.994753620301651,15.958579506557449,196300
2022-03-30,15.540635108947754,15.932990094296684,15.361517695775811,15.549164741983724,100900
2022-03-31,15.549165725708008,15.839166759833464,14.926517116440342,14.960635650742752,117900
2022-04-01,16.001218795776367,16.14621924262552,15.634452863930834,15.685629013742162,106900
2022-04-04,15.600339889526367,16.035339712421482,15.412691248340913,16.035339712421482,119500
2022-04-05,15.199456214904783,15.950047569166808,14.969161029379324,15.48945719811589,123100
2022-04-06,14.79004192352295,15.438279244638071,14.500040973896164,14.935042398336345,158500
2022-04-07,14.747398376464844,15.02886975190738,14.37210266692109,14.952104683435678,65100
2022-04-08,14.645042419433594,14.815631798825116,14.542688466426505,14.75592437723546,72500
2022-04-11,14.150333404541016,14.704746378045002,14.090627617267453,14.704746378045002,82900
2022-04-12,14.005335807800291,14.329453702349031,13.86886494411019,14.201512470997187,103000
2022-04-13,14.355040550231934,14.406216710095247,14.090628492933885,14.090628492933885,24600
2022-04-14,14.175925254821776,14.500043150604675,13.920041164282726,14.07357129323395,119900
2022-04-18,14.337983131408691,14.48298362538129,13.92857054614288,14.116217574341126,68200
2022-04-19,14.755925178527832,14.892396038707483,14.448866556554108,14.45739618867296,49300
2022-04-20,14.45739459991455,14.75592355696335,14.16739364718646,14.670630498869864,62300
2022-04-21,13.689745903015137,14.900926037020328,13.297392577071705,14.900926037020328,211300
2022-04-22,13.399744987487791,13.792099105274996,13.160920989443984,13.493568497647386,96800
2022-04-25,12.819743156433104,13.305921602379556,12.444448298837177,13.169449931641472,193800
2022-04-26,12.563861846923828,12.939157576337903,12.470038321285609,12.905039856703045,74700
2022-04-27,13.075626373291016,13.21209723010486,12.77709576393788,12.77709576393788,43600
2022-04-28,12.922097206115724,13.450923035434425,12.87092103774974,13.220627837495908,58100
2022-04-29,12.546804428100586,13.10121762122704,12.52121633962277,12.9647467314378,47600
2022-05-02,12.495625495910645,12.700332612213955,12.197095674245489,12.487096676697185,38000
2022-05-03,13.041507720947266,13.135331224899977,12.49562351952958,12.49562351952958,83800
2022-05-04,13.72386360168457,13.792099029321312,12.998861166256118,13.015920429880534,99800
2022-05-05,13.715254783630373,13.809962025841555,13.215892161174542,13.56027989352852,59700
2022-05-06,13.517230033874512,13.904666403997703,13.396694748685324,13.861618557050166,62200
2022-05-09,13.224501609802246,13.370866605431557,12.578773977702983,13.293379158206022,203800
2022-05-10,13.1814546585083,13.689426407422872,13.052308630613249,13.379477418428102,46000
2022-05-11,13.086745262145996,13.551669079976016,12.992038847414255,13.155622803966365,48700
2022-05-12,12.64765167236328,13.121185438929013,12.277435050683112,13.121185438929013,115900
2022-05-13,13.551669120788574,13.775521542921464,12.733747693394625,12.733747693394625,101300
2022-05-16,13.784131050109863,13.904666334698316,13.508620068725447,13.508620068725447,51300
2022-05-17,13.594717025756836,13.844398306845928,13.456961949443546,13.81856861422342,52000
2022-05-18,13.02647876739502,13.663596495976355,12.948991320740642,13.603328846838568,61300
2022-05-19,13.017868995666504,13.379476536192112,12.82845532656139,12.914552672814208,43200
2022-05-20,13.009258270263672,13.25893957323084,12.578773208521303,13.25893957323084,48400
2022-05-23,13.525840759277344,13.560279531593542,13.043697125765464,13.12979446709851,71800
2022-05-24,13.36225700378418,13.551669843925444,12.957600806963995,13.551669843925444,41000
2022-05-25,13.491403579711914,13.534452255460623,13.181454592274568,13.362258373550986,90700
2022-05-26,13.33642864227295,13.62054875198833,13.233112313384192,13.396697116605289,84900
2022-05-27,13.431134223937988,13.65498583150505,13.155623226717992,13.5172307434376,74900
2022-05-31,12.966211318969728,13.775522929819134,12.966211318969728,13.758303132035987,159100
2022-06-01,13.706645011901855,13.732473886796162,12.957601071285897,13.190062587504926,115000
2022-06-02,13.835789680480955,13.973544769450625,13.56027950254163,13.72386346542183,74400
2022-06-03,13.827180862426758,13.8357907614313,13.456964237168105,13.77552311056981,69400
2022-06-06,14.24044418334961,14.32653986716573,13.904664776221102,14.128517166916806,84200
2022-06-07,14.84312343597412,14.860343231061329,14.128518361555432,14.360980668722608,100900
2022-06-08,14.645101547241213,15.23056147595686,14.438468921018654,15.092806391808487,330700
2022-06-09,14.300716400146484,15.058369498765108,14.206009147005243,15.058369498765108,212800
2022-06-10,14.051033020019531,14.266275564179562,13.835790475859502,14.07686271650004,88000
2022-06-13,13.129793167114258,13.698033264612484,12.86289209227584,13.698033264612484,139200
2022-06-14,13.293377876281738,13.482791526668914,13.017867709234988,13.095355148988151,80600
2022-06-15,13.353647232055664,13.431134676978578,12.957600929960304,13.16423356903133,58400
2022-06-16,13.009258270263672,13.241720597725395,12.819845434278298,13.21589172392468,111100
2022-06-17,13.190062522888184,13.267549968276631,12.527115929947795,13.043697530728917,163400
2022-06-21,13.16423511505127,13.551671564081616,13.017870106582103,13.276161346297409,73200
2022-06-22,12.57016372680664,13.121184062610723,12.535724955818884,12.914551436684192,107700
2022-06-23,13.12118434906006,13.147014043678563,12.484066661335104,12.509895534868525,285700
2022-06-24,13.267548561096191,13.327816202857278,12.940379838092364,13.112573686756212,192300
2022-06-27,13.44835376739502,13.921887518440398,13.26755000139897,13.26755000139897,86400
2022-06-28,13.147014617919922,13.715254786985556,13.052307375685569,13.64637724049791,47000
2022-06-29,13.25033187866211,13.284770654351702,12.79401707441854,13.05230830263307,114800
2022-06-30,13.043697357177734,13.147014497044411,12.845674618117686,13.035088279759774,48000
2022-07-01,12.819847106933594,13.043698744221746,12.509897296544272,13.026479766469674,107400
2022-07-05,12.13967990875244,12.70792009815968,11.950266238588313,12.59599387583929,263500
2022-07-06,11.519781112670898,12.139679872483656,11.227051119951398,12.139679872483656,655600
2022-07-07,11.864168167114258,12.113849472089086,11.631706658868431,11.778071646724548,134500
2022-07-08,11.666144371032717,11.941654524977832,11.57143713980031,11.941654524977832,51900
2022-07-11,11.476734161376951,11.838341757098792,11.17539422458033,11.450905281992611,113900
2022-07-12,11.373414039611816,11.53699798274668,11.115122868428085,11.33897527152632,188600
2022-07-13,11.502559661865234,11.56282812417176,11.020416889923206,11.24426930172452,75200
2022-07-14,11.158172607421877,11.356195337695564,11.020417521825385,11.356195337695564,56200
2022-07-15,11.6403169631958,11.6403169631958,11.201221984313756,11.252879734132156,44200
2022-07-18,11.838338851928713,12.06219127455287,11.700583767570787,11.717802742572992,52100
2022-07-19,11.795289039611816,12.05358020829222,11.726411504108372,11.872776472324436,61000
2022-07-20,12.122461318969728,12.122461318969728,11.640318428251344,11.726414962479868,77800
2022-07-21,12.19133758544922,12.30326380708586,11.657536173779564,12.30326380708586,65500
2022-07-22,12.380749702453612,12.397968676885668,11.898606102080429,12.113848619533895,89500
2022-07-25,13.086745262145996,13.155622803966365,12.423798716853684,12.647650317227347,94100
2022-07-26,13.086745262145996,13.345036454514911,12.87150273868608,13.345036454514911,72700
2022-07-27,12.785408973693848,13.172845435090732,12.501288847263783,13.07813817889055,83900
2022-07-28,13.517230033874512,13.517230033874512,12.785405961660713,12.785405961660713,102000
2022-07-29,12.897332191467283,13.560279587651076,12.613212113412834,12.96621055746952,304700
2022-08-01,12.811235427856444,13.103965398744236,12.518505456968658,12.7423578842458,111100
2022-08-02,13.009258270263672,13.34503691401335,12.46684699393808,12.785406662182313,182100
2022-08-03,12.64765167236328,13.069527687571384,12.613212897763146,12.905942892406877,108700
2022-08-04,12.07080078125,12.80262484844632,12.019142215748062,12.733747308500432,329100
2022-08-05,12.05339527130127,12.366696212813816,11.809715931271104,12.05339527130127,118500
2022-08-08,12.253561973571776,12.357995641362075,11.68787939888308,11.879340708182784,91500
2022-08-09,12.236156463623049,12.31448108998442,11.975071885856824,12.15783100729668,60900
2022-08-10,12.71480941772461,12.801837879187046,12.227452357436745,12.297074794620723,88500
2022-08-11,12.749619483947754,12.984595810679144,12.54075219127419,12.767025506652972,189400
2022-08-12,12.488534927368164,12.854053079483853,12.45372371430785,12.827944047215029,70100
2022-08-15,12.497239112854004,12.784431874161662,12.131720902105185,12.401508469073091,49800
2022-08-16,12.801837921142578,12.871460358554732,12.427616697578554,12.427616697578554,39000
2022-08-17,12.914974212646484,13.00200184189027,12.505941782309517,12.767026329970664,148400
2022-08-18,12.73221492767334,12.993299471548974,12.662592493301824,12.914974025389796,40800
2022-08-19,12.975892066955566,13.149948134359656,12.523346291704936,12.67129415648961,81700
2022-08-22,12.706107139587402,12.819242976683222,12.619078678782248,12.810540794574637,47300
2022-08-23,12.98459529876709,13.097731951996115,12.462426257704628,12.706105586181677,137500
2022-08-24,12.827943801879885,13.228273159399563,12.775727398270448,13.13254253280575,35200
2022-08-25,13.062920570373535,13.097731784000212,12.662591198684355,12.83664726681774,59200
2022-08-26,13.202166557312012,13.202166557312012,12.697403501446145,12.767025934671445,83200
2022-08-29,13.724334716796877,13.80265932645314,13.080326007670656,13.202165672632873,154900
2022-08-30,13.158653259277344,13.82877026389942,12.9410829325764,13.82877026389942,88300
2022-08-31,13.219572067260742,13.558982059837025,13.219572067260742,13.219572067260742,83500
2022-09-01,13.315302848815918,13.55898135833363,12.967189862397191,13.219571383317463,84300
2022-09-02,13.524170875549316,13.619901516270463,13.097733253293883,13.619901516270463,56800
2022-09-06,13.40233039855957,13.663414929433296,13.097732470844262,13.280491559459383,80400
2022-09-07,13.228273391723633,13.367518243747336,12.993297911424827,13.297895817735483,66200
2022-09-08,13.21086883544922,13.280491264808871,13.115137372606076,13.21086883544922,16800
2022-09-09,13.489359855651855,13.576388315738798,13.132544663232224,13.254383511396057,67400
2022-09-12,13.646008491516112,13.82006455289468,13.489357621293015,13.6111972792404,41700
2022-09-13,13.506766319274902,13.78525607267358,13.376223624895571,13.524171513879852,89600
2022-09-14,13.846173286437988,13.9767151299948,13.463249936697157,13.471952117626756,155000
2022-09-15,13.837470054626465,13.89839029994987,13.57638637168108,13.802658841569428,75100
2022-09-16,13.132545471191406,13.750445251922269,13.080328225933677,13.724337044275885,80700
2022-09-19,13.115138053894045,13.315303171174582,12.688700444422931,12.932378959840014,117700
2022-09-20,13.045515060424805,13.228274146626696,12.854053792948411,13.071624094142813,53800
2022-09-21,12.96718978881836,13.019407026972573,12.671294872493965,12.793133711579056,79800
2022-09-22,12.706107139587402,13.036813298731191,12.384102332587284,13.036813298731191,102700
2022-09-23,12.33188533782959,12.505941421256974,11.90544772594128,12.505941421256974,125800
2022-09-26,11.748798370361328,12.270967518807826,11.626958681066483,12.035991153017408,128900
2022-09-27,11.9663667678833,12.123017652978888,11.687877043237677,11.827121905560489,53100
2022-09-28,12.088205337524414,12.123016549937736,11.835823840036628,11.940257477276598,37900
2022-09-29,11.740093231201172,12.02728596184102,11.592145360269756,12.02728596184102,20700
2022-09-30,11.653066635131836,12.236155158986143,11.644363623142391,11.69658003514925,47500
2022-10-03,12.018583297729492,12.088205724786588,11.766201792156322,11.783606983938196,27400
2022-10-04,12.062097549438477,12.436318743940442,12.062097549438477,12.14042299293562,26800
2022-10-05,11.94896125793457,12.001178498529102,11.740093955486213,12.001178498529102,22700
2022-10-06,11.88804054260254,12.114313843961234,11.809715105211852,11.818418116025216,48400
2022-10-07,11.792309761047363,12.018583059479807,11.757498548208892,11.905446410263584,25600
2022-10-10,11.426793098449709,11.940259177117952,11.409387074782702,11.861933730546202,64000
2022-10-11,11.339764595031738,11.661768561909176,11.304953377800796,11.32235940139871,40000
2022-10-12,11.809717178344728,11.809717178344728,11.29625106972714,11.29625106972714,31600
2022-10-13,12.349292755126951,12.479835463680084,11.574742836898134,11.713987728716123,147800
2022-10-14,12.323182106018066,12.471129981779528,12.096908786622317,12.314479094510954,12400
2022-10-17,12.679997444152832,12.79313410533176,12.140423173121317,12.366696495479172,98600
2022-10-18,12.723512649536133,13.045516634562691,12.706107454922094,12.775729893308112,57300
2022-10-19,13.062920570373535,13.341410279386947,12.384100659706144,12.810539064088932,105000
2022-10-20,13.236977577209473,13.489359101391756,12.871459393226186,13.489359101391756,117000
2022-10-21,13.123842239379885,13.341412569382818,12.8279464577815,12.94108312897882,99800
2022-10-24,13.106436729431152,13.236978592308196,12.767026723999944,13.010705255354058,90800
2022-10-25,13.071624755859377,13.176058406123587,12.888865660405786,13.071624755859377,36900
2022-10-26,13.02811050415039,13.254382997669516,12.89756781907968,12.941082047436584,40900
2022-10-27,12.592968940734863,13.12384016317008,12.532048693595549,13.12384016317008,37400
2022-10-28,12.436320304870604,12.5494569785706,12.22745298263906,12.540753965986378,30800
2022-10-31,12.45372486114502,12.601671907801894,12.340588200789288,12.514644282119312,52300
2022-11-01,12.647214889526367,12.831909993011545,12.550470154846275,12.585650134616936,28400
2022-11-02,12.7439603805542,12.972630682013389,12.400955767122348,12.57685567641521,94600
2022-11-03,13.342020988464355,13.385996175732432,12.356980651941326,12.58565095472978,82500
2022-11-04,13.324430465698242,13.544305561427633,13.236480930660642,13.421176044623609,26900
2022-11-07,13.570690155029297,13.720205275968253,13.262864708682775,13.262864708682775,85700
2022-11-08,13.35960865020752,13.772974009421011,13.35960865020752,13.588278920304925,73200
2022-11-09,13.210095405578612,13.412380079585454,12.717574849996549,13.359609690547172,105800
2022-11-10,13.236480712890623,13.438765395030298,12.339389934470562,13.438765395030298,172600
2022-11-11,13.324430465698242,13.456356026390033,13.09576100359494,13.236480930660642,153400
2022-11-14,13.482739448547363,13.561894609259111,13.192504418442184,13.31563476163344,142000
2022-11-15,13.588279724121094,13.605870133056907,13.23647993297342,13.570690153942142,79300
2022-11-16,13.482739448547363,13.482739448547363,13.069374075250924,13.482739448547363,64900
2022-11-17,13.35960865020752,13.35960865020752,13.21009437688194,13.21009437688194,15100
2022-11-18,13.016607284545898,13.27166239044632,12.787936958219444,13.27166239044632,32100
2022-11-21,12.840705871582031,13.01660577966735,12.568060384982097,13.01660577966735,51900
2022-11-22,12.928656578063965,13.245277280072086,12.814321417756254,12.972631768760316,91000
2022-11-23,12.999016761779783,13.051787159235978,12.752756864083922,13.051787159235978,18500
2022-11-25,13.06058120727539,13.148530743561784,12.840706108424,12.91106607295589,18400
2022-11-28,12.638421058654783,12.946246544175455,12.4889059186884,12.946246544175455,62800
2022-11-29,12.383365631103516,12.65601112561419,12.251440905900996,12.647215920265504,51600
2022-11-30,12.41854476928711,12.52408471002386,12.128309722571831,12.36577521829718,66800
2022-12-01,12.867090225219728,12.990220576211144,12.277824923432837,12.277824923432837,123800
2022-12-02,12.840705871582031,12.8670906481056,12.594445161505664,12.858295443012102,41600
2022-12-05,12.84950065612793,12.963835809793853,12.55926558865172,12.691191153077147,67500
2022-12-06,12.462518692016602,12.84949843552275,12.321798785287092,12.84949843552275,30800
2022-12-07,12.550471305847168,12.858295947381736,12.339390569108174,12.400956168420652,120200
2022-12-08,12.45372486114502,12.629624763949376,12.42734008541359,12.559264802827633,20100
2022-12-09,12.260234832763672,12.471315559776748,12.23385005642088,12.383365186958224,24400
2022-12-12,12.295413970947266,12.392159542164428,12.15469405509342,12.251439626310583,34700
2022-12-13,12.304210662841797,12.55926575084989,12.172285935469562,12.39216104026126,65800
2022-12-14,12.400956153869627,12.541676085692538,12.154695434422583,12.277825794146109,37000
2022-12-15,12.594442367553713,12.647212747651182,12.304207373909456,12.365772957149296,36700
2022-12-16,12.52408504486084,12.66480496960538,12.31300515774403,12.453725082488573,64200
2022-12-19,12.207464218139648,12.50649445320142,12.066744304876895,12.392159313986223,44800
2022-12-20,12.09312915802002,12.225053867877495,12.049153975148576,12.128309136565804,33500
2022-12-21,12.33938980102539,12.488904929145129,12.04915474967694,12.119514711291298,27800
2022-12-22,12.110719680786133,12.339389124109973,11.908434173174175,12.339389124109973,23900
2022-12-23,12.207464218139648,12.313004153086712,11.943613961393565,12.075538670388184,65300
2022-12-27,11.969999313354492,12.137104847489525,11.908434558018891,12.137104847489525,28400
2022-12-28,11.838074684143066,11.917229849440258,11.723739538575668,11.890845073926824,33600
2022-12-29,11.890843391418455,12.084332836148148,11.732533083224371,11.802893033809127,38000
2022-12-30,12.005179405212402,12.005179405212402,11.776509952368304,11.908434668961318,64900
2023-01-03,11.934820175170898,12.13710570358846,11.83807543299716,12.005180140162151,27500
2023-01-04,11.811690330505373,11.873255088487907,11.670970404398473,11.758919938836824,31500
2023-01-05,11.609404563903809,11.969999576670782,11.539044602327662,11.670970159350611,23300
2023-01-06,11.917229652404783,12.093129550847555,11.574224221373724,11.70614977427346,19400
2023-01-09,11.934820175170898,12.18108089139723,11.855665004866502,12.03156575610158,29100
2023-01-10,12.18107795715332,12.313002650043952,11.88204775859403,11.969997274268872,45900
2023-01-11,12.471318244934082,12.515292602054398,12.14590313745258,12.286623093254626,19200
2023-01-12,12.559264183044434,12.60323936626463,12.304209126875524,12.576854591835255,24100
2023-01-13,12.48890495300293,12.612035305441726,12.418544991254162,12.453724972128546,36000
2023-01-17,12.374571800231934,12.656012531351678,12.260236634270326,12.568062145609812,52100
2023-01-18,12.427340507507324,12.691190790053964,12.242645393600368,12.427340507507324,5400
2023-01-19,12.400956153869627,12.409750520540843,12.066745896411744,12.23385060576221,68300
2023-01-20,12.225053787231444,12.524084022276398,12.084333873976608,12.32179935666178,61800
2023-01-23,12.409749984741213,12.515289929051631,12.225054872508746,12.321800450527654,64700
2023-01-24,12.348186492919922,12.638421579219305,12.269031316882456,12.524086418138182,42200
2023-01-25,12.612037658691406,12.612037658691406,12.163492189782316,12.34818733352388,32700
2023-01-26,12.761550903320312,12.83191086765749,12.295415091140343,12.585650992477367,72700
2023-01-27,12.7439603805542,12.796730772720522,12.66480521168318,12.796730772720522,18900
2023-01-30,12.471318244934082,12.752758156538173,12.348187864228745,12.594447786882322,17500
2023-01-31,12.049152374267578,12.541672847227886,11.996382832838425,12.480107263884886,339200
2023-02-01,12.260234832763672,12.550470727562038,11.87325503762738,11.87325503762738,212000
2023-02-02,12.137104034423828,12.436134263890764,12.09312885266278,12.181079216184877,81900
2023-02-03,12.233850479125977,12.61203592105305,11.873255447873165,12.1371057366884,126100
2023-02-06,12.216068267822266,12.322758720408885,12.091596497088052,12.224959350846238,53000
2023-02-07,12.10937786102295,12.313868531845763,12.056033058478109,12.127160027138128,47600
2023-02-08,12.233850479125977,12.322758765993544,11.807087819300474,12.100486776974105,87300
2023-02-09,12.1893949508667,12.32275779460539,11.958231897012704,12.1893949508667,57200
2023-02-10,12.367212295532228,12.678393393205544,12.180503806508291,12.216067287850931,83300
2023-02-13,12.411666870117188,12.482793832865116,12.287194261358175,12.482793832865116,58000
2023-02-14,12.384994506835938,12.40277582362414,12.207176251552212,12.3938847412799,21200
2023-02-15,12.46501350402832,12.491685905197611,12.162723464441848,12.287195235165443,44100
2023-02-16,12.580594062805176,12.580594062805176,12.251631625420554,12.340540758940868,29200
2023-02-17,12.758411407470703,12.785083806438369,12.42944814596829,12.465012475125548,76500
2023-02-21,12.660609245300291,12.749518358679426,12.53613750404968,12.660609245300291,34700
2023-02-22,12.633939743041992,12.758412360691295,12.500576890339431,12.696175627916476,22700
2023-02-23,12.95401096343994,12.980684212023103,12.651720929366752,12.74063006217663,37100
2023-02-24,12.873992919921877,13.06070142059562,12.802865952798577,12.820648118529569,46200
2023-02-27,12.90955638885498,13.105155111425312,12.793974863026907,12.873992059769169,58500
2023-02-28,12.856210708618164,13.114046158496317,12.767301581942826,13.02513703182098,76200
2023-03-01,12.882883071899414,12.97179219832933,12.793974793369763,12.89177415412246,23500
2023-03-02,12.90955638885498,12.927337705497614,11.940450466673685,12.62504769147039,261100
2023-03-03,13.131829261779783,13.211846464027657,12.642830725907697,12.962902078600171,165400
2023-03-06,12.77619457244873,13.131830284367725,12.77619457244873,13.131830284367725,29400
2023-03-07,12.705066680908203,12.829539298263969,12.562812745587522,12.78508473150117,44200
2023-03-08,12.633939743041992,12.838429563572628,12.633939743041992,12.68728539286322,7900
2023-03-09,12.269413948059082,12.598376389647072,12.207177214639488,12.482794853753935,72300
2023-03-10,11.86932373046875,12.376103558994284,11.700396555693375,12.296085512827032,47100
2023-03-13,11.6025972366333,11.878214010145268,11.46923354321435,11.771523564150284,43000
2023-03-14,11.629268646240234,11.958231038697615,11.495905812073806,11.70928668590018,39300
2023-03-15,11.309199333190918,11.567034813250991,11.184726710854878,11.513689161421157,39200
2023-03-16,10.962454795837402,11.246962679932984,10.784637368277666,11.19361787561525,77100
2023-03-17,10.677945137023926,11.104706892237756,10.60681817782162,10.864653616905036,115500
2023-03-20,10.83798122406006,11.086926448756492,10.677945977212698,10.78463642441104,55500
2023-03-21,11.487016677856444,11.629270617858324,10.962454638174243,10.962454638174243,41900
2023-03-22,11.415887832641602,11.593705228435038,10.624599361485524,11.487014790958977,28700
2023-03-23,11.229180335998535,11.531470359203768,11.131380971744024,11.238071418539937,36800
2023-03-24,11.291417121887209,11.362544092111666,11.2291812349159,11.2291812349159,7800
2023-03-27,11.389216423034668,11.487015787228144,11.31808861064815,11.487015787228144,28300
2023-03-28,11.647052764892578,11.647052764892578,11.415889688824702,11.415889688824702,29000
2023-03-29,11.780415534973145,11.780415534973145,11.629270513107498,11.647052679397742,18200
2023-03-30,11.798197746276855,12.020469738350794,11.691506443929049,11.984905405634615,26900
2023-03-31,11.931560516357422,11.94045159947238,11.798197661234491,11.824870062679008,15500
2023-04-03,11.86932373046875,11.93155961175426,11.709287638134247,11.93155961175426,24400
2023-04-04,11.7359619140625,11.913779351810334,11.7359619140625,11.869325628298697,17000
2023-04-05,11.753742218017578,11.762632452569942,11.638160689833937,11.638160689833937,16400
2023-04-06,11.50479793548584,11.70039752590286,11.309199192969182,11.65594295791258,93500
2023-04-10,11.7359619140625,11.815979973024133,11.398108358391404,11.44256292980347,23400
2023-04-11,11.558143615722656,11.815979093234304,11.558143615722656,11.691506472128545,11400
2023-04-12,11.700396537780762,11.771523501398253,11.558142610545785,11.70928762020802,16200
2023-04-13,11.629268646240234,11.86932276522007,11.584814085551352,11.584814085551352,13800
2023-04-14,11.647052764892578,11.682616249833762,11.584816030320232,11.584816030320232,16200
2023-04-17,11.86932373046875,11.895996129891069,11.682615238711929,11.691505473252509,42600
2023-04-18,11.89599609375,11.90488717616386,11.815978047825851,11.833760212653567,25600
2023-04-19,11.700396537780762,11.895996111679002,11.691505455353504,11.895996111679002,10100
2023-04-20,11.39810848236084,11.798198781520504,11.39810848236084,11.64705374581584,14200
2023-04-21,11.460344314575195,11.70928871041466,11.318089526195134,11.70928871041466,19200
2023-04-24,11.362543106079102,11.69150552679521,11.362543106079102,11.558142681172566,9600
2023-04-25,11.371435165405272,11.469234537403157,11.166945338164153,11.424780816977078,25200
2023-04-26,11.291417121887209,11.584816086038186,11.291417121887209,11.45145322884242,6100
2023-04-27,11.14026927947998,11.549249678740786,11.1313790463766,11.166942522490578,13400
2023-04-28,11.264744758605955,11.309199327123576,11.060254082585056,11.060254082585056,18000
2023-05-01,11.30030918121338,11.30030918121338,10.989128023677589,11.229182204845271,10900
2023-05-02,11.238070487976074,11.291415283006684,10.93578048980184,11.229179406170896,45300
2023-05-03,11.13138198852539,11.300308332740862,11.13138198852539,11.24696268051997,56200
2023-05-04,11.18472385406494,11.202506016099775,10.820198011352357,11.202506016099775,71000
2023-05-05,11.445672988891602,11.562649307065591,10.815801232528289,10.815801232528289,46700
2023-05-08,11.445672988891602,11.697621519810449,10.995764468898892,11.184726081621124,116300
2023-05-09,11.47266674041748,11.544652031706766,11.20272146901648,11.45466998852898,176000
2023-05-10,11.40068244934082,11.5986424468201,11.220719205328946,11.355691423804744,40200
2023-05-11,11.337695121765137,11.580645277932977,11.004762059620564,11.418677935066146,73200
2023-05-12,11.274704933166504,11.41867549241371,11.193721279056897,11.40067960157392,18900
2023-05-15,11.364690780639648,11.499663010755572,11.20272341799453,11.238716069900944,31000
2023-05-16,11.301703453063965,11.409681404949394,11.193724643046052,11.220719774616772,24900
2023-05-17,11.69762134552002,11.886582955426793,11.229716079795674,11.229716079795674,97200
2023-05-18,11.877586364746094,11.877586364746094,11.66163045185476,11.74261413372214,37900
2023-05-19,12.039552688598633,12.19252166155086,11.607640041988676,11.877585338853343,32400
2023-05-22,12.066545486450195,12.165525902814672,11.796600222569785,11.796600222569785,33900
2023-05-23,12.11153793334961,12.21051750324011,11.895582040061734,12.102539556596172,54200
2023-05-24,11.877586364746094,12.210518611653365,11.877586364746094,12.04855210605112,44500
2023-05-25,11.769607543945312,12.156529169726308,11.6166385690148,11.742613271349471,24100
2023-05-26,11.69762134552002,12.120535588288966,11.670627074999734,11.670627074999734,21900
2023-05-30,11.850590705871582,11.985562921129103,11.652630713112456,11.706620114094914,31000
2023-05-31,11.706621170043944,12.00356075690068,11.598643216471723,11.787604849756235,80100
2023-06-01,11.79659938812256,12.012556098830323,11.70661821194891,11.823594513293704,31600
2023-06-02,11.958568572998049,12.201519588662125,11.805599605683422,11.87758490111002,42100
2023-06-05,12.138530731201172,12.237511147202518,12.012556904482857,12.030552797671616,16200
2023-06-06,12.003559112548828,12.138531321491316,11.967566466288671,11.985562360352564,29300
2023-06-07,12.570443153381348,12.597437421865438,12.183521586535996,12.1925199620748,37100
2023-06-08,12.73241138458252,12.867384461947871,12.507457113772706,12.588440788565428,35900
2023-06-09,12.64242935180664,12.732410539277248,12.534451411962484,12.732410539277248,21900
2023-06-12,12.579442024230955,12.849387312512688,12.498459210065612,12.71441509743803,70600
2023-06-13,12.687417984008787,12.92136971385642,12.552444941036306,12.552444941036306,31100
2023-06-14,12.777402877807615,12.95736612941259,12.26450739620033,12.786401254920984,41900
2023-06-15,12.777402877807615,12.993358779733583,12.696419200052262,12.741410227486623,35200
2023-06-16,12.43547248840332,12.87638353522025,12.23751333723836,12.87638353522025,48700
2023-06-20,12.588441848754885,12.597440226296898,12.381484314083613,12.426475343661176,8700
2023-06-21,12.615435600280762,12.777402087642862,12.5164551744197,12.55244782251488,15200
2023-06-22,12.525455474853516,12.858387735404554,12.498461199168986,12.606439160039656,24300
2023-06-23,12.471463203430176,12.732410096852629,12.408476288576177,12.651427288382784,7800
2023-06-26,12.192523002624512,12.47146584883113,12.192523002624512,12.47146584883113,267100
2023-06-27,12.138530731201172,12.381481725241928,12.030552797671616,12.32749232941098,23500
2023-06-28,12.156529426574709,12.318495923704296,12.012558825511752,12.102540022109864,29200
2023-06-29,12.381482124328612,12.570443728629137,12.21951478974749,12.24650905946689,16700
2023-06-30,12.426472663879396,12.516453845497471,12.336490624128988,12.516453845497471,17400
2023-07-03,12.525455474853516,12.525455474853516,12.408479136043818,12.408479136043818,2700
2023-07-05,12.408476829528809,12.579441687928242,12.156528300996658,12.462466228994751,15700
2023-07-06,12.408476829528809,12.52545314659469,12.26450624179615,12.300498888729315,19900
2023-07-07,12.408476829528809,12.633431087394184,12.228513594862989,12.471463747128748,20300
2023-07-10,12.471463203430176,12.597437891270529,12.291499976609924,12.291499976609924,35300
2023-07-11,12.66942310333252,12.696417372654858,12.29149990029039,12.309496651926848,19200
2023-07-12,12.921371459960938,13.038347769758234,12.64242867809475,12.714413967488111,61500
2023-07-13,13.632229804992676,13.875180853201655,12.885381621297144,12.903378376630783,244200
2023-07-14,13.794195175170898,13.94716414085017,13.344286654498312,13.497255620177585,96700
2023-07-17,13.4972562789917,13.92916806801586,13.461263629906352,13.749204822589126,27000
2023-07-18,13.587238311767578,13.767201556942608,13.407274208460109,13.677219505288871,61000
2023-07-19,13.722209930419922,13.812191978134654,13.443266269010175,13.677218906562556,74300
2023-07-20,13.731208801269531,13.857182642847503,13.56024307608166,13.767201450025013,20600
2023-07-21,13.614232063293455,13.758202653926892,13.50625412031838,13.70421325337315,39600
2023-07-24,13.695215225219728,13.821189058268091,13.614231556470132,13.614231556470132,15000
2023-07-25,14.03714656829834,14.316089378113674,13.758202900350582,13.785197172044745,74800
2023-07-26,14.145124435424805,14.370078700614814,14.091135034200938,14.163120330411148,27300
2023-07-27,13.55124568939209,14.253102776021697,13.524250558963397,14.001154232280994,24300
2023-07-28,13.875179290771484,14.487055173093848,13.452265027511473,13.542247077782088,120200
2023-07-31,13.803194046020508,14.41506993065738,13.497256103702073,14.41506993065738,36000
2023-08-01,13.621453285217283,13.721411136993652,13.2216244779311,13.612366050218265,34300
2023-08-02,13.476061820983888,13.594193283421747,13.25797336722467,13.448800980915603,26900
2023-08-03,13.84862995147705,13.857717187126298,13.439713879932327,13.539670872254574,27400
2023-08-04,13.621453285217283,14.048543797500528,13.621453285217283,13.730497505386245,15500
2023-08-07,13.621453285217283,13.621453285217283,13.403364844879366,13.594192446826652,12100
2023-08-08,13.221624374389648,13.50332172430182,13.17618906635679,13.43971281301967,31200
2023-08-09,13.43062686920166,13.85771741919723,13.212538409606411,13.339757111006891,20000
2023-08-10,13.294320106506348,13.594191916933784,13.212536727915886,13.33975541312398,13900
2023-08-11,13.212536811828612,13.257972118734806,13.112579829920106,13.257972118734806,9100
2023-08-14,13.3034086227417,13.330669462695909,12.939927001390837,13.021710387859942,16100
2023-08-15,13.3034086227417,13.83954251933805,12.930839765870608,13.112581009849276,59500
2023-08-16,13.285233497619627,13.412452188819952,13.185276511637795,13.412452188819952,3100
2023-08-17,13.63054084777832,13.739585070567774,13.16710225096831,13.23071203088366,60900
2023-08-18,13.357929229736328,13.85771587732167,13.312493922391042,13.5214959895368,17600
2023-08-21,13.148926734924316,13.60327803044175,13.085316964259576,13.176187570005592,35900
2023-08-22,13.203450202941896,13.494235660960312,13.058057907235906,13.148928525355368,14900
2023-08-23,13.112581253051758,13.348843314714385,13.076233176903164,13.257973557646142,15600
2023-08-24,13.27614402770996,13.49423329971371,13.167099825011231,13.176187058554364,46600
2023-08-25,13.367016792297363,13.630540541434168,13.248885336945497,13.248885336945497,43600
2023-08-28,13.348841667175291,13.566930963756372,13.239797452187949,13.466973116729848,3200
2023-08-29,13.248886108398438,13.51240987287964,13.248886108398438,13.466974561774643,8900
2023-08-30,13.403365135192873,13.630540815450376,13.239798368093403,13.35792982582008,13000
2023-08-31,13.812280654907228,13.857715962531891,13.412451854344274,13.576017748544094,33000
2023-09-01,13.539670944213867,13.830456420289778,13.303408882323213,13.739585796527338,13100
2023-09-05,13.257973670959473,13.585106359092777,13.239799199426594,13.421540448329374,19200
2023-09-06,13.294320106506348,13.403364322424832,12.994448296078914,13.394277087780027,26400
2023-09-07,13.230710983276367,13.285232657050845,12.985360851472077,13.121665902514652,32600
2023-09-08,13.203450202941896,13.412452277974085,13.103493216295636,13.17618936414863,17200
2023-09-11,13.094404220581056,13.221622895522088,12.994447247374309,13.176187592571267,7400
2023-09-12,13.103492736816406,13.248885027202244,13.030796591623488,13.248885027202244,5800
2023-09-13,13.176189422607422,13.412452337481104,12.985361816995058,13.294320880044262,14800
2023-09-14,13.230710983276367,13.3397551974317,12.985360851472077,13.139840371510395,60800
2023-09-15,13.039883613586426,13.348841792310289,13.039883613586426,13.112579757592794,36200
2023-09-18,13.139841079711914,13.485148209784777,12.930839008028098,12.985361551347571,37500
2023-09-19,13.030797958374023,13.303408964743795,13.030797958374023,13.139842187600632,21000
2023-09-20,12.949012756347656,13.17618841873972,12.903577450547967,13.112579510583982,4500
2023-09-21,12.721837997436523,12.903578366935758,12.4855750837843,12.70366352718338,48300
2023-09-22,12.712750434875488,13.10349286918956,12.594618981092015,12.767272977624176,12100
2023-09-25,12.721837997436523,12.985361749862022,12.567358466710566,12.985361749862022,25600
2023-09-26,12.549184799194336,12.785446845037654,12.49466225531884,12.49466225531884,10000
2023-09-27,12.494661331176758,12.749097828361847,11.822221583884412,12.549183871019606,44000
2023-09-28,12.712750434875488,12.967187812227468,12.276573559311666,12.494661997093576,29400
2023-09-29,12.73092555999756,12.94901400900579,12.094833817086988,12.685490249802562,13300
2023-10-02,12.630967140197754,12.867230049375992,12.185703026704752,12.694576918272771,20800
2023-10-03,12.576445579528809,12.849056564429684,12.33109543313609,12.531010270944256,23100
2023-10-04,12.576445579528809,12.721837873714229,12.403791580228798,12.712750638676033,34900
2023-10-05,12.467401504516602,12.785446935110564,12.467401504516602,12.531010417314103,4300
2023-10-06,12.640052795410156,13.039882417373212,12.476486053097425,12.521921355584997,35900
2023-10-09,12.749099731445312,13.23979919685314,12.558272113419688,12.558272113419688,65600
2023-10-10,13.112581253051758,13.176190169660178,12.785447701107902,12.976275317539654,32000
2023-10-11,12.858141899108888,13.11257926008387,12.758184921544231,12.903577204040587,18800
2023-10-12,12.949012756347656,13.167101184258506,12.812707705554969,12.903577450547967,4400
2023-10-13,13.030797958374023,13.403365958216565,12.812709499920803,12.912666493393573,18500
2023-10-16,13.048970222473145,13.267059525123846,12.930838769630885,13.05805745729326,9400
2023-10-17,12.87631607055664,13.12166532495533,12.794532696888297,13.04896918538488,4300
2023-10-18,12.658228874206545,12.958100695543823,12.658228874206545,12.958100695543823,11900
2023-10-19,12.694576263427734,12.767272406100815,12.694576263427734,12.767272406100815,5800
2023-10-20,12.630967140197754,12.71275052157533,12.558270993774668,12.558270993774668,6700
2023-10-23,12.630967140197754,12.758185829741365,12.44922677414004,12.558270993774668,16800
2023-10-24,12.56735897064209,12.74909934742883,12.44922750907909,12.44922750907909,4900
2023-10-25,12.485573768615724,12.621879681337187,12.367442324232991,12.485573768615724,5900
2023-10-26,12.494661331176758,12.558270238821438,12.312920976044552,12.376529883689232,16300
2023-10-27,12.41287899017334,12.640054669690732,12.331095606890049,12.512836843789117,14500
2023-10-30,12.376530647277832,12.558271013622782,12.312921735708706,12.376530647277832,8500
2023-10-31,12.476487159729004,12.485574394353796,12.322008504139513,12.340182106782704,12400
2023-11-01,12.194791793823242,12.412880260493315,12.176617321630802,12.38561941881119,24600
2023-11-02,12.222049713134766,12.367441989483922,12.176614410124072,12.203876111894283,28900
2023-11-03,12.396651268005373,12.497736459179029,12.350703533506447,12.350703533506447,2800
2023-11-06,12.277189254760742,12.387463307411796,12.047451425975982,12.332326719276402,7100
2023-11-07,11.973933219909668,12.249618739743545,11.973933219909668,12.249618739743545,12500
2023-11-08,11.900418281555176,12.084208352716685,11.863660267322873,11.9463660184406,14200
2023-11-09,11.882039070129396,12.093397421441264,11.670679842437384,12.093397421441264,9800
2023-11-10,11.946367263793944,12.26800057914051,11.799335191537327,11.955556987405055,13200
2023-11-13,12.727473258972168,12.819367844396256,12.222049971809431,12.810178122939824,82100
2023-11-14,12.865318298339844,13.141003865723178,12.672338488809537,12.810180834311073,73800
2023-11-15,12.773422241210938,12.957213195434006,12.635579901923856,12.957213195434006,237100
2023-11-16,12.727473258972168,12.911263306200416,12.727473258972168,12.911263306200416,52200
2023-11-17,12.9572114944458,13.085864093856516,12.690715697463473,12.70909426464496,35200
2023-11-20,13.260468482971191,13.46263715236243,12.993972622064272,13.030730641624528,111000
2023-11-21,13.278843879699709,13.343171055835294,12.98477979352596,13.324791612259382,32100
2023-11-22,13.04910659790039,13.232896658866284,12.819368802597989,13.232896658866284,43700
2023-11-24,13.159380912780762,13.159380912780762,12.97559084792799,13.131812622147883,31300
2023-11-27,13.067487716674805,13.278846094774332,13.067487716674805,13.067487716674805,13900
2023-11-28,12.681527137756348,13.095055015604668,12.681527137756348,12.938833236536162,21900
2023-11-29,12.883695602416992,12.984779913881136,12.681526103108592,12.699904670474748,27500
2023-11-30,12.258809089660645,12.984780499137482,12.166913619547566,12.984780499137482,58200
2023-12-01,12.53449535369873,12.764233165982487,12.1301563133064,12.26799952650478,34100
2023-12-04,12.718284606933594,12.755042619470045,12.4058410621837,12.617199415173246,47500
2023-12-05,12.663148880004885,12.865318414766255,12.5804431214034,12.68152832697422,51900
2023-12-06,12.43341064453125,12.644769895864725,12.415032074543255,12.644769895864725,27000
2023-12-07,12.43341064453125,12.543684693599925,12.222052269578016,12.479358384071592,43000
2023-12-08,12.323135375976562,12.571252619112808,12.2588090728139,12.313945653701852,93400
2023-12-11,12.166913986206056,12.415031237160465,12.139345694893402,12.405841514596188,84700
2023-12-12,12.084209442138672,12.212862941740262,12.03826257749121,12.139346906648,390000
2023-12-13,12.506925582885742,12.543683596025636,12.047449980447,12.047449980447,85500
2023-12-14,12.635578155517578,12.727473619927927,12.41503009258886,12.497735835282151,38700
2023-12-15,12.681527137756348,12.810179748956164,12.598821386910648,12.598821386910648,29100
2023-12-18,12.415031433105469,12.72747499418072,12.387462264977517,12.506926031058065,41200
2023-12-19,12.543684005737305,12.571253173777832,12.442599685395944,12.442599685395944,8200
2023-12-20,12.53449535369873,12.718285428249697,12.433410155410543,12.571253368608923,51500
2023-12-21,12.653961181640623,12.653961181640623,12.562065691212103,12.562065691212103,16700
2023-12-22,12.598822593688965,12.690718075959772,12.562064576056695,12.663148905450369,38100
2023-12-26,12.506925582885742,12.60801077630557,12.415030988226093,12.52530502764577,33900
2023-12-27,12.516117095947266,12.525306819642054,12.323137280258155,12.323137280258155,41200
2023-12-28,12.690716743469238,12.764232771014797,12.424220924521553,12.562063257074426,59100
2023-12-29,13.04910659790039,13.168570356623256,12.727474210305113,12.727474210305113,170300
2024-01-02,13.186949729919434,13.453445535980364,12.9572119358538,13.177760007825576,54800
2024-01-03,13.848594665527344,14.04157445762658,13.324792748278073,13.324792748278073,97400
2024-01-04,14.243744850158691,14.335640328776323,13.876164688448624,13.876164688448624,1602600
2024-01-05,14.795116424560549,14.850253012324275,14.243745288641668,14.243745288641668,254600
2024-01-08,14.813493728637695,14.89619772193994,14.749165673997751,14.804304006546277,296200
2024-01-09,15.72325611114502,15.72325611114502,14.795115158220888,14.932957492212312,396800
2024-01-10,15.741636276245115,15.897858080043118,15.34648865747196,15.622173368757538,113600
2024-01-11,15.649742126464844,15.741635859285552,15.374055669720914,15.649742126464844,376600
2024-01-12,15.668118476867676,15.796772846745723,15.557845305841294,15.622171614400091,167700
2024-01-16,15.649742126464844,15.70487871670939,15.43838198379965,15.62217295496227,165600
2024-01-17,16.293004989624023,16.357331295686595,14.969716472095843,15.62217100817094,634000
2024-01-18,16.605449676513672,16.66977598694011,16.136784304143273,16.44922788572354,378500
2024-01-19,16.633014678955078,16.74328782555355,16.17353914502129,16.541119221616306,218700
2024-01-22,16.485986709594727,16.816807983647124,16.145973959508087,16.752481673491395,353200
2024-01-23,16.32976722717285,16.44923014109298,15.861101790543294,16.40328327099156,186200
2024-01-24,16.35733413696289,16.42166220695966,16.054080246592296,16.191924358110402,110500
2024-01-25,16.32976722717285,16.44923014109298,15.805965195869447,16.421662720136425,93100
2024-01-26,16.770862579345703,16.862758067318904,16.265440024634064,16.311386892240343,651400
2024-01-29,16.41246795654297,16.78004806278062,16.31138277004254,16.78004806278062,87800
2024-01-30,16.780052185058594,16.963841406947967,16.11840783128771,16.430849683775705,215500
2024-01-31,16.72491455078125,16.91789348464478,16.394091518146027,16.8719466202279,167900
2024-02-01,16.35733413696289,16.798432138851588,15.723258936126634,16.73410406885482,211200
2024-02-02,16.862756729125977,16.862756729125977,15.870289393848942,15.870289393848942,139700
2024-02-05,16.70524787902832,17.00173562277042,16.49214576690813,17.00173562277042,118500
2024-02-06,16.584796905517578,16.86275546180148,16.557002286933503,16.557002286933503,31600
2024-02-07,16.584796905517578,16.677449757612212,16.48288035869903,16.492144053422944,29300
2024-02-08,17.020265579223633,17.298222381350165,16.473615670129377,16.473615670129377,86900
2024-02-09,16.97393798828125,17.205569241979862,16.816428665077947,16.909081519998633,69500
2024-02-12,17.094388961791992,17.464998651817584,16.695982882312084,16.88128684372168,101100
2024-02-13,16.621858596801758,17.35381241032766,16.380961890505368,16.788633375561272,225000
2024-02-14,16.6403865814209,16.825692270816447,16.455082659231376,16.788632193260952,34900
2024-02-15,17.122182846069336,17.288957641194415,16.649654848950387,16.649654848950387,108100
2024-02-16,17.001733779907227,17.344547033748203,16.955406470465096,16.955406470465096,192300
2024-02-20,16.807161331176758,17.279689248164754,16.67744840905669,17.06658894262292,125000
2024-02-21,16.770099639892578,17.24262751140978,16.649650423338034,16.649650423338034,121500
2024-02-22,16.825693130493164,17.057324370469345,16.621858275508327,16.621858275508327,47900
2024-02-23,16.788631439208984,17.131444651825653,16.62185667968479,16.77010051766053,187700
2024-02-26,16.260515213012695,16.881287116540257,16.260515213012695,16.87202165323908,45600
2024-02-27,15.78798770904541,16.223453846593493,15.54709098384659,15.778722246475498,90100
2024-02-28,16.01961898803711,16.028882683410195,15.769456800012858,15.85284419602094,58500
2024-02-29,16.121536254882812,16.306841980251843,15.787988423307471,15.954761455491958,73900
2024-03-01,16.01961898803711,16.177126550267612,15.81578234570344,16.103004616838902,56100
2024-03-04,15.815778732299805,16.12153185873913,15.778718657655649,16.12153185873913,25400
2024-03-05,15.917699813842772,16.06594367275582,15.70459948755604,15.70459948755604,25100
2024-03-06,16.575531005859375,16.63112377597176,15.815780819718023,15.91769913105127,222700
2024-03-07,16.121536254882812,16.547738716349038,15.954761455491958,16.547738716349038,90000
2024-03-08,16.167861938476562,16.204922019487153,15.852843297458692,16.204922019487153,31500
2024-03-11,16.121536254882812,16.18639272860006,15.982557844459224,16.019619696415578,35400
2024-03-12,16.6403865814209,16.816426809626066,16.01961658651967,16.1678604311537,78900
2024-03-13,17.075857162475586,17.326019353155566,16.399494291857543,16.399494291857543,104100
2024-03-14,16.872018814086914,17.40013953014562,16.733040422368784,17.131446441245252,100200
2024-03-15,16.529205322265625,16.862754871242434,16.529205322265625,16.64965278872608,50600
2024-03-18,16.71451187133789,16.73304102828677,16.32537130011233,16.62185901776872,16600
2024-03-19,16.612592697143555,16.779367471507815,16.436552461180604,16.60332723554486,49000
2024-03-20,16.59406280517578,16.63112465387374,16.306840546591445,16.538471799335056,16400
2024-03-21,16.612592697143555,16.751571086711735,16.482879769174065,16.482879769174065,26000
2024-03-22,16.408756256103516,16.686714805490357,16.186390476917715,16.58479649399457,9400
2024-03-25,16.214187622070312,16.621859119957247,16.195656697801315,16.399493330347884,17000
2024-03-26,16.14933204650879,16.343901460463687,15.982557253286702,16.21418851782709,9500
2024-03-27,16.167861938476562,16.408756883060875,15.908434302577673,15.908434302577673,17100
2024-03-28,16.121536254882812,16.362432990980007,16.019619696415578,16.112270791893724,9900
2024-04-01,15.9918212890625,16.13079968194512,15.964024903603518,16.03814683095466,6700
2024-04-02,15.86210823059082,15.991821160611892,15.797249998374152,15.936230157346593,12100
2024-04-03,15.797250747680664,15.973290994777994,15.797250747680666,15.862108982973734,6600
2024-04-04,15.658272743225098,15.797251145079702,15.611947198342316,15.797251145079702,4800
2024-04-05,15.926962852478027,15.973288388637137,15.408107658025198,15.60267879774649,52900
2024-04-08,15.769455909729004,15.908434306160853,15.361784415283552,15.75092498561644,19200
2024-04-09,15.667537689208984,15.76019054312678,15.519293829822992,15.658272227096584,17400
2024-04-10,16.121536254882812,16.121536254882812,15.250602173178557,15.510029835253926,27100
2024-04-11,15.565618515014648,16.25124853588244,15.389580046203015,16.12153384066648,28800
2024-04-12,15.269132614135742,15.491498417191352,14.231424649606405,15.408111020144707,62500
2024-04-15,14.963377952575684,15.37104943529727,14.509380928111115,15.259865661025511,10800
2024-04-16,15.398846626281738,15.46370309499744,14.824400335702524,14.824400335702524,45600
2024-04-17,15.510028839111328,15.760191022130766,15.2042756489341,15.482232451929306,43300
2024-04-18,15.686067581176758,15.760189505991994,14.694685290467657,15.574883810350862,28200
2024-04-19,15.658272743225098,16.06594425357736,15.315459469797494,15.54709072862392,13400
2024-04-22,15.519291877746582,15.565617415275376,15.287660655690662,15.528557338693536,6600
2024-04-23,15.649005889892578,15.68606773626968,15.29692718534062,15.380314572482998,8000
2024-04-24,15.287665367126465,15.556358515777514,14.95411573906489,15.556358515777514,14600
2024-04-25,15.009708404541016,15.287665247615047,14.796607156767234,15.287665247615047,11200
2024-04-26,15.426641464233398,15.426641464233398,15.018969954414034,15.148684660887527,17500
2024-04-29,14.620562553405762,15.57488294508685,14.583501593057068,15.287660723285228,28000
2024-04-30,15.491497993469238,15.695334632766292,14.991175392080471,15.093093711729,41000
2024-05-01,15.565618515014648,15.64900590222273,14.94484672535789,15.639740440621154,22100
2024-05-02,15.176478385925291,15.472967863804511,14.676155815966032,15.389580474276944,24600
2024-05-03,15.47296905517578,15.60268199678121,14.842931737881491,15.287663338134063,26500
2024-05-06,15.314030647277832,15.790841363722926,15.155093741796136,15.351428405378588,11800
2024-05-07,15.070951461791992,15.285983208492752,14.790473642282908,15.285983208492752,17800
2024-05-08,15.03355312347412,15.127045726355076,14.594139316512104,14.968108836424378,15100
2024-05-09,15.080300331115724,15.360778173196024,14.930713753573862,15.08964977084073,21600
2024-05-10,15.220541000366213,15.285985298901108,14.968111463254417,15.211191560115028,15000
2024-05-13,15.304680824279783,15.407521078051174,14.968108181914875,15.285981947876625,11400
2024-05-14,14.827871322631836,15.35142834296256,14.622189003583715,15.183141998639895,44100
2024-05-15,15.080300331115724,15.285984438619268,14.781126284420353,14.781126284420353,18000
2024-05-16,15.098997116088867,15.220538032430946,14.930711682440924,15.005504515031047,27900
2024-05-17,15.1550931930542,15.304682436817574,14.7904739808904,14.996158076550543,30600
2024-05-20,15.332730293273926,15.351429173259625,14.912015301324104,15.15509449985648,8500
2024-05-21,15.127046585083008,15.28598348403619,15.024204537753542,15.183141436706723,8600
2024-05-22,15.370126724243164,15.678651084436767,15.052252924865126,15.052252924865126,50900
2024-05-23,15.220541000366213,15.725398291366409,15.19249267961266,15.426223336222083,52600
2024-05-24,16.389192581176758,16.660319187407406,15.285983711247503,15.557110317478154,62900
2024-05-28,16.342445373535156,16.529430592562527,16.015222131848866,16.529430592562527,34300
2024-05-29,16.174161911010742,16.445290348521446,16.03392386339851,16.211559674759883,156200
2024-05-30,16.55747413635254,16.71641100884977,15.285980939597554,15.285980939597554,121800
2024-05-31,16.716413497924805,16.781859570763906,16.407889144575925,16.594874357669916,20700
2024-06-03,16.548131942749023,16.819258589288822,16.454639319271223,16.819258589288822,14000
2024-06-04,16.23025894165039,16.454640179797465,16.071322008393267,16.435941297479317,30500
2024-06-05,16.492033004760742,16.54812964097872,16.277001248928183,16.37049385940158,11500
2024-06-06,16.379844665527344,16.641621856828028,16.14611401145266,16.379844665527344,7400
2024-06-07,16.164810180664062,16.351793602629776,16.118062987755327,16.276999877198875,5000
2024-06-10,16.772512435913086,16.772512435913086,16.090017562618396,16.370495420790068,26700
2024-06-11,17.277368545532227,17.296067424775842,16.230256273015694,16.230256273015694,47900
2024-06-12,17.44565200805664,17.539144605594668,16.97819080358948,17.00623911781778,30500
2024-06-13,16.174161911010742,17.455006787842457,16.174161911010742,17.455006787842457,10600
2024-06-14,16.043272018432617,16.54813108923933,15.650604446657413,16.54813108923933,10700
2024-06-17,16.398540496826172,16.398540496826172,15.70669632016398,15.865633206712369,34100
2024-06-18,16.791208267211914,16.856654344107266,15.949778322584676,16.314399332394313,27900
2024-06-20,16.1461124420166,16.76316116613746,15.940428345160848,16.72576340917343,6600
2024-06-21,16.164810180664062,16.29569875436237,15.659951196588173,16.080667016651415,17800
2024-06-24,16.473337173461914,16.837956420744685,15.987176988269312,16.1741604403426,51200
2024-06-25,16.454639434814453,16.697719544274236,16.35179736994438,16.697719544274236,3000
2024-06-26,15.678651809692385,16.286351119005822,15.678651809692385,16.286351119005822,4500
2024-06-27,15.78149127960205,16.127413395011807,15.74409530625199,15.968476496021896,14800
2024-06-28,15.921728134155272,16.02456837923499,15.687997548538789,15.762791264607149,11100
2024-07-01,16.06197166442871,16.258304568063153,15.84693987952714,15.893685299471493,11000
2024-07-02,15.846939086914062,16.333097492979036,15.80019188608439,16.30505095570461,14500
2024-07-03,15.809541702270508,16.005876383978084,15.809541702270508,16.005876383978084,1300
2024-07-05,15.687999725341797,15.90303146597241,15.43557022987642,15.893682027263718,8100
2024-07-08,15.398174285888672,15.688001570272917,15.248586815404105,15.688001570272917,15900
2024-07-09,15.800192832946776,15.996527521750457,15.519716744054074,15.659954788500425,13200
2024-07-10,15.846939086914062,16.080669741392303,15.65995385004212,15.669303290208054,39000
2024-07-11,15.846939086914062,15.865636184022556,15.669303290208054,15.669303290208054,4700
2024-07-12,15.360780715942385,15.90303582719186,15.239239762621322,15.893686385919194,43900
2024-07-15,15.379476547241213,15.800190621701091,15.379476547241213,15.800190621701091,13700
2024-07-16,15.444920539855955,15.865634606141592,15.42622166138374,15.472967074341078,2200
2024-07-17,15.62255573272705,15.62255573272705,15.285984810553945,15.332730227093078,14000
2024-07-18,15.426222801208496,15.594509153446504,15.426222801208496,15.594509153446504,10300
2024-07-19,15.47296905517578,15.753446918495912,15.47296905517578,15.47296905517578,19700
2024-07-22,15.557110786437988,15.67865171752012,15.454270517703025,15.566460225999942,18500
2024-07-23,15.66930103302002,15.753444199169095,15.379475562519373,15.379475562519373,13600
2024-07-24,15.65060329437256,15.65060329437256,15.566460122099862,15.61320731959761,13700
2024-07-25,15.61320686340332,15.688000593991106,15.332729036281725,15.454269963001376,16900
2024-07-26,15.285984992980955,15.613208262330076,15.20184181562766,15.566461062009711,19200
2024-07-29,15.407523155212402,15.444920913060496,15.27663456919056,15.407523155212402,6700
2024-07-30,15.136396408081056,15.416872456535652,15.080299771811552,15.416872456535652,13100
2024-07-31,15.192492485046388,15.51036631662215,15.18314304491494,15.201841925177837,18600
2024-08-01,15.314030647277832,15.342078965853398,15.089649448343067,15.342078965853398,13400
2024-08-02,14.95876121520996,15.529064557171296,14.95876121520996,15.529064557171296,22600
2024-08-05,15.11769676208496,15.285983095906296,14.62218809113628,14.958759867167382,37200
2024-08-06,16.02362632751465,16.02362632751465,14.6552956004826,15.098823801644723,49500
2024-08-07,15.853765487670898,16.05193850122489,15.58953720282584,15.674468237217525,11200
2024-08-08,15.48573112487793,15.80658127687984,15.372490953536118,15.372490953536118,58200
2024-08-09,15.447983741760254,15.627280965088596,15.23093679786186,15.48572986249046,10700
2024-08-12,15.155444145202637,15.57066231080164,15.146007164175376,15.419674214205656,2300
2024-08-13,14.721354484558104,15.64615706809538,14.711917503103216,15.306432935399986,20500
2024-08-14,15.249813079833984,15.363055059104523,14.664733720083335,14.664733720083335,11800
2024-08-15,15.400799751281738,15.712212915373096,15.174317613753482,15.249811659596237,19100
2024-08-16,15.38192653656006,15.85376479596276,15.11769826324342,15.296995505873962,17800
2024-08-19,15.514041900634766,15.712213098309272,14.85346764187964,14.85346764187964,29400
2024-08-20,15.551788330078123,15.58009927312592,15.466857300854828,15.551788330078123,7800
2024-08-21,15.429112434387209,15.589537524894627,15.381927525461355,15.495169506963164,11100
2024-08-22,15.49516773223877,15.759397792199488,15.06107651940046,15.381925763707024,38700
2024-08-23,15.82545566558838,15.82545566558838,15.306432499859078,15.306432499859078,9400
2024-08-26,16.02362632751465,16.278419411148217,13.636125065868384,15.14600690605684,3700
2024-08-27,16.04250144958496,16.21236351762662,15.287560924866684,15.287560924866684,20000
2024-08-28,16.165180206298828,16.221802101184622,15.778272924181064,16.221802101184622,9400
2024-08-29,15.910386085510254,16.627580428858145,15.580098956348452,15.768833173069446,28500
2024-08-30,16.750259399414062,16.92012147286015,16.1368699785745,16.325604215798847,13900
2024-09-03,16.3444766998291,16.665326853976147,16.14630549869597,16.476590833917854,19300
2024-09-04,16.37278938293457,16.712511735257497,15.900951082561358,16.410535511005886,24600
2024-09-05,16.240671157836914,16.495464236295675,16.240671157836914,16.419970190817523,9400
2024-09-06,16.306730270385742,16.703074465149562,15.900949094803728,16.287856308749358,30000
2024-09-09,16.325605392456055,16.637018616245367,15.976446038469444,16.240674349611663,12700
2024-09-10,16.297292709350586,16.514337860681607,15.948131631188526,16.382223733770548,22400
2024-09-11,16.28785514831543,16.561520372865427,16.080246984866466,16.136867065821654,27700
2024-09-12,16.495464324951172,16.561521390109576,15.419673721125667,16.06137401109879,10900
2024-09-13,16.382226943969727,16.514341096769375,16.18405391484992,16.325605049981018,11000
2024-09-16,16.089683532714844,16.419970666214343,16.089683532714844,16.33503963760247,9000
2024-09-17,16.740821838378906,16.825752872163573,16.250109598716435,16.250109598716435,13400
2024-09-18,16.82575035095215,16.84462431116955,16.419969205877578,16.419969205877578,14800
2024-09-19,16.589834213256836,16.84462732197367,16.410535158983482,16.410535158983482,13100
2024-09-20,16.495464324951172,16.778568346955797,16.467155182694732,16.552086209304115,11900
2024-09-23,16.184053421020508,17.23153502888509,16.184053421020508,16.608708613376496,34200
2024-09-24,17.571260452270508,18.02422482356279,16.504904803276126,16.976743140019025,31300
2024-09-25,17.693933486938477,17.797738472702914,16.872934181179733,17.014487089011237,30100
2024-09-26,18.14690017700196,18.18464810411288,17.410833597541302,17.816613014462316,24800
2024-09-27,17.646751403808594,18.11858965738722,17.514635468860913,17.92985363598773,32100
2024-09-30,17.750553131103516,17.844921134017227,17.486324882849054,17.486324882849054,9300
2024-10-01,18.486621856689453,18.486621856689453,17.22209526578353,17.22209526578353,28400
2024-10-02,18.52436828613281,19.005643501095697,18.01478392906154,18.26014002688105,26600
2024-10-03,18.250703811645508,19.118886271141783,17.21265929269473,18.590427930554515,35800
2024-10-04,18.118587493896484,18.40168969227117,17.826046515666782,18.203518513392865,8400
2024-10-07,17.146602630615234,18.16577321152475,17.146602630615234,17.807176921911463,13300
2024-10-08,17.34477424621582,17.93929148235686,17.127729071081237,17.127729071081237,14900
2024-10-09,17.174915313720703,17.580694750980687,17.02392719754947,17.50520069289507,12700
2024-10-10,17.325899124145508,17.712806300672078,16.995612027132125,17.13716312587504,18600
2024-10-11,17.514633178710938,18.109150308438352,17.2032200440651,17.2032200440651,18800
2024-10-14,18.43000221252441,18.637610389141106,18.175209132185728,18.401691270291213,16900
2024-10-15,17.910978317260742,18.297885511896705,17.910978317260742,18.118588285059523,10200
2024-10-16,18.250703811645508,18.580990949482587,17.94872761702421,17.94872761702421,36000
2024-10-17,18.40169143676757,18.60929961526245,17.958164137288502,18.16577231578338,38800
2024-10-18,18.7225399017334,18.901838921536097,18.08083966237207,18.23182774223121,32200
2024-10-21,18.7508544921875,19.07170287441265,17.74111903665922,18.76028967408568,24300
2024-10-22,17.96760368347168,19.04339445278297,17.609005560421046,18.3073260422477,46200
2024-10-23,17.995912551879883,18.46775085392149,17.731684254685558,18.156337646570844,33700
2024-10-24,18.09971618652344,18.39225540770462,17.712808952081186,18.03365911721673,21200
2024-10-25,18.203521728515625,18.779163206870454,17.75055561122501,18.222393891799243,19100
2024-10-28,17.71280860900879,18.750853134934783,17.410832412358342,18.392255051472294,21600
2024-10-29,18.03365707397461,18.57155234872212,17.552381880800535,17.56181886104943,40700
2024-10-30,18.24126625061035,18.40169132389237,17.599565957482284,18.212955308294685,36500
2024-10-31,17.788305282592773,18.052533593685137,17.203224965321844,18.052533593685137,22500
2024-11-01,17.420265197753906,17.92985130945793,17.240967980601628,17.55238111555858,26300
2024-11-04,17.561817169189453,17.599563286628737,17.382518161573504,17.420264279012788,10900
2024-11-05,17.788305282592773,17.929856420666592,17.269282043094936,17.269282043094936,14900
2024-11-06,17.778865814208984,17.929853913699155,17.49576357764494,17.920416932491005,20500
2024-11-07,17.505197525024414,17.873232566519718,17.325900294468237,17.325900294468237,11500
2024-11-08,17.600337982177734,18.06650887854905,17.1722209270441,17.372009490970978,18000
2024-11-11,17.54325294494629,17.857204786905072,17.257841024788092,17.36249224363875,29500
2024-11-12,17.638389587402344,17.771580723037594,17.08659359212915,17.115135327448048,25700
2024-11-13,17.457630157470703,17.695472525243893,17.3244371975943,17.49568399272592,15500
2024-11-14,17.50520133972168,18.066509582962965,17.31492849692741,17.41006401102774,11900
2024-11-15,17.876235961914062,18.0189410414454,17.410063253068266,17.59082398825785,18400
2024-11-18,17.84769058227539,18.06650511392871,17.153191339414068,17.60033431469605,17400
2024-11-19,17.600337982177734,17.838180387342298,17.486172829277585,17.600337982177734,8600
2024-11-20,17.647903442382812,17.819150242166778,17.11513703218305,17.5147122934812,11400
2024-11-21,17.76207160949707,17.999914024292373,17.600338694852518,17.600338694852518,3400
2024-11-22,17.381521224975586,17.895259812110407,17.143678849640704,17.895259812110407,13500
2024-11-25,17.885746002197266,17.933315566293782,17.010485983348012,17.295897924147113,27700
2024-11-26,17.267356872558594,17.7810972976768,17.267356872558594,17.72401381849029,15700
2024-11-27,17.448116302490234,17.885745389629875,17.314925156768304,17.38152072962927,9800
2024-11-29,17.41006088256836,17.695472817363772,17.372007046684946,17.372007046684946,3800
2024-12-02,17.01048469543457,17.50519723702222,17.01048469543457,17.410059930625643,11500
2024-12-03,17.533742904663086,17.695475817422402,16.734592255098658,16.99146249558585,62400
2024-12-04,17.305410385131836,17.74303945054498,17.248326913005027,17.44811543626251,12000
2024-12-05,17.191246032714844,17.69547250507281,16.9438897527615,17.55276744749022,18100
2024-12-06,17.295900344848633,17.50520101238664,17.2388186745371,17.362495929311017,13300
2024-12-09,17.36249351501465,17.524226403902627,17.1531928765804,17.524226403902627,41200
2024-12-10,17.41006088256836,17.685958904744595,17.372007046684946,17.41006088256836,11000
2024-12-11,17.333953857421875,17.781098741045913,17.229304432938555,17.248330446285085,21200
2024-12-12,17.400548934936523,17.733526806519183,17.400548934936523,17.685959057605462,4400
2024-12-13,17.69547462463379,17.7715841187671,17.020001276431326,17.429090487870447,22800
2024-12-16,17.172218322753906,17.59082140044557,17.14367839980231,17.391034681411327,7800
2024-12-17,17.581310272216797,17.61936592830335,16.896324794000897,16.896324794000897,32100
2024-12-18,17.571792602539062,17.581306514527274,16.943888928062602,17.410059727925844,47700
2024-12-19,17.50520133972168,17.600338668415624,16.696536767713592,17.42909183968525,29200
2024-12-20,17.590818405151367,17.60033231604633,17.07707991897403,17.36248998745111,28200
2024-12-23,17.381521224975586,17.666931349540118,17.25784217362919,17.25784217362919,37300
2024-12-24,17.628877639770508,17.676445389342017,17.362493524227393,17.362493524227393,8200
2024-12-26,17.771583557128906,17.771583557128906,17.381522185198655,17.381522185198655,11700
2024-12-27,17.600337982177734,17.600337982177734,17.314927821817676,17.314927821817676,1500
2024-12-30,17.438602447509766,17.571793593670964,17.14367841761285,17.14367841761285,16200
2024-12-31,17.467144012451172,17.552767409735207,17.343464965443896,17.381520615167137,10600
2025-01-02,17.381521224975586,17.619363600310468,17.324437748388025,17.467144625263607,11600
2025-01-03,17.67644500732422,17.685958919951574,17.124650777090586,17.124650777090586,14400
2025-01-06,17.352977752685547,17.69547131961397,16.8106974814443,17.29589609639519,9600
2025-01-07,17.600337982177734,17.64790573737323,17.21979049683314,17.64790573737323,14900
2025-01-08,17.352977752685547,17.666929584172223,17.286382184581274,17.457628968045483,10200
2025-01-10,17.438602447509766,17.600335331245482,17.229301815743128,17.467144185084283,5200
2025-01-13,17.50520133972168,17.50520133972168,17.13416775386828,17.32444059666255,7200
2025-01-14,17.990394592285156,18.085531891943337,17.457628254629626,17.590819385395243,9300
2025-01-15,17.628877639770508,18.15213014343044,17.524226413201188,17.971369428790705,28100
2025-01-16,17.41006088256836,17.895259538586597,17.267355822467298,17.714500642602125,12200
2025-01-17,17.838178634643555,17.838178634643555,17.314926120531357,17.600336252848308,12800
2025-01-21,17.134164810180664,17.83817801821502,17.039027497831523,17.41006101994054,12400
2025-01-22,17.181734085083008,17.438604306862057,16.962919517460914,17.14368024551952,14100
2025-01-23,17.257841110229492,17.657416348754662,16.991458827608184,17.019998749550066,22300
2025-01-24,17.343467712402344,17.847694263538056,17.25784430155678,17.743043024817133,29600
2025-01-27,17.600337982177734,17.762070890273378,17.410063332208665,17.543256313024433,13300
2025-01-28,17.571792602539062,17.76206721311691,17.505197033214767,17.505197033214767,33000
2025-01-29,17.838178634643555,17.952343776326355,17.505198937211535,17.51471285023455,13000
2025-01-30,18.190185546875,18.26629503390823,17.885745784148774,17.885745784148774,10700
2025-01-31,18.25678062438965,18.275806634685228,17.60984909491526,17.60984909491526,10900
2025-02-03,17.838178634643555,18.114076668530856,17.600336252848308,17.71450139453111,10400
2025-02-04,18.09505081176757,18.30435147727196,17.790612820272642,17.790612820272642,11600
2025-02-05,18.209211349487305,18.4565676331654,17.80012218088866,17.933315142618884,7800
2025-02-06,18.228391647338867,18.65030127191925,18.228391647338867,18.3051023219056,14400
2025-02-07,18.448936462402344,18.69824663703403,18.190037223870178,18.324282289549966,5900
2025-02-10,18.228391647338867,18.40099112234569,18.05579217233204,18.3051023219056,10100
2025-02-11,17.662649154663086,18.12291318689999,17.499638747963346,18.12291318689999,28100
2025-02-12,17.48046112060547,17.73936033196028,17.470872057711578,17.470872057711578,20200
2025-02-13,17.84483528137207,18.06537820514368,17.739357435687197,17.739357435687197,3500
2025-02-14,17.54758071899414,18.21880041315466,17.499637238951188,17.60511508975752,10100
2025-02-18,17.57634735107422,17.835246524579716,17.41333696356259,17.557169228090153,16000
2025-02-19,17.729766845703125,17.835244682293723,17.451691406863745,17.509223940946672,23800
2025-02-20,17.710590362548828,17.73935754671378,17.221559205303382,17.59552528374193,5000
2025-02-21,17.374984741210938,17.73935997930127,17.374984741210938,17.403750100394014,9000
2025-02-24,17.835248947143555,17.835248947143555,17.403750266023877,17.403750266023877,24300
2025-02-25,18.04620361328125,18.52564579994197,17.672239292942464,17.83524970956418,13600
2025-02-26,18.506465911865234,18.698243499844548,17.883191494322407,17.883191494322407,11400
2025-02-27,17.739360809326172,18.5927673116534,17.59552851990078,18.410580598547067,16400
2025-02-28,17.729766845703125,18.22838701822524,17.068136302507483,18.12290918163464,52900
2025-03-03,17.57634735107422,18.218799839628712,17.269504699035025,17.269504699035025,26800
2025-03-04,17.921546936035156,18.391399993596,17.499637358845746,17.614704272234327,21200
2025-03-05,18.30510330200196,18.30510330200196,17.585940003585723,17.585940003585723,13600
2025-03-06,18.23798179626465,18.60235706492182,17.73936146742696,18.27633622136847,22800
2025-03-07,18.72701072692871,18.72701072692871,18.21880139794098,18.43934434434209,24900
2025-03-10,18.69824409484864,18.98590865704486,18.08455872006911,18.688655032251862,24400
2025-03-11,18.74618911743164,18.794134434350408,18.36263572671568,18.458524531626377,17700
2025-03-12,18.487289428710938,18.985907860332247,18.180444925270724,18.40098969788816,20500
2025-03-13,18.794132232666016,18.794132232666016,18.372222637840668,18.525643976154136,14100
2025-03-14,18.803720474243164,18.89002020189379,18.70783168475064,18.70783168475064,5800
2025-03-17,18.84207534790039,18.985907621150844,18.73659932294424,18.73659932294424,6200
2025-03-18,18.85166549682617,18.98590871574256,18.69824415265697,18.74618763686233,9700
2025-03-19,18.86125564575196,18.86125564575196,18.755777779713203,18.755777779713203,4900
2025-03-20,18.803720474243164,18.98590716245978,18.803720474243164,18.89002020189379,7700
2025-03-21,18.82289695739746,18.92837480978762,18.82289695739746,18.92837480978762,1400
2025-03-24,18.794132232666016,18.82289759052065,18.24756848630846,18.75577598362434,12300
2025-03-25,18.937965393066406,19.081797675836,18.88043284574391,18.89002190845211,15400
2025-03-26,18.937965393066406,18.966732581191007,18.28592376032243,18.65030082752721,9300
2025-03-27,18.554412841796875,18.937966222285656,18.506467526156538,18.861255546187905,7200
2025-03-28,18.976322174072266,18.976322174072266,18.247569848229027,18.55441254775739,8000
2025-03-31,18.448936462402344,18.755779191509976,18.343458588424,18.343458588424,9400
2025-04-01,19.27357482910156,19.56123938802816,18.54482254037065,18.64071133632173,17900
2025-04-02,19.26398658752441,19.26398658752441,18.458523593494167,19.177686850383548,4000
2025-04-03,18.98590850830078,19.187275163401893,18.60235515206851,19.06261917954724,16500
2025-04-04,17.48046112060547,18.65030118868569,17.48046112060547,18.63112306289792,12100
2025-04-07,17.633880615234375,18.122911797851312,13.510679108517298,17.355805136252126,82200
2025-04-08,16.80924415588379,17.89278272093015,16.780476965529218,17.480462137148848,15300
2025-04-09,16.30103302001953,16.809242354939617,15.351737787148416,16.368154628061937,55200
2025-04-10,16.30103302001953,17.259917315314798,15.917479667686754,16.32980020729198,23100
2025-04-11,16.253089904785156,16.52157634303314,15.687348011438775,16.339389639629633,1900
2025-04-14,16.876365661621094,17.547583638531187,15.62981485491349,16.54075575870263,27700
2025-04-15,16.924306869506836,17.164027935162533,16.339388712977016,16.905128745312,3600
2025-04-16,17.672239303588867,17.864015081012607,16.20514555310958,16.96266508637474,2300
2025-04-17,16.30103302001953,17.499638389138614,16.080490071044014,16.080490071044014,4200
2025-04-21,15.83117961883545,16.49281028148374,14.04765427992554,15.6585801564988,33400
2025-04-22,16.828420639038086,16.828420639038086,14.776408589929844,16.416101879646522,3800
2025-04-23,16.818830490112305,17.164027573717163,16.18596520749588,16.18596520749588,1400
2025-04-24,17.681825637817383,17.681825637817383,16.828417433090465,16.828417433090465,6100
2025-04-25,17.14484977722168,17.16402790137877,16.358564976046885,16.38733216228252,9100
2025-04-28,17.221561431884766,17.221561431884766,16.72294297771091,16.924307806120733,2800
2025-04-29,16.78047752380371,16.82842101372953,16.483223862624435,16.64623428886989,8300
2025-04-30,18.084556579589844,18.33386669081747,16.454452709611687,16.454452709611687,17500
2025-05-01,17.681825637817383,18.918785338195125,17.346215792964767,17.82565790591807,52500
2025-05-02,18.937965393066406,19.043443253929905,17.221561575759367,17.221561575759367,71200
2025-05-05,19.33110809326172,19.848906513278045,18.314691207843826,18.56400135500797,148100
2025-05-06,19.24480628967285,19.4174057444742,18.89002014718255,19.177684685900445,22800
2025-05-07,19.283166885375977,19.41741012319328,18.79413559613543,19.35028850428463,10000
2025-05-08,19.22562789916992,20.05026891447313,19.16809535801027,19.23521696085095,24500
2025-05-09,19.685895919799805,20.136570895718947,19.129743082503683,19.446174837707915,20700
2025-05-12,18.94211769104004,20.255797175493733,18.94211769104004,19.685891414136847,12300
2025-05-13,19.27054023742676,19.50236605544364,17.87958348693766,18.652336213660583,23700
2025-05-14,20.661495208740234,20.661495208740234,19.08701083232982,19.08701083232982,58400
2025-05-15,21.61777877807617,21.61777877807617,20.149548499342632,20.21716413714371,33200
2025-05-16,22.07177352905273,22.100750607903272,21.347317079580904,21.347317079580904,20800
2025-05-19,22.68997573852539,22.68997573852539,21.057533359236388,21.73369344790417,39600
2025-05-20,22.767248153686523,23.124647433829445,22.40985071593139,22.56440125805055,34900
2025-05-21,22.448490142822266,23.50136698972538,22.21666430163094,23.07635202634728,17600
2025-05-22,22.680315017700195,23.346815434220968,21.608120778170523,21.63709785559234,8600
2025-05-23,22.390531539916992,22.535422443517525,21.7916468046769,22.535422443517525,8400
2025-05-27,22.10074806213379,22.264958245461003,21.733690980666506,21.97517643600724,20300
2025-05-28,22.303598403930664,22.612699514176427,21.926881656117136,21.93653945372286,7400
2025-05-29,21.83994674682617,22.64167844272497,21.743352189240834,22.49678752754094,5800
2025-05-30,22.390531539916992,22.670653707892985,22.139386447228425,22.139386447228425,28400
2025-06-02,22.313257217407227,22.506444482960905,21.637097181999664,22.419509568626,6700
2025-06-03,21.87858390808105,22.216663945291348,21.521186432872334,21.72403334976572,8800
2025-06-04,21.308677673339844,21.8785835383933,21.289360235667825,21.8785835383933,6400
2025-06-05,20.999574661254883,21.47288592555691,20.999574661254883,21.06719029295692,7000
2025-06-06,21.057531356811523,21.64675646826544,20.40069245378606,20.40069245378606,5900
2025-06-09,20.8836612701416,21.43424776823237,20.8836612701416,21.057529236074743,3800
2025-06-10,20.564903259277344,21.03821455363073,20.39103342821122,21.03821455363073,7000
2025-06-11,20.719453811645508,20.80638872718209,20.265459954423804,20.80638872718209,5000
2025-06-12,20.748432159423828,20.75809179978488,20.18818591519913,20.75809179978488,3300
2025-06-13,20.73877143859864,20.73877143859864,20.265460139894284,20.671155801982,2600
2025-06-16,20.13022804260254,20.738770589628626,19.550662571575696,20.265459310299928,9300
2025-06-17,21.7047119140625,21.7047119140625,19.724531930790192,19.724531930790192,8900
2025-06-18,22.680315017700195,22.69963429757336,21.73369241257024,22.63201866040521,26300
2025-06-20,23.317834854125977,23.34681377187236,21.975176319136253,22.46780686649793,38300
2025-06-23,22.950777053833008,23.317834121820603,22.26495742780948,23.19226250030551,9700
2025-06-24,22.651336669921875,23.11498830654726,21.57914064813632,22.545082478966453,4300
2025-06-25,22.57406044006348,22.699632062096807,22.062110628169364,22.45814661462769,2000
2025-06-26,22.8252067565918,23.317837356827475,22.033134677055685,22.033134677055685,3100
2025-06-27,22.21666145324707,22.506443256986486,22.02347235582894,22.4098505506652,2400
2025-06-30,22.583721160888672,22.583721160888672,22.15870804482987,22.313258603830885,5100
2025-07-01,22.8155460357666,22.8155460357666,21.839944600566305,22.34223293435077,6200
2025-07-02,22.680315017700195,22.79622885455126,22.45814882632258,22.45814882632258,3800
2025-07-03,22.84452438354492,22.84452438354492,22.31325710301117,22.467807651616912,8200
2025-07-07,22.496788024902344,23.047374620206867,22.10075014580801,22.728613862799616,6700
2025-07-08,22.660993576049805,22.67065321506489,22.264957588369967,22.67065321506489,1700
2025-07-09,23.163286209106445,23.18260548918721,22.22632323384479,22.22632323384479,50600
2025-07-10,23.37579345703125,23.37579345703125,22.57406179693903,23.15362543179096,84500
2025-07-11,23.404769897460938,23.424089176067884,23.1826037206445,23.375792821938333,63900
2025-07-14,23.90706253051757,23.965018529874435,22.82520676899091,23.511026490534388,19800
2025-07-15,23.762170791625977,23.98433698349044,23.29851912798156,23.98433698349044,9800
2025-07-16,23.607616424560547,23.84910185734177,23.182601546997063,23.665572412559506,2200
2025-07-17,23.61727905273437,23.87808195293924,23.18260448174648,23.568980854631345,3300
2025-07-18,23.114988327026367,23.752509788548053,22.603038492973205,23.752509788548053,381500
2025-07-21,22.583721160888672,23.54966307583903,22.12006948388562,23.453070358254383,185700
2025-07-22,23.172945022583008,23.37579377141965,22.757589727601783,22.76724936729761,293000
2025-07-23,23.114988327026367,23.230900315091493,22.6513366899902,23.18260396046233,10100
2025-07-24,23.23090171813965,23.34681555559331,22.718953695554823,22.883163890554545,116000
2025-07-25,22.149045944213867,23.201922661944213,21.733690672142,23.18260338361813,170700
2025-07-28,23.23090171813965,23.46272939304697,22.216663470568857,22.960439168061008,156200
2025-07-29,23.47238540649414,23.646255228264703,23.06668976982543,23.33715414173384,146200
2025-07-30,22.651336669921875,23.42408939763085,22.651336669921875,23.42408939763085,11300
2025-07-31,22.32291412353516,22.62235554602797,22.06210941246674,22.34223155805353,11500
2025-08-01,21.598461151123047,23.16328597402469,21.31833711995877,22.06211281402813,14600
2025-08-04,21.958271026611328,22.755692443862312,21.520660807470787,22.181937647580604,20400
2025-08-05,22.201387405395508,22.49312631496897,21.559560320469284,22.33753198255236,7700
2025-08-06,22.32780647277832,23.03770768101501,21.734603792796243,22.201386776830542,7100
2025-08-07,22.09441566467285,22.259734875156138,21.685980077292427,21.685980077292427,4200
2025-08-08,23.13495445251465,23.319721556583307,21.851298472342595,22.308358430944622,19000
2025-08-11,21.88047409057617,22.87238936117501,21.79295204582741,22.87238936117501,11800
2025-08-12,20.96635627746582,21.74432981325181,20.480123513161125,20.480123513161125,12100
2025-08-13,20.8593864440918,21.10250282756685,20.42177621190438,20.8593864440918,25400
2025-08-14,20.36343002319336,21.005257165758884,20.130038503608706,20.859387697872343,10800
2025-08-15,20.781587600708008,21.005254210319546,20.402324811768167,20.5092966054218,4300
2025-08-18,21.316444396972656,21.4039664426698,20.305079359952664,20.78158909978414,20400
2025-08-19,20.305078506469727,21.20947170410536,20.18838368699909,21.121949662087022,11800
2025-08-20,21.45258903503418,21.744329806423867,20.22728224679141,20.22728224679141,30100
2025-08-21,20.528749465942383,21.36506862295488,20.460677170528324,20.976082752852445,14400
2025-08-22,20.99553108215332,21.03442873910265,20.23700729591779,20.625993139565185,13600
2025-08-25,20.762136459350582,20.9566284245636,20.70378905526973,20.70378905526973,2400
2025-08-26,21.15112495422364,21.403966210738872,20.363428406315503,20.655167318924214,20100
2025-08-27,20.9760799407959,21.112224513372453,20.55791949093284,20.99552969540132,4200
2025-08-28,20.762136459350582,20.830208739916664,20.606542145247964,20.771861335835816,4200
2025-08-29,20.51902198791504,20.7621383577841,20.51902198791504,20.51902198791504,4600
2025-09-02,20.606544494628903,20.606544494628903,20.19810890983558,20.421775530004822,3700
2025-09-03,20.38287734985352,20.60654583945053,20.23700788608563,20.42177686276808,4100
2025-09-04,20.51902198791504,20.7621383577841,19.322889893318617,20.38287555950349,11800
2025-09-05,21.180299758911133,21.35534199499519,20.42177598322374,20.48984827306156,7200
2025-09-08,21.24837112426757,21.306718533757,19.55628141042875,19.55628141042875,11400
2025-09-09,20.908008575439453,21.38451645527676,20.421775817871094,20.625992685731035,49100
2025-09-10,20.781587600708008,21.57900897746612,20.44122432030791,20.82048525441709,16800
2025-09-11,20.77186584472656,20.77186584472656,20.77186584472656,20.77186584472656,1300
2025-09-12,19.9938907623291,20.77186429863932,19.9938907623291,20.69406713049138,4100
2025-09-15,20.042516708374023,20.56764717045132,20.003617193863363,20.042516708374023,15000
2025-09-16,21.20947265625,21.41369138173756,19.89664382186965,19.993890745681306,14800
2025-09-17,20.538471221923828,21.160848519462817,20.538471221923828,20.839934993565443,2400
2025-09-18,20.51902198791504,21.20947158802444,20.489847355791696,20.57736939733101,2800
2025-09-19,21.44286346435547,21.705429593673472,20.22728159325072,20.90800818300168,39600
2025-09-22,22.473676681518555,22.60982124817684,21.01497853647489,21.01497853647489,18500
2025-09-23,22.074970245361328,22.745970185537924,21.88047638005072,22.10414302677625,18300
2025-09-24,22.17221450805664,22.36670836621697,20.635718964048884,20.839937700600323,24400
2025-09-25,21.88047409057617,22.18193788091594,21.588735177967465,22.18193788091594,4900
2025-09-26,21.56928443908692,22.60009731878089,21.56928443908692,22.2986335421859,21900
2025-09-29,21.170574188232425,21.57900976872288,21.00525498053793,21.57900976872288,3400
2025-09-30,21.890199661254883,22.181938583098766,21.540111471177564,21.84157527106035,15300
2025-10-01,21.4136905670166,22.250009628383715,21.4136905670166,21.899923312744512,1900
2025-10-02,21.20947265625,21.258097045571223,21.05387832008367,21.10250270940489,4200
2025-10-03,20.762136459350582,21.861021534554165,20.62599004338789,21.861021534554165,6600
2025-10-06,21.49148750305176,21.831850792399344,21.199746745826378,21.199746745826378,20600
2025-10-07,22.074970245361328,22.13331766302213,21.19974970629453,21.19974970629453,14600
2025-10-08,21.54983711242676,21.75405584881476,21.19974890995069,21.75405584881476,2300
2025-10-09,20.908008575439453,23.33917236328125,20.908008575439453,22.02634354688053,74200
2025-10-10,19.98416519165039,21.238646571230536,19.98416519165039,21.151124528244445,4900
2025-10-13,21.948545455932617,22.36670590661175,20.73296361318198,20.73296361318198,27100
2025-10-14,21.45258903503418,21.73460492856113,21.45258903503418,21.73460492856113,2500
2025-10-15,21.62763404846192,21.62763404846192,21.45258994913558,21.45258994913558,1600
2025-10-16,21.88047409057617,22.36670684814453,21.24837187670346,21.24837187670346,21700
2025-10-17,22.123592376708984,22.532028002472234,21.31644600375196,21.67625909149877,18300
2025-10-20,22.074970245361328,22.34725943099903,22.026345851618192,22.026345851618192,1800
2025-10-21,21.61790657043457,22.45422745338257,21.61790657043457,22.40560492267517,4500
2025-10-22,21.180299758911133,22.512576486730488,20.99553079018649,21.84157475650052,15400
2025-10-23,21.55956077575684,21.55956077575684,21.28726976086224,21.35534205087819,1200
2025-10-24,21.54010963439941,21.77350112293881,21.54010963439941,21.617906797245883,2500
2025-10-27,21.092777252197266,21.209472073701424,21.092777252197266,21.209472073701424,1200
2025-10-28,21.19002342224121,21.481762320491445,21.19002342224121,21.209471321915395,2500
2025-10-29,21.083053588867188,21.52066197695772,21.083053588867188,21.1803005156087,3900
2025-10-30,20.11058807373047,20.966356950241384,19.93554397619097,20.966356950241384,4900
2025-10-31,20.742691040039062,21.08305436881028,20.091139018047624,20.091139018047624,3400
2025-11-03,20.595787048339844,21.163811514658047,19.89065193982969,20.341155133374173,4800
2025-11-04,19.97879219055176,20.37053284762791,19.489115902214863,20.145282203304973,10200
2025-11-05,19.50870513916016,20.21383838468391,19.50870513916016,19.62622828073093,6500
2025-11-06,19.44015121459961,20.51743954411779,19.44015121459961,19.88085880306136,6800
2025-11-07,20.262807846069336,20.262807846069336,19.655608351361334,20.20404533924896,3600
2025-11-10,20.14528465270996,20.948353564350523,19.78292520134387,19.81230458671748,6200
2025-11-11,20.125696182250977,20.125696182250977,20.096316798290783,20.096316798290783,1000
2025-11-12,20.31177520751953,20.654549033431483,19.19531370343148,19.645815058425928,27700
2025-11-13,19.40097618103028,20.68392954425627,19.361803044944423,20.390122617760856,17700
2025-11-14,20.164871215820312,20.58599315425523,19.10717042838777,19.10717042838777,24700
2025-11-17,20.595787048339844,21.27153903670613,20.184458857697905,20.51743891050171,18800
2025-11-18,19.68498992919922,20.58599450099041,19.60664178678116,20.58599450099041,8000
2025-11-19,19.234485626220703,19.58705318123231,19.15613748821445,19.58705318123231,13900
2025-11-20,18.69584274291992,19.263867220543823,18.69584274291992,19.263867220543823,8400
2025-11-21,18.637081146240234,18.97985307098497,18.17678421649692,18.97985307098497,21900
2025-11-24,19.54787826538086,19.54787826538086,18.21595991333753,18.79377813419688,56400
2025-11-25,19.61643409729004,20.02776228176534,18.842744613266547,18.842744613266547,10700
2025-11-26,19.645814895629883,19.83189243409164,19.47932485973611,19.47932485973611,2200
2025-11-28,20.14528465270996,20.184459657164147,19.10717131824536,19.10717131824536,10700
2025-12-01,19.97879219055176,20.380326597550663,19.880856559291026,19.880856559291026,4300
2025-12-02,20.07673072814941,20.50764644729657,19.83189254853784,20.50764644729657,8700
2025-12-03,20.204044342041016,20.68392878422001,20.01796868352836,20.076729319481466,10700
2025-12-04,20.42929649353028,20.693720284415257,20.076728948394425,20.076728948394425,2600
2025-12-05,20.321569442749023,21.04629024932233,20.1256981467164,20.821039566461803,3000
2025-12-08,20.331361770629883,20.57619993954214,19.577259762068053,20.11590485445521,19700
2025-12-09,20.272600173950195,20.32156705822905,19.57725883579572,20.174664537425592,19200
2025-12-10,20.39991569519043,20.546818219604067,19.89065186712067,20.18445878391489,4400
2025-12-11,20.595787048339844,20.595787048339844,19.69478252921784,20.37053451758413,6600
2025-12-12,20.595787048339844,20.595787048339844,20.595787048339844,20.595787048339844,0
2025-12-15,20.29218482971192,20.29218482971192,19.93961917035479,19.93961917035479,700
2025-12-16,20.272600173950195,20.419502694753653,19.67519447232032,19.871065745369528,13900
2025-12-17,20.850418090820312,20.86020997316925,19.44994355109542,20.17466426276397,24500
2025-12-18,20.88959312438965,20.88959312438965,20.2138392348617,20.2138392348617,900
2025-12-19,20.527231216430664,20.909180030736547,20.223632409545058,20.61537310681148,2900
2025-12-22,21.046287536621094,21.046287536621094,20.644753112679265,20.664340613351275,2700
2025-12-23,20.595787048339844,20.595787048339844,19.81230380199156,20.53702454398603,2700
2025-12-24,21.01690673828125,21.01690673828125,20.331361011697293,20.331361011697293,5900
2025-12-26,20.870006561279297,20.870006561279297,20.36074455137818,20.36074455137818,1100
2025-12-29,20.97773170471192,20.97773170471192,20.36074041985277,20.439088549167696,7200
2025-12-30,20.17466354370117,20.9777323613065,20.17466354370117,20.9777323613065,4000
2025-12-31,20.4390926361084,20.664343319433407,20.135491939835084,20.135491939835084,3000
2026-01-02,19.98858642578125,20.39012084252909,19.98858642578125,20.39012084252909,1500
2026-01-05,20.262807846069336,20.4390916305964,20.07673031040554,20.155078451532344,4300
2026-01-06,19.69478225708008,20.24321921436884,19.61643412032454,20.086522940857765,7200
2026-01-07,19.920032501220703,19.920032501220703,19.587052459963964,19.587052459963964,3500
2026-01-08,19.675193786621094,20.429295733222407,19.675193786621094,19.97879256809645,6700
2026-01-09,19.73395538330078,20.047347930193126,19.73395538330078,19.861272272955123,3500
2026-01-12,20.31177520751953,20.31177520751953,19.733956952745203,19.79271759296903,3300
2026-01-13,20.58599281311035,20.8700041056016,19.51849829271057,19.51849829271057,15100
2026-01-14,19.861270904541016,20.331359692491063,19.861270904541016,20.331359692491063,2000
2026-01-15,20.497852325439453,20.821038641966176,20.008175975067623,20.008175975067623,3200
2026-01-16,21.06587600708008,21.232366034522936,20.341155260554395,20.43909090045613,8200
2026-01-20,21.007116317749023,21.007116317749023,20.74269063847881,20.74269063847881,8500
2026-01-21,21.05608367919922,21.05608367919922,20.76227860760653,20.76227860760653,700
2026-01-22,20.96793937683105,20.96793937683105,20.76227622392146,20.948351876182464,2700
2026-01-23,21.007116317749023,21.05608320592482,20.46847120798002,20.46847120798002,4000
2026-01-26,20.8210391998291,20.91897484612089,20.811245448403216,20.811245448403216,1800
2026-01-27,21.05608367919922,21.05608367919922,20.80145174543425,20.80145174543425,2400
2026-01-28,21.134429931640625,21.202984317679967,21.00711491013427,21.00711491013427,3000
2026-01-29,22.11378288269043,22.11378288269043,20.918973315652813,21.300920253483085,5500
2026-01-30,21.43803024291992,21.937500349613263,20.860211994076668,21.39885710582849,1700
2026-02-02,21.33030128479004,21.85915074185192,20.918973099089943,20.918973099089943,9300
2026-02-03,21.43877601623535,21.626143952551427,21.25140807991928,21.626143952551427,1300
2026-02-04,21.142934799194336,21.46836235035381,21.142934799194336,21.192241262946578,3800
2026-02-05,20.65972328186035,21.20210187990824,20.65972328186035,21.20210187990824,2800
2026-02-06,20.176511764526367,20.64986246481504,20.176511764526367,20.63013912711113,4900
2026-02-09,20.51180076599121,20.51180076599121,20.186373220984844,20.344156159113933,2900
2026-02-10,20.215959548950195,20.32443603135152,19.929976779318032,20.166653082906567,13900
2026-02-11,20.49208068847656,20.659725306635863,20.1272064439224,20.1272064439224,6200
2026-02-12,21.458499908447266,21.458499908447266,20.44277061581853,20.44277061581853,13000
2026-02-13,22.41506004333496,22.48408984509912,21.30071778431134,22.05018769660412,17100
2026-02-17,22.188247680664062,22.415060427756465,21.07390540252932,22.188247680664062,10900
2026-02-18,22.760210037231445,22.829239836278585,21.68531261541503,21.71489762111564,9700
2026-02-19,22.68131828308105,22.829239547873485,21.803650481847832,22.829239547873485,16900
2026-02-20,22.77007102966309,23.17439002429412,22.17838409966714,22.18824576794118,10900
2026-02-23,22.987024307250977,23.085639118587096,22.56298193515041,23.06591578013565,7300
2026-02-24,23.134944915771484,23.134944915771484,22.68131943001331,22.68131943001331,5900
2026-02-25,22.927854537963867,23.02646934226833,22.28686113136628,22.94757787500895,15400
2026-02-26,22.720766067504883,22.799657537978675,21.330300843907605,21.330300843907605,4600
2026-02-27,22.395336151123047,23.13494437615492,22.395336151123047,22.681318900977445,10600
2026-03-02,22.829240798950195,23.125085225668705,21.33030097015532,22.069909215570032,3500
2026-03-03,22.760210037231445,23.203975718135823,22.26713789441368,22.789795042932056,13600
2026-03-04,22.927854537963867,23.25328207552393,22.65173346209556,23.09549914100517,6300
2026-03-05,21.774066925048828,22.8588260738922,21.41905436119291,22.8588260738922,6000
2026-03-06,21.65572929382324,21.8233739106554,21.33030172949271,21.78392911424136,1600
2026-03-09,21.064043045043945,21.596559993898573,21.064043045043945,21.596559993898573,4700
2026-03-10,20.95556640625,21.310578956674124,20.71889199960757,20.71889199960757,10500
2026-03-11,20.215959548950195,20.94570615573835,20.215959548950195,20.94570615573835,6600
2026-03-12,19.929975509643555,20.709030413765376,19.929975509643555,20.09762011680135,6500
2026-03-13,20.34415626525879,20.34415626525879,19.920115792400072,19.920115792400072,2500
2026-03-16,20.531524658203125,20.65972447447229,19.97928435983103,19.989146028845663,5800
2026-03-17,19.74260902404785,20.511800362049097,19.74260902404785,20.11734302449449,4800
2026-03-18,19.929975509643555,20.324434736547307,19.673579645445503,20.324434736547307,9700
2026-03-19,19.989145278930664,20.275126145941933,19.81163900516872,19.999006947575324,7700
2026-03-20,19.545379638671875,20.16665159824192,19.535517970004943,20.16665159824192,5100
2026-03-23,19.87080764770508,21.19224118537537,19.74260971386588,19.87080764770508,5200
2026-03-24,19.831361770629883,19.831361770629883,19.831361770629883,19.831361770629883,700
2026-03-25,19.80177879333496,19.99900841889635,18.292977236277324,19.94970007204545,4500
2026-03-26,19.41718292236328,19.72288714647575,19.41718292236328,19.614410665275383,2900
2026-03-27,20.11734199523925,20.304709926336823,19.387595487868715,19.387595487868715,10400
2026-03-30,19.841222763061523,20.215956743382463,19.229812511997952,19.80177609096413,8000
2026-03-31,19.594688415527344,19.90039262728193,19.54538007110176,19.54538007110176,1300
2026-04-01,18.687435150146484,19.31856689730602,18.687435150146484,19.23967542891108,10200
2026-04-02,18.490205764770508,20.08776037045192,18.43103763298112,18.68743537862979,12700
2026-04-06,18.539512634277344,19.04244646781709,18.539512634277344,18.993140003731657,9900
2026-04-07,18.03658103942871,18.983278711278945,18.03658103942871,18.50006820615692,9400
2026-04-08,18.450759887695312,19.70316366375467,17.967549381852482,19.70316366375467,5700
2026-04-09,17.080018997192383,17.5139230164127,16.537640383857724,17.149048797334505,10100
2026-04-10,17.75059700012207,17.75059700012207,17.188495062732223,17.435031132178363,7200
2026-04-13,17.553369522094727,17.947828785808362,17.385724899292782,17.947828785808362,3500
2026-04-14,19.012863159179688,19.012863159179688,17.94782736923956,18.49020599265572,10200
2026-04-15,19.35801124572754,19.427042924790943,18.25353071360604,18.89452411468453,12800
2026-04-16,19.624271392822266,19.969422277506578,19.190367369764243,19.476350122506418,5600
2026-04-17,20.215959548950195,20.54138711523304,19.37773645976072,19.446766264590245,11800
2026-04-20,20.80764579772949,20.80764579772949,19.22981448910583,19.93983773157201,13000
2026-04-21,21.300716400146484,21.33029952416816,19.71302353905831,20.46249340264897,21600
2026-04-22,21.34016227722168,21.44863875327088,20.49207944922208,21.064043074072465,8300
2026-04-23,20.699169158935547,21.12321151969224,20.09762051870665,21.04432004891804,6800
2026-04-24,19.535518646240234,20.156790627316028,19.535518646240234,19.96942267800036,7000
2026-04-27,21.00487327575684,21.05418162033791,19.60454826531165,19.60454826531165,13800
2026-04-28,21.54725456237793,21.734622516741865,20.72875482184632,20.72875482184632,14700
2026-04-29,20.995014190673828,21.88254373271641,20.995014190673828,21.88254373271641,3500
2026-04-30,19.97928237915039,21.20210100192288,19.97928237915039,20.620275754187144,9500
2026-05-01,20.32443618774414,20.32443618774414,20.028591746442565,20.32443618774414,5200
2026-05-04,19.328428268432617,20.24554274998156,19.328428268432617,20.087759815620547,19500
2026-05-05,19.722885131835938,20.600552918307947,19.722885131835938,19.98914453253673,7200
2026-05-06,19.929975509643555,20.1666517981542,19.56510316995488,19.752471114642056,5400
2026-05-07,20.107481002807617,20.95556567434645,18.93397067930728,18.93397067930728,11200
2026-05-08,20.107481002807617,20.86681253984025,20.107481002807617,20.107481002807617,6400
2026-05-11,20.226696014404297,20.365778775294853,19.67036118112107,19.99820047097774,3000
2026-05-12,20.31610870361328,20.71348940915301,20.067745525793367,20.067745525793367,8100
2026-05-13,20.236631393432617,20.75322533336024,19.83924881598906,20.077677225538856,12400
2026-05-14,21.05126190185547,21.05126190185547,20.51479656851406,20.51479656851406,5800
2026-05-15,20.80290031433105,21.110870124408496,20.37571534510649,20.99165496526137,8800
2026-05-18,20.85257148742676,20.862506241591745,20.55453644191969,20.792964857297463,4900
2026-05-19,20.773096084594727,21.07113114065596,20.037941304097767,20.037941304097767,9500
2026-05-20,21.408905029296875,22.392424874471185,20.61414362344565,20.61414362344565,24500
2026-05-21,21.687070846557617,21.88576213058841,21.021457508373096,21.16054027027835,7000
2026-05-22,22.163928985595703,22.223537511301423,21.18041104977884,22.054650478189803,4500
2026-05-26,21.389036178588867,22.15399327691836,21.389036178588867,21.458577560722407,9400
2026-05-27,22.263273239135746,22.55137541075313,21.369166253018506,21.369166253018506,18800
2026-05-28,22.63085174560547,22.93882153241376,22.05464929212841,22.05464929212841,29400
2026-05-29,22.09438705444336,23.346137640419325,22.06458279232705,22.26327408338124,27900
2026-06-01,22.94875717163086,23.4951553849404,22.153993894709,22.153993894709,25700
2026-06-02,22.93882179260254,23.3858762421213,22.63085200230103,22.63085200230103,23000
2026-06-03,21.70694160461425,23.147446864822875,21.70694160461425,22.90901844716477,16500
2026-06-04,23.018299102783203,23.763388626747016,22.452031367748408,22.452031367748408,38200
2026-06-05,22.06458282470703,23.24679202900711,21.95530431984139,22.899083216582312,9900
2026-06-08,21.687070846557617,22.700392984365784,21.687070846557617,22.084451519758705,9500
2026-06-09,21.87582778930664,22.481832616790086,21.617529873141336,22.173862826110923,10100
2026-06-10,21.319494247436523,22.332816466420653,21.319494247436523,21.806287742822352,11800
2026-06-11,21.36916732788086,22.084452573781167,21.210215051014124,21.319493557072125,13700
2026-06-12,21.220149993896484,21.587726426847112,21.220149993896484,21.43870890281684,7500
2026-06-15,21.130739212036133,21.5976612950916,20.932047915706644,21.14067396633867,18400
2026-06-16,21.07113075256348,21.538054731949693,20.852571841801414,21.50825046894824,24400
2026-06-17,20.415451049804688,21.120803411458287,20.37571392942365,21.120803411458287,17200
2026-06-18,19.89885711669922,20.534666201712376,19.670361568769643,20.494927186468782,12800
2026-06-22,19.72997093200684,20.157155889768127,19.660429547229068,19.72997093200684,12600
2026-06-23,20.07767677307129,20.355844192040927,19.72003511423663,20.03793965313878,28000
2026-06-24,20.50486183166504,20.79296400607338,20.008135512914546,20.07767689436193,22600
2026-06-25,20.455190658569336,20.55453630469532,20.137286106854667,20.137286106854667,5700
2026-06-26,20.574403762817383,21.1108691109342,20.26643396752472,20.26643396752472,14400
2026-06-29,20.73335838317871,20.961852046110828,20.365780055750875,20.365780055750875,14400
2026-06-30,21.210214614868164,21.508249654149644,20.49492748881571,20.49492748881571,13100
2026-07-01,21.53805351257324,21.81621903872924,21.24995133778536,21.309559860413525,13700
2026-07-02,21.45857810974121,22.352685136217804,20.59427345073546,20.59427345073546,23100
2026-07-06,21.836090087890625,22.35268595130968,21.647335437490355,21.647335437490355,12800
2026-07-07,22.17386245727539,22.571243131358003,22.054649202480867,22.054649202480867,17600
2026-07-08,22.014911651611328,22.61098364980368,22.014911651611328,22.38248998386915,12000
2026-07-09,22.342750549316406,22.43216144211926,21.53805440895133,22.20366778045002,6900
2026-07-10,22.163928985595703,22.601048699801183,22.15399423131141,22.28314414214652,7300
2026-07-13,22.23346900939941,22.65071918948865,22.05464912781304,22.312945143946862,12000
2026-07-14,22.54144096374512,22.75999986270156,22.471899582025365,22.471899582025365,9200
2026-07-15,22.273208618164062,22.44209564543944,22.163928219673952,22.163928219673952,3100
2026-07-16,22.36261940002441,22.65071968346929,22.18379761967767,22.18379761967767,12500
2026-07-17,22.044715881347656,22.650720738132183,22.044715881347656,22.35268568691754,12900
2026-07-20,22.31294631958008,22.46196573771109,22.114256920173087,22.46196573771109,7000
2026-07-21,22.352685928344727,22.73019712361808,22.32288166495709,22.73019712361808,7400
2026-07-22,22.70039367675781,22.84941119689589,22.352684866528584,22.352684866528584,8900
2026-07-23,22.849411010742188,22.9487566549784,22.650719722269773,22.730195858686628,14000
2026-07-24,23.197120666503903,23.21699017504993,22.859346600664058,22.859346600664058,6400
2026-07-27,23.495155334472656,23.79319227325089,23.137513660743608,23.37594207484984,17900
2026-07-28,22.51163673400879,23.31633284410689,22.51163673400879,23.31633284410689,10500
2026-07-29,22.57124328613281,22.839475953550583,21.488379757544497,22.839475953550583,14600
2026-07-30,22.24340438842773,22.49176755272857,22.153993497690585,22.35268478707549,8200
2026-07-31,22.134126663208008,22.7202639031642,21.85595922725673,21.85595922725673,9000
2026-08-03,22.76000022888184,23.39580932324672,22.02484548980729,22.45203043565641,36400
2026-08-04,22.46999931335449,23.09000015258789,22.36000061035156,23.01000022888184,8600
2026-08-05,22.82999992370605,23.200000762939453,22.700000762939453,22.700000762939453,11200
2026-08-06,22.75,23.25,22.709999084472656,22.709999084472656,12700
2026-08-07,22.3700008392334,22.3700008392334,22.280000686645508,22.280000686645508,1000
2026-08-10,22.190000534057617,22.780000686645508,22.09000015258789,22.21999931335449,10500
2026-08-11,22.3700008392334,22.600000381469727,22.030000686645508,22.15999984741211,8200
2026-08-12,22.59000015258789,22.89999961853028,22.34000015258789,22.34000015258789,9300
2026-08-13,22.479999542236328,22.89999961853028,22.479999542236328,22.82999992370605,10400
2026-08-14,22.61000061035156,22.950000762939453,22.3799991607666,22.3799991607666,7000
2026-08-17,22.690000534057617,22.979999542236328,22.489999771118164,22.489999771118164,6600
2026-08-18,22.81999969482422,22.81999969482422,22.51000022888184,22.540000915527344,5800
2026-08-19,22.809999465942383,23.0,22.790000915527344,22.790000915527344,6700
2026-08-20,22.64999961853028,22.799999237060547,22.479999542236328,22.479999542236328,5600
2026-08-21,22.61000061035156,22.76000022888184,22.290000915527344,22.290000915527344,5400
2026-08-24,22.850000381469727,22.89999961853028,22.600000381469727,22.600000381469727,13600
2026-08-25,22.6200008392334,22.950000762939453,22.26000022888184,22.450000762939453,7700
2026-08-26,22.600000381469727,22.600000381469727,22.5,22.5,600
2026-08-27,22.780000686645508,22.850000381469727,22.39999961853028,22.39999961853028,5400
2026-08-28,22.71999931335449,22.729999542236328,22.700000762939453,22.700000762939453,1200
2026-08-31,22.850000381469727,22.8799991607666,22.61000061035156,22.86000061035156,8700
2026-09-01,22.61000061035156,22.71999931335449,22.600000381469727,22.700000762939453,4900
2026-09-02,22.64999961853028,22.670000076293945,22.56999969482422,22.59000015258789,5600
2026-09-03,22.64999961853028,22.64999961853028,22.64999961853028,22.64999961853028,0
2026-09-04,22.64999961853028,22.700000762939453,22.520000457763672,22.520000457763672,1600
2026-09-08,22.459999084472656,22.56999969482422,22.360000610351562,22.440000534057617,4700
2026-09-09,22.600000381469727,22.649999618530273,22.520000457763672,22.530000686645508,4100
2026-09-10,22.520000457763672,22.520000457763672,22.200000762939453,22.469999313354492,5600
2026-09-11,22.31999969482422,22.59000015258789,22.110000610351562,22.520000457763672,2200
