Date,Close,High,Low,Open,Volume
2021-09-08,142.33656311035156,143.03887971437993,141.65208215880904,142.74171960601453,18344000
2021-09-09,142.18797302246094,142.95022038804444,141.8279044770925,142.48464943117943,15314000
2021-09-10,139.54811096191406,143.35439037839083,139.41141126513372,142.8531480802231,36840000
2021-09-13,140.99087524414062,141.60254742162573,139.9185746785746,140.6114746479398,22094000
2021-09-14,141.20086669921875,142.01166334811575,140.4138609963223,141.6476195524205,19674000
2021-09-15,143.06809997558594,143.0888981584248,140.0151504362281,141.4257237044475,27408000
2021-09-16,142.25631713867188,142.9398155420837,141.05921246042735,142.59360742775047,26190000
2021-09-17,139.4728546142578,142.0978702779093,139.1459633045452,141.68232970886967,53384000
2021-09-20,137.4119415283203,137.68979986076525,135.03704858862534,136.8592025107944,46518000
2021-09-21,137.72247314453125,138.69175012045008,136.97458497311416,138.4322111594274,25332000
2021-09-22,138.96119689941406,139.5590087402755,137.24552785356187,137.99093729311895,25056000
2021-09-23,139.8849334716797,140.3609036623911,139.07811185180083,139.65858689797682,20952000
2021-09-24,140.87449645996094,140.98891672018726,138.91910409206673,139.21380050073685,22984000
2021-09-27,139.7422637939453,140.60059702550436,138.74723086445857,139.4772834307907,21882000
2021-09-28,134.5496826171875,137.785387734539,134.08411157822107,137.34805144334183,45772000
2021-09-29,133.08709716796875,135.85822880609126,132.60320680070598,135.6888354361308,30848000
2021-09-30,132.4159698486328,134.26487713453415,132.2971058010185,132.99596110436238,37996000
2021-10-01,135.25595092773438,135.61999474858516,132.80923183052033,133.18019830322703,35360000
2021-10-04,132.39962768554688,134.67893341555128,129.8147276953452,134.67893341555128,51202000
2021-10-05,134.74085998535156,135.9310423000805,132.77754737931195,132.77754737931195,32404000
2021-10-06,136.268310546875,136.45156431285815,133.28173063311934,133.47984240404816,24364000
2021-10-07,137.9126739501953,138.72197425447405,137.3440793842136,137.58280506274824,25110000
2021-10-08,138.46788024902344,139.00822490974625,137.9052259091704,138.26133433756362,26526000
2021-10-11,137.60458374023438,139.3856397178086,137.55009431613644,137.97902659825877,17954000
2021-10-12,135.162841796875,138.19201587064128,134.48032576565427,138.1652623909544,36332000
2021-10-13,136.28517150878906,136.6992307721314,135.2321876955181,136.1073590982627,19654000
2021-10-14,139.82052612304688,140.0052611798392,137.51644677005615,138.15933141827642,31894000
2021-10-15,140.0354766845703,140.3821836681898,139.42826334195342,140.27965888530153,30274000
2021-10-18,141.4321746826172,141.4500103351122,139.7397828702763,139.74672063679765,20396000
2021-10-19,141.88685607910156,142.30835187108826,141.25586693285337,142.03593493574522,20164000
2021-10-20,140.43267822265625,142.19293614617558,140.043876126049,141.98688902177523,23288000
2021-10-21,140.54859924316406,140.8160584841013,139.17566195963474,140.4326977195977,26292000
2021-10-22,136.269775390625,139.25783621028776,134.77351552457247,137.8383452130295,50588000
2021-10-25,136.1514434814453,136.69922478778497,134.14750193472992,136.2534694690779,34412000
2021-10-26,137.995361328125,138.76255123324276,137.00082734508936,137.95078731803392,49236000
2021-10-27,144.83926391601562,147.24883052188773,138.09097801545303,138.09097801545303,85782000
2021-10-28,144.47421264648438,145.77087957264158,143.26373121245243,145.74760253688694,36206000
2021-10-29,146.65052795410156,146.84467961742357,143.28604362604932,143.71050193740845,43320000
2021-11-01,142.1443634033203,146.65049476789736,141.87542297796065,146.65049476789736,46924000
2021-11-02,144.06166076660156,145.22706960553992,142.97500087453776,143.2167042160869,33482000
2021-11-03,145.21617126464844,145.28650117069887,143.22808554087496,144.52523624092677,27494000
2021-11-04,146.8699188232422,148.3221035591596,144.92888610521643,145.73768752512296,38412000
2021-11-05,147.44894409179688,148.91053064576994,146.8001192514088,147.76344109720048,38354000
2021-11-08,147.626220703125,149.19528935553726,147.03137153960657,148.4127275313217,23052000
2021-11-09,147.5148162841797,148.42218254955512,145.85708286053108,147.82635075962824,19530000
2021-11-10,144.51829528808594,146.6742930482063,143.17508933638337,146.1096586376128,29970000
2021-11-11,144.3925018310547,146.144839595857,144.22806618195017,145.10869397753137,16518000
2021-11-12,147.2765655517578,147.44695650484718,144.04036175488466,145.23350653045176,22360000
2021-11-15,147.05270385742188,148.13986257214947,146.1839714501009,147.49697791828982,23508000
2021-11-16,146.4821319580078,147.3602657973772,145.923936479964,146.7530525035929,18904000
2021-11-17,146.65150451660156,147.15917066321168,145.85211965055908,146.63218759828888,19594000
2021-11-18,148.4261474609375,149.1611578418581,146.49057074897004,146.84420040414852,35608000
2021-11-19,147.52272033691406,149.5434998037264,147.49548317893243,148.56182849438522,33682000
2021-11-22,144.92295837402344,148.4172045095236,144.76991940785044,147.92489515967466,30594000
2021-11-23,144.4078369140625,145.2775666927411,142.75655801969015,144.77534199459276,27218000
2021-11-24,144.74266052246094,144.870941178912,143.0121337594424,144.1022548274951,18040000
2021-11-26,140.8427734375,143.19488775564477,140.50548313123517,142.9878581645666,30470000
2021-11-29,144.15872192382812,144.91849043687807,142.53714381167404,142.64264622326615,32596000
2021-11-30,140.5599822998047,144.62380552713375,140.26676719316237,143.64165054932508,42068000
2021-12-01,139.72193908691406,144.57476289409172,139.5837581329981,142.64264793268592,34020000
2021-12-02,141.618408203125,142.50843750575342,138.89283327720514,139.91857980536682,29194000
2021-12-03,140.66299438476562,143.03888475918794,138.97852275278916,142.32666783141497,41230000
2021-12-06,141.80560302734375,142.49652286942776,138.82892367181316,141.6921803830131,30618000
2021-12-07,145.88133239746094,146.14037256639585,143.8585729968473,144.22409805259204,32240000
2021-12-08,146.7896728515625,146.9942386965999,145.0259688324968,146.205237875634,24270000
2021-12-09,146.24685668945312,147.69458257877417,145.7282926756004,146.1998038220425,23270000
2021-12-10,146.60643005371094,147.57322820089257,145.32115971227452,147.2983475495059,24458000
2021-12-13,144.45196533203125,146.57525468402127,144.145872243766,146.3885244478636,27070000
2021-12-14,142.55055236816406,143.11814942323684,139.8839254176127,142.6109819864582,38446000
2021-12-15,145.06065368652344,145.3380132207217,140.34254884287645,142.05723536266143,36370000
2021-12-16,143.08343505859375,146.2849641537243,142.2533216660354,145.78323829879744,33650000
2021-12-17,140.3891143798828,142.47872745262327,139.9681173823491,141.1568032286509,50416000
2021-12-20,140.27223205566406,140.43816411295876,138.0077839627871,138.68038467489825,27192000
2021-12-21,142.1201171875,142.51287937524026,139.1781115016759,140.71448653862208,28756000
2021-12-22,145.03488159179688,145.1190870300756,141.71894670487805,141.71894670487805,26322000
2021-12-23,145.5316619873047,146.84614951123285,145.07153240558975,145.1190840665869,26384000
2021-12-27,146.5123291015625,146.9457052312204,145.78227653939464,145.86796324695013,15976000
2021-12-28,145.3043670654297,146.90117233387764,144.6778366881017,146.83876264706703,18200000
2021-12-29,145.2726287841797,146.02745475759826,144.27463333879814,145.26222969189286,17788000
2021-12-30,144.82241821289062,145.91155689259517,144.61836625158207,145.31126625234555,15688000
2021-12-31,143.4866485595703,145.31574030133416,143.4866485595703,144.67335443030515,18136000
2022-01-03,143.62481689453125,144.47621238059426,142.35836459751644,143.6877102445083,28646000
2022-01-04,143.0384063720703,145.1042436429634,142.36184561053787,144.02550400377285,28400000
2022-01-05,136.47633361816406,143.13745135306127,136.3901632285162,143.0587024090049,54618000
2022-01-06,136.4490966796875,138.62093512341903,135.2713087279278,135.7071637287869,37348000
2022-01-07,135.7254638671875,137.14347368557924,134.48674768484292,136.84332084249846,29760000
2022-01-10,137.36239624023438,137.51099140949978,131.90929663777965,133.8047579348391,44408000
2022-01-11,138.4188232421875,138.89430958407158,135.4040239930454,136.70613226103086,28730000
2022-01-12,140.09738159179688,141.26378799505596,139.36832657676754,139.81952326901038,26108000
2022-01-13,137.2806854248047,141.50350289892145,137.10435430356105,140.20583825361632,31436000
2022-01-14,138.16574096679688,139.41535500972142,135.70714188822194,135.7868732920058,29662000
2022-01-18,134.71607971191406,135.8388944592343,134.1618595013737,134.89141323912568,34872000
2022-01-19,133.84288024902344,136.65908416614792,133.74283433997795,135.23661543971323,28648000
2022-01-20,132.05093383789062,136.3287393505402,131.71116467084525,134.96570256305773,29908000
2022-01-21,129.12281799316406,133.59426174993882,128.86031646787782,131.34368942250475,55652000
2022-01-24,129.57106018066406,129.966301316712,123.32647997852636,124.79054540817464,76622000
2022-01-25,125.73851013183594,128.17928897797395,125.30811164753264,127.52650408806734,46960000
2022-01-26,128.01483154296875,131.7463215282663,125.9435382450709,129.8830553886259,49130000
2022-01-27,127.78899383544922,131.40210375696927,127.71716755242338,130.06631929518292,31950000
2022-01-28,132.0940399169922,132.09949641780102,127.27390918310896,128.43683914357985,34362000
2022-01-31,134.0281219482422,134.19603402997248,130.96329190158724,132.8973869656009,39986000
2022-02-01,136.3465576171875,136.49415519096547,133.1019351922104,136.29752469047622,68644000
2022-02-02,146.60494995117188,150.1180141843333,144.15080955105117,149.82431540618072,123200000
2022-02-03,141.74122619628906,148.26416246033293,141.32072802834824,144.33208137122566,71518000
2022-02-04,141.94232177734375,143.50941059648488,139.19050728126922,142.0923982148257,57998000
2022-02-07,137.888916015625,142.89032090032345,137.59074316063516,142.89032090032345,54974000
2022-02-08,138.08502197265625,138.68035486899515,135.72250851145188,137.71603558970185,54284000
2022-02-09,140.25733947753906,141.1810599473909,138.8655843121402,139.63476944444088,40144000
2022-02-10,137.31336975097656,140.15087104730347,136.65662471919973,138.38666797793726,39330000
2022-02-11,133.01673889160156,137.84478899265827,132.14255018310712,137.2935464759076,39958000
2022-02-14,134.24855041503906,135.015256846753,132.00044170307171,132.00044170307171,34302000
2022-02-15,135.32081604003906,136.8066768485593,134.54123186318918,136.2737385525834,26680000
2022-02-16,136.43968200683594,136.7843937626377,133.6521963761595,135.35846364202985,25022000
2022-02-17,131.28968811035156,135.82106231860794,131.22975729540616,134.95876898649715,38950000
2022-02-18,129.173828125,132.80627055380495,128.96927736418834,132.20894242873914,45620000
2022-02-22,128.58990478515625,130.93458304274952,127.01488039498852,128.61416429924145,44990000
2022-02-23,126.3853530883789,130.80628231511255,126.32542227304695,130.40757990733792,32786000
2022-02-24,131.44021606445312,131.74630903709357,123.77565619161275,123.77565619161275,54456000
2022-02-25,133.1920623779297,133.99640480515075,130.50958076102134,132.29311543596697,36406000
2022-02-28,133.78395080566406,134.47189303756042,131.34267336042723,131.79586516819953,38864000
2022-03-01,132.79783630371094,134.9711560163724,131.9627951950794,133.6071366345848,26496000
2022-03-02,133.3030548095703,133.98753587900154,131.81719355199346,133.35902551510424,23520000
2022-03-03,132.6373748779297,135.1534263012136,131.7716050611301,134.7279703958508,24604000
2022-03-04,130.66314697265625,132.58982070864644,129.1089360838298,131.67453429885822,30430000
2022-03-07,125.18724060058594,130.49324821881464,125.10452399512036,130.2485824001447,45112000
2022-03-08,125.90642547607422,130.01285058782975,124.48990421117998,125.05998008924574,40428000
2022-03-09,132.16238403320312,132.47491606181063,128.67605804169412,130.01284022199468,37026000
2022-03-10,131.18121337890625,132.01577069786407,129.6785144341432,130.02868267785485,27102000
2022-03-11,128.6463165283203,132.53432181198187,128.40957095625032,132.23020887639814,31526000
2022-03-14,124.76377868652344,129.17975763176182,124.09415576058076,129.022259756083,38812000
2022-03-15,127.9801788330078,128.63049998049246,124.53545681107936,125.77912326489948,30920000
2022-03-16,132.02420043945312,132.07619590093205,127.52104583130304,129.50071256727475,35576000
2022-03-17,132.57745361328125,132.8166781087835,130.93903713264967,131.89395505470344,28264000
2022-03-18,134.8424072265625,134.95979002346905,131.01185257108665,132.1668624121389,44566000
2022-03-21,134.818603515625,135.75816449036662,132.82853776609664,134.8800155945873,26832000
2022-03-22,138.54959106445312,139.72045622435598,134.8185995466438,134.8185995466438,35496000
2022-03-23,136.97210693359375,138.27273404848066,136.5357682945328,137.3950839488176,25154000
2022-03-24,140.237548828125,140.28410290416335,136.45206761789734,137.88789810464644,26396000
2022-03-25,140.3376007080078,140.69618802841327,138.42034355673357,140.57830645229447,24126000
2022-03-28,140.12216186523438,140.66400300337222,138.4936456884533,139.57238537233414,35050000
2022-03-29,141.1622314453125,142.43810026531608,140.6996381193691,141.3029063704736,34318000
2022-03-30,140.6005859375,141.3752124596819,140.2652756920692,141.1171698835011,19884000
2022-03-31,137.7566680908203,140.7685054892629,137.71407413016144,140.71401605414036,37524000
2022-04-01,138.8294219970703,139.14689657242798,137.00379203918484,138.18505622759434,25942000
2022-04-04,141.62384033203125,142.35736929122916,138.98792752091472,139.03547918185924,25942000
2022-04-05,139.2658233642578,141.64269664932496,139.05929250909347,141.5223513134922,21418000
2022-04-06,135.2609100341797,138.04689956099944,134.2396223803811,137.44214998977515,32468000
2022-04-07,134.60760498046875,135.87157824028196,132.96225109677235,134.72795027720932,26234000
2022-04-08,132.0311279296875,134.39116244363444,131.71215695928404,134.30547574358152,25142000
2022-04-11,127.60919952392578,130.84738285093687,127.4556617772444,130.58092125059764,36884000
2022-04-12,126.51066589355467,130.35954686473357,125.59389066736168,130.35954686473357,32710000
2022-04-13,128.6696014404297,129.10545636823446,126.53689598688813,126.79345728334248,27928000
2022-04-14,125.53543853759766,129.24959957040411,125.40764911861989,129.24959957040411,31598000
2022-04-18,126.4730224609375,127.00396566233611,124.99261037205468,125.80290070747128,20808000
2022-04-19,128.78353881835938,129.10447476049856,125.80240017548964,126.4878787188869,26490000
2022-04-20,126.83308410644533,130.16043076840108,126.29818081475312,129.65820601853372,31696000
2022-04-21,123.63799285888672,128.87218229541864,123.3527055622705,128.0316847615535,36446000
2022-04-22,118.50780487060548,124.21995176709888,117.80400705459354,123.82174062602672,56884000
2022-04-25,121.91389465332033,122.1154753014406,117.39390981440351,117.9783448116081,46128000
2022-04-26,117.53160095214844,121.35521701263318,117.39391123323828,121.14174844683173,73054000
2022-04-27,113.2171630859375,116.13687453033565,111.67385011306806,113.39050900268352,91820000
2022-04-28,117.40530395507812,118.52167974527936,113.03934791722725,115.31767110037896,48884000
2022-04-29,113.03389739990234,116.80848059659871,112.7416798928777,115.63415406821376,42676000
2022-05-02,115.48409271240234,115.64505948132708,111.53863464466028,112.336047043813,35534000
2022-05-03,116.2280044555664,117.32556209419243,114.94075408048792,115.33301749852885,24968000
2022-05-04,121.10856628417967,121.69647018478724,114.03091100326056,115.92835986523224,49916000
2022-05-05,115.4073257446289,119.8980938644429,113.92146466993306,119.07096543975985,45840000
2022-05-06,114.65546417236328,116.46326613947372,112.94078546602168,114.09876512717943,39710000
2022-05-09,111.45047760009766,113.99229246586656,110.94479148642294,112.18251024510543,40802000
2022-05-10,113.31671142578124,115.15422955384564,111.83629934235512,114.41872804342832,39900000
2022-05-11,112.53167724609376,115.26764350397949,112.16912984325442,112.16912984325442,37534000
2022-05-12,111.78033447265624,113.21765378291164,108.7892955470922,110.3276583632924,53836000
2022-05-13,114.95660400390624,116.7639072482618,112.53415970229024,113.45340618375492,35038000
2022-05-16,113.36624908447266,115.07498784290696,112.81598893736188,113.87193521225012,25990000
2022-05-17,115.37512969970705,115.79810674936266,113.78724265802168,115.73916596158637,23054000
2022-05-18,110.8447265625,114.31223414484674,110.50396737393191,113.91600305749868,35126000
2022-05-19,109.3435287475586,111.94477566233904,108.96314565159634,110.38115567097562,34144000
2022-05-20,107.88143920898438,111.1260696305812,104.79927194524409,110.89575541298444,48962000
2022-05-23,110.43711853027344,111.0904022364091,107.71600998566916,108.55453508974904,37184000
2022-05-24,104.97112274169922,105.4550205953626,100.92413026723496,104.77499103421869,76780000
2022-05-25,104.80767822265624,105.49612682309936,102.87754328812014,103.99589911328697,40258000
2022-05-26,106.77645874023438,107.6253753975552,104.23315497933008,104.68089790507406,37948000
2022-05-27,111.25780487060548,111.25929369416936,108.1097592407956,108.45101725108992,37914000
2022-05-31,112.6896743774414,114.64407635149765,111.02204096124584,111.68374363227105,50012000
2022-06-01,112.81845092773438,115.997701285549,112.18250412043044,113.77237869617002,36606000
2022-06-02,116.51380157470705,116.78819102813776,111.88188208557078,112.9254492568471,37992000
2022-06-03,113.4613265991211,115.22504574352156,112.44846568294494,114.9684844405739,26136000
2022-06-06,115.7193603515625,118.22204263439792,115.06904672687632,115.60444886318548,33542000
2022-06-07,116.04524993896484,116.58164964382146,113.96752484797211,114.39198315815538,31590000
2022-06-08,116.0893325805664,117.45286068913217,115.50092985611305,115.66090659386596,26108000
2022-06-09,113.75305938720705,117.18391328926909,113.69411860375492,115.23099254159976,25798000
2022-06-10,110.11369323730467,112.2112340322958,109.3256899095123,111.38509566027086,41452000
2022-06-13,105.38964080810548,107.76602221273735,105.11872028376786,105.77992416332314,47252000
2022-06-14,105.7095947265625,106.90719827486238,104.80272741507744,105.53079987627488,33706000
2022-06-15,108.72986602783205,110.37322494977526,106.65461223598332,107.52185574417724,39698000
2022-06-16,105.03402709960938,107.62437594926033,104.14696791638478,106.21033370451282,51684000
2022-06-17,106.13357543945312,107.674908469424,104.05584267457326,105.03403760367898,51376000
2022-06-21,110.4925765991211,111.42916744939824,107.57632672264717,107.90271913799604,47416000
2022-06-22,110.4366226196289,112.27809328975262,109.34203501668972,109.51439846102454,30774000
2022-06-23,111.18400573730467,111.6797915400438,109.45892779579324,111.17360664482932,28362000
2022-06-24,116.86297607421876,116.96599964840752,111.88781864312742,111.92992136699812,41164000
2022-06-27,114.74164581298828,117.4617563680841,114.09380358839046,117.15814975964322,36420000
2022-06-28,110.95171356201172,116.20373868185764,110.79371689299164,114.71093996164036,35792000
2022-06-29,110.64860534667967,112.0938524988512,109.82741711494369,110.50051652384064,24716000
2022-06-30,107.93592834472656,109.84278660253976,105.74379029460724,108.96315627547352,43170000
2022-07-01,107.7125473022461,108.22021347289116,105.72446146275112,106.91562613688178,35476000
2022-07-05,112.19538116455078,112.30830502629904,104.73487148190064,106.09097052516007,39342000
2022-07-06,113.49205017089844,114.49996109393334,110.425232206375,112.23402443600864,37432000
2022-07-07,117.66334533691406,118.06601541008106,113.75107996208602,113.99525457205868,40936000
2022-07-08,118.22847747802734,118.55684998677997,115.7995865179468,116.14480464976064,38238000
2022-07-11,114.58612060546876,116.8857405832628,114.24338136971222,116.8857405832628,31196000
2022-07-12,112.94574737548828,115.87140665042774,112.61836489266996,115.1195582947248,29960000
2022-07-13,110.30387878417967,113.11958408095616,110.15331111772146,110.64809930840664,43722000
2022-07-14,109.32717895507812,110.04584240505244,107.35147984912258,109.1716611307002,37004000
2022-07-15,110.72388458251952,112.0740435098507,109.85466101364264,110.9447897246164,46770000
2022-07-18,108.00227355957033,112.60844381063112,107.34849870061804,111.57824602434704,43164600
2022-07-19,112.73722839355467,112.94524803380152,108.52728874896476,109.80513015974968,36530900
2022-07-20,112.82637786865234,114.31223883911534,111.41976463040918,112.10325553773596,35600400
2022-07-21,113.26223754882812,113.47026475780744,110.0626874780626,113.20280552196576,32676200
2022-07-22,106.88294219970705,111.28108587114552,105.49613700921655,109.95372026312712,48901200
2022-07-25,106.49662017822266,108.8343755835524,105.29802646271146,107.38813835101456,34690900
2022-07-26,104.03008270263672,106.1895344193416,103.08904038448873,105.5951915048544,47991000
2022-07-27,111.99429321289062,112.83628715279444,106.99189908350104,108.23011657455984,59858500
2022-07-28,113.14336395263672,113.26222799633648,110.40937758534383,111.31080355662644,32816600
2022-07-29,115.22355651855467,115.6098797375476,111.99428346680044,112.01409917712164,37223400
2022-08-01,113.7773208618164,115.61978895447348,113.26221819210625,114.21317580426668,26034300
2022-08-02,114.04478454589844,115.25328606314042,112.64807910337518,112.92543862061498,20236000
2022-08-03,116.96698760986328,117.50189851277952,114.39149654793644,114.6193243510887,28499000
2022-08-04,117.07593536376952,117.66037035567156,115.78818623003248,116.37262877941384,21602900
2022-08-05,116.36272430419922,116.99669103407604,114.90657937362975,115.1344147097478,19159500
2022-08-08,116.19432067871094,119.01745476243082,115.77827389994243,117.27404259455436,19138300
2022-08-09,115.53063201904295,116.21413043306708,114.6193058386636,116.03582682755987,19086500
2022-08-10,118.57170104980467,119.78020250101322,117.2938672805546,117.66037481224664,30930400
2022-08-11,117.71981048583984,120.34483309629736,117.44245097514634,120.13681346327724,24293700
2022-08-12,120.5330581665039,120.5330581665039,118.33398243019872,119.12644474223904,19096300
2022-08-15,120.92927551269533,121.14720300149364,119.47313052616089,119.98822567992796,19494800
2022-08-16,120.5528564453125,121.27597881260756,119.50285039175542,120.37455281758773,19041200
2022-08-17,118.4231185913086,120.14671514597028,118.25471527634345,118.98774543977429,22847000
2022-08-18,119.03727722167967,119.68115184104836,117.60094792710956,118.30425456881134,17987700
2022-08-19,116.1051788330078,118.0268948312616,115.65942355139305,117.9377392404507,21809500
2022-08-22,113.16317749023438,114.5400748167704,112.77685421487422,114.11412767246556,21456600
2022-08-23,112.78675079345705,113.92591234989574,112.36080369174448,112.41033541234246,15870400
2022-08-24,112.61837005615234,113.69809218038822,111.80609960937106,112.43015856175212,17734600
2022-08-25,115.55045318603516,115.61979306048023,113.03439443727451,113.16316633053552,16956800
2022-08-26,109.2999267578125,114.03487661925666,109.15134671028687,113.63864552506944,37245700
2022-08-29,108.38861083984376,109.90418792858208,107.77445976504951,108.95323774657922,21191200
2022-08-30,107.9131317138672,109.4584247030461,106.78387798216264,109.13153347611065,27513300
2022-08-31,107.1999282836914,109.80513539672528,107.1107726864877,109.60702360346448,28627000
2022-09-01,108.70558166503906,109.4088882529894,106.34801841708668,107.25934462478465,28360900
2022-09-02,106.8333969116211,109.69615496666864,106.24896192011391,109.54756736557177,24160700
2022-09-06,105.80320739746094,107.01170889666186,104.7829173782116,106.28859410286454,25068300
2022-09-07,108.41832733154295,108.94333792914485,105.8923680249707,106.0508559439318,23167000
2022-09-08,107.3583984375,108.5668998258164,106.14990460666284,107.0216069332042,24238300
2022-09-09,109.60701751708984,109.9438090584276,107.99237701749992,108.0419087418049,23197700
2022-09-12,109.8150405883789,110.56787898796314,108.89380641286198,109.94381249512504,22966800
2022-09-13,103.33668518066406,107.2791732473491,103.10884982257862,106.78388621953584,38172900
2022-09-14,104.01026916503906,104.28762867361574,102.68290364328506,103.58432204615924,26395100
2022-09-15,101.93997192382812,104.2777195640779,101.38524535586336,103.04940994479824,34188300
2022-09-16,101.83102416992188,102.15790789100768,99.98855567297625,101.1079017255908,42797200
2022-09-19,102.09845733642578,102.35600868106442,100.59278824868812,100.7909000168843,23036800
2022-09-20,100.1866455078125,101.40505475280146,99.57248695767863,101.11778740955236,26517100
2022-09-21,98.34416961669922,101.9102339288661,98.33426176220614,100.71164048947696,31487300
2022-09-22,99.19608306884766,100.2857129937486,97.8588096356747,97.88852564747052,34298600
2022-09-23,97.80926513671876,98.72059887182064,96.5512396042916,98.69087530642672,31625400
2022-09-26,97.24464416503906,98.93852473541364,96.87813663539868,97.17530428990604,27072700
2022-09-27,96.58097076416016,99.05740591195914,95.95691182760773,98.4927790005602,30072800
2022-09-28,99.10692596435548,99.7507929809595,96.19463615518136,96.7295469909978,32466300
2022-09-29,96.50172424316406,97.71022581973406,95.05548700550042,97.71022581973406,31047200
2022-09-30,94.74840545654295,97.967770985256,94.65924986585829,96.13521058040764,32941500
2022-10-03,97.71021270751952,98.35408727916216,95.61019323680982,95.84793642347994,27982000
2022-10-04,100.68193817138672,100.8800499433102,99.43381284732564,99.49325242488644,28850800
2022-10-05,100.47391510009766,100.96920207041116,97.86870835694118,98.88899830659032,22176900
2022-10-06,100.46400451660156,101.95977324242656,99.64182635441148,99.73098193653628,22324000
2022-10-07,97.74984741210938,99.58240789041014,97.37343199435752,98.90881723510454,27502800
2022-10-10,96.93757629394533,98.1658859891608,96.0955898702692,98.06683009651891,18225100
2022-10-11,96.26397705078124,98.31446483110562,95.40217499101496,96.5116205390208,26507100
2022-10-12,96.6404037475586,97.81918930799294,95.8281333133256,96.38285993101962,21876400
2022-10-13,98.12625885009766,98.83947334531618,93.49037218865716,94.2531184072858,34574500
2022-10-14,95.64983367919922,99.74090959182634,95.46162973731526,99.047503180077,25410700
2022-10-17,99.0276870727539,99.97863723546732,97.89843328218922,97.92814929391774,28419200
2022-10-18,99.82014465332033,102.49469914853344,99.02768994018628,102.15790003840424,24060700
2022-10-19,98.69088745117188,100.06778474217612,97.98758079988396,99.0673104176922,23811100
2022-10-20,99.0276870727539,101.35553453374322,98.45315232106869,99.05740308448244,25323200
2022-10-21,100.17674255371094,100.35504617005536,96.79888925641042,96.92766115141708,32458700
2022-10-24,101.55364990234376,101.7814852627732,99.0375984257494,100.84044292323848,27176400
2022-10-25,103.49517822265624,103.83196976605646,101.751765809669,101.93006943778678,40611400
2022-10-26,94.03518676757812,97.38332404744,93.79745113215374,95.5210477145698,88114100
2022-10-27,91.3507308959961,94.53047236921812,90.9346916507101,93.62904644695232,60710900
2022-10-28,95.3823699951172,95.63992134750748,91.2615785867917,91.40025834019885,43697300
2022-10-31,93.61914825439452,95.12481736726046,93.09414525818129,94.52056663945436,31675000
2022-11-01,89.61722564697266,95.12481434026306,89.51816976437351,94.5502796407168,47161400
2022-11-02,86.15022277832031,90.32053844962222,86.06106718761413,90.08280280353895,57038300
2022-11-03,82.64360046386719,85.70447091633443,82.55444486174243,85.50635911213857,61288000
2022-11-04,85.7638931274414,85.8233251451628,82.92094321259124,84.5950155815513,51124900
2022-11-07,87.65589141845703,88.06203038731945,86.03135065796711,86.45729778160043,34078900
2022-11-08,88.06204223632812,89.46865569620269,86.76438497857373,88.06204223632812,30429000
2022-11-09,86.4969253540039,88.59694505123552,86.4573014852848,87.616271304768,31769100
2022-11-10,93.05451965332033,93.50027490961016,90.74648052680033,91.38044725273583,51620100
2022-11-11,95.50122833251952,96.01632340829272,93.0346940091177,93.79744010441952,33090500
2022-11-14,94.79792785644533,95.8776574358498,93.61914994697848,94.19367711771469,30179500
2022-11-15,97.51211547851562,99.19608840231544,95.79841898384171,97.33381184067372,41640800
2022-11-16,97.9182357788086,98.7007901248497,96.71964217765084,96.97719352688098,29105200
2022-11-17,97.43285369873048,98.34417991306272,95.87765290955151,96.0559565217017,26052600
2022-11-18,96.5116195678711,97.96776447326395,95.4616136066945,97.83898502388834,28342300
2022-11-21,94.69886016845705,97.47247001889488,94.46112455648428,96.3729324219875,21647400
2022-11-22,96.13522338867188,96.30361917881427,93.16350096623977,95.04558578779536,23438500
2022-11-23,97.53191375732422,97.82908897612424,96.17482467577447,96.17482467577447,18868100
2022-11-25,96.54134368896484,97.71022134220922,96.48191166578498,97.31399022022332,9701400
2022-11-28,95.14463806152344,96.66021510957758,94.70878307241712,96.12530422953256,26237500
2022-11-29,94.2927474975586,95.21398167866464,93.22292569547147,94.82765839860214,20061700
2022-11-30,100.03807067871094,100.0876024039482,93.52999950599408,93.92623063545152,43647500
2022-12-01,100.03807067871094,101.2861960913838,99.3050480015768,100.0677866908612,28687100
2022-12-02,99.4932632446289,99.82014694810282,97.96777825098889,98.11636587483002,21480700
2022-12-05,98.54230499267578,100.42438954950684,98.0668261466735,98.46305725876208,24405100
2022-12-06,96.0658721923828,98.83947492565986,95.51114559974336,98.3640036262318,24910700
2022-12-07,94.04509735107422,95.96680575916932,93.82716986333112,95.50124233055791,31045400
2022-12-08,92.82669067382812,94.67906681524398,92.5691393120717,94.48094747640056,32213300
2022-12-09,91.95498657226562,93.3715076997788,91.87573883817876,92.88612099660666,28225400
2022-12-12,92.43045806884766,92.67810157031386,90.74648528186952,91.83611517682478,29420000
2022-12-13,94.72859954833984,98.59184009412678,94.13425659302202,96.83852724231708,40593700
2022-12-14,94.17385864257812,95.95689465285044,92.71771382710224,94.30263052652263,28733600
2022-12-15,90.0035629272461,92.75735770370802,89.1615764575156,92.25216279887748,40107000
2022-12-16,89.40921020507812,90.46912406913404,88.67618001312934,89.904497198702,58011800
2022-12-19,87.60637664794922,89.706388922951,87.37854127751075,89.40922122463904,29493000
2022-12-20,88.1808853149414,88.33938076664323,86.61578429552098,87.27946699519438,23453800
2022-12-21,88.73563385009766,89.36960069920796,87.4875083095138,88.24034677688766,24745600
2022-12-22,86.93277740478516,87.705423924909,85.50634840918426,87.32900852106096,27658300
2022-12-23,88.38893127441406,88.70591468772304,86.24928756646801,86.28891143781672,23003000
2022-12-27,86.5662612915039,88.10165401513619,86.18984589203967,87.96297425967674,20097300
2022-12-28,85.20917510986328,87.21013889144778,85.12993493079983,86.16013283342589,19523200
2022-12-29,87.61627960205078,88.01251076928486,85.79362681324729,85.80353467073539,23333500
2022-12-30,87.39835357666016,87.46769345930478,85.75399699182971,86.16013598837714,23986300
2023-01-03,88.27994537353516,90.19175323104062,87.68559500987139,88.74550874076952,28131200
2023-01-04,87.24976348876953,89.79553847603304,86.44739337515158,89.49836324025155,34854800
2023-01-05,85.3874740600586,86.74456313346334,85.09030640052188,86.64550724695111,27194400
2023-01-06,86.5167236328125,86.86343055515435,84.06010451251869,85.97191250445123,41381500
2023-01-09,87.19031524658203,89.20118670166892,87.03182734539318,87.52711431751243,29003900
2023-01-10,87.58655548095703,87.83419899287388,85.02097232508895,85.16955994373511,30467800
2023-01-11,90.65733337402344,90.7365811115069,88.17099795969153,88.33939373373373,26862000
2023-01-12,90.27100372314452,91.00403390685888,88.9040143567913,90.61771066077036,30258100
2023-01-13,91.25167083740234,91.32101070844416,89.28042332532422,89.99363774602796,26329200
2023-01-17,90.42951202392578,91.38046226909674,89.20120223526506,91.19225076852264,32602400
2023-01-18,90.2611083984375,91.92527307231936,89.78562953840836,91.27149058446427,29116700
2023-01-19,92.17292022705078,92.72763928780024,89.77572523421122,89.8648808303919,37000400
2023-01-20,97.0960693359375,97.37343643044792,94.12434705493682,94.2035947962255,63191100
2023-01-23,98.84938049316406,99.0970239934804,96.58096512336888,97.02672040094632,40005100
2023-01-24,96.77909088134766,98.67109112467332,96.28380380916578,97.17532205058936,33078500
2023-01-25,94.3224639892578,95.25360603181932,92.87622675649058,94.669163401654,42330000
2023-01-26,96.6007843017578,96.65031603046536,94.480956301743,95.59040203045797,30114000
2023-01-27,98.433349609375,99.37439196772776,96.39276185389814,96.39276185389814,33879800
2023-01-30,96.02623748779295,97.36351075805584,95.49132666819196,96.56114830739396,27226200
2023-01-31,97.9083251953125,97.94794906005014,95.90736914967808,95.95690086997,29870700
2023-02-01,99.4833526611328,100.2361910591422,96.660218115448,97.77956407707592,35531100
2023-02-02,106.72444915771484,106.83341291100568,104.61452909009137,104.80274058349926,69883800
2023-02-03,103.7923355102539,106.7937733186172,101.6130758802318,101.95977524535176,65309300
2023-02-06,101.9300765991211,103.37631388102744,100.91968678297296,101.43478954816082,31999600
2023-02-07,106.6253890991211,107.16029998780996,102.14799776201166,102.24705365455104,49010200
2023-02-08,98.433349609375,102.1678105868946,97.11588426169672,101.0880884611526,94743500
2023-02-09,94.11443328857422,99.08711120195127,92.7474363981296,99.05739519259022,119455000
2023-02-10,93.67857360839844,95.83802501702436,93.36159026206248,94.55027592145254,54980700
2023-02-13,93.71820831298828,94.30264335517856,92.95546208803488,93.84698021445055,50076100
2023-02-14,93.78754425048828,93.95594001243452,91.39035704490637,93.53990075675098,54726100
2023-02-15,96.02623748779295,96.20454109432664,93.2625353652608,93.59932686789148,50169000
2023-02-16,94.6097412109375,96.75928534872624,93.8469948668956,94.47106143156282,42462600
2023-02-17,93.46065521240234,94.65924884324632,92.33140145912851,93.95594221146912,34284100
2023-02-21,90.9247817993164,92.22243122719244,90.85544192662408,92.1233753458433,33629300
2023-02-22,90.78611755371094,91.24178073169509,89.75591958534133,90.83564172410104,30884000
2023-02-23,90.03326416015625,91.07336981273312,88.91391833662863,91.05355410188592,41206400
2023-02-24,88.28986358642578,89.04270199101362,87.74505238582013,88.5969466852926,36585100
2023-02-27,89.02288818359375,89.31015555075885,88.49787761482176,89.02288818359375,27502300
2023-02-28,89.21109771728516,90.37007511496472,88.47807502657972,88.48798288330664,30142000
2023-03-01,89.50827026367188,90.17195305226244,88.82477176222423,89.13185485166831,31111200
2023-03-02,91.13279724121094,91.41015671927016,88.74551055545453,88.8148579824483,32204400
2023-03-03,92.76725769042967,92.84650542514656,91.57856434211662,91.6082879107454,35160100
2023-03-06,94.2332992553711,95.06538532191448,93.11395338746972,93.13376154162282,32639300
2023-03-07,92.97528076171876,94.76821737043342,92.64838951204187,94.08472641631292,27835500
2023-03-08,93.36160278320312,95.05548347587344,93.11395927449436,93.2328308793674,34103300
2023-03-09,91.4498062133789,94.6295483623231,91.03376687968104,93.16350283667886,28813500
2023-03-10,89.77572631835938,91.91536996276952,89.54789851172045,91.3012113113228,35941000
2023-03-13,90.25120544433594,91.69744270082336,88.57713282311968,89.2408156459463,37335600
2023-03-14,93.08423614501952,93.47055938446682,91.56865919680637,91.68752323511042,36050200
2023-03-15,95.2040786743164,96.01634914526834,91.76678529050788,92.3413200902614,50622100
2023-03-16,99.3743896484375,100.2361918035118,94.59982296945132,95.29322179021432,65492000
2023-03-17,100.66212463378906,101.87061846985974,99.15644804076712,99.31494349581332,61028500
2023-03-20,100.26590728759766,100.79091032876192,98.9286338217588,99.17627733608008,32960400
2023-03-21,103.93102264404295,104.10932626699038,100.26590185371047,100.29561786462172,42110300
2023-03-22,102.3956298828125,105.5852715896912,102.35600601870802,103.28714037398592,43427400
2023-03-23,104.60460662841795,105.29801292140884,103.4753529405968,104.06969579353223,40797800
2023-03-24,104.44613647460938,104.4956606455725,102.86121185417542,104.00037359105706,30393300
2023-03-27,101.49420928955078,103.772532471159,100.96920628828376,103.6338527182764,31120900
2023-03-28,100.07770538330078,101.48431886556936,98.79986382011955,101.4744185654341,32057900
2023-03-29,100.4343032836914,101.52393323759745,99.70128059578812,101.31591359200922,28779600
2023-03-30,99.93901824951172,100.20647748309447,98.83948041696144,99.9588339632855,33086200
2023-03-31,102.75223541259766,102.9107233089301,100.08758916585326,100.34514049955756,36863400
2023-04-03,103.37630462646484,103.54470039492068,100.9692094719892,101.4248726111826,25035400
2023-04-04,103.73291778564452,104.58481209016414,103.0593271159658,103.3465945030694,24420100
2023-04-05,103.48526763916016,105.09990054860847,102.68290511251428,104.7829171689168,28290500
2023-04-06,107.39803314208984,108.14096365506636,103.34658903891498,104.26782317730506,48711500
2023-04-10,105.43669891357422,106.57585296689,104.12914153667724,105.97160978014296,27067400
2023-04-11,104.35696411132812,105.72396099898825,103.69328137868472,105.5456573857056,26311800
2023-04-12,103.65364837646484,105.7437598311209,103.35647319469732,105.57536408827607,24370300
2023-04-13,106.41736602783205,106.4767980499442,104.84234942454027,104.84234942454027,24843600
2023-04-14,107.84378814697266,107.91312802084542,105.83291668970352,105.88244840996096,26578000
2023-04-17,104.97112274169922,105.15933421068412,103.53478597901366,103.67347328496216,37571200
2023-04-18,103.51497650146484,105.535748241501,103.08902940590605,105.4862165216186,26596400
2023-04-19,103.197998046875,103.9904602577692,102.0984603190622,102.60365516744424,20905700
2023-04-20,104.29752349853516,105.24847350519047,102.8909104193666,102.93053428099542,27820800
2023-04-21,104.4164047241211,105.0008397327794,103.79233829269596,104.47583674331224,25800100
2023-04-24,104.97112274169922,105.62489761912757,103.71308959239948,104.49564392017724,23542800
2023-04-25,102.87110900878906,105.68434311564164,102.86120115263496,104.83244886590656,46664100
2023-04-26,102.73243713378906,105.34755210558068,101.66261531147052,103.93103086607016,53347600
2023-04-27,106.57585144042967,107.34850549717122,102.56403133484427,103.4654497314898,50089200
2023-04-28,106.32820892333984,106.33811677937744,104.09941743610682,106.03104125953,36139800
2023-05-01,106.18952178955078,106.9720760975855,105.81310641855708,105.832914571776,26681700
2023-05-02,104.32726287841795,106.1895394473162,102.73243798858448,106.13010742029748,30997200
2023-05-03,104.4164047241211,106.47679281670248,103.97064190774891,104.53526876250336,21795400
2023-05-04,103.70320129394533,104.60461976329854,102.98998675787486,104.49565601153888,23419500
2023-05-05,104.57489013671876,104.88196563853086,103.12865309684194,103.83195968460863,26639300
2023-05-08,106.75415802001952,106.94236950082018,104.16876679983568,104.18857495479786,26511400
2023-05-09,106.33811950683594,109.1117297850802,106.17963159356827,107.3683173942558,36360100
2023-05-10,110.69664764404295,111.87543315591678,106.91265515886796,106.95227902689096,63153400
2023-05-11,115.47120666503906,116.8084800047562,113.33157083298757,114.31223694111618,78900000
2023-05-12,116.40235900878906,116.91745419072438,115.01555382399056,115.58018073153592,41102300
2023-05-15,115.4117660522461,117.36319782494988,114.91647910719352,115.01553498470822,36266800
2023-05-16,118.38349151611328,119.61180106311024,115.33252202302734,115.39195403994484,45035600
2023-05-17,119.70096588134766,120.52314416561975,117.76934948574969,118.48256401873364,33323600
2023-05-18,121.67221069335938,122.14768199859776,119.69106262074578,119.80992666831531,35234200
2023-05-19,121.60286712646484,124.78260877971135,120.99861637803843,122.38542149832,41353400
2023-05-22,123.87127685546876,125.23826620106011,121.5830458662985,121.78116519300131,35253000
2023-05-23,121.40474700927734,123.45523488676992,121.05804762080852,122.98967145510028,34046300
2023-05-24,119.7603988647461,120.76088072713311,118.73020099136892,119.97832635531356,34182600
2023-05-25,122.31607818603516,124.1387306788188,120.81040150658112,123.34626847305567,42317000
2023-05-26,123.4354248046875,124.07929940606437,121.2957813707238,122.0089958487117,35635900
2023-05-30,122.5042953491211,124.475543220799,120.8500384400081,124.45572750689844,35076700
2023-05-31,121.71182250976562,122.89060035716126,121.3453074319317,121.59295091648666,37325800
2023-06-01,122.5538101196289,123.2472088605985,121.46418028775692,121.66229205446838,30772700
2023-06-02,123.49485778808594,124.96091062176546,122.593439385115,122.8212671711218,26980100
2023-06-05,124.82223510742188,126.2288484102657,122.6726837277464,122.8410870558176,32305500
2023-06-06,126.10997009277344,127.08072835419054,124.17835386828452,124.82222846227404,26638300
2023-06-07,121.3453140258789,127.82366128329056,120.9688986295934,125.7731809795302,52539000
2023-06-08,120.98870849609376,122.06843809259335,120.0971903791399,121.07786408652908,29389200
2023-06-09,121.07786560058594,122.59344263961952,120.76088221698072,121.09767375566376,23778300
2023-06-12,122.47457122802734,122.88071020381716,120.51323890061894,121.63258482252456,28306400
2023-06-13,122.66278076171876,123.9802460011841,122.01890614745164,123.80194237811752,22278300
2023-06-14,122.5042953491211,122.88071833842668,120.30521966995028,121.93966842264322,30592300
2023-06-15,123.91090393066406,124.27741904880322,121.2462648829115,121.97928756170958,35246300
2023-06-16,122.36561584472656,124.92129880479504,122.11797232280088,124.74299516670932,45535600
2023-06-20,121.93965911865234,123.39580412253898,120.98870897595658,121.77126335074873,26097500
2023-06-21,119.41370391845705,121.50381575399224,118.96794106457482,121.24626438669232,30306300
2023-06-22,121.98918914794922,122.07833718002011,117.70990978650924,118.8688795483101,26952200
2023-06-23,121.1868133544922,121.6325761662558,119.91887990832626,120.23586326986776,34913600
2023-06-26,117.22453308105467,120.85003784396424,117.15519319770571,119.62172810000536,33969900
2023-06-27,117.21461486816406,117.95754531514096,115.00563168052852,115.97639745653588,39535900
2023-06-28,119.04718017578124,119.25519980286133,115.74856703748377,115.98630267450676,27091400
2023-06-29,117.97735595703124,118.92830604232336,117.1849013313609,118.11603570546056,24090900
2023-06-30,118.57170104980467,119.93869796362138,118.5618007515014,119.03727202436664,29532200
2023-07-03,118.76982879638672,119.0570961746156,117.7000070203923,118.11604630300786,14467900
2023-07-05,120.60238647460938,121.45428073315573,118.1061432790298,118.1160435778064,27584800
2023-07-06,118.97783660888672,119.16604807599226,117.283956077375,118.67076110569715,24745200
2023-07-07,118.35379028320312,119.90899123235955,118.27454254576682,118.96794135463396,21709500
2023-07-10,115.35234832763672,117.19481671679652,115.0452727819369,117.18491641740523,35315200
2023-07-11,116.03583526611328,116.60046213170128,114.2627069372542,115.1938488956722,23078800
2023-07-12,117.80896759033205,119.19577271910916,117.2938724292045,117.68019568942016,30404400
2023-07-13,123.36609649658205,123.65336388590308,119.31464459044514,119.7901234728511,44297900
2023-07-14,124.23779296875,125.5849742534972,122.32598478947492,123.62364190723412,33283100
2023-07-17,123.47504425048828,125.90194740247068,123.02928143896452,124.7528855515559,25716200
2023-07-18,122.59345245361328,123.50477880974778,121.80099015242118,123.42553106813244,26193600
2023-07-19,120.87974548339844,124.000055132907,120.6519176928117,123.42552039211267,37224000
2023-07-20,118.07642364501952,122.92033014114742,117.10566530896472,120.27549924350316,37906800
2023-07-21,118.8886947631836,119.84955280579004,117.61086088273696,119.48304524220468,72937900
2023-07-24,120.38446044921876,121.84060548000588,119.8396492681458,120.51323990968405,29686100
2023-07-25,121.05805206298828,121.98919407545516,119.87926654145934,120.2160656436734,52509600
2023-07-26,128.05148315429688,129.7453559381363,127.11044103939084,128.8439452407809,61682100
2023-07-27,128.18028259277344,131.98409862707467,127.57603178670944,130.42889003369507,44952100
2023-07-28,131.33030700683594,132.47937651181306,129.3392586434395,129.54727072583006,36591200
2023-07-31,131.46897888183594,132.27134138142645,130.53783692899188,131.47887918017878,28055500
2023-08-01,130.30999755859375,131.37981916789192,129.44818800071138,129.5472514351671,23166800
2023-08-02,127.16988372802734,128.86375665408545,126.35760586456864,128.2297899546614,26273300
2023-08-03,127.23921966552734,128.17036158821978,126.21892971575812,126.76374840615888,20089500
2023-08-04,126.90242767333984,130.27037301314763,126.70431590893212,128.0613973658318,26147200
2023-08-07,130.2902069091797,130.36945464899543,127.80387142167388,127.94255118761124,22746300
2023-08-08,130.16140747070312,130.27037120686035,128.31893936883662,129.3887610197551,23535200
2023-08-09,128.43783569335938,130.79539166782024,127.78405318898795,130.41898380481655,24912900
2023-08-10,128.46754455566406,130.80529980166855,128.22980135413556,130.08218501342233,20857800
2023-08-11,128.3387451171875,128.7052526035577,126.96184807533274,127.44723470143826,19591100
2023-08-14,130.09205627441406,130.1316725750129,127.74440125380522,128.17034072380753,24695600
2023-08-15,128.55670166015625,130.18124253117608,128.06141462490675,129.86426668839604,19770700
2023-08-16,127.48686981201172,129.05197853395998,126.66469914191973,127.48686981201172,25216100
2023-08-17,128.6953582763672,130.74585348864863,128.07129188741925,128.5764942460754,33446300
2023-08-18,126.2585678100586,128.03169627072486,125.18874601968784,127.2986660305744,30504800
2023-08-21,127.15996551513672,127.5165727203948,125.36702919132402,125.98118772426383,25248700
2023-08-22,127.86329650878906,129.05198231159494,127.110465693836,127.29866206135424,22054900
2023-08-23,131.12229919433594,132.15250480453622,128.64586374765005,128.95293932464511,27819700
2023-08-24,128.55670166015625,132.9845689644834,128.34868956972952,132.68739372034156,28500700
2023-08-25,128.65577697753906,129.52747196179055,126.05056209509227,128.31897027513966,26762900
2023-08-28,129.7751007080078,131.29067779366306,128.9133061222322,130.07227594567678,20543300
2023-08-29,133.30157470703125,135.2827230677632,130.99353505298305,130.99353505298305,43075600
2023-08-30,134.5991973876953,134.9954209341487,132.8062609003106,133.50955996250931,28315800
2023-08-31,134.88645935058594,136.69921157879557,134.5100363949587,134.72796388348397,30053800
2023-09-01,134.38125610351562,136.16429210938105,133.57889367961565,136.16429210938105,21543700
2023-09-05,134.490234375,135.13410142022065,133.31144891270912,134.1633431456703,19403100
2023-09-06,133.19256591796875,135.24304591839837,132.41000411563903,134.73785869857247,18684500
2023-09-07,133.9850311279297,134.30202205679186,131.69680765193374,132.33077439469866,18844300
2023-09-08,135.09449768066406,135.37185721348425,133.5789205495535,133.63835257587766,23558300
2023-09-11,135.62939453125,136.18411357030033,134.51004103926334,135.2529715626258,20763400
2023-09-12,134.06430053710938,135.57987776275797,133.91572046203083,134.9756269325021,18405500
2023-09-13,135.42135620117188,135.60955253404683,132.8854744763764,133.81661630357326,20749500
2023-09-14,136.79827880859375,137.39261415422715,134.95581051870604,136.3029917964192,24751000
2023-09-15,136.1048583984375,137.21431153088753,135.19353215336167,136.67939311891212,38919600
2023-09-18,136.90724182128906,137.8482841163795,135.32231734485046,135.32231734485046,21861300
2023-09-19,136.7388153076172,137.10533793093902,135.33220217516006,136.12466432280078,20353700
2023-09-20,132.47935485839844,136.7784418280109,132.3604757157884,136.7784418280109,29927500
2023-09-21,129.21046447753906,130.98358514285636,128.843956964112,130.20103839703572,31503900
2023-09-22,129.0222625732422,130.78548307138033,128.37839552385094,129.52744986822796,26397300
2023-09-25,129.87416076660156,129.9335927895909,127.74443266302944,128.60622722629518,20094600
2023-09-26,127.3581085205078,129.13122935895814,126.02082755262764,128.5467943169791,25718700
2023-09-27,129.3095245361328,129.6661317841142,127.35810764338332,127.35810764338332,22746500
2023-09-28,131.06285095214844,132.04352470913275,128.56660009843606,128.61613182423616,22513100
2023-09-29,129.6265106201172,132.78644401015598,129.1312236339659,132.02369781929437,30859800
2023-10-02,132.9053192138672,133.15296272774447,129.93359704733973,129.973228473938,22288000
2023-10-03,131.18170166015625,132.99445381235702,130.5972666540528,132.6774780064036,22989400
2023-10-04,133.96524047851562,134.2921317300679,131.2807781421106,131.53832195471514,26752300
2023-10-05,133.7968292236328,134.21286846430397,132.19208916394834,133.7968292236328,19832600
2023-10-06,136.28317260742188,136.85770734068427,132.74681617552042,132.74681617552042,27597600
2023-10-09,137.11524963378906,137.63035233984527,134.3317391453215,135.6492043634317,19278100
2023-10-10,136.75865173339844,138.4030082937137,136.03553690481087,137.19450673636976,27786600
2023-10-11,139.2251739501953,139.77989295278536,137.27374202789582,137.27374202789582,25884300
2023-10-12,137.66006469726562,139.88885611158636,136.95675053372017,139.72046035185502,24765500
2023-10-13,136.06524658203125,138.6803613631377,135.33221637344056,138.06621031388815,23420500
2023-10-16,137.78883361816406,138.31383656866015,136.6892959998697,136.86759204420815,28501900
2023-10-17,138.4029998779297,138.58129594196157,135.88693346466465,137.3232778502887,23515800
2023-10-18,136.65960693359375,139.3935859571332,136.0850721525315,138.13555264144586,23375000
2023-10-19,136.45156860351562,138.34356857254127,136.08506106002469,137.19449910407923,26066000
2023-10-20,134.3218536376953,136.57044595575792,133.8067508749185,136.0355425938075,26335700
2023-10-23,135.21336364746094,136.36243322253188,132.68739668819748,133.76711882160117,26317900
2023-10-24,137.50157165527344,138.04639036690818,136.12467442857437,136.5308133876984,44814300
2023-10-25,124.42599487304688,127.10054152384546,123.89108403139126,126.95196147684072,84366200
2023-10-26,121.12738800048828,123.15806773168973,120.12690614034923,122.10805414835848,57061100
2023-10-27,121.01842498779295,122.14767875459351,119.07690083509236,121.72173162799471,44566500
2023-10-30,123.28683471679688,124.21797666183564,121.59295414437162,122.04861726115156,28940100
2023-10-31,122.9104232788086,124.1882646409759,121.53352602850394,123.88118156302636,26292300
2023-11-01,125.25809478759766,125.29771865940182,122.55383166492008,122.90053109635556,30082400
2023-11-02,126.28827667236328,127.76422981075793,125.73355765282808,127.20951079122273,27124600
2023-11-03,127.8831024169922,128.3090419584001,126.65478528312016,126.81328074199892,26393100
2023-11-06,129.0222625732422,129.1114106050115,127.45715385068908,127.83357680477238,19052700
2023-11-07,129.73548889160156,130.66663094824423,128.65576676845674,129.47794507134418,29757300
2023-11-08,130.5972900390625,130.96381274636772,129.54728387670204,129.73549538032546,26425800
2023-11-09,129.01235961914062,131.30058307721072,128.84396385761158,130.71614806102886,23747800
2023-11-10,131.34019470214844,131.54822187953658,128.19017683711922,128.87367527216182,26913300
2023-11-13,130.8449249267578,131.34021196042556,130.01284633778656,130.53784938427754,18324800
2023-11-14,132.36048889160156,134.42088456077047,132.06332879289005,132.92512330907195,32395200
2023-11-15,133.35108947753906,133.7572285134562,132.31099869452711,133.59873301920138,23861500
2023-11-16,135.6392822265625,135.92655713328006,133.05389875585706,133.91569324609222,28013200
2023-11-17,134.03456115722656,134.77749163303557,132.3902047431791,134.71805961336432,37240600
2023-11-20,134.9656982421875,135.37183718191923,132.360483964102,132.42983139452585,27815500
2023-11-21,135.67893981933594,135.88695192229423,134.67846538924488,135.0053415510365,22635300
2023-11-22,137.18460083007812,138.10582740919213,136.1742111022112,136.1742111022112,17813900
2023-11-24,135.4015655517578,136.82799456252866,134.7081667590109,136.72893111429622,12514300
2023-11-27,135.1241912841797,137.11523941063973,134.71805235170586,134.7477683599397,23436500
2023-11-28,135.90673828125,135.95627000005229,134.1435179195899,134.79730033187963,18730000
2023-11-29,133.7175750732422,136.98645682367243,133.56897992052205,136.27325752745637,23967200
2023-11-30,131.28076171875,134.2722992191977,130.04254430639105,133.7770122542541,38988300
2023-12-01,130.61709594726562,130.8647394618695,129.43831039935748,130.61709594726562,31442300
2023-12-04,128.05148315429688,128.80431382323027,126.69439428737353,128.65573379480827,36669900
2023-12-05,129.75531005859375,130.8944642562139,127.0411315150536,127.73453037947289,27384800
2023-12-06,128.79443359375,130.59727038431748,128.65575384062942,130.20104683681856,23576200
2023-12-07,135.6392822265625,137.25392258409158,133.43030657454526,133.76709808625108,56767100
2023-12-08,133.7175750732422,135.1142727730799,132.76661748669068,132.93501323447373,32260100
2023-12-11,132.03359985351562,132.08313157577382,130.12179931701706,131.1321890142382,31138000
2023-12-12,131.2708740234375,131.7463453232423,130.02274107837968,130.56755981511444,29032800
2023-12-13,131.32040405273438,132.24163062890102,130.32983004053287,132.122766584224,30104800
2023-12-14,130.69635009765625,132.45957079894205,128.46755835687756,132.12277923014844,38722400
2023-12-15,131.35011291503906,132.2515237297127,129.9434845931054,130.3793395531458,50847100
2023-12-18,134.5199432373047,135.85720897900194,131.18169880212074,131.379825680854,32258000
2023-12-19,135.3619384765625,136.17421645628426,134.79731912538074,135.5501499652766,25476800
2023-12-20,137.03599548339844,140.3643245325025,136.76855140187814,137.66006190353008,49107200
2023-12-21,139.09642028808594,139.36387954069625,137.8681029010627,138.17519358404002,27488300
2023-12-22,140.1563262939453,140.6516133137084,139.3836797523117,139.44311177628964,26532200
2023-12-26,140.18605041503906,141.335104879987,139.85915914929106,140.25538274203709,16780300
2023-12-27,139.046875,140.7407632814219,138.57140368669022,140.25537655400615,19628600
2023-12-28,138.90821838378906,139.80964454992787,138.43274699125027,139.453037226783,16045700
2023-12-29,138.37326049804688,139.03694314923425,137.47183468667532,138.3138284867401,18733000
2024-01-02,136.86761474609375,138.13554832155825,135.1935421823269,137.24403772207745,23711200
2024-01-03,137.6105499267578,138.31386417693605,135.78789723990403,135.95629302037804,24212100
2024-01-04,135.1043701171875,137.84826398130872,135.06475381279515,137.1152338729093,27137700
2024-01-05,134.4506072998047,135.8671360060493,133.87607255527527,135.4609970308709,22513900
2024-01-08,137.53131103515625,137.69970682646502,134.97562792036769,135.00534393560088,21404000
2024-01-09,139.62144470214844,140.15636328906535,136.84783363637163,137.19454068770534,24759600
2024-01-10,140.9388427734375,141.652057137452,139.5817614684174,139.67090948517995,21320200
2024-01-11,140.74072265625,143.85112368063056,139.3142940131024,142.13743529557837,24008700
2024-01-12,141.30540466308594,141.85022350023897,140.48324137197477,141.32522037942684,18785500
2024-01-16,141.1468963623047,142.98936462858398,140.1166909258045,140.66150965520748,22670500
2024-01-17,140.1365203857422,140.5030279692226,137.590737670861,140.01765632946993,20968600
2024-01-18,142.12753295898438,142.85066275832446,140.65158758366644,140.7110195967722,25746400
2024-01-19,145.000244140625,145.06957646906244,143.01909590584106,143.37570319270063,34271900
2024-01-22,144.61390686035156,146.99127846629932,144.46531168812982,145.7134446289684,32200400
2024-01-23,145.65399169921875,145.79267145213515,144.1285144171384,144.5148376656169,21636100
2024-01-24,147.29832458496094,148.43749355137393,146.70398935961927,147.13982914555368,25233500
2024-01-25,150.4384765625,151.60736180458775,148.13043720567228,148.6554553594219,29149100
2024-01-26,150.7554473876953,151.10213919091456,149.5865623016617,149.67572544188013,26115500
2024-01-29,152.06301879882812,152.33047802772649,150.00262293630868,150.62668943208467,27784300
2024-01-30,150.03236389160156,152.1719925180601,149.76490464518363,151.3597295938864,36331800
2024-01-31,138.77943420410156,142.6426670575937,138.55159128366827,142.26624407162646,71910000
2024-02-01,139.82945251464844,141.7115373788747,139.46292979606457,140.78039524700787,40466500
2024-02-02,141.03793334960938,141.2756614400684,135.21335329400358,137.94733213900224,62499600
2024-02-05,142.32566833496094,144.0988043000788,141.43415776046106,141.4737891857491,38505400
2024-02-06,142.74171447753906,143.98983223271003,141.8402885413249,143.28651806660818,29128200
2024-02-07,144.1681365966797,144.24738433228185,142.57331181571678,143.3954900682589,25208900
2024-02-08,144.53466796875,144.95070726949984,143.7323053805209,144.45542022837463,22563800
2024-02-09,147.5955352783203,148.0313902841131,144.8021091675361,145.29739619867138,26829500
2024-02-12,146.13938903808594,147.93232565817652,145.98089356178963,147.0209993419135,21564100
2024-02-13,143.77188110351562,145.28745781228392,142.33555211274947,143.553953657749,27837700
2024-02-14,144.56436157226562,145.13889626470424,142.73179375819484,144.7030413176847,22704200
2024-02-15,141.42428588867188,142.1672165550749,139.1360618545446,141.79079351397584,37590700
2024-02-16,139.1954803466797,141.84031144795466,138.81905734220405,141.64219964584808,31468900
2024-02-20,139.789794921875,140.74075259122355,138.17516961610025,138.343565378545,25144700
2024-02-21,141.2063446044922,141.34502437745533,139.35396071174512,140.1167070205233,23223300
2024-02-22,142.73179626464844,143.63322218318132,141.4539625247731,143.56387475177468,27191900
2024-02-23,142.60304260253906,143.31624199133967,142.07802446605524,142.31576767229546,19493800
2024-02-26,136.27328491210938,141.09737589700708,136.0949737160045,140.8002006468063,53641800
2024-02-27,137.5709228515625,137.9374303971592,135.7977869156524,136.7190286014233,33099200
2024-02-28,135.09449768066406,136.70912315066133,134.13363961519383,136.60015939741334,37328600
2024-02-29,137.1548614501953,137.55108494285057,135.11426662964436,135.98597645143477,42133000
2024-03-01,135.84732055664062,137.561009379789,135.62939306295007,137.12515439240792,31151100
2024-03-04,132.0930633544922,134.38128712569457,130.66663422050593,134.38128712569457,55999400
2024-03-05,131.41943359375,131.98406795515044,129.43828585262474,130.63688688658692,40194800
2024-03-06,130.16140747070312,132.32086648319373,129.6166039048756,131.86519582791124,35318600
2024-03-07,133.1133575439453,133.66807664300944,130.36946294861545,131.5383331766489,37738200
2024-03-08,134.1336212158203,136.788352127219,132.73690832894798,132.94493550750806,39370400
2024-03-11,136.37232971191406,137.7888584846141,134.84685230242854,134.84685230242854,32437800
2024-03-12,137.19451904296875,138.0662291271054,135.73837384104138,135.73837384104138,27563400
2024-03-13,138.47232055664062,139.7600696656856,137.6798735187284,137.68977381646687,23347200
2024-03-14,141.7511444091797,142.23651599205533,139.1360296729057,139.85914445542792,42753400
2024-03-15,139.84921264648438,141.83036039973078,138.71005873435084,141.15677741880677,49475400
2024-03-18,146.28794860839844,150.7158152205623,145.78276135280063,147.20919020973375,69273700
2024-03-19,145.6440887451172,147.3874934806998,144.70304650213205,146.76344216143465,24070400
2024-03-20,147.33798217773438,147.45684622092818,145.3568341780524,146.60495197646654,21311500
2024-03-21,146.2086944580078,148.95257291738915,145.51528072723244,148.06106257061538,24755600
2024-03-22,149.34884643554688,150.1512089583533,147.57571050851763,147.71439026412665,29211800
2024-03-25,148.65545654296875,148.96253208338902,146.42666490641565,148.5266770782916,19229300
2024-03-26,149.2498016357422,150.82481086727907,148.56630307093445,148.80404630237763,22149100
2024-03-27,149.44790649414062,150.210652767324,147.49647434889332,149.75498204030305,22879200
2024-03-28,149.50730895996094,150.0025959016397,148.75447824999412,149.42807635045534,24485400
2024-04-01,154.02435302734375,154.2719965214365,149.19034718586528,149.2695949177701,31730800
2024-04-02,153.10313415527344,153.2418139280062,150.71584688933808,152.0531280024452,24586000
2024-04-03,153.45973205566406,153.6182275333651,151.29037243888334,152.15218215203225,24705000
2024-04-04,149.111083984375,153.3111226498397,149.03183626069176,152.05308959817475,34724700
2024-04-05,151.06253051757812,151.97385675674153,148.18987204880133,148.6158116009819,23459200
2024-04-08,153.390380859375,153.8064201009343,151.1714897894332,151.3398855456625,20702000
2024-04-09,155.1239013671875,157.06541802943522,153.72718833727967,154.61869893107254,31079500
2024-04-10,154.668212890625,155.13378384711743,153.22196830163517,154.7375603209343,22838600
2024-04-11,157.9073944091797,158.17483848852615,154.98520432756263,155.43095957476544,27166400
2024-04-12,156.2432403564453,158.7097751773131,155.65880529572482,156.47108327025333,25353700
2024-04-15,153.40029907226562,157.73901827873132,153.13283984468552,157.36259530028232,27136500
2024-04-16,152.9446258544922,154.18284340549994,151.98376782571336,152.7366137703007,20779500
2024-04-17,154.00454711914062,155.59937192721887,153.1229368286477,154.15312717907076,21763100
2024-04-18,154.53945922851562,155.4607009972949,153.16256184009333,153.87577639819307,19883000
2024-04-19,152.63754272460938,154.886149917532,150.86442193038377,154.72765445129966,32615600
2024-04-22,154.80690002441406,156.15408123867272,152.60782458474242,152.85546807916526,26446200
2024-04-23,156.7682342529297,157.4715484365775,154.80690198445652,155.4805001575941,21151600
2024-04-24,157.6300506591797,158.0659056519581,155.68851890451947,156.00550985016204,22779100
2024-04-25,154.529541015625,155.01492770763642,149.44789165697802,149.90356233876008,57109700
2024-04-26,170.32920837402344,173.06320248176968,168.05088498922183,172.72639581047983,64665300
2024-04-29,164.5838623046875,167.95182293786596,163.65273545115042,167.46643624163954,45610000
2024-04-30,161.2456512451172,166.51551272721193,161.067355161794,164.04897776984578,33562900
2024-05-01,162.31544494628906,165.54471052012372,161.5526987871929,162.75129989434402,33493200
2024-05-02,165.0494384765625,165.15840222342754,162.34517563249727,163.23668620505856,24294500
2024-05-03,165.66360473632812,166.37681924074352,161.51309716937072,165.9805805633127,34662400
2024-05-06,166.51551818847656,166.55513450330503,164.46502247324162,165.88155134648852,21871300
2024-05-07,169.6357879638672,170.14097523408242,166.8027458785292,166.91170961700217,28039700
2024-05-08,167.7834014892578,168.54613246162145,167.1494348376418,167.40697859409426,19569100
2024-05-09,168.35797119140625,169.08108601143434,166.59473548708618,167.79333673106953,15346700
2024-05-10,167.06028747558594,168.24898828516856,164.62348406885067,166.44613647493796,29799900
2024-05-13,167.54568481445312,167.6843645690759,162.45413508764602,162.71167888481415,31327600
2024-05-14,168.734375,169.6358009861152,167.20889765923283,168.1697556681758,25127100
2024-05-15,170.88389587402344,171.02257561366113,168.90274809922303,169.0216272438825,26948400
2024-05-16,172.53814697265625,173.46928881563417,171.0622016008767,171.65653684546692,27867900
2024-05-17,174.4004669189453,174.60849412252608,172.05281122904017,172.53818284579418,24479300
2024-05-20,175.2523651123047,177.08493321353035,174.4202865094074,174.5292502632364,22554400
2024-05-21,176.173583984375,176.47074407897802,174.1528046513203,175.23252663493534,16989400
2024-05-22,174.71743774414062,175.4801688011517,173.55846803904691,174.97498152917515,17880000
2024-05-23,171.9141387939453,176.56983406034217,171.3197882854856,175.4009638726557,21024900
2024-05-24,173.34051513671875,174.11316149345376,172.01313475403336,173.33059972512171,16579400
2024-05-28,174.7372589111328,175.5990686253191,172.7263947696327,172.8056425085786,20572200
2024-05-29,174.24195861816406,175.1731005862125,173.07308856633102,173.77638763413984,23388700
2024-05-30,170.4877166748047,173.568402869888,170.17072569327084,173.54858715480162,22931500
2024-05-31,170.8740234375,171.42874248649764,167.84286926621976,170.24005665079406,37638900
2024-06-03,171.53768920898438,172.88487038637814,169.54664100969404,170.91362278332906,27459100
2024-06-04,172.15185546875,172.21130260761575,170.2697708419294,171.6466681505934,26879600
2024-06-05,173.756591796875,174.98489390330127,172.2905313702321,173.54856460290543,22068500
2024-06-06,175.0641326904297,175.48017194214412,174.09337443642934,174.2419544852705,23251000
2024-06-07,172.8155517578125,176.193397709487,172.6570562855748,175.38113486544918,19661400
2024-06-10,173.559326171875,175.59233662545498,171.32797655674506,173.5196643924882,23726700
2024-06-11,175.1559600830078,175.37413767386394,172.32959332705445,174.75928180816368,21540600
2024-06-12,176.31626892089844,178.9145616902939,174.65020192278865,176.77246257931822,27864700
2024-06-13,173.7080841064453,175.2749891373828,173.43040626625967,174.6502064308114,20913300
2024-06-14,175.3245849609375,175.59235117398484,172.70646846755594,172.77589550262013,18063600
2024-06-17,175.77085876464844,176.88157021499225,173.36099322511703,174.0056144386483,19618500
2024-06-18,173.6386260986328,175.91956377801446,172.65684217183323,175.67163609834915,21869900
2024-06-20,174.83863830566406,175.82042243225433,173.53949942101505,173.91633928082513,20160100
2024-06-21,178.14102172851562,179.35091015505034,175.1460507765767,175.53281739605538,57759000
2024-06-24,177.7344207763672,179.39057608957674,177.18897677924866,178.6666314019322,18298000
2024-06-25,182.50454711914065,182.76238649336383,177.93275948021235,178.13109862440768,23130200
2024-06-26,182.3557891845703,182.9805567069559,180.9673849666228,181.11615066799544,19839000
2024-06-27,183.8731231689453,184.50781754506613,182.49464561148105,182.6533078562805,18848900
2024-06-28,180.64015197753903,183.59546164266573,180.4517395993248,182.79217815659013,29156600
2024-07-01,181.47317504882807,182.3557971056762,179.79718128044868,181.51283682486664,16006100
2024-07-02,183.7045288085937,184.0317952147811,180.05502490239206,180.5409686810897,17372500
2024-07-03,184.2797088623047,184.5474598841237,182.47478793552256,183.3177481718428,10242100
2024-07-05,189.0201110839844,189.2779504805721,184.25989554887065,184.3193957840595,20967500
2024-07-08,187.46310424804688,188.59365403276064,186.223465662514,188.3258878612396,21035900
2024-07-09,187.4135131835937,189.7737898613701,187.1556738088654,188.73249043692127,15121400
2024-07-10,189.59527587890625,190.1605583353792,187.4631035723971,187.58210403384115,15952500
2024-07-11,184.0317840576172,189.2779276351132,183.5458403083805,188.27630515494232,25625800
2024-07-12,183.53594970703125,185.5590333529428,182.96075554978484,183.5458613687344,22898400
2024-07-15,184.9838256835937,186.679657914044,183.38717059216185,183.38717059216185,16474000
2024-07-16,182.3954620361328,187.1160003463077,181.8500180292527,185.80694986210247,18290700
2024-07-17,179.5194854736328,182.0285124783205,178.40875913579774,181.45331842336967,20734100
2024-07-18,176.2171173095703,180.98724445457364,175.00722876619346,180.4219619618105,25315700
2024-07-19,176.18734741210938,178.79553657132692,175.661741889588,177.39723581965455,18881900
2024-07-22,180.16412353515625,181.18558458642863,178.73605736925484,179.0930739107302,24100300
2024-07-23,180.2831268310547,182.08804802244904,180.03519909370766,180.54098136257284,36352700
2024-07-24,171.1990509033203,174.72953914992098,170.3957675264856,172.16101164978593,49585200
2024-07-25,165.89340209960938,171.98250656560228,165.80415174823364,171.0899727872295,44852000
2024-07-26,165.61570739746094,166.69666856249324,162.70007515743842,165.7644579679493,41336900
2024-07-29,168.12477111816406,169.01730499974076,166.59754277734604,167.43057641779222,20293800
2024-07-30,168.87843322753906,169.8106438435088,167.04377724268764,168.8288597911077,18959700
2024-07-31,170.11805725097656,172.80560007098353,168.60074099752308,171.80397765019626,25729100
2024-08-01,169.34451293945312,172.60724960219136,167.4801071216213,168.8387459323075,24531400
2024-08-02,165.27853393554688,167.1131899291379,163.3050238959055,165.06035633790583,29130100
2024-08-05,157.92994689941406,163.06700164494302,153.6457489256687,154.2110313523321,53630700
2024-08-06,156.9779052734375,159.23901995455182,155.11349914776707,158.0092930412871,49004600
2024-08-07,157.6225128173828,161.62901768553496,157.1564075430874,159.91336228381462,25138600
2024-08-08,160.68690490722656,162.33314852019078,158.88199906168649,159.17950020545774,25578800
2024-08-09,162.3133087158203,162.43230917233856,157.74152121280017,158.68364346895095,28602300
2024-08-12,160.94476318359375,163.5331293646278,160.49849628320337,162.9877004487663,15895300
2024-08-13,162.7992706298828,163.36453799371506,161.6191321967266,162.05548742905071,18551700
2024-08-14,159.04067993164062,161.86706218713195,156.40274030979796,161.05385194604304,40591100
2024-08-15,159.96295166015625,160.30012969322283,158.28695802267646,159.1695800105894,31524300
2024-08-16,161.6092071533203,163.69179086382167,159.79437447768626,160.1315525357236,24208600
2024-08-19,165.28846740722656,165.30830586389538,162.8984403109757,163.9099897487635,22416200
2024-08-20,165.79421997070312,167.24212453394256,165.43721857593138,165.5165421310091,18341500
2024-08-21,164.47523498535156,165.466945741652,163.3050084241183,163.78102535009705,22902000
2024-08-22,162.44224548339844,166.200823067624,161.9563017036317,165.8735566607167,22493300
2024-08-23,164.24716186523438,164.80251757325382,162.4720059319359,163.3546280676757,13955700
2024-08-26,164.78268432617188,166.1611618513878,163.09677884769525,165.00086193151313,14190400
2024-08-27,163.31494140625,165.06036224989415,163.0967789331017,164.46532966550507,11821900
2024-08-28,161.5001220703125,164.2273269769617,160.1910564516135,163.67195617574248,16407400
2024-08-29,160.43898010253906,164.59425098521132,158.92166371262243,162.94800734245646,19699800
2024-08-30,162.0257110595703,162.30338886563922,160.34971743074368,161.2720011868357,22123800
2024-09-03,156.05564880371094,160.50843679081171,155.18293825207724,160.37950951414507,38945300
2024-09-04,155.1531524658203,157.68201804584697,154.66722385588943,155.3614183931521,19353800
2024-09-05,155.93663024902344,158.12830290448517,154.6870648072252,155.00441956460497,18688700
2024-09-06,149.66900634765625,156.52173225882967,149.30207815911396,155.9961266954501,37912100
2024-09-09,147.6730194091797,152.3303022884686,146.19340404923173,151.44650905863844,39260500
2024-09-10,147.6233673095703,150.21516785637962,147.30559146131813,149.4008786095233,31118800
2024-09-11,150.10594177246094,150.44356726374062,146.4913246568401,148.87458302778612,29607700
2024-09-12,153.61131286621094,153.74041119456226,151.58552977811232,152.72751965051293,29621500
2024-09-13,156.3620147705078,157.27559765598852,154.12770435368589,154.3461563209122,29591200
2024-09-16,156.95782470703125,157.14650223678444,155.50801396162132,156.21305455425028,18379800
2024-09-17,158.20904541015625,159.4304641960374,157.2755977444437,157.911134323935,20715600
2024-09-18,158.69561767578125,159.38080862321627,157.49406367866266,158.74527204850892,23677300
2024-09-19,161.00936889648438,162.64785709776754,160.214944405528,162.5684282858201,26587700
2024-09-20,162.4492645263672,162.58828768421088,160.92993460407996,162.35989574326507,40896400
2024-09-23,160.7213592529297,164.33597542544908,160.54260658793473,163.20392572175848,24150900
2024-09-24,161.1583251953125,162.0818480701299,159.56949128360392,161.89317053912484,23332100
2024-09-25,160.36390686035156,161.6746943855023,160.17522933988295,160.3440420812531,18869200
2024-09-26,161.5952606201172,162.93585297471674,161.14840155271324,162.498918721295,20319300
2024-09-27,162.80673217773438,164.5445289853853,161.4959447506325,161.67468229198863,21101300
2024-09-30,164.69349670410156,164.9913926147097,162.12154584089137,162.1811401753991,20413900
2024-10-01,165.82557678222656,167.98044345774423,163.4323781824881,166.52069262071794,28338100
2024-10-02,164.7034454345703,166.3518737571152,163.58132016704218,165.25953808497383,17760200
2024-10-03,164.7034454345703,165.4780052194021,162.77697078682365,163.26355943212087,15073100
2024-10-04,165.8950653076172,167.05690491903522,164.32608104579808,166.8880921706125,19047400
2024-10-07,161.84352111816406,167.30516910862042,161.6151291721409,166.5504741138898,22463100
2024-10-08,163.23373413085938,163.58128438514402,161.73425411324558,162.79679995757814,23072700
2024-10-09,160.73133850097656,163.6905544913904,158.626126271172,162.31024767332997,31181800
2024-10-10,160.94979858398438,161.9329006503817,159.2815055457696,159.74822939172097,14144100
2024-10-11,162.1016845703125,162.7570706789559,160.11563116287005,160.99942432308654,15344300
2024-10-14,163.80972290039062,165.07085614450466,162.2605882196447,162.49892012877203,19016100
2024-10-15,164.3062286376953,166.51073429604153,163.4820145370709,164.6339141628374,20247200
2024-10-16,164.00830078125,164.6438372917239,162.59820462214802,163.38268908336363,16406000
2024-10-17,161.79385375976562,165.2098684713458,161.62504101734748,164.57433190772997,21453400
2024-10-18,162.2804412841797,163.5614543687219,161.94281580158204,162.0520493579974,19757700
2024-10-21,162.92593383789062,163.35292813982096,161.48603268374447,161.8137333852295,20946500
2024-10-22,163.98846435546875,164.61407616151644,161.84352257963812,161.84352257963812,16568100
2024-10-23,161.64492797851562,164.66373843424137,160.80084899820812,163.61111712445464,18280500
2024-10-24,161.58531188964844,162.19105880543688,159.88722950198394,161.69454543683605,22412500
2024-10-25,164.1175537109375,164.43531442750802,162.28044795544452,162.52870467092262,19828900
2024-10-28,165.5574188232422,167.57326188738554,162.80673051877835,167.57326188738554,32138600
2024-10-29,168.49681091308594,169.19194192190423,165.92487466810385,166.56041133003745,42169000
2024-10-30,173.2434539794922,180.75073380709983,172.84623418689728,179.42006644238907,68890800
2024-10-31,169.9168243408203,175.58701430239046,169.80759078159048,171.92274281377416,44769000
2024-11-01,170.09555053710938,171.11838206105315,167.70236751230738,168.88407180529182,31796500
2024-11-04,168.05987548828125,169.53947584954412,166.8384415098956,168.74505131099085,21492700
2024-11-05,168.55636596679688,169.34085043209328,167.66263280054076,168.24851494635325,18242100
2024-11-06,175.27915954589844,175.70616896018197,172.29015425546123,172.5880653336426,33695500
2024-11-07,179.48959350585938,179.81729416706102,175.95442053394322,176.172887641411,25352900
2024-11-08,177.10630798339844,179.6385138031914,176.8381865469038,179.3902571422404,22006200
2024-11-11,179.09239196777344,179.29099430009822,177.22549670866968,177.33473026430633,17450400
2024-11-12,180.35353088378903,181.2174745432505,178.13908526034365,178.56609468327508,25134900
2024-11-13,177.63262939453125,179.69812684707065,177.29498878465753,179.2016134734521,23184000
2024-11-14,174.3556365966797,177.57304868487938,173.1044283607948,177.03680576065332,31007500
2024-11-15,171.28720092773438,172.92568911299827,170.02605262888574,172.51854448191054,32504600
2024-11-18,174.0775909423828,174.21661408019878,171.69431766961333,172.2106958182379,20135300
2024-11-19,176.8779296875,177.6226997913749,172.34972988032243,172.50861780572183,23434900
2024-11-20,174.7528533935547,176.4409959363333,172.56819744687726,176.1033704582549,18997100
2024-11-21,166.46107482910156,172.9157485442611,162.55847191900318,172.6873414876996,59734400
2024-11-22,163.61111450195312,165.29927243550884,162.75711072055498,164.69352539111725,38604600
2024-11-25,166.48094177246094,167.4541189743164,164.45517370894052,164.93182234405353,33135300
2024-11-26,167.94068908691406,168.6358199751134,166.41143446812606,166.46108883905265,20486700
2024-11-27,168.04991149902344,168.2981681848086,166.8483576251592,167.82151959076907,19266500
2024-11-29,167.77186584472656,168.2485144405321,165.99435463496883,167.3250068391348,14257200
2024-12-02,170.29417419433594,170.88005637942206,167.3945377088188,167.59314004161567,23789100
2024-12-03,170.1452178955078,171.4758702461707,169.6586444335241,170.29418101536214,22248700
2024-12-04,173.15408325195312,173.69032622472676,169.86716687371202,169.956535651712,31615100
2024-12-05,171.43614196777344,174.83229172271828,171.12830609165766,174.1371760101365,21356200
2024-12-06,173.49172973632812,173.85914482652376,170.66159711852214,170.83040986678466,21462400
2024-12-09,174.34671020507812,175.2315164432607,172.63674520121344,172.94494909205568,25389600
2024-12-10,184.0895233154297,185.2725820417294,179.99356854584033,181.78306850285867,54813000
2024-12-11,194.2598419189453,194.46862325114623,183.7714129275164,184.228720348902,67894100
2024-12-12,190.83990478515625,194.041101872512,190.59136355506865,193.86215946833025,34817500
2024-12-13,188.71240234375,191.6054108844412,188.5334447604449,189.89544591832112,25143500
2024-12-16,195.51248168945312,197.83882401959605,191.4960468173101,191.74458805351563,44934900
2024-12-17,194.2797088623047,200.2446984442106,193.8422738658045,196.0990325051564,43504000
2024-12-18,187.30064392089844,195.85046734497547,186.6445066760632,194.0808551987888,34166100
2024-12-19,187.41001892089844,191.903648494442,187.28078779996244,190.5118237091531,32265200
2024-12-20,190.2931060791016,191.7644658752926,184.1392229555645,184.69595286927185,63462900
2024-12-23,193.49432373046875,193.9615824576481,189.0404539552172,191.49604252749893,25675000
2024-12-24,194.9656677246093,194.9656677246093,192.6492618229352,193.703074128042,10403300
2024-12-26,194.4586639404297,195.6019475277096,193.24578152744004,194.01127759173056,12046600
2024-12-27,191.63522338867188,194.18029831146464,189.53753481304463,193.81244697780068,18891400
2024-12-30,190.1240997314453,191.42645331502607,188.0164598413792,188.6924998573633,14264700
2024-12-31,188.1954498291016,190.8399325426114,187.41005093272776,189.96506243113325,17466900
2025-01-02,188.3246459960937,190.87965701997763,186.4059150585719,189.53752836365504,20370800
2025-01-03,190.6708984375,192.08262608512285,188.8714622169049,190.25335095839125,18596200
2025-01-06,195.72125244140625,197.0633812164201,192.7188851595698,192.84811629000748,29563600
2025-01-07,194.34930419921875,199.82714740579908,193.4644980339136,195.9598465030939,26487200
2025-01-08,192.8182830810547,195.1446253516784,191.2574520458894,191.44634580773328,24864800
2025-01-10,190.91943359375,195.3733035682669,189.19953244831908,193.16625612788005,26665200
2025-01-13,189.8954315185547,190.06443773067767,186.26673571233505,188.9609292579485,21823700
2025-01-14,188.5532989501953,190.85975338986924,187.2111704069825,190.12408114907927,17174900
2025-01-15,194.408935546875,195.2142066320414,190.7404648968936,191.9632833903036,21776000
2025-01-16,191.7843475341797,194.33934334611155,191.68492497988967,193.0071660692365,17815400
2025-01-17,194.85630798339844,196.0791264849475,192.61943710093595,195.3832141332428,27735100
2025-01-21,196.8943634033203,201.10961291187687,196.7154058313,197.908415858762,29971300
2025-01-22,197.2124938964844,199.31018252245173,196.3773989893062,197.898470130864,26200600
2025-01-23,196.8247833251953,199.1312534169042,194.06100582652093,196.9838533666416,26951400
2025-01-24,199.041748046875,199.7277090395957,196.8446370895185,196.94405964079763,23877500
2025-01-27,190.6907653808593,195.7311886614368,189.6170654778413,191.28727038356465,41728900
2025-01-28,194.16043090820312,194.3393733298309,189.5673782129492,191.6253070801952,24157900
2025-01-29,194.269760131836,195.64169733166847,192.30130277467072,194.4188787938552,18218300
2025-01-30,199.6978759765625,200.22478210026708,196.51655169105817,196.844627891247,24354700
2025-01-31,202.8295288085937,204.28100107943345,200.62248149891727,200.82131144659704,32001100
2025-02-03,200.0557861328125,202.5610857724737,198.9323901811373,199.5189437949037,27838300
2025-02-04,205.17575073242188,205.841839374976,201.6265748649112,202.20319230990248,43856400
2025-02-05,190.2135772705078,191.62528964623425,186.93282997802248,189.9550998506434,70373900
2025-02-06,190.4820098876953,190.979092361129,187.61880998639617,188.3942574313725,29297400
2025-02-07,184.25851440429688,190.0644336371024,182.17077726737304,189.9352025187049,49315000
2025-02-10,185.3819274902344,187.10182849533743,184.77548630303588,186.2567974441607,23105600
2025-02-11,184.2386474609375,185.8491897525843,183.20470746476104,183.95033114344977,21239500
2025-02-12,182.5386199951172,184.0298673622676,180.7690076663456,182.1508962864482,22072600
2025-02-13,185.05386352539065,185.1930460118556,182.07136866992408,183.244491201346,21402500
2025-02-14,184.149154663086,185.3123257408716,183.24447616019845,183.980148455519,20448400
2025-02-18,182.6976776123047,184.8749010476211,180.6795241927537,184.5170010970245,29916700
2025-02-19,184.1889495849609,184.37784335780145,182.518744534888,182.99595464619665,19549400
2025-02-20,183.4830780029297,184.2287017042873,181.65381816300632,183.72168304847523,20441500
2025-02-21,178.61167907714844,184.25852872808807,178.0350615841012,184.0696349598782,35199200
2025-02-24,178.2040557861328,182.05146903999804,177.8461558204417,180.9280730344348,29854200
2025-02-25,174.3964080810547,177.6970428900285,173.67067193850428,177.0011153116827,41913400
2025-02-26,171.7220916748047,175.05255001700533,170.57880815600546,174.04844897153603,35431300
2025-02-27,167.5167999267578,173.54143730705212,166.96006996247044,172.97477115402882,39991000
2025-02-28,169.286376953125,169.61445314978715,165.79686404821965,167.69570724259657,48130600
2025-03-03,166.03546142578125,172.35835029914594,164.96176159787956,170.92675052861034,40770500
2025-03-04,169.92266845703125,172.27883449293637,164.8325488565178,165.2699838540156,45388000
2025-03-05,172.01039123535156,172.76595099277537,168.073492106195,169.52497933227934,30954900
2025-03-06,171.3443145751953,173.78995156274516,169.50510357118512,169.5349273025149,28302000
2025-03-07,172.8455047607422,173.94902837231132,169.2764565211612,170.26067003299855,27385800
2025-03-10,165.09205627441406,167.66992058295483,162.922287876859,167.47084644350338,43604000
2025-03-11,163.2706298828125,165.96792640359425,160.6131542630149,164.13655982614347,39587400
2025-03-12,166.32623291015625,166.85374592604674,162.76302175465403,165.79871989426576,28372400
2025-03-13,161.99664306640625,165.35084794741115,161.34969766951576,165.26125850902773,31756200
2025-03-14,164.71383666992188,165.70914654485404,161.68808614528302,162.50424753259463,31995900
2025-03-17,163.51943969726562,165.52002210698427,162.90235248367634,164.25597441368222,31184300
2025-03-18,159.9164276123047,163.47963860497418,155.9849568446372,162.91230471538228,42074800
2025-03-19,163.121337890625,165.0920472279654,160.24489290497496,161.0013229568774,34275600
2025-03-20,162.0364532470703,164.11664727374668,160.20508669307458,160.81222633390425,28138500
2025-03-21,163.2208709716797,163.46969843906228,160.13540430124633,160.45391074936325,36625800
2025-03-24,166.89356994628906,167.53058291242263,164.36548928265282,166.28644543898992,30879100
2025-03-25,169.7600555419922,169.82973452544573,167.53057106706197,168.1874640642974,24174400
2025-03-26,164.28582763671875,168.8144901119637,164.06685827310008,168.20735054687958,28901600
2025-03-27,161.4790802001953,164.6441583248392,161.24020036188836,163.85787020298363,24508300
2025-03-28,153.606201171875,161.06107888140082,152.90948717734597,159.73731469818262,48669300
2025-03-31,153.9147186279297,154.81049144150305,149.95338957359485,152.39189573252094,54603500
2025-04-01,156.33334350585938,157.35851155491952,152.89951197653428,152.89951197653428,30672900
2025-04-02,156.303466796875,157.66705174636402,153.97444517473392,154.42233161172652,25041700
2025-04-03,150.0131072998047,152.06344323592336,149.68465321481136,150.40127754802887,46883400
2025-04-04,144.9171142578125,150.3614601277394,144.698144884866,147.3157993550897,62259500
2025-04-07,146.0617218017578,152.13311801627722,139.87089326407514,140.8861135726325,76794100
2025-04-08,144.02134704589844,151.5259925903324,142.35918124819136,150.5107721866655,52200200
2025-04-09,157.96563720703125,158.80169385849172,143.2350479950237,143.74265056471972,70406200
2025-04-10,152.103271484375,156.9802840886705,149.22681119385487,155.80581046857128,48022000
2025-04-11,156.40301513671875,156.93052822964722,152.10328376963045,152.1828952060654,33636200
2025-04-14,158.32395935058594,160.96152461511218,156.82103162226488,159.24959030436233,30333000
2025-04-15,155.57688903808594,158.90122048049952,154.48205725338974,158.38367026397722,27551500
2025-04-16,152.61087036132812,155.1588613016161,150.7993990348029,152.381953334393,28187400
2025-04-17,150.45106506347656,153.95454537102182,147.8035367865411,153.56637507381893,33046600
2025-04-21,146.97740173339844,148.25139710913984,145.4147731874503,148.18173331794077,26049100
2025-04-22,150.7595977783203,151.4762221498679,147.84333175770095,148.19169631147875,26971800
2025-04-23,154.6214141845703,156.79118268922488,153.08862828359344,154.88018931651595,31128800
2025-04-24,158.53294372558594,158.8414873336237,155.05930705626122,155.41761919174232,45894000
2025-04-25,161.2003936767578,165.32097594255077,160.2846952290497,164.29580798857202,56034000
2025-04-28,159.85670471191406,162.38478487609163,157.85613751727615,161.66816061799582,29745800
2025-04-29,159.4088592529297,159.986140897154,156.7812413613858,159.5681125038659,26809000
2025-04-30,158.05520629882812,158.52300314058715,154.67114371616248,157.2390449367046,34981100
2025-05-01,160.54347229003906,161.19041757915633,158.164682497567,159.69745289298837,30203200
2025-05-02,163.2606658935547,164.19625953903196,161.11079307252896,162.64357867514303,25715000
2025-05-05,163.4398651123047,164.61432364636494,161.95684771468854,162.23553330538846,21341800
2025-05-06,162.4644317626953,164.02707560554774,160.43400623609975,161.40940569190968,21277200
2025-05-07,150.67001342773438,164.22612903746054,147.14660797263102,163.3104457768094,127490100
2025-05-08,153.55642700195312,155.19868244221678,152.18289432936683,154.27305142354376,57498700
2025-05-09,152.03358459472656,154.3228003625665,151.48616112175256,153.4469228058081,32435300
2025-05-12,157.716796875,158.3537945366218,155.5171555445994,156.75134515840134,44138800
2025-05-13,158.7817840576172,159.81691483841985,155.42759461947415,158.0452492784777,42382100
2025-05-14,164.59439086914062,166.21675084206151,158.86141139731794,159.209775932056,48755900
2025-05-15,163.19097900390625,165.43042574532757,161.60842509768116,165.0621508427619,33146700
2025-05-16,165.41055297851562,168.55573587450803,164.8432190515902,166.94332352608356,42846900
2025-05-19,165.7589111328125,165.85844820194703,163.44979996369122,163.73843316462222,30426100
2025-05-20,163.21090698242188,167.70971181285083,162.13597050857302,165.6494131078347,46607700
2025-05-21,167.76943969726562,172.32796100800184,162.79289003758296,162.9222851886465,73416000
2025-05-22,170.06857299804688,175.94090966560867,169.9093349795155,171.0439874928675,74864400
2025-05-23,167.6798553466797,169.1628725233235,167.10257379846712,168.26708452621156,35211400
2025-05-27,172.08908081054688,172.35781874405163,169.20268808863054,169.36194132235366,37995700
2025-05-28,171.55162048339844,174.44797603039132,171.10373405145273,172.34787146642654,34784000
2025-05-29,171.05397033691406,173.60196140461508,169.82974333850962,173.1839330438727,29317300
2025-05-30,170.9345245361328,171.4023213954702,166.65468900773928,170.5463542897915,52639900
2025-06-02,168.2372283935547,169.07328505076367,166.6049207920985,167.0528072022302,38612300
2025-06-03,165.40060424804688,167.68982022650283,164.50483134601953,166.70447307171773,45084900
2025-06-04,167.2618408203125,167.43104169003885,165.57976456796413,165.9579872104258,26900800
2025-06-05,167.42108154296875,170.12831044344654,166.80397909025658,169.54108125937032,36379100
2025-06-06,172.8654022216797,173.68156356382352,170.02877834744078,170.02877834744078,35731800
2025-06-09,175.47628784179688,175.85496833236684,173.76228116584014,173.93168685751374,28935900
2025-06-10,177.97755432128906,180.4788010649628,174.30041217393423,175.58590961128442,61766100
2025-06-11,176.73191833496094,179.74138229531297,176.1340033305199,179.1434824964821,31646800
2025-06-12,175.087646484375,176.10409583310096,174.1409604700089,175.56596932852466,20941900
2025-06-13,174.06124877929688,176.51268202547473,171.78919611484426,171.8390248989685,27663100
2025-06-16,176.15391540527344,176.323321086937,174.0412938099689,174.1210168140944,27389200
2025-06-17,175.33677673339844,176.74186625647056,173.9715563176299,175.0876480323832,24973000
2025-06-18,172.71597290039062,175.94467150338016,172.59638077040557,175.39658525731377,28707500
2025-06-20,166.05921936035156,173.73237998796506,164.88333923967906,173.34373983894176,75659900
2025-06-23,164.61428833007812,166.7567891470348,161.43540356766906,165.69052617853575,57671000
2025-06-24,166.18878173828125,167.63372519441324,165.5510128580625,166.3382528798913,40524300
2025-06-25,170.08514404296875,171.75929686583365,166.96606296199934,167.04578597314622,35479000
2025-06-26,172.93516540527344,173.0846517431964,169.3477213792513,171.82903340932134,31796700
2025-06-27,177.9077911376953,178.057262279745,171.13148726193396,172.93517666884486,108140200
2025-06-30,175.6157989501953,180.5983729503021,173.9715556124037,180.1499443314144,63378900
2025-07-01,175.2271728515625,175.47630157156493,172.9252259116377,175.12753048692775,35904500
2025-07-02,178.01739501953125,178.23662948182692,174.4598452552033,174.92819320035304,29128900
2025-07-03,178.904296875,179.0438083356934,176.43294448317042,177.8778878701253,21689700
2025-07-07,176.17384338378906,178.67510524325024,175.0677113564662,178.43593621915562,34175600
2025-07-08,173.7523193359375,177.3298037815242,172.20771837081963,177.2301614259221,40442500
2025-07-09,176.0044403076172,178.81461936142807,172.16786742488128,174.63921988812407,43025600
2025-07-10,177.00094604492188,177.8081205641565,173.77224796798342,175.0178914126315,29252400
2025-07-11,179.56201171875,180.797680390592,175.86493496639972,176.17385213436023,34282900
2025-07-14,180.9272308349609,183.02987774300456,179.05377808117527,180.3791446351184,32536600
2025-07-15,181.3657073974609,183.57797163820845,180.96710752938097,182.1728820139696,33448300
2025-07-16,182.33230590820312,183.68756658300003,181.3955796057629,182.60136914957832,33104200
2025-07-17,182.940185546875,183.418508384776,179.8509836397114,181.5052018275631,31992600
2025-07-18,184.4150238037109,185.7702845204503,183.069737966418,184.7538351814936,34014500
2025-07-21,189.43746948242188,189.6267945216304,185.50122385959315,185.6008814217948,45803100
2025-07-22,190.67312622070312,190.98204335642563,186.8066593790816,190.8325722280464,44660200
2025-07-23,189.5670166015625,191.8590038090936,188.520672962732,190.8325947249331,58681900
2025-07-24,191.500244140625,197.26009837341093,190.33432366848064,196.34330659716773,74881700
2025-07-25,192.5067443847656,193.6527456627857,190.593437568626,191.3109295253797,39785900
2025-07-28,191.9088134765625,193.373691383884,190.17487232763284,192.97507635824056,38139500
2025-07-29,195.0677795410156,195.23718523880464,191.41057191018163,191.7593429801203,41389200
2025-07-30,195.84507751464844,196.91135578592747,194.01149369711868,194.91832593062705,32445400
2025-07-31,191.231201171875,195.3069586253216,190.42402654445044,195.02793567277016,51329200
2025-08-01,188.47085571289065,190.16492789219944,187.16542371122097,188.371198147092,34832200
2025-08-04,194.36024475097656,194.5894541087341,189.4573936373196,189.62679933287328,31547400
2025-08-05,193.99151611328125,197.1704004603002,193.2142358585653,194.0313852166864,31602300
2025-08-06,195.4065704345703,195.94469690577856,192.99500660427324,193.8221156577169,21562900
2025-08-07,195.8350830078125,196.85151710519096,193.65271327152087,196.3731942825653,26321800
2025-08-08,200.718002319336,201.9038573236332,196.48281456433625,196.53264334375208,39161800
2025-08-11,200.2994842529297,200.77780712193308,198.37621789685548,200.23969579500547,25832400
2025-08-12,202.6313323974609,203.78729330959044,199.89091647275984,200.6681968640444,30397900
2025-08-13,201.2561492919922,203.81718459405647,196.82164596798347,203.41858472937733,28342900
2025-08-14,202.2327117919922,203.72748396129663,200.5286648285173,200.7977280765625,25230400
2025-08-15,203.1893615722656,205.7205176785909,200.57849766290207,203.13954799676893,34931400
2025-08-18,202.790771484375,204.55460702217843,201.7842969623296,203.4883288365654,18526600
2025-08-19,200.86749267578125,202.7309704594637,199.2631032623919,202.3223957479328,24240200
2025-08-20,198.6253356933593,200.5784961710617,195.9148142419443,200.03040999419304,28955500
2025-08-21,199.0538482666016,201.77432964491464,198.73495620472804,199.0538482666016,19774600
2025-08-22,205.37173461914065,207.81319287530533,200.59843534470969,202.0234442317804,42827000
2025-08-25,207.7633819580078,209.78630584234324,204.56456266974783,205.7105486396724,29928900
2025-08-26,206.41807556152344,207.12560776169755,204.9830918131657,206.7867811726176,28464100
2025-08-27,206.75689697265625,208.1819211161226,204.9332729711404,204.9831017547991,23022900
2025-08-28,210.9023895263672,211.4803699291827,206.17890394821848,206.5276902069273,32339300
2025-08-29,212.16796875,213.90189476250453,209.46740696384475,209.77632411753885,39728400
2025-09-02,210.6134185791016,210.94225509702449,205.48135800383685,207.7135567307211,47523000
2025-09-03,229.85610961914065,230.5038381631016,224.0065573472935,225.42162175778444,103336100
2025-09-04,231.49038696289065,231.56013509073304,225.32195802773,228.8496136665047,51684200
2025-09-05,234.1809844970703,234.9383302920627,231.09178244912047,231.3907399385365,46588900
2025-09-08,233.4329071044922,237.512309448077,233.0638717332001,234.8592056813389,32474700
2025-09-09,239.0084228515625,239.8462403027557,232.62501483391665,233.56257898038905,38061000
2025-09-10,238.54962158203125,241.03316831731985,237.2330534083044,238.280317666347,35141100
2025-09-11,239.7464904785156,241.62161874698785,235.63718236935347,239.25777124796903,30599300
2025-09-12,240.17539978027344,241.4520784124984,237.38265956507763,239.746507229255,26771600
2025-09-15,250.95733642578125,251.75526430827645,244.0253674338205,244.0253674338205,58383800
2025-09-16,250.50851440429688,252.38362748338088,248.8228956960496,251.42612617048883,34109700
2025-09-17,248.8827362060547,250.9473740826164,245.6411664684413,250.56835490468708,34108000
2025-09-18,251.3762359619141,253.33115844169183,249.1520248167527,251.02713777006548,31239500
2025-09-19,254.05926513671875,255.33594363736893,251.15680993729336,252.5930770553269,55571400
2025-09-22,251.8749542236328,255.11652395864965,249.6507429437536,253.7700196733437,32290500
2025-09-23,251.00721740722656,253.7002107757565,249.8302703204236,252.38362744671,26628000
2025-09-24,246.4989471435547,251.69543970951247,245.80076590550527,251.00722705371743,28201000
2025-09-25,245.1524200439453,245.8506164364007,240.1155317960277,243.76602627878,31020400
2025-09-26,245.9004821777344,248.77301648715127,245.33196864020064,246.4291213887164,18503200
2025-09-29,243.4169464111328,250.4985201433971,242.1402679011131,247.20709239615744,32505800
2025-09-30,242.4694366455078,242.6589310263489,238.6294169517045,242.18018034462705,34724300
2025-10-01,244.2647399902344,245.66111761710096,237.9910625183314,240.12551089529904,31658200
2025-10-02,245.05270385742188,246.16979380429245,241.67149783253905,244.51409604788847,25483300
2025-10-03,244.71359252929688,245.66112527970623,241.0331615881319,243.8558226752064,30249600
2025-10-06,249.7804107666016,250.66811683606912,243.94559401576447,244.14507219867,28894700
2025-10-07,245.12252807617188,249.7903967365714,244.8831603422913,247.62602723387863,23181300
2025-10-08,243.9854736328125,245.37186749350337,243.18756093367097,244.3246032710778,21307100
2025-10-09,240.9034881591797,244.12510552114733,238.5296568297252,243.8358644557508,27892100
2025-10-10,235.95635986328125,243.45684250665408,235.2282424787384,240.8037387238312,33180300
2025-10-13,243.51670837402344,243.865806618421,239.0882377987089,239.58694087972825,24995000
2025-10-14,244.8133239746093,246.47899033376285,239.88613541009548,240.60426901896764,22111600
2025-10-15,250.3788452148437,251.4560455996756,245.3519253048375,246.6086514775368,27007700
2025-10-16,250.8077392578125,256.29345747170413,249.4512663819501,251.1169327071502,27997200
2025-10-17,252.6429748535156,253.5605866634714,247.1672097408255,250.10955476977685,29671600
2025-10-20,255.8845367431641,256.6625123260812,253.5705623788801,254.0293759063695,22350200
2025-10-21,249.8103485107422,254.21888182305847,243.51670298346056,254.07924557223265,47312100
2025-10-22,251.0371551513672,255.69502480450944,248.64337127106648,253.71019631561148,35029400
2025-10-23,252.4235382080078,254.3784456458486,251.1967329635009,252.3237915100895,19901400
2025-10-24,259.24578857421875,261.0012024879728,254.6577147509473,255.9144256499636,28655100
2025-10-27,268.571533203125,269.43930209007345,263.59448643744673,264.1330942614516,35235200
2025-10-28,266.77618408203125,270.0277373828665,265.80869904433325,268.9904266199372,29738600
2025-10-29,273.8577880859375,274.6257797911847,266.97569238760303,267.05547147917497,43580300
2025-10-30,280.7498779296875,290.8336389163956,279.3335478851562,290.8336389163956,74876000
2025-10-31,280.46063232421875,285.2581533777713,276.3114191679317,282.47538175038454,39267900
2025-11-03,282.9840393066406,284.78934178113053,279.07419428639605,281.44802550171426,29786000
2025-11-04,276.8200988769531,280.5404041676455,275.5434202802167,276.03213953132416,30078400
2025-11-05,283.5725402832031,285.6770830892533,276.6206181949745,278.1466483880774,31010300
2025-11-06,284.0113830566406,287.60205105478576,280.41076169575746,284.58986519375543,37173600
2025-11-07,278.1067199707031,283.04389217242976,274.47617771869056,282.4753634096288,34479600
2025-11-10,289.3475036621094,290.0456696400176,282.1262631003564,283.6822445549795,29557300
2025-11-11,290.55438232421875,291.16281590202783,286.5747415369323,287.0036188750348,19842100
2025-11-12,285.96630859375,291.2525794490294,282.95415298016115,290.9234183741868,24829900
2025-11-13,277.847412109375,282.1063250073575,276.5208450104115,281.60762197974475,29494000
2025-11-14,275.6930236816406,277.8374407083971,269.9978433748845,270.7059931829425,31647200
2025-11-17,284.2806396484375,293.1874981262189,282.8344192497114,285.038677928695,52670200
2025-11-18,283.5426025390625,288.05086711584505,277.4783868942568,287.1731753233953,49158700
2025-11-19,292.0504455566406,303.02191144888764,285.88648384239787,286.4151077996695,68198900
2025-11-20,288.69921875,305.625202125324,287.921243180084,303.75007371618807,62025200
2025-11-21,298.8826904296875,303.1316497984607,293.0877639113642,295.6511046778972,74137700
2025-11-24,317.7535705566406,318.6512602521973,308.7968847077417,310.322914576409,85165100
2025-11-25,322.6010437011719,327.97704695687,316.8260536395487,325.3638477455269,88632100
2025-11-26,319.1200866699219,323.6582721471574,315.9682798124272,319.8481736259059,51373400
2025-11-28,319.3494873046875,326.0021995827445,315.9682963529555,322.5312152935296,26018600
2025-12-01,314.0732116699219,319.02033724928003,313.07580560094704,316.8759202886677,41183000
2025-12-02,314.9908447265625,317.5541859262309,313.095779063488,315.9184251730286,35854700
2025-12-03,318.8009033203125,320.74582687116515,313.2852490348319,315.07061440214585,41838300
2025-12-04,316.79608154296875,321.52377613363177,313.883673135656,321.39413892489085,31240900
2025-12-05,320.4366455078125,322.32175763971526,318.3421170569229,318.6612638744486,28851700
2025-12-08,313.11090087890625,319.81785493964355,310.6157547321785,319.4285975207571,33909400
2025-12-09,316.4643859863281,317.3726229056239,311.2944500995635,311.7635388280278,30194000
2025-12-10,319.5883178710937,320.6861883612462,314.069055340672,315.2168165746965,33428900
2025-12-11,311.82342529296875,320.49655652430846,308.0008744502611,319.45856710455377,42353700
2025-12-12,308.68951416015625,314.25866704717134,304.9667450846256,313.0909556884665,35940200
2025-12-15,307.62158203125,310.81538131016634,304.288070405232,310.7155693717638,29151900
2025-12-16,305.97479248046875,310.1666197797816,302.002508804578,304.3579426322819,30585000
2025-12-17,296.1439208984375,307.4918412298865,295.54507970361715,307.4120099511304,43930400
2025-12-18,301.8727722167969,303.3698600006946,298.6490626821344,301.1342186567393,33518000
2025-12-19,306.56365966796875,306.65348128006514,300.3856749721532,301.1442091965169,59943200
2025-12-22,309.1785583496094,309.52788491338026,304.70724534166345,309.2783702904479,26429900
2025-12-23,313.7396850585937,314.328535898872,308.7194521900694,309.0288478780405,25478700
2025-12-24,313.4801940917969,314.4682622711062,311.3144241794057,314.15886656933606,10097400
2025-12-26,312.9013366699219,314.4782557314601,311.67371372407564,313.8694546536391,10899000
2025-12-29,312.95123291015625,313.41033130955566,310.0169383701615,310.76548227407176,19621800
2025-12-30,313.2406616210937,316.3346490163796,311.85334570689247,311.8932765746258,17380900
2025-12-31,312.392333984375,313.9692531312569,310.8353650439947,312.24263128978663,16377700
2026-01-02,314.5381164550781,321.87385220157,309.7274673850438,316.28471875384633,32009400
2026-01-05,315.9254455566406,318.4006111389099,314.01915017003046,317.0432662013207,30195600
2026-01-06,313.72967529296875,320.31686685595974,311.17464821348415,315.7856731700802,31212100
2026-01-07,321.3548889160156,325.51677583182123,313.58000462136766,313.7496575108236,35104400
2026-01-08,324.80816650390625,329.6786969446188,320.8758135066914,328.3313118537803,31896100
2026-01-09,327.9320983886719,330.1876899539591,325.16745676828174,326.45496079982934,26214200
2026-01-12,331.2156982421875,333.3914890456728,324.3690311583512,325.1674658209474,33923900
2026-01-13,335.31768798828125,339.82890107364614,332.97224461379506,334.2996793666924,33517600
2026-01-14,335.1879577636719,335.8666302231012,329.83837890700147,334.40947336413166,28525600
2026-01-15,332.1339416503906,337.0344130603199,330.09789356603824,336.9944821877514,28442400
2026-01-16,329.3593139648437,334.00028002450074,327.0637915356931,333.7607557246461,40341600
2026-01-20,321.3748474121094,327.0937337673917,319.80788820634325,320.2470363972373,35361000
2026-01-21,327.7424621582031,331.83450818795274,318.729994927537,320.2969541162656,35386600
2026-01-22,329.89825439453125,334.49928930997066,328.11172120927307,333.8006666576773,26253600
2026-01-23,327.2933349609375,333.0421619901957,326.814286347386,331.8444795396569,27280000
2026-01-26,332.61297607421875,335.1879535299186,326.3651202937951,327.1735452193246,26042100
2026-01-27,333.90045166015625,337.2539439848537,332.8325522369338,334.71886692218493,21636200
2026-01-28,335.3576354980469,336.8846637353836,331.2955302242731,335.40752623810386,27434400
2026-01-29,337.5932922363281,341.62545715973704,325.9060355700189,339.6393000059441,39785600
2026-01-30,337.3437805175781,339.33989756206086,331.64487488391205,339.33989756206086,31024000
2026-02-02,343.022705078125,344.16047585276425,334.97835654941485,335.5672073695487,32006100
2026-02-03,339.0504455566406,348.322417578686,336.8148042563824,346.66563680855586,36506700
2026-02-04,332.3934326171875,342.6434831024425,327.8821884154679,342.2941565134455,70618400
2026-02-05,330.6069030761719,332.0441098613053,305.8650224655501,311.6138496060838,88205800
2026-02-06,322.233154296875,329.7385737476322,319.2988903139048,326.54477434837446,56380500
2026-02-09,323.6903381347656,327.0637807183464,316.6440476026885,320.3069052195784,39640100
2026-02-10,317.9614562988281,321.0454837970353,313.9991629255859,320.3468306795893,39170000
2026-02-11,310.35626220703125,320.43665913490463,309.0587983421378,318.3507205277581,45406400
2026-02-12,308.40008544921875,315.62601945223736,306.60359228041904,311.4840826487114,47761300
2026-02-13,305.12646484375,308.03081891465297,303.1203573871305,307.1325723003695,38499700
2026-02-17,301.4336242675781,303.8489392958333,295.67483755264817,299.4574878846074,39247600
2026-02-18,302.7410888671875,304.7871271852118,300.66514046909924,301.5035060024616,28482100
2026-02-19,302.26202392578125,304.87693233204385,299.4574819671566,301.23402488534225,25834400
2026-02-20,314.36846923828125,315.885507154404,303.30996428502766,303.7291622459488,53210800
2026-02-23,310.8852233886719,318.8996316925602,309.2683735389658,318.43054299285177,31423000
2026-02-24,310.29638671875,311.6637220131571,305.33603467292323,309.91711960911005,25615600
2026-02-25,312.2925109863281,313.031095017384,308.8392369672335,311.4541454679639,29963600
2026-02-26,306.783203125,312.53202939170336,301.762970472535,312.0330001798944,36431200
2026-02-27,311.1547546386719,311.7635557563691,303.21018636103327,303.549553083736,44640600
2026-03-02,305.92486572265625,307.8910420913047,300.71499938521333,302.6412753457796,34790200
2026-03-03,302.9906005859375,303.34991750153205,296.13394323483243,298.01029817831704,35497000
2026-03-04,302.5414733886719,304.87692658824284,300.1660893213747,302.30194909897057,29536200
2026-03-05,300.2958679199219,302.7111526067185,297.41146402777275,302.4516780897468,35752300
2026-03-06,297.9403991699219,299.94650641213514,294.6068875835616,295.515124433063,25576900
2026-03-09,305.9804077148437,306.4198649966507,293.71562375842984,293.99527562141907,29312100
2026-03-10,306.6596069335937,309.1265479913924,305.1914269440574,305.79068968096857,23239700
2026-03-11,308.31756591796875,311.0341973481569,305.5410112597432,306.3699695674413,24125700
2026-03-12,303.17388916015625,308.5572255769297,300.65702241451555,306.4398571350748,24928300
2026-03-13,301.9054870605469,307.3087879643589,300.0677703977713,306.6296377698095,23693100
2026-03-16,305.1814270019531,306.11026747244654,302.64456537566065,303.97293465389924,23519700
2026-03-17,310.5347900390625,311.03417054952814,305.1214918945171,305.48103123176395,21955200
2026-03-18,307.30877685546875,312.08285325242963,306.5497087361953,308.88680583632095,20009800
2026-03-19,306.7494812011719,307.67832164750223,301.9754046785898,303.63335165234247,25075800
2026-03-20,300.6270751953125,305.62088043111504,297.9004465638477,305.0815409313132,44364100
2026-03-23,301.685791015625,305.60094814101865,300.5571860375472,301.7357168812967,29326900
2026-03-24,290.0801696777344,299.5484356615691,289.97029010977093,298.82932646685043,36864300
2026-03-25,290.5695495605469,295.6332754793409,288.8816409209488,293.07644958925243,29460700
2026-03-26,280.57196044921875,287.5932492331535,278.15494535852446,287.55329025783345,39080600
2026-03-27,274.0001220703125,279.02388928595167,273.6106210828978,276.9364822022131,35890600
2026-03-30,273.1611633300781,276.7467120540596,271.772870758184,276.07755917965534,35141200
2026-03-31,287.2037353515625,287.72308014338427,276.74670556560056,277.6955407888773,43875400
2026-04-01,297.0215759277344,300.14767254424095,290.05021252939383,290.47967248402244,37684500
2026-04-02,295.403564453125,297.71070019384774,289.0914173614996,290.3298713924274,21666500
2026-04-06,299.6183166503906,300.2475409865838,294.8142784540748,295.5034260146893,16945500
2026-04-07,305.08154296875,305.2513457589993,297.3511421656273,302.3549447988444,23205400
2026-04-08,316.9268798828125,321.68096199730417,314.6297110626625,320.0530070056894,33547100
2026-04-09,318.09539794921875,319.1441153425082,310.6746106421415,315.51860784412145,23739200
2026-04-10,316.8469543457031,321.4312640320202,315.9281112234418,319.6235089208505,19152600
2026-04-13,320.91192626953125,321.2315371363443,315.0791651091577,316.74710955552524,18866400
2026-04-14,332.49755859375,332.8770926852431,323.3489033390031,324.38762340838895,27721400
2026-04-15,336.70233154296875,337.0619013824557,330.49003638532656,332.4775916674409,24918800
2026-04-16,335.6036682128906,339.458901613874,334.105526677332,338.33029678032364,20541500
2026-04-17,341.2566833496094,341.89590508018404,335.8234205588037,337.2316773591919,25581900
2026-04-20,337.0019836425781,340.97703331198585,336.1929591105031,340.3378420577138,18784200
2026-04-21,331.8783264160156,338.9195798085849,330.9394885663705,337.2716301294484,23123800
2026-04-22,338.8996276855469,339.3990082413208,334.7547751685775,336.6024588411248,20293000
2026-04-23,338.4701538085937,341.53632713037314,335.7634893621326,340.7572947145818,18650300
2026-04-24,343.9732971191406,344.8422143498026,334.9744808477988,338.3103390739037,26426100
2026-04-27,349.90594482421875,352.7424225666816,342.3053878156813,345.55136124882,28576900
2026-04-28,349.3466491699219,351.9833930501032,345.6911799613628,348.11816206941427,27824100
2026-04-29,349.5064697265625,355.3492283904879,343.78355752060145,347.1394107424554,35376300
2026-04-30,384.3232421875,385.3619622201579,365.3667768501622,373.6065555628184,72040000
2026-05-01,385.2121887207031,386.2808704617397,378.5804000830116,381.1572209075714,30105200
2026-05-04,382.7751770019531,386.9000650646733,379.31947226185457,385.15223320621686,26298600
2026-05-05,387.9487609863281,392.33333678038815,383.5442209432822,385.7515048868787,23878600
2026-05-06,397.546875,399.3546301445318,392.2734176347804,393.7615619135972,31308500
2026-05-07,397.4969177246094,399.6043194807176,392.1934987581594,399.4245497990884,24433500
2026-05-08,400.3034362792969,401.5019617899809,395.86893456144384,396.5081562950806,21461800
2026-05-11,388.1585083007813,396.9475933307253,387.9887055115338,393.16228042470647,30753700
2026-05-12,386.8701171875,388.0386506028281,382.2957742925754,386.8601198229993,26017500
2026-05-13,402.1211853027344,403.1998643489371,384.5230197682841,385.1222825184223,28144600
2026-05-14,400.5731201171875,402.430801125594,395.349588612008,396.7878070287349,21136700
2026-05-15,396.2884216308594,399.0450119758119,392.69287563304505,395.8290000666237,20309700
2026-05-18,396.4482421875,408.10376741205215,394.04122422601415,395.1997907850553,26837200
2026-05-19,387.1797180175781,396.65795076850566,385.63162007935824,396.4681837278221,39545700
2026-05-20,388.4281921386719,393.37204141138,382.42562803382646,387.2196997137571,31744400
2026-05-21,387.1797180175781,392.0137179133836,382.5454520468608,385.2221548650084,24852800
2026-05-22,382.49554443359375,388.258385079403,381.2970189068101,386.87012298265273,20442100
2026-05-26,388.398193359375,388.7777274266938,382.12597532411496,384.0336125447445,27747400
2026-05-27,388.3482360839844,393.3919975499695,385.421873594791,386.1909390913781,23087300
2026-05-28,389.6466674804688,391.38450201712897,384.682823662297,387.5193014898567,24357500
2026-05-29,379.8687744140625,384.7626974671623,377.9910987617443,384.7626974671623,44415800
2026-06-01,375.9037170410156,378.0910063274456,373.0572417592453,376.05352511273605,28672100
2026-06-02,361.4017028808594,373.07722234401785,357.99592394061045,366.1358206463617,50412300
2026-06-03,358.54522705078125,365.9960065843375,357.6363508187865,361.5814692403301,55441600
2026-06-04,371.7289123535156,372.7875967270043,357.76622059782807,358.4553682250688,44055500
2026-06-05,368.0734252929688,371.6190149899659,363.6688852043904,365.88613605551615,37471200
2026-06-08,363.0766296386719,365.9647879200631,360.2984165590168,364.9454235864071,27942500
2026-06-09,364.0260314941406,371.84098522768176,357.0704802123837,366.8542002567408,29535100
2026-06-10,356.1510925292969,368.3232616719084,354.97185779418805,362.9567158453765,32357100
2026-06-11,357.5401611328125,358.5694982511428,346.13748714351743,355.70134679025995,35538200
2026-06-12,359.4489440917969,366.3345327833823,354.7119986974298,362.3870579560934,24704600
2026-06-15,369.1127624511719,372.7504085202595,366.3145426692825,367.6936611370599,27727500
2026-06-16,373.01025390625,375.7584875251172,366.8242274297617,369.3626044753487,24876100
2026-06-17,363.5563354492188,372.0908279957741,361.78745285393074,368.8929017493238,24543600
2026-06-18,367.7935791015625,369.2426598317581,358.4396065335441,365.5150449761754,44470100
2026-06-22,349.45538330078125,358.68946892539066,341.50050477393233,357.72009076397745,52814800
2026-06-23,345.9076538085937,349.0656275102868,339.98147051143604,340.47114598010614,34007700
2026-06-24,345.0682067871094,353.25294826847323,341.7103492701006,348.8157979233392,44997300
2026-06-25,343.4891967773437,345.34801779729577,335.6242572392167,336.51370015420923,44491400
2026-06-26,337.1732788085937,346.1374872957393,329.98789515004995,342.3299372399904,114706300
2026-06-29,353.4228210449219,354.122383587675,340.4511784786947,341.6104064955248,34213900
2026-06-30,357.14044189453125,358.3896389689017,350.1749177879227,353.64269008629407,35237200
2026-07-01,360.97796630859375,362.7368455226467,356.20103798676814,358.1397942573561,26736400
2026-07-02,359.6788024902344,363.97602803095486,353.19298133516355,359.2490860357571,25974800
2026-07-06,366.2245788574219,367.693635754559,357.15042523629825,361.3177293642356,26915800
2026-07-07,366.7942199707031,372.9202869594668,365.26520405735874,368.8329180211536,24045600
2026-07-08,361.6875305175781,367.6037106679975,357.79001132287857,364.525702555654,22094800
2026-07-09,358.65948486328125,359.41897594546776,350.8544734886641,354.0824097063769,24729100
2026-07-10,356.9505615234375,357.5901650645865,352.52341441108456,357.30034280387986,18146100
2026-07-13,352.2835693359375,357.8999543595846,351.5240477747128,355.9611981097028,15901700
2026-07-14,359.2790832519531,359.92865963343,350.86447830880365,350.9744235107016,18259400
2026-07-15,370.6817626953125,373.4099896327818,357.5302120160503,357.74006858863044,28284600
2026-07-16,354.2322998046875,375.02892981037553,352.07368364698067,372.8203579699616,41158500
2026-07-17,346.5472412109375,348.2961170979314,341.1407126662452,345.77774679993126,29959300
2026-07-20,351.7638854980469,359.4489481797366,350.2948285491913,350.6546131580819,24736600
2026-07-21,346.927001953125,351.09433677099497,346.77710440528256,351.09433677099497,23369800
2026-07-22,341.8702392578125,349.7152025525983,341.51048515922605,347.93634723653764,39334100
2026-07-23,317.4859313964844,324.2815511558238,314.69771503877246,320.92372412122546,69419700
2026-07-24,319.5346069335937,323.97175736278774,317.11617848672984,318.2154780071113,31806600
2026-07-27,326.3502197265625,330.2077559724587,324.2415898017393,324.83120713377,28471600
2026-07-28,333.4956359863281,335.66425552638333,324.2316014627561,327.68937042492354,29511900
2026-07-29,336.49371337890625,342.2800028423013,331.40698648547414,334.455045685483,27501600
2026-07-30,333.4456787109375,336.29385412629074,330.12780397797883,333.98534038388266,30168000
2026-07-31,355.9012451171875,358.3496530632621,339.78160132747564,340.611054758666,46498000
2026-08-03,373.2700805664063,376.4480305309448,363.1166033198653,365.2152604560987,38669700
2026-08-04,377.4074096679688,380.2755612380555,367.263935640354,367.9834743668337,35705700
2026-08-05,362.1971740722656,384.2330278418686,356.54080629618977,383.0937455186354,46926300
2026-08-06,357.52020263671875,363.8961093831237,356.65076635274994,360.5382517887205,25235900
2026-08-07,354.0723876953125,358.6694387836589,353.5527327193329,356.49084652154687,19859900
2026-08-10,357.29034423828125,357.38028276908574,352.4834362714388,354.951850943437,18991400
2026-08-11,343.5791320800781,356.5807842683805,343.1694223006263,355.6613923515014,29081800
2026-08-12,343.3193359375,346.25744987105145,340.661040926288,346.0875456512855,25012000
2026-08-13,346.13751220703125,347.7065110877775,343.5392066313974,345.5478948342235,17866100
2026-08-14,345.67779541015625,350.22489088982945,344.27870083870846,346.5772111705174,17808600
2026-08-17,343.7790222167969,347.0269344906474,341.7103446182459,346.04755304110785,18291300
2026-08-18,343.9789123535156,344.6484648943574,339.97147845233087,342.19005363605754,19248800
2026-08-19,344.4985656738281,346.5072842825429,340.44117610948047,342.2400076559886,19733800
2026-08-20,340.451171875,343.6790774504127,338.3525147854226,342.83962071417653,18570400
2026-08-21,344.5985107421875,345.97762917305914,340.1813365286692,342.359928876986,20849800
2026-08-24,347.83642578125,351.3741604480826,342.2699962782288,343.39927531721605,26338200
2026-08-25,346.73712158203125,349.9350782600912,345.37800981753963,349.41542326154587,20649700
2026-08-26,341.7803039550781,346.65717399060424,339.96146577825954,346.3973312516375,20420300
2026-08-27,340.4311828613281,341.4705233735174,338.3025461528343,339.4518318672432,23391400
2026-08-28,346.36737060546875,348.91575095848634,340.0514228221321,340.49114263603377,25347200
2026-08-31,339.13201904296875,344.3686432833908,336.94342338566804,343.60912172254496,33493600
2026-09-01,334.8047790527344,336.9834018439635,332.8360433203593,335.7841605001305,23342700
2026-09-02,336.9034423828125,339.78159726283246,332.6062167342666,333.84541044728496,22582300
2026-09-03,342.260009765625,344.4585782378343,339.841550898423,340.34122971001256,20726900
2026-09-04,338.4599914550781,343.5299987792969,337.0899963378906,342.4700012207031,23157700
2026-09-08,338.3599853515625,339.67999267578125,333.2200012207031,335.4200134277344,22915800
2026-09-09,330.6499938964844,331.8500061035156,327.8999938964844,331.6499938964844,33151600
2026-09-10,332.6000061035156,333.2300109863281,327.739990234375,328.2300109863281,23557600
2026-09-11,338.5,342.9800109863281,335.0299987792969,335.0299987792969,24677500
