Date,Close,High,Low,Open,Volume
2000-03-13,50.522579193115234,61.11463498440344,47.28671791260745,54.290563535202914,21611471
2000-03-14,56.73542785644531,57.52642062430738,51.3423291919012,51.3423291919012,10744802
2000-03-15,52.52162170410156,55.33322543906603,50.91088141765542,55.29727122252178,6567106
2000-03-16,50.55134582519531,52.665445418148536,50.27090536103885,52.665445418148536,4547656
2000-03-17,51.41423416137695,53.42046762781394,50.73829739391563,52.34903450306763,2333220
2000-03-20,53.147216796875,53.85910781116274,50.94683170336171,51.77377559332383,2079128
2000-03-21,50.55134582519531,52.74454101280059,50.33562357457183,51.78816365107618,2349484
2000-03-22,48.8255615234375,51.335154940158645,46.81213706721965,51.05471134711831,4847115
2000-03-23,44.71960067749024,50.1198927276356,43.98613895276158,49.61653676269208,2727184
2000-03-24,46.093048095703125,46.66831253370095,44.94970944830276,45.44587521836911,1112806
2000-03-27,44.76275253295898,46.59640868667268,44.43916760074694,45.94923574555655,831472
2000-03-28,45.99237823486328,46.6395511483545,45.01443017397544,45.841371119158936,944006
2000-03-29,45.589691162109375,47.02785068926495,45.33801162959402,46.10023737889623,1142437
2000-03-30,42.06619644165039,43.86389816984892,41.1313928967315,43.14481686323117,2122072
2000-03-31,40.87971115112305,42.70617677118686,38.47079398080892,39.65727391900998,1781006
2000-04-03,41.34711456298828,42.92190072591179,40.34040259366648,42.425734969646165,917520
2000-04-04,39.83704376220703,41.07386141194329,39.56379356587168,39.56379356587168,2027365
2000-04-05,37.075782775878906,39.90896085086991,35.594478596721814,39.54942168858827,2215672
2000-04-06,42.06619644165039,44.40320838063931,39.5494164835258,39.5494164835258,1719330
2000-04-07,42.92910003662109,44.76275634655446,41.70666557335782,44.223446029126094,1139721
2000-04-10,44.7267951965332,45.10790809003316,43.39649518368508,44.58297831369733,835942
2000-04-11,44.23062896728516,45.25891474651344,41.77856406169917,42.9147125019696,1371854
2000-04-12,45.66159439086914,47.38019736076375,44.94251619921835,46.380675659211455,1518510
2000-04-13,45.8773193359375,45.8773193359375,43.28863109749886,44.079617717473006,1594609
2000-04-14,43.14480972290039,45.999557638051904,43.14480972290039,45.48182127512122,1447106
2000-04-17,44.91374969482422,45.23014432756719,39.62131751732335,39.62131751732335,1535952
2000-04-18,46.02113723754883,47.74693046083658,45.58968970089978,47.45210649039214,1438975
2000-04-19,48.818355560302734,48.897454220875886,46.66830819228353,47.67502009595529,1114970
2000-04-20,49.50867462158203,49.53024838283696,47.322672957766805,47.45929652340948,815424
2000-04-21,49.50867462158203,49.50867462158203,49.50867462158203,49.50867462158203,0
2000-04-24,49.50867462158203,49.50867462158203,49.50867462158203,49.50867462158203,0
2000-04-25,49.11318206787109,49.42238649828552,47.02784971964864,47.56715991579898,556654
2000-04-26,52.744537353515625,53.2838506343878,49.47991521480604,49.90416945771383,1558203
2000-04-27,50.01203155517578,54.03888247052683,47.67502274762938,54.03888247052683,2171207
2000-04-28,54.65010452270508,56.30399260871798,52.564771918929154,52.85240569969383,2304513
2000-05-01,54.65010452270508,54.65010452270508,54.65010452270508,54.65010452270508,0
2000-05-02,55.225364685058594,56.368700195674826,54.82986828949636,56.26083754233967,898715
2000-05-03,54.0748405456543,55.074359271590346,53.33418851807821,54.43438275452955,745957
2000-05-04,52.42095184326172,53.57148074302617,52.13332423335831,52.74453982695961,645013
2000-05-05,52.81645202636719,52.81645202636719,51.05470433093809,52.49286401964175,745859
2000-05-08,52.81645202636719,52.81645202636719,52.81645202636719,52.81645202636719,0
2000-05-09,52.81645202636719,52.81645202636719,52.81645202636719,52.81645202636719,0
2000-05-10,49.54463195800781,54.65010041600913,49.00532173629265,54.65010041600913,1415638
2000-05-11,50.767066955566406,51.306377152577824,47.85479066102814,49.10599191797426,1176110
2000-05-12,54.36246871948242,54.90177582392312,50.98278768724448,51.77377738869448,1123242
2000-05-15,53.859107971191406,55.1174993794986,53.22631869144784,53.78719953909483,614903
2000-05-16,55.33322143554688,56.44779591439288,54.14673852881514,54.65009137063262,1316026
2000-05-17,53.57147979736328,55.78624865948691,53.57147979736328,55.78624865948691,574569
2000-05-18,53.28385925292969,54.0388918148922,52.8524085584458,53.14004235476839,689744
2000-05-19,50.62324905395508,53.42766571346086,50.04798465038571,53.35575727842824,1226783
2000-05-22,48.1999626159668,50.83898942635726,47.53121889467237,50.51540137280772,958155
2000-05-23,49.08441925048828,50.02641609752431,48.96936636487198,49.18509167916192,481318
2000-05-24,45.30205154418945,47.45929209391276,45.08632625854061,47.45929209391276,1501372
2000-05-25,48.0489387512207,48.39409737553761,47.02784641054865,47.45929392177193,794184
2000-05-26,47.62469100952149,49.05566354142639,46.02114374591943,46.66831668076283,562396
2000-05-29,48.91184616088867,50.11270980844685,48.17838432918481,48.17838432918481,275787
2000-05-30,48.71768951416016,49.9760779405976,48.46600998285767,49.904169503082606,428023
2000-05-31,49.436767578125,51.047507958582784,49.436767578125,50.33561996750166,1346163
2000-06-01,50.19180679321289,50.83897969980184,48.35815073732618,48.35815073732618,504796
2000-06-02,54.0029296875,54.90177901608514,50.47943465833352,50.69515997400597,1238376
2000-06-05,55.15346908569336,56.0882728121106,53.72968665301057,55.009652181108464,1382245
2000-06-06,54.79391860961914,55.11750659642339,51.57244073604516,54.606960353718,1095567
2000-06-07,57.88597106933594,58.23113286658436,53.57148860072992,53.92383755108454,2154328
2000-06-08,61.121826171875,61.55327683244973,57.92191889943059,58.17359845143251,3433316
2000-06-09,60.33802795410156,61.51731771780408,57.88596007361389,61.12182131040069,2470037
2000-06-12,60.61847305297852,61.33755133188974,60.25893083683099,60.4746561665195,453027
2000-06-13,58.96458435058594,60.3308386032353,58.38932296458732,59.82748565965948,1331872
2000-06-14,59.10840606689453,60.87015689687304,58.31741928897304,60.04320974141705,2624628
2000-06-15,57.16687774658203,59.24501667910811,56.66351871874413,59.18030155116783,2358092
2000-06-16,56.05231475830078,57.2387979867198,55.18941954310082,57.2387979867198,3228542
2000-06-19,59.899375915527344,60.0431927714816,57.52641625242964,57.88595223893277,4180996
2000-06-20,61.84809494018555,64.27139583587757,60.76228733929801,60.94205843967901,5071440
2000-06-21,63.27904891967773,63.45881997640847,60.40273047213213,61.48135065913449,2953637
2000-06-22,63.94062423706055,64.86104739917411,63.1280637411369,63.27906778177245,1846596
2000-06-23,64.71722412109375,65.0408120877142,62.40897929133104,63.78242059312905,2415174
2000-06-26,62.86198806762695,64.71721438780683,62.59592812131924,64.71721438780683,1812625
2000-06-27,66.51493835449219,67.30593134747359,62.09259305272598,63.63861865835036,3204263
2000-06-28,63.27904891967773,66.62277211472326,61.98470961798055,66.62277211472326,2606581
2000-06-29,60.33083724975586,62.94109642166953,59.8274843174724,62.59594082849043,1506212
2000-06-30,59.36007690429688,61.75461680438454,58.96458049682008,60.40274309789781,1393423
2000-07-03,55.52018356323242,58.209544187302754,55.08873911893792,56.807335898234015,4848073
2000-07-04,56.44780731201172,56.73543492824818,54.15393661402778,55.36918682931967,4608026
2000-07-05,54.65010452270508,57.74214920577339,54.11798448964402,57.02307090724568,3638917
2000-07-06,54.79391860961914,55.51300302473969,53.57867456280254,53.60743547805389,2268147
2000-07-07,54.79391860961914,54.79391860961914,54.79391860961914,54.79391860961914,0
2000-07-10,56.00197219848633,56.44780327886667,54.86582381237027,55.02402114368158,930002
2000-07-11,55.23255920410156,56.08826724001748,55.00964671617098,55.62086234655094,970182
2000-07-12,56.84328842163086,57.70618343790149,55.7359072019782,55.80062232834911,1630391
2000-07-13,56.84328842163086,56.84328842163086,56.84328842163086,56.84328842163086,0
2000-07-14,61.121826171875,62.488080443644485,58.82076828891078,58.96458517576902,3714079
2000-07-17,63.63860321044922,63.78242008335331,59.79152647379773,61.76899616946251,2124082
2000-07-18,61.064300537109375,63.9262391778888,61.30159346294119,63.9262391778888,1096804
2000-07-19,59.70523834228516,60.97800414627765,59.2522139561822,60.40274280070694,1039124
2000-07-20,61.035526275634766,61.26563202248045,58.92862033878568,58.92862033878568,1477189
2000-07-21,59.22345733642578,61.73304721444384,58.74886530740968,61.1218254524902,1144892
2000-07-24,58.96458435058594,60.39555374006232,58.93582343497032,58.93582343497032,1035315
2000-07-25,58.24550628662109,59.53985210144498,57.61271691375992,58.67695694269031,1003138
2000-07-26,55.685585021972656,59.89939170675527,54.8370702708553,59.89939170675527,2937368
2000-07-27,54.03888320922852,57.69180845793869,54.22584145503461,59.89938395571389,2772131
2000-07-28,51.766578674316406,54.642903442035546,51.16974365406691,54.21864618490213,1966302
2000-07-31,53.06813049316406,53.49957500651979,51.88164731301397,52.492862937511205,1279591
2000-08-01,52.42095184326172,53.28385313312276,51.9895073517148,52.98902606440013,758351
2000-08-02,51.04751586914063,52.70859118242944,50.73112115740793,52.49286583714326,1806695
2000-08-03,49.25699996948242,51.05469860973852,47.96265424100935,50.75268440131536,2299283
2000-08-04,47.45930099487305,50.32842998729647,47.207621447747066,50.32842998729647,1795112
2000-08-07,47.67501831054688,48.66015641685504,46.89121888540328,47.53120145063923,1913139
2000-08-08,48.39410781860352,49.03409053409372,47.315487269441824,47.74693795046015,1066588
2000-08-09,51.96073913574219,52.5647675639508,50.11989601346804,50.33562133116876,2743368
2000-08-10,51.62996292114258,53.03217130331507,51.52929356968678,52.38499536382776,1104757
2000-08-11,51.19132232666016,51.26323076042475,49.56620156899313,51.19851255469831,1000289
2000-08-14,51.45738983154297,51.77378452505737,49.90417420364072,51.77378452505737,573232
2000-08-15,52.924312591552734,53.74406638131863,51.56525163206575,52.12613256538779,1563027
2000-08-16,53.29823684692383,53.82316357428671,52.92431416248222,53.29104354104872,816126
2000-08-17,53.57147979736328,53.78720511602048,52.70858467611797,53.42047576633333,887483
2000-08-18,54.34089660644531,54.86582327060636,53.5714775659598,54.29056193153191,1962673
2000-08-21,53.49956130981445,54.290553996330914,53.22631421354191,54.07482871819006,849396
2000-08-22,54.24742126464844,54.43438568468116,52.81645181103434,53.78720967386882,592190
2000-08-23,52.9962158203125,54.290561515029175,51.19132392198635,53.93101933500143,1226817
2000-08-24,55.13907241821289,55.38355862278857,53.35575440164483,53.57147354172863,1369538
2000-08-25,55.225364685058594,55.65680914501606,54.65009720060444,55.51299842728567,913411
2000-08-28,55.707157135009766,56.07388651147064,55.18941756311068,55.36918867511619,854552
2000-08-29,55.0096435546875,56.052309796036106,54.29056529791096,56.052309796036106,1128627
2000-08-30,53.64338684082031,55.2181730112964,53.571478403139366,54.65009881497025,1770749
2000-08-31,53.83753967285156,54.362472511089,52.277140075491374,54.18270141260929,1299124
2000-09-01,53.61461639404297,54.398415764046895,53.28384133155476,54.21864470180909,1702635
2000-09-04,53.93101119995117,54.24021250542799,52.81643676337277,53.35574995206341,640895
2000-09-05,53.35575485229492,54.11078723242228,52.88835004583623,53.92382284848568,809804
2000-09-06,50.4362907409668,52.8524013798029,49.94012497105543,52.78049294048917,2643749
2000-09-07,50.9756088256836,51.34234130743944,48.8974663002464,49.86822422740566,2186388
2000-09-08,49.54463195800781,51.98950660401884,49.04127595618644,50.98279152368434,1245727
2000-09-11,49.00531768798828,49.68844473284585,48.30781018703786,49.16351501177567,1084855
2000-09-12,48.2718620300293,48.609830480862485,47.82603399157631,48.36534115975096,1247161
2000-09-13,48.2718620300293,48.2718620300293,48.2718620300293,48.2718620300293,0
2000-09-14,45.44587326049805,46.66111721818848,45.2301479517832,46.560447868808176,2739704
2000-09-15,43.8639030456543,46.74022243846662,43.8639030456543,45.23015429573634,4138453
2000-09-18,43.32458114624024,44.26657477152477,42.79246124762079,43.72007441817716,2355882
2000-09-19,43.8639030456543,43.971762638448425,43.03695898961902,43.03695898961902,1750212
2000-09-20,43.28863525390625,45.5393552996016,43.28144502516002,45.409921952094,2082156
2000-09-21,42.10214614868164,43.99332679801543,41.59879021100194,43.856703241182096,2071920
2000-09-22,40.12467956542969,40.23254222757301,37.91710395100702,37.91710395100702,5987087
2000-09-25,39.9952392578125,41.52688079434759,39.54941130589481,41.20329286422102,2296786
2000-09-26,39.549415588378906,39.93771868522394,38.73685517633714,39.76513782179747,1610521
2000-09-27,40.59208679199219,40.628037938102565,38.90943777957818,39.29774092449034,1771056
2000-09-28,39.58537292480469,41.49093434077607,38.83033735663776,40.628036109057895,2010546
2000-09-29,39.46312713623047,40.99476897515162,39.06044354682448,39.38402846414387,1350805
2000-10-02,40.23253631591797,40.54893402705284,39.18987022178922,39.33368708351495,1245818
2000-10-03,40.23253631591797,40.23253631591797,40.23253631591797,40.23253631591797,0
2000-10-04,39.60694122314453,40.48421985975831,38.305405263499296,40.26849454566434,1728214
2000-10-05,40.57050323486328,41.88641947239995,40.103101527944126,40.41230592339472,1945666
2000-10-06,38.34854888916016,40.41231055568043,37.931484880222975,40.41231055568043,2430827
2000-10-09,38.10406494140625,38.25507205171328,36.31355645732552,38.12563870431803,1818642
2000-10-10,35.96120071411133,38.65056134950137,35.64480606916931,38.104060948839454,2336823
2000-10-11,34.523048400878906,35.9180636789457,33.19274826473286,34.947305783213245,3547754
2000-10-12,34.3504753112793,36.52928743506817,34.08441524745711,35.58729340434863,2374832
2000-10-13,34.3504753112793,34.3504753112793,34.3504753112793,34.3504753112793,0
2000-10-16,34.3504753112793,34.3504753112793,34.3504753112793,34.3504753112793,0
2000-10-17,34.3504753112793,34.3504753112793,34.3504753112793,34.3504753112793,0
2000-10-18,34.3504753112793,34.3504753112793,34.3504753112793,34.3504753112793,0
2000-10-19,34.3504753112793,34.3504753112793,34.3504753112793,34.3504753112793,0
2000-10-20,34.3504753112793,34.3504753112793,34.3504753112793,34.3504753112793,0
2000-10-23,35.14863967895508,35.73828758981141,33.8039593865919,35.73828758981141,869202
2000-10-24,35.14863967895508,35.14863967895508,35.14863967895508,35.14863967895508,0
2000-10-25,35.45065689086914,35.91086843295622,33.97654314117408,35.23493465344813,1887880
2000-10-26,34.336082458496094,36.20569262849615,34.08440600056229,35.091117985680896,1792792
2000-10-27,34.72438049316406,36.40702909273488,34.13473569124499,35.59446877947244,1938704
2000-10-30,34.45832824707031,35.23493445070062,34.0556416117154,35.09111757545303,618287
2000-10-31,34.45832824707031,34.45832824707031,34.45832824707031,34.45832824707031,0
2000-11-01,35.23493957519531,36.6299548532483,34.15631900734946,35.84615830720025,1849535
2000-11-02,36.601192474365234,36.96073165395431,35.01921577680419,35.23494113057298,1971882
2000-11-03,38.11125564575195,38.62899519517764,37.068589394762704,37.248360498964935,2637094
2000-11-06,39.2114486694336,39.69323090644367,38.50675088543749,38.60742023932736,1804121
2000-11-07,36.99667739868164,39.53503099336615,35.77424323762553,39.53503099336615,5692009
2000-11-08,34.69562530517578,36.99667999597677,34.587762645444855,36.673095093475744,2592871
2000-11-09,33.803955078125,34.94729346147547,33.07768677728032,34.51584600179128,2398640
2000-11-10,31.423809051513672,34.15631432019711,31.00674195588598,34.15631432019711,2241627
2000-11-13,31.52447891235352,31.812112669851945,29.97845669587468,31.136175801084025,1785514
2000-11-14,31.52447891235352,31.52447891235352,31.52447891235352,31.52447891235352,0
2000-11-15,34.7315788269043,34.84662863627442,32.739725544665816,34.443945073403896,1368316
2000-11-16,33.12803649902344,34.83225643151455,32.14289496725944,34.372044778236834,1825733
2000-11-17,31.7905387878418,33.063310775927,31.639531681061204,32.64624367513735,1562467
2000-11-20,32.495235443115234,32.85477762618633,30.747871509479538,32.07098120513626,1289464
2000-11-21,32.9554557800293,33.41566431629385,31.74739875767185,32.35861749842324,1429882
2000-11-22,31.35908508300781,32.94825143029544,30.63281368244612,32.94825143029544,1693779
2000-11-23,33.04172897338867,33.25745114143043,31.07145009625689,31.359080679209463,1270166
2000-11-24,35.45065689086914,36.421417727684606,33.221507618471314,33.29341605650888,3194924
2000-11-27,36.81691360473633,38.36293589931959,36.03311403730926,36.67309671872154,3149279
2000-11-28,34.465518951416016,36.38546072503974,34.228219873304056,36.3135553631147,2134068
2000-11-29,34.01249694824219,34.87539204085846,32.646242795459514,33.65295783910069,2021540
2000-11-30,31.35908508300781,32.95544473414924,31.27998643083612,32.64623727593403,2297594
2000-12-01,32.46646881103516,33.45880013881116,31.7833418602207,32.17883511524335,1397876
2000-12-04,32.14288330078125,32.61028501461497,31.27998830242535,32.35860858871588,885144
2000-12-05,35.4434700012207,35.88210782254004,32.473668459983806,32.86197160061193,2121587
2000-12-06,36.22726058959961,37.75171198634118,35.81019660057736,36.60118321081763,2776698
2000-12-07,35.529754638671875,36.50770567866567,34.45832755435296,35.1270710881038,1645796
2000-12-08,37.23397445678711,37.39217486384488,35.450656299303766,35.450656299303766,1314888
2000-12-11,37.349029541015625,38.32697749034689,36.55084960287013,37.49284333462593,1812644
2000-12-12,37.96744155883789,38.19035712912888,36.88882100756366,37.89553618855273,1503191
2000-12-13,36.536468505859375,38.47079692565264,36.31355603405888,37.96743784603511,1952089
2000-12-14,33.91183090209961,36.31356146397325,33.221513467432096,35.95401921048461,2738023
2000-12-15,30.95640182495117,33.79676953274986,30.95640182495117,33.02016338240393,4037207
2000-12-18,31.172128677368164,32.50242859508393,30.9204522270951,31.42380820433284,1458306
2000-12-19,31.999073028564453,32.57433744946151,30.79820643471634,31.4238086076674,1517329
2000-12-20,29.626108169555664,31.27999306548732,29.302523265072164,30.88449972074265,1857468
2000-12-21,28.76321029663086,30.129461301217184,27.64863573226425,29.37442582717508,1873716
2000-12-22,28.806358337402344,29.1946614649006,28.044132540205062,28.763213887312745,866974
2000-12-25,28.806358337402344,28.806358337402344,28.806358337402344,28.806358337402344,0
2000-12-26,28.806358337402344,28.806358337402344,28.806358337402344,28.806358337402344,0
2000-12-27,27.842792510986328,29.30252598435312,27.432915594137683,28.813550391215163,1132463
2000-12-28,27.950653076171875,28.72725932186172,26.97270196355428,28.04413220413046,1748357
2000-12-29,28.461200714111328,28.76321495261609,27.325052205135496,28.0441335788758,750486
2001-01-01,28.461200714111328,28.461200714111328,28.461200714111328,28.461200714111328,0
2001-01-02,27.217187881469727,28.770403431171623,26.332718983963016,28.69130476177544,2166839
2001-01-03,28.058513641357425,28.97893680221821,24.700408996043592,26.60597353272943,2408770
2001-01-04,28.20951271057129,30.63281304555061,27.33223425106863,30.560904622036663,4185165
2001-01-05,28.20951271057129,28.20951271057129,28.20951271057129,28.20951271057129,0
2001-01-08,28.02975273132324,28.209520764743075,27.18123801430279,27.79245363529893,870969
2001-01-09,28.83511543273925,29.04364740440972,27.166847352611025,28.403664881656425,2141964
2001-01-10,28.116043090820312,28.727261820189288,27.504824361451337,28.410867111346647,1530389
2001-01-11,29.3960075378418,29.54701467348917,27.3969636246931,27.893129488006988,1542485
2001-01-12,30.92045783996582,31.63953617987031,29.25938250588357,29.44634078210807,4193441
2001-01-15,31.04988479614257,32.21479405085064,30.23732440909128,30.848543025580355,1882236
2001-01-16,30.884502410888672,31.63953494601336,30.640013077366465,31.06427045050824,1543286
2001-01-17,32.7181510925293,33.00578483996419,30.949213391217945,31.244037367000377,3380221
2001-01-18,33.408470153808594,33.58105102669687,32.365803917828096,33.07769501886807,1840394
2001-01-19,34.508663177490234,36.66590401536319,34.156314291885764,35.30684007228521,6006708
2001-01-22,33.926204681396484,35.306836076982655,32.75410219481676,34.911342788577535,2235138
2001-01-23,33.947784423828125,34.11317508768181,32.790065160313134,33.61700924950508,1445006
2001-01-24,34.08441162109375,35.09112377221954,34.01250317077159,34.515859246334486,1886629
2001-01-25,32.99140548706055,34.01250111247355,32.55276765867061,34.01250111247355,2050901
2001-01-26,32.28670120239258,32.54557094093839,31.747391041825463,32.46647228147876,1493381
2001-01-29,32.46646881103516,32.68219100618793,31.71143343627275,32.68219100618793,1080729
2001-01-30,32.96983337402344,33.58105206165858,32.214797800664286,32.57434001497431,1670061
2001-01-31,34.44395065307617,35.163032076621484,32.35861790915617,32.35861790915617,3927182
2001-02-01,34.15631484985352,34.6596708484671,33.29341665459326,34.37203709114977,1898014
2001-02-02,32.41613006591797,34.26416604348753,32.301080283188,33.796764378969456,2291456
2001-02-05,31.82649803161621,32.214801202724466,31.35190595063772,32.07098737850482,1546845
2001-02-06,31.100221633911133,31.6395318534396,30.668774073626704,31.6395318534396,2048438
2001-02-07,29.48229217529297,30.84854642794233,29.30252414592785,30.826972664538744,2758127
2001-02-08,29.75553703308105,30.4530444911604,29.302518850393625,29.55419527669872,1281144
2001-02-09,28.86388397216797,29.518247122274083,28.69130616746356,29.48229290017868,1166301
2001-02-12,29.3960075378418,30.057560996696207,28.87107767804929,29.12275726302568,1072398
2001-02-13,29.70520782470703,30.453050090206133,29.338478459229897,29.69801759578056,1414748
2001-02-14,28.72726058959961,29.33847929278581,27.6702107600026,29.33847929278581,2816960
2001-02-15,28.72726058959961,28.72726058959961,28.72726058959961,28.72726058959961,0
2001-02-16,29.547008514404297,30.42428714894084,29.309712515477816,30.122272940601075,2179673
2001-02-19,29.086793899536133,29.7699209103312,28.734445052606745,29.733966695200337,505919
2001-02-20,29.302520751953125,30.52495490147616,29.014887015577223,29.014887015577223,2529462
2001-02-21,28.173561096191406,28.763208992690164,27.2243772023587,28.53310324690805,3209449
2001-02-22,28.044130325317383,28.97893384904353,27.396957471702503,27.504820126753582,2844400
2001-02-23,26.419004440307617,28.33175556802368,26.2464236099482,28.33175556802368,1769005
2001-02-26,27.145278930664062,27.655825099914285,26.721021648136706,27.145278930664062,1473625
2001-02-27,27.16685485839844,27.50482331944573,26.80012548068565,27.051801961660548,1157046
2001-02-28,25.908462524414062,26.872033200701345,25.45544425554371,26.60597319188027,1967838
2001-03-01,25.2253360748291,25.707119828913864,24.2330045768074,25.455441840263365,2668097
2001-03-02,26.318340301513672,26.60597408358386,24.808272175721218,25.14623910063088,1874975
2001-03-05,27.842792510986328,27.993796557517868,25.965991891415875,26.498111937375995,2687824
2001-03-06,29.410377502441406,29.618912556628867,27.972218188727364,28.04412661591675,2762152
2001-03-07,29.48229217529297,30.08632063029095,28.25985788418107,28.97893615502528,2677033
2001-03-08,28.90702438354492,29.76992251655152,28.64815771266531,29.590151431197743,1572113
2001-03-09,27.39695930480957,27.900315318702123,27.32505086329752,27.82840687719007,2170429
2001-03-12,26.426198959350582,27.25314288061337,25.915652765686893,26.97269937031664,2553805
2001-03-13,27.519207000732425,27.63425991094491,25.54892706710324,25.62083552057258,3415570
2001-03-14,28.0800838470459,28.691302467147064,26.620350617633093,28.187946499421084,4464558
2001-03-15,28.76321029663086,29.66205956078788,28.0225552785928,28.274234795504,2918610
2001-03-16,28.40366744995117,28.676917644329905,27.73492395800998,28.31737856260871,13224149
2001-03-19,28.05131721496582,28.60501088098381,26.965506718740247,27.83559500723065,1474486
2001-03-20,29.058040618896484,29.662069194303903,28.44682181315183,28.569064958962265,2412349
2001-03-21,27.540775299072266,28.619395733561543,27.04460953000419,27.76369084522761,2373536
2001-03-22,28.30299949645996,29.08679590223471,27.900312874606573,27.900312874606573,4951125
2001-03-23,31.100221633911133,31.855257171927686,30.093509634350223,30.345189172586323,4537934
2001-03-26,32.21479797363281,33.00578777266997,31.81930461246019,31.81930461246019,4046163
2001-03-27,33.14960479736328,33.185559022474216,31.064272047698,31.56762812255885,4159009
2001-03-28,31.76177978515625,32.77568524373347,31.431004605357387,32.394572302640874,2326070
2001-03-29,31.898393630981445,32.070974457885484,30.057547886356875,30.424280220596103,3162914
2001-03-30,30.5609130859375,33.25746433106998,30.20137394548381,31.02831489153488,3254362
2001-04-02,28.71287727355957,31.639534380682488,28.55467992470881,31.2799952311755,2542068
2001-04-03,27.50482177734375,28.403671136660325,27.1668533352452,28.403671136660325,2873494
2001-04-04,28.89264297485352,29.47509758016741,27.1093249430264,27.1093249430264,3101897
2001-04-05,30.05036354064941,30.762251514637097,28.583440069985485,29.05084182442637,3350819
2001-04-06,29.949687957763672,31.351896149935165,29.3744236106379,30.388328753085904,3661972
2001-04-09,29.606369018554688,30.497555819714663,28.897803360184938,29.131557172768908,1825517
2001-04-10,31.41795921325684,31.55674876631405,29.07311712171543,29.37991935806193,2230666
2001-04-11,33.52904510498047,34.47136440568492,31.081934735587208,31.55674649558853,6243863
2001-04-12,34.37640380859375,34.55172071760523,32.98118838391434,33.59478975178307,2109272
2001-04-13,34.37640380859375,34.37640380859375,34.37640380859375,34.37640380859375,0
2001-04-16,34.37640380859375,34.37640380859375,34.37640380859375,34.37640380859375,0
2001-04-17,33.82123947143555,33.850459477307226,32.250707131026,32.871615847089046,3566699
2001-04-18,36.34139633178711,36.45096587751278,35.099578975857725,35.39907385989278,7031737
2001-04-19,35.53786849975586,36.52401634408156,34.69781755843206,36.52401634408156,2755811
2001-04-20,34.40561294555664,35.57438155152218,33.91619284988409,35.4428962554014,3595229
2001-04-23,32.1411247253418,33.98924187398206,32.00233520902712,33.74818080533551,2066234
2001-04-24,32.79856872558594,33.857765070815056,31.57866702974663,32.86431296009692,5010966
2001-04-25,33.09807205200195,33.34643433798245,31.673633204722883,32.506383223305434,1637930
2001-04-26,34.06959915161133,34.624763543249664,33.28798209633274,33.580175855385384,2757391
2001-04-27,34.30336380004883,34.93888423548394,33.01772073638267,33.419484193778345,3267771
2001-04-30,35.793540954589844,36.08573165859092,34.18648426891184,34.697820345015344,2161757
2001-05-01,35.793540954589844,35.793540954589844,35.793540954589844,35.793540954589844,0
2001-05-02,34.36178970336914,36.049198656382046,34.14995172893489,36.049198656382046,2878057
2001-05-03,32.871612548828125,34.62476584319261,32.57942189583485,34.62476584319261,2333700
2001-05-04,33.46330261230469,33.60209528802672,32.177656808830505,32.50637482347659,2169176
2001-05-07,33.46330261230469,33.46330261230469,33.46330261230469,33.46330261230469,0
2001-05-08,34.500587463378906,35.26028572155879,33.75549764508899,33.777410304923926,2012416
2001-05-09,33.46330261230469,33.967334401053954,33.24416039467571,33.784713281806134,1680760
2001-05-10,33.46330261230469,33.46330261230469,33.46330261230469,33.46330261230469,0
2001-05-11,33.85776138305664,34.62476695058073,33.404865387612055,33.784712936104974,1361434
2001-05-14,32.250709533691406,33.47791861704257,32.16305263501456,33.45600282963894,2291204
2001-05-15,32.57942199707031,32.79125998673857,31.96581756076899,32.5502019940397,1887157
2001-05-16,32.871612548828125,32.871612548828125,31.43256569102884,32.52098188995523,3499917
2001-05-17,33.23685073852539,34.259522684268546,32.75473476779543,33.8942835966369,4382571
2001-05-18,32.9811897277832,33.52905001188103,32.57942635290311,32.68899590934772,2278441
2001-05-21,33.952728271484375,34.223003170702015,32.57942548753367,33.52174490111471,2474863
2001-05-22,33.52904510498047,35.46481636694496,33.38294821714368,34.478668624983115,6861928
2001-05-23,32.024261474609375,33.01771679208885,31.6005822767551,32.70361028556276,4138151
2001-05-24,31.44717597961425,31.88546667308861,30.906623083505785,31.80511400437868,1995476
2001-05-25,31.520225524902344,32.06808578533318,31.04541371592476,31.84894355644199,1820823
2001-05-28,31.55674934387207,31.892771591132103,31.257254447336408,31.55674934387207,945407
2001-05-29,29.949695587158203,31.77589764294341,29.58445642618869,31.629800728368075,3082834
2001-05-30,29.065807342529297,29.62097169950988,28.88318625452205,29.489483265957507,3740462
2001-05-31,29.876644134521484,30.03004525435225,28.707878311502483,29.29226278574624,2178124
2001-06-01,29.50409889221192,29.905862215699383,28.8904944523632,29.547927334277063,2225321
2001-06-04,29.36530876159668,30.02274170038705,29.073118080727948,29.2192149838966,479378
2001-06-05,29.4383544921875,29.75246092968604,28.138100300387546,29.372613392212934,4858803
2001-06-06,28.70787811279297,30.08848505624512,28.10157785756928,29.87664392772204,3331230
2001-06-07,29.03658866882324,29.175378201669947,27.758247245354266,28.488728505260543,4132693
2001-06-08,30.154226303100582,30.804351813129,29.80359565566448,30.02273785689444,5668030
2001-06-11,29.869346618652344,30.570608145139683,29.6136801118636,29.98622353973357,1537858
2001-06-12,28.67865943908692,29.803599987119235,27.794776910175383,29.76707576069469,4180073
2001-06-13,28.56178474426269,29.07312082820689,28.41568782728753,28.853975452744145,1875265
2001-06-14,27.882429122924805,28.34263242334085,27.254216284439966,28.34263242334085,2612986
2001-06-15,27.882429122924805,27.882429122924805,27.882429122924805,27.882429122924805,0
2001-06-18,26.516435623168945,27.31996227058529,26.333814509906908,26.57487250413181,2074470
2001-06-19,25.5302848815918,27.13733964988944,25.471846441140933,26.67713947078175,3265211
2001-06-20,21.87788391113281,23.192748086569136,21.30080370517714,22.644887883242824,12163073
2001-06-21,21.680652618408203,22.12624590214509,20.78946605093443,22.12624590214509,4470749
2001-06-22,21.87788391113281,22.367305671934528,21.14740416094244,21.49803481609001,3334121
2001-06-25,21.4907283782959,22.097027005646165,21.424985718487104,21.622215260647568,2306097
2001-06-26,20.00785446166992,21.403072912573062,19.06553512848456,21.403072912573062,6928957
2001-06-27,20.51188468933105,20.818686890956897,18.875608364305304,19.86906184735665,4941240
2001-06-28,20.86251449584961,21.176620903907487,19.613393082323064,20.453445430957068,3950356
2001-06-29,20.234304428100582,21.110881114790324,19.97863642315785,20.89173733380144,4214344
2001-07-02,20.818687438964844,20.89173588179557,19.35772639602086,19.649918604609656,2296540
2001-07-03,21.27158737182617,21.395770051197683,20.307353756048503,20.73833711700629,4218603
2001-07-04,20.088211059570312,21.183930071671888,19.905589921941417,21.183930071671888,2173646
2001-07-05,19.57687187194824,19.722968770372223,18.99979318628253,19.365032306874014,3683081
2001-07-06,19.46729850769043,20.16125400668218,18.86830410640224,18.99979098721849,2570780
2001-07-09,18.963266372680664,19.56956498034879,18.30583510773252,19.56956498034879,2770734
2001-07-10,17.750673294067383,19.05092925205656,17.67762483780482,18.846393887068263,5291827
2001-07-11,18.093997955322266,18.554201347621408,17.63379612575749,17.750673028938124,6606709
2001-07-12,18.992488861083984,19.21163108203567,18.48115128217121,19.06553574715647,6477018
2001-07-13,18.992488861083984,18.992488861083984,18.992488861083984,18.992488861083984,0
2001-07-16,18.875606536865234,20.015156791406888,18.67107279740596,19.75948883571584,5494457
2001-07-17,18.992488861083984,18.992488861083984,18.07938793920274,18.62724817978464,5320938
2001-07-18,18.839086532592773,19.197021408360683,18.48845587614229,18.839086532592773,3849358
2001-07-19,19.430776596069336,19.649920381645625,18.60533411818257,19.09475591648779,5433989
2001-07-20,19.942113876342773,20.15395345545036,19.102061342958173,19.218938244346194,4305002
2001-07-23,20.30735206604004,20.67259116554237,19.357726969318847,19.540346519070013,4046384
2001-07-24,19.9786319732666,20.5484063020241,19.86905932581045,20.161251489626327,2495667
2001-07-25,19.78140640258789,20.453447732007373,19.584176848024907,20.02976861930621,2497336
2001-07-26,20.329265594482425,20.343875595530392,19.74488117990456,20.11742604885618,1743579
2001-07-27,21.037830352783203,21.461509428763343,20.53379861803684,20.53379861803684,2993487
2001-07-30,21.344635009765625,22.133553250553664,20.782164770850272,20.782164770850272,2561752
2001-07-31,21.512645721435547,21.69526685197413,20.789470107611933,21.58569417365098,2731962
2001-08-01,22.060508728027344,22.381921020061792,21.6587453164024,21.914413368182228,6023931
2001-08-02,21.69526481628418,22.915166352692616,21.62952059036542,22.41844036225146,6670288
2001-08-03,20.74563980102539,21.98745712639145,20.599544472429823,21.914408680726588,4826700
2001-08-06,20.621458053588867,20.70181071623278,20.161254735463768,20.563019611417463,2264291
2001-08-07,19.9275016784668,20.31465656702092,19.68644368192593,20.20508389801098,3708805
2001-08-08,19.065534591674805,19.87636701099182,18.88291504346005,19.86906279164752,3785248
2001-08-09,18.47384452819824,18.81717094030594,18.196262336091685,18.66376984394863,3700089
2001-08-10,17.82372283935547,18.99249196003045,16.947145998849237,18.73682234749012,6985605
2001-08-13,18.25470352172852,18.919440664157307,17.12245880108745,17.89676861818509,6294300
2001-08-14,18.912134170532227,19.043621062644707,18.576113502008504,18.912134170532227,2673525
2001-08-15,18.532283782958984,19.138582413574422,18.269310016839423,18.70029332428652,2120336
2001-08-16,17.714149475097656,18.123218651788545,17.312386081842405,18.123218651788545,3097365
2001-08-17,16.728002548217773,17.940600146969246,16.070569512659688,17.823723232324898,4621424
2001-08-20,16.552684783935547,17.12245926979511,16.384673657391055,16.728000130564205,2119271
2001-08-21,17.465784072875977,17.641099402740842,16.654950086225668,16.939836520547235,2261906
2001-08-22,17.750673294067383,18.45193472362545,16.983669191513645,17.21011878083383,3085745
2001-08-23,18.18895530700684,18.46653904280816,17.89676469737138,18.10129843666298,2204292
2001-08-24,19.5549545288086,19.679137185196577,18.20356624773623,18.44462421638245,3559068
2001-08-27,19.90558815002441,20.59223950327673,19.394252135649342,20.38039994012495,2862349
2001-08-28,19.12397003173828,20.029764973971723,18.74412099353087,19.693744370416344,3840782
2001-08-29,19.065534591674805,19.525737915985047,18.08669106283164,18.992487710029383,4284815
2001-08-30,18.262008666992188,19.138585420558428,18.11591176003065,18.751430492391545,3458810
2001-08-31,18.80256462097168,18.97057575052449,17.757976742580055,17.969816318891226,3096769
2001-09-03,18.517677307128903,18.79526112703826,17.94059856855298,18.45923885494816,1929626
2001-09-04,19.12397003173828,19.386943765118243,18.269307742354247,19.357723766860964,5777524
2001-09-05,17.568050384521484,18.76603765146173,17.495001942111905,18.488455445586247,4057739
2001-09-06,15.946381568908691,17.882154055243557,15.887943136535558,17.838324058913315,5867209
2001-09-07,16.267799377441406,16.947146650289326,15.92447441175494,16.47233476278901,5841358
2001-09-10,17.071325302124023,17.48770023344484,15.595755617480064,16.107091662284745,3215828
2001-09-11,15.544622421264648,17.896770571557816,14.609608725520731,17.25394758135396,4529087
2001-09-12,16.03404426574707,16.435809220410956,14.974847879907395,15.340088605716891,2783911
2001-09-13,15.873337745666504,16.070567316838325,15.193992139512146,15.887947748684422,2578374
2001-09-14,14.75570011138916,16.36275637349285,14.689957454726972,15.99751574565692,3586000
2001-09-17,13.733030319213867,14.901797693281042,13.572323418352996,14.609607021814924,7462863
2001-09-18,12.673833847045898,13.879126281508976,12.19902124969351,13.879126281508976,4946993
2001-09-19,11.212873458862305,12.914892724121817,11.212873458862305,12.564262025144677,6540664
2001-09-20,10.153675079345703,11.841084909943296,10.014883973852628,11.680378802503636,5372424
2001-09-21,10.482392311096191,10.482392311096191,8.64888701621508,9.93453206671984,11343737
2001-09-24,10.482392311096191,10.482392311096191,10.482392311096191,10.482392311096191,0
2001-09-25,9.693472862243652,9.934530839926571,9.006820805239848,9.934530839926571,6804364
2001-09-26,8.919164657592773,10.007580195231556,8.838811984744591,10.007580195231556,7754213
2001-09-27,8.970297813415527,9.167526580476943,8.415131827361847,8.765762482953395,5246045
2001-09-28,9.861483573913574,10.058713120373117,9.21135571115269,9.401280257018568,4429956
2001-10-01,9.386672973632812,10.00758096210997,9.160224159450149,9.93453328520504,3236521
2001-10-02,9.240575790405272,9.415891132733794,8.597752868534029,9.24788079167741,4329995
2001-10-03,9.240575790405272,9.240575790405272,9.240575790405272,9.240575790405272,0
2001-10-04,10.77458381652832,10.789194600375716,9.941836334799474,10.789194600375716,6264764
2001-10-05,9.824958801269531,10.686925381965962,9.649643485056664,10.336294749540224,4975198
2001-10-08,10.014883041381836,10.044103041256651,9.094478049068703,9.496242108209612,3409219
2001-10-09,10.759974479675291,11.01564248802582,9.941836227859913,10.117152348901753,6089948
2001-10-10,11.40279769897461,11.490455371173216,10.445869087515389,10.5992694278376,5194048
2001-10-11,12.052927017211914,12.184413149961737,11.56350515310704,11.687686283657644,5559686
2001-10-12,11.154434204101562,12.535041114303567,11.139824202014896,12.199020442715458,3974199
2001-10-15,11.41740894317627,11.505065843539215,10.891462852795271,11.044863991164869,2827296
2001-10-16,11.41740894317627,11.41740894317627,11.41740894317627,11.41740894317627,0
2001-10-17,12.746882438659668,13.389704608566907,12.600785532002869,12.710357430628305,6992005
2001-10-18,12.067532539367676,12.49121081648021,11.600025043868612,12.052923320816824,4543414
2001-10-19,11.687684059143066,12.418164605852162,11.614635613788618,12.162496609845748,3557727
2001-10-22,12.16980266571045,12.199021891987996,11.67307660035939,11.97257386504602,2775826
2001-10-23,13.14864730834961,13.170561533002063,12.37433741120234,12.461995872546565,5275154
2001-10-24,13.309351921081545,14.01791754196995,12.79801587378611,12.819930097214849,3472362
2001-10-25,12.798015594482422,13.9156503413628,12.476604126195804,13.506581199907105,4095182
2001-10-26,13.331265449523926,13.659981909286987,12.995244769910174,13.294741224802005,3825490
2001-10-29,12.41816520690918,13.32396112867028,12.41816520690918,13.294741124020549,3094040
2001-10-30,11.432016372680664,12.125973496869848,11.21287259341773,12.125973496869848,6827882
2001-10-31,12.235543251037598,12.308591690285768,11.24939479075637,11.47584432733209,4817238
2001-11-01,13.046379089355469,13.046379089355469,12.031010479379631,12.272069270335558,2811242
2001-11-02,12.966026306152344,13.470057355106745,12.936807080936124,13.331266230671496,4347515
2001-11-05,14.353939056396484,14.463510167849854,13.14864589126973,13.14864589126973,4227876
2001-11-06,14.120184898376465,15.36200069296334,14.025222229115348,14.646129345041686,6934329
2001-11-07,14.806832313537598,14.806832313537598,13.886425869246423,14.609602807684857,5661899
2001-11-08,15.778374671936035,16.158225364409372,14.441596153790424,14.463510376397076,10755688
2001-11-09,15.004063606262209,15.325475824292772,14.763005614789886,15.267037381263046,5713025
2001-11-12,14.71917724609375,15.172074791133443,14.178622817442438,14.982149459662748,5588576
2001-11-13,16.180139541625977,16.465025997447523,14.4269861106693,14.536558786129438,14115260
2001-11-14,16.0705623626709,17.882153733659234,15.9244670657323,16.435802949118134,15129010
2001-11-15,17.1297607421875,17.21741918280816,16.36275680974341,16.837568544675364,8248033
2001-11-16,16.910619735717773,17.239336206735523,16.545380601461872,17.166287754790623,4877086
2001-11-19,16.684167861938477,17.056714290454412,16.18013767604591,16.87409318574384,4515163
2001-11-20,15.41313362121582,16.72069366618101,15.208599839853354,16.67686522199394,7882840
2001-11-21,14.7410888671875,15.23051054832666,14.521945134073553,15.23051054832666,6742169
2001-11-22,16.435806274414062,16.435806274414062,14.909102533263622,14.967540976409106,5858849
2001-11-23,16.69147300720215,17.23202895615565,16.14361283943242,16.720691445201084,5257395
2001-11-26,17.421955108642578,17.421955108642578,16.742607969509915,17.02019020102048,4730754
2001-11-27,17.502307891845703,17.838328572326954,16.691475414222126,17.31238411062932,6456648
2001-11-28,15.705328941345217,17.385432487766007,15.705328941345217,16.93983909464088,7264769
2001-11-29,15.37661361694336,15.551928986723947,14.901800180411875,15.340089386230591,6865432
2001-11-30,16.019432067871094,16.1947489674571,15.537316063579295,15.814898289577764,5547035
2001-12-03,16.355451583862305,16.49424424978909,15.814897172147107,16.28971048594747,5231737
2001-12-04,17.568050384521484,17.823718370220913,16.47232999931419,16.5161584396663,7814454
2001-12-05,20.62876892089844,20.62876892089844,18.66377703701653,18.9924935755084,15382654
2001-12-06,19.942113876342773,21.03783443617188,19.218938244346194,20.818690636752923,11283646
2001-12-07,19.949413299560547,20.57032188422072,19.33581049618932,20.45344501093725,6692016
2001-12-10,18.882917404174805,19.35772922653393,18.627249379617247,18.904831627681528,6913381
2001-12-11,19.065534591674805,19.20432569835548,18.006338399107776,18.72220971601233,7195640
2001-12-12,16.54537582397461,19.71565959524404,16.30431631470938,19.28467479085684,20613510
2001-12-13,16.728002548217773,17.8894659107869,16.012131055337516,17.60457784531586,20665159
2001-12-14,16.69147300720215,16.947140981312423,16.25318393534595,16.47232925264106,5702857
2001-12-17,17.838329315185547,17.838329315185547,16.74991455891392,16.837571451935823,5839318
2001-12-18,17.838329315185547,17.838329315185547,17.838329315185547,17.838329315185547,0
2001-12-19,17.093236923217773,17.882156656378097,16.969055822386704,17.531526011136638,6058306
2001-12-20,16.216665267944336,17.17359317951427,16.070568353806728,16.947145150429147,5371769
2001-12-21,16.391977310180664,16.530768412884914,15.778372895347042,16.070565101759698,6474918
2001-12-24,16.391977310180664,16.391977310180664,16.391977310180664,16.391977310180664,0
2001-12-25,16.391977310180664,16.391977310180664,16.391977310180664,16.391977310180664,0
2001-12-26,16.391977310180664,16.391977310180664,16.391977310180664,16.391977310180664,0
2001-12-27,16.647647857666016,16.92523010579681,16.362759826541676,16.58190362439576,2181821
2001-12-28,16.7645206451416,17.0567144148088,16.581901101833697,16.844874869440535,2034987
2001-12-31,16.7645206451416,16.7645206451416,16.7645206451416,16.7645206451416,0
2002-01-01,16.7645206451416,16.7645206451416,16.7645206451416,16.7645206451416,0
2002-01-02,18.04286766052246,18.04286766052246,17.400044608462256,17.53153153252185,4328525
2002-01-03,19.13858222961425,19.42346865031569,18.36427250237988,18.48845516513928,7731243
2002-01-04,19.59878730773925,20.08821069757773,19.06553703348772,19.6791415444886,7991286
2002-01-07,19.08014488220215,19.83253886996271,18.80986688408981,19.35772709976946,7082626
2002-01-08,17.999038696289062,18.298535205570563,17.67762639800703,17.787199092071603,26500616
2002-01-09,18.627246856689453,18.78064640045965,17.882157107440605,18.26200620133319,13426907
2002-01-10,18.262008666992188,18.58342092466697,18.04286486928421,18.25470444673784,8225225
2002-01-11,18.70029830932617,18.99249215523253,18.32775490635837,18.44463025689261,8200935
2002-01-14,18.115907669067383,18.853693132052864,17.98442235777542,18.6783778209296,9711204
2002-01-15,18.115907669067383,18.115907669067383,18.115907669067383,18.115907669067383,0
2002-01-16,17.82372283935547,18.188962017515536,17.64840747125422,17.9698181980726,6606863
2002-01-17,17.692232131958008,18.13782545908684,17.392735694978896,18.09399545440144,10475897
2002-01-18,17.093236923217773,17.334296468530077,16.771826279780143,17.2758580276565,9167446
2002-01-21,16.69147300720215,17.166284735873507,16.260489716896203,17.166284735873507,6608531
2002-01-22,16.837574005126953,17.458482821543697,16.64034440318615,16.93984091673801,7518610
2002-01-23,17.107847213745117,17.2028098771141,16.44311013289635,16.80104656601545,6615346
2002-01-24,17.60457420349121,17.84563376678672,17.1297624219974,17.312383540059784,6028584
2002-01-25,17.42926025390625,17.706844062889925,16.932534211288157,17.69223405973619,3660788
2002-01-28,17.04941177368164,17.42926093130149,17.04941177368164,17.27586136179546,4357158
2002-01-29,16.932537078857422,17.429263205597376,16.728003251004083,17.239339383372016,5251913
2002-01-30,17.38543128967285,17.39273707239941,16.508854567556362,16.618427243846273,7840714
2002-01-31,18.2693099975586,18.33505422038614,17.76527981137386,17.78719403140501,9245706
2002-02-01,18.10861015319824,18.59072782792214,17.977124793238175,18.33505976657594,5633797
2002-02-04,17.918682098388672,18.576113430968498,17.874853655430186,17.889462094593558,4994023
2002-02-05,17.53152847290039,18.03555872881821,17.275860453519545,17.816414935453814,7179193
2002-02-06,16.874095916748047,17.736062669738722,16.72800057206873,17.458480420933984,8150222
2002-02-07,17.53152847290039,17.641101150949737,16.552684841503034,16.567294844456473,8939639
2002-02-08,17.933292388916016,18.18165619587786,17.283165208801254,17.348907880026,8965717
2002-02-11,18.29853057861328,18.473845907145737,18.006338364392523,18.1889579122552,4750085
2002-02-12,18.13051986694336,18.729512695549595,17.94789876808314,18.605331598511867,6402324
2002-02-13,18.685686111450195,18.685686111450195,17.911376325995157,18.269311214911376,6973309
2002-02-14,19.20432472229004,19.40155582463733,18.802561424090484,18.882914083730395,10129793
2002-02-15,18.59072494506836,19.20432788460124,18.51767649237287,18.99979409233505,5246762
2002-02-18,18.56150245666504,19.043618388829085,18.378881364723533,18.554196675347,3422038
2002-02-19,18.70029830932617,19.02901482323632,18.44463025689261,18.61994562679573,6691313
2002-02-20,18.371580123901367,18.955963024632112,18.18895900235967,18.60533390928736,6240492
2002-02-21,17.860240936279297,18.941352877598067,17.77258405602863,18.941352877598067,8944740
2002-02-22,17.24663543701172,17.458474948721594,17.166282788213806,17.458474948721594,7872056
2002-02-25,18.262008666992188,18.37158134721334,17.34890768668556,17.34890768668556,4951122
2002-02-26,18.55420112609864,18.64185958380472,18.26200887163559,18.40079999716374,5172990
2002-02-27,19.45999526977539,19.576872165171466,18.773343900007006,18.84639235031312,8829096
2002-02-28,19.350425720214844,19.70105643472769,19.06553767864776,19.32120571263825,6631489
2002-03-01,20.029766082763672,20.153948738130683,19.072838434707982,19.13858109032536,7730308
2002-03-04,21.264280319213867,21.40307142012437,20.321961051736977,20.39500793034551,11925770
2002-03-05,20.153955459594727,21.34463881554701,19.94211585942145,21.183931888106752,9613838
2002-03-06,20.63606834411621,20.7967752465612,19.95672276029644,20.080903875030323,7957468
2002-03-07,20.709115982055664,21.293500433302743,20.300046866182708,21.11088087831336,8321365
2002-03-08,20.40962028503418,20.93556631043775,19.927502704397345,20.85521364078732,8008456
2002-03-11,19.57687187194824,20.57763125049664,19.24815697596276,20.57763125049664,12287187
2002-03-12,18.882917404174805,19.503826133557865,18.5176766993493,19.46730190680188,8506624
2002-03-13,18.55420112609864,19.291986763959606,18.55420112609864,18.88291760771135,7935756
2002-03-14,18.481151580810547,18.751429595575463,18.27661779612773,18.55420003079766,5793235
2002-03-15,18.963266372680664,18.99248637346984,17.96981291232712,18.262005106548752,13209510
2002-03-18,18.91944122314453,19.533044156310314,18.882916997175787,19.357728809300905,6345637
2002-03-19,19.54034423828125,19.576868456515133,19.116666744782943,19.116666744782943,4116200
2002-03-20,18.393495559692383,19.343119203436206,18.34236132973961,19.21163229979645,7553222
2002-03-21,18.35696792602539,18.590721683453,18.07938572976361,18.305835268296875,6129661
2002-03-22,18.327754974365234,18.780651061544,18.079391142063955,18.64186148459869,4922339
2002-03-25,18.18895530700684,18.69298699968573,18.130518435266872,18.33505217455847,2876349
2002-03-26,18.882917404174805,19.080146978469653,18.05016909724764,18.05016909724764,5752845
2002-03-27,18.84638977050781,19.145886187938068,18.84638977050781,18.90482821020645,3376992
2002-03-28,18.97788047790528,19.065537373764545,18.66377399651896,18.91944202642097,3024701
2002-03-29,18.97788047790528,18.97788047790528,18.97788047790528,18.97788047790528,0
2002-04-01,18.97788047790528,18.97788047790528,18.97788047790528,18.97788047790528,0
2002-04-02,18.27661895751953,18.955964584819245,18.27661895751953,18.70760233945564,3583512
2002-04-03,17.20280647277832,18.583414583916834,17.173586476262283,18.18895400735312,6677852
2002-04-04,17.421955108642578,17.56805200695397,16.983667539176867,17.34890665948688,9158004
2002-04-05,17.275854110717773,17.896762599563264,17.253939895700533,17.5680462488372,5586153
2002-04-08,17.239337921142578,17.42195750643157,16.654953372936465,17.356214830783802,8240873
2002-04-09,17.341604232788086,17.787197630884293,17.24664155161338,17.45117535511706,6257876
2002-04-10,17.568050384521484,17.626488825902328,16.983665970713048,17.1662855140029,4608860
2002-04-11,16.581905364990234,17.714150262610907,16.581905364990234,17.684930253038175,7588047
2002-04-12,16.370067596435547,16.932536381225425,16.209360666618203,16.786441019168638,5994579
2002-04-15,16.728002548217773,16.859487905141773,16.37737180428473,16.654954085881425,3865324
2002-04-16,17.6776180267334,17.757970672569108,17.173586373096864,17.20280636943737,5469743
2002-04-17,17.495004653930664,18.2473987266253,17.34890774646571,18.072083375307955,6005340
2002-04-18,16.786434173583984,17.896764410809,16.786434173583984,17.458475377905867,8308512
2002-04-19,17.217418670654297,17.30507554593345,16.74260538711222,16.764519605932012,4773520
2002-04-22,16.910619735717773,17.23203198663475,16.706085945553212,17.23203198663475,5504117
2002-04-23,16.837574005126953,17.663018207500357,16.36276211621276,17.56805551717061,11377703
2002-04-24,16.32623291015625,17.151675298304163,16.17283180810974,16.881398877692867,7418885
2002-04-25,15.705328941345217,16.633038392808068,15.077114408485151,16.326236128240872,15593265
2002-04-26,15.267038345336914,16.06326237723819,15.267038345336914,15.851422812536542,7992860
2002-04-29,15.120944023132324,15.383916269626353,14.777617539621492,15.172076690729703,8020633
2002-04-30,14.75570011138916,15.27434183417086,14.375851046117631,14.901795424883131,10519099
2002-05-01,14.75570011138916,14.75570011138916,14.75570011138916,14.75570011138916,0
2002-05-02,14.500032424926758,15.201293694004235,14.500032424926758,15.047892596051785,8609821
2002-05-03,12.944111824035645,14.42698736831124,12.863759146787338,14.42698736831124,12278776
2002-05-06,12.637310028076172,13.316655615759052,12.637310028076172,13.11212183000672,6353848
2002-05-07,13.594236373901367,13.594236373901367,12.235542376975216,12.367028464315222,10281899
2002-05-08,14.843358993530272,14.843358993530272,13.754944307071527,13.922953862165176,8968582
2002-05-09,13.92295265197754,14.901796144105596,13.806075770447798,14.901796144105596,5154883
2002-05-10,12.841845512390137,13.586935429050246,12.841845512390137,13.586935429050246,7414873
2002-05-13,13.652677536010742,13.725725992995072,12.841844976781635,13.586934862365489,6054660
2002-05-14,14.492730140686035,14.82144663523301,13.62345912616358,13.871822942913314,9685786
2002-05-15,14.836054801940918,14.960235913570187,14.434291462708453,14.741092131922096,10079397
2002-05-16,14.54386043548584,14.843356840980563,14.34663090470468,14.609604654235548,4590375
2002-05-17,14.609604835510254,15.09902499647886,14.551166397415404,14.901795463250494,7141122
2002-05-20,13.988698959350586,14.75570302267457,13.893736283613164,14.75570302267457,2618149
2002-05-21,13.952173233032228,14.405070777081114,13.82799056454192,14.025221677704865,3369528
2002-05-22,13.433533668518066,14.112879235695868,13.265522550287193,13.806077003593495,5861121
2002-05-23,13.258217811584473,13.73302958059746,13.14864514362725,13.557714249506397,3479118
2002-05-24,13.550407409667969,13.94486804588413,13.353177872926905,13.550407409667969,5501230
2002-05-27,13.659982681274414,13.930260709303882,13.411618876769722,13.418923097033204,3027940
2002-05-28,13.659982681274414,13.659982681274414,13.659982681274414,13.659982681274414,0
2002-05-29,13.24360466003418,13.513884187816592,13.192472004636237,13.323958877879743,3326642
2002-05-30,12.776100158691406,13.112121618508352,12.571566376238202,13.039073169317536,4751483
2002-05-31,13.638068199157717,13.725725091594756,12.900282582630632,13.07559793023902,5251384
2002-06-03,13.294740676879885,13.667285565861697,13.19977800906347,13.513886016179685,2675015
2002-06-04,12.973329544067385,13.068292208451664,12.72496655417818,12.980634544720113,4047660
2002-06-05,12.81993007659912,13.26552345289178,12.81993007659912,13.14864655297024,2824888
2002-06-06,12.651918411254885,13.207083628090196,12.483908080449124,12.995244073692843,4630591
2002-06-07,12.023706436157228,12.235546020281694,11.432017694893092,12.038317221227503,8474738
2002-06-10,12.293985366821287,12.41086149068522,11.884916198512348,12.272070361065056,2947215
2002-06-11,12.162497520446776,12.615395102631128,11.877610281242612,12.125974076402136,4893267
2002-06-12,11.439322471618652,12.089449652166255,11.402798244446917,12.089449652166255,6491533
2002-06-13,11.614636421203612,11.892219438933354,11.285921519725624,11.797257547285012,4807882
2002-06-14,11.307835578918455,11.5561985877928,10.825718000857783,11.410102470405798,5802551
2002-06-17,11.95065689086914,11.979876112333864,11.271309796472574,11.607331234000418,4837665
2002-06-18,12.279374122619627,12.279374122619627,11.694990399675172,12.12597455763037,4871178
2002-06-19,11.687684059143066,12.045619722372292,11.3370533967227,11.505063727124025,7999879
2002-06-20,10.811110496520996,11.651163109548158,10.774585484665463,11.453933515098992,6954612
2002-06-21,11.147128105163574,11.505062963261128,10.67231558598542,10.854935905879636,12558804
2002-06-24,11.57811164855957,11.585416649037874,10.847631134905308,11.35896710377977,4848100
2002-06-25,11.724207878112791,11.870303201056936,11.395492229437894,11.61463521385411,4709366
2002-06-26,10.672316551208496,11.139824112345002,10.299772440136714,10.591963884479933,9113336
2002-06-27,11.315140724182127,11.60733298285336,11.030253467319474,11.205568822522212,6191323
2002-06-28,11.67307472229004,11.811865829436613,11.264005620219136,11.614635497769983,4483092
2002-07-01,11.315140724182127,11.775343336247522,11.110606143112266,11.322445725990706,3732802
2002-07-02,10.570050239562988,11.066777050370415,10.562745238179918,10.927985149560635,5071887
2002-07-03,10.197504997253418,10.665012568787583,9.656949758350596,10.37282033657873,8262369
2002-07-04,10.82571792602539,10.957204821448356,10.497001468835094,10.497001468835094,3516103
2002-07-05,12.308591842651367,12.527735600374594,11.227480710511465,11.322443370162803,10444968
2002-07-08,12.308591842651367,12.871061237536724,11.987180424988152,12.104057304138411,6956693
2002-07-09,12.045619010925291,12.520430752217226,11.833779469549706,12.199019330648657,6335155
2002-07-10,11.249398231506348,12.111365077527765,11.249398231506348,11.943354709783,7226399
2002-07-11,11.665773391723633,11.855698001039492,10.920683397793804,11.081388776340503,5914321
2002-07-12,12.052927017211914,12.520433874719128,11.826477418606686,12.381643521137311,7057936
2002-07-15,11.724207878112791,12.301287294800249,11.724207878112791,11.91413242303382,4871988
2002-07-16,12.41816520690918,12.542346319834962,11.468540840907712,12.381641763831244,8279193
2002-07-17,12.703052520751951,13.323961214866127,11.724208925135498,11.943352710489254,7502858
2002-07-18,12.783405303955078,13.4043140036063,12.564261516647075,12.783405303955078,8555555
2002-07-19,12.45468807220459,12.724966851739245,12.1040581904463,12.272068521185435,10126573
2002-07-22,11.658466339111328,12.381642759537792,11.307836412890104,12.272070077391032,8429632
2002-07-23,10.942594528198242,11.87030386581921,10.811108417638192,11.658465088729844,6456261
2002-07-24,11.322444915771484,11.446626030795132,9.91992217451225,10.78188966659472,9078306
2002-07-25,10.482392311096191,11.833780809708909,10.30707697038639,11.833780809708909,9252623
2002-07-26,10.328991889953612,10.402040344197829,9.57659703062092,10.190200764530209,8590664
2002-07-29,11.176347732543944,11.278614615338116,10.423952987299783,10.628487534255182,4381328
2002-07-30,11.183652877807615,11.2493963258288,10.78188953258682,11.139824433371572,4993648
2002-07-31,10.665011405944824,11.322443466049116,10.511610305419245,10.95720360629496,5768278
2002-08-01,9.824958801269531,10.920679136916451,9.503547388212604,10.730754601702683,6349718
2002-08-02,9.240575790405272,9.824960264833676,9.050651226899603,9.708083369947996,6670126
2002-08-05,8.561229705810547,9.452415667871046,8.400523579386235,9.452415667871046,4915602
2002-08-06,9.131004333496094,9.284405460711977,8.09372145109246,8.364000260151007,8531425
2002-08-07,8.802287101745605,9.49624344354718,8.656190988662795,9.277099664606514,8097524
2002-08-08,9.094477653503418,9.167525305912282,8.400521439467918,9.101781871787436,7227469
2002-08-09,9.028738021850586,9.29901528570448,8.692716520506222,9.20405338393446,5909559
2002-08-12,8.83150577545166,9.021431101338306,8.65619045064878,8.838810775993542,3013822
2002-08-13,8.47357177734375,8.838811684195196,8.334779878255098,8.838811684195196,5367405
2002-08-14,8.239819526672363,8.546621043249312,7.969541460648599,8.181380286779262,6824479
2002-08-15,8.290952682495117,8.721936103184186,8.181379990699119,8.261733454289635,23121976
2002-08-16,8.619668960571289,8.619668960571289,7.706567908657428,8.400524364310384,13054832
2002-08-19,9.78843593597412,9.934532053030985,8.400523214617497,8.575838555085731,10891567
2002-08-20,9.350149154663086,9.715389899311528,9.160224561285006,9.715389899311528,7897102
2002-08-21,9.496243476867676,9.627730369787116,9.006821691664749,9.31362392089871,6787176
2002-08-22,9.854180335998535,10.022191486192831,9.364759234476592,9.60581728399777,8967677
2002-08-23,9.854180335998535,9.854180335998535,9.854180335998535,9.854180335998535,0
2002-08-26,9.854180335998535,9.854180335998535,9.854180335998535,9.854180335998535,0
2002-08-27,9.854180335998535,9.854180335998535,9.854180335998535,9.854180335998535,0
2002-08-28,9.854180335998535,9.854180335998535,9.854180335998535,9.854180335998535,0
2002-08-29,8.305560111999512,8.56122808418142,8.144854016015422,8.327473549649927,4781832
2002-08-30,8.59775161743164,8.619666618059089,8.188683326224485,8.42243630061414,4112451
2002-09-02,8.174074172973633,8.48818061948414,8.130245729910351,8.437047175454612,2553448
2002-09-03,7.750393390655518,8.144853200298467,7.450897010433695,8.115633984079246,7916257
2002-09-04,7.312108516693115,7.743091913121932,7.202536612432217,7.523948104600135,8046422
2002-09-05,6.851905822753906,7.458204572268977,6.63276123513409,7.414375342198136,13705096
2002-09-06,7.122182369232178,7.363240349346674,6.939562048026958,7.085657367350696,6374011
2002-09-09,6.815381050109863,7.253669408967523,6.742332599616687,7.209840963765323,4425200
2002-09-10,7.151402950286865,7.2317564157628516,6.84460221898117,6.9249549030898905,5558192
2002-09-11,7.436288833618164,7.65543259524514,6.968781308689108,7.304801951548349,5531689
2002-09-12,6.640067100524902,7.282890161798169,6.632762097668609,7.282890161798169,7981358
2002-09-13,6.377091884613037,6.574321425809611,6.084900073017543,6.574321425809611,7632550
2002-09-16,6.157948970794678,6.428226191914679,6.041071690534777,6.355177745245912,5094171
2002-09-17,6.150643825531006,6.62545598295182,6.026462328611791,6.581626759705584,7080592
2002-09-18,5.770794868469238,6.062986721931848,5.558954514754324,5.982634050133434,7770476
2002-09-19,5.55895471572876,5.873061975567272,5.390944364612366,5.8438423594126965,6132761
2002-09-20,5.456686973571777,5.785403404637318,5.113361322713151,5.493211585788598,16703654
2002-09-23,4.857693672180176,5.529735800791385,4.696988336456701,5.259457402172416,7908798
2002-09-24,4.68968391418457,4.930742728889121,4.236785902048496,4.835779656448089,13003591
2002-09-25,5.120666980743408,5.222933876526369,4.46323481557067,4.51436826346215,12410040
2002-09-26,4.879607200622559,5.281371264202658,4.799254544179938,5.040313294874796,12007755
2002-09-27,4.653159141540527,4.989179789133854,4.470538816700477,4.901522126974676,8867393
2002-09-30,4.097994327545166,4.543586856299182,3.915373612511973,4.528976855295027,11363640
2002-10-01,4.266005516052246,4.331748580486267,3.7619736624291455,4.17104244368399,14040825
2002-10-02,4.565502166748047,4.667769063980526,4.346357978356487,4.521673329069735,10470643
2002-10-03,4.3098344802856445,4.470539840358713,4.112604499924275,4.192957179960809,7263240
2002-10-04,4.1637372970581055,4.485149559497254,4.076080401769289,4.236785751621687,6829281
2002-10-07,3.966508150100708,4.127213095040874,3.871545089439262,4.032251206430089,5541090
2002-10-08,3.9299838542938232,4.185651880643316,3.725449667624381,3.988422695649702,6081755
2002-10-09,3.9007649421691895,3.9811176149059375,3.674315754969707,3.908069162332781,8215472
2002-10-10,4.302528858184815,4.346357692985434,3.769278230119055,3.769278230119055,7881236
2002-10-11,4.945351123809815,4.945351123809815,4.20756558056628,4.360966689828217,11908614
2002-10-14,4.9526567459106445,5.040314422004956,4.623940265215185,4.740817557357852,6326562
2002-10-15,5.456686973571777,5.588173467861288,5.113361322713151,5.171800155303127,12003145
2002-10-16,5.047618389129639,5.420163689185189,4.777341154088136,5.025704166547082,14388691
2002-10-17,5.719661235809326,5.997243896677279,5.295982828326065,5.332506667308989,13585462
2002-10-18,6.114119529724121,6.274824846240895,5.653916627399745,6.136033749000588,11674737
2002-10-21,6.610846042633057,6.610846042633057,5.851146661861349,5.858452053381422,7544887
2002-10-22,6.026463508605957,6.567018825370915,6.026463508605957,6.296740776304823,9273825
2002-10-23,6.077596187591553,6.4063126708022775,5.800013544502233,6.369788834158635,8399311
2002-10-24,6.683895587921143,6.866515950677278,6.187168341870554,6.2894356356225805,14212209
2002-10-25,6.976085662841797,7.334021313889252,6.420920856920575,6.450140468478034,13202463
2002-10-28,7.7796149253845215,7.816138366849874,7.4508984826267906,7.487422705459223,10264473
2002-10-29,6.808075904846191,7.596995715477238,6.764247460570642,7.42898459544199,12436184
2002-10-30,7.129486560821533,7.363240321027751,6.793465921208609,7.085657340099353,11837590
2002-10-31,7.195230484008789,7.443594261576188,7.034525153767479,7.231754706833479,7495604
2002-11-01,7.640824794769287,7.670044023491743,6.93956408679763,7.122184461654789,5961567
2002-11-04,8.553923606872559,8.692714710955192,8.042587631255676,8.108331073693208,10708940
2002-11-05,8.290952682495117,8.575839962156769,8.049893854458068,8.181379990699119,5918258
2002-11-06,8.290952682495117,8.824203011219755,8.188685774459548,8.619669195148617,7926758
2002-11-07,7.487423896789551,8.656192181087372,7.304803534937589,8.400524143314948,11754235
2002-11-08,6.786162376403809,7.516643033726822,6.647371246854235,6.793467378318838,19438893
2002-11-11,5.887670993804932,6.640065828295359,5.858452550712576,6.640065828295359,11043577
2002-11-12,6.230996131896973,6.296739576427735,5.683136308013999,5.9168900829082,12803621
2002-11-13,5.865756034851074,6.150643632929406,5.588173437312878,6.150643632929406,12907221
2002-11-14,6.187168121337891,6.26752079679434,5.566260160285934,5.726966292566013,11470934
2002-11-15,6.399006843566895,6.632760632390105,6.157949225551863,6.450141070897314,11415065
2002-11-18,6.610846042633057,6.720417929712716,6.384397267637205,6.420921099769244,6663794
2002-11-19,6.508578777313232,6.574321831541561,6.260215780731956,6.333263445126303,5726348
2002-11-20,6.669283866882324,6.676588867040077,6.209081358816035,6.457445113243561,6849355
2002-11-21,7.560471057891846,7.575081060901416,7.027220794018404,7.08565846195523,16182049
2002-11-22,7.465508937835693,7.560470829055032,7.0418298025219945,7.407069708933374,12149922
2002-11-25,7.414374828338623,7.706567070669617,7.217145260106988,7.59699595650442,6762322
2002-11-26,6.983391761779785,7.6408239441635235,6.976086760070577,7.596996278009796,6861145
2002-11-27,7.560471057891846,7.589690282543835,6.866515449116038,6.939563120062436,11127371
2002-11-28,7.71387243270874,7.779615885648638,7.377851729002024,7.611605533795279,6419723
2002-11-29,7.458203792572021,7.808834471014272,7.304802675411759,7.794224468728955,7799753
2002-12-02,7.70656681060791,8.144855159314156,7.385155354889997,7.55316647458606,12473816
2002-12-03,7.37054443359375,7.998757197796208,7.312106000581106,7.896490330707548,14273956
2002-12-04,6.968780517578125,7.231753470497463,6.771550998230359,7.085656604175329,10824701
2002-12-05,6.983391761779785,7.421680143824669,6.822686412380248,7.012611768616618,13176479
2002-12-06,6.742332458496094,7.151401584867876,6.435531395084373,7.085658137073488,9271986
2002-12-09,6.128729820251465,6.786161983051231,6.048377147945288,6.654675081670987,6812950
2002-12-10,6.384397506713867,6.450140953970391,6.026462610092244,6.150644112811655,8132674
2002-12-11,6.150643825531006,6.62545598295182,5.924194271265084,6.4282260410779015,10807343
2002-12-12,5.529736042022705,6.187167806455314,5.485907205636055,6.099510133682013,13703240
2002-12-13,5.471297264099121,5.697746043121323,5.018399706054717,5.697746043121323,19086917
2002-12-16,5.902280807495117,5.909585809201118,5.405554756096133,5.405554756096133,13120953
2002-12-17,5.7342705726623535,6.0849012852497095,5.67583212056446,6.019157831297783,7317717
2002-12-18,5.259457111358643,5.544344715033175,5.164495227939685,5.420163219563222,11565721
2002-12-19,5.274068355560303,5.529736388493075,5.062229161760313,5.420164095319318,9898683
2002-12-20,5.529736042022705,5.58086909844844,5.222933796632584,5.398249532862755,9898207
2002-12-23,5.383639812469482,5.624697821723052,5.310591753294053,5.478602094055757,2231972
2002-12-24,5.383639812469482,5.383639812469482,5.383639812469482,5.383639812469482,0
2002-12-25,5.383639812469482,5.383639812469482,5.383639812469482,5.383639812469482,0
2002-12-26,5.383639812469482,5.383639812469482,5.383639812469482,5.383639812469482,0
2002-12-27,5.069533348083496,5.3690302181301535,5.069533348083496,5.332506381107504,2682295
2002-12-30,5.1060566902160645,5.186409345991928,5.025703253073211,5.113360908837878,2455346
2002-12-31,5.1060566902160645,5.1060566902160645,5.1060566902160645,5.1060566902160645,0
2003-01-01,5.1060566902160645,5.1060566902160645,5.1060566902160645,5.1060566902160645,0
2003-01-02,5.573564052581787,5.573564052581787,5.106056924411,5.113361143367829,5608476
2003-01-03,5.661222457885742,5.916890470586008,5.515126339004572,5.639307844711785,7148477
2003-01-06,5.9168901443481445,5.95341397671285,5.522430645118185,5.734269810473984,5407977
2003-01-07,5.785403728485107,5.894976008534957,5.712355281329509,5.865756395262589,4733358
2003-01-08,5.515127182006836,5.734271003141759,5.427469497279417,5.6612233232192,6166632
2003-01-09,5.756184577941895,5.829233030969726,5.347115428814091,5.661222682919739,9076473
2003-01-10,5.7342705726623535,5.968023990370329,5.580869440563588,5.814624030322348,7615114
2003-01-13,5.931499004364014,6.033766275728645,5.814622904171472,5.909584784413352,5984642
2003-01-14,6.252911567687988,6.325960022652806,5.778099345201801,5.865757022339275,11019258
2003-01-15,6.062986850738525,6.523189840387449,5.960719563114718,6.5012752262691285,10375938
2003-01-16,5.931499004364014,6.084900106752721,5.873060954267743,5.946108614558961,5512121
2003-01-17,5.741574764251709,5.880366263739416,5.588173653801273,5.8073178182422245,9750593
2003-01-20,5.639307498931885,5.880366275646833,5.566259443970316,5.843841662140737,6251707
2003-01-21,5.369030475616455,5.81462427785773,5.274068572940132,5.7707954369184655,11586596
2003-01-22,5.149886608123779,5.361725792384538,5.047618540051945,5.295982341304028,11672029
2003-01-23,5.127971172332764,5.354419932686533,4.967265071155648,5.332505322277467,9672020
2003-01-24,4.872302055358887,5.186409234452282,4.835778228250844,5.069531971929478,9144172
2003-01-27,4.675074577331543,4.952657246344804,4.49975920742843,4.894218399026808,12887723
2003-01-28,4.85038948059082,4.894217533952549,4.638549526709422,4.762731811133139,7446736
2003-01-29,4.7846455574035645,4.857693217338054,4.507062183688108,4.740816727032761,11676569
2003-01-30,4.770035743713379,4.974570684150723,4.711597300926576,4.784645745093612,9073837
2003-01-31,4.74812126159668,4.7627316540582205,4.463234431280117,4.602025541335671,7375980
2003-02-03,4.68237829208374,4.879607850100418,4.623939846644198,4.864998629424083,4382453
2003-02-04,4.536282062530518,4.704292393532821,4.43401517630897,4.675073562243479,5445695
2003-02-05,4.623940467834473,4.718903149772997,4.404796267995881,4.507063170570287,6249761
2003-02-06,4.528976917266846,4.623939580992133,4.463234255949699,4.528976917266846,6177235
2003-02-07,4.287920475006104,4.543588555912806,4.287920475006104,4.528978549443507,8308251
2003-02-10,4.273308753967285,4.360966413510394,4.1345180457159625,4.360966413510394,6533540
2003-02-11,4.3098344802856445,4.397492162516562,4.156433341039733,4.3171387011128015,8179625
2003-02-12,4.134519100189209,4.346358302771053,4.090689868555876,4.2513952280212415,8299429
2003-02-13,4.054166316986084,4.200262059072886,4.00303208449104,4.076080541559843,6347696
2003-02-14,4.236785888671875,4.499758927146419,4.054166309089954,4.1856520469600245,3050126
2003-02-17,4.565502166748047,4.565502166748047,4.368272201853851,4.434015653713111,6130544
2003-02-18,4.777341365814209,4.791950587727666,4.434015665125558,4.587416402052687,10743522
2003-02-19,4.536282062530518,4.762731618845667,4.492453229571194,4.689683173229921,6189048
2003-02-20,4.675074577331543,4.79195109991666,4.5728068875377685,4.60202650653858,6968161
2003-02-21,4.631245136260986,4.748121643739655,4.455929789017623,4.748121643739655,6053389
2003-02-24,4.52167272567749,4.638549219872885,4.404795450115036,4.602025388689985,4761441
2003-02-25,4.404795169830322,4.448623998871015,4.2513940728461455,4.448623998871015,6147916
2003-02-26,4.222176551818848,4.49245380357628,4.222176551818848,4.455929966785262,5451135
2003-02-27,4.280614376068115,4.339052433568655,4.14182364765621,4.185651702427155,6207556
2003-02-28,4.302528858184815,4.441320363728554,4.244090411783988,4.273309244300845,4245151
2003-03-03,4.368271350860596,4.514367447993643,4.346357131632392,4.48514861925054,4053528
2003-03-04,4.317138195037842,4.390186645684141,4.207565909751961,4.360967031015481,3844130
2003-03-05,4.266005516052246,4.360967416369697,4.17104244368399,4.295223961252074,3298988
2003-03-06,4.141823768615723,4.346357952549834,4.141823768615723,4.200261827822912,3533177
2003-03-07,4.207565307617188,4.3609664069278375,3.9957261593828495,4.054165380357071,7805161
2003-03-10,4.054166316986084,4.287919738735128,4.00303208449104,4.273309734774486,4950363
2003-03-11,4.200260639190674,4.244089464205627,3.951896906755807,3.9592019062667,5862887
2003-03-12,4.229481220245361,4.302529682932539,4.134519312666198,4.273310063447489,7593772
2003-03-13,4.740816593170166,4.740816593170166,4.295222910956921,4.302528301837721,11592340
2003-03-14,5.00378942489624,5.2010193764966495,4.894217533427668,4.901522534556802,18549174
2003-03-17,5.3763346672058105,5.5297357827071645,4.602025651369587,4.748121375123728,11757039
2003-03-18,4.799255847930908,5.741575715866281,4.740817785077943,5.500516899686132,28501808
2003-03-19,4.938046455383301,5.208324469631788,4.638549608152787,4.784646117164299,19715635
2003-03-20,4.916131973266602,5.149886550186072,4.748121628055155,5.033009261726336,11920798
2003-03-21,5.310591697692871,5.39094397591922,5.003789461684686,5.003789461684686,19559844
2003-03-24,4.843084335327148,5.252153480287724,4.843084335327148,5.18641042018942,8428763
2003-03-25,5.098752498626709,5.127971721847594,4.682378372387314,4.791950264123856,9600621
2003-03-26,5.113361835479736,5.325201013292029,5.054923387713095,5.171800673929943,10675383
2003-03-27,5.025704383850098,5.149886676816136,4.828475200028534,5.069533221593861,8445714
2003-03-28,4.843084335327148,5.062228910811032,4.7846462767306415,5.025704293985617,5151681
2003-03-31,4.536282062530518,4.748121226492145,4.4559293974468615,4.748121226492145,9294644
2003-04-01,4.558197498321533,4.631245566458386,4.412101362047829,4.528977880383182,6554955
2003-04-02,4.967265129089356,4.967265129089356,4.653159095486414,4.704292145214565,7230843
2003-04-03,4.879607200622559,5.171799779612856,4.821169153644697,4.930741419601496,8658210
2003-04-04,4.9526567459106445,5.149886712464637,4.8357794537679775,4.93074252222886,8213651
2003-04-07,5.288677215576172,5.390944109195761,5.186410321956583,5.259457600805987,8840168
2003-04-08,5.244849681854248,5.325202372703946,4.989181602950303,5.120668143990989,10452761
2003-04-09,5.040313720703125,5.303285931029321,5.025703719369968,5.135275603900394,8958812
2003-04-10,4.9745707511901855,5.062228416551703,4.901522306038716,5.003789191610283,7128836
2003-04-11,4.996485710144043,5.157191063025308,4.91613225233622,4.981875706409096,4683626
2003-04-14,4.916131973266602,5.076838098392398,4.755426629507952,5.062228876853951,6360418
2003-04-15,5.120666980743408,5.201019653339614,5.033009306629233,5.047618528298019,7124321
2003-04-16,5.295982360839844,5.57356499720506,5.295982360839844,5.4566877069992845,11629331
2003-04-17,5.500516414642334,5.515126417421748,5.208324563409009,5.295982235984078,7948826
2003-04-18,5.500516414642334,5.500516414642334,5.500516414642334,5.500516414642334,0
2003-04-21,5.500516414642334,5.500516414642334,5.500516414642334,5.500516414642334,0
2003-04-22,5.500516414642334,5.500516414642334,5.193715341996735,5.442078356942525,9284485
2003-04-23,5.390944004058838,5.595478959359777,5.2229336641792,5.588173958138804,13059281
2003-04-24,5.259457111358643,5.405553999563023,5.215628279307448,5.266762502725807,6768608
2003-04-25,4.9526567459106445,5.259457830873562,4.93074252222886,5.201019770827607,8002767
2003-04-28,5.018400192260742,5.069533250561941,4.733512549956594,4.894217898585107,11644365
2003-04-29,5.120666980743408,5.310591941324121,5.018400084960447,5.113361979225439,11202056
2003-04-30,4.857693672180176,4.938046340041913,4.653159501982057,4.726207168756243,53619119
2003-05-01,4.857693672180176,4.857693672180176,4.857693672180176,4.857693672180176,0
2003-05-02,5.047618389129639,5.06222878244633,4.828474991253377,4.872303045734924,12616115
2003-05-05,5.084142684936523,5.193714963001446,5.011094239104215,5.091446904426088,8969039
2003-05-06,5.084142684936523,5.135275737515348,4.945351184812094,5.025703850133968,9903167
2003-05-07,4.945351123809815,5.040313789673593,4.930741903643812,5.040313789673593,9437412
2003-05-08,4.740816593170166,4.9453507384418005,4.733511592972872,4.930741519414225,9075585
2003-05-09,4.879607200622559,4.879607200622559,4.667768059441878,4.821169153644697,8740393
2003-05-12,4.872302055358887,4.98187431804999,4.77003518318297,4.959959709238374,5326253
2003-05-13,4.85038948059082,4.938046368681389,4.806560645861979,4.930742148918584,5335333
2003-05-14,4.886911869049072,4.989179128016657,4.821168826483075,4.850388434014428,9036435
2003-05-15,5.135275840759277,5.135275840759277,4.8576936162967534,4.872302836936682,11515854
2003-05-16,5.215628623962402,5.310591685707228,5.076837899320794,5.142581347083758,12714268
2003-05-19,4.828474998474121,5.113361845891217,4.777341161232412,5.113361845891217,10907882
2003-05-20,4.711596965789795,4.923436110482031,4.689682746645272,4.806560014588909,9461345
2003-05-21,4.623940467834473,4.7919508257022585,4.528977785895948,4.784646605066376,8680570
2003-05-22,4.777341365814209,4.777341365814209,4.631245239843808,4.675074077634928,5317810
2003-05-23,4.821170330047607,4.886913393116705,4.704293035522424,4.857694167156308,8112146
2003-05-26,4.770035743713379,4.843083797196883,4.7481211323265615,4.835778796506767,1541431
2003-05-27,4.996485710144043,4.996485710144043,4.616635380125323,4.821170353527831,8848847
2003-05-28,5.149886608123779,5.25215350414488,5.062228933805484,5.062228933805484,15510444
2003-05-29,5.113361835479736,5.259457564212774,5.033009165142387,5.098752614221642,6893021
2003-05-30,5.55895471572876,5.55895471572876,5.222934013495973,5.244848627941009,16190538
2003-06-02,5.946108818054199,5.989937650139007,5.6685262148504165,5.690440826234586,16232988
2003-06-03,5.7342705726623535,5.843842475004105,5.339811411685172,5.617394059150163,11892688
2003-06-04,5.931499004364014,5.968022834509623,5.80731751304872,5.843841343194329,10548040
2003-06-05,6.165253639221191,6.209082476003227,5.946109455311018,5.989938292093053,17670122
2003-06-06,6.4136176109313965,6.676590248016814,6.296740319017144,6.318654933339686,21345072
2003-06-09,6.165253639221191,6.479360498167561,6.084900967129249,6.4282266599134,8565666
2003-06-10,6.596236705780029,6.596236705780029,6.136034163082982,6.172557994569693,14565397
2003-06-11,6.442835330963135,6.910342855008323,6.347873060483214,6.720417532681448,25416555
2003-06-12,6.567018985748291,6.647371667800373,6.325960548908421,6.603543216269144,22546661
2003-06-13,6.442835330963135,6.7788567545541305,6.406311500988863,6.647369872732904,12222452
2003-06-16,6.435530662536621,6.4647494918393935,6.245605341942249,6.347873002577764,10905171
2003-06-17,6.493969917297363,6.632760643620804,6.369788412116547,6.559712975173427,12750926
2003-06-18,6.603541374206543,6.7204174728095625,6.420920663228075,6.53049293354175,10822089
2003-06-19,6.552407741546631,6.713113856619045,6.472055074693974,6.683894634002887,7832516
2003-06-20,6.36978816986084,6.530493503153401,6.296739722824515,6.515883891882845,12517309
2003-06-23,6.114119529724121,6.355177113815775,6.084899919549654,6.355177113815775,8349007
2003-06-24,5.9168901443481445,6.136034310587011,5.734269810473984,6.136034310587011,13681756
2003-06-25,5.98993730545044,6.062985745405109,5.843841206908122,5.98993730545044,8155034
2003-06-26,6.143338680267334,6.150644072012512,5.858452233902058,5.916890288977307,7191608
2003-06-27,6.062986850738525,6.2821310385038265,6.026463014786099,6.2748260369031925,5264257
2003-06-30,6.150643825531006,6.179863047239472,6.041071548782488,6.128729213907888,5952367
2003-07-01,5.98993730545044,6.187166843140813,5.931498866033513,6.187166843140813,7241372
2003-07-02,6.515885353088379,6.5377999702504,6.172559606580342,6.2821319110231775,11833014
2003-07-03,6.647370338439941,6.70580878303972,6.464750003723863,6.479360005557352,13806664
2003-07-04,6.771553039550781,6.771553039550781,6.47205577976588,6.574322679379934,4350675
2003-07-07,7.282887935638428,7.334021377267931,6.932258063488218,6.939562282744535,16947109
2003-07-08,7.224451541900635,7.545863065428672,7.1002704029266255,7.355938464936654,18562204
2003-07-09,7.166011333465576,7.282888222576152,7.019915222077357,7.19523055574322,9308686
2003-07-10,6.990694999694824,7.355935616596755,6.8665139088057865,7.334020616998416,18585597
2003-07-11,7.290193557739258,7.290193557739258,6.844600983600297,6.851905203479286,10327918
2003-07-14,7.808835029602051,7.816139249900087,7.465509327743413,7.480118549706655,12616238
2003-07-15,7.962236881256103,8.30556261431241,7.648129594781332,7.684653825059112,22724086
2003-07-16,8.013368606567383,8.415132748047267,7.845359042423619,8.254427404002172,23157386
2003-07-17,7.750393390655518,7.947623686160456,7.618908089719413,7.9110994705446975,13467658
2003-07-18,8.11563777923584,8.152162011931608,7.743092793567411,7.743092793567411,10390912
2003-07-21,8.195988655090332,8.363998978435848,7.984148328732351,8.312864756288349,15913493
2003-07-22,8.174074172973633,8.429742174488368,7.7138716139736925,8.415132172555877,32310015
2003-07-23,8.232513427734375,8.32747532416781,8.086417300874661,8.276342656475876,12579746
2003-07-24,8.42243766784668,8.495486119062258,8.13755042711363,8.327474993813283,14119390
2003-07-25,8.086416244506836,8.363999239961862,8.006062799205576,8.225207351550814,10185689
2003-07-28,8.3347806930542,8.371304921720052,8.20329456377122,8.312866468401571,7348915
2003-07-29,8.415131568908691,8.488180010596933,8.225207026979936,8.327473907703027,11209421
2003-07-30,8.254425048828125,8.495483777483411,8.159462400968932,8.32747269854271,10995630
2003-07-31,8.3347806930542,8.349389915700216,7.940322305205258,8.144856110452737,17981149
2003-08-01,8.400521278381348,8.56122736078631,8.290949411185702,8.327472846006291,12570985
2003-08-04,8.634276390075684,8.780372496780041,8.334779175989986,8.488180283371328,13265077
2003-08-05,8.47357177734375,8.76576323400463,8.437047552248467,8.76576323400463,10321290
2003-08-06,8.006064414978027,8.290952468659244,7.859969059085872,8.239819015960267,18829655
2003-08-07,7.757699966430664,8.042587968483021,7.640823077804185,8.035282967602095,13189676
2003-08-08,7.49472713470459,8.049892368101371,7.428984469406614,7.786920144175262,12318007
2003-08-11,7.662737846374512,7.706567073423393,7.421679832390659,7.633519403498113,10254507
2003-08-12,7.976848125457764,8.027981591980824,7.7430942426467,7.765009255185816,8621189
2003-08-13,8.312867164611816,8.415134075800504,8.166771019079926,8.247123703780648,13013615
2003-08-14,8.232513427734375,8.32747532416781,8.05719807550272,8.305561881847819,8107520
2003-08-15,8.086416244506836,8.247121572375217,8.079111243776344,8.152159688347114,5015342
2003-08-18,8.283647537231445,8.290951757442421,8.115636407770115,8.152160634293635,6910359
2003-08-19,8.612364768981934,8.656193223538962,8.400525154976838,8.444354390901164,15021958
2003-08-20,8.539315223693848,8.656191337503047,8.342084877058445,8.583143668701407,8891736
2003-08-21,9.123700141906738,9.123700141906738,8.656192498497875,8.663497500767948,18438054
2003-08-22,9.532767295837402,9.949141397246498,8.962992867691957,9.087173972949897,23539868
2003-08-25,9.342843055725098,9.532768408179958,9.262490382625192,9.496244181728308,7847931
2003-08-26,9.123700141906738,9.532769329889494,9.043347461037648,9.320929733628043,10388093
2003-08-27,9.47432804107666,9.488937259880547,9.204050851585269,9.277098508338698,8378549
2003-08-28,9.61312198638916,9.729998106078014,9.423195850122372,9.503549305623764,9202237
2003-08-29,9.74460506439209,9.854176938337194,9.66425240892348,9.715386627282584,9611068
2003-09-01,9.83226490020752,9.992971028149636,9.759217228500855,9.93453257823744,6206393
2003-09-02,9.671558380126951,9.890702931391203,9.540072274462055,9.876092930002288,7914555
2003-09-03,9.52546215057373,9.824958555589676,9.372061057381618,9.810348555587098,15261032
2003-09-04,9.42319393157959,9.459718932432144,9.218660177741368,9.342841273805002,12369954
2003-09-05,9.63503646850586,9.81035104342646,9.415891882462528,9.63503646850586,12857936
2003-09-08,9.971056938171388,9.992971161839847,9.627731235685872,9.74460735570672,8515737
2003-09-09,10.073323249816896,10.358210485024626,9.876093685547474,10.087932470956384,15333848
2003-09-10,9.518156051635742,9.87609166335262,9.496241833730029,9.861482445204464,14556341
2003-09-11,9.52546215057373,9.547376369210609,9.277098401465835,9.401279494652792,17087240
2003-09-12,9.247881889343262,9.700780301465052,9.087175749117073,9.642341065718712,13759758
2003-09-15,9.15291976928711,9.40858782759841,9.079871306131157,9.357455153576872,9378982
2003-09-16,9.211355209350586,9.313622867989537,9.043344893051254,9.167525989543318,9757652
2003-09-17,9.408584594726562,9.62772912752718,9.36475615698664,9.393975375935588,13665926
2003-09-18,9.554682731628418,9.605816180376268,9.320928930075777,9.56929273490904,13367886
2003-09-19,9.496243476867676,9.64233959046311,9.459720034494143,9.569291924348942,14290432
2003-09-22,9.145610809326172,9.364755322601347,8.99221050953717,9.364755322601347,16582333
2003-09-23,9.065258979797363,9.29901273170816,8.787676790086792,9.1748308556638,13898041
2003-09-24,9.072565078735352,9.408585747121704,8.992212412125628,9.30631885895789,11406626
2003-09-25,8.743847846984863,8.984906606595443,8.634275967658972,8.948383167731496,18917438
2003-09-26,8.298256874084473,8.656191798603201,8.152160747331775,8.648887578290944,20506895
2003-09-29,8.3347806930542,8.451658381058369,8.13024688780672,8.217904567784442,9806334
2003-09-30,8.195988655090332,8.407827418714223,7.96953910909524,8.320169756790428,11424999
2003-10-01,8.247121810913086,8.298256036138447,7.89649192347989,8.225207589454842,14622374
2003-10-02,8.283647537231445,8.495486332060112,8.261732532497037,8.356695208911326,10797985
2003-10-03,8.8388090133667,8.911856660117284,8.34208235881529,8.349386576533524,11268745
2003-10-06,8.736542701721191,8.889943799052645,8.583142385756751,8.802286140772816,8093788
2003-10-07,8.488182067871094,8.758459336070176,8.334780928239704,8.736545110799186,13711231
2003-10-08,8.59775161743164,8.82420037297916,8.407827081562855,8.451656301450736,11532027
2003-10-09,8.970297813415527,9.02143125534753,8.641581378456685,8.714629041021393,12109517
2003-10-10,8.882638931274414,9.079867671286149,8.765761280739799,8.897248149236894,9467034
2003-10-13,9.123700141906738,9.27710128274208,8.96299478016856,9.036042458767575,8802419
2003-10-14,8.970297813415527,9.269795027075077,8.787677484953164,9.21866080377601,15241030
2003-10-15,9.16752815246582,9.423196187333206,9.021432802284911,9.145613928075404,17209906
2003-10-16,8.999518394470215,9.167528761571624,8.831508027368805,9.145614535725189,12889266
2003-10-17,8.765764236450195,9.152919191453812,8.700021561400963,9.1310049664374,17602588
2003-10-20,8.911860466003418,8.970299702274511,8.700021653002324,8.765764328743753,9075915
2003-10-21,9.211355209350586,9.211355209350586,8.970297235195156,9.131002551298776,12955533
2003-10-22,8.86803150177002,9.138309535384572,8.838812276010803,9.094480306062156,9297068
2003-10-23,8.816896438598633,8.838810658566091,8.473570794095984,8.54661845444319,10934356
2003-10-24,8.59775161743164,8.73654271457041,8.568532397962057,8.70001927625869,5402203
2003-10-27,8.787677764892578,8.831506207554185,8.66349587507288,8.758457761295391,4819614
2003-10-28,9.00682258605957,9.04334681342713,8.875336461450404,8.875336461450404,11227975
2003-10-29,9.196747779846191,9.299014677017407,9.11639510615921,9.204052781463323,9867145
2003-10-30,9.299013137817385,9.430499238326004,9.094478595962942,9.204051257981668,11973764
2003-10-31,9.262490272521973,9.30631950001639,9.14561337435973,9.24057604945834,6371467
2003-11-03,9.532767295837402,9.59850995813852,9.313623525432869,9.372061968389684,11399060
2003-11-04,9.518156051635742,9.627728703898253,9.29901230984465,9.598508704868012,9987419
2003-11-05,9.364757537841797,9.54737787854227,9.32823331342828,9.459720208770095,6376304
2003-11-06,9.591206550598145,9.810350339551103,9.401281204229589,9.437805429510792,14590266
2003-11-07,9.971056938171388,9.992971161839847,9.751912357385264,9.766521579375182,16207244
2003-11-10,9.364757537841797,9.883398555318708,9.335538314584406,9.715388216930489,19630818
2003-11-11,8.919164657592773,9.131004232708122,8.831506983203715,9.131004232708122,25022376
2003-11-12,9.057953834533691,9.152916490067206,8.926467741874738,8.970296960339049,12405712
2003-11-13,9.240575790405272,9.43050035391094,9.16022312051315,9.415891132733794,11828589
2003-11-14,9.123700141906738,9.328234735898116,9.06526168648063,9.182138597332846,8544685
2003-11-17,8.765764236450195,8.962994605699551,8.721935786417374,8.94108038068314,12676911
2003-11-18,8.736542701721191,8.97029723850108,8.700019263463188,8.904553799449456,8475996
2003-11-19,8.634276390075684,8.670799830726475,8.356694178020938,8.517400286079262,17860657
2003-11-20,8.561229705810547,8.773069280083304,8.415132801042725,8.765763497204329,13836846
2003-11-21,8.532011032104492,8.590448703871353,8.415133344469162,8.502791024170257,9537091
2003-11-24,8.685413360595703,8.729241815786176,8.539317207681941,8.539317207681941,9250786
2003-11-25,8.846115112304688,8.882640115497747,8.714629007644971,8.780372450658358,7919061
2003-11-26,8.605057716369629,8.94107836197906,8.575837714455373,8.816896479311643,9269516
2003-11-27,8.692715644836426,8.736544090258683,8.656191419406454,8.729239870266397,2943751
2003-11-28,8.656190872192383,8.79498276377891,8.546618984196357,8.700020096211047,5562315
2003-12-01,8.933774948120117,8.955689955364601,8.794984590441882,8.824203037366694,8713650
2003-12-02,8.941081047058105,9.087176412300751,8.882642588414138,9.057957182978766,12509351
2003-12-03,9.036040306091309,9.079868746535924,8.868029982108535,8.875334982638321,8067724
2003-12-04,8.809591293334961,9.021430833183445,8.780372073402999,8.962992393319519,11397246
2003-12-05,8.590446472167969,8.714628348158572,8.480874596348967,8.61966647251117,15273579
2003-12-08,8.444353103637695,8.539315782524804,8.393218872626372,8.473572329343947,7905817
2003-12-09,8.378609657287598,8.65619191103969,8.327475426234587,8.561230013442342,9562488
2003-12-10,8.166768074035645,8.371302604022441,8.137548855466102,8.290949948297948,13143643
2003-12-11,8.298256874084473,8.415132994119459,8.269037648733933,8.312866096076156,9569580
2003-12-12,8.349390029907227,8.47357272161664,8.254428127991163,8.43704849245119,7871968
2003-12-15,8.312867164611816,8.58314522918763,8.290952938123851,8.54662099746284,9219860
2003-12-16,7.962236881256103,8.122942244290751,7.867274195080771,8.108333020999982,17870576
2003-12-17,7.765005588531494,7.998758579596394,7.699262144693235,7.991453578866127,15584935
2003-12-18,7.830747604370117,7.962234481188961,7.640822289268899,7.69195650879123,12314430
2003-12-19,7.786921977996826,7.940323129218975,7.750396964173354,7.925712342322299,10804343
2003-12-22,7.58238410949707,7.808833651586998,7.575079890488,7.735785210560045,6656805
2003-12-23,7.852664470672607,7.867273693031088,7.604300658273716,7.71387256074749,6292492
2003-12-24,7.852664470672607,7.852664470672607,7.852664470672607,7.852664470672607,0
2003-12-25,7.852664470672607,7.852664470672607,7.852664470672607,7.852664470672607,0
2003-12-26,7.852664470672607,7.852664470672607,7.852664470672607,7.852664470672607,0
2003-12-29,8.020673751831055,8.042587973119382,7.896491862252061,7.918406083540388,5070369
2003-12-30,8.049891471862793,8.137549130534456,8.035282252767692,8.108330692344252,3943974
2003-12-31,8.049891471862793,8.049891471862793,8.049891471862793,8.049891471862793,0
2004-01-01,8.049891471862793,8.049891471862793,8.049891471862793,8.049891471862793,0
2004-01-02,8.3347806930542,8.364000701080647,8.093721877773662,8.115636883793497,7202296
2004-01-05,8.239819526672363,8.3932198942772,8.13755183356853,8.364001446381563,8824617
2004-01-06,8.247121810913086,8.363999481880274,8.18868414748013,8.312865256654913,6064107
2004-01-07,8.590446472167969,8.64158069140157,8.363998501811166,8.393216939420364,18803835
2004-01-08,8.962994575500488,9.13100493567226,8.721935757030511,8.729240759133775,23170714
2004-01-09,9.08717441558838,9.218661309329512,8.94838408351426,9.12369863955726,16810858
2004-01-12,8.480875968933105,8.751153983547754,8.444352525326982,8.66349631243223,58451240
2004-01-13,8.40782642364502,8.619665943564675,8.385912206099386,8.53931329165272,28191349
2004-01-14,8.47357177734375,8.510095221071904,8.342084879547581,8.437047552248467,12493987
2004-01-15,8.356695175170898,8.4662670729319,8.195989829303718,8.334780170524974,17110418
2004-01-16,8.451658248901367,8.532010925616019,8.422438241331829,8.48087669373652,16920365
2004-01-19,8.575840950012207,8.809594802582298,8.546621718440946,8.619670188052767,23230641
2004-01-20,8.458962440490723,8.62697357660488,8.37130476218354,8.62697357660488,16740227
2004-01-21,8.539315223693848,8.539315223693848,8.334779875768142,8.437047549730995,14367172
2004-01-22,8.298256874084473,8.597753347902122,8.239818423383394,8.597753347902122,19065110
2004-01-23,8.3347806930542,8.371304921720052,8.15216111245935,8.364000701080647,13607379
2004-01-26,8.415131568908691,8.444351570677618,8.276341248708519,8.34208390858749,9707600
2004-01-27,8.634276390075684,8.714629053421314,8.532009506066165,8.54661872605307,25652398
2004-01-28,8.765764236450195,8.831507692866648,8.56853464856806,8.575839650695935,27643300
2004-01-29,8.539315223693848,8.78037323396968,8.524705221113242,8.663496338793351,18907576
2004-01-30,8.692715644836426,8.729239870266397,8.605058753991914,8.663496420765876,15935949
2004-02-02,8.79498291015625,8.838811353537276,8.68541102033659,8.707325242027101,14426036
2004-02-03,8.911860466003418,8.970299702274511,8.838812788057199,8.875337017713923,18005449
2004-02-04,8.656190872192383,8.875335429551523,8.60505821001027,8.773068542453121,14796864
2004-02-05,8.532011032104492,8.707326391506683,8.488181801570343,8.56853447928788,10691084
2004-02-06,8.648886680603027,8.721934345714004,8.568533233203736,8.634276678760578,9372469
2004-02-09,8.809591293334961,8.838810513266923,8.70001941393186,8.729238633863822,10132869
2004-02-10,8.736542701721191,8.794981921941423,8.590446604588143,8.765761921147801,10372171
2004-02-11,8.670801162719727,8.743849617977013,8.634277716458268,8.729240395745865,6716892
2004-02-12,8.634276390075684,8.75845749474909,8.583142948070925,8.714629053421314,8582966
2004-02-13,8.502789497375488,8.707324827984735,8.415131833414552,8.692714826641048,8682810
2004-02-16,8.437047958374023,8.539315637290146,8.371304506311313,8.517401413724965,5328807
2004-02-17,8.561229705810547,8.568533925955215,8.400523579386235,8.502790475083126,6747167
2004-02-18,8.648886680603027,8.670800120632522,8.561229013649601,8.590447454600321,7595172
2004-02-19,8.714630126953125,8.765763575256875,8.663496678649373,8.692715903589683,9524889
2004-02-20,8.415131568908691,8.634276112606374,8.37860812943161,8.634276112606374,12973227
2004-02-23,8.247121810913086,8.517400594822172,8.195989148421909,8.473571370538592,10209098
2004-02-24,8.108332633972168,8.28364799329665,7.991454946388642,8.210599536227848,16361702
2004-02-25,8.371302604675293,8.407826823231817,8.013366981828737,8.152158856070129,16155290
2004-02-26,8.290952682495117,8.502791500959438,8.21060000027185,8.415133816342987,11354397
2004-02-27,8.3347806930542,8.400524148379294,8.247123013076477,8.385914925733275,13331946
2004-03-01,8.269038200378418,8.378610107410914,8.152161291179162,8.34208587794434,9011694
2004-03-02,8.575840950012207,8.575840950012207,8.371306329013377,8.378611332248028,15585350
2004-03-03,8.539315223693848,8.597752889914883,8.4516575523116,8.524705221113242,7500856
2004-03-04,8.751153945922852,8.773068949632856,8.56853360320889,8.634277051604656,13012292
2004-03-05,8.641581535339355,8.838811087348418,8.59044731111198,8.707324979798068,15553536
2004-03-08,8.634276390075684,8.736543274085202,8.61966717008878,8.663495611416556,5741544
2004-03-09,8.458962440490723,8.488181666593116,8.385914765918333,8.473572444225514,11350713
2004-03-10,8.3347806930542,8.422438373031921,8.276343021102925,8.422438373031921,8449501
2004-03-11,8.079109191894531,8.195986829797322,7.918403904841076,8.181376050680026,19445791
2004-03-12,8.217903137207031,8.305560801925257,7.903795919274758,7.903795919274758,14157968
2004-03-15,7.947624206542969,8.254425606249605,7.92570920691844,8.188682951476954,10290877
2004-03-16,7.7796149253845215,8.093720585095367,7.743090702552089,7.947625256499799,26087954
2004-03-17,7.998758792877197,8.03528301613535,7.823443458878571,7.852663462578765,19306329
2004-03-18,8.079109191894531,8.210596046180877,8.013365764751358,8.181376050680026,19699544
2004-03-19,8.181378364562988,8.232512589784548,8.013368031117116,8.210598368327933,26363737
2004-03-22,7.947624206542969,8.071805297580404,7.801528115881004,8.035281860940147,11520604
2004-03-23,7.976848125457764,8.144858533386355,7.9476288901063805,8.035286596160528,11953741
2004-03-24,8.144854545593262,8.166768766035542,7.962235000084848,8.049891881853972,11391675
2004-03-25,8.049891471862793,8.422436325875607,7.859966935424365,8.24712100853228,43092583
2004-03-26,8.101025581359863,8.254425895912796,7.976843704597676,8.254425895912796,19034666
2004-03-29,8.429741859436035,8.45165686151572,8.159463866090153,8.166768866783382,12224212
2004-03-30,8.495485305786133,8.54661874792173,8.356694199403629,8.52470452720177,19130473
2004-03-31,8.692715644836426,8.787678318407497,8.52470530177255,8.53201030313197,21267354
2004-04-01,8.875336647033691,8.919165095697474,8.663497061512894,8.787678968338934,17897426
2004-04-02,9.050650596618652,9.116394040755305,8.773068381279355,8.853421045575775,16778226
2004-04-05,9.41589069366455,9.43780491509196,9.167526912930285,9.277099582801508,24124274
2004-04-06,9.211355209350586,9.496242403313284,8.962992234999444,9.48893740311757,25679199
2004-04-07,9.057953834533691,9.291708364065032,8.955686960395282,9.196745708531516,11385116
2004-04-08,9.233269691467283,9.26979469348582,9.145612030723909,9.145612030723909,10408791
2004-04-09,9.233269691467283,9.233269691467283,9.233269691467283,9.233269691467283,0
2004-04-12,9.233269691467283,9.233269691467283,9.233269691467283,9.233269691467283,0
2004-04-13,9.182136535644531,9.364756863188724,9.13830809459948,9.320927640776612,8914928
2004-04-14,8.999518394470215,9.09448108162776,8.802288799117811,9.021433401683897,17002666
2004-04-15,8.729238510131836,8.904553827238614,8.641580851578446,8.904553827238614,17494943
2004-04-16,8.58314323425293,8.707325124433913,8.524704789622714,8.626972458409137,13470981
2004-04-19,8.575840950012207,8.619670188052767,8.4151347856866,8.605060962950805,9675549
2004-04-20,8.780374526977539,8.911860662730142,8.692716842686723,8.721936070783661,10752495
2004-04-21,8.305560111999512,9.116393247947084,8.29825511187137,8.700019179781085,46894526
2004-04-22,8.298256874084473,8.400523772127775,8.02797884425019,8.378609548456662,32832530
2004-04-23,8.254425048828125,8.415130347020366,8.09371896926896,8.400521129624218,20592622
2004-04-26,8.276342391967773,8.466266960131913,8.276342391967773,8.327475058025533,9000579
2004-04-27,8.276342391967773,8.37130428536627,8.181378935834983,8.25442738761383,6898214
2004-04-28,7.991453647613525,8.239817423642604,7.940320986162994,8.217903202630355,19590894
2004-04-29,7.903797149658203,8.013369052271266,7.852664480654925,7.925711373907378,12837886
2004-04-30,7.808835029602051,7.984149599996804,7.75770079931278,7.852664258226116,10448791
2004-05-03,7.998758792877197,8.027978015210302,7.743090792804306,7.743090792804306,9370576
2004-05-04,7.911101341247559,8.079111678895003,7.881882118118997,7.969539787504679,11057978
2004-05-05,7.896492958068848,7.9695406329559795,7.794225275586229,7.896492958068848,10733002
2004-05-06,7.633519172668457,7.874577960730083,7.611604950490251,7.852663738551876,14854345
2004-05-07,7.918404102325439,7.991451748798756,7.655431168561096,7.706564599229106,18479297
2004-05-10,7.655434131622314,7.823444486770111,7.655434131622314,7.662738352139946,10536015
2004-05-11,7.816138744354248,7.889187193547212,7.772310299932164,7.786920302317604,12090412
2004-05-12,7.699261665344238,7.962234642957745,7.6554324450584765,7.8818812026616865,13516537
2004-05-13,7.8380537033081055,7.889187935096421,7.75039602485738,7.76500680998329,8230187
2004-05-14,7.677349090576172,7.816139437340423,7.5750814089122995,7.808835216867223,11894931
2004-05-17,7.436288833618164,7.553165714850428,7.2755835126073185,7.553165714850428,18389939
2004-05-18,7.531252384185791,7.589690050334697,7.436289711630453,7.5166423816232175,8613428
2004-05-19,7.7796149253845215,7.881881811674836,7.68465225856703,7.713871480559559,12964346
2004-05-20,7.70656681060791,7.706566810607911,7.604299919926677,7.662737585053729,4714512
2004-05-21,7.728480339050293,7.838052221050716,7.65543267817236,7.786919561666502,7232826
2004-05-24,7.794223785400391,7.896491448330346,7.743090344618935,7.794223785400391,7976044
2004-05-25,7.8380537033081055,7.867273710825539,7.699263355803448,7.721177580074332,6811746
2004-05-26,7.962236881256103,8.049893783735191,7.925711869611082,8.01336955345741,6692734
2004-05-27,8.064502716064453,8.108331942843309,7.976845043873878,7.984149263864406,7938396
2004-05-28,8.086416244506836,8.18137812853494,8.020673582033627,8.115635466061729,6649057
2004-05-31,8.057196617126465,8.108330838297299,8.020673178047765,8.020673178047765,1075662
2004-06-01,7.86727237701416,8.071806144022158,7.838052374450664,8.071806144022158,7607810
2004-06-02,7.881880760192871,7.984147632840277,7.874576541694468,7.903794978422033,6849947
2004-06-03,7.859968662261963,7.90379711054341,7.743091758355186,7.8453594399572095,9950492
2004-06-04,8.057196617126465,8.108330838297299,7.911100516710575,7.911100516710575,12481878
2004-06-07,8.166768074035645,8.203292292589321,8.08641541831115,8.152158855434369,9518712
2004-06-08,8.247121810913086,8.283646815621982,8.144854923196549,8.217903369880155,11927102
2004-06-09,8.130247116088867,8.25442824685201,8.108332890820927,8.247123244640287,7597582
2004-06-10,8.11563777923584,8.181380460447475,8.057199319469525,8.137552006306384,5699597
2004-06-11,7.954929828643799,8.08641592984078,7.933015608672142,8.05719670942289,7781872
2004-06-14,7.830747604370117,7.9695386999490045,7.786919166341839,7.925709480553722,7750312
2004-06-15,7.933016300201416,7.984148963681211,7.794224405092533,7.794224405092533,7021641
2004-06-16,7.947624206542969,7.998757642932912,7.90379498866089,7.984147643183226,4702318
2004-06-17,7.772311210632324,7.969540796375796,7.757701206534995,7.947626571597012,6652249
2004-06-18,7.71387243270874,7.72848165482473,7.502032851773057,7.691958208851167,17507561
2004-06-21,7.772311210632324,7.838053884968675,7.699263534247309,7.801530437459772,9349712
2004-06-22,7.70656681060791,7.823443703596243,7.662737585053729,7.728481032701445,9235601
2004-06-23,7.7796149253845215,7.8453583702094845,7.721176481399462,7.816138366849874,9013633
2004-06-24,7.903797149658203,7.947626379523743,7.867273703031977,7.889187927281151,10703972
2004-06-25,7.918404102325439,7.96953753299345,7.786918026126713,7.867270671657429,7273993
2004-06-28,8.013368606567383,8.049892832529322,7.859968263988105,7.896492489950044,6873783
2004-06-29,8.064502716064453,8.108331942843309,7.911101594389161,7.969540042516212,8878920
2004-06-30,8.057196617126465,8.203292717542356,8.049891616763913,8.137549277013447,9848352
2004-07-01,7.969539165496826,8.225207152575537,7.940320726015821,8.174073711433206,11759197
2004-07-02,7.816138744354248,7.998759085969539,7.801529523335926,7.947625640354735,9241521
2004-07-05,7.801529884338379,7.816139106032717,7.728481431765223,7.7796156611132945,4165095
2004-07-06,7.626214027404785,7.823443586016626,7.6116048066843645,7.801529364252445,9863206
2004-07-07,7.458203792572021,7.648128352711351,7.458203792572021,7.626214130650488,13392537
2004-07-08,7.341326236724853,7.4435946916363,7.14409745363087,7.436289690375894,25037241
2004-07-09,7.39976692199707,7.421681148724721,7.246365772168961,7.2755857829622,7946850
2004-07-12,7.195230484008789,7.334021593102117,7.158706261184098,7.326716592263762,13424068
2004-07-13,7.166011333465576,7.297497443031429,7.12948711027675,7.282888222576152,14805279
2004-07-14,7.06374454498291,7.06374454498291,6.888429970839193,6.998001091324525,22342884
2004-07-15,6.954171180725098,7.136791499653858,6.910342741747726,7.012610401639961,18411763
2004-07-16,7.034524917602539,7.21714446286088,7.012610697190267,7.012610697190267,13177305
2004-07-19,6.793466091156006,7.06374329713051,6.793466091156006,7.019914856678932,14210082
2004-07-20,6.990694999694824,7.056438435755888,6.705807818586183,6.720417036951432,24597081
2004-07-21,7.158706665039063,7.290193562078887,7.114878220270538,7.19523088992425,18605594
2004-07-22,6.90303897857666,7.005305875429428,6.895733976982274,6.968782430191817,12678627
2004-07-23,6.851905822753906,6.990696952138379,6.80077237214392,6.9760869483257,7756739
2004-07-26,6.5816264152526855,6.895732836838008,6.5816264152526855,6.808075176300218,15350642
2004-07-27,6.610846042633057,6.6985037085702,6.479359934410881,6.632760263775572,14179961
2004-07-28,6.530494213104248,6.727723791356428,6.442836535951371,6.713114569181205,13697686
2004-07-29,6.69119930267334,6.742331963003186,6.501274365101137,6.537798196215565,15400639
2004-07-30,6.640067100524902,6.749639017900112,6.574323637552857,6.749639017900112,9548485
2004-08-02,6.515885353088379,6.610847652300776,6.486666123994774,6.574323420591953,9189526
2004-08-03,6.501274108886719,6.610845597911804,6.4720544981897765,6.574321377553261,6657772
2004-08-04,6.179863929748535,6.369788897975607,6.121425087302766,6.318655057341906,16252932
2004-08-05,6.260216236114502,6.399006964833134,6.230996621274304,6.267520456128305,10829521
2004-08-06,6.011852741241455,6.136035036152942,5.938805458557985,6.121425032659222,15309770
2004-08-09,5.953414916992188,6.004548759199081,5.807318783091927,5.968024139698609,13377652
2004-08-10,6.09220552444458,6.143338577603699,5.909585189158388,5.9607190236845975,11158695
2004-08-11,5.902280807495117,6.077596160236114,5.712355842025704,6.062986938191284,18982561
2004-08-12,5.697745800018311,5.931499179349939,5.566259304384784,5.887670347472096,23324182
2004-08-13,5.7342705726623535,5.829233252663227,5.566260218222709,5.624698279637007,19418177
2004-08-16,5.968023300170898,5.989937912514989,5.653917242496353,5.6831364651661085,15859848
2004-08-17,5.98993730545044,6.114119575236674,5.931498866033513,5.968022695327337,13857860
2004-08-18,6.114119529724121,6.150643358746068,5.94610843162584,6.0191564803532405,11849520
2004-08-19,6.128729820251465,6.318654780146653,6.084900983352576,6.238302107840476,18717138
2004-08-20,6.03376579284668,6.136033446710356,5.960718138401462,6.099508838120771,9751630
2004-08-23,6.20177698135376,6.2309954185032055,6.1068143258336045,6.136033544350038,11494796
2004-08-24,6.157948970794678,6.296739691141281,6.143338578230542,6.157948970794678,11239705
2004-08-25,6.077596187591553,6.238302319011063,5.997243512565387,6.238302319011063,11862816
2004-08-26,6.1944732666015625,6.216387489693865,6.099510200695139,6.136034817443987,9927081
2004-08-27,6.1725592613220215,6.238302718447129,6.106816194880527,6.17986426352864,6879925
2004-08-30,6.106814861297607,6.194472524532997,6.077595249535617,6.172557913382385,4255530
2004-08-31,5.843841552734375,6.033766492078747,5.82923233269911,6.026462272744647,15386417
2004-09-01,5.968023300170898,5.997242913524203,5.865756411510304,5.916890246524151,8671162
2004-09-02,5.938804626464844,5.960718847267816,5.87306118268886,5.946108845821122,9509884
2004-09-03,5.705050945281982,5.778098609579767,5.588173666628323,5.668526331766009,25313640
2004-09-06,5.821927547454834,5.858452161628825,5.726965660293615,5.726965660293615,10083262
2004-09-07,5.807318210601807,5.880366661034366,5.778098986702209,5.851147046451203,8790060
2004-09-08,5.712355613708496,5.829232901547945,5.683136780103098,5.807318287989432,11531475
2004-09-09,5.7342705726623535,5.80731863778472,5.544345603344202,5.705051737297002,20263212
2004-09-10,6.026463508605957,6.03376772943795,5.814624305082782,5.821928525914776,20568423
2004-09-13,6.187168121337891,6.187168121337891,6.0995104441034425,6.114120838343032,14070836
2004-09-14,6.114119529724121,6.165252577808041,6.0556803093751865,6.136033749000588,13078643
2004-09-15,6.077596187591553,6.201778482367421,6.041072350947911,6.077596187591553,12252009
2004-09-16,6.179863929748535,6.201778544501147,6.004548574462008,6.011852794906891,13541802
2004-09-17,6.20177698135376,6.260215027703133,6.128728544379182,6.136033544350038,17472838
2004-09-20,6.289434432983398,6.3186540448660455,6.077595274631568,6.201777550753109,13056517
2004-09-21,6.406312942504883,6.493970622987642,6.245606804269553,6.260216808366951,22006802
2004-09-22,6.209082126617432,6.457445911757076,6.143338679801984,6.369788243125514,19081291
2004-09-23,6.106814861297607,6.194472524532997,6.077595249535617,6.143338301620394,10445793
2004-09-24,6.143338680267334,6.179863294891913,6.041071790872984,6.092205626253711,10768681
2004-09-27,6.026463508605957,6.077596570582429,5.982634667461478,6.048377733836389,9837475
2004-09-28,6.026463508605957,6.062987347551216,5.953415049348212,5.989938888293471,10060796
2004-09-29,6.070291996002197,6.136035058545911,5.982634318821519,6.026463157411858,13040534
2004-09-30,6.0045485496521,6.172558902432365,5.997243547870214,6.121425062009942,11443293
2004-10-01,6.20177698135376,6.223691199899338,6.033765888859027,6.062985498058954,12213145
2004-10-04,6.377091884613037,6.4647495452967405,6.318653834840752,6.413616495923189,14679457
2004-10-05,6.391702651977539,6.464750320624497,6.274825757048704,6.333263813829557,11348553
2004-10-06,6.391702651977539,6.486664933765436,6.36248342824533,6.406312263843644,10705996
2004-10-07,6.399006843566895,6.48666490505916,6.369788401331117,6.457446072139821,8059274
2004-10-08,6.260216236114502,6.391702744819331,6.230996621274304,6.3259596858087015,9716172
2004-10-11,6.187168121337891,6.27482618925593,6.128730060531849,6.238302352416705,8568111
2004-10-12,6.019158363342285,6.172559509000461,5.975329520394753,6.172559509000461,14132600
2004-10-13,6.1725592613220215,6.209083100304271,6.077596576737668,6.1506450360693945,16490720
2004-10-14,6.077596187591553,6.121425025974077,6.033767349209029,6.062986965480967,10495821
2004-10-15,6.0556817054748535,6.106815937397973,5.989938641805294,6.004548645602526,9472353
2004-10-18,6.0045485496521,6.070292002954702,5.97532893320815,6.048377388292637,6041637
2004-10-19,6.084901332855225,6.143339394726715,6.062987108488866,6.099510555310399,9829906
2004-10-20,6.041070938110352,6.05568015680425,5.960718281876424,6.004547110008612,10145153
2004-10-21,6.099509239196777,6.157948460509416,5.9972423599754725,6.0849000198938885,14618441
2004-10-22,6.099509239196777,6.201777290468623,6.070290800591,6.150643460174457,10122268
2004-10-25,5.946108818054199,5.997242650828241,5.894975766647222,5.968023038754837,12501569
2004-10-26,5.960719108581543,6.004547942792446,5.909585273327047,5.975328329301626,6982610
2004-10-27,6.09220552444458,6.09220552444458,5.953414022745048,6.026462469406362,6956113
2004-10-28,6.1944732666015625,6.230996711299684,6.099510200695139,6.15064442973338,14854573
2004-10-29,6.238301753997803,6.260215975862463,6.17986330811397,6.17986330811397,8589137
2004-11-01,6.1725592613220215,6.2017788794648805,6.114121197087145,6.165254259115404,7455529
2004-11-02,6.238301753997803,6.2675201955726125,6.143338693411245,6.157949086249309,8957421
2004-11-03,6.296740531921387,6.362483986428336,6.245606690562249,6.296740531921387,10137221
2004-11-04,6.209082126617432,6.230996348433546,6.150644071546609,6.216387127678505,7069377
2004-11-05,6.296740531921387,6.355178593829033,6.223692856865929,6.296740531921387,10972012
2004-11-08,6.318654537200928,6.340568759466006,6.238301867984228,6.267520310092919,7957497
2004-11-09,6.230996131896973,6.230996131896973,6.070291193024287,6.070291193024287,22798069
2004-11-10,6.209082126617432,6.296739795248993,6.179863294423797,6.245605959872139,11282952
2004-11-11,6.245605945587158,6.26752016735315,6.092205611858112,6.187167499966445,9277630
2004-11-12,6.260216236114502,6.333263905822505,6.209082398498618,6.318654684427759,9118682
2004-11-15,6.325959205627441,6.413616871443543,6.296739593005201,6.333263425086807,10594608
2004-11-16,6.267518997192383,6.435530083009192,6.23830056120428,6.369787039302048,11817162
2004-11-17,6.53779935836792,6.567018584726854,6.274826321137521,6.318655160675921,22558005
2004-11-18,6.574322700500488,6.6400661541019765,6.4282269617180985,6.479360802372988,19505767
2004-11-19,6.567018985748291,6.720419347474835,6.545104759982676,6.574323206758665,22210834
2004-11-22,6.472055912017822,6.501275529097823,6.399007455343218,6.428227072423219,10951807
2004-11-23,6.347873210906982,6.552407366840024,6.333263209750844,6.552407366840024,14093722
2004-11-24,6.209082126617432,6.304044796310067,6.172558293362724,6.245605959872139,15508834
2004-11-25,6.1725592613220215,6.230997325556898,6.143339643179163,6.143339643179163,8925867
2004-11-26,6.187168121337891,6.216387737766298,6.1360350623098485,6.157949676960256,5774313
2004-11-29,6.143338680267334,6.282130574969815,6.128729459511185,6.245605960345236,8317630
2004-11-30,6.084901332855225,6.1725590116878575,6.019157878388951,6.157949789232683,10040487
2004-12-01,6.09220552444458,6.099509744017039,5.931499410609945,6.019157077783267,19141319
2004-12-02,6.157948970794678,6.172558191308177,6.0556809110482765,6.136034358657339,15759522
2004-12-03,6.20177698135376,6.31134807408165,6.187166590728555,6.252910027732277,15642070
2004-12-06,6.143338680267334,6.209082127087761,6.128729459511185,6.165253292768661,5667928
2004-12-07,6.187168121337891,6.26752079679434,6.1068158365650325,6.128730060531849,10364708
2004-12-08,6.077596187591553,6.157949643984897,6.048377352686792,6.1068158038634905,10197970
2004-12-09,5.902280807495117,6.048377325462868,5.887671194766701,6.004548487277619,16119743
2004-12-10,5.953414916992188,5.968024139698609,5.902281074785294,5.953414916992188,7863061
2004-12-13,5.968023300170898,5.9826336928728745,5.902280244505723,5.968023300170898,7171611
2004-12-14,5.960719108581543,6.01915716351253,5.92419449404713,6.011852162468937,7627265
2004-12-15,6.011852741241455,6.062986972102292,5.968023902811066,6.004548520861774,9965968
2004-12-16,6.0045485496521,6.026463164314164,5.960719711011562,5.9680239314262655,6642236
2004-12-17,5.821927547454834,6.004547883539955,5.807317936195366,5.989937881596939,20119648
2004-12-20,5.770794868469238,5.865756761791388,5.748880254816488,5.836537928060343,10460831
2004-12-21,5.785403728485107,5.858452175640706,5.734269893612898,5.756184115212739,8899099
2004-12-22,5.858452320098877,5.894976153893736,5.821927704936902,5.858452320098877,7372863
2004-12-23,5.814623355865479,5.858452189855051,5.7707945218759065,5.843841797158095,6148510
2004-12-24,5.814623355865479,5.814623355865479,5.814623355865479,5.814623355865479,0
2004-12-27,5.778098583221436,5.836537417623451,5.763488972291817,5.792708584834593,3144543
2004-12-28,5.814623355865479,5.829232576511786,5.741574908532642,5.800012963168522,3748068
2004-12-29,5.807318210601807,5.8438420451345205,5.778098986702209,5.821927822551605,5245145
2004-12-30,5.829233169555664,5.829233169555664,5.770795108974519,5.81462394742307,3875448
2004-12-31,5.829233169555664,5.829233169555664,5.829233169555664,5.829233169555664,0
2005-01-03,5.931499004364014,5.968022834509623,5.8511463436335625,5.8511463436335625,8937551
2005-01-04,5.829233169555664,5.909585844702878,5.81462394742307,5.887671230136808,8823605
2005-01-05,5.770794868469238,5.814623705091165,5.734270251925606,5.741575253371047,10234604
2005-01-06,5.785403728485107,5.8438417829792,5.741574894601877,5.748879895590856,8766145
2005-01-07,5.807318210601807,5.814623602602055,5.705051317636782,5.770794766752659,8816505
2005-01-10,5.814623355865479,5.843841797158095,5.75618412917895,5.778098741515511,12016810
2005-01-11,5.632002830505371,5.807318172760579,5.632002830505371,5.74888011602574,17572073
2005-01-12,5.463992118835449,5.705050893424423,5.442077897882017,5.6977458926509215,22945460
2005-01-13,5.515127182006836,5.566260636089352,5.354421426673235,5.434774108998223,31341615
2005-01-14,5.529736042022705,5.551650264874245,5.4639925921009445,5.478602204229828,11662838
2005-01-17,5.478602409362793,5.544345471062572,5.4493835746945685,5.522431247390507,5931388
2005-01-18,5.383639812469482,5.471297483479996,5.310591753294053,5.442078259809825,14253178
2005-01-19,5.390944004058838,5.442078231238524,5.376334782984015,5.398249395963371,9466653
2005-01-20,5.288677215576172,5.332506051706097,5.237543378082809,5.317896830346357,10025821
2005-01-21,5.244849681854248,5.295983532045237,5.237544678676822,5.25945890684177,10382359
2005-01-24,5.113361835479736,5.215628728387793,5.040314166455,5.208324508442312,22412164
2005-01-25,5.076837539672852,5.113361370866571,4.9818748753388284,5.076837539672852,21923324
2005-01-26,5.171800136566162,5.215628186470161,5.07683747347046,5.098752084447747,14839637
2005-01-27,5.208324432373047,5.237543265146051,5.135275983048075,5.179104818232922,12670512
2005-01-28,5.127971172332764,5.259456881369588,5.091446561195309,5.237542661644037,8942066
2005-01-31,5.201019763946533,5.237543600262382,5.1718009293040055,5.193715543640383,7816154
2005-02-01,5.288677215576172,5.295982216939611,5.215628764676063,5.215628764676063,9311119
2005-02-02,5.222933292388916,5.347114788153641,5.179104460233683,5.339810568819736,9707589
2005-02-03,5.076837539672852,5.230238646463649,5.06953253902399,5.201019034551732,10950813
2005-02-04,5.179104804992676,5.179104804992676,5.076837913839703,5.076837913839703,8758886
2005-02-07,5.281371593475342,5.295981594485056,5.222933152170576,5.259456982644293,9937592
2005-02-08,5.478602409362793,5.485907411042538,5.259457828540636,5.295982446255776,18665474
2005-02-09,5.49321174621582,5.617393243551937,5.41285830022247,5.485906745422411,20531315
2005-02-10,5.442078113555908,5.522430781147649,5.4274685021134506,5.500516168642186,10432959
2005-02-11,5.522430419921875,5.551649640895541,5.442077757586055,5.485906589046555,9136093
2005-02-14,5.646612644195557,5.675831868949186,5.5662599714648655,5.595479196218495,13567514
2005-02-15,5.624698638916016,5.719661324982654,5.580869797043018,5.653918257514968,11145498
2005-02-16,5.515127182006836,5.610089478453061,5.500517177201975,5.595479864331824,7747285
2005-02-17,5.442078113555908,5.522430781147649,5.4274685021134506,5.500516168642186,9611178
2005-02-18,5.485907077789307,5.500516298894157,5.383639795270419,5.390944015139283,12213689
2005-02-21,5.61008882522583,5.632003048514226,5.544345373993487,5.588174211253856,10966257
2005-02-22,5.7342705726623535,5.770795191248928,5.544345603344202,5.588174442417622,14733147
2005-02-23,5.72696590423584,5.7854039610793535,5.624697839696324,5.646612452860761,15720849
2005-02-24,5.843841552734375,5.880366165556669,5.792708501243883,5.821927331997945,17621879
2005-02-25,5.894976615905762,5.95341467642084,5.873062001364468,5.916890839763468,11501503
2005-02-28,5.756184577941895,5.946109540036947,5.719660742111559,5.894976482421341,15212242
2005-03-01,5.785403728485107,5.858452175640706,5.697746060718647,5.712355281329509,12028062
2005-03-02,5.843841552734375,5.880366165556669,5.800012720577982,5.851146553435541,12728653
2005-03-03,5.6758317947387695,5.785404081474031,5.6758317947387695,5.7561844664188655,14289525
2005-03-04,5.624698638916016,5.726966717986916,5.61008941564197,5.690442097067322,12123847
2005-03-07,5.588173389434815,5.624697219771993,5.507820728282908,5.588173389434815,13197549
2005-03-08,5.595478534698486,5.661221977963486,5.507820870800841,5.551649702749663,11386407
2005-03-09,5.566259384155273,5.639307438331867,5.537040553168172,5.573564384914701,7467266
2005-03-10,5.522430419921875,5.588173471770862,5.515125810020222,5.529735420507055,7828165
2005-03-11,5.551650524139404,5.653917813817526,5.544345522392029,5.653917813817526,9077007
2005-03-14,5.551650524139404,5.573565138697939,5.507821685705923,5.515126687453297,5862062
2005-03-15,5.471297264099121,5.573564542844142,5.442078041600544,5.529735709096276,7212715
2005-03-16,5.383639812469482,5.4493832610691495,5.383639812469482,5.442078259809825,10017678
2005-03-17,5.369030475616455,5.420164318720736,5.354421252653645,5.383640479946488,7409995
2005-03-18,5.288677215576172,5.420163723965946,5.281372214212734,5.38363988919946,12885100
2005-03-21,5.303286552429199,5.405554620326655,5.252153495189414,5.325201166313196,10273631
2005-03-22,5.354419708251953,5.390943145807955,5.2959812705219536,5.2959812705219536,9452638
2005-03-23,5.369030475616455,5.383640479946488,5.295982798067959,5.295982798067959,5808975
2005-03-24,5.442078113555908,5.478601946820276,5.383639667786078,5.398249279228535,8500125
2005-03-25,5.442078113555908,5.442078113555908,5.442078113555908,5.442078113555908,0
2005-03-28,5.442078113555908,5.442078113555908,5.442078113555908,5.442078113555908,0
2005-03-29,5.339810371398926,5.434772642215932,5.310591151042383,5.412858031606765,5924442
2005-03-30,5.369030475616455,5.3909447007442814,5.295982798067959,5.332506636842207,9306071
2005-03-31,5.405555248260498,5.493212932612043,5.376335629459694,5.44938409043627,10515088
2005-04-01,5.4274678230285645,5.49321126163558,5.383638994185056,5.383638994185056,7855843
2005-04-04,5.332505226135254,5.39824866549362,5.317896007037293,5.39824866549362,7018439
2005-04-05,5.266762733459473,5.376334623045971,5.252153122135702,5.347115009714882,9107019
2005-04-06,5.361725330352783,5.420163384178999,5.230238830205822,5.266762662682651,12254674
2005-04-07,5.39824914932251,5.405554150209723,5.339810704958969,5.354420316049855,8223232
2005-04-08,5.456686973571777,5.485906585208529,5.434772753198622,5.442077753778691,6998280
2005-04-11,5.390944004058838,5.434773230017551,5.354420560688219,5.420163618259167,4466101
2005-04-12,5.361725330352783,5.383639551702171,5.325200716508867,5.369029549891187,7371000
2005-04-13,5.339810371398926,5.42016303203766,5.295981540864111,5.405553812542907,8146005
2005-04-14,5.295982360839844,5.347115418355436,5.28137235771599,5.295982360839844,8429389
2005-04-15,5.113361835479736,5.208324508442312,5.106057615534255,5.201019507129699,16427105
2005-04-18,4.996485710144043,5.033009547430623,4.930742646754761,5.003789930644325,16736533
2005-04-19,5.00378942489624,5.120666708177503,4.967265591301235,5.084142874582498,11141264
2005-04-20,5.040313720703125,5.120666383934299,5.011094108720343,5.076837551985423,11534047
2005-04-21,5.076837539672852,5.164495203358013,4.9891798759876895,4.996484876636552,11422844
2005-04-22,5.076837539672852,5.201019034551732,5.0622283197421885,5.14988598342735,9961103
2005-04-25,5.179104804992676,5.193715198050727,5.091447134847076,5.120666748912502,8134993
2005-04-26,5.054922580718994,5.0914464094005085,4.916131094088832,5.076837190474706,19915558
2005-04-27,4.989181041717529,5.047619107144917,4.923437583250832,5.00379026506166,13961479
2005-04-28,4.813864707946777,5.040313875303563,4.813864707946777,5.003789261533891,15382257
2005-04-29,4.696988582611084,4.85769392675662,4.67507396888351,4.7773412546838525,15221028
2005-05-02,4.80656099319458,4.8284752168007925,4.748121761299401,4.755426762957194,5966686
2005-05-03,4.828474998474121,4.87230305302121,4.791950382520253,4.813864995819147,8093172
2005-05-04,4.864998817443848,4.879608038684792,4.799255368441772,4.850389596202904,7775717
2005-05-05,5.069533348083496,5.084143351712867,4.901522994548842,4.901522994548842,14350915
2005-05-06,5.149886608123779,5.208324666985733,5.076838155508288,5.091447377211093,15168564
2005-05-09,5.149886608123779,5.157190828291604,5.098752769429651,5.120666992667436,5457984
2005-05-10,5.0330095291137695,5.186410660936472,4.981875688278337,5.135276429417446,10461538
2005-05-11,4.989181041717529,5.076838725884044,4.981876039361842,5.011095267417347,6857993
2005-05-12,5.040313720703125,5.076837551985423,5.011094108720343,5.0330087200365465,7092611
2005-05-13,5.201019763946533,5.252153603609022,5.033009413663178,5.033009413663178,14151081
2005-05-16,5.186409950256348,5.259457223870592,5.1571903375802775,5.171800339260083,9406547
2005-05-17,5.164495944976807,5.222934005141724,5.135276328868968,5.222934005141724,8211506
2005-05-18,5.325201034545898,5.332506035887668,5.171800694571564,5.208324529229706,12428366
2005-05-19,5.303286552429199,5.376335004920136,5.295982332273829,5.347115389513615,9748965
2005-05-20,5.303286552429199,5.33250616783572,5.266763107550886,5.325201166313196,8934332
2005-05-23,5.325201034545898,5.39094409320398,5.281372198545989,5.361725650571175,7306965
2005-05-24,5.215628623962402,5.317896686873583,5.164495569215707,5.295982074058076,11978538
2005-05-25,5.113361835479736,5.237543341642066,5.113361835479736,5.237543341642066,10776226
2005-05-26,5.201019763946533,5.2156289859260045,5.091447473631818,5.106057867662044,11229577
2005-05-27,5.259457111358643,5.281371722726006,5.193714839990681,5.22293327999108,9552220
2005-05-30,5.186409950256348,5.281371835706759,5.186409950256348,5.266762615394035,5292015
2005-05-31,5.201019763946533,5.266763216272079,5.164495927630685,5.1718009293040055,8832356
2005-06-01,5.281371593475342,5.303285813622868,5.179104321192002,5.230238543358955,7122853
2005-06-02,5.442078113555908,5.478601946820276,5.288676998068327,5.310591610573789,14822353
2005-06-03,5.49321174621582,5.573564410842095,5.47129713451913,5.49321174621582,17250643
2005-06-06,5.310591697692871,5.463992425013404,5.30328630582647,5.463992425013404,13810422
2005-06-07,5.347114562988281,5.376334173878207,5.252152683342726,5.332505343568593,10976812
2005-06-08,5.354419708251953,5.412857755298454,5.325200098703455,5.361724708309953,7279851
2005-06-09,5.354419708251953,5.369028927000954,5.310590879954454,5.369028927000954,5801450
2005-06-10,5.632002830505371,5.646612442359972,5.463992489519246,5.478602101373847,30895512
2005-06-13,5.573564052581787,5.653916712043113,5.5297352226891965,5.624697101431207,10044505
2005-06-14,5.588173389434815,5.595478389912363,5.544344558620088,5.551649559097636,4664923
2005-06-15,5.500516414642334,5.617393702092662,5.4566875783548,5.595479088607109,11116677
2005-06-16,5.617393493652344,5.617393493652344,5.522430823211275,5.522430823211275,5987009
2005-06-17,5.632002830505371,5.705051280461937,5.610088608065252,5.646612442359972,17429190
2005-06-20,5.573564052581787,5.617392882474378,5.537040223013052,5.6100878821505225,4736544
2005-06-21,5.55895471572876,5.602783553935243,5.537041273334486,5.602783553935243,6464683
2005-06-22,5.6758317947387695,5.71966063129616,5.5954791230586745,5.602783343126214,10758419
2005-06-23,5.807318210601807,5.953414330099793,5.748880153486178,5.807318210601807,29748828
2005-06-24,5.61008882522583,5.7196607230349645,5.61008882522583,5.7196607230349645,10584965
2005-06-27,5.522430419921875,5.588173471770862,5.500515808849861,5.566259251382375,12304556
2005-06-28,5.580868244171143,5.610087854639763,5.544344414781513,5.558953633990556,5747823
2005-06-29,5.661222457885742,5.697746292264252,5.632002843425943,5.639307844711785,9171309
2005-06-30,5.639307498931885,5.675831331070899,5.617393277785184,5.661222110762125,6827447
2005-07-01,5.661222457885742,5.675831679090295,5.602783228966145,5.61008862093555,4979925
2005-07-04,5.65391731262207,5.675831534554415,5.632002700006171,5.661222313721888,2855214
2005-07-05,5.668526649475098,5.668526649475098,5.573564758702271,5.646612427094224,5642521
2005-07-06,5.6758317947387695,5.7561844664188655,5.646612570367177,5.661222573236546,7740349
2005-07-07,5.500516414642334,5.653917536990488,5.325201069492198,5.6320029235049365,23669903
2005-07-08,5.719661235809326,5.719661235809326,5.5881747122402965,5.5881747122402965,12090549
2005-07-11,5.909584999084473,5.909584999084473,5.785403503258172,5.792708503962766,14355960
2005-07-12,5.894976615905762,5.938805454304762,5.82192816122384,5.90958583802184,8398011
2005-07-13,5.9168901443481445,5.946108975829784,5.829232477852598,5.9241943638641255,9034226
2005-07-14,6.128729820251465,6.1579494355343,6.004548311046399,6.011852531170851,22665849
2005-07-15,6.143338680267334,6.172558293830287,6.084900625192085,6.165253292768661,10773326
2005-07-18,6.070291996002197,6.136035058545911,6.004548542774894,6.106815832819018,9889949
2005-07-19,6.230996131896973,6.230996131896973,6.062986192217075,6.099509633518985,12035457
2005-07-20,6.238301753997803,6.2675201955726125,6.136034473701096,6.1652533059594585,11967057
2005-07-21,6.252911567687988,6.325960022652806,6.216387730889169,6.274826182314151,16198563
2005-07-22,6.157948970794678,6.282130470627782,6.128729357717043,6.223692025839605,9731255
2005-07-25,6.019158363342285,6.187168732632676,5.997244137210334,6.165254506500724,11749993
2005-07-26,6.099509239196777,6.099509239196777,5.858451651129917,5.8730608704328064,24021374
2005-07-27,5.946108818054199,6.09950953500926,5.909584986658626,6.0702910949864535,15169212
2005-07-28,5.909584999084473,6.011851883480524,5.887670387654223,5.989937662733809,11772600
2005-07-29,5.938804626464844,5.9899376781106,5.902280013531644,5.931499235057963,6616755
2005-08-01,5.880366325378418,5.982633603189512,5.873061324478711,5.953413990274227,5489041
2005-08-02,6.048376560211182,6.070291171872923,5.894975841313143,5.894975841313143,10208458
2005-08-03,6.041070938110352,6.0995089849364375,5.997242109978165,6.062985547518194,6907542
2005-08-04,5.924193859100342,6.04837612874688,5.909584639946054,6.041071128486227,6968442
2005-08-05,5.756184577941895,5.916890705782826,5.756184577941895,5.858452646591005,8941522
2005-08-08,5.756184577941895,5.821928029393511,5.73427035458041,5.79270919513939,4441408
2005-08-09,5.814623355865479,5.821927575505083,5.734269907525939,5.734269907525939,4574839
2005-08-10,5.931499004364014,5.931499004364014,5.785403293098058,5.785403293098058,8330546
2005-08-11,5.683136940002441,5.909585739271476,5.661222716510928,5.873061903224424,19464614
2005-08-12,5.624698638916016,5.705052101708607,5.573565576089615,5.668527480789013,13430621
2005-08-15,5.61008882522583,5.646612660934349,5.6027834329904005,5.624698046962375,2867292
2005-08-16,5.529736042022705,5.712355607608391,5.500516427081368,5.653917549776428,10605936
2005-08-17,5.6758317947387695,5.71966063129616,5.529736063564376,5.529736063564376,19416834
2005-08-18,5.763489246368408,5.880366530046876,5.734270023119681,5.880366530046876,15809011
2005-08-19,5.83653736114502,5.851146581249731,5.748879696415541,5.800012748149101,8966349
2005-08-22,5.843841552734375,5.880366165556669,5.836537333400276,5.85845194482024,4280949
2005-08-23,5.85114860534668,5.880368227714698,5.778100526135812,5.8657582211888535,6623503
2005-08-24,5.807318210601807,5.8657566584010015,5.748880153486178,5.829232823868288,6579278
2005-08-25,5.763489246368408,5.770794638205926,5.69774618940055,5.756184245214448,6802079
2005-08-26,5.624698638916016,5.78540478313396,5.602784022637708,5.741575941260963,8618375
2005-08-29,5.632002830505371,5.661222444898136,5.51512632635213,5.51512632635213,4225908
2005-08-30,5.551650524139404,5.792709330865344,5.551650524139404,5.770795106990398,15090353
2005-08-31,5.529736042022705,5.588174099854667,5.478602204229828,5.500516427081368,14626267
2005-09-01,5.49321174621582,5.595478631855246,5.463992133725721,5.573564410842095,7337731
2005-09-02,5.463992118835449,5.57356439565322,5.463992118835449,5.500515950652348,7920136
2005-09-05,5.515127182006836,5.529736796128072,5.478602951361933,5.500517177201975,4455386
2005-09-06,5.639307498931885,5.661222110762125,5.500515999163134,5.500515999163134,7165027
2005-09-07,5.7342705726623535,5.778099411735773,5.67583212056446,5.697746735442968,12237387
2005-09-08,5.785403728485107,5.792708729474087,5.683136449424237,5.734269893612898,7555493
2005-09-09,5.887670993804932,5.902280606034684,5.785404098880243,5.800013320426421,14084058
2005-09-12,5.873061656951904,5.931499714040013,5.8000132065537455,5.909585491467418,9436932
2005-09-13,5.85114860534668,5.902282065452453,5.807319757820159,5.8657582211888535,5935717
2005-09-14,5.785403728485107,5.8876706168624295,5.748879895590856,5.851146783968179,10303644
2005-09-15,5.778098583221436,5.821927416010293,5.683136307520679,5.748879752045736,10147735
2005-09-16,5.792708873748779,5.8657565413566255,5.734270036432098,5.748880038773937,17115241
2005-09-19,5.843841552734375,5.894975776275467,5.661222004774703,5.719660056966361,11625793
2005-09-20,5.83653736114502,5.902280023666826,5.770794307939678,5.84384158051384,9180663
2005-09-21,5.770794868469238,5.873061763236829,5.726966031847311,5.858452541713093,14020309
2005-09-22,5.661222457885742,5.748880129214444,5.661222457885742,5.741575127928603,7017419
2005-09-23,5.65391731262207,5.719660369102658,5.639307701105989,5.668526533454597,6472608
2005-09-26,5.814623355865479,5.83653757751849,5.69774607454307,5.712355295189378,6696243
2005-09-27,5.6758317947387695,5.800013302976255,5.6685267933040855,5.792709082908715,8552615
2005-09-28,5.83653736114502,5.858451972669156,5.719660084155513,5.719660084155513,11504840
2005-09-29,5.829233169555664,5.8803670097541,5.792709332857,5.843842391688258,8236921
2005-09-30,5.975327968597412,6.026462191448712,5.938804528318412,5.997242579721752,19266019
2005-10-03,6.077596187591553,6.077596187591553,5.989938510826505,6.019157736414854,7890167
2005-10-04,6.216387271881104,6.216387271881104,6.048376931781688,6.106815378891669,10453575
2005-10-05,6.062986850738525,6.150644525844646,6.062986850738525,6.150644525844646,8588791
2005-10-06,5.946108818054199,6.004547651517475,5.91688998734786,6.004547651517475,10604929
2005-10-07,5.953414916992188,6.011852979868688,5.894976854115688,5.902281074785294,5403005
2005-10-10,5.960719108581543,6.070291389450578,5.960719108581543,5.982633721028771,9631774
2005-10-11,6.03376579284668,6.055680011043548,5.938803920204594,5.946108138692233,7752675
2005-10-12,5.894976615905762,5.968023898536918,5.843842385081546,5.960719678162468,14430622
2005-10-13,5.865756034851074,5.938804477518334,5.785403373010727,5.87306103539121,14882399
2005-10-14,5.960719108581543,5.968023328258034,5.902280272283454,5.909585273327047,8444227
2005-10-17,5.946108818054199,5.975328039444071,5.91688998734786,5.946108818054199,4298031
2005-10-18,5.924193859100342,5.982633079818548,5.909584639946054,5.968022688613733,4757124
2005-10-19,5.7342705726623535,5.858452869395768,5.7342705726623535,5.80731863778472,12285486
2005-10-20,5.770794868469238,5.858452541713093,5.763489476340224,5.843842148138638,7614745
2005-10-21,5.800012588500977,5.843841419659307,5.748879538174879,5.778098368263574,7502337
2005-10-24,5.829233169555664,5.851147393438144,5.792709332857,5.807318554989594,4180930
2005-10-25,5.792708873748779,5.8657565413566255,5.792708873748779,5.843841928527425,4868577
2005-10-26,5.800012588500977,5.865756030580234,5.785403368798391,5.836537200491538,5011163
2005-10-27,5.588173389434815,5.785403323442847,5.580868388957266,5.770794103854792,12191156
2005-10-28,5.551650524139404,5.632003199258992,5.507821685705923,5.551650524139404,10830015
2005-10-31,5.697745800018311,5.712355019960728,5.58817352498194,5.632002356859782,6809425
2005-11-01,5.697745800018311,5.712355019960728,5.653916968140468,5.690440799363572,4678755
2005-11-02,5.741574764251709,5.80001281741909,5.683136320400789,5.690440930540384,6589719
2005-11-03,5.9168901443481445,5.968023197111899,5.807317865886939,5.807317865886939,14373795
2005-11-04,5.902280807495117,5.982634263526788,5.89497658715629,5.938805425341538,8192599
2005-11-07,5.960719108581543,6.004547942792446,5.938804886817867,5.938804886817867,7282726
2005-11-08,5.894976615905762,5.99724351481984,5.86575699962284,5.99724351481984,6481589
2005-11-09,5.982633590698242,6.019157032386345,5.924194364989689,5.931499365874144,6523881
2005-11-10,6.041070938110352,6.128728594374725,6.004547110008612,6.026461719416454,10578778
2005-11-11,6.165253639221191,6.165253639221191,6.0629867440800185,6.136034805383409,14705741
2005-11-14,6.143338680267334,6.187167514586434,6.106815237693412,6.165253292768661,6940478
2005-11-15,6.048376560211182,6.099509612265812,6.026462339232978,6.092205392851127,8526405
2005-11-16,5.946108818054199,6.048376483602283,5.887670375274455,6.019156871528879,11048381
2005-11-17,5.807318210601807,6.114120452231146,5.697746316320099,5.982633944682957,34353133
2005-11-18,5.843841552734375,5.938804608431861,5.770794280507452,5.902279995609566,19141557
2005-11-21,5.785403728485107,5.851146783968179,5.719660282318488,5.851146783968179,9214906
2005-11-22,5.683136940002441,5.73427038860503,5.653917714891367,5.712355774429934,13106037
2005-11-23,5.705050945281982,5.770794390106945,5.683136333445815,5.726965557118151,7624101
2005-11-24,5.690441131591797,5.712355353468383,5.653917298236302,5.690441131591797,6207890
2005-11-25,5.668526649475098,5.712355484920408,5.653917428343557,5.697746263788867,4480508
2005-11-28,5.683136940002441,5.7780992262716415,5.675831938382882,5.675831938382882,8395910
2005-11-29,5.632002830505371,5.683136667338255,5.580868993672487,5.653917443629054,8930744
2005-11-30,5.551650524139404,5.58817436082551,5.515126687453297,5.58817436082551,13884449
2005-12-01,5.7342705726623535,5.7634897987113,5.580869440563588,5.588174442417622,13366424
2005-12-02,5.800012588500977,5.843841419659307,5.734269537105244,5.778098368263574,11849855
2005-12-05,5.646612644195557,5.792709158647279,5.632003031818742,5.785404157117084,8316626
2005-12-06,5.748879909515381,5.77079452185185,5.661222241536603,5.661222241536603,7817653
2005-12-07,5.668526649475098,5.756184320365716,5.646612427094224,5.741575099234176,6253723
2005-12-08,5.7342705726623535,5.756184796857266,5.639308283345075,5.646612894515514,9673730
2005-12-09,5.683136940002441,5.719660776049493,5.617393878844316,5.675831938382882,9402513
2005-12-12,5.72696590423584,5.75618434663225,5.705051291071404,5.72696590423584,5341057
2005-12-13,5.602783679962158,5.712355973284839,5.595479459455493,5.705051752778173,10688969
2005-12-14,5.639307498931885,5.675831331070899,5.588173665117016,5.632002498093958,5862471
2005-12-15,5.661222457885742,5.675831679090295,5.617393622221391,5.661222457885742,9257060
2005-12-16,5.719661235809326,5.719661235809326,5.661223171573371,5.67583239461965,11775711
2005-12-19,5.7342705726623535,5.748880576370421,5.705051737297002,5.7342705726623535,5109503
2005-12-20,5.668526649475098,5.726965878102635,5.646612427094224,5.67583165072443,5386736
2005-12-21,5.756184577941895,5.756184577941895,5.675831904705009,5.683136906281224,5225251
2005-12-22,5.712355613708496,5.75618445014195,5.67583177868907,5.712355613708496,7605586
2005-12-23,5.697745800018311,5.748879632550892,5.668526188082885,5.712355019960728,4307163
2005-12-26,5.697745800018311,5.697745800018311,5.697745800018311,5.697745800018311,0
2005-12-27,5.697745800018311,5.726965411953736,5.675831188737624,5.70505080067305,2690808
2005-12-28,5.683136940002441,5.705051554177539,5.675831938382882,5.683136940002441,2714938
2005-12-29,5.683136940002441,5.712355774429934,5.668526936763323,5.712355774429934,2423821
2005-12-30,5.646612644195557,5.683136870479381,5.646612644195557,5.675831868949186,2499724
2006-01-02,5.661222457885742,5.668526677804454,5.617393622221391,5.617393622221391,2304287
2006-01-03,5.6758317947387695,5.748880246351325,5.661222573236546,5.6685267933040855,6635857
2006-01-04,5.843841552734375,5.851146553435541,5.719660056966361,5.748879669087489,9646047
2006-01-05,5.982633590698242,6.048376645240622,5.953413977843966,5.997242811100066,17472499
2006-01-06,6.150643825531006,6.187167266641284,6.0337665480136025,6.062986160405606,19890269
2006-01-09,6.099509239196777,6.150643460174457,6.01915657961332,6.099509239196777,11516545
2006-01-10,6.011852741241455,6.077596194228834,5.968023902811066,6.055681579671845,7410888
2006-01-11,6.048376560211182,6.092205392851127,5.975328115127736,6.048376560211182,8367377
2006-01-12,6.048376560211182,6.070291171872923,5.9972427267894775,6.048376560211182,5356642
2006-01-13,5.953414916992188,5.989938755125451,5.924195299528531,5.989938755125451,7994157
2006-01-16,5.960719108581543,5.982633721028771,5.894976052606964,5.931499495090723,4397978
2006-01-17,5.843841552734375,5.924194216345996,5.821927331997945,5.909584996310731,7305069
2006-01-18,5.741574764251709,5.821927429204955,5.566259432698947,5.566259432698947,16258364
2006-01-19,5.83653736114502,5.865756192037978,5.807317748884992,5.8292323604091285,11200698
2006-01-20,5.566259384155273,5.858451991545187,5.529735552408744,5.843841599342796,38364090
2006-01-23,5.690441131591797,5.690441131591797,5.493211962651861,5.493211962651861,16734698
2006-01-24,5.763489246368408,5.814623473079018,5.595478908030003,5.683136577776186,17873423
2006-01-25,5.770794868469238,5.814623705091165,5.566259906883338,5.770794868469238,17004860
2006-01-26,5.807318210601807,5.814623602602055,5.741575152169496,5.748880153486178,9370676
2006-01-27,5.7342705726623535,5.92419515129691,5.697746735442968,5.851147476858139,13373296
2006-01-30,5.72696590423584,5.800013182277559,5.705051291071404,5.7342701241513785,5460580
2006-01-31,5.661222457885742,5.756184349133156,5.617393622221391,5.756184349133156,8411875
2006-02-01,5.668526649475098,5.67583165072443,5.610088592898247,5.646612427094224,6948217
2006-02-02,5.602783679962158,5.726966367716148,5.58086945570778,5.683137137840199,10202038
2006-02-03,5.573564052581787,5.675830931647653,5.566259052257932,5.632002101755062,10980956
2006-02-06,5.668526649475098,5.734270097984843,5.610088592898247,5.632002815279121,11276236
2006-02-07,5.778098583221436,5.829232416816873,5.726965530993076,5.748879752045736,17639731
2006-02-08,5.843841552734375,5.887670384890768,5.690440835528765,5.734269667685158,13426520
2006-02-09,5.880366325378418,5.916890157826323,5.8292324911311,5.916890157826323,7538065
2006-02-10,5.829233169555664,5.8803670097541,5.821928167805778,5.8803670097541,7660413
2006-02-13,5.843841552734375,5.843841552734375,5.756183888421589,5.821927331997945,10025592
2006-02-14,5.902280807495117,5.909585809201118,5.800013518396202,5.829233134536622,7518733
2006-02-15,5.98993730545044,6.033766135013135,5.851146207176993,5.858451598129374,16464191
2006-02-16,5.968023300170898,6.033766746519622,5.916890246524151,6.026462526877508,8496076
2006-02-17,5.98993730545044,5.99724230571931,5.916889646862791,5.975327695596208,7297806
2006-02-20,5.960719108581543,5.975328329301626,5.92419449404713,5.960719108581543,4625351
2006-02-21,5.924193859100342,6.026461909331939,5.873060810693317,5.982633079818548,8188559
2006-02-22,5.829233169555664,5.8803670097541,5.756184714791157,5.873062008004214,12409934
2006-02-23,5.807318210601807,5.851147046451203,5.778098986702209,5.807318210601807,6325257
2006-02-24,5.778098583221436,5.821927416010293,5.748879752045736,5.778098583221436,4921026
2006-02-27,5.748879909515381,5.792708743504771,5.712355295165566,5.77079452185185,5011815
2006-02-28,5.65391731262207,5.748879982818375,5.65391731262207,5.748879982818375,6144086
2006-03-01,5.843841552734375,5.843841552734375,5.675831224809968,5.675831224809968,9131933
2006-03-02,5.829233169555664,5.902280842952992,5.792709332857,5.887671230136808,12534336
2006-03-03,5.83653736114502,5.880366193509759,5.697745863314911,5.83653736114502,13718251
2006-03-06,5.814623355865479,5.909585243484227,5.792708743528918,5.851146798164797,7812719
2006-03-07,5.83653736114502,5.851146581249731,5.74157469567965,5.74157469567965,7588205
2006-03-08,5.778098583221436,5.843841637062953,5.748879752045736,5.821927416010293,11181739
2006-03-09,5.814623355865479,5.829232576511786,5.75618412917895,5.807317964175225,4614585
2006-03-10,5.843841552734375,5.843841552734375,5.748879669087489,5.800012720577982,5594782
2006-03-13,5.83653736114502,5.865756192037978,5.785403528044389,5.83653736114502,4824791
2006-03-14,5.858452320098877,5.887670762041071,5.821927704936902,5.887670762041071,6622774
2006-03-15,5.997243404388428,6.019157627842612,5.931499952658713,5.946109565189364,14526792
2006-03-16,6.084901332855225,6.09220633476641,6.011852876477766,6.026463270983734,11081422
2006-03-17,6.0556817054748535,6.084901322385721,6.019157868032564,6.026463260614777,10559729
2006-03-20,6.026463508605957,6.092206574980868,5.9680242723794255,6.048377733836389,4591836
2006-03-21,6.114119529724121,6.114119529724121,5.953413431840334,6.070290700487681,10547155
2006-03-22,6.0045485496521,6.114120841595239,5.97532893320815,6.026463164314164,14240596
2006-03-23,6.523189544677734,6.62545643698199,5.9899381259301885,6.004548128469154,42758649
2006-03-24,6.1725592613220215,6.39170346726636,6.143339643179163,6.274826557429379,64154125
2006-03-27,6.099509239196777,6.245605339060805,6.099509239196777,6.209081509436555,16816516
2006-03-28,6.048376560211182,6.165253056567497,5.9972427267894775,6.084900392069367,13499779
2006-03-29,6.011852741241455,6.077596194228834,5.953414680684525,6.062986972102292,18765739
2006-03-30,6.1725592613220215,6.1725592613220215,5.975329280630311,6.06298735369166,23987223
2006-03-31,6.216387271881104,6.31134916240948,6.143338822310065,6.209082270650575,23353236
2006-04-03,6.260216236114502,6.296740070968504,6.187167785039361,6.223692401260501,14242496
2006-04-04,6.355177402496338,6.377092013451771,6.245605519769746,6.274825131271498,16661258
2006-04-05,6.325959205627441,6.413616871443543,6.296739593005201,6.399006479107114,12335321
2006-04-06,6.399006843566895,6.413617236735469,6.333263785802147,6.36248340008861,9258124
2006-04-07,6.355177402496338,6.4939692874082064,6.355177402496338,6.420920844679112,13615739
2006-04-10,6.340569496154785,6.391703338520298,6.3186552713435695,6.340569496154785,10158582
2006-04-11,6.209082126617432,6.311349016004035,6.179863294423797,6.296739795248993,12288210
2006-04-12,6.289434432983398,6.32595904550759,6.128729107071787,6.201777550753109,12018839
2006-04-13,6.479360103607178,6.4939697149782045,6.333263599213362,6.391702435381019,17931430
2006-04-18,6.399006843566895,6.464750292015203,6.333263785802147,6.442836069654808,8911717
2006-04-19,6.610846042633057,6.647370265448637,6.4720549335743485,6.537798378368977,19049519
2006-04-20,6.829990863800049,6.837295865756406,6.537799380584976,6.618152058003301,23976034
2006-04-21,6.778857707977295,6.86651538106452,6.756943485047275,6.859210379632132,10261652
2006-04-24,6.720418930053711,6.786162384634317,6.618152028588054,6.676590481244771,6479015
2006-04-25,6.90303897857666,6.932258984954207,6.7642478551191205,6.859210531744663,15584603
2006-04-26,6.983391761779785,7.07835443989797,6.946868315968092,7.049135214428311,21329037
2006-04-27,7.049134254455566,7.071048475231671,6.932258149860651,7.0491342544555655,18126795
2006-04-28,7.078351974487305,7.122181188109537,6.983389329444886,7.034523542231975,10904293
2006-05-02,7.092964172363281,7.114878395286603,6.99069649644254,7.092964172363281,7783041
2006-05-03,7.100268840789795,7.231754953530151,7.078353837527146,7.100268840789795,11578133
2006-05-04,7.05643892288208,7.136791582855367,6.9906954822825575,7.085657361629611,9199679
2006-05-05,7.151402950286865,7.151402950286866,7.041831037287041,7.063745263613553,5958231
2006-05-08,7.268280029296875,7.334022702687217,7.151402342301692,7.180622350075887,10822012
2006-05-09,7.071049213409424,7.260974563608317,7.027220767281771,7.246364560654333,11699903
2006-05-10,6.84459924697876,7.114876410838623,6.778855815178501,7.0126095448088215,20130020
2006-05-11,6.84459924697876,6.983389547238105,6.837293466219155,6.924951896197451,13603804
2006-05-12,6.596236705780029,6.859209698945066,6.552407482902323,6.808075475359898,18466762
2006-05-15,6.632761001586914,6.676590230114477,6.428226815665259,6.581627552777396,14087192
2006-05-16,6.5816264152526855,6.669284075790475,6.559712195459996,6.5962364160258335,9541766
2006-05-17,6.391702651977539,6.720418332939544,6.36248342824533,6.640065663017751,12452516
2006-05-18,6.355177402496338,6.472054676452774,6.267519740041655,6.457445456727184,16080033
2006-05-19,6.362483501434326,6.420921558887406,6.318654665331841,6.399006945494379,8638263
2006-05-22,6.245605945587158,6.442835894898844,6.209082112415988,6.384397449278129,14241541
2006-05-23,6.479360103607178,6.545103550118572,6.282130545440095,6.325959379553175,16566381
2006-05-24,6.340569496154785,6.435532178826335,6.282131433097009,6.399007559212563,9216370
2006-05-25,6.442835330963135,6.464749550810994,6.304044230103978,6.369787671014591,4947290
2006-05-26,6.493969917297363,6.523189531633301,6.442836080563924,6.457446083073674,6283594
2006-05-29,6.501274108886719,6.5158833282099184,6.442835278176348,6.493969108541605,1774241
2006-05-30,6.325959205627441,6.530493368514806,6.282130372719391,6.501274537259645,9740767
2006-05-31,6.435530662536621,6.450140272529764,6.223691512977806,6.282129952950378,12376209
2006-06-01,6.610846042633057,6.640065264612105,6.4428357115953006,6.4428357115953006,14296609
2006-06-02,6.669283866882324,6.713113086461832,6.603541209563574,6.618150428512072,12542964
2006-06-05,6.545103549957275,6.654674658528398,6.530493547903059,6.64737043886839,6241975
2006-06-06,6.296740531921387,6.450141665315202,6.267520914942167,6.399007433272466,15842017
2006-06-07,6.282130241394043,6.355177513346692,6.209081797390799,6.355177513346692,12526388
2006-06-08,6.03376579284668,6.16525227407835,6.0264615743590415,6.106814228658874,16789390
2006-06-09,6.252911567687988,6.325960022652806,6.11412083157904,6.187168114493088,11470163
2006-06-12,6.187168121337891,6.26752079679434,6.165253897371074,6.245606572827524,8428106
2006-06-13,6.077596187591553,6.114120805602372,5.968023896293448,6.062986965480967,13014117
2006-06-14,6.0045485496521,6.114120841595239,5.982634325673626,6.0775962233694045,13032296
2006-06-15,6.0045485496521,6.0045485496521,6.0045485496521,6.0045485496521,0
2006-06-16,6.0045485496521,6.0045485496521,6.0045485496521,6.0045485496521,0
2006-06-19,6.245605945587158,6.2894347798026935,6.15794905852319,6.172558279244818,9215421
2006-06-20,6.274825096130371,6.289434315774144,6.1725578238393055,6.179862824344714,6093447
2006-06-21,6.296740531921387,6.304045533837091,6.245606690562249,6.289435530005682,9074896
2006-06-22,6.391702651977539,6.464750320624497,6.340568815104391,6.377092649427871,11714824
2006-06-23,6.362483501434326,6.399006945494379,6.311349273289407,6.37709272278492,4434159
2006-06-26,6.42092227935791,6.428227281536445,6.38439844051607,6.38439844051607,5112725
2006-06-27,6.325959205627441,6.47935992546385,6.311348813291012,6.4647499238109605,6838605
2006-06-28,6.245605945587158,6.340568615062594,6.2383017259098965,6.2602159476758885,5633993
2006-06-29,6.399006843566895,6.464750292015203,6.274825729279907,6.304044952882808,9461536
2006-06-30,6.362483501434326,6.486665008382919,6.318654665331841,6.464750394989892,9734023
2006-07-03,6.442835330963135,6.450140331368099,6.369787671014591,6.384396890457486,4591479
2006-07-04,6.442835330963135,6.464749550810994,6.369787671014591,6.4209207204317575,2971399
2006-07-05,6.362483501434326,6.515884232451242,6.347873889400164,6.428226560246271,7078147
2006-07-06,6.4136176109313965,6.435531834570354,6.355178378948893,6.355178378948893,3327971
2006-07-07,6.450140476226807,6.501274308159383,6.325958982705166,6.36978781406872,9859744
2006-07-10,6.559713363647461,6.603542592405206,6.472055687499141,6.515884525573301,10205622
2006-07-11,6.377091884613037,6.523188767119576,6.347873055068653,6.508578375638592,12282078
2006-07-12,6.399006843566895,6.479360294500216,6.36248340008861,6.450141070897314,9322445
2006-07-13,6.223691940307617,6.333263436754294,6.187167326791644,6.311348824918126,11001313
2006-07-14,6.121424674987793,6.216387348046815,6.084900840438331,6.128729676307825,8773252
2006-07-17,6.150643825531006,6.187167266641284,6.070291161174491,6.179863047239472,8843453
2006-07-18,6.179863929748535,6.325960059153974,6.136035090926903,6.143339311371786,9144182
2006-07-19,6.377091884613037,6.377091884613037,6.17986273409998,6.2017773446126645,9773343
2006-07-20,6.515885353088379,6.574323420591953,6.399008046030325,6.399008046030325,14995068
2006-07-21,6.070291996002197,6.29674040936023,6.062986994228679,6.282131187180374,31160680
2006-07-24,6.216387271881104,6.230996492975037,6.062986543559183,6.070291544789711,9782158
2006-07-25,6.187168121337891,6.28213119103393,6.1360350623098485,6.187168121337891,9546192
2006-07-26,6.041070938110352,6.216386250639099,5.982632891284267,6.201777031945201,17729751
2006-07-27,5.997243404388428,6.099510301419395,5.946109565189364,6.092206081179442,14748958
2006-07-28,6.026463508605957,6.048377733836389,5.814624305082782,5.9753292745786455,13392943
2006-07-31,6.106814861297607,6.150643692915303,6.011851806767311,6.011851806767311,10431372
2006-08-01,6.062986850738525,6.187167971113491,6.03376723501957,6.17986375088002,8040780
2006-08-02,6.179863929748535,6.194473542689079,6.0849012502932025,6.106815865045815,10963322
2006-08-03,6.157948970794678,6.209082023959015,6.136034358657339,6.187167411821675,8801210
2006-08-04,6.252911567687988,6.318655020882888,6.172558892320432,6.216387730889169,13713440
2006-08-07,6.150643825531006,6.238301490656405,6.106814992968306,6.157948826299891,6441377
2006-08-08,6.048376560211182,6.194472669010998,5.960718894931292,6.194472669010998,14130403
2006-08-09,6.150643825531006,6.187167266641284,5.931499272033969,5.931499272033969,21268911
2006-08-10,6.121424674987793,6.179863513497351,6.033767003248803,6.084900840438331,11209866
2006-08-11,6.099509239196777,6.165252679477347,6.05568040923757,6.165252679477347,7244700
2006-08-14,6.1725592613220215,6.187168484368031,6.106816194880527,6.143339643179163,5190802
2006-08-15,6.355177402496338,6.369787794272501,6.12872902718036,6.150643638135793,9315009
2006-08-16,6.479360103607178,6.4939697149782045,6.340568600240651,6.377092433326442,11660676
2006-08-17,6.530494213104248,6.552408437050673,6.420921921321356,6.472055761668996,10740780
2006-08-18,6.435530662536621,6.552407151798251,6.420920661859965,6.552407151798251,11942054
2006-08-21,6.340569496154785,6.435532178826335,6.3186552713435695,6.377093334401347,7030526
2006-08-22,6.399006843566895,6.450141070897314,6.355178008162542,6.377092621206499,7094748
2006-08-23,6.325959205627441,6.413616871443543,6.304044593831646,6.399006479107114,5163771
2006-08-24,6.384397506713867,6.420921340213615,6.304044838604287,6.362483284750729,6178562
2006-08-25,6.46475076675415,6.53049422003033,6.347874254443282,6.406312705940511,8724976
2006-08-28,6.596236705780029,6.618150926535349,6.428225987027267,6.45014059846612,9341150
2006-08-29,6.698504447937012,6.81538134875383,6.610846772324398,6.618151773967241,14985261
2006-08-30,6.749637603759766,6.837295275567925,6.705809158539252,6.771552607737155,9807959
2006-08-31,6.698504447937012,6.778857903273949,6.661980221089964,6.7715529016311065,7525207
2006-09-01,6.669283866882324,6.72772230541033,6.640064647618321,6.70580808630408,6258927
2006-09-04,6.669283866882324,6.72772230541033,6.661978866724572,6.683893867197829,3814001
2006-09-05,6.654675006866455,6.683895012504406,6.581627336873003,6.647370786824109,6326080
2006-09-06,6.661981105804443,6.691201116256247,6.5962384263896965,6.683896113643296,8144264
2006-09-07,6.610846042633057,6.640065264612105,6.523189158062993,6.596236822327072,11838333
2006-09-08,6.69119930267334,6.720417742471235,6.610845858444422,6.640065079609376,7590358
2006-09-11,6.786162376403809,6.800772380233867,6.683895475062185,6.683895475062185,10045415
2006-09-12,7.071049213409424,7.078354214886415,6.837295417082878,6.837295417082878,19444602
2006-09-13,7.078351974487305,7.1587046212000125,7.034523542231975,7.114876188944682,10406620
2006-09-14,7.071049213409424,7.12948766249106,6.983391539786969,7.0564399918225895,11774811
2006-09-15,7.092964172363281,7.12948761677977,7.012611500733006,7.041829943719339,15983610
2006-09-18,7.122182369232178,7.144096588994036,7.02721970844142,7.107572368479586,9713637
2006-09-19,7.01991605758667,7.246364861848539,6.9760868282701125,7.217145636093228,15940931
2006-09-20,7.10757303237915,7.122183034496425,6.998000360600907,7.012611144085286,8715490
2006-09-21,7.129486560821533,7.173315000176685,7.049133901092403,7.07835312111818,8449693
2006-09-22,6.939562797546387,7.107573136145261,6.924953576582932,7.049134689557207,12291577
2006-09-25,6.932258605957031,7.005305492438667,6.895733599981975,6.939562825784924,10374893
2006-09-26,7.122182369232178,7.1514008080033005,6.976085487174377,6.99069548792697,9743021
2006-09-27,7.092964172363281,7.166011842563401,7.027220722226173,7.151401839703091,9660284
2006-09-28,6.698504447937012,7.1806220544899695,6.5670183252016745,7.071049373948828,62108290
2006-09-29,6.829990863800049,6.917648543174732,6.720418959923497,6.720418959923497,22154964
2006-10-02,6.800771713256836,6.924953608164566,6.683894819547707,6.851905158912801,11453053
2006-10-03,6.756943225860596,6.778857447950018,6.640065551527079,6.727723221251881,11378577
2006-10-04,6.968780517578125,7.027218951560201,6.837293650434983,6.844599431391426,24526896
2006-10-05,6.946867942810059,7.085658279626708,6.888429495009821,7.063744057043402,10616315
2006-10-06,7.01261043548584,7.071048093948705,6.924952775741003,7.01261043548584,14409299
2006-10-09,6.9980010986328125,7.027221105948998,6.939563428102002,6.954172650392908,6535884
2006-10-10,7.041829109191895,7.085657549844428,6.99799988717231,7.027219889430068,7562225
2006-10-11,7.071049213409424,7.092964217840399,6.961477316723142,7.019915765804779,5606011
2006-10-12,7.129486560821533,7.136791561169735,7.063743120421777,7.12218234184036,7710980
2006-10-13,7.326717853546143,7.399766311770696,7.166012495639671,7.1952317226560485,18584968
2006-10-16,7.480117797851562,7.531252023001138,7.377850910286593,7.43628935500003,16572578
2006-10-17,7.37054443359375,7.480116300150724,7.334020217619114,7.465507082581031,10804920
2006-10-18,7.355936527252197,7.392459968370364,7.2098404186783105,7.370545747426049,12524769
2006-10-19,7.195230484008789,7.282888149967798,7.14409704087447,7.202535484847143,10191432
2006-10-20,7.049134254455566,7.209840363336825,7.041829253741176,7.166011140417549,13984865
2006-10-23,7.122182369232178,7.136791588617739,6.997999706936234,7.056438928579574,10132529
2006-10-24,7.092964172363281,7.122183396716758,7.019915720796018,7.092964172363281,5780412
2006-10-25,6.968780517578125,7.071047386363283,6.9176463018186,7.019913951970704,13872552
2006-10-26,6.976085662841797,7.0710483260238455,6.946867223334914,7.012610665643028,10721081
2006-10-27,6.9614763259887695,7.056438987573443,6.946867106481071,7.0418289866987065,6741224
2006-10-30,6.946867942810059,6.976086385343046,6.800771823309465,6.866515272426515,7230673
2006-10-31,6.968780517578125,7.027218951560201,6.939561300587088,6.968780517578126,4563729
2006-11-01,6.859210014343262,6.990696126288203,6.859210014343262,6.961476903481871,9625912
2006-11-02,6.786162376403809,6.866515834734737,6.749638148195859,6.822686604611759,9259807
2006-11-03,6.764248371124268,6.837296048539033,6.735029143884918,6.808076821299682,5771642
2006-11-06,6.917648315429688,6.924954098512722,6.7788579710314085,6.800772194811812,7190115
2006-11-07,7.027219772338867,7.056438992742708,6.910342890723508,6.917647109799189,9894687
2006-11-08,6.968780517578125,6.990694734979667,6.895732084417058,6.968780517578126,7565079
2006-11-09,6.910343647003174,7.0053055376831646,6.866515202284274,6.990696316565906,5347842
2006-11-10,6.793466091156006,6.895732973121051,6.756942651235374,6.8665145337313644,7984982
2006-11-13,6.778857707977295,6.80807615097256,6.705809256387703,6.793466929474928,12918257
2006-11-14,6.917648315429688,6.917648315429688,6.786162191380093,6.786162191380093,11577239
2006-11-15,7.151402950286865,7.202537186871747,7.085659489940065,7.158707952851458,23245493
2006-11-16,6.990694999694824,7.107571872084725,6.895732345536285,6.903037345402398,19591997
2006-11-17,7.144097328186035,7.15140154795106,7.071048879598891,7.085658100496052,15561762
2006-11-20,7.21714448928833,7.231754490528046,7.100268386205888,7.144096827190922,8593098
2006-11-21,7.187925815582275,7.231754255140731,7.144096594656787,7.231754255140731,7005645
2006-11-22,7.275585174560547,7.297498618088463,7.202536716420492,7.231755943403071,6838088
2006-11-23,7.231754779815674,7.334021667116378,7.217144777991522,7.304802444835165,5938831
2006-11-24,7.202535629272461,7.253669073432108,7.071048737013831,7.187926408669889,10565453
2006-11-27,7.05643892288208,7.253668463313614,7.034524703137916,7.209840023825287,9527437
2006-11-28,6.990694999694824,7.056438435755888,6.9322573448668505,7.012609999293163,7130162
2006-11-29,7.114877700805664,7.114877700805664,6.946867372514393,7.019915035584354,11983146
2006-11-30,7.071049213409424,7.16601188850887,7.049134990345597,7.114878440904226,9391297
2006-12-01,7.085658073425293,7.195230745887388,6.96878196259319,7.151401520629128,12683706
2006-12-04,7.209840774536133,7.217144994300038,7.063743877384233,7.122183105065261,7734924
2006-12-05,7.2390594482421875,7.268279453702372,7.151401775963045,7.268279453702372,8565632
2006-12-06,7.304801940917969,7.304801940917969,7.202535060672081,7.239058499978735,8954582
2006-12-07,7.39976692199707,7.443596156819651,7.268280780263891,7.2755857829622,15597240
2006-12-08,7.414374828338623,7.421679829738683,7.334022157039385,7.355937161239566,11572045
2006-12-11,7.458203792572021,7.502032236693746,7.385155343879663,7.443594571653818,9011610
2006-12-12,7.49472713470459,7.49472713470459,7.392460245551892,7.42167946836225,8948514
2006-12-13,7.626214027404785,7.626214027404785,7.450898690557126,7.472812912321307,12657066
2006-12-14,7.596994876861572,7.677347536741535,7.480117215172039,7.662736754650678,10478045
2006-12-15,7.60430097579956,7.670043651208668,7.553167523358959,7.655434428240163,15154114
2006-12-18,7.60430097579956,7.670043651208668,7.59699675499892,7.60430097579956,5828641
2006-12-19,7.53855562210083,7.582384061345043,7.494726401489591,7.531251403138145,5711095
2006-12-20,7.60430097579956,7.648129426072299,7.538557519023231,7.560471744159599,5025502
2006-12-21,7.670042991638184,7.670042991638184,7.575081097090908,7.575081097090908,5157477
2006-12-22,7.662737846374512,7.7430912990696035,7.655433626338983,7.670042847777182,7175350
2006-12-27,7.7430901527404785,7.794223592254816,7.684651712904942,7.706565932501511,4091582
2006-12-28,7.71387243270874,7.743091658307897,7.677348986735177,7.735786656566313,2794562
2006-12-29,7.801529884338379,7.816139106032717,7.6919579868458,7.706567208540139,1951504
2007-01-02,7.786921977996826,7.838054653247827,7.728482737246558,7.801531202158928,3669843
2007-01-03,7.86727237701416,7.925710038039974,7.743090491587539,7.801528933980412,7999006
2007-01-04,7.903797149658203,7.925711373907378,7.794225247045141,7.867273703031977,6348876
2007-01-05,7.816138744354248,7.925710636776575,7.794224522143206,7.852663750317848,9636158
2007-01-08,7.947624206542969,7.969538424800518,7.794223116006161,7.823442334138554,9241361
2007-01-09,7.991453647613525,8.0352828710051,7.896491762771419,7.976844427394384,9137098
2007-01-10,8.006064414978027,8.195990565466065,7.976845968893378,8.013369417182803,16858133
2007-01-11,8.181378364562988,8.181378364562988,8.064502256338674,8.071806475912819,12415650
2007-01-12,8.166768074035645,8.24712072976014,8.115634636880692,8.22520651117473,12721966
2007-01-15,8.188685417175293,8.217904644105898,8.144856186095778,8.217904644105898,7625821
2007-01-16,8.188685417175293,8.217904644105898,8.181379633733625,8.217904644105898,10367902
2007-01-17,8.290952682495117,8.305562687281483,8.1448565414677,8.15946576488682,9737678
2007-01-18,8.101025581359863,8.371302772543796,8.042587143044363,8.327473553123667,19137869
2007-01-19,7.933016300201416,8.013368186646169,7.765005963494681,7.9987589658472436,23908861
2007-01-22,7.845358371734619,8.02067370372388,7.838052589526215,7.998758701199911,9047505
2007-01-23,7.830747604370117,7.867271823638352,7.684651508664182,7.823442604243069,10759005
2007-01-24,7.845358371734619,7.8818818132070705,7.713871482059133,7.852663372575941,9107464
2007-01-25,8.03528118133545,8.174072260383957,7.830746671707734,7.845356670221742,15975960
2007-01-26,8.101025581359863,8.130244800517612,7.947624485439926,8.035282142913175,9033671
2007-01-29,8.174074172973633,8.37860873045884,8.057197282982086,8.144854950475747,12055712
2007-01-30,8.159463882446289,8.232512326790877,8.152159663105484,8.181378103202839,6631701
2007-01-31,8.013368606567383,8.115636282987381,7.94762593747647,8.071807055559626,12238003
2007-02-01,8.020673751831055,8.115635637869499,7.954930306598989,8.10102641746631,10834167
2007-02-02,8.086416244506836,8.115635466061729,8.020673582033627,8.093720463870257,6974791
2007-02-05,8.006064414978027,8.057198649044231,7.911102511784849,8.027979421592356,7329326
2007-02-06,7.889187335968018,8.027978454299655,7.874578114685961,7.9622357864797,10664152
2007-02-07,8.736542701721191,8.838810360397831,7.92570955797453,7.940320339738353,54399975
2007-02-08,8.882638931274414,9.072563452988383,8.641580193274375,8.721932845485403,25032008
2007-02-09,8.765764236450195,9.057956507893072,8.751155013561661,8.868031922138812,16392881
2007-02-12,8.875336647033691,9.036042000623818,8.79498397023863,8.83881241890241,18203685
2007-02-13,8.8388090133667,8.926466658287536,8.751151368445862,8.911856660117284,12796995
2007-02-14,8.962994575500488,9.021433029592169,8.860727671523659,8.911860342144857,10215876
2007-02-15,8.860726356506348,8.977602465976945,8.80959213073953,8.94838402463462,9147986
2007-02-16,8.962994575500488,9.021433029592169,8.831507663110605,8.889946117202282,7633219
2007-02-19,8.882638931274414,9.006820018739838,8.875333931609697,9.006820018739838,5439022
2007-02-20,8.933774948120117,8.955689955364601,8.816898816319116,8.88264227531807,7261593
2007-02-21,8.802287101745605,8.962993216820244,8.787677881120873,8.962993216820244,7437639
2007-02-22,8.758456230163574,8.838809663274475,8.707323576908642,8.824199664029965,9552275
2007-02-23,8.714630126953125,8.824202025137494,8.6488874568628,8.809592803350919,7801141
2007-02-26,8.663497924804688,8.729241385718694,8.590449461263063,8.67810714869265,7222632
2007-02-27,8.47357177734375,8.670800561303745,8.429742550955984,8.597752892480306,10869119
2007-02-28,8.47357177734375,8.590447891187825,8.276342212016626,8.393218325860701,15311979
2007-03-01,8.349390029907227,8.53201117573447,8.210599678086398,8.429743490344658,10499819
2007-03-02,8.312867164611816,8.385915628061397,8.276343714254297,8.36400140157343,8236504
2007-03-05,8.276342391967773,8.320170837941365,8.079112040985173,8.166769714299502,14876845
2007-03-06,8.247121810913086,8.349388698629625,8.239817591338399,8.327474477171378,9649012
2007-03-07,8.225210189819336,8.290953656345675,8.166771726544221,8.276344431210566,6071237
2007-03-08,8.393216133117676,8.422435349286904,8.181376620549045,8.261730051039615,9718119
2007-03-09,8.305560111999512,8.437046207471035,8.225206673323964,8.422436207214751,9067113
2007-03-12,8.356695175170898,8.371304396901026,8.269037500688666,8.371304396901026,6174117
2007-03-13,8.3347806930542,8.444353379051757,8.239818792437072,8.385914925733275,8171449
2007-03-14,8.101025581359863,8.254425895912796,8.07180558083511,8.232511676886235,10851335
2007-03-15,8.093721389770508,8.269037520522641,7.991454493312852,8.203294069161485,11820333
2007-03-16,8.225210189819336,8.225210189819336,8.027980571607658,8.042590578110108,20137246
2007-03-19,8.305560111999512,8.363998550290633,8.261730892597667,8.34208354990621,9407087
2007-03-20,8.3347806930542,8.349389915700216,8.21059956577783,8.320171470408182,6536721
2007-03-21,8.42243766784668,8.451657673426624,8.320170773785437,8.349389216631101,7966359
2007-03-22,8.59775161743164,8.626971618268238,8.502788958813742,8.51009395902289,10938163
2007-03-23,8.553923606872559,8.58314282780401,8.502789384217229,8.546618606297931,3928254
2007-03-26,8.546618461608887,8.641581123370209,8.510094240721141,8.553923462059844,6693143
2007-03-27,8.429741859436035,8.583142967158516,8.407827638723413,8.583142967158516,7090245
2007-03-28,8.429741859436035,8.51740030502065,8.36399919729817,8.407827638723413,5166242
2007-03-29,8.495485305786133,8.54661874792173,8.444351863650537,8.480875304394782,4498606
2007-03-30,8.510095596313477,8.546619823019247,8.407828699177912,8.444352925883685,5906169
2007-04-02,8.444353103637695,8.49548655328184,8.407828876163087,8.473572329343947,4960308
2007-04-03,8.502789497375488,8.532009500062863,8.35669417214099,8.437046835430083,5952083
2007-04-04,8.47357177734375,8.55392444745967,8.429742550955984,8.532010224949351,5710631
2007-04-05,8.47357177734375,8.568533668677507,8.429742550955984,8.546619446167188,5457357
2007-04-10,8.437047958374023,8.4881814071485,8.356695284390248,8.4881814071485,6186706
2007-04-11,8.42243766784668,8.517401123247216,8.407828446423848,8.47357189624444,4717040
2007-04-12,8.605057716369629,8.641581156028364,8.422436611240743,8.466265832745083,11416955
2007-04-13,8.47357177734375,8.619667896357754,8.407828328445666,8.619667896357754,7614987
2007-04-16,8.539315223693848,8.568533666120802,8.4516575523116,8.466266773525078,6425042
2007-04-17,8.495485305786133,8.532009527897445,8.444351863650537,8.502789525114743,4811230
2007-04-18,8.444353103637695,8.539315782524804,8.37130464868848,8.510095775451374,6531108
2007-04-19,8.437047958374023,8.473572185227436,8.239818383553061,8.342085281102015,11375950
2007-04-20,8.356695175170898,8.48818129621067,8.356695175170898,8.473572074480543,11882436
2007-04-23,8.276342391967773,8.37130428536627,8.26903739051646,8.364000065282102,7132001
2007-04-24,8.429741859436035,8.568532965772057,8.247121530307703,8.290950753100011,17507927
2007-04-25,8.553923606872559,8.619667049310088,8.429741722572125,8.466265944078202,15218426
2007-04-26,8.692715644836426,8.751154092977526,8.437047629560901,8.590447969905934,15634119
2007-04-27,8.495485305786133,8.816896741358129,8.480875304394782,8.751153297831182,16796176
2007-04-30,8.371302604675293,8.539313697488506,8.349387604721185,8.539313697488506,7102264
2007-05-02,8.305560111999512,8.444351207599176,8.269035892725809,8.437046207471035,9108537
2007-05-03,8.188685417175293,8.283648100041566,8.152161188170233,8.269038095892656,10450985
2007-05-04,8.356695175170898,8.415132843458563,8.195989829303718,8.195989829303718,11406749
2007-05-07,8.320169448852539,8.371302887740491,8.269036009964585,8.356693668644084,4276099
2007-05-08,8.283647537231445,8.342085205755055,8.2544275309189,8.334780204176917,7084929
2007-05-09,8.261730194091797,8.327472845585701,8.203291760741477,8.29825441027748,6064275
2007-05-10,8.188685417175293,8.327475768386655,8.181379633733625,8.290952320748808,6083480
2007-05-11,8.086416244506836,8.18137812853494,8.057197022951941,8.144854687616624,11817863
2007-05-14,8.006064414978027,8.144856331399861,7.969540966688602,8.130247108357537,12857445
2007-05-15,8.21059799194336,8.239817213001764,7.874577340455239,7.962235003630452,23924647
2007-05-16,7.947624206542969,8.195987951351798,7.88188077040334,8.166767951852426,16380196
2007-05-17,8.013368606567383,8.049892832529322,7.94762593747647,8.006063605101566,8517426
2007-05-18,7.998758792877197,8.03528301613535,7.93301612865303,7.9841487910271,11577804
2007-05-21,8.049891471862793,8.086415691651073,7.984148032517292,8.035282252767692,7210920
2007-05-22,8.020673751831055,8.174074082216425,7.933016085310663,7.962235307484127,14350428
2007-05-23,8.057196617126465,8.064501617489016,7.962234737881409,8.035282397405838,8176351
2007-05-24,8.203293800354004,8.283647252214445,8.020674236754147,8.057197680653838,19446778
2007-05-25,8.152158737182617,8.23981639161972,8.115634519158746,8.144853737304448,8175396
2007-05-29,8.159463882446289,8.254426547547428,8.152159663105484,8.195988885985651,4284343
2007-05-30,8.166768074035645,8.166768074035645,8.064501199725742,8.115634636880692,6144788
2007-05-31,8.415131568908691,8.502789230114358,8.334778908145259,8.393217348949035,19131925
2007-06-01,8.59775161743164,8.61236161784994,8.524703959441188,8.539313959859488,13381253
2007-06-04,8.56853199005127,8.70732386194977,8.532008553478274,8.605056989358218,8814543
2007-06-05,8.553923606872559,8.634276269092288,8.458960943503577,8.612362048735461,6633829
2007-06-06,8.305560111999512,8.510093864651436,8.27634089285395,8.510093864651436,12287466
2007-06-07,8.283647537231445,8.415132877434935,8.239818309129788,8.334780204176917,12826414
2007-06-08,8.356695175170898,8.407828623277078,8.174074824657792,8.276342502237307,16790735
2007-06-11,8.349390029907227,8.47357272161664,8.320171584215528,8.458962717403573,7258189
2007-06-12,8.327475547790527,8.41513322626028,8.254427873082664,8.327475547790527,6868261
2007-06-13,8.451658248901367,8.45896246942656,8.261732887902527,8.40052401702187,11435008
2007-06-14,8.58314323425293,8.58314323425293,8.466266344992496,8.502789786861065,12732344
2007-06-15,8.802287101745605,8.80959210274152,8.583143322804938,8.605058325792683,37610771
2007-06-18,8.911860466003418,8.970299702274511,8.816898562810056,8.838812788057199,18454121
2007-06-19,8.970297813415527,9.043345475980235,8.87533514885105,9.043345475980235,12682596
2007-06-20,9.247881889343262,9.277101116532824,8.992213846776417,8.999518067548392,26988665
2007-06-21,9.357455253601074,9.415892930836316,9.204054104427644,9.204054104427644,26356810
2007-06-22,9.145610809326172,9.320926107399542,9.131001591836856,9.320926107399542,14543834
2007-06-25,9.028738021850586,9.05795646749735,8.955689563632031,9.028738021850586,9854060
2007-06-26,8.941081047058105,9.057957182978766,8.89725181239149,8.933775263018513,9161466
2007-06-27,8.882638931274414,9.006820018739838,8.846113932950827,8.868028931944979,9066733
2007-06-28,8.999518394470215,9.021433401683897,8.926470714526351,9.014127617912088,10508732
2007-06-29,8.99221134185791,9.050649779958103,8.941077903861988,9.021430560908009,6591372
2007-07-02,9.160223007202148,9.211356452740336,8.98490766704226,8.992212668224035,12299538
2007-07-03,9.196747779846191,9.29171045676744,9.14561354989342,9.225967004947565,9927902
2007-07-04,9.299013137817385,9.386670798612142,9.233269696879551,9.233269696879551,9096245
2007-07-05,9.262490272521973,9.379367170684215,9.204052604808002,9.350147946143656,10881890
2007-07-06,9.386672973632812,9.39397797573347,9.262491063390494,9.34284374239608,10278603
2007-07-09,9.437803268432615,9.627728571311875,9.39397483322476,9.4597182674035,21482862
2007-07-10,9.459720611572266,9.59851095124578,9.408586382669162,9.467024831672298,17526242
2007-07-11,9.452414512634276,9.467023732505286,9.299013406469864,9.408585290287135,12131256
2007-07-12,9.795741081237791,9.83226452501383,9.44511039514449,9.467024617683538,27925676
2007-07-13,9.766520500183104,9.956446616002722,9.700778617809314,9.93453161338868,13579294
2007-07-16,9.817654609680176,9.898007274220602,9.766520385548016,9.82495961046578,12789446
2007-07-17,9.708083152770996,9.810350042824618,9.656949707744186,9.810350042824618,9938885
2007-07-18,9.503548622131348,9.642339736811763,9.496243620998928,9.598510511384358,14669717
2007-07-19,9.591206550598145,9.649644998501218,9.532768102695073,9.561987326646609,10879289
2007-07-20,9.47432804107666,9.605814135779635,9.452413822187332,9.59120491697575,13489344
2007-07-23,9.41589069366455,9.540072584031684,9.357453030313824,9.481634139313869,10638413
2007-07-24,9.22596549987793,9.372061601551527,9.19674627954321,9.357452382067688,12508630
2007-07-25,9.16752815246582,9.247881610842676,8.977603572136882,9.050652028594532,17239792
2007-07-26,8.911860466003418,9.189443517480395,8.846117008894762,9.131005062576529,18084927
2007-07-27,8.919164657592773,9.342843026456316,8.561229739862815,8.634277411170121,31255691
2007-07-30,8.875336647033691,9.028737780091316,8.751154740207653,8.904555873265277,11387256
2007-07-31,8.882638931274414,9.036039236031751,8.860724713647217,9.0141242370376,13172700
2007-08-01,8.605057716369629,8.809591478833077,8.56853271397681,8.743848037260088,17998321
2007-08-02,8.670801162719727,8.765763842007324,8.605059271995973,8.707326171715554,12172103
2007-08-03,8.590446472167969,8.736542567048971,8.561228034558768,8.700019129353972,9834323
2007-08-06,8.254425048828125,8.575836426579531,8.217901614654295,8.524702993642629,21613391
2007-08-07,8.108332633972168,8.34208566503761,8.027979174923043,8.29825721589009,20807899
2007-08-08,8.247121810913086,8.385913703338518,8.152159924138328,8.174074145596572,22989849
2007-08-09,8.195988655090332,8.320169756790428,8.101025992664457,8.195988655090332,17536303
2007-08-10,7.859968662261963,8.035284018122127,7.8380536567540515,7.998759790309463,22928275
2007-08-13,8.11563777923584,8.159466233376929,7.940323181304191,7.976846632632667,18263886
2007-08-14,8.152158737182617,8.349387482957376,7.998757646575943,8.057196082867344,16551014
2007-08-15,8.093721389770508,8.115636394468998,7.991454493312852,8.108332174269993,10494021
2007-08-16,7.830747604370117,7.998757919090192,7.823442604243069,7.911100261666631,17523755
2007-08-17,7.859968662261963,8.064503244098821,7.699263310073739,7.743091758355186,22066539
2007-08-20,7.918404102325439,8.042585960833657,7.852661454909521,7.933014100440237,10636047
2007-08-21,7.933016300201416,8.020673969096293,7.889187075070425,7.969539742882285,7843004
2007-08-22,8.152158737182617,8.20329217359585,7.969538428430242,7.969538428430242,10449338
2007-08-23,8.057196617126465,8.283646158796367,8.027977397043287,8.217902718267458,9315553
2007-08-24,8.057196617126465,8.101025837934747,7.984148176235005,8.013367396318182,4471084
2007-08-27,7.976848125457764,8.093724285495856,7.940324667294114,8.079115058503884,3604021
2007-08-28,7.816138744354248,7.976844863758496,7.772310299932164,7.954930641547455,7297666
2007-08-29,7.816138744354248,7.838052966565289,7.662737626142718,7.735786075335683,10109720
2007-08-30,8.042588233947754,8.079111676823757,7.881882116098316,7.911101339219385,13483278
2007-08-31,8.342083930969238,8.378608151911353,8.108330948494011,8.108330948494011,18332594
2007-09-03,8.47357177734375,8.55392444745967,8.320170657037263,8.363999883425029,8939937
2007-09-04,8.539315223693848,8.553924444907324,8.363999880929354,8.437047549730995,8432199
2007-09-05,8.429741859436035,8.663495630682837,8.415131858049577,8.641581409970216,11714063
2007-09-06,8.85342025756836,8.999515571631,8.583142285681769,8.605057286021468,38656120
2007-09-07,8.765764236450195,9.057956507893072,8.70732656352884,8.846116915755182,19609934
2007-09-10,8.802287101745605,9.065260105294664,8.656190988662795,8.707325214267101,21756198
2007-09-11,8.802287101745605,8.977602437444977,8.787677881120873,8.919163992211853,9779584
2007-09-12,8.802287101745605,8.882640549966474,8.510094875579984,8.824201323366252,14658836
2007-09-13,8.605057716369629,8.692714596644226,8.466265832745083,8.692714596644226,11754262
2007-09-14,8.47357177734375,8.597752892480306,8.385914105935347,8.55392444745967,11622518
2007-09-17,8.488182067871094,8.626973984444232,8.393219383207164,8.495487070083833,7622958
2007-09-18,8.626974105834961,8.685412561624712,8.437048733834649,8.437048733834649,10722922
2007-09-19,8.678107261657715,8.794984961119194,8.626974586700607,8.787679958396486,13264105
2007-09-20,8.663497924804688,8.663497924804688,8.539316786971561,8.59775446389068,6551638
2007-09-21,8.77306842803955,8.846115310594815,8.663495760105423,8.663495760105423,18576728
2007-09-24,8.510095596313477,8.729240175180943,8.495486374451467,8.729240175180943,11925838
2007-09-25,8.444353103637695,8.58314423040059,8.415133096564265,8.561230006462697,11119579
2007-09-26,8.517399787902832,8.561228226667115,8.473570567771533,8.495484787153673,6329080
2007-09-27,8.59775161743164,8.656190056370809,8.553923178910773,8.583142398380357,8292480
2007-09-28,8.83150577545166,8.853420777077307,8.597752009047818,8.626972011215347,17725355
2007-10-01,8.729238510131836,8.911858046092801,8.670799289729228,8.816896168685226,7823846
2007-10-02,8.648886680603027,8.882640459145497,8.626972459206444,8.860726237748914,10030849
2007-10-03,8.58314323425293,8.678105120751715,8.539314791463813,8.663495900277706,6042137
2007-10-04,8.327475547790527,8.488181682335338,8.320171327276777,8.473572459940641,14217474
2007-10-05,8.13754940032959,8.349388163117556,8.108330961170667,8.334778943538094,16689478
2007-10-08,8.217903137207031,8.225207356574915,8.108331251651018,8.166768913429431,12334508
2007-10-09,8.101025581359863,8.254425895912796,8.086415581097485,8.210597457859674,10155437
2007-10-10,8.11563777923584,8.152162011931608,7.947627402749511,8.093722770798003,21242837
2007-10-11,8.101025581359863,8.261730896043984,8.064501362070924,8.166768238439547,12392906
2007-10-12,7.962236881256103,8.01336955345741,7.896493423029547,7.984150325508635,9068485
2007-10-15,7.852664470672607,7.991454817863343,7.838053685579745,7.991454817863343,9828099
2007-10-16,7.903797149658203,7.991454828022091,7.765006802291037,7.845359478782803,11922331
2007-10-17,8.071805953979492,8.225207056990874,8.049891733939878,8.064501734877648,15843646
2007-10-18,8.006064414978027,8.174075558851738,7.984150189730927,8.006064414978027,10001429
2007-10-19,7.757699966430664,7.998758744564548,7.721176524760203,7.984148742802695,16333097
2007-10-22,7.58238410949707,7.655432550524023,7.538555669974524,7.618909111377578,14665065
2007-10-23,7.523946762084961,7.721176310835895,7.443594098722293,7.648127866784697,11596347
2007-10-24,7.428983211517334,7.618908518309698,7.392458993846961,7.560469301216919,11097509
2007-10-25,7.472813129425049,7.523947356849853,7.399765460966527,7.47281312942505,8287779
2007-10-26,7.472813129425049,7.750395363481411,7.465508909536185,7.596995806675501,10468129
2007-10-29,7.516643047332764,7.553167275606826,7.450899592712891,7.516643047332764,6203669
2007-10-30,7.458203792572021,7.502032236693746,7.377851124104118,7.458203792572021,7684569
2007-10-31,7.39976692199707,7.480119607576641,7.370547692571111,7.45090037815068,5297256
2007-11-01,7.158706665039063,7.45089890138631,7.1002689991367385,7.45089890138631,15333544
2007-11-02,7.173316955566406,7.268280423245262,7.005306589961641,7.100270057640497,14725951
2007-11-05,7.027219772338867,7.158705873472628,7.012610552820467,7.092963213589267,7995025
2007-11-06,6.9614763259887695,7.056438987573443,6.910342885661268,7.034524767628376,9225178
2007-11-07,6.815381050109863,6.968782171051827,6.778857606230408,6.946867948450728,11941286
2007-11-08,6.603541374206543,6.7204174728095625,6.552407153194377,6.691199034184078,16891140
2007-11-09,6.654675006866455,6.968782253803012,6.610846561143813,6.647370786824109,24755097
2007-11-12,6.786162376403809,6.873820055282571,6.618152020561315,6.618152020561315,14422822
2007-11-13,6.756943225860596,6.903038560701485,6.676589775920858,6.691199778225216,17920350
2007-11-14,6.939562797546387,7.30480269803816,6.866515129994879,6.976086240638583,28649088
2007-11-15,6.647370338439941,6.903038338222198,6.581626892923419,6.888429117755798,19873703
2007-11-16,5.953414916992188,6.581627902079704,5.931500301565347,6.552408675299652,65514667
2007-11-19,5.880366325378418,6.1287293236646745,5.843841711563426,6.10681510233264,30282153
2007-11-20,5.821927547454834,5.931499436559068,5.756184101445455,5.916890215983148,21772716
2007-11-21,5.566259384155273,5.756183934330883,5.544344772560527,5.748879714938528,23643809
2007-11-22,5.661222457885742,5.712355513468805,5.566259785271199,5.57356478655704,13069455
2007-11-23,5.617393493652344,5.734269995398685,5.566259657872487,5.683136550302383,11026326
2007-11-26,5.697745800018311,5.807317684371151,5.653916968140468,5.653916968140468,8720387
2007-11-27,5.595478534698486,5.69044080857917,5.522430481450448,5.632002365980739,10191671
2007-11-28,5.829233169555664,5.85845278587162,5.595479364496729,5.6466128140115766,14627323
2007-11-29,5.85114860534668,5.873063224451776,5.748881685135134,5.8657582211888535,12840345
2007-11-30,5.953414916992188,6.062987212759185,5.887671461395268,5.916891078858924,17647976
2007-12-03,5.975327968597412,6.121424073814579,5.92419413642964,5.953413748156601,12962861
2007-12-04,5.894976615905762,6.019157738677546,5.86575699962284,6.004548516561468,20860245
2007-12-05,6.391702651977539,6.420921485026184,6.084900802789345,6.099510023971886,25717127
2007-12-06,6.333263874053955,6.596237280828071,6.296740039383162,6.574322276795174,16923517
2007-12-07,6.42092227935791,6.501275740587349,6.325960376505848,6.325960376505848,12179889
2007-12-10,6.46475076675415,6.559713445778945,6.377093089508306,6.384398091287255,9392931
2007-12-11,6.479360103607178,6.5597127708060485,6.435531269494098,6.486664713950916,9295767
2007-12-12,6.46475076675415,6.486665381407407,6.267520797609204,6.369788869096538,15307738
2007-12-13,6.223691940307617,6.435531104411689,6.223691940307617,6.413616883259062,10921494
2007-12-14,6.245605945587158,6.340568615062594,6.179863280289182,6.2602159476758885,6832064
2007-12-17,5.931499004364014,6.179862768361638,5.931499004364014,6.157948548410976,12367009
2007-12-18,5.865756034851074,6.026462139898817,5.865756034851074,5.90227986550118,8796307
2007-12-19,5.953414916992188,6.026463374625922,5.887671461395268,5.90958607682211,10505977
2007-12-20,5.880366325378418,6.084900490317063,5.836537492030806,5.982633603189512,9887951
2007-12-21,5.931499004364014,5.975327834948856,5.902279783974119,5.953413614998194,18234683
2007-12-27,5.960719108581543,5.989937940705261,5.894976052606964,5.960719108581543,5311282
2007-12-28,5.894976615905762,5.95341467642084,5.807318548424173,5.916890839763468,4940807
2008-01-02,5.938804626464844,6.121424174979034,5.916890014978337,5.9826334587543215,13267465
2008-01-03,5.821927547454834,5.989937881596939,5.756184101445455,5.916890215983148,11893803
2008-01-04,5.61008882522583,5.865756847236197,5.580869209702005,5.800013396003853,14276357
2008-01-07,5.3763346672058105,5.646612283573767,5.325200831810841,5.580868836735029,16884483
2008-01-08,5.361725330352783,5.449382997117423,5.325200716508867,5.390943771240575,11999167
2008-01-09,5.120666980743408,5.3544207783812094,5.113361979225439,5.332506164510877,18516549
2008-01-10,5.1060566902160645,5.26676200176779,5.054922471661434,5.179103955319629,12382205
2008-01-11,4.945351123809815,5.157190285786375,4.821169626930494,5.113361453237755,22607825
2008-01-14,5.069533348083496,5.1571910257581655,4.938046831571492,4.938046831571492,15026477
2008-01-15,4.886911869049072,5.149885211363476,4.850388434014428,5.09144599630077,14843567
2008-01-16,4.704291820526123,4.777340257244197,4.602024946761201,4.755425648092077,23226389
2008-01-17,4.945351123809815,5.098752233071752,4.843083847863035,4.843083847863035,29968012
2008-01-18,4.908827304840088,5.076837634706546,4.901522304054483,4.967265357707238,21224419
2008-01-21,4.7262067794799805,5.054922815623182,4.68968294910119,4.886912492650406,30946591
2008-01-22,4.74812126159668,4.850389320624952,4.4047955962187535,4.580110929352216,33248671
2008-01-23,4.441319465637207,4.8430831173758255,4.295222597810676,4.7773400738107545,48114558
2008-01-24,4.558197498321533,4.638550177930266,4.47053981655731,4.638550177930266,27343817
2008-01-25,4.609331130981445,4.726207643982356,4.572806512554648,4.689683806922745,17080104
2008-01-28,4.499759197235107,4.623940721960024,4.426710735923995,4.550892260648912,13337857
2008-01-29,4.653159141540527,4.667768361216867,4.499758037420204,4.550891087654439,16002748
2008-01-30,4.923437118530273,5.011094794422827,4.667769092518784,4.682378705167542,24459647
2008-01-31,4.945351123809815,5.069532620689135,4.821169626930494,4.923436512193736,18112351
2008-02-01,5.259457111358643,5.303285943409837,4.981874899051275,5.047617951786301,23864532
2008-02-04,5.288677215576172,5.449383338736131,5.252153380809686,5.427468725329384,15463019
2008-02-05,5.120666980743408,5.259457712065488,5.08414314520429,5.230239268727916,18575051
2008-02-06,4.894217491149902,5.091447050363026,4.791950211010325,5.033008995252534,21773691
2008-02-07,4.229481220245361,4.572806963320214,3.9445943254569777,4.448625436256,88489853
2008-02-08,4.090689182281494,4.346357573604469,4.083384181340259,4.309833740948927,29694862
2008-02-11,4.178347587585449,4.200261810864219,4.024946461899753,4.076080300689512,17818124
2008-02-12,4.19295597076416,4.25869901813606,4.083383704232994,4.156432142376104,15911721
2008-02-13,4.244091033935547,4.273309870735663,4.112604510258761,4.163737572329868,19215339
2008-02-14,4.141823768615723,4.324443338499005,4.12721337477587,4.31713833692087,18253427
2008-02-15,3.988424062728882,4.192958319504842,3.937290205522102,4.156434470657474,24552445
2008-02-18,4.017640113830566,4.097993541200694,3.981116290379128,4.03955432976474,12279809
2008-02-19,3.944593667984009,4.03955555973521,3.937288666659414,4.017641337128558,19228128
2008-02-20,3.966508150100708,4.0541658189955845,3.84963086755732,3.893459702004758,18532076
2008-02-21,3.951898097991944,4.068775390612734,3.944593877646249,4.017641550673414,17301549
2008-02-22,3.878849983215332,3.9884222616444274,3.85693576193964,3.9372884275285713,14310897
2008-02-25,3.908069133758545,3.9592029720491686,3.871545298422592,3.929983747506976,10034610
2008-02-26,3.973812103271485,4.039555155191121,3.922679052537908,3.966507884045509,13152347
2008-02-27,3.966508150100708,4.032251206430089,3.9153739238867,4.017641204264056,11238099
2008-02-28,3.893460512161255,3.988423201899112,3.864240892432685,3.9445943583317087,12544435
2008-02-29,3.9153738021850586,3.929983413213427,3.805801914814065,3.878849969955908,21282139
2008-03-03,3.9007649421691895,3.951897999466528,3.835021491126781,3.856936105035442,17745708
2008-03-04,3.696229934692383,3.900764896259527,3.674315711725215,3.878850282608786,20541074
2008-03-05,3.740058422088623,3.783887254614088,3.7254492019303376,3.747363422851302,15809531
2008-03-06,3.5939629077911377,3.7546690268315217,3.5647432937699746,3.747363634971783,26782561
2008-03-07,3.5647428035736084,3.623181632896312,3.5136097557895667,3.5574385847689656,19118629
2008-03-10,3.4770853519439697,3.564743015104346,3.4551715221791675,3.520914183524158,18777178
2008-03-11,3.447867155075073,3.506305607919302,3.4040383154419023,3.455172157022402,17735876
2008-03-12,3.455171823501587,3.535524493064319,3.447866822259396,3.4916956576618574,15185117
2008-03-13,3.3309900760650635,3.4113435399947014,3.316380852584289,3.389429314089914,17812013
2008-03-14,3.2433316707611084,3.440561613519156,3.236027451326554,3.3309893362794547,18116323
2008-03-17,3.053406953811645,3.170284232988492,3.053406953811645,3.170284232988492,22268973
2008-03-18,3.1483702659606934,3.162979683766705,3.060712587073827,3.10454142651726,12615923
2008-03-19,3.0607123374938965,3.206808261717096,3.053407140832081,3.1921988451023804,14401736
2008-03-20,2.9803595542907715,3.1045410558798885,2.9803595542907715,3.031492608178165,21426735
2008-03-25,3.2944657802581787,3.309074999985521,3.104540844916908,3.162979091218613,21986765
2008-03-26,3.22141695022583,3.3748178503993227,3.1995025359153315,3.257941560101914,17077273
2008-03-27,3.2433316707611084,3.3382947277646244,3.2214172543815223,3.2214172543815223,15861158
2008-03-28,3.214113235473633,3.279856488714076,3.206808234216247,3.265246486199304,10917590
2008-03-31,3.2506368160247803,3.2944658434397005,3.170284152565765,3.199502787922569,12696229
2008-04-01,3.557438850402832,3.572048070469997,3.2798562461395515,3.360208909926629,28545525
2008-04-02,3.703534603118897,3.7400584350078456,3.5866573252970606,3.637791549445372,19864804
2008-04-03,3.5647428035736084,3.7327539006865615,3.5136097557895667,3.71083929085511,16318273
2008-04-04,3.608571767807007,3.630485987776328,3.535524107453591,3.564742937184846,8273895
2008-04-07,3.710839748382568,3.725449359843658,3.630486299321246,3.6524009118546568,10267204
2008-04-08,3.462475776672364,3.5793530527597777,3.425952336008948,3.572048052080269,19517061
2008-04-09,3.404037952423096,3.5428286771015984,3.396732951254799,3.4332575664127254,12621593
2008-04-10,3.3602094650268555,3.4186475269999743,3.2652467841178905,3.404038304519393,15194765
2008-04-11,3.455171823501587,3.513610270704869,3.3529041502122814,3.469781435302408,23081088
2008-04-14,3.404037952423096,3.4332575664127254,3.309075281336584,3.3894287314536182,8489999
2008-04-15,3.338294744491577,3.4405616307585305,3.338294744491577,3.4040377986179813,11505746
2008-04-16,3.6670119762420654,3.6889265951236,3.4551727440334496,3.469782359726584,18802016
2008-04-17,3.623182535171509,3.7911928927567966,3.564743691295876,3.710840214959555,16237093
2008-04-18,3.820411920547485,3.835021925262875,3.6012684914382045,3.645097333533509,16521821
2008-04-21,3.6670119762420654,4.039556590391493,3.63048735098373,3.820412354994477,25938537
2008-04-22,3.754668951034546,3.835021227565518,3.513610168023877,3.513610168023877,19750590
2008-04-23,4.068774700164795,4.127212750533205,3.820410935010571,3.8642397657995184,37405895
2008-04-24,4.200260639190674,4.287918289220579,4.032250338641758,4.105297989649875,30458391
2008-04-25,4.244091033935547,4.339052937232249,4.163737572329868,4.229481029510068,17004542
2008-04-28,4.353663444519043,4.390187284472982,4.251395364323692,4.287919985644879,0
2008-04-29,4.397491455078125,4.448624508794804,4.295223394227017,4.331748008639488,0
2008-04-30,4.3901872634887695,4.448625328999025,4.324443804928846,4.3901872634887695,0
2008-05-02,4.609331130981445,4.631245355080493,4.434015775454689,4.492453836613349,18187755
2008-05-05,4.616634368896484,4.631244369431252,4.543586710323704,4.594719758777842,6232847
2008-05-06,4.718901634216309,4.967264590250394,4.5874151565423045,4.609329764829711,25673901
2008-05-07,4.872302055358887,4.930741272645518,4.7627309647182425,4.784645182846371,10385117
2008-05-08,4.813864707946777,4.857693541240006,4.72620704136032,4.828474709728064,10651795
2008-05-09,4.68968391418457,4.791950816563953,4.616635457027408,4.777341593952843,9324362
2008-05-12,4.755427360534668,4.813865818406184,4.711598517131031,4.718903519706787,4899846
2008-05-13,4.938046455383301,4.959960677790712,4.748121501556967,4.799255338313531,11404982
2008-05-14,4.945351123809815,5.076837621455674,4.864998459479113,4.967265344742356,11463749
2008-05-15,4.9745707511901855,5.025703803292431,4.8869126951451305,5.003789191610283,8163759
2008-05-16,5.040313720703125,5.164495215883176,5.003789108053764,5.025703719369968,14432980
2008-05-19,5.19371509552002,5.215628535914922,5.091447034335275,5.106057427104897,10734634
2008-05-20,4.908827304840088,5.164495300032578,4.894217303268878,5.142581079042839,14232737
2008-05-21,4.572805404663086,4.938045640187373,4.536281576452407,4.879607202503487,25689790
2008-05-22,4.799255847930908,4.835779686049461,4.492453966863921,4.52167358431581,17715571
2008-05-23,4.594719886779785,4.813864431337201,4.550891056005006,4.806560212233352,13115804
2008-05-26,4.481497287750244,4.653160148973647,4.430363445078222,4.653160148973647,7465537
2008-05-27,4.426709175109863,4.64950620032219,4.262351757845169,4.602024873484866,25412330
2008-05-28,4.565502166748047,4.616635224680704,4.408448538721409,4.463234878831985,13864215
2008-05-29,4.108951091766357,4.346357359737996,4.054165540820591,4.309833528879643,36374366
2008-05-30,4.229481220245361,4.266005842272582,4.119909698265489,4.145476035112191,15688148
2008-06-02,4.141823768615723,4.2513948854519645,4.0833845373577935,4.229480662084716,12313488
2008-06-03,4.448624610900879,4.514368058848477,4.090689319833197,4.123560653123437,25925058
2008-06-04,4.528976917266846,4.558196528991457,4.368271592224412,4.412100423786038,16101961
2008-06-05,4.550891399383545,4.634897739086752,4.510715065812785,4.576458512277256,14444647
2008-06-06,4.426709175109863,4.704291745621431,4.404794956990167,4.602024873484866,13124594
2008-06-09,4.3098344802856445,4.408448884440911,4.287919864386109,4.36096754222826,13500360
2008-06-10,4.276961803436279,4.313486418962263,4.185651632013788,4.258699691015069,10819971
2008-06-11,4.350010871887207,4.455930279492869,4.3025295291115135,4.320791253446796,15642172
2008-06-12,4.591068267822266,4.6385492091822496,4.266004725514591,4.32809527745077,20810196
2008-06-13,4.631245136260986,4.689683585342108,4.477844402764831,4.602025911720426,18369395
2008-06-16,4.744469165802002,4.766383779654526,4.605678434592705,4.660463992515075,12688517
2008-06-17,4.872302055358887,4.956307990689497,4.77003518318297,4.777340183014671,17107619
2008-06-18,4.843084335327148,4.894217783105432,4.777341275228844,4.875955670034513,10252489
2008-06-19,4.759078025817871,4.864997787518119,4.69333498141724,4.78464513428585,15953499
2008-06-20,4.6385498046875,4.835779377445039,4.594720576648514,4.817517654892972,19157500
2008-06-23,4.52167272567749,4.682378051702481,4.4778438938478935,4.569154057830436,11625673
2008-06-24,4.412100791931152,4.5143680741081145,4.30983390043775,4.4559296271498505,15371093
2008-06-25,4.477843761444092,4.499757981369151,4.393838600592167,4.393838600592167,8941369
2008-06-26,4.240437984466553,4.521673110299751,4.236785483832515,4.455929661621325,13278112
2008-06-27,4.152780055999756,4.214870609512776,4.046860278961544,4.214870609512776,14215220
2008-06-30,4.039554119110107,4.152778864477052,3.951896478577689,4.127211759642527,15218809
2008-07-01,3.5428285598754883,3.955550173088388,3.513610118903321,3.929983451212424,38262467
2008-07-02,3.425952911376953,3.608572489465072,3.309075615660705,3.572048651984168,28255407
2008-07-03,3.374818563461304,3.4916958551623503,3.232375328700752,3.3456001195741063,20091676
2008-07-04,3.4405620098114014,3.604920639943947,3.363861836660991,3.3821239500850058,12914248
2008-07-07,3.495347499847412,3.586656872705918,3.404037345621929,3.491694999914356,11185966
2008-07-08,3.3309900760650635,3.4113435399947014,3.268899508879082,3.396733535146676,19362956
2008-07-09,3.520914077758789,3.535524078530174,3.360208757475749,3.3784704770729475,16401113
2008-07-10,3.3711657524108887,3.4880430333566084,3.356556531811665,3.4332574794006505,17221897
2008-07-11,3.20680832862854,3.422300207154112,3.1958514124452204,3.3967330926840966,20683827
2008-07-14,3.3017706871032715,3.352903736064896,3.239679746948306,3.2433314657512207,14574053
2008-07-15,3.1885459423065186,3.2469841874205625,3.0716686707113974,3.2287222724490032,16643711
2008-07-16,3.2725512981414795,3.30907513026484,3.130107884040128,3.279856298976276,19057055
2008-07-17,3.586658000946045,3.670663181730576,3.371166297361705,3.418647639376984,24408981
2008-07-18,3.886155128479004,3.900765132252439,3.5209148012330465,3.601268259252552,23436879
2008-07-21,3.827716588973999,3.959203103788989,3.787540251562538,3.9080692637969214,13852728
2008-07-22,3.5391759872436523,3.7254483870626105,3.41864623580769,3.7254483870626105,24903254
2008-07-23,3.710839748382568,3.769278194226927,3.5866574649379768,3.681620525460389,19952986
2008-07-24,3.528218984603882,3.761972739812472,3.5172622656828616,3.740058129919914,17541960
2008-07-25,3.7144908905029297,3.732753781030133,3.385775660403429,3.5428280801739485,21374623
2008-07-28,3.535524606704712,3.7108399539496215,3.535524606704712,3.6889257308857952,10668715
2008-07-29,3.4916958808898926,3.5245672165305684,3.396733202771708,3.447867042685404,15288869
2008-07-30,3.5976152420043945,3.6341390741455446,3.513610076464562,3.5501339086057127,12265901
2008-07-31,3.5757014751434326,3.626835321044681,3.484391287187824,3.6231828197623854,11890985
2008-08-01,3.502652883529663,3.615877684335055,3.502652883529662,3.5355250031788343,11005885
2008-08-04,3.6670119762420654,3.6889265951236,3.506306203617587,3.506306203617587,14201741
2008-08-05,3.9190268516540527,3.929983963789494,3.7254497714214,3.7327547733007584,18125440
2008-08-06,3.951898097991944,4.057817888043431,3.893460037706929,3.93728887593338,14105823
2008-08-07,3.992074251174927,4.032251368058419,3.867892743937951,3.922679472889533,10571421
2008-08-08,4.185651302337647,4.236785134952849,3.9592025326113336,3.988422144593972,16220094
2008-08-11,4.240437984466553,4.309833933779015,4.152780313351029,4.185651647006678,8622347
2008-08-12,4.408448219299316,4.455929554348037,4.233132881288858,4.258699603744494,14179106
2008-08-13,4.3098344802856445,4.426710608559642,4.280614862191726,4.426710608559642,11389110
2008-08-14,4.229481220245361,4.3536635286768375,4.116257196994404,4.331748911733958,16195714
2008-08-15,4.276961803436279,4.346357752500167,4.211218354993346,4.26600508294054,10063798
2008-08-18,4.233133792877197,4.306182256795801,4.152781107660553,4.244091296875171,9035914
2008-08-19,4.061470031738281,4.141823480779287,4.035902918675173,4.127213087954786,12714426
2008-08-20,4.134519100189209,4.182000442222309,4.061470641256063,4.061470641256063,8672593
2008-08-21,4.141823768615723,4.178347604455663,4.028598978939672,4.0833845373577935,7148286
2008-08-22,4.342705726623535,4.357315341335241,4.1272140072967884,4.171042851431905,11011559
2008-08-25,4.41575288772583,4.488800549043506,4.3317477255953305,4.375576556796051,10826226
2008-08-26,4.470540046691895,4.532630614791811,4.276962558493346,4.37557774856732,18807374
2008-08-27,4.134519100189209,4.470539823453456,4.134519100189209,4.455930209803549,26881259
2008-08-28,4.346357822418213,4.368272045129341,4.076080195107412,4.181999980034047,23743548
2008-08-29,4.273308753967285,4.371923913965917,4.240437424651253,4.346357194270055,10086651
2008-09-01,4.3098344802856445,4.34635831920672,4.14912833884535,4.222176798054727,8408298
2008-09-02,4.565502166748047,4.631245227923723,4.33174836579705,4.382881423729707,19699019
2008-09-03,4.547238826751709,4.675072804492436,4.503410000896304,4.56915343502115,13006061
2008-09-04,4.295222759246826,4.6020249430265885,4.287918540674535,4.528976506367794,16011607
2008-09-05,4.236785888671875,4.2879197303837255,4.090689756186017,4.25139511123686,21544814
2008-09-08,4.463233947753906,4.514367385703167,4.386533400146515,4.470538557168014,17138400
2008-09-09,4.412100791931152,4.543587297587247,4.346357734444886,4.38288117776846,10539278
2008-09-10,4.342705726623535,4.477845151061361,4.342705726623535,4.441321309623917,11331765
2008-09-11,4.455930233001709,4.455930233001709,4.280614868290112,4.324443709468011,10785575
2008-09-12,4.441319465637207,4.532628835978357,4.350009313929102,4.492452509872843,11302926
2008-09-15,4.335400104522705,4.379228942395949,4.20026187144314,4.207566091729971,15729234
2008-09-16,4.112605094909668,4.295224706618897,4.006685282552605,4.244091637278675,23995298
2008-09-17,3.798497438430786,4.222175738916342,3.798497438430786,4.192956128152202,20444038
2008-09-18,3.681619644165039,3.838673222789391,3.6524000375538095,3.725448468056692,23522259
2008-09-19,4.057818412780762,4.163737825845645,3.8861555385327846,4.017642070215336,26639077
2008-09-22,3.85693621635437,4.134518859546362,3.831369100942416,4.054166184490474,13839116
2008-09-23,3.908069133758545,4.134518709985897,3.886154910693688,3.908069133758545,22466785
2008-09-24,3.853283405303955,3.999379130855813,3.813107071010106,3.9153739616913374,12390107
2008-09-25,3.7802350521087646,3.937288674046554,3.7583208294609975,3.820411387418716,13351866
2008-09-26,3.5793533325195312,3.736406171201724,3.517262775308413,3.7327544519436175,15440134
2008-09-29,2.6735572814941406,3.608571742073962,2.5274613758038527,3.557438692738021,38559725
2008-09-30,2.859830141067505,3.05340741948608,2.710081702518245,2.7393013197813905,30274061
2008-10-01,2.9584450721740723,3.0534069581856,2.885396626077574,2.9949689045387786,15938382
2008-10-02,2.99496865272522,3.2214170194405467,2.878091383207856,2.9073109935998294,17650732
2008-10-03,3.0059258937835693,3.0680174301432808,2.863482465980102,3.009578394552314,14276936
2008-10-06,2.688166856765747,2.8707873846435743,2.6808626373032856,2.775824522619005,16603325
2008-10-07,2.8415679931640625,2.929225861181375,2.677210345251912,2.929225861181375,16576072
2008-10-08,2.691819667816162,2.834263098253005,2.567638155535286,2.688167166979893,25445760
2008-10-09,2.3229267597198486,2.6881668359366064,2.301012343426337,2.666252419643095,28766771
2008-10-10,2.005168437957764,2.1841363063109056,1.833505376571244,2.118393043611308,45012198
2008-10-13,2.293707847595215,2.374060509155824,2.2316171012960826,2.322926677603463,26123885
2008-10-14,2.0307350158691406,2.41058452307788,1.921162929938672,2.385017605356549,31640937
2008-10-15,1.7750669717788696,2.140307054862192,1.7750669717788696,2.0599543889504432,23435048
2008-10-16,1.8736813068389893,1.9722966676439573,1.6070564969794658,1.6654946469004757,27366558
2008-10-17,1.9613388776779173,2.030734818363901,1.8554193025842136,1.9869059882544184,23890631
2008-10-20,2.0197765827178955,2.0526486848696743,1.9175095351339964,2.0453434911201493,10969991
2008-10-21,1.910205721855164,2.023430337297558,1.8809870774880024,2.008821112784891,13159494
2008-10-22,1.9613388776779173,2.001515207607398,1.862724498285976,1.899248132693696,13129901
2008-10-23,1.8773341178894043,1.9722969940563588,1.81524335966734,1.9503825743294303,12910308
2008-10-24,1.7458475828170776,1.775067199523565,1.585142328045659,1.760457000486727,21291845
2008-10-27,1.5486174821853638,1.6581896613590918,1.537660762389501,1.6508854419508745,15359462
2008-10-28,1.4938318729400637,1.6508854870653304,1.3513885537772938,1.5997514569497715,24427421
2008-10-29,1.720280647277832,1.738542565710963,1.6216660533287703,1.6216660533287703,15920390
2008-10-30,1.7969814538955688,1.840810288901976,1.7458474223712024,1.7969814538955688,11669477
2008-10-31,1.7933290004730225,1.8262003381602665,1.6874093992218568,1.8115909198576488,10666286
2008-11-03,1.9722968339920044,1.9722968339920044,1.837157825639098,1.844462826963693,15228680
2008-11-04,2.231616973876953,2.231616973876953,1.9796007214454523,2.0015151357130283,13206926
2008-11-05,2.0928256511688232,2.2644884786301938,1.935772043673475,2.2644884786301938,17929778
2008-11-06,1.8882919549942017,2.059954824476981,1.862725032428065,1.9978632803207903,13888623
2008-11-07,1.9722968339920044,1.997862971235604,1.8481145462588573,1.899248383480321,8402097
2008-11-10,1.928468108177185,2.0563021225026,1.928468108177185,2.0234300053490624,6083839
2008-11-11,1.8225483894348145,1.9211629761306364,1.7604568555517512,1.829852609313804,13725196
2008-11-12,1.6837565898895264,1.8773338375684696,1.6545371726081597,1.862724617282211,10273549
2008-11-13,1.6545370817184448,1.7129761084126804,1.599751336603935,1.650885362872792,9504910
2008-11-14,1.6143606901168823,1.749499676702223,1.5851419592465124,1.71297604335479,9249039
2008-11-17,1.563227891921997,1.683756807302433,1.5559227924811816,1.6289711497751025,7529857
2008-11-18,1.541313409805298,1.596099065099267,1.4573082369772916,1.5887939659562471,12655612
2008-11-19,1.3586927652359009,1.5668794315191883,1.3586927652359009,1.559575211955175,16412284
2008-11-20,1.278340220451355,1.3440834719734471,1.2418163871697467,1.3075597363627272,14403107
2008-11-21,1.252773404121399,1.3440836855295646,1.212597063923105,1.289297243206135,15140518
2008-11-24,1.4025218486785889,1.4025218486785889,1.278340335522526,1.292949655274289,13299220
2008-11-25,1.5120937824249268,1.566879433738982,1.3915648807137502,1.4025216984297244,17330365
2008-11-26,1.464612603187561,1.5084415420127306,1.395216840355736,1.5084415420127306,11488079
2008-11-27,1.4098267555236816,1.490179424978786,1.395216655387978,1.482874326075489,9109839
2008-11-28,1.3513888120651243,1.4098269752867711,1.2564260276715673,1.3988693740592055,13634758
2008-12-01,1.2308589220046997,1.3879124575384516,1.227206421073523,1.351388717948368,15881294
2008-12-02,1.208944320678711,1.285645265967085,1.1797255873440065,1.22720623656353,18656775
2008-12-03,0.7304795980453491,0.9861484511625778,0.6866515419971242,0.9496238339577204,125101232
2008-12-04,0.7122176885604858,0.7962228635971896,0.7085651388929417,0.7304796066955898,49767301
2008-12-05,0.6866514682769775,0.7414371184807418,0.6793463698126837,0.7122176036615271,29193913
2008-12-08,0.642822802066803,0.7304797088237169,0.6136032796793428,0.7304797088237169,24822088
2008-12-09,0.5734269022941589,0.6282125633761382,0.5697743523367634,0.6282125633761382,40929698
2008-12-10,0.5515123605728149,0.6136031079453785,0.5478598114168768,0.5953411923681886,33952797
2008-12-11,0.4967259764671325,0.5734268863215563,0.4894217069584825,0.5624692855900418,34294160
2008-12-12,0.4748115837574005,0.5076836553161739,0.4602022136948041,0.4894217351872513,36780530
2008-12-15,0.485769122838974,0.5186403599805172,0.4821166220763996,0.5040310406264799,28853095
2008-12-16,0.5003784894943237,0.5222929079772155,0.467507252453562,0.4894216709364538,47656179
2008-12-17,0.482116550207138,0.5076835145439645,0.4565495858703116,0.5040309654904297,27885900
2008-12-18,0.482116550207138,0.49672586738336,0.4711597332490111,0.485769050425233,17020340
2008-12-19,0.482116550207138,0.5040309654904297,0.4784640011536032,0.485769050425233,29009942
2008-12-22,0.5113360285758972,0.5843835931391976,0.5076835282591292,0.5770793250372793,27391567
2008-12-23,0.5880361199378967,0.6136030839935211,0.5186402769623077,0.5222928259756695,31952503
2008-12-29,0.6026455163955688,0.635517582811189,0.584383647959346,0.6209082150343697,25595513
2008-12-30,0.7012609243392944,0.7012609243392944,0.6172557486145823,0.6209082494765927,28480580
2009-01-02,0.7341321110725403,0.7341321110725403,0.6976083722968691,0.7231753410550668,22577159
2009-01-05,0.8327475190162659,0.8656187602025406,0.7158703126883473,0.7341321838874879,56957299
2009-01-06,0.8583143949508667,0.8838805317471684,0.8290948785181618,0.8473567954847939,31298796
2009-01-07,0.8692711591720581,0.9277093093774398,0.8437041449224009,0.8656185611291634,33332806
2009-01-08,0.7779608964920044,0.8473567431721253,0.7706566282778284,0.8400516447554365,27530755
2009-01-09,0.7085650563240051,0.7706566353606076,0.686651470113008,0.7706566353606076,21958073
2009-01-12,0.6683887839317322,0.7122176174927258,0.6647370648311874,0.6939557500153081,18791145
2009-01-13,0.6793463826179504,0.7122176170863966,0.6464743667824135,0.6647370644519465,24658455
2009-01-14,0.6537793278694153,0.7122175204802126,0.6318649140739228,0.6939556554902785,19020588
2009-01-15,0.6136031746864319,0.6610845608022505,0.5916887564051339,0.6428226920741751,18673171
2009-01-16,0.5149887204170227,0.6683889415154952,0.4967260184313361,0.6318651491141276,37467970
2009-01-19,0.595341145992279,0.6172556090183134,0.5369021709608757,0.54055467099685,28009322
2009-01-20,0.5295981168746948,0.6136033074593503,0.5186404658439848,0.5989939362878411,24518192
2009-01-21,0.5478599071502686,0.5588167263301838,0.5149886682433267,0.5259454874232419,22871737
2009-01-22,0.5222929120063782,0.5770793981552739,0.4967259437394303,0.5697742989252738,18285859
2009-01-23,0.4967259764671325,0.5259454962742621,0.4602021871513529,0.5113361270543021,27581242
2009-01-26,0.4602020978927612,0.4821165625736069,0.4236783644964003,0.4821165625736069,28484937
2009-01-27,0.4894216060638428,0.4967258740667124,0.4528970429104205,0.4675071904856968,20315870
2009-01-28,0.5332505702972412,0.5405547906185738,0.5040310518977064,0.5040310518977064,21695898
2009-01-29,0.5222929120063782,0.5332505608513783,0.5003784933544304,0.5332505608513783,15109784
2009-01-30,0.5113360285758972,0.5332504932866521,0.4857690635483744,0.5149885777281064,14023376
2009-02-02,0.485769122838974,0.5003784910284584,0.4784640724783782,0.4967259414304369,11979013
2009-02-03,0.485769122838974,0.5040310406264799,0.4675072538869152,0.4967259414304369,13388847
2009-02-04,0.5040309429168701,0.5076834918068217,0.4602020654777696,0.4894215775595042,16472467
2009-02-05,0.5295981168746948,0.5295981168746948,0.4711598996568015,0.4894217723364235,15954562
2009-02-06,0.5989938378334045,0.6062981071171976,0.5259454800833809,0.5405548000181523,30442668
2009-02-09,0.6209081411361694,0.6428226052945085,0.5843835784081648,0.5843835784081648,25654655
2009-02-10,0.5770792961120605,0.6245598444325069,0.5624691490709764,0.6172556255321426,25683795
2009-02-11,0.5551648736000061,0.5770792880715575,0.5478597757635273,0.5661216413168393,16649419
2009-02-12,0.5295981168746948,0.5551650902414569,0.5149887457031856,0.5478599895543169,20114384
2009-02-13,0.5295981168746948,0.5478599895543169,0.5222930161875549,0.5405548888671768,13619735
2009-02-16,0.507683515548706,0.5332504799361314,0.507683515548706,0.5186402836930774,8071104
2009-02-17,0.4930742084980011,0.514988626446436,0.4894216590002578,0.5040310267886521,13957767
2009-02-18,0.4894216060638428,0.5003784231693916,0.4748114584885665,0.4967258740667124,23276943
2009-02-19,0.4565496444702148,0.4894216622979211,0.4565496444702148,0.4894216622979211,31109911
2009-02-20,0.4382877349853515,0.4675072526544445,0.4346351853969591,0.4528971031363219,20674554
2009-02-23,0.3871538639068603,0.4565497294734896,0.3835021439071909,0.4309827082593709,24469545
2009-02-24,0.3798495233058929,0.4090682346867437,0.376196998198148,0.3871537921542439,19251506
2009-02-25,0.3798495233058929,0.4017639658383927,0.3652393740394672,0.3944588912051799,15726096
2009-02-26,0.3579351007938385,0.3835020681199897,0.3396732080111563,0.3798495186393938,27992528
2009-02-27,0.3469774425029754,0.3835020302460964,0.3396731744657132,0.3506299916228529,58055714
2009-03-02,0.3652393817901611,0.3798495313666267,0.3396732193922424,0.3396732193922424,26434309
2009-03-03,0.3542825281620025,0.372544419751328,0.3360206609903983,0.3652393456852223,22205894
2009-03-04,0.3542825281620025,0.372544419751328,0.343325735056504,0.3542825281620025,19651095
2009-03-05,0.3433257341384887,0.357935076446837,0.336020660091916,0.3542825272146901,16320860
2009-03-06,0.2994969189167022,0.3433257821768243,0.2958443935912131,0.3360207071081214,18137206
2009-03-09,0.2848867177963257,0.317758756146702,0.2812341687067676,0.2994968653191177,25053795
2009-03-10,0.2921918332576751,0.2994969080616098,0.2775824894346865,0.2812342088429114,19717767
2009-03-11,0.3141062557697296,0.3287155997734189,0.2885392872157433,0.2958443865277572,26793728
2009-03-12,0.3433257341384887,0.3506300024002643,0.314106219319274,0.3214113177835678,19385332
2009-03-13,0.3433257341384887,0.3652393447086126,0.336020660091916,0.3542825272146901,14458067
2009-03-16,0.3981114029884338,0.4017639523916537,0.350630018822579,0.350630018822579,32457300
2009-03-17,0.3908063173294067,0.412720734078743,0.3798494996382836,0.3944588666272922,17507263
2009-03-18,0.452897161245346,0.4602022125239592,0.4017640243081775,0.4017640243081775,23835865
2009-03-19,0.5003784894943237,0.5186403583903926,0.4638547028667391,0.474811521424609,33070744
2009-03-20,0.5003784894943237,0.5003784894943237,0.4309826356233785,0.4894216709364538,47913810
2009-03-23,0.5807310938835144,0.5843836433495513,0.5076835718793983,0.5186403412394921,30289061
2009-03-24,0.6756938695907593,0.7012608858677262,0.6026455167632736,0.6136031652545074,42848825
2009-03-25,0.6647371053695679,0.6793464244348424,0.6282124891493347,0.657432006317915,23687837
2009-03-26,0.6683887839317322,0.6793463830055262,0.6391700987476117,0.6647370648311874,15988350
2009-03-27,0.595341145992279,0.6756937538472806,0.5770792806730939,0.6756937538472806,20211903
2009-03-30,0.5770792961120605,0.6136030765630119,0.5076835028122686,0.5624691490709764,20565056
2009-03-31,0.6355174779891968,0.6355174779891968,0.5661216373118068,0.5661216373118068,14083467
2009-04-01,0.6209081411361694,0.6391700562343722,0.5880361274683011,0.6355175071742358,11845742
2009-04-02,0.6501269340515137,0.6793464524239391,0.6355176143843346,0.6391701640606462,16041977
2009-04-03,0.6647371053695679,0.675693874909016,0.639170137726814,0.6501269072662621,13248058
2009-04-06,0.8181372284889221,0.8327473773579808,0.704913372836173,0.704913372836173,52926641
2009-04-07,0.8108329176902771,0.9057949003140622,0.7852659520744326,0.8437041515761184,44245108
2009-04-08,0.8802279233932495,0.8802279233932495,0.7377845196708486,0.7670040325265665,33153915
2009-04-09,0.9861484169960022,1.0117145542396015,0.8948381468690737,0.9131000641552112,35747074
2009-04-14,0.9824959635734558,1.1139824775861165,0.92040520740504,0.9678857648800048,36699386
2009-04-15,1.0007578134536743,1.0665011700614329,0.9423196540780524,0.9532764732172656,25720114
2009-04-16,1.092067837715149,1.0957195564473394,1.0153669960367928,1.0445864108051552,28454565
2009-04-17,1.216249704360962,1.2345116245287533,1.1212869185870094,1.1249394198256562,25454021
2009-04-20,1.183377742767334,1.3367787005456964,1.1030250554633492,1.2710354329263982,36068860
2009-04-21,1.190682291984558,1.1979873897273816,1.0263245762385806,1.1468534636033645,32358675
2009-04-22,1.2929495573043823,1.3039071567310268,1.2016401681415578,1.2637308223439336,25069698
2009-04-23,1.3404309749603271,1.4244361433438295,1.2491207078202995,1.278340223808405,23426918
2009-04-24,1.373302936553955,1.4390454042516418,1.3294741038441131,1.3952165715418,18757719
2009-04-27,1.3331260681152344,1.355040488501526,1.252773388707304,1.3294743484138365,11751407
2009-04-28,1.2637306451797483,1.2966018761171847,1.2125967185345488,1.2856451572645842,18712153
2009-04-29,1.3879125118255615,1.3915651105705056,1.2746878109864503,1.2783404097313944,20966277
2009-04-30,1.4719175100326538,1.4719175100326538,1.3696505204299936,1.4025217563013597,24131210
2009-05-04,1.672799825668335,1.672799825668335,1.482874204399956,1.482874204399956,19713239
2009-05-05,1.891943335533142,1.921162949427905,1.7129762770607295,1.7239329974104858,38488767
2009-05-06,1.7969814538955688,2.008820627751424,1.7641093392863156,1.9722967939211968,38348718
2009-05-07,1.899248480796814,1.9576867363118693,1.8444629214730013,1.851767141804728,28782179
2009-05-08,1.6801042556762695,1.9540341954451623,1.6362754184312174,1.884639220170092,29910635
2009-05-11,1.504788875579834,1.6435804926737387,1.4500032172840054,1.6435804926737387,32614574
2009-05-12,1.5522700548171997,1.6654946348530333,1.3952165452272765,1.4244360594953958,26929249
2009-05-13,1.4134793281555176,1.639927818300332,1.4025217288349023,1.6216659015761192,19506007
2009-05-14,1.504788875579834,1.5303558937786963,1.3404311193251568,1.380607359901603,17633477
2009-05-15,1.5851423740386963,1.6326229340072598,1.5193991135796407,1.577837274308319,14257035
2009-05-18,1.563227891921997,1.6691475851297777,1.475570214784523,1.6070567304907335,56307395
2009-05-19,1.7750669717788696,1.7896761922323292,1.621665859498558,1.628970958079718,39260382
2009-05-20,1.7677618265151978,1.8590721917678368,1.7166287720861464,1.7677618265151978,22861546
2009-05-21,1.7020184993743896,1.7458473321149477,1.6727998635726584,1.7312379165431977,10992133
2009-05-22,1.720280647277832,1.7568052655112758,1.6874093113032735,1.7166289277533104,8698015
2009-05-25,1.6947144269943235,1.7531526803773545,1.6654948119483433,1.749499984319374,4715399
2009-05-26,1.643580436706543,1.672800052517512,1.552270260512564,1.650885633671972,14846269
2009-05-27,1.705670952796936,1.7421947837330447,1.6545371206661512,1.6727998175012604,11849073
2009-05-28,1.5851423740386963,1.6508857321686532,1.5814898730089584,1.6143611125548805,11601885
2009-05-29,1.6216658353805542,1.6801040837176824,1.5960989186001522,1.6435802517601408,11217780
2009-06-01,1.7458475828170776,1.7458475828170776,1.6472331833443066,1.6472331833443066,6906919
2009-06-02,1.7641092538833618,1.778719450870202,1.6874090893479787,1.7166287019545805,11948915
2009-06-03,1.7166287899017334,1.7641093442630615,1.6910618717383128,1.7385424260996407,9834003
2009-06-04,1.8042856454849243,1.8444627606419728,1.7129762576792502,1.716628758210214,14410984
2009-06-05,1.8736813068389893,1.93577205478512,1.8371576706889847,1.84446267139746,16116353
2009-06-08,1.7860236167907717,1.877333780234263,1.731237870339852,1.848114363845264,10607203
2009-06-09,1.837157964706421,1.8809868039210016,1.8006341273694015,1.8554196880331328,8066054
2009-06-10,1.891943335533142,1.9357721703499515,1.8700289181247376,1.8700289181247376,11493031
2009-06-11,1.9759488105773928,1.990559010470774,1.8992486307833405,1.8992486307833405,11114169
2009-06-12,1.9722968339920044,2.0307350865127143,1.939424718714894,1.9942112519404391,10914936
2009-06-15,1.837157964706421,1.9540342832532425,1.7969816264306209,1.9430775618040923,14681588
2009-06-16,1.8225483894348145,1.877333945362858,1.7458474390848666,1.8188958888117568,13752138
2009-06-17,1.6508853435516355,1.8261998821396777,1.6326225496892883,1.822548163336763,18128934
2009-06-18,1.720280647277832,1.7421950666026664,1.6545373893033288,1.6910620075367726,10517628
2009-06-19,1.672799825668335,1.7421947922389247,1.672799825668335,1.7385422919224232,20439369
2009-06-22,1.5997514724731443,1.6983660564648522,1.585142154077753,1.665494723809392,11809891
2009-06-23,1.639928102493286,1.6947146435273208,1.446350814029933,1.563228019425598,18350456
2009-06-24,1.7385423183441162,1.7568050155459385,1.661842154633099,1.6801040704678505,13137101
2009-06-25,1.8188960552215576,1.8627248946574315,1.687409341572138,1.753152796067747,24840267
2009-06-26,1.8481144905090328,1.921162938817152,1.8298525737737807,1.877333908900636,16628264
2009-06-29,1.866377234458924,1.924815486652332,1.7677618658888332,1.8225483988075304,13378031
2009-06-30,1.880986452102661,1.928467783375149,1.8188957058329789,1.8919431715024744,11269226
2009-07-01,1.928468108177185,1.946730026505761,1.8809867689076576,1.8955959910236475,10563156
2009-07-02,1.8079380989074707,1.924815378068038,1.7677617661643787,1.924815378068038,12529149
2009-07-03,1.7750669717788696,1.8408102218953863,1.745847358821318,1.8262000247330663,8731115
2009-07-06,1.7969814538955688,1.826200091207836,1.7166287850589357,1.7239330048679988,9769342
2009-07-07,1.7969814538955688,1.8919433437174464,1.7969814538955688,1.8188958713987724,12486013
2009-07-08,1.9613388776779173,2.027082318183899,1.8846389133407169,1.899248132693696,27577942
2009-07-09,1.8846389055252075,2.012472895143531,1.8517667947250207,1.994210980344524,19686572
2009-07-10,1.9869060516357424,2.023429687208549,1.7787193949872848,1.8627245577059708,52753410
2009-07-13,2.0855202674865723,2.129349095491119,1.9321193694706589,1.9503820648353376,19399191
2009-07-14,2.1110877990722656,2.180483554963465,2.092825881422026,2.118392800542506,16988262
2009-07-15,2.282750606536865,2.3010125238760413,2.18048351782227,2.184136018495176,24931200
2009-07-16,2.553028345108032,2.593204672995964,2.271793268525522,2.301012096430249,47223651
2009-07-17,2.42519474029541,2.6808627475385367,2.2827505390722327,2.600509297843661,50484234
2009-07-20,2.3432626724243164,2.572673184305786,2.306393286331224,2.482547584207693,29836922
2009-07-21,2.494837999343872,2.515320952227758,2.359649768011465,2.400615869121016,31568170
2009-07-22,2.453871726989746,2.5562870784402385,2.4006158926952432,2.507127756626029,17898876
2009-07-23,2.433388948440552,2.4866449818966463,2.396519356764517,2.4825482737807336,16213611
2009-07-24,2.339166641235352,2.44158199261924,2.322780200641272,2.41700233172812,14179890
2009-07-27,2.257234811782837,2.4251959533365595,2.22855843832706,2.3760366234196377,18902014
2009-07-28,2.179398775100708,2.2572344665694954,2.068790202032806,2.253137758698715,32620223
2009-07-29,2.2367515563964844,2.339166919984815,2.1179497502613653,2.17120578620933,31433581
2009-07-30,2.3350701332092285,2.339166841379161,2.0237275399408365,2.285910807220819,85855144
2009-07-31,2.36784291267395,2.388325864904212,2.261330857846209,2.2859105177275865,22356323
2009-08-03,2.3555524349212646,2.4251948859910044,2.343262510180012,2.371938871015118,14247086
2009-08-04,2.371939420700073,2.45796832780043,2.326876613328036,2.396519080537065,22368317
2009-08-05,2.2449448108673096,2.384229769916512,2.203978703894546,2.367843327127406,16572062
2009-08-06,2.269524097442627,2.330973345348617,2.2531376573799333,2.294103757536668,13678344
2009-08-07,2.38422966003418,2.441582207152833,2.2080751151570466,2.261331149438124,21131795
2009-08-10,2.400615930557251,2.4825481348731504,2.400615930557251,2.4497752531467905,9645489
2009-08-11,2.392422676086426,2.490741319866633,2.318683497909489,2.457968438606565,20488251
2009-08-12,2.38422966003418,2.408809323085032,2.3309736257531024,2.38422966003418,14081686
2009-08-13,2.531707286834717,2.5890600213322617,2.4333886482819604,2.462065015530733,26753616
2009-08-14,2.6546056270599365,2.695571724091064,2.568576725623689,2.613639530028809,23693583
2009-08-17,2.6546056270599365,2.736537821122192,2.58496316443614,2.6546056270599365,18618093
2009-08-18,2.7775044441223145,2.7775044441223145,2.670992383820692,2.6955720449652705,16309524
2009-08-19,2.752924680709839,2.7816010506855937,2.6791856947830555,2.7775045380272223,12588383
2009-08-20,2.80208420753479,2.8348570902570094,2.769311324812571,2.7856977661736804,11345006
2009-08-21,2.7775044441223145,2.7856976645038407,2.711958485728323,2.7775044441223145,10222457
2009-08-24,2.7447314262390137,2.8389535603223,2.66279922066302,2.8348570477143933,14140618
2009-08-25,2.7365376949310303,2.7611173520162544,2.642315578433463,2.69557159978899,14356228
2009-08-26,2.7365376949310303,2.810276861528453,2.7037648188173984,2.7365376949310303,12139188
2009-08-27,2.757021188735962,2.785697556631744,2.7119583807116685,2.7119583807116685,9035335
2009-08-28,2.8717262744903564,2.970044908739765,2.785697371851243,2.8020838108928108,25115470
2009-08-31,3.0028181076049805,3.0028181076049805,2.892209534587532,2.916789195775656,62604895
2009-09-01,2.945465564727783,3.0560741377412923,2.89220953448452,3.031494476554044,31098916
2009-09-02,2.834857225418091,2.965948762557185,2.773407969713241,2.945465807550101,24821689
2009-09-03,2.945465564727783,3.035590989081028,2.884016314088771,2.9004027548802696,23475065
2009-09-04,3.0560734272003174,3.0560734272003174,2.957754609968792,3.0233005532370547,17200898
2009-09-07,3.0806539058685303,3.0888471265486945,3.027397873776569,3.0724606851883665,11851245
2009-09-08,3.129812717437744,3.1339094247778787,3.068363474728029,3.072460182068164,10469442
2009-09-09,3.150296449661255,3.150296449661255,3.0806539746539747,3.101137124482632,13207448
2009-09-10,3.244518280029297,3.256808012489321,3.187165739418372,3.203552179592922,27565801
2009-09-11,3.2772910594940186,3.3510302333513664,3.2690978396589543,3.2772910594940186,14525644
2009-09-14,3.15439248085022,3.2281316527024093,2.99052808860483,3.2281316527024093,16775046
2009-09-15,3.183069467544556,3.248615237217588,3.170779538059961,3.2240355735902004,10769597
2009-09-16,3.121619462966919,3.273194116694361,3.1175229510146463,3.2690976047420883,14868947
2009-09-17,3.031494617462158,3.2035524491121685,2.9249825520248023,3.183069299499818,33555196
2009-09-18,2.892209768295288,3.097040490089644,2.892209768295288,2.990528616334314,44315862
2009-09-21,2.945465564727783,3.0110113278937787,2.8758230936930214,2.961852005519282,20996496
2009-09-22,2.982335090637207,3.0069147513007555,2.9413687941895144,2.982335090637207,12574480
2009-09-23,3.0560734272003174,3.113425956636028,2.961851316885068,2.9782377538667,16461133
2009-09-24,2.892209768295288,3.04378445554108,2.859436884062879,3.002818350250568,21508060
2009-09-25,2.8717262744903564,2.949561762266924,2.851243128017515,2.924982103704572,15715681
2009-09-28,2.888113021850586,2.941368856750094,2.818470550818404,2.9044994626414784,15449444
2009-09-29,3.0069150924682617,3.0069150924682617,2.8553402081658787,2.908596243316937,24059991
2009-09-30,3.158489465713501,3.236325156536664,3.0560741138948835,3.07246055455852,50802577
2009-10-01,3.0806539058685303,3.1994557034018043,3.0806539058685303,3.1953591907326166,23876443
2009-10-02,2.9741415977478027,3.0396873535080537,2.8348566714155083,3.019204207162095,26947924
2009-10-05,3.0519778728485107,3.068364316018402,2.8881134411495983,2.974142365462433,16738920
2009-10-06,3.129812717437744,3.158489082793413,3.072460182068164,3.0970398400836983,19036426
2009-10-07,3.1052334308624268,3.1461995324552463,3.076557257418344,3.1052334308624268,12229663
2009-10-08,3.101137161254883,3.166682928936934,3.0560743483025745,3.1421032660561647,13351570
2009-10-09,3.0970401763916016,3.1339097650894545,3.076557223491956,3.101136884176598,9140165
2009-10-12,3.252711772918701,3.2609049936931345,3.1380064867348425,3.1380064867348425,17708302
2009-10-13,3.166682720184326,3.269098073107051,3.166682720184326,3.265001365226086,19462261
2009-10-14,3.293677568435669,3.3182574237995865,3.248614760724185,3.2650012007389475,28008563
2009-10-15,3.170779228210449,3.314160878371612,3.146199566984994,3.2936777296795072,24292320
2009-10-16,3.0847506523132324,3.2527117760201625,3.047881061122231,3.207648964046916,19340928
2009-10-19,3.1421027183532715,3.1707788890447004,3.101136620692829,3.1380060109163463,14598263
2009-10-20,3.178972244262696,3.244517999289388,3.158489098145975,3.24042129192934,24191786
2009-10-21,3.0478806495666504,3.195358799074876,3.0273975027059814,3.1707789447053667,24226032
2009-10-22,2.916789054870605,2.9823350102143067,2.879919662540408,2.9823350102143067,31022002
2009-10-23,2.8471462726593018,3.00691433802629,2.8389530535642065,2.9782379735225804,22376229
2009-10-26,2.765214443206787,2.9372722620387828,2.7447312951203964,2.879919720875377,18741936
2009-10-27,2.5562872886657715,2.80618082145157,2.486645008039248,2.789794379499236,59748587
2009-10-28,2.494837999343872,2.556287053337309,2.380132720895352,2.556287053337309,38066642
2009-10-29,2.650509119033813,2.662799046738371,2.4374852031084147,2.478451498562424,28966148
2009-10-30,2.5112240314483643,2.793890376153775,2.494837593669072,2.777503938374483,32502755
2009-11-02,2.6136395931243896,2.6505089836715845,2.5235139821384376,2.556286860554506,31241479
2009-11-03,2.5030317306518555,2.60544710200849,2.478452064967281,2.60544710200849,26541896
2009-11-04,2.679185628890991,2.6955720698050447,2.527610952765101,2.543997393679155,33178424
2009-11-05,2.625929594039917,2.679185624596112,2.5644805383816136,2.654605963264433,19295127
2009-11-06,2.6464126110076904,2.6873787111867093,2.584963363068275,2.654605831043494,15734954
2009-11-09,2.6382195949554443,2.658702548957781,2.55628719292073,2.634122886949904,11261823
2009-11-10,2.593156099319458,2.6627985543020354,2.580866369229437,2.6627985543020354,8899823
2009-11-11,2.773407459259033,2.8020838254011355,2.6013496530899443,2.6013496530899443,24313536
2009-11-12,2.7365376949310303,2.797986935314966,2.7201512568742143,2.7611173520162544,13284362
2009-11-13,2.773407459259033,2.8102770449643417,2.7201514344273128,2.7201514344273128,12484463
2009-11-16,2.863532781600952,2.908595585408253,2.8143734658157635,2.8225666851132947,22071411
2009-11-17,2.8143739700317383,2.9208860353238304,2.789794307735515,2.8676300026777843,19081239
2009-11-18,2.8389534950256348,2.908595965834328,2.814373833918175,2.8512434232502555,15693408
2009-11-19,2.634122133255005,2.916788458479658,2.5767696049800954,2.892208803504697,52062123
2009-11-20,2.5439975261688232,2.703765431072344,2.4948382008664773,2.670992547537447,30399509
2009-11-23,2.6054463386535645,2.630025997136684,2.552190314269258,2.621832777642311,14343544
2009-11-24,2.66279935836792,2.69147572947339,2.560383998430692,2.589060369536163,18455074
2009-11-25,2.630026340484619,2.707862033513435,2.605446678792644,2.6546060021765947,16466195
2009-11-26,2.519417285919189,2.6218326211570284,2.5112240669138326,2.6013494759727607,11709210
2009-11-27,2.6382195949554443,2.646412815624737,2.404712512867924,2.474354986227805,26113933
2009-11-30,2.6136395931243896,2.691475277033434,2.584963226839448,2.6668956182213828,13366628
2009-12-01,2.711958408355713,2.716055116100488,2.6382194270257626,2.646412647173535,12834181
2009-12-02,2.6914756298065186,2.728345025186204,2.6791857011187634,2.7119585838303903,11174799
2009-12-03,2.6955721378326416,2.765214611145815,2.662799255177452,2.728345020487832,13272635
2009-12-04,2.7078616619110107,2.7447310517184595,2.63002597956366,2.699668442471382,12315912
2009-12-07,2.7365376949310303,2.7775039854148207,2.675088649888845,2.7201512568742143,10226468
2009-12-08,2.765214443206787,2.8266636921241823,2.711958414455593,2.752924515286597,16461237
2009-12-09,2.761117458343506,2.8266634084366147,2.744731019655668,2.761117458343506,15731881
2009-12-10,2.757021188735962,2.818470436888766,2.7529244810329465,2.773407628864473,10463194
2009-12-11,2.720151901245117,2.7897943771549163,2.720151901245117,2.7693114224026085,13628584
2009-12-14,2.7693114280700684,2.8020843120142684,2.752924790756172,2.765214719906145,9236673
2009-12-15,2.806180238723755,2.8266633845815674,2.765214142349885,2.797987019448981,11035512
2009-12-16,2.920885801315308,2.920885801315308,2.818470452281882,2.818470452281882,17183130
2009-12-17,2.8184704780578613,2.904499387660048,2.8184704780578613,2.89220945971326,14307768
2009-12-18,2.933175563812256,2.949562004197884,2.8594365820769307,2.867629802269745,23898267
2009-12-21,3.0478806495666504,3.06426708891848,2.941368598437997,2.941368598437997,26085958
2009-12-22,3.158489465713501,3.170779198540337,3.060170626389902,3.0970402155539745,21818762
2009-12-23,3.1052334308624268,3.244518371619794,3.060170621439435,3.1871658293898464,18015105
2009-12-28,3.1461997032165527,3.1953592231378707,3.1175235282160583,3.1789727816113618,5417691
2009-12-29,3.183069467544556,3.203552618238279,3.138006653223445,3.162586316850832,8873757
2009-12-30,3.178972244262696,3.1953586830193683,3.1380059520292543,3.178972244262696,6552096
2010-01-04,3.362501382827759,3.38380379778019,3.2035527295731807,3.2035527295731807,31450888
2010-01-05,3.472289800643921,3.5501256819074483,3.351030225505584,3.367416665137346,34104151
2010-01-06,3.425588607788086,3.4993273896100354,3.404286197539104,3.473928271847742,18186494
2010-01-07,3.3690555095672607,3.421492277606635,3.240421770521319,3.338740417582465,25944368
2010-01-08,3.424769401550293,3.529642939776214,3.372333023120915,3.375610077013236,24028763
2010-01-11,3.3264505863189697,3.4894957298252587,3.31334159003732,3.465735527558431,19229179
2010-01-12,3.2650012969970703,3.329727990907948,3.1994555350056126,3.3010514270240163,21697719
2010-01-13,3.3682355880737305,3.4157563754077653,3.329727478365452,3.342836472472462,24946885
2010-01-14,3.4100210666656494,3.473927899886415,3.3887186586975644,3.465734876420569,19557079
2010-01-15,3.3149800300598145,3.464916173356608,3.2961354088796018,3.4575420212932406,24695205
2010-01-18,3.3174378871917725,3.360862364986324,3.277291244473211,3.3428370068533053,12007699
2010-01-19,3.29121994972229,3.3198961235713425,3.166682725642893,3.2944970034858576,27286234
2010-01-20,3.279749155044556,3.364139542080029,3.246157009195249,3.2609049234767404,21738390
2010-01-21,3.195359468460083,3.3559468421590384,3.195359468460083,3.3223543023695985,22345240
2010-01-22,3.0855698585510254,3.19453971246766,3.0355910759671887,3.15439287277685,24851777
2010-01-25,3.129812717437744,3.171598272803383,3.011010939358449,3.0396873047141177,18261386
2010-01-26,3.19372034072876,3.2035522832884493,3.133090353846977,3.1707792065367446,17823528
2010-01-27,3.1265358924865723,3.2191193030930605,3.096220996359906,3.1953591005305664,16808176
2010-01-28,3.1986358165740967,3.336282014380916,3.167501466851979,3.1789721298421942,32919811
2010-01-29,3.292858123779297,3.393634939198693,3.101955893239736,3.3182572411433044,64716528
2010-02-01,3.4477107524871826,3.4616390129786105,3.3018713049646284,3.318257746573334,29981554
2010-02-02,3.558319091796875,3.595188682632714,3.447710709972938,3.46573567831517,38919249
2010-02-03,3.4575424194335938,3.596827373063075,3.426408452824277,3.575524959197776,23945356
2010-02-04,3.367416381835937,3.5402934421460928,3.360861884671371,3.4411551586334435,23021119
2010-02-05,3.243699550628662,3.3879004823144228,3.178973042680826,3.328089555613001,42616687
2010-02-08,3.2428793907165527,3.326450309435692,3.178972355466692,3.3100638701058034,24151397
2010-02-09,3.260904312133789,3.309244363201963,3.2150222463183824,3.248614385869952,16038483
2010-02-10,3.2781107425689697,3.3256315409014547,3.240421887434045,3.314161070732164,18038422
2010-02-11,3.3264505863189697,3.3420177635806567,3.2625435457496885,3.310064145625125,14733255
2010-02-12,3.2297704219818115,3.3936352172172928,3.212564718106393,3.334643953441889,17705692
2010-02-15,3.1527538299560547,3.265000914688921,3.12243893811884,3.251891920099022,14874097
2010-02-16,3.255169153213501,3.255169153213501,3.1339093911015103,3.185526691913639,15475335
2010-02-17,3.3502111434936523,3.397731547519854,3.270736731169581,3.2854846448416226,20727473
2010-02-18,3.37233304977417,3.3911772818546986,3.319896280246775,3.35103063657139,11822253
2010-02-19,3.405925035476685,3.405925035476685,3.2936777397303074,3.2944970031711214,13134082
2010-02-22,3.432962417602539,3.465735296808196,3.398550620958124,3.4247690024593567,11660266
2010-02-23,3.3518495559692383,3.4722898701390355,3.343656140647603,3.461638664631037,14814420
2010-02-24,3.3076066970825195,3.353488579492541,3.221577581538324,3.334644346555169,23717490
2010-02-25,3.201094150543213,3.3346438510273715,3.201094150543213,3.2682786324828244,15016921
2010-02-26,3.2830264568328857,3.2830264568328857,3.215022709291574,3.248614853680516,12647434
2010-03-01,3.342836856842041,3.3510302721136505,3.296135327434373,3.310063977122691,12919601
2010-03-02,3.4386980533599854,3.4567230218222544,3.3477531662082245,3.37561007771667,23214468
2010-03-03,3.463277816772461,3.486218756133813,3.408382868038409,3.408382868038409,13580019
2010-03-04,3.470651626586914,3.5230883950107987,3.4157570677760867,3.428046801077955,18601454
2010-03-05,3.506701707839966,3.543570905160472,3.4837603790858207,3.4837603790858207,13918917
2010-03-08,3.514075517654419,3.5509451061672,3.490315315851111,3.5394746369736336,9358154
2010-03-09,3.514894962310791,3.56323502250972,3.446891016375493,3.531281403529907,14775934
2010-03-10,3.575525283813477,3.575525283813477,3.4813033305590504,3.5017864827789444,14138287
2010-03-11,3.580440282821656,3.6107553711222473,3.5394743801998985,3.5411129069133813,12776444
2010-03-12,3.6377933025360094,3.686952623973632,3.5886339810983894,3.596827005996214,18141981
2010-03-15,3.531280755996704,3.670565676160214,3.531280755996704,3.652540711329508,15536606
2010-03-16,3.653360366821289,3.673023860379226,3.5738859571427617,3.5738859571427617,14831843
2010-03-17,3.693507671356201,3.74922188981861,3.682856463926407,3.7131715591292416,16081679
2010-03-18,3.650902509689331,3.707435986554872,3.635335331731677,3.678759421045919,10191449
2010-03-19,3.64107084274292,3.710713321756093,3.64107084274292,3.696785060363625,26281161
2010-03-22,3.6779398918151855,3.6836751263658414,3.5804405137704847,3.6214068097182137,13270479
2010-03-23,3.832791566848755,3.842623508004248,3.6869521481982974,3.687771411514005,18995180
2010-03-24,4.054827690124512,4.06711781114287,3.932748868673328,3.947496388801784,31494166
2010-03-25,4.109723091125488,4.158882804064595,3.915543592408496,4.062202686423627,30647529
2010-03-26,4.137580394744873,4.186739717032803,4.045816248337357,4.112181274823528,19227337
2010-03-29,4.23835563659668,4.289153862140463,4.194931561264695,4.211317997414812,18679599
2010-03-30,4.128567218780518,4.276864431234757,4.115457833337764,4.272768114549694,21434878
2010-03-31,4.210501194000244,4.223610584988967,4.128568965384543,4.134304201853459,15053951
2010-04-01,4.2277045249938965,4.268670811596861,4.205582855247004,4.221150028528792,13461993
2010-04-06,4.335035800933838,4.349783710925208,4.268670791997866,4.292430988081077,16689087
2010-04-07,4.30390214920044,4.344049178876449,4.276864505193881,4.34241065217409,12835875
2010-04-08,4.207223415374756,4.301445364400148,4.167076376316332,4.277685158929042,15049450
2010-04-09,4.265393733978272,4.29734734650606,4.240814272454433,4.268671177833749,9213601
2010-04-12,4.119553565979004,4.282599042655358,4.039259917697289,4.256380668656898,46578740
2010-04-13,4.153966426849365,4.193293802674055,4.119554631154676,4.12938657278173,20726345
2010-04-14,4.269491195678711,4.301444813853698,4.241634285376212,4.274407166988984,22372649
2010-04-15,4.309638023376465,4.330940043790226,4.260478312626103,4.301444608023555,13238509
2010-04-16,4.194931983947754,4.301444024997443,4.185919697101353,4.268671149395,17756261
2010-04-19,4.175269603729248,4.246550607593034,4.116278333814902,4.170353632012753,17004824
2010-04-20,4.2621169090271,4.279322611151789,4.185919949129534,4.21459611933735,14585887
2010-04-21,4.424343585968018,4.457116469586155,4.34323064041059,4.350604402485414,34637803
2010-04-22,4.334217548370361,4.448103366712182,4.282600437389649,4.424343165088553,23409514
2010-04-23,4.41533088684082,4.455477923041038,4.3088188202079,4.37518424132419,15102952
2010-04-26,4.542325973510742,4.559531678240471,4.448922906663227,4.448922906663227,16654676
2010-04-27,4.309638023376465,4.57100180033423,4.293251192670646,4.563628039063449,17627561
2010-04-28,4.3014445304870605,4.407137320669833,4.149869865342398,4.276864675554949,31005391
2010-04-29,4.385015964508057,4.385015964508057,4.254743309947759,4.345688193765219,16351628
2010-04-30,4.377641677856445,4.506275410900571,4.344868797031853,4.419427237647046,18127454
2010-05-03,4.331759452819824,4.366990121067073,4.280961218146013,4.342410657765927,13415634
2010-05-04,3.999114513397217,4.366990343792816,3.95077445699819,4.338314171584425,39592667
2010-05-05,3.9835474491119385,4.100710712796172,3.868023102945471,4.039261268310632,32666305
2010-05-06,3.924555540084839,4.055647041666189,3.895879371784792,3.933568217557779,24119459
2010-05-07,3.7123515605926514,3.891783133604064,3.6410701768698974,3.7688846407219647,37261821
2010-05-10,4.044996738433838,4.070395859260734,3.952413325289863,3.9728964746443407,29172744
2010-05-11,4.026151180267334,4.03762164636281,3.904891241703037,4.014680714171858,19627181
2010-05-12,4.212958812713623,4.235899755523448,3.977812976862025,4.018779281036967,23299251
2010-05-13,4.276864528656006,4.347326646813362,4.206402801182178,4.268671504415737,15629001
2010-05-14,4.127747535705566,4.267851709859401,4.097432451217645,4.234259572356663,22238422
2010-05-17,4.163798809051514,4.272769061375346,4.141677131316045,4.145773839592437,28763272
2010-05-18,4.140037536621094,4.285057690464408,4.100710163087086,4.261297491819248,19216314
2010-05-19,3.877035617828369,4.171991952821796,3.866384411416335,4.096614244472564,29917467
2010-05-20,3.7975611686706543,3.994198442949292,3.7344732006986674,3.936026445902624,25077072
2010-05-21,3.8557324409484863,3.870480352446591,3.689409879323111,3.797560839625713,27790013
2010-05-24,3.8041160106658936,3.9114473359971207,3.702519920152731,3.899976866360992,15276747
2010-05-25,3.448529958724976,3.6459865182298734,3.380526012301633,3.6459865182298734,43318921
2010-05-26,3.617310047149658,3.6820365437283673,3.511617255244254,3.535377847179814,27302350
2010-05-27,3.7647879123687744,3.801657499098408,3.6705659824450776,3.6705659824450776,24717498
2010-05-28,3.747581720352173,3.8385265849013774,3.719724815767012,3.812308206855496,12504560
2010-05-31,3.8188636302948,3.8188636302948,3.736112159730365,3.741028131224484,5239839
2010-06-01,3.6582767963409424,3.785271624378944,3.5828990848802307,3.785271624378944,25533624
2010-06-02,3.6836752891540527,3.711532590412362,3.5894533512674127,3.604201265342358,14008745
2010-06-03,3.832791566848755,3.8811316186270046,3.7836322517547982,3.7836322517547982,18640055
2010-06-04,3.736931085586548,3.9597871375741134,3.726279880092168,3.850816901763552,21867063
2010-06-07,3.688591241836548,3.809851216921751,3.613213535635455,3.645986417402576,15775614
2010-06-08,3.6238644123077393,3.777077991790168,3.5902722701527505,3.768884576751446,19234617
2010-06-09,3.7443056106567374,3.746763401084899,3.577983013826713,3.687772133289602,17981979
2010-06-10,3.834430456161499,3.8885057469479376,3.646805855878904,3.710712698067248,19942873
2010-06-11,3.943401098251343,4.024514042791186,3.871300442649092,3.871300442649092,27814166
2010-06-14,4.047453880310059,4.063021054195178,3.995017125190024,4.020416239495584,11678174
2010-06-15,4.184281349182129,4.221150936922457,4.0204169488735,4.035984125505352,28060734
2010-06-16,4.1744489669799805,4.309637571338212,4.04089967061406,4.260477865744215,25977982
2010-06-17,4.274406909942627,4.312915023987726,4.154785860181203,4.186739476434623,22268657
2010-06-18,4.2965288162231445,4.315373437911008,4.237537551544819,4.294071025924848,22597783
2010-06-21,4.352242946624756,4.416150187137225,4.3014450940213935,4.344869184520852,14760150
2010-06-22,4.3079986572265625,4.342410451167899,4.258839342279589,4.3260240128522405,11660164
2010-06-23,4.258840084075928,4.338314499557143,4.2350798811189465,4.253104849200671,12414132
2010-06-24,4.065481662750244,4.313736572417664,4.057288633841579,4.301446833712792,24087746
2010-06-25,4.057286739349365,4.147411968680738,4.031068355853188,4.072034262635567,14542014
2010-06-28,4.17199182510376,4.229344563416713,4.105626798268227,4.1990294720386325,13387422
2010-06-29,3.9581475257873535,4.110541820237753,3.9581475257873535,4.0974324361761765,15695305
2010-06-30,3.947497367858887,4.03352628290684,3.9220986376252256,3.975354669862871,15582095
2010-07-01,3.8909637928009033,3.988463165512061,3.843443001492479,3.890144529436133,14929560
2010-07-02,3.875396728515625,3.9614256352324526,3.875396728515625,3.949135903039633,11411841
2010-07-05,3.897519111633301,3.953232939012192,3.8893260855757528,3.899977292929095,6131773
2010-07-06,4.096613883972168,4.115458114059401,3.9491359247952458,3.990101829224841,14801104
2010-07-07,4.047453880310059,4.07776896482584,3.967160221121093,4.058105083984957,16153254
2010-07-08,4.102348327636719,4.164617021696401,4.085142627651849,4.112999531058324,14974036
2010-07-09,4.164617538452148,4.209680147434969,4.113819304745879,4.171991299165341,14172682
2010-07-12,4.127747535705566,4.199847780916744,4.12610861851468,4.162158936462007,13147832
2010-07-13,4.2440924644470215,4.302264471377476,4.163798779935787,4.163798779935787,26079327
2010-07-14,4.347326755523682,4.398943864373647,4.301444490306843,4.346507101463985,20592022
2010-07-15,4.199028968811035,4.335855713967382,4.186739237318096,4.31209551432323,18128022
2010-07-16,4.063840389251709,4.242452674433947,4.049092478360473,4.219511740169904,17951899
2010-07-19,4.033525466918945,4.122012545152581,3.9941980936392754,4.0859622250808405,13501720
2010-07-20,3.986824750900269,4.096613858537531,3.917182284050448,4.072034003485547,17411338
2010-07-21,4.047453880310059,4.103167688447922,4.026151472960263,4.046634617055601,12537164
2010-07-22,4.114639759063721,4.126110230463708,3.983548210854004,4.0155018343326665,12477893
2010-07-23,4.137580394744873,4.161340597111458,4.078589129862644,4.121193953982229,9008600
2010-07-26,4.131844997406006,4.174449429165357,4.105626615080871,4.153966672030812,10478943
2010-07-27,4.136760711669922,4.184281506754029,4.1220131885652656,4.134302921380333,12002768
2010-07-28,4.245730400085449,4.276864359789418,4.203944845127701,4.219512020321441,21668586
2010-07-29,4.164617538452148,4.307998780133951,4.164617538452148,4.252284966407898,17339552
2010-07-30,4.243272304534912,4.265393977442447,4.129386495954684,4.178545812491821,16922325
2010-08-02,4.322747707366943,4.334218178140449,4.249827783713586,4.334218178140449,17645937
2010-08-03,4.280961990356445,4.335856551693447,4.23344119120318,4.301445140591218,12992916
2010-08-04,4.258020877838135,4.290793760618159,4.199029610697374,4.268672084275822,17139055
2010-08-05,4.141676425933838,4.264574918509119,4.137580109038708,4.260478210930451,13878320
2010-08-06,4.130207061767578,4.212958936115467,4.119555853624799,4.170354103544351,10768602
2010-08-09,4.170353412628174,4.201487377616688,4.144954291876354,4.172811203015328,8025269
2010-08-10,4.086783409118652,4.174450874569389,4.068758435953026,4.151509928597922,9446077
2010-08-11,3.8868682384490967,4.063842070300459,3.867204349126619,4.06302280669263,21913723
2010-08-12,3.842623710632324,3.915543228460968,3.763149304565362,3.883589613362402,20200839
2010-08-13,3.844262361526489,3.915543354939818,3.7787166024943,3.9048921495629103,14546317
2010-08-16,3.8598287105560303,3.890963056627825,3.7918247852606313,3.8704799136498833,9982166
2010-08-17,3.944220304489136,3.948316621817874,3.861468443511356,3.875397094479804,11592155
2010-08-18,3.93274998664856,3.9728966328073887,3.9016156296449647,3.9376659583166846,8758141
2010-08-19,3.879494190216065,4.043358620249888,3.8704815098249377,3.976174321141106,18797915
2010-08-20,3.789367914199829,3.908169703450103,3.770523683756904,3.891783263232257,16227221
2010-08-23,3.780355215072632,3.844262448784664,3.764788038346608,3.8098510417167466,8665061
2010-08-24,3.6648316383361816,3.759873245406169,3.599285864088038,3.748402383297475,18308921
2010-08-25,3.6238644123077393,3.692687614035581,3.543570742072513,3.662372525349255,17460703
2010-08-26,3.8131275177001953,3.857371250964096,3.64106972705772,3.67630078287617,22577705
2010-08-27,3.77707839012146,3.8254184500339794,3.5927308298277487,3.8172250341311775,34585862
2010-08-30,3.6377933025360094,3.8180441478072895,3.625503569847495,3.809851122909465,16931896
2010-08-31,3.605839252471924,3.6255031349616766,3.5148943819820846,3.5722471121215227,21594123
2010-09-01,3.7361128330230713,3.744306250551016,3.529643555796145,3.636155639557516,21699802
2010-09-02,3.7656075954437256,3.8131279971182375,3.7017003633777454,3.744305184755066,14314834
2010-09-03,3.688591241836548,3.781994306488055,3.663192512411348,3.771343100379562,16324198
2010-09-06,3.6787590980529785,3.750859746545778,3.650902189142212,3.727918808699681,9969702
2010-09-07,3.5476672649383545,3.660733808076372,3.5271841190912148,3.6484440768414927,22952358
2010-09-08,3.4853994846343994,3.521449420495114,3.3797066860323373,3.5148949222189447,30398268
2010-09-09,3.542752265930176,3.570609180021477,3.4206734020579765,3.4411561628391323,21142407
2010-09-10,3.523088455200196,3.5861760403955474,3.5148950390699194,3.5148950390699194,12611883
2010-09-13,3.555861234664917,3.602562376921493,3.5419325839230424,3.565693177461114,12117556
2010-09-14,3.523907423019409,3.6025621797162555,3.465735423562573,3.556680303423687,18942168
2010-09-15,3.647625207901001,3.6795788251133454,3.537835706190553,3.545209858275589,26272816
2010-09-16,3.708254814147949,3.717267492612376,3.628780406763692,3.645986109636522,22123812
2010-09-17,3.78854775428772,3.853274236434182,3.7385691820525104,3.748400731309886,34281980
2010-09-20,3.9016151428222656,3.915543401907732,3.818863288970488,3.818863288970488,20632576
2010-09-21,3.869661808013916,3.975354607359714,3.815586513158757,3.9016154268541072,32314797
2010-09-22,3.972897529602051,4.022056866696353,3.860650200762404,3.9245574561901018,28282029
2010-09-23,3.900796890258789,4.022875762816237,3.864746556743345,4.014682736057609,21147546
2010-09-24,4.003210544586182,4.022054771514946,3.8368879925157,3.867202686389536,15693700
2010-09-27,3.972077369689941,4.042539109361684,3.963064689850251,4.014682197028706,12869349
2010-09-28,3.98026967048645,4.030248641568044,3.9081694169501593,3.949135709833396,12453814
2010-09-29,4.125289916992188,4.138399302886962,3.976173436059282,3.9917406120498415,26269765
2010-09-30,4.162978649139404,4.208860912451461,4.121193483905136,4.153966361692239,31086934
2010-10-01,4.199028968811035,4.25638170025062,4.145772944763604,4.16625609104085,19420589
2010-10-04,4.094156265258789,4.186739674153696,4.0720341993064,4.186739674153696,12667105
2010-10-05,4.2113189697265625,4.2178734675632255,4.082685240441554,4.107265095683469,13489565
2010-10-06,4.162978649139404,4.259658755816414,4.140037712825136,4.227705141371461,11926658
2010-10-07,4.22688627243042,4.249007947466661,4.179365478000008,4.2047645973941785,11112353
2010-10-08,4.288335800170898,4.289155063605376,4.186739711308003,4.20312615204824,19895078
2010-10-11,4.3358564376831055,4.337495355323638,4.27768482387565,4.2932516113338135,13966658
2010-10-12,4.383378028869629,4.401403391392526,4.258840971881109,4.30144580594082,18165168
2010-10-13,4.496444225311279,4.6045948283719325,4.402222274753005,4.407138246772456,39516850
2010-10-14,4.4628520011901855,4.540687507283636,4.439911059270046,4.525939982154184,14741725
2010-10-15,4.613606929779053,4.613606929779053,4.481695746733924,4.489889162632486,18372458
2010-10-18,4.588207721710205,4.616064632003008,4.539048399308158,4.551338132237778,14777363
2010-10-19,4.502179145812988,4.547242154390387,4.466129207771384,4.531674975865496,18810411
2010-10-20,4.595582008361816,4.611968449641539,4.387473852494122,4.46530935090191,22175755
2010-10-21,4.62261962890625,4.639825333546549,4.555434946574771,4.58411112097527,13804512
2010-10-22,4.6390061378479,4.65375366165009,4.60623325500191,4.612787753434392,8457643
2010-10-25,4.752072811126709,4.779110459636144,4.661947185867397,4.661947185867397,15149723
2010-10-26,4.793038845062256,4.803690052045771,4.674237041225694,4.752072934829689,13839249
2010-10-27,4.660308361053467,4.784845388935272,4.656211653193592,4.7774712366507845,14576450
2010-10-28,4.690623760223389,4.751253560982523,4.661947582300209,4.719300328830192,9192397
2010-10-29,4.634089946746826,4.688984503378273,4.5947621766484845,4.6685013548993135,8558618
2010-11-01,4.629173755645752,4.67915233864143,4.593942695053032,4.670139659974644,5784981
2010-11-02,4.64801836013794,4.660308484041907,4.592304538234157,4.608690979422539,8225740
2010-11-03,4.640644073486328,4.711105801695517,4.625896160879699,4.670139508016057,10676514
2010-11-04,4.817619323730469,4.8340057680689945,4.697178586692835,4.709468712959467,15621468
2010-11-05,4.876609802246094,4.879886856166524,4.7774714981649335,4.843836918940272,13598204
2010-11-08,5.033919334411621,5.052763565060485,4.83482386871302,4.845475074505199,15877589
2010-11-09,5.119129180908203,5.169927030919813,5.017533090201411,5.025726115378445,16757412
2010-11-10,4.9306840896606445,5.092090682716136,4.884801828012556,5.092090682716136,17695699
2010-11-11,4.828269004821777,5.038015660418696,4.786483448236734,5.014255069699336,17944341
2010-11-12,4.9306840896606445,4.963456966259206,4.677513363992481,4.748794351060176,15992498
2010-11-15,4.891356945037842,4.930684714486612,4.81761815868851,4.8626807720510765,11879618
2010-11-16,5.098645687103272,5.231376124009683,4.790580382020909,4.8340044673679285,48767009
2010-11-17,5.167469024658203,5.242027074319864,5.080620851719156,5.097007292072117,20218704
2010-11-18,5.418181896209717,5.43211054707591,5.2600527186575,5.2600527186575,24542313
2010-11-19,5.39687967300415,5.49110200648594,5.289548342339227,5.468980329562157,15999399
2010-11-22,5.328056335449219,5.440303635081946,5.311669894014895,5.432110609706575,15630180
2010-11-23,5.234652519226074,5.301837187965211,5.192047702631377,5.292824510398334,13059366
2010-11-24,5.371480464935303,5.371480464935303,5.132237966786395,5.243665995678361,14253000
2010-11-25,5.538622856140137,5.538622856140137,5.3804932808915975,5.384589989055521,13534662
2010-11-26,5.596793174743652,5.607444379092429,5.458327908893054,5.515680247168389,13925537
2010-11-29,5.551731586456299,5.694293585689267,5.505849316730784,5.618915878105874,14104643
2010-11-30,5.609084129333496,5.661520504874352,5.542718712783244,5.614000100584757,14199632
2010-12-01,5.772130012512207,5.772130012512207,5.58532425304953,5.620555319756125,15228535
2010-12-02,5.881918907165527,5.892570114041524,5.748369189465229,5.8089993767185,19295572
2010-12-03,6.04660177230835,6.04660177230835,5.881917730427471,5.886833701131641,15204738
2010-12-06,6.202274322509766,6.283387268618843,6.079375812764123,6.087568838382584,14780255
2010-12-07,5.988430976867676,6.308786056015064,5.942548704670164,6.259626729814328,28162469
2010-12-08,5.985153198242188,6.049879699397646,5.951561052481814,6.003997820443688,9911314
2010-12-09,5.711499214172363,6.1244376545317385,5.671352182608592,6.079375042629752,32564126
2010-12-10,5.907317638397217,6.002359230494504,5.5812269549957865,5.718873371779197,19019283
2010-12-13,5.88765287399292,6.005635387712912,5.872905352790554,5.962211306062978,8208005
2010-12-14,5.768033027648926,5.93927159972372,5.72706672749123,5.881918857639665,13628679
2010-12-15,5.718873023986816,5.816372400494168,5.699209139732593,5.759839319288598,9758301
2010-12-16,5.770490646362305,5.848326140254965,5.685281000377208,5.735259584778638,10173710
2010-12-17,5.775406360626221,5.808998896160167,5.735259717629054,5.784419039755275,11917824
2010-12-20,5.778683185577393,5.803263039347371,5.743452517637866,5.777863922232314,5926052
2010-12-21,5.8458685874938965,5.874544761563984,5.792612556589755,5.792612556589755,7475866
2010-12-22,5.940091133117676,5.946645632049318,5.833579060414947,5.833579060414947,8999839
2010-12-23,5.870447158813477,5.956476058593944,5.845048042403797,5.94008962009688,5726087
2010-12-27,5.72133207321167,5.887654690526166,5.72133207321167,5.85815924833762,5483102
2010-12-28,5.745911598205566,5.774587775141613,5.711500185882311,5.735260390960234,3465415
2010-12-29,5.758200645446777,5.769671114852551,5.724608500660786,5.743453122315675,3576427
2010-12-30,5.704945087432861,5.756562594711713,5.674630384548419,5.743453597359024,3049771
2011-01-03,5.913053035736084,5.913053035736084,5.732802179995633,5.7434533864599295,7883567
2011-01-04,5.751646518707275,5.950742000668762,5.751646518707275,5.915510936061607,12179729
2011-01-05,5.751646518707275,5.837675435489197,5.674630281619098,5.759839934916786,13481756
2011-01-06,5.759838581085205,5.885194850430859,5.735258728917676,5.7549226106517,9198307
2011-01-07,5.763116836547852,5.813095423917566,5.731163217405679,5.759020128551363,6530397
2011-01-10,5.582046985626221,5.7721297919580135,5.578769540935626,5.735260199594104,9019068
2011-01-11,5.868809700012207,5.868809700012207,5.591059067663558,5.60252953763023,13455530
2011-01-12,5.921245574951172,5.9990810625510935,5.866350633137154,5.880279282098462,15045734
2011-01-13,5.922065258026123,5.956476665169177,5.813914674795326,5.940090225003406,9682623
2011-01-14,6.013830184936523,6.035132598996946,5.9261623474736105,5.981057300333349,12130221
2011-01-17,6.058073043823242,6.095761897097895,6.0138296923016,6.0220227174394445,7612733
2011-01-18,6.38334321975708,6.464456150269984,6.179331803129119,6.185886691183843,23972907
2011-01-19,6.175235748291016,6.511977216027559,6.151475157123064,6.472649839449252,16303369
2011-01-20,5.9859724044799805,6.169500687930444,5.935993430623076,6.153114248003923,18863693
2011-01-21,5.956477642059326,6.062989715947089,5.935175227281773,6.028577912476789,14764621
2011-01-24,5.916330337524414,6.008913748909263,5.866351360285051,5.974501949256178,7958292
2011-01-25,6.202274322509766,6.202274322509766,5.923704419177456,5.998262866655047,16360934
2011-01-26,6.301412582397461,6.33910143994568,6.179333329464009,6.23504754758982,10737323
2011-01-27,6.362041473388672,6.39727253529167,6.230130686145775,6.306327653901227,11214484
2011-01-28,6.337462425231934,6.408743426468407,6.274374449431904,6.334184980647206,9449544
2011-01-31,6.325991630554199,6.424310274847214,6.254710242292378,6.30468921855569,12225286
2011-02-01,6.408743381500244,6.538196386093116,6.392356940058751,6.489037061768635,25703369
2011-02-02,6.530002593994141,6.596367619407958,6.431683951006955,6.439877366597666,16289295
2011-02-03,6.573426246643066,6.619308902100023,6.464456404996041,6.546388602073371,12681657
2011-02-04,6.579162120819092,6.607019422150072,6.554582654646965,6.603742368358359,9468880
2011-02-07,6.718446731567383,6.726640147007489,6.56277574504089,6.602102732692612,9251441
2011-02-08,6.775800704956055,6.776619577782126,6.68731321360668,6.743027039100375,9949193
2011-02-09,6.66928768157959,6.8159463773016205,6.652900850994425,6.783992370207385,10900994
2011-02-10,6.664371967315674,6.704518612235738,6.522629228861863,6.661094913427103,11216099
2011-02-11,6.718446731567383,6.7422073237968485,6.582439629550302,6.636514921267635,9655163
2011-02-14,6.7405686378479,6.783173459490093,6.690590055030537,6.758593213750077,6894426
2011-02-15,6.6127543449401855,6.73483357864318,6.6127543449401855,6.716808220905022,8400668
2011-02-16,6.641430854797363,6.684035679710438,6.599645684018717,6.637334146859513,8151753
2011-02-17,6.584078788757324,6.7168088498937575,6.569330483275157,6.673385150351192,11712297
2011-02-18,6.63800573348999,6.673679945500278,6.575781973460025,6.628879091466865,11050904
2011-02-21,6.488668918609619,6.7110140114267045,6.484520588888249,6.62887898185476,11239714
2011-02-22,6.646302223205566,6.673680569408473,6.273790797463177,6.384134164795595,17128193
2011-02-23,6.3617329597473145,6.612285979584897,6.352606713590623,6.594033882878004,14124777
2011-02-24,6.3575849533081055,6.45880167056488,6.281257424134648,6.305317025362721,10812867
2011-02-25,6.452164173126221,6.508580031789212,6.373347888358617,6.388281242024035,9080304
2011-02-28,6.577439785003662,6.635515203216756,6.4314218506092455,6.457141015253013,9425793
2011-03-01,6.519364833831787,6.782363210158242,6.472075225693773,6.633026522799495,12821588
2011-03-02,6.454653263092041,6.4911574556856175,6.371688253945863,6.454653263092041,11023938
2011-03-03,6.487838745117188,6.550062102885142,6.462949164646129,6.512727929981785,7171820
2011-03-04,6.379984855651856,6.595692848912632,6.337672764665359,6.538447404548002,8914569
2011-03-07,6.4156599044799805,6.541766599367043,6.321909865765473,6.330206525421309,9938340
2011-03-08,6.444697856903076,6.479542878214102,6.297850303195456,6.4380607665019065,10223169
2011-03-09,6.207418441772461,6.454653514020594,6.182529254546211,6.45050518428072,15652240
2011-03-10,5.983414173126221,6.122795054964501,5.940272490443253,6.118646724951172,21413826
2011-03-11,6.077163696289063,6.077163696289063,5.7411569060764345,5.837395701394521,21709242
2011-03-14,6.009962558746338,6.122794675352885,5.849011241152036,5.882197087988108,17041978
2011-03-15,5.747793674468994,5.859796195342216,5.49889944737726,5.807528273146752,32416002
2011-03-16,5.732031345367432,5.971799368932689,5.732031345367432,5.8963014216665535,27706391
2011-03-17,5.784298419952393,5.8622851163957606,5.726222993209992,5.766045928218406,16222848
2011-03-18,5.664000034332275,5.888004702505795,5.664000034332275,5.853159285745866,19219629
2011-03-21,5.944418907165527,5.944418907165527,5.80752722563828,5.832416802100687,13640287
2011-03-22,5.923678874969482,6.086289752942591,5.866433430768299,6.014940146584019,16358749
2011-03-23,5.890492916107178,5.936123748835821,5.767705371018999,5.894641245556413,12732425
2011-03-24,6.006642818450928,6.009131974133898,5.84652111427386,5.868091950696241,12938128
2011-03-25,5.998347282409668,6.081311895772264,5.973457700597648,6.054763140374937,10007821
2011-03-28,5.973456859588623,6.024895189555916,5.924507685255323,5.985901846545731,8613724
2011-03-29,5.910405158996582,5.990051035057352,5.849840967298066,5.972628524394465,9390897
2011-03-30,6.051444053649902,6.058081142786486,5.95769403222715,5.961012378992225,10579111
2011-03-31,6.002494812011719,6.075503582919443,6.000835243041105,6.056421902412027,6775934
2011-04-01,6.101222515106201,6.101222515106201,6.000835013884393,6.056421671132601,7945496
2011-04-04,6.191654682159424,6.219863005977846,6.084630472308008,6.110349244603524,9167784
2011-04-05,6.429763317108154,6.446356238876433,6.294530787113128,6.421466658420784,16899157
2011-04-06,6.3219099044799805,6.461290780942122,6.297020716573068,6.459631211636888,12852557
2011-04-07,6.187506675720215,6.346798806276842,6.182528759552214,6.321909225436838,10530650
2011-04-08,6.041489601135254,6.286235533213287,6.034022527996579,6.22567133925588,12125075
2011-04-11,6.102883338928223,6.102883338928223,5.98507369497337,6.023237460458622,9278219
2011-04-12,5.81582498550415,6.024066298224873,5.803379997110544,6.023236711453261,13731329
2011-04-13,5.854819297790527,5.968480616360371,5.819973878395555,5.902938503325072,11736148
2011-04-14,5.732860088348389,5.848180959545347,5.707970902297818,5.848180959545347,10866477
2011-04-15,5.801722526550293,5.852330894932019,5.717098321302454,5.732861661409534,10069021
2011-04-18,5.894641876220703,5.915383130079502,5.657362628343507,5.807528926498958,23894904
2011-04-19,5.923678874969482,6.036510985409155,5.899619275790589,6.00249555360228,16125704
2011-04-20,6.177551746368408,6.203270917728087,6.04812669829502,6.04812669829502,17171619
2011-04-21,6.1526618003845215,6.263834743712866,6.123624283204898,6.253049323673791,7470921
2011-04-26,6.346798896789551,6.346798896789551,6.1418759310382205,6.17423218878843,8821732
2011-04-27,6.313614368438721,6.367541475931018,6.276280186666626,6.36588190643441,8000559
2011-04-28,6.3260579109191895,6.366710433705193,6.231478289616506,6.339332091043377,7262459
2011-04-29,6.358414173126221,6.379985012543399,6.297849984517947,6.335184160094332,4868231
2011-05-02,6.421466827392578,6.46129015716951,6.393258899204899,6.396577641888467,5647600
2011-05-03,6.570804119110107,6.645472473611156,6.413171146055952,6.413171146055952,23245733
2011-05-04,6.5235137939453125,6.637175493905181,6.499454194187353,6.594033815216575,14828540
2011-05-05,6.533469676971436,6.61975303501106,6.398237136629062,6.561677606575199,10942143
2011-05-06,6.560848236083984,6.582419076305109,6.369199830215185,6.51272863900559,11000340
2011-05-09,6.633026599884033,6.6620641136050445,6.545913663114546,6.559188237677333,10376486
2011-05-10,6.834630966186523,6.834630966186523,6.692761741351603,6.695250106002567,15719682
2011-05-11,6.827994346618652,6.876114340427608,6.691102624943218,6.844587666197747,15001995
2011-05-12,6.866988182067871,6.866988182067871,6.711843974041222,6.757474809628588,11449023
2011-05-13,6.792319297790527,6.893536002884799,6.792319297790527,6.884410152967211,10323959
2011-05-16,6.789000988006592,6.80393513385486,6.687784270561002,6.744200132887838,9331503
2011-05-17,6.526832580566406,6.772408078653613,6.526832580566406,6.761622263302598,13993605
2011-05-18,6.561677932739258,6.625560867633511,6.515217904166354,6.596523349775446,8104289
2011-05-19,6.712673664093018,6.728437001673908,6.579100681506325,6.595693605969389,10800476
2011-05-20,6.662065029144287,6.811401738761234,6.609797497263563,6.738392557648702,10714685
2011-05-23,6.395748615264893,6.58241910532039,6.3667107021583,6.554211174662234,12054146
2011-05-24,6.525173187255859,6.595693210901517,6.418148969341896,6.438060635747517,10698961
2011-05-25,6.519364833831787,6.529320665736564,6.409021887367822,6.446356059207509,9091676
2011-05-26,6.454653263092041,6.616434160592827,6.439719513972952,6.570803722047615,6612529
2011-05-27,6.528491973876953,6.57910033145563,6.446356942813918,6.51355822397281,5774667
2011-05-30,6.514388561248779,6.567485682233702,6.487839802953055,6.51272899187581,3021609
2011-05-31,6.671192646026611,6.71018600282415,6.550893436544133,6.574953436683255,12007601
2011-06-01,6.622241973876953,6.733414917272159,6.595693217179687,6.67865823021108,10508509
2011-06-02,6.461289882659912,6.558358651457485,6.414829465096199,6.521024479181,6360106
2011-06-03,6.506092071533203,6.532640830523975,6.404045365701355,6.471247047886492,8578469
2011-06-06,6.454653263092041,6.485349952518163,6.388281176653802,6.485349952518163,7393659
2011-06-07,6.5450849533081055,6.625560811381791,6.448016171512614,6.454653657486542,12306852
2011-06-08,6.383303642272949,6.535958698563826,6.373348204537615,6.529321608204768,10484549
2011-06-09,6.3426513671875,6.3426513671875,6.136069201840145,6.305317188490125,16545470
2011-06-10,6.189996242523193,6.356755466862859,6.167595814651771,6.346799633229667,11117827
2011-06-13,6.192485809326172,6.250560850026246,6.166766636669542,6.180870405579613,5471456
2011-06-14,6.307805061340332,6.360902171105002,6.234795892553444,6.263003818654833,7455718
2011-06-15,6.200781345367432,6.299509298560271,6.158469252397214,6.281257201572128,8984803
2011-06-16,6.135240077972412,6.204100936820436,6.031534194033996,6.147684673275188,11788914
2011-06-17,6.0273847579956055,6.163446881245622,5.945249731973323,6.089608514307519,16280464
2011-06-20,6.032362937927246,6.077163791241387,5.917042061741905,5.956864998509308,9026268
2011-06-21,6.108689785003662,6.120304790452527,6.004983927088573,6.077163115581629,8735990
2011-06-22,6.158469676971436,6.177551757707472,6.056423369439977,6.122795067361534,10061894
2011-06-23,6.056423187255859,6.170084498943876,6.02240735682875,6.12279488318088,10017734
2011-06-24,6.112009525299072,6.2099078964713,6.089609097475692,6.138558283061806,8900941
2011-06-27,6.106201648712158,6.154321244492972,6.07633414970069,6.098734576156044,5320286
2011-06-28,6.1526618003845215,6.193314720042495,6.063889679573602,6.131090960306373,8124575
2011-06-29,6.370859146118164,6.378326219042331,6.1816998921477975,6.189166569465453,12986742
2011-06-30,6.431423187255859,6.471246520298567,6.345139826471998,6.388281506863929,9378839
2011-07-01,6.525173187255859,6.544255266828997,6.384133535571043,6.448845660176311,8653352
2011-07-04,6.649621486663818,6.672021520587843,6.512729357477913,6.529322282893395,6721249
2011-07-05,6.587396144866943,6.678657410638432,6.562506564890554,6.653768226268496,7064996
2011-07-06,6.661235809326172,6.664554156703819,6.573292878507918,6.587397041682437,7933119
2011-07-07,6.732585430145264,6.732585430145264,6.597353271816655,6.670362061400478,9408093
2011-07-08,6.584907054901123,6.774066677793515,6.560847457022113,6.7441991815232365,11895505
2011-07-11,6.439720153808594,6.526003518705385,6.364222209523901,6.429764320073345,12395634
2011-07-12,6.208248138427734,6.321909843429463,6.043978075645033,6.1941443709117525,22665036
2011-07-13,6.222352027893066,6.252219130900691,6.097904908213907,6.16261742627133,14114866
2011-07-14,6.172572612762451,6.209906784317282,6.124453022660811,6.14104594384002,5963379
2011-07-15,6.0273847579956055,6.135238952451072,5.9900505833297535,6.116157269527824,13580504
2011-07-18,5.8929829597473145,6.019918853406546,5.866434201121924,5.990051351600532,12068984
2011-07-19,6.178380012512207,6.178380012512207,5.931145372377021,5.9319749590812,10163261
2011-07-20,5.981753349304199,6.2804263025644325,5.936952505216769,6.204928378695249,20424947
2011-07-21,5.910405158996582,5.990051035057352,5.667318409746326,5.990051035057352,27418134
2011-07-22,5.982584476470947,6.029044901433385,5.8946419389559415,5.973458229730384,11150650
2011-07-25,6.025726318359375,6.035682152230428,5.886345435377694,5.907086690007966,6867757
2011-07-26,5.97843599319458,6.023237243275645,5.911234711482743,5.960183895788115,9251978
2011-07-27,5.972627639770508,6.004983895754847,5.862284692975612,5.917870959736465,9831538
2011-07-28,5.766875743865967,6.146024191285987,5.710459492328268,6.056422491206213,26942220
2011-07-29,5.81333589553833,5.856477573003432,5.651554605044197,5.690548348604175,13511103
2011-08-01,5.701333522796631,5.998346940380809,5.674784768913128,5.981754018654427,11689823
2011-08-02,5.535404682159424,5.77268393111614,5.51051549390084,5.6581926365497175,15612289
2011-08-03,5.311399459838867,5.44995034145675,5.215160273000779,5.351222394293105,22268760
2011-08-04,4.940547943115234,5.425891481690908,4.83850123934309,5.415106060931302,26709127
2011-08-05,4.932251453399658,5.151278206142861,4.397129165509377,4.480093784638392,36568150
2011-08-08,4.523235321044922,4.936399229775582,4.491708648102228,4.770469996824293,26789603
2011-08-09,4.801996231079102,4.81195206326796,4.173123981356091,4.52406449457136,33945462
2011-08-10,4.641044616699219,5.100668914243458,4.579650844579572,5.042593884781549,31034112
2011-08-11,4.998623371124268,5.05918756556367,4.664275723573448,4.85343498448323,24743833
2011-08-12,5.222626686096191,5.2591312688428165,4.9173166373953165,5.007747914181751,19587803
2011-08-15,5.1363444328308105,5.334629930995017,5.055868574616028,5.32716325376939,11950778
2011-08-16,5.023512363433838,5.1023290487316935,4.733965583984897,5.089884454697589,21178379
2011-08-17,4.830204010009766,4.984518217372379,4.796188580749224,4.943036112003032,14396800
2011-08-18,4.566376686096191,4.7970184226885095,4.524894182913393,4.739772584120506,23567921
2011-08-19,4.61200761795044,4.743091835696285,4.318312508305731,4.504153414588284,26314627
2011-08-22,4.6003923416137695,4.803655746792216,4.504982737881006,4.537338996996658,18369964
2011-08-23,4.683356285095215,4.783743395280781,4.543975831320162,4.69580087663078,11383569
2011-08-24,4.800336837768555,4.899894767696565,4.688334710558446,4.736454304162464,13662522
2011-08-25,4.689994812011719,4.903214084891158,4.596244762197214,4.869198646609122,14475699
2011-08-26,4.737283706665039,4.76051371798181,4.563057830576335,4.670912019699144,10282340
2011-08-29,4.85011625289917,4.906532112828866,4.755536234326655,4.811122507434811,6559929
2011-08-30,4.821907997131348,4.917317603906584,4.749728799728009,4.87832425348424,7846272
2011-08-31,4.9256134033203125,4.99281507338465,4.824396698255846,4.828545027638873,14596720
2011-09-01,4.873345375061035,4.940546642593567,4.783743289411236,4.936398313638041,10370015
2011-09-02,4.723180294036865,4.831864087137934,4.639386085297558,4.811952815255047,9176048
2011-09-05,4.372239589691162,4.631919263410548,4.345690832401676,4.5979034332420285,13340344
2011-09-06,4.271021842956543,4.442758955178312,4.056973038332215,4.339882684312256,25927638
2011-09-07,4.637726306915283,4.637726306915283,4.36809082650947,4.426995838814007,23041214
2011-09-08,4.682527542114258,4.758025482832064,4.537339164148746,4.622792938131439,13807525
2011-09-09,4.617814540863037,4.737283736393963,4.563887445963212,4.630259133345624,18271747
2011-09-12,4.743091583251953,4.7862332623006605,4.480093574902328,4.493367755098934,14940011
2011-09-13,4.9289326667785645,4.950503507121891,4.639385891436107,4.850116378205028,19441715
2011-09-14,5.157086372375488,5.167871794028488,4.8202495402617584,4.829375788000931,18306646
2011-09-15,5.229264259338379,5.293147186159438,5.140492147671919,5.201885918644562,16683086
2011-09-16,5.167870044708252,5.340436337136122,5.1297062883627005,5.317206327779636,17803825
2011-09-19,4.955481052398682,5.09900985124546,4.94552521981613,5.021023155359595,14661992
2011-09-20,5.264110088348389,5.264110088348389,4.889939506352931,4.90321368757048,14610420
2011-09-21,5.08075761795044,5.259961412774302,5.060016366565029,5.243368490787266,11314820
2011-09-22,4.8094635009765625,5.00111190964173,4.777936827023138,4.928103123923836,11898094
2011-09-23,4.861730575561523,4.886619759131772,4.581309697798735,4.870026838216126,12191715
2011-09-26,4.806145191192627,4.977881934366862,4.705757664987469,4.767151444067578,13150954
2011-09-27,5.059187889099121,5.067484154108469,4.905703228163927,4.949674500851165,11155389
2011-09-28,4.926444053649902,5.1073070458442125,4.88496154540803,5.03844619293253,9205674
2011-09-29,4.808633327484131,4.977881288115196,4.78042539998003,4.878323757298443,9390357
2011-09-30,4.636067390441895,4.760514522333152,4.560569840906087,4.737284507091365,14967623
2011-10-04,4.326609134674072,4.397129159742881,4.151553650079145,4.388832500037605,17512497
2011-10-05,4.541487693786621,4.556421444341095,4.375558450758651,4.47843434407208,12848709
2011-10-06,4.724009990692139,4.724009990692139,4.524894893597051,4.578821997961937,14491374
2011-10-07,4.758854866027832,4.870027409646577,4.668423179282466,4.740602769560922,9644539
2011-10-10,5.013556480407715,5.013556480407715,4.688334725836454,4.8094630992163605,10541229
2011-10-11,5.0425944328308105,5.084906527184897,4.92893272623577,5.017704849208845,13486328
2011-10-12,5.223456382751465,5.278213060221144,4.958799240183495,5.035956340653821,14548846
2011-10-13,5.263280391693115,5.325504153319647,5.211012859181863,5.291488322896944,18975792
2011-10-14,5.049232006072998,5.450781356193796,4.977882387009533,5.301444631395319,32474962
2011-10-17,5.0425944328308105,5.2508357659763,4.995304421752331,5.143811149811612,13700918
2011-10-18,5.011067867279053,5.0600170531233495,4.87002781344928,4.961289094563813,11344459
2011-10-19,4.952991485595703,5.040104420057242,4.889108957101967,5.040104420057242,10671448
2011-10-20,4.915658473968506,5.020193932449223,4.845138449604931,4.891598477549024,8347656
2011-10-21,5.067483425140381,5.067483425140381,4.855094165932449,4.936399212875683,13045365
2011-10-24,5.201886177062988,5.210182836161255,5.0401048851051,5.084906132144078,8482677
2011-10-25,5.347904682159424,5.408468875610107,5.108136668977744,5.160404202478543,15951021
2011-10-26,5.278214454650879,5.425062018588513,5.21184275480243,5.317207808531515,10011786
2011-10-27,5.477329254150391,5.513833447066872,5.361178398560897,5.41427590993858,13610048
2011-10-28,5.459906578063965,5.625006622345824,5.426720730961577,5.517152421459811,10943208
2011-10-31,5.416765213012695,5.495581901173565,5.394364784695007,5.428380616220502,8495801
2011-11-01,5.012726783752441,5.250006023351025,4.823567536264066,5.2342426867925775,25959484
2011-11-02,5.131365776062012,5.163722032050584,4.969584496119149,5.092372430651631,12337730
2011-11-03,5.37943172454834,5.3960246499753,4.980371136157826,5.02766115164761,15621268
2011-11-04,5.394363880157471,5.492262237074219,5.347074270797089,5.413445957735944,10489919
2011-11-07,5.362008094787598,5.443313537116886,5.24751680607164,5.318036828544936,8028066
2011-11-08,5.547849655151367,5.6042659172294185,5.373624138623877,5.387727907438483,11460958
2011-11-09,5.408468723297119,5.63330297960115,5.322185361159526,5.612561725917073,12539141
2011-11-10,5.404319763183594,5.510514779770408,5.2641093160614405,5.2807022379523225,10688105
2011-11-11,5.542041778564453,5.55116802525914,5.39685379195052,5.410127972955051,6438353
2011-11-14,5.5412116050720215,5.633302462311949,5.509684934015745,5.615879953235525,7465693
2011-11-15,5.351221561431885,5.508854496771034,5.261619873953789,5.483965314963301,11474812
2011-11-16,5.19110107421875,5.217649831103414,5.021853095234702,5.052550181921519,18624050
2011-11-17,5.019364356994629,5.20188651742784,4.972074346495824,5.185293593752094,14513716
2011-11-18,4.906532287597656,5.018534424624981,4.821078512231245,4.972074396111871,14225178
2011-11-21,4.762172698974609,4.879153128788837,4.718201438356814,4.8783235420762665,11066516
2011-11-22,4.57799243927002,4.803656296489406,4.568036605232622,4.7704704467691,10630871
2011-11-23,4.63938570022583,4.75553616119161,4.492538153696174,4.527383173303961,14212595
2011-11-24,4.664275646209717,4.778766942485172,4.604541039648326,4.716543179696858,9566157
2011-11-25,4.768811225891113,4.812782496116796,4.588777814912661,4.684187033015103,9480562
2011-11-28,4.894917011260986,4.928932443923964,4.787892401226291,4.811952396617205,7599780
2011-11-29,4.88662052154541,4.980370559126071,4.787892567352753,4.845967997421699,9061182
2011-11-30,5.095691204071045,5.138002896645725,4.800336569141522,4.850945315855072,13325508
2011-12-01,5.157915592193604,5.216820613613804,5.076610142104946,5.120581412543997,9480845
2011-12-02,5.196079254150391,5.261621365040753,5.182805072838694,5.211013004830941,7751811
2011-12-05,5.202715873718262,5.268257978674013,5.108136252518345,5.2450279656786805,5703809
2011-12-06,5.188612461090088,5.222627896099671,5.138003706400545,5.144641192515135,6382073
2011-12-07,5.039275169372559,5.259961469340528,4.999452235296706,5.251664810454555,7651680
2011-12-08,4.961289405822754,5.11643323740493,4.957970662524254,5.07909945223116,7888694
2011-12-09,4.875835418701172,4.963777958556989,4.7621737072778805,4.870027914877101,13972888
2011-12-12,4.758854866027832,4.913998675012782,4.745580290373863,4.868368236042264,9577814
2011-12-13,4.749727725982666,4.855093142154109,4.738942308371719,4.795358551970895,8902288
2011-12-14,4.673401832580566,4.748899781971789,4.640215981622794,4.7074172704713,8842115
2011-12-15,4.812781810760498,4.869197667573011,4.672571359898445,4.716542623862472,9159778
2011-12-16,4.782914638519287,4.852605075302646,4.75636588185865,4.850945901638388,13096306
2011-12-19,4.653490543365479,4.796189781114433,4.641875139524312,4.729818079427156,6255338
2011-12-20,4.787892818450928,4.787892818450928,4.60620023720709,4.650171506580345,5984006
2011-12-21,4.729818344116211,4.8700284333146975,4.719862509184663,4.837672167590454,5686784
2011-12-22,4.782914638519287,4.804485478580649,4.731476694468772,4.753877121362263,4162545
2011-12-23,4.8268866539001465,4.8268866539001465,4.758855775839115,4.81195329739335,2336900
2011-12-27,4.838500499725342,4.860901320315064,4.801996308585613,4.820248404155477,1884829
2011-12-28,4.754706382751465,4.86919766548528,4.745580137009702,4.827715161866147,3172404
2011-12-29,4.806973934173584,4.819418526054999,4.73894268096853,4.767150607182745,3189147
2011-12-30,4.825226306915283,4.845137971559026,4.7787662835551705,4.827715067192518,1671188
2012-01-02,5.027660846710205,5.044253771130772,4.821078680529901,4.836012431190368,5980239
2012-01-03,5.0450825691223145,5.118921328392075,5.044252982371986,5.061675490948283,6969455
2012-01-04,5.030149459838867,5.078268658538394,5.0118969680224446,5.02268238751161,4352903
2012-01-05,5.1164326667785645,5.127218086787631,5.020193869133929,5.024342198892763,6488989
2012-01-06,5.135514259338379,5.207693449629205,5.104817175882913,5.1305363432211015,5911187
2012-01-09,5.113114833831787,5.152108188031921,5.089054835295338,5.113114833831787,4513785
2012-01-10,5.221797466278076,5.248346219631104,5.133854943324801,5.173677875551117,7061449
2012-01-11,5.331311702728272,5.34956380058012,5.2101833170796485,5.2101833170796485,10374542
2012-01-12,5.251665115356445,5.405149753199763,5.203545519600885,5.351222654129436,8620154
2012-01-13,5.268258094787598,5.321355607609914,5.191930568457954,5.3205260207855805,7601508
2012-01-16,5.4341888427734375,5.456589274070404,5.237562483071995,5.245029161635458,7896664
2012-01-17,5.61505126953125,5.6183696171615125,5.4300399385218405,5.492263308261175,11770862
2012-01-18,5.780150413513184,5.790935833556524,5.643258695888663,5.6523849422657975,16545946
2012-01-19,5.766875743865967,5.865603689548854,5.684740720257351,5.815824923326039,12460097
2012-01-20,5.694696426391602,5.815825198430625,5.662340167475261,5.815825198430625,9774481
2012-01-23,5.799232006072998,5.81582532489948,5.650725283913144,5.683081543533092,7311343
2012-01-24,5.7386674880981445,5.776831248880535,5.663169948912383,5.75691997952003,8419244
2012-01-25,5.795913696289063,5.8025507864986965,5.720415756687423,5.800891612847913,7435520
2012-01-26,5.902108669281006,5.919531576052221,5.791765702964751,5.824121964673408,8440155
2012-01-27,5.89879035949707,5.931976208291458,5.818314498147744,5.856478263821942,7130546
2012-01-30,5.724564552307129,5.8871754515127686,5.721245809128972,5.834907521194338,8156143
2012-01-31,5.78761625289917,5.885514605952215,5.765215829221695,5.772682900851816,7669104
2012-02-01,6.113668441772461,6.139387611586379,5.849011253361358,5.8871750168631545,20726101
2012-02-02,6.184187889099121,6.238114984196951,6.100393692812126,6.12777203373822,10621840
2012-02-03,6.310294151306152,6.338502078881985,6.1501724357217045,6.160128267949989,9261322
2012-02-06,6.348458290100098,6.449675396321494,6.262174933112642,6.30531661160637,7500314
2012-02-07,6.325228214263916,6.4131707439772345,6.201610683225856,6.39242949173772,7946892
2012-02-08,6.2323079109191895,6.388281308470908,6.224011251590784,6.356755031599842,10072308
2012-02-09,6.1850175857543945,6.288723448414546,6.103712148285763,6.280427185117098,10864796
2012-02-10,6.194974422454834,6.325229060873855,6.194144835551254,6.238945693196895,9049787
2012-02-13,6.160127639770508,6.297019329933726,6.058910549913184,6.240603084928652,7701488
2012-02-14,5.8929829597473145,6.248901451493194,5.840715029390056,6.131091409269248,19389977
2012-02-15,6.099565029144287,6.111180036675984,5.908746200538145,5.969310394442863,13851774
2012-02-16,6.066377639770508,6.095415548725832,5.955205106715002,6.039829282198079,6117289
2012-02-17,6.281256675720215,6.326057525417354,6.131090395831403,6.136068311976247,9983172
2012-02-20,6.479541778564453,6.574951370962809,6.292871318523337,6.305315910364361,8272453
2012-02-21,6.346798896789551,6.47622392779039,6.319420555278332,6.465438508540321,5656705
2012-02-22,6.277108669281006,6.3633920260888654,6.271301166080976,6.3633920260888654,4443986
2012-02-23,6.277939319610596,6.37666728634286,6.185018857062198,6.256368476754367,6245489
2012-02-24,6.293701648712158,6.371688347017987,6.227329956910902,6.3136133144951305,4970722
2012-02-27,6.273789882659912,6.300338638077403,6.137727758399319,6.235626120923484,4504475
2012-02-28,6.409022331237793,6.421466924177415,6.244752280251472,6.297020203568245,5886834
2012-02-29,6.297850608825684,6.487839852770716,6.287894774937524,6.417319824270538,6051486
2012-03-01,6.2605156898498535,6.312783613783815,6.177551076595255,6.25553777349393,5860467
2012-03-02,6.384133338928223,6.395748345438238,6.247241625622339,6.247241625622339,6776561
2012-03-05,6.2638349533081055,6.34265124355001,6.224841206010906,6.331865823150044,4832704
2012-03-06,5.940270900726318,6.23064759424527,5.920359634082673,6.23064759424527,10538877
2012-03-07,6.039830207824707,6.068867725623691,5.940272269244675,5.954376432522186,6744320
2012-03-08,6.2804274559021,6.286234959142649,6.097904908211024,6.099564477427243,8624480
2012-03-09,6.370628833770752,6.415308356189341,6.271996543986031,6.347024246811428,6333243
2012-03-12,6.400978088378906,6.435541422469377,6.306560930632561,6.3723158015239125,4346547
2012-03-13,6.344495296478272,6.477690912395134,6.29897282561628,6.457458524465973,7556243
2012-03-14,6.297287464141846,6.420367306422255,6.289700518526612,6.380745473824143,6809580
2012-03-15,6.438913345336914,6.454930587710988,6.318362753877598,6.322577902287339,7847535
2012-03-16,6.4051923751831055,6.482749330110514,6.391703981903455,6.449028949879349,13426056
2012-03-19,6.443972110748291,6.474320298089972,6.394234479899902,6.423739717868025,4567650
2012-03-20,6.246706485748291,6.408564798912838,6.2424917395554544,6.406878498457049,6809073
2012-03-21,6.217200756072998,6.30824569822696,6.143016003280089,6.273682370333595,6366267
2012-03-22,6.212986469268799,6.281270587326091,6.141330554059187,6.217201617687877,6674643
2012-03-23,6.271996974945068,6.2989733604817255,6.212986106459966,6.215515356155188,4839892
2012-03-26,6.386646747589111,6.4068787360008175,6.2618810101462445,6.295601392811091,4505291
2012-03-27,6.363885402679443,6.448186765231607,6.3377523661878135,6.423739225379152,4697139
2012-03-28,6.480221271514893,6.542604348188808,6.366415067812749,6.403507653675792,10127130
2012-03-29,6.401821136474609,6.50298269431834,6.355455707197812,6.4405996197540745,4829044
2012-03-30,6.462517261505127,6.47431935497316,6.383274404231956,6.449029269535563,4541644
2012-04-02,6.627747535705566,6.640392578732853,6.473476563649452,6.474319512920782,8201976
2012-04-03,6.6429219245910645,6.733123929586515,6.559463915842449,6.644607823158104,8724663
2012-04-04,6.261880397796631,6.588125450055233,6.257665249881057,6.572951158746346,13448027
2012-04-05,6.290544033050537,6.345339761802737,6.213830012797457,6.31330527392011,7859190
2012-04-10,6.007291793823242,6.204556392688834,6.007291793823242,6.197812396603036,8634093
2012-04-11,6.012350082397461,6.058715509186373,5.888427693211183,6.027524375556601,12381851
2012-04-12,6.358827114105225,6.3917041439824525,6.192754056365112,6.280426806002139,15586952
2012-04-13,6.216357707977295,6.388331797514764,6.188538375875331,6.354611419329268,7450785
2012-04-16,6.275368690490723,6.330164410092032,6.172521649068765,6.2037131823737095,5980806
2012-04-17,6.378216743469238,6.381588942681856,6.193597579614883,6.26356719596318,8208490
2012-04-18,6.387490272521973,6.454931043929664,6.3225783491516525,6.37315892770742,8592199
2012-04-19,6.468417644500732,6.565364034006733,6.392546993994534,6.416151178508524,11117827
2012-04-20,6.428796768188477,6.493708683116365,6.2778980014928285,6.478534390929589,9627570
2012-04-23,6.00139045715332,6.334379518830649,5.973571122911653,6.3259496246252045,11172883
2012-04-24,6.13037109375,6.259351975674251,6.051971186293293,6.090749665399305,8407126
2012-04-25,6.240805625915527,6.254294020072336,6.140487427907261,6.164091615208343,6654599
2012-04-26,6.298130989074707,6.313304880723572,6.159877251751696,6.221416973599424,6759596
2012-04-27,6.290544033050537,6.329322517861423,6.192755072643987,6.209615265953993,6086602
2012-04-30,6.340280532836914,6.364728070062425,6.273682720843153,6.3048742537941465,5650979
2012-05-02,6.336908340454102,6.457458512706396,6.255136241697714,6.433011378985364,7466212
2012-05-03,6.137958526611328,6.47263350014279,6.035954028985967,6.47263350014279,17920148
2012-05-04,5.939850807189941,6.216358254189757,5.918775468477528,6.172521678301104,9074192
2012-05-07,5.9769439697265625,6.008978053554364,5.724883633802319,5.779679359003242,7207774
2012-05-08,5.74090051651001,5.985373489311593,5.691162892292787,5.985373489311593,9332257
2012-05-09,5.596746444702148,5.755232583099735,5.54026481731928,5.736686089108669,12768970
2012-05-10,5.718982696533203,5.751860132285598,5.572299061621514,5.673460216869485,7568992
2012-05-11,5.814243316650391,5.829417611867855,5.646484325789966,5.690320910654597,5750477
2012-05-14,5.6195068359375,5.740057420738999,5.5807283570626485,5.732470475603422,7582351
2012-05-15,5.637210845947266,5.694535824856687,5.587473215323099,5.648169991711552,7246570
2012-05-16,5.617820739746094,5.656599217256185,5.533519789067338,5.588315507503189,8100294
2012-05-17,5.419713973999023,5.640582777535263,5.415498825371694,5.631309530950876,5727230
2012-05-18,5.227506637573242,5.384306431652663,5.227506637573242,5.3446850085664686,10755838
2012-05-21,5.337941646575928,5.380092327211794,5.188729169715502,5.202217162410918,7188427
2012-05-22,5.4997992515563965,5.515816492024222,5.329511054668806,5.33203990222648,9347033
2012-05-23,5.3261399269104,5.454277474439885,5.3126519332667534,5.395266999775543,9156919
2012-05-24,5.268815040588379,5.402010678382794,5.216548565824705,5.377563540601768,8058696
2012-05-25,5.174397468566895,5.34637157444516,5.064806028061466,5.26881461685342,10975646
2012-05-28,5.179455757141113,5.267128912781374,5.178612807872059,5.22497823349935,4081709
2012-05-29,5.408754348754883,5.435730734805596,5.241838336921088,5.2502686334276,9071058
2012-05-30,5.367446899414063,5.410440526266998,5.279773747236672,5.369975747121339,8733839
2012-05-31,5.385150909423828,5.435731489549966,5.31771013592231,5.39611005521676,8994458
2012-06-01,5.079138278961182,5.378407018773232,4.951000726379924,5.3750348192400175,15479896
2012-06-04,4.916436195373535,5.049631824802452,4.891989059127938,5.015911442818827,7878019
2012-06-05,5.013382434844971,5.041201769191356,4.862483669993806,4.940040626473345,7092830
2012-06-06,5.209804058074951,5.209804058074951,5.05131833652017,5.084195770625856,9103857
2012-06-07,5.3067498207092285,5.380091625631252,5.194629539371367,5.224134770781691,7573426
2012-06-08,5.230037212371826,5.251112555564107,5.147422140403628,5.245211507707717,6841728
2012-06-11,5.257012367248535,5.398637884477785,5.147420930001791,5.353115411153335,8344527
2012-06-12,5.166810512542725,5.274715652365893,5.147421072196382,5.235094224415699,9812035
2012-06-13,5.192943572998047,5.277244928698361,5.147421098186217,5.209803763742379,7497553
2012-06-14,5.0226569175720215,5.175241618462731,5.008325571266183,5.160067322723386,9208698
2012-06-15,5.0024237632751465,5.074922629266186,4.872600324727105,5.042888143787225,23367804
2012-06-18,5.161753177642822,5.197159462663779,5.065649714908145,5.103585249989863,11296580
2012-06-19,5.299162864685059,5.311808309346137,5.149950396283732,5.17186868465521,7259349
2012-06-20,5.393580436706543,5.407911780987117,5.222449666526176,5.311808725509772,6584853
2012-06-21,5.39273738861084,5.464393304743775,5.273873095907698,5.369976149624678,6673568
2012-06-22,5.198844909667969,5.328668747422106,5.161752729148511,5.311808555737258,8582615
2012-06-25,5.117916107177734,5.192943818849546,5.091782669594245,5.163438584144752,6463193
2012-06-26,4.512634754180908,5.141520347298632,4.442664737478537,5.131404151874351,32654224
2012-06-27,4.406415939331055,4.46626936451402,4.284179034913656,4.310312475332166,20649123
2012-06-28,4.295138359069824,4.434235462635143,4.199878242465526,4.424119265796349,15698430
2012-06-29,4.494930744171143,4.500832192537705,4.324642946143993,4.34993303009835,11865977
2012-07-02,4.615482330322266,4.627284425672651,4.462054688788526,4.468798685848929,10524581
2012-07-03,4.66184663772583,4.66184663772583,4.578388646238764,4.634027307230141,7095533
2012-07-04,4.693038463592529,4.693038463592529,4.584290374720033,4.628126548775725,4363810
2012-07-05,4.616324424743652,4.678707491440248,4.5640579547321085,4.66606204706792,8916808
2012-07-06,4.394612312316895,4.628969462500075,4.360048985088326,4.623068416436139,12373014
2012-07-09,4.340660572052002,4.394612943531853,4.324643329869669,4.394612943531853,7678136
2012-07-10,4.447722434997559,4.562371969525771,4.357520437541418,4.375223576951693,9169382
2012-07-11,4.347404956817627,4.459525260136775,4.319585618325706,4.434235171677961,7770521
2012-07-12,4.285021781921387,4.339817101166886,4.227696810959909,4.31452701566568,8285673
2012-07-13,4.408945083618164,4.412317283310497,4.274063527584777,4.292609620945744,5998342
2012-07-16,4.528652191162109,4.5657443733397525,4.430019884506044,4.434235033110362,10389437
2012-07-17,4.442664623260498,4.548040919260015,4.4013572953151305,4.5353958762941,8619652
2012-07-18,4.583446979522705,4.5842903307279785,4.395456036689974,4.4569957519987184,6485054
2012-07-19,4.795886516571045,4.864170236994058,4.619697240834984,4.619697240834984,14300686
2012-07-20,4.748677730560303,4.8481529883927,4.734346787809104,4.795886511454068,8249251
2012-07-23,4.559842586517334,4.705683247555805,4.469640591699903,4.70315439999059,9575664
2012-07-24,4.526122570037842,4.591877435749577,4.451094860531474,4.562372201896361,6205558
2012-07-25,4.510948181152344,4.60958047761343,4.45109476546822,4.489873244266529,6349544
2012-07-26,4.596092700958252,4.618853939364,4.425804485575196,4.497460399880897,6754336
2012-07-27,4.644145011901856,4.677865402033118,4.469642013071512,4.618854920292788,8895115
2012-07-30,4.684608459472656,4.709898543835956,4.507576261014986,4.552255785236882,6716532
2012-07-31,4.998208999633789,5.16175323684335,4.7891426825742665,4.805159524568365,22090888
2012-08-01,4.822018146514893,5.028555950135654,4.782396725169194,4.975446137323781,11432726
2012-08-02,4.596092700958252,4.795043201667855,4.596092700958252,4.781554807292691,12200595
2012-08-03,4.791670322418213,4.815274506750874,4.5809177577826174,4.602836043799693,8145804
2012-08-06,4.887773990631104,4.9248665722097344,4.788298741562837,4.81358922945251,5895255
2012-08-07,4.893676280975342,4.902106579740289,4.81611930104441,4.889461533571637,8177646
2012-08-08,4.88187313079834,4.887774177868872,4.795043323338022,4.855740094619702,5995677
2012-08-09,5.0243425369262695,5.058062924263059,4.843938102893596,4.881030689755553,8194785
2012-08-10,5.026869773864746,5.035300068986213,4.9729174126060265,4.9923064482196455,4740396
2012-08-13,4.935826301574707,5.021813166632524,4.903791813777618,4.973761836915606,6258604
2012-08-14,4.965331554412842,4.9838780484459,4.891146784216756,4.955215358027304,6029147
2012-08-15,4.98219108581543,5.015068518711107,4.929081664815332,4.954371750440522,3417833
2012-08-16,5.042888164520264,5.09178284224517,5.000737885224003,5.015911776741739,7126261
2012-08-17,5.078294277191162,5.090939319357497,5.021812258092337,5.050474943238039,6539275
2012-08-20,4.884401798248291,5.069863887173827,4.859954261603812,5.069863887173827,10618498
2012-08-21,4.967859745025635,5.0057952723917065,4.897046787407543,4.901261935332358,5005505
2012-08-22,4.89704704284668,4.930767424046855,4.861640763180092,4.923180478969344,5415344
2012-08-23,4.791670322418213,4.996521840970643,4.789141474944834,4.938353927318167,8615580
2012-08-24,4.737717628479004,4.839722115714643,4.71917154079008,4.7925133443538055,5538266
2012-08-27,4.828762531280518,4.868383952528108,4.730973200812596,4.737717195539691,3451939
2012-08-28,4.754578590393066,4.806002517941312,4.725916304042471,4.795886322293176,4351296
2012-08-29,4.74024772644043,4.754578668862902,4.674492855621009,4.748677621633879,4473618
2012-08-30,4.634871959686279,4.720015880682662,4.591035374070273,4.706527886021771,7219031
2012-08-31,4.632341384887695,4.732659572676842,4.607051301635239,4.6298125373539,5389172
2012-09-03,4.554784774780273,4.627283635247595,4.535395736296279,4.585976308577295,6152753
2012-09-04,4.4687981605529785,4.591877599857866,4.462054164285315,4.5547850174177045,6262567
2012-09-05,4.403885841369629,4.499988884887358,4.385339752825124,4.467954805033876,7290837
2012-09-06,4.451095104217529,4.469641194800807,4.35246280025006,4.3853402349058825,9661829
2012-09-07,4.744462013244629,4.761322203976239,4.48818695333269,4.493245050750038,18545884
2012-09-10,4.693038463592529,4.731816942239938,4.614638557062998,4.63655684508017,8002299
2012-09-11,4.745304584503174,4.752891528392845,4.650887451529256,4.6534162988329495,4988028
2012-09-12,4.857425212860107,4.918121974390704,4.729287694512985,4.757949975962147,9042333
2012-09-13,4.8203325271606445,4.854052904808789,4.769751960688427,4.824547674861315,6140065
2012-09-14,5.03192949295044,5.064806930963119,4.897047943346867,4.907164139962879,11807089
2012-09-17,5.020127296447754,5.031929391602488,4.938355177757131,5.02771464474631,6351425
2012-09-18,4.815275192260742,5.004109497761999,4.787455856200099,4.999894751373018,9987467
2012-09-19,4.786612987518311,4.830449566531215,4.644987456997042,4.818647472485999,12437640
2012-09-20,4.728446006774902,4.79420048082755,4.65763303243506,4.739405152780131,6566450
2012-09-21,4.7225446701049805,4.759636852792444,4.66184789609612,4.746148859447676,12206438
2012-09-24,4.585977077484131,4.721701575564276,4.585977077484131,4.685452340242223,8415720
2012-09-25,4.3044114112854,4.588505849400309,4.240342837509941,4.569116807987576,27276676
2012-09-26,4.1602559089660645,4.258045254672445,4.140023519653393,4.206621332165847,23630197
2012-09-27,4.232755661010742,4.279121495970914,4.173745183030498,4.181332129634034,13773095
2012-09-28,4.16278600692749,4.280807364018726,4.10124587722368,4.279964414622026,11722751
2012-10-01,4.34993314743042,4.357520494404292,4.1695291501639815,4.174587247487014,11379045
2012-10-02,4.24371337890625,4.361734697123282,4.21673699720378,4.32042737643983,9343472
2012-10-04,4.269848823547363,4.295982268445508,4.2066227860820575,4.241186530100424,6274572
2012-10-05,4.409787178039551,4.425804420009768,4.272376398384597,4.299352784756612,9069587
2012-10-08,4.305254459381104,4.383654380155863,4.305254459381104,4.371852284768128,11972231
2012-10-09,4.256359100341797,4.3406604573857726,4.243714057576665,4.311997770882771,9254583
2012-10-10,4.215051174163818,4.282491928633863,4.190604041360939,4.240341658079387,6643903
2012-10-11,4.285864353179932,4.311154436450663,4.186389114496835,4.215051396460357,6640670
2012-10-12,4.253830432891846,4.298509961069274,4.200720607861212,4.252987483602261,9012308
2012-10-15,4.183017253875732,4.285021750317087,4.161098965547727,4.250458017353084,12721728
2012-10-16,4.329700946807861,4.356677330542119,4.223481712214528,4.223481712214528,10084484
2012-10-17,4.39882755279541,4.416530691360389,4.299352314788056,4.324642799865614,7699579
2012-10-18,4.544669151306152,4.580075837739423,4.401357712814795,4.410630557612682,20646444
2012-10-19,4.472169876098633,4.54635503962538,4.449408637873897,4.536238844419127,10677772
2012-10-22,4.534552574157715,4.576702848090277,4.43676323115177,4.486500851856384,5292173
2012-10-23,4.411473751068115,4.543826453390906,4.385340711944077,4.534553608079908,8086546
2012-10-24,4.403885841369629,4.481442796342853,4.320427839951396,4.425804128730698,7558174
2012-10-25,4.4021992683410645,4.440977739885118,4.369321842337721,4.393768973580863,7477759
2012-10-26,4.456153392791748,4.480600935699455,4.341504232875396,4.39039891671207,5348051
2012-10-29,4.4687981605529785,4.491559399193014,4.416531285026568,4.462054164285315,3415999
2012-10-30,4.559842586517334,4.582603822518792,4.473012790432153,4.479756785918024,6641237
2012-10-31,4.425804615020752,4.623912172247142,4.425804615020752,4.574174545615019,6951157
2012-11-01,4.6078948974609375,4.610423745349618,4.429176783343012,4.430019732639239,7058943
2012-11-02,4.6753363609313965,4.788299623016542,4.594407186765271,4.60620968460556,8912229
2012-11-05,4.691352367401123,4.726758645638789,4.623068658523352,4.660160835159392,3633796
2012-11-06,4.782396793365479,4.7967281341316665,4.714113091901001,4.720857086740963,5406864
2012-11-07,4.552255630493164,4.804315526236207,4.505889807438812,4.796728581580847,11447067
2012-11-08,4.493245601654053,4.596936008454901,4.484815706244009,4.577546565648005,9986373
2012-11-09,4.522749900817871,4.624754387783013,4.467954587066999,4.51853515497608,8818430
2012-11-12,4.444349765777588,4.526121860469703,4.42664662824101,4.513476819654804,5520041
2012-11-13,4.419060707092285,4.466269084784504,4.336445644152209,4.424961754303813,7738288
2012-11-14,4.678707122802734,4.754577773165566,4.38365320902093,4.38365320902093,22263989
2012-11-15,4.601150989532471,4.670277656895663,4.553942210228419,4.639929471754885,11780745
2012-11-16,4.526965618133545,4.623912020305838,4.513477625785773,4.611266575253796,9468272
2012-11-19,4.807688236236572,4.818647380781233,4.5691163060605655,4.5691163060605655,11586284
2012-11-20,4.816961288452148,4.839722525901775,4.717486042275961,4.774810610521045,7481467
2012-11-21,4.93245267868042,4.939197075623031,4.804315166449809,4.804315166449809,7820249
2012-11-22,4.978818893432617,5.024341365526072,4.948470310717894,4.949313259907975,7208729
2012-11-23,4.987249374389648,5.001580718243953,4.867542133755387,4.962802237084946,6183604
2012-11-26,4.931611061096191,5.006639181016942,4.915593817495371,4.972075443784274,4092149
2012-11-27,4.956901550292969,5.026028220783876,4.918123066315977,4.983034588075347,6107606
2012-11-28,4.9181227684021,4.95268610155389,4.7739679867410425,4.943412855301972,7357697
2012-11-29,5.001580238342285,5.058061855093425,4.940040524361931,4.940040524361931,8677076
2012-11-30,4.970388412475586,4.999050693764122,4.961958518910071,4.990620800198608,4968514
2012-12-03,4.996522426605225,5.066492440625107,4.971231939014104,4.9813481340505525,7541318
2012-12-04,4.809373378753662,5.001579852708277,4.798414235931783,4.991463659029832,11384598
2012-12-05,4.818647861480713,4.914750922163204,4.784084525846863,4.8650132921125255,9196521
2012-12-06,4.884401798248291,4.917279228854613,4.789141705201243,4.855739515612208,9651478
2012-12-07,4.900419235229492,4.917279425807117,4.83044922324409,4.914750176132215,6331717
2012-12-10,4.891990184783936,4.929082774292461,4.811904359639595,4.890304285890425,7195262
2012-12-11,4.9172797203063965,4.9434127559807175,4.858268848761181,4.923180767263051,5672581
2012-12-12,4.864170074462891,4.941727039010645,4.859954925916478,4.941727039010645,5241575
2012-12-13,4.876814365386963,4.908848846229271,4.841408087810914,4.891145707441246,7473028
2012-12-14,4.904634952545166,4.920652197062244,4.860798367967631,4.906321253321885,5074533
2012-12-17,4.968703269958496,5.022656044107683,4.92318079263579,4.929081839622857,6249590
2012-12-18,5.102741718292236,5.116229710481306,5.0041094187316615,5.005795719239295,7587501
2012-12-19,5.280616760253906,5.299162849600572,5.142363034453209,5.151636280115871,10754360
2012-12-20,5.2173919677734375,5.259542250567747,5.179456431873454,5.252798253558104,7390327
2012-12-21,5.216547966003418,5.310121759839332,5.216547966003418,5.277244730802625,12059915
2012-12-27,5.206431865692139,5.268814530037073,5.192943472171372,5.199687869921079,3092413
2012-12-28,5.166810512542725,5.231722025492397,5.159223165459959,5.1929435467783644,2277224
2013-01-02,5.391051292419434,5.394423491470286,5.277245101659865,5.336255570209764,6312233
2013-01-03,5.4997992515563965,5.5040139974858535,5.38683561909572,5.391050767003807,6222969
2013-01-04,5.54194974899292,5.54363604941158,5.395266133266918,5.479567084947301,7658495
2013-01-07,5.421400547027588,5.487998371166461,5.333727380671863,5.479568073488234,9299734
2013-01-08,5.326982498168945,5.454277087307967,5.31770965393912,5.395266616832051,5684924
2013-01-09,5.444161415100098,5.476195498938578,5.354802356120709,5.355645305435052,5889154
2013-01-10,5.596746444702148,5.638054179519783,5.450905752747211,5.487998338750629,9387280
2013-01-11,5.513288497924805,5.628781004242079,5.490527256808231,5.622879956618475,4475976
2013-01-14,5.474507808685303,5.548692549792247,5.42982829381773,5.546163702676826,4353679
2013-01-15,5.599274635314941,5.618663673025694,5.513287384481358,5.579885195625549,9547404
2013-01-16,5.557125091552734,5.606019773365276,5.523404704505201,5.563869088566497,7792476
2013-01-17,5.666715621948242,5.711395147564366,5.4888404687250105,5.530147795397431,7999280
2013-01-18,5.651541709899902,5.72909867301513,5.6498558113039525,5.697064187819996,6602781
2013-01-21,5.688635349273682,5.707181443209288,5.63383961494262,5.678519151861985,2732420
2013-01-22,5.615291118621826,5.696220267106229,5.573983796214711,5.67683123062331,6484412
2013-01-23,5.673459053039551,5.732469915818306,5.642267522346181,5.643110471503523,5688821
2013-01-24,5.622879505157471,5.686105125185046,5.589159120878939,5.6591287373664825,8291402
2013-01-25,5.643953800201416,5.652383693719944,5.514972932153997,5.595059131462389,6459034
2013-01-28,5.618663787841797,5.714766833109081,5.609390542411405,5.67514540569168,3763781
2013-01-29,5.477881908416748,5.622879644811443,5.4146558848401565,5.616978597515072,9881646
2013-01-30,5.390208721160889,5.5950602808728,5.353959086242087,5.471137484270103,8767792
2013-01-31,5.601803779602051,5.711395221966855,5.421399776304907,5.428986721553754,16833049
2013-02-01,5.809185028076172,5.836161418031215,5.648170039701555,5.732471409053084,11227679
2013-02-04,5.64816951751709,5.874096410771805,5.636367423373896,5.837003827765564,8185966
2013-02-05,5.514973640441895,5.692848798094227,5.501485648288542,5.648169271365581,10635646
2013-02-06,5.497270107269287,5.581571057151879,5.36744668464796,5.547007727996812,8381267
2013-02-07,5.434887886047363,5.5478511278685385,5.407068550227323,5.47956741321353,6520467
2013-02-08,5.517503261566162,5.523404308777761,5.408754759843044,5.441632195155675,4874914
2013-02-11,5.461863994598389,5.517502663406567,5.427300664394839,5.480410083541565,5082313
2013-02-12,5.402010440826416,5.453433964022978,5.362389011348497,5.437416721982344,7072526
2013-02-13,5.418027400970459,5.44247453640444,5.369975677348656,5.393579863557831,4632950
2013-02-14,5.299162864685059,5.379249072957252,5.185356676585969,5.327825551000576,9510234
2013-02-15,5.3134942054748535,5.393580011732696,5.289890018617214,5.297476963827553,6952070
2013-02-18,5.273029327392578,5.326138742782999,5.253639888614521,5.30000571066109,2371650
2013-02-19,5.51918888092041,5.532677275277729,5.251954665347096,5.258698661536419,10003375
2013-02-20,5.6211934089660645,5.69369227281462,5.53099100231163,5.538578349793771,8139959
2013-02-21,5.5208740234375,5.58662888173086,5.4416311746125565,5.580727835625964,6948153
2013-02-22,5.371663093566895,5.595903713090109,5.362389846210509,5.560497426421832,8446067
2013-02-25,5.502328395843506,5.559652963361819,5.396109155099031,5.421399641932788,8403610
2013-02-26,5.341313362121582,5.445846702971696,5.3252961210093455,5.395266131975572,8972200
2013-02-27,5.4281439781188965,5.443317869191936,5.338784922334365,5.403696438983575,4748715
2013-02-28,5.530991077423096,5.559653363243807,5.41549858286959,5.48378270124279,9172859
2013-03-01,5.601406574249268,5.640048875695529,5.481186399335906,5.581656301202612,7348073
2013-03-04,5.487196922302246,5.562764210556947,5.481185934539694,5.562764210556947,4076767
2013-03-05,5.584232330322266,5.604841667198144,5.510382752474196,5.551601426225953,6284948
2013-03-06,5.622873306274414,5.711321211796893,5.590242409872946,5.6065576533397925,6872284
2013-03-07,5.568774223327637,5.699299032634872,5.565339198292804,5.6563630623043855,5083046
2013-03-08,5.882205963134766,5.952620911907655,5.6383306280146925,5.667526910396505,14942089
2013-03-11,5.8289666175842285,5.89938116759126,5.785171982621492,5.89938116759126,5123937
2013-03-12,5.821237564086914,5.9019571869052045,5.815226576261575,5.835835911358642,4125429
2013-03-13,5.683842182159424,5.746528422035903,5.596253340902287,5.684700836073548,9700258
2013-03-14,5.632319927215576,5.744811792605163,5.62115660607817,5.734507125483277,5796321
2013-03-15,5.671821117401123,5.739659701102029,5.6297442025913735,5.632320164746571,11317229
2013-03-18,5.571351051330566,5.600547335529413,5.52412180419724,5.573068359381138,6132401
2013-03-19,5.538719177246094,5.65464605767272,5.500935947176135,5.547306535559673,6821582
2013-03-20,5.541295528411865,5.613427782006511,5.474315607893107,5.555893464237063,6232485
2013-03-21,5.396172523498535,5.530132368413977,5.375563600066169,5.519827701963898,7586974
2013-03-22,5.342073917388916,5.411629805352111,5.311159916426731,5.411629805352111,5161277
2013-03-25,5.36611795425415,5.459717793724699,5.310301348391979,5.413347200998532,6056006
2013-03-26,5.39359712600708,5.454566067660023,5.351519801844243,5.366118149087394,4858173
2013-03-27,5.330051898956299,5.45800077214544,5.287116329517385,5.4270871785281365,4840540
2013-03-28,5.28969144821167,5.378139354111095,5.276810820380729,5.358388675933727,5127255
2013-04-02,5.251049518585205,5.330910481279053,5.209831260993525,5.30686612233842,6591189
2013-04-03,5.300854682922363,5.356671281915634,5.236451135335851,5.242462122191451,5506089
2013-04-04,5.281962394714356,5.338637640391092,5.260494411767895,5.321463335927466,6029794
2013-04-05,5.1763410568237305,5.341214488952845,5.0990568786347055,5.302572604592226,8652133
2013-04-08,5.161743640899658,5.20983154244316,5.142851614320859,5.203820554750222,5059822
2013-04-09,5.036370277404785,5.197809095367376,5.026066020486143,5.174623800731799,8377834
2013-04-10,5.120523929595947,5.12653491606566,5.037228772877393,5.057837693858804,9617779
2013-04-11,5.26221227645874,5.271658288227439,5.098197508153969,5.109360827710519,7028540
2013-04-12,5.099915981292725,5.22614713069979,4.997728782350277,5.225288476678599,8965654
2013-04-15,4.897258758544922,5.082741534526399,4.882660412177401,5.06728453416099,8155316
2013-04-16,4.902411460876465,5.026066654168411,4.888671767473004,4.937618734245853,9822451
2013-04-17,4.666264057159424,4.894682399908456,4.66025306969065,4.887812758439545,13473685
2013-04-18,4.735819816589356,4.8388660737048905,4.692884251470033,4.783049470528751,9732376
2013-04-19,4.687731742858887,4.834572213580033,4.635349757548973,4.803658214760958,9174352
2013-04-22,4.653382301330566,4.7298078119166895,4.6010003253292,4.70576386786422,9564134
2013-04-23,4.810528755187988,4.819974359010438,4.619893638124951,4.671416565269697,14650604
2013-04-24,4.917008876800537,4.937618209983568,4.8268436583264736,4.8328546455935575,10114611
2013-04-25,5.074153423309326,5.098197369556626,4.91099731333397,4.917867363234127,8473485
2013-04-26,5.070719242095947,5.142851087015396,4.987423667499591,5.081023498893165,8989743
2013-04-29,5.075870990753174,5.128252974216264,5.04152237736597,5.085317002748375,5031765
2013-04-30,5.148003101348877,5.163460099789179,5.083599555382588,5.083599555382588,7077617
2013-05-02,5.658939838409424,5.6924297993915305,5.458000072516781,5.549882596995377,27121101
2013-05-03,5.737083435058594,5.768855680628932,5.6048408908684815,5.682984137986672,10648645
2013-05-06,5.652070045471191,5.770572895239784,5.6477767755094295,5.729354637332214,6174332
2013-05-07,5.737941741943359,5.751681024147826,5.65378751240458,5.656363474267496,8215421
2013-05-08,5.752540111541748,5.779160433469941,5.707886826811033,5.743094507864895,7101921
2013-05-09,5.800628662109375,5.804063278327667,5.704452447043967,5.743953399829185,5120593
2013-05-10,5.718191623687744,5.869325790091779,5.698441352399195,5.8040631695532765,8325190
2013-05-13,5.697582721710205,5.740518290085013,5.629744138778248,5.710463351275864,5681967
2013-05-14,5.712180137634277,5.727637137381992,5.646917932256915,5.716473816919941,5800606
2013-05-15,5.610852241516113,5.713898099355984,5.588525598037357,5.710463483108693,5173880
2013-05-16,5.521544456481934,5.573926437441845,5.485478536989184,5.538718762354827,8384858
2013-05-17,5.496642589569092,5.536143539293214,5.465728589193098,5.49578393558106,7969845
2013-05-20,5.543013095855713,5.54816542917288,5.480326851542616,5.534426146638968,4456183
2013-05-21,5.704451560974121,5.719049496570046,5.605698989616348,5.6177209634486776,9604687
2013-05-22,5.683842182159424,5.735365102216758,5.636612941140477,5.6975818731887085,8149096
2013-05-23,5.478609561920166,5.594536038274725,5.399607663416392,5.594536038274725,8917144
2013-05-24,5.367835521697998,5.527556641903661,5.357530854045793,5.519828345898427,5958587
2013-05-27,5.42880392074585,5.445119574650928,5.378139651083069,5.3927379970406015,2048340
2013-05-28,5.546448230743408,5.596253847480951,5.454565702130583,5.477750997781752,7446154
2013-05-29,5.495784282684326,5.563622865637095,5.462294318229074,5.533567517350895,6102047
2013-05-30,5.676114559173584,5.716474164187913,5.487196753805801,5.487196753805801,9442386
2013-05-31,5.624591827392578,5.665810087847055,5.559329206327475,5.6452007528859,7469476
2013-06-03,5.552460670471191,5.596255311253028,5.512101056023036,5.570493637420208,6098703
2013-06-04,5.652070045471191,5.749105317027551,5.6160041209855445,5.624591479844684,9341684
2013-06-05,5.510382175445557,5.741376899113534,5.500077917554515,5.646918403748831,8338561
2013-06-06,5.449413299560547,5.560187442991801,5.448554236111791,5.530132506319414,5992736
2013-06-07,5.530991077423096,5.546448077252056,5.377280961504963,5.492348782584592,7162900
2013-06-10,5.539579391479492,5.5953955942422455,5.51124175830609,5.560188318671505,3867407
2013-06-11,5.7233428955078125,5.731071189888104,5.616003380724143,5.656362979319447,12674594
2013-06-12,5.609134197235107,5.750822335536371,5.576502890361414,5.736223989997786,6443829
2013-06-13,5.613428115844727,5.622015065170031,5.448554266546612,5.521545178416812,6647760
2013-06-14,5.6331787109375,5.693288997554021,5.616863055863475,5.679549304585871,5093129
2013-06-17,5.619439601898193,5.69071280265408,5.619439601898193,5.670103876763773,3507391
2013-06-18,5.869325637817383,5.895945959658798,5.632319931696717,5.676114562265667,12849105
2013-06-19,5.869325637817383,5.980958849280266,5.814367686102146,5.90796793482129,8388146
2013-06-20,5.531850337982178,5.787747674583271,5.513817374271564,5.787747674583271,13948907
2013-06-21,5.286256790161133,5.597970683660285,5.286256790161133,5.573067672656468,18721649
2013-06-24,5.22357177734375,5.3291936046791655,5.168613818905048,5.305149651412685,10515742
2013-06-25,5.316312313079834,5.316312313079834,5.195233498209024,5.26393073298405,12481460
2013-06-26,5.581655025482178,5.60398166523856,5.349801679263937,5.3549540122437,13982372
2013-06-27,5.587665557861328,5.6331774875906655,5.571349906330544,5.605698517089751,5712461
2013-06-28,5.521544456481934,5.660656620679792,5.431379248282308,5.633177649389612,7394948
2013-07-01,5.460575580596924,5.5584690767401,5.418498267798977,5.528414145789942,6145459
2013-07-02,5.500936031341553,5.533566928816179,5.432238801652966,5.497501006070008,6101156
2013-07-03,5.431380271911621,5.488055532920289,5.368694023187962,5.460576965919093,5659306
2013-07-04,5.668385982513428,5.674396970227578,5.473457594619395,5.487196878118073,7664686
2013-07-05,5.518969058990479,5.758550711826664,5.500077443439589,5.68040746880377,10665063
2013-07-08,5.653787612915039,5.683842549188982,5.591101368990647,5.641765638405462,7116996
2013-07-09,5.670103549957275,5.736224413062631,5.641765920207032,5.6915711286722095,5171543
2013-07-10,5.691570281982422,5.691570281982422,5.5301318865571005,5.640906017573889,6607118
2013-07-11,5.816084861755371,5.828965900108702,5.710463049745598,5.747387628408842,6518491
2013-07-12,5.9474687576293945,5.97065405343836,5.8332595865799535,5.8332595865799535,8522679
2013-07-15,5.986969470977783,6.138962278188193,5.958631842835768,5.9689365093361,7147035
2013-07-16,5.955197811126709,5.9981337922192814,5.938882154690246,5.987829123999635,3864331
2013-07-17,6.090015888214111,6.102037863769414,5.901957140082737,5.985252314925596,6177551
2013-07-18,6.116636276245117,6.120929546512264,6.058243296465711,6.0797112856727935,5111076
2013-07-19,6.053949356079102,6.090873933096359,6.004143741282711,6.08486294591988,7617451
2013-07-22,6.105473041534424,6.123506005316676,6.055667420515936,6.055667420515936,3633932
2013-07-23,6.183615207672119,6.282367368826036,6.097743264707949,6.131233224191711,10034176
2013-07-24,6.203365802764893,6.300400661198753,6.191343828389136,6.2342798021320895,6460486
2013-07-25,6.217964172363281,6.311564005848691,6.061677685942772,6.186191518914076,11069061
2013-07-26,6.003285884857178,6.269487892307166,5.981817895174404,6.259183224502007,8590865
2013-07-29,5.997274875640869,6.073700410900727,5.94145826645049,6.0393517913170855,7027026
2013-07-30,5.753398895263672,6.285803298490789,5.624591781217395,6.229986691319082,25370439
2013-07-31,5.696723937988281,5.74910593180126,5.577362421463556,5.725920633657222,17224337
2013-08-01,5.881347179412842,5.883064487318651,5.687277464151546,5.734506707303619,9732267
2013-08-02,5.860738754272461,5.909685722378113,5.821237800047159,5.907109760120482,5981610
2013-08-05,5.871901035308838,5.896804046723531,5.828106818418327,5.872760098710266,4325085
2013-08-06,5.885641098022461,5.959490664057091,5.831541802111279,5.8710427518259785,8195479
2013-08-07,5.93973970413208,5.959490382791174,5.817802244791669,5.858161846589372,6144153
2013-08-08,6.0024261474609375,6.011013506157134,5.897662991961253,5.950044569711095,7347260
2013-08-09,5.9895453453063965,6.011013331956943,5.961207717578655,6.002425973509609,4594056
2013-08-12,6.056525707244873,6.0711240538791005,5.956914471249457,5.984393447022945,4869979
2013-08-13,6.122646331787109,6.141537946489428,6.079710359910836,6.079710359910836,6511527
2013-08-14,6.17159366607666,6.281509571515407,6.120929392984575,6.148408369344262,7365374
2013-08-15,6.060819149017334,6.150125714410758,6.015307212340732,6.150125714410758,5113677
2013-08-16,6.077992916107178,6.111482875149271,5.983534025772985,6.037633316369525,5316887
2013-08-19,6.0582427978515625,6.10547245211355,6.044503515191808,6.072841143961879,3033107
2013-08-20,5.8968048095703125,5.968078008896799,5.877912782714947,5.959491058981678,8636356
2013-08-21,5.935447216033936,5.958632513535507,5.849575258510676,5.8993808792231714,3293941
2013-08-22,6.069406032562256,6.090874019698258,5.901956633730592,5.913978608254482,4893710
2013-08-23,6.053090572357178,6.12522283127584,6.045362276906818,6.087439598554292,3210920
2013-08-26,6.00929594039917,6.082286848314249,5.987827954047479,6.064253477719448,2261447
2013-08-27,5.8581624031066895,5.995556874954183,5.828107464757007,5.985252207672056,7793942
2013-08-28,5.804922580718994,5.838412137564601,5.678691011742159,5.802346208981422,6541703
2013-08-29,5.865890502929688,5.929435812557956,5.820378565176788,5.846140232521736,5805236
2013-08-30,5.890793323516846,5.948327234325502,5.843563669841184,5.929435618535916,6850923
2013-09-02,6.033339977264404,6.071123617420125,5.975806067812873,5.991263067349457,6806386
2013-09-03,6.021317481994629,6.096884346299684,5.9818165373531285,6.050513761170042,7027060
2013-09-04,6.152700901031494,6.152700901031494,6.038491746741856,6.067688025718033,10238206
2013-09-05,6.153559684753418,6.191343322179281,6.09344981778927,6.163864350366631,6459420
2013-09-06,6.119211673736572,6.174169622763013,6.035916096222717,6.152701635536953,5445258
2013-09-09,6.163865089416504,6.182756705660668,6.116635844072189,6.129516472899218,3744067
2013-09-10,6.357076168060303,6.472144402065688,6.21452936837917,6.21452936837917,12547672
2013-09-11,6.3862714767456055,6.447240405154853,6.339042238545577,6.3716735421412585,6225661
2013-09-12,6.423197746276856,6.442948017483976,6.375968498612494,6.422339092241916,5520350
2013-09-13,6.36652135848999,6.4480992099205885,6.358793064075517,6.4000113167323,3623504
2013-09-16,6.469569206237793,6.482449837422388,6.3991546523296,6.448960278236018,5361090
2013-09-17,6.407741069793701,6.458405345631778,6.357076793955625,6.438655073424315,6376131
2013-09-18,6.477296829223633,6.478155483229949,6.410316903117223,6.44037184067735,4059190
2013-09-19,6.452394008636475,6.625854816601231,6.4223390701776655,6.556298926396061,8311598
2013-09-20,6.433502197265625,6.518515085883092,6.277215703063331,6.447241480298264,9939077
2013-09-23,6.536548137664795,6.61211501431174,6.478155569777058,6.534830829629221,7273871
2013-09-24,6.485025405883789,6.56832099012463,6.451535441378744,6.5193740244323735,5542359
2013-09-25,6.499622821807861,6.534830501041551,6.4626982440927465,6.478155244039161,4007819
2013-09-26,6.487601280212402,6.507351960817844,6.399153772907354,6.506493306785925,4802547
2013-09-27,6.503917217254639,6.550287812731662,6.468709943612294,6.517656910764622,4223616
2013-09-30,6.3502068519592285,6.445524411116954,6.323586529445817,6.443807103041195,5415378
2013-10-01,6.453251838684082,6.453251838684082,6.320151062960496,6.354499676661278,7566706
2013-10-02,6.405164241790772,6.444665190334316,6.3596523060428485,6.418044870161899,4001008
2013-10-04,6.349348068237305,6.391424981508795,6.304694783436968,6.353641747806834,3490988
2013-10-07,6.266051769256592,6.337325367871175,6.192202208875737,6.337325367871175,5031336
2013-10-08,6.302977561950684,6.373392106199509,6.268628943858404,6.268628943858404,5299683
2013-10-09,6.19649600982666,6.278073866578579,6.161288741521845,6.268628263782031,5986444
2013-10-10,6.364805221557617,6.380261813229871,6.256606623044855,6.260900302717295,6449520
2013-10-11,6.422338485717773,6.451534767487607,6.367380537993505,6.40945785747445,4339215
2013-10-14,6.3244452476501465,6.328738927350936,6.2042250823028695,6.270346357504397,8099536
2013-10-15,6.295248985290527,6.374250890409751,6.283227009659493,6.354500618863863,9669851
2013-10-16,6.216246604919434,6.308129542162452,6.209376963579453,6.255747554459072,7549644
2013-10-17,6.138963222503662,6.242009084422245,6.108049218247373,6.225693428198291,7864423
2013-10-18,6.19821310043335,6.221398393844167,6.081427570002616,6.172451845295894,9430807
2013-10-21,6.260040760040283,6.284943361563322,6.143255228228615,6.182756174778526,5477430
2013-10-22,6.124364376068115,6.244584538522897,6.124364376068115,6.242008576445101,9395950
2013-10-23,6.072841644287109,6.179322526810194,6.0384930253400295,6.096885595656499,9531280
2013-10-24,6.045362949371338,6.087440275699343,5.980959388206824,6.087440275699343,7948370
2013-10-25,5.956913471221924,6.044502717387452,5.916553873084616,6.006719080858425,8350377
2013-10-28,5.959489822387695,6.0110127395909165,5.915695199451246,5.974946820388986,5057546
2013-10-29,6.108908176422119,6.111484548305647,5.960350364288109,5.96292632670376,7834692
2013-10-30,6.0754170417785645,6.187908901688636,6.047079413307623,6.117494362232028,6277950
2013-10-31,6.1217875480651855,6.139820508462472,6.046220271922606,6.053948975998418,4801860
2013-11-01,6.120928764343262,6.1475490839370535,6.104613520477288,6.137244417677019,3749266
2013-11-04,6.163865089416504,6.240291027321539,6.117494498064949,6.120929114035993,5706587
2013-11-05,6.174170017242432,6.208518635211606,6.107190089362195,6.195638005840121,5911059
2013-11-06,6.211094379425049,6.269487355498586,6.15699549228181,6.197355096506458,4617358
2013-11-07,6.11835241317749,6.254029554876118,6.108906401462248,6.182755959002781,5620200
2013-11-08,6.114918231964111,6.11577729543948,6.048797369236529,6.096885269402043,6042414
2013-11-11,6.259182929992676,6.2686289432809215,6.148408370501191,6.159571691853546,7846934
2013-11-12,5.907967567443848,6.150984246034159,5.8495745938270485,6.094308989810773,28923602
2013-11-13,5.918272495269775,5.92170711127268,5.809215247821348,5.898521815381832,11301231
2013-11-14,5.9895453453063965,6.072840920587267,5.980099742375675,6.011013331956943,11304838
2013-11-15,6.093450546264648,6.102896149649522,6.011013620971319,6.011013620971319,7497154
2013-11-18,6.083145618438721,6.115776925559111,6.046220632072428,6.084862926349965,6306183
2013-11-19,6.183615207672119,6.222257090644671,6.071123355478116,6.071123355478116,11819428
2013-11-20,6.220540523529053,6.224834203082088,6.132092608288508,6.170734905330181,5478419
2013-11-21,6.203365802764893,6.215387777140649,6.149266508606194,6.1827564698534285,3956607
2013-11-22,6.24887752532959,6.337325431679864,6.212811603432003,6.21968124434567,6332069
2013-11-25,6.296108245849609,6.327880905555054,6.272064292271367,6.275499318268777,4834351
2013-11-26,6.301259517669678,6.359652492972874,6.290096196895164,6.30898822249376,7368179
2013-11-27,6.317574977874756,6.369097900759615,6.290096003775939,6.294389683049959,3886260
2013-11-28,6.385414123535156,6.45754638578996,6.321869220593752,6.3235865286693,6786233
2013-11-29,6.414610385894775,6.430926040959343,6.39142508908403,6.392283743118823,4294288
2013-12-02,6.46613359451294,6.516797866772149,6.418045284307061,6.440371926640537,7085816
2013-12-03,6.342477798461914,6.503916203396642,6.332173132302724,6.471284897048464,9118879
2013-12-04,6.37510871887207,6.411175050562356,6.296106823983725,6.351923424662206,5738066
2013-12-05,6.327021598815918,6.41117583712747,6.304694955805346,6.354500575557223,4978298
2013-12-06,6.438653945922852,6.438653945922852,6.324444374666434,6.330455771098467,5849392
2013-12-09,6.470426559448242,6.49017723879692,6.448958981612801,6.454110905476491,4933200
2013-12-10,6.383697032928467,6.504775855203733,6.371675057054428,6.446383283967585,5335187
2013-12-11,6.395718574523926,6.500482143476427,6.3613699573681775,6.375968303919887,4833472
2013-12-12,6.251454830169678,6.366522663427891,6.242008816585375,6.3545006876666905,7509823
2013-12-13,6.259182929992676,6.309847203094295,6.236856287287968,6.2557479043966335,5994772
2013-12-16,6.245443344116211,6.300401297787843,6.183616158070416,6.238573702274215,5231501
2013-12-17,6.321009635925293,6.393141887560197,6.2256920908127,6.258323396250844,5069984
2013-12-18,6.391425132751465,6.4498181116625055,6.361370193989199,6.369957553331464,6438103
2013-12-19,6.508209705352783,6.515938000027881,6.442088440521296,6.482448040656175,6815908
2013-12-20,6.532254695892334,6.5605923268499495,6.497906077123577,6.5176567581229214,9648668
2013-12-23,6.609538555145264,6.616408196238707,6.542558633181672,6.56059159460238,4084010
2013-12-27,6.670507907867432,6.692834549920699,6.618984982237082,6.629289239788901,4264346
2013-12-30,6.663637638092041,6.694551226768574,6.621560319973583,6.644745613847928,2387446
2014-01-02,6.58377742767334,6.729759257820319,6.580342811579608,6.687682344397349,7144088
2014-01-03,6.639593601226807,6.673942216732841,6.576907357454906,6.596658036578162,3346074
2014-01-06,6.594082355499268,6.645605284151917,6.577766700005753,6.637876988167763,2915488
2014-01-07,6.565744400024414,6.588929696299733,6.449817918647823,6.586353734254838,6103954
2014-01-08,6.569179058074951,6.6602029300544565,6.53998277586029,6.637876289043046,5860349
2014-01-09,6.43607759475708,6.584635780406529,6.407739967703499,6.564885102128208,7672423
2014-01-10,6.471285343170166,6.537406614360137,6.429208431165153,6.471285343170166,5827126
2014-01-13,6.58377742767334,6.606104070153886,6.4463829566963335,6.483307945978706,5671989
2014-01-14,6.4918951988220215,6.508210854432579,6.364805389127356,6.380261981206544,8635961
2014-01-15,6.562309741973877,6.61211495026568,6.526243407301415,6.530537086816582,8396709
2014-01-16,6.561450004577637,6.6103969633005,6.531395069994005,6.578624311406537,6977722
2014-01-17,6.609538555145264,6.674800759734654,6.509927326153083,6.550286928228322,9483848
2014-01-20,6.617266654968262,6.654191640141306,6.593222707116666,6.59408136104454,3880705
2014-01-21,6.630148410797119,6.67136667007635,6.612115038486374,6.637876706453281,6283997
2014-01-22,6.617266654968262,6.697986266205125,6.607821052293864,6.637875987108359,7945689
2014-01-23,6.526242733001709,6.637875932055078,6.475578466467317,6.594939960275237,9034819
2014-01-24,6.335608005523682,6.560591724427523,6.313281773895134,6.552004775257743,10040476
2014-01-27,6.259182929992676,6.421480416617832,6.211094618987218,6.344195821183409,11493736
2014-01-28,6.338183879852295,6.369956531064756,6.255746963161125,6.272921269621649,12528864
2014-01-29,6.340761184692383,6.4575467390426935,6.209377691965691,6.42148081067626,10147783
2014-01-30,6.607821464538574,6.672225017292683,6.4489590128730105,6.528819565696514,16565862
2014-01-31,6.574330806732178,6.660202337806305,6.487600212299715,6.655050004995081,10728866
2014-02-03,6.438653945922852,6.6353000268227165,6.423196946814289,6.620701681642222,10560605
2014-02-04,6.387130737304688,6.415468362993292,6.29524781018825,6.40859831294267,9304404
2014-02-05,6.395718574523926,6.469568142355565,6.356217623848034,6.400870908044069,6302109
2014-02-06,6.441230297088623,6.481589900422073,6.354500103094093,6.421480027145786,9007426
2014-02-07,6.441230297088623,6.497905554445009,6.426632360493439,6.483307617849826,5487224
2014-02-10,6.478156089782715,6.5116460559716005,6.440372443692416,6.485025731944264,3739074
2014-02-11,6.631865501403809,6.631865501403809,6.500482022749731,6.5167976770158695,7417184
2014-02-12,6.632724285125732,6.659344606761446,6.601810693442174,6.637876618650962,6152879
2014-02-13,6.643887519836426,6.6550508407513655,6.569179298893297,6.6353005703845245,8543529
2014-02-14,6.818336486816406,6.833164819180631,6.667438282506206,6.667438282506206,12644228
2014-02-17,6.829675197601318,6.843631347537405,6.76251223983558,6.829675197601318,5266591
2014-02-18,6.8279314041137695,6.868054662657546,6.799147336374076,6.817464394768668,5270534
2014-02-19,6.798274993896484,6.868054499986192,6.764257422289952,6.83403692837966,5150452
2014-02-20,6.71541166305542,6.757279700345573,6.67267186022684,6.717156441888291,6826159
2014-02-21,6.884627342224121,6.911666631064696,6.729367813080366,6.73983482240128,10037324
2014-02-24,6.928239345550537,6.928239345550537,6.821825720972262,6.8732881703426765,5623394
2014-02-25,6.978830337524414,6.999763525310732,6.902944724347836,6.932600974868954,7226946
2014-02-26,7.07826566696167,7.089605274164422,6.980574684721991,6.980574684721991,7708684
2014-02-27,7.073903560638428,7.115771595157213,6.943067200523162,7.081754440988668,7149032
2014-02-28,7.169851303100586,7.196018409858347,7.043375428736311,7.100071797188339,9303789
2014-03-03,6.982318878173828,7.01808039823078,6.923005962787331,6.988424564415554,9145661
2014-03-04,7.116645336151123,7.1349623962374,7.004125183258733,7.030293124956921,6691095
2014-03-05,7.297198295593262,7.310281431892776,7.117515626299691,7.121004351734595,8889756
2014-03-06,7.470775127410889,7.480370370985856,7.239630825489509,7.326854792159667,12073961
2014-03-07,7.33557653427124,7.557998994398262,7.30940943067901,7.48036944903355,10753955
2014-03-10,7.2797532081604,7.392273340871308,7.193401012454229,7.291964579361034,6167394
2014-03-11,7.283244132995605,7.369596344914837,7.246609180678034,7.29196594846414,3664746
2014-03-12,7.129727840423584,7.23788666007054,7.071287939209368,7.229164013614363,7136492
2014-03-13,7.003252983093262,7.16985170844896,6.998019062343414,7.140195042432816,6932873
2014-03-14,6.911666393280029,6.958767933603688,6.8392703438186135,6.902944163091791,10341982
2014-03-17,7.14542818069458,7.1637452376384205,6.960512000720443,6.977956876274384,7400638
2014-03-18,7.21171760559082,7.231779855705374,7.080008659082491,7.153277713412868,7554428
2014-03-19,7.263180732727051,7.340811116938709,7.208229560670322,7.232652303806645,6758670
2014-03-20,7.410591125488281,7.410591125488281,7.17159593446449,7.20474132578931,8928971
2014-03-21,7.387912750244141,7.491709415736688,7.366106133912299,7.427163827804097,13342999
2014-03-24,7.209101676940918,7.40012311815672,7.192528983513252,7.40012311815672,5652718
2014-03-25,7.366105556488037,7.39314525951748,7.255330616085405,7.255330616085405,7349555
2014-03-26,7.461179733276367,7.497813844364542,7.374827543495434,7.380933228676796,7651481
2014-03-27,7.457690715789795,7.482986052766028,7.400994356895187,7.428906653657248,6003774
2014-03-28,7.482986927032471,7.544915549059724,7.464669038228713,7.479497369631273,4412005
2014-03-31,7.555382251739502,7.564104897133469,7.510025493895569,7.527470784683504,6124209
2014-04-01,7.696688175201416,7.73332229588551,7.551022626260596,7.588529344415117,6966923
2014-04-02,7.761232852935791,7.83188495722649,7.711514767089546,7.758616724508237,7442754
2014-04-03,7.706282615661621,7.809207525667153,7.694943007692822,7.796996152062255,6447527
2014-04-04,7.6251630783081055,7.7307049431668835,7.573700626099266,7.6652867550011745,7713723
2014-04-07,7.490837574005127,7.512643358277849,7.432396841034956,7.470775320816392,6985684
2014-04-08,7.35302209854126,7.372210920366526,7.196890404744951,7.306792743029766,10347079
2014-04-09,7.381805896759033,7.447224071735312,7.355637961298741,7.378316339595325,6209073
2014-04-10,7.312898635864258,7.465541608536748,7.293709813494848,7.437630140451818,5242014
2014-04-11,7.102687358856201,7.189912150205526,7.028546535760452,7.187295190187359,10432573
2014-04-14,7.112283706665039,7.112283706665039,6.926495321417527,7.004124882040475,7761714
2014-04-15,6.913411617279053,7.17944610189226,6.895094558377333,7.152406396321902,7886731
2014-04-16,7.070415496826172,7.094838241968982,6.960512727764842,6.991913340674357,7398190
2014-04-17,7.334705829620361,7.3486615647653775,7.031164223070186,7.043375595301743,8973218
2014-04-22,7.338194847106934,7.413207446391146,7.260565287429848,7.413207446391146,6068747
2014-04-23,7.258819580078125,7.346044377757842,7.219569336143304,7.346044377757842,5205112
2014-04-24,7.377445220947266,7.465541781943367,7.259691996564453,7.32685454009197,8752573
2014-04-25,7.18642520904541,7.345173071050308,7.181191287709554,7.323367283717483,6574344
2014-04-28,7.110538959503174,7.282370767760085,7.052970824293013,7.2309083186529,7599800
2014-04-29,7.434141635894775,7.5405560986526465,7.409718889902365,7.414080213377781,14435779
2014-04-30,7.30853796005249,7.430652515369093,7.223058353617016,7.398379721569199,9003054
2014-05-02,7.216952323913574,7.369595302834129,7.175084288235134,7.352150010689008,5709975
2014-05-05,7.114899158477783,7.195145671892381,7.009358136154509,7.188168220539908,5614117
2014-05-06,7.32598352432251,7.395763035133958,7.11926112046149,7.157640433693955,11989340
2014-05-07,7.339065551757812,7.363489125498372,7.258819043288141,7.285858745206013,5585190
2014-05-08,7.53619384765625,7.548405219149535,7.380933912022256,7.396634009131537,9518159
2014-05-09,7.458564281463623,7.561489184952922,7.399251780303879,7.555383498537028,4738618
2014-05-12,7.666157245635986,7.670518568366691,7.501303738336548,7.510025551960702,6409027
2014-05-13,7.636502265930176,7.740298930231567,7.60684560079415,7.719365743365526,5157730
2014-05-14,7.631268978118896,7.683604029216979,7.609463192066522,7.669648292869962,3956621
2014-05-15,7.475135803222656,7.701919594234281,7.4289072795763955,7.633012691486858,6326364
2014-05-16,7.398379802703857,7.510026517989642,7.340811666193073,7.4768811264425405,7687007
2014-05-19,7.512642383575439,7.523109391582797,7.364360740614654,7.411461860729142,5040455
2014-05-20,7.47949743270874,7.56061654153348,7.47077478688811,7.530959878478253,3372952
2014-05-21,7.51787519454956,7.579803804355357,7.439373061992707,7.484729812721684,4229955
2014-05-22,7.560616493225098,7.593761881661878,7.503048362116432,7.544915564480825,3604127
2014-05-23,7.541428089141846,7.583296130284486,7.516132744965049,7.562362109713166,2882659
2014-05-26,7.664412975311279,7.6818582664444115,7.588527788924137,7.588527788924137,2725942
2014-05-27,7.901663780212402,7.923469562299504,7.687091357485309,7.69319704301668,8541663
2014-05-28,7.923470020294189,7.978422025090135,7.817928997413893,7.916492568904892,6109258
2014-05-29,7.881603717803955,7.945277544118402,7.834502588190351,7.915620876810343,3298027
2014-05-30,7.936553955078125,7.989760764959304,7.879858419517387,7.893814154072935,7138002
2014-06-02,7.859795093536377,7.9635925707779,7.83101103101894,7.9042800831415425,6493478
2014-06-03,7.806589126586914,7.874624266350756,7.718492567002747,7.858924169419596,5613600
2014-06-04,7.90777063369751,7.928704653421888,7.776934258176229,7.802228769492246,6039633
2014-06-05,7.944404125213623,7.985399564005688,7.837117906472747,7.907770009506329,6954674
2014-06-06,7.988889217376709,8.005461912562648,7.942659857593617,7.981038336627581,3952776
2014-06-09,7.962721347808838,8.001100659013932,7.906025810208473,7.972316591528782,2462593
2014-06-10,7.9574875831604,8.034245367213135,7.919980872511213,7.941786654696619,3997756
2014-06-11,7.923470020294189,7.960976732942263,7.825779046145509,7.950509724021002,5664310
2014-06-12,7.972315311431885,7.98365408439638,7.906896306148357,7.928702918521935,3959040
2014-06-13,7.937427043914795,8.015056602034457,7.883347633346386,7.998483906274376,4753582
2014-06-16,7.979295253753662,8.013313246944946,7.92085534438429,7.921727110049151,3817384
2014-06-17,8.0639009475708,8.103152019756786,8.007205416545068,8.007205416545068,6405905
2014-06-18,8.162467002868652,8.221779511972334,8.082220471296026,8.082220471296026,5671365
2014-06-19,8.111875534057617,8.242711900801558,8.111875534057617,8.238350577665114,4823673
2014-06-20,8.179039001464844,8.225268366447757,8.100536839842395,8.122343457980534,11405010
2014-06-23,8.137170791625977,8.231373041257447,8.119725499260054,8.218289071983005,4103790
2014-06-24,8.050817489624023,8.12931963896951,8.000227640762661,8.124086550537218,5256712
2014-06-25,7.895558834075928,8.030756525718797,7.872007855199587,7.985399762713308,6831975
2014-06-26,7.878113269805908,7.977549438776696,7.850201800535502,7.919981305548832,6527110
2014-06-27,7.885964393615723,7.9086427750364,7.816184886450155,7.893814442600314,4343906
2014-06-30,7.962721347808838,8.015928159604135,7.928704191616087,7.928704191616087,4943857
2014-07-01,8.083090782165527,8.094429555889985,7.9452761437091155,7.991504667732514,4329914
2014-07-02,8.138916015625,8.172061409157306,8.099664935486079,8.099664935486079,4337021
2014-07-03,8.220032691955566,8.231372297336048,8.125830450837752,8.142403144352668,4345718
2014-07-04,8.128448486328125,8.2531791709935,8.128448486328125,8.232245152011407,2847819
2014-07-07,8.038606643676758,8.187760903552373,8.022033948135023,8.141531542776791,3869008
2014-07-08,7.837118148803711,8.075241571938761,7.820545453304065,8.039479220640224,7122322
2014-07-09,7.889452934265137,7.937426656254571,7.7830393131106685,7.804845096649145,5701376
2014-07-10,7.736810684204102,7.917365151002841,7.728960634662835,7.917365151002841,7256122
2014-07-11,7.817928791046143,7.817928791046143,7.736809682006981,7.749021053453226,4705463
2014-07-14,7.78565502166748,7.883346823241209,7.773443650450424,7.850201435127119,4454371
2014-07-15,7.680114269256592,7.771699556553016,7.62429049954564,7.76297691057127,5456776
2014-07-16,7.987142562866211,8.033371914200105,7.719364192257192,7.736808649779874,6426915
2014-07-17,7.926089286804199,8.014185875008138,7.915622274837265,7.971446061381729,5094860
2014-07-18,7.9810380935668945,7.9810380935668945,7.82403462460049,7.844968642285959,8798975
2014-07-21,7.95487117767334,8.006333625782313,7.905153092440332,7.97929392161152,5495001
2014-07-22,8.140658378601074,8.147635829101537,7.989759781726266,8.007205071651839,5480879
2014-07-23,8.127575874328613,8.181655284628915,8.025523571771055,8.101408766566713,4934969
2014-07-24,8.05517864227295,8.172060098333425,8.03424545714903,8.159847895241661,6306368
2014-07-25,7.770827293395996,8.055178380389632,7.751637639832563,8.016799905100019,7257245
2014-07-28,7.749894618988037,7.83014114073333,7.648714077337467,7.806590160380546,7456821
2014-07-29,7.799612045288086,7.832756603510317,7.715875972785071,7.746404402619576,5712067
2014-07-30,7.526598453521728,7.772571904937378,7.343427052958394,7.762976661929861,20309759
2014-07-31,7.217824935913086,7.414080336375641,7.120133950322773,7.405357689280103,16654721
2014-08-01,7.305922031402588,7.377445904516327,7.071288158223318,7.215208501858381,11314172
2014-08-04,7.16461706161499,7.331215770087068,7.1428112789334826,7.319876996007125,6394614
2014-08-05,7.126239776611328,7.208230664506793,7.078266048482893,7.184680515092102,6287787
2014-08-06,7.0808820724487305,7.108793541804859,6.949173110760033,7.004124283963401,7891083
2014-08-07,7.168979644775391,7.229164746855186,7.033781938341193,7.051226401185556,8150184
2014-08-08,7.171596050262451,7.2239302665823,7.017208697995368,7.032037030959695,5329986
2014-08-11,7.300687313079834,7.343427112797519,7.222185164793392,7.242247416439774,5167410
2014-08-12,7.201251029968262,7.333832581678292,7.176828287671629,7.272775725936711,4044510
2014-08-13,7.27277660369873,7.27277660369873,7.118389251115548,7.236141653994983,4125495
2014-08-14,7.383550643920898,7.48124161284746,7.339938247719854,7.379189321117067,7569761
2014-08-15,7.361745357513428,7.527472326597022,7.32772819808109,7.363490552419503,9271316
2014-08-18,7.496070861816406,7.567594734514483,7.47339247956215,7.47688120549746,5598408
2014-08-19,7.605974197387695,7.629524345672262,7.513516303576763,7.540556009702938,3645340
2014-08-20,7.501304626464844,7.600739968251028,7.360873012523676,7.600739968251028,8523873
2014-08-21,7.486475944519043,7.719365437655766,7.441990948576743,7.544044077754818,12337253
2014-08-22,7.618185997009277,7.65133139141833,7.501305350946396,7.538811237186303,7463448
2014-08-25,7.7019195556640625,7.7621046444844515,7.660924120398483,7.70976960380645,3934666
2014-08-26,7.71674919128418,7.74291630012898,7.628652620431348,7.68796512200368,4203994
2014-08-27,7.769955635070801,7.815312398547459,7.738554606855263,7.7455328904045,5778441
2014-08-28,7.705409526824951,7.769955948790118,7.640863936697169,7.762977664959127,5724756
2014-08-29,7.715004920959473,7.761233452746089,7.632141438145139,7.706282273960617,3937880
2014-09-01,7.771699905395508,7.814439708052269,7.709770447085013,7.719365690830552,4042642
2014-09-02,7.830140590667725,7.902537057822053,7.786528190901727,7.796122602752058,5386333
2014-09-03,7.83886194229126,7.95050863577391,7.8327554254055,7.888579188065425,5250894
2014-09-04,7.842352390289307,7.859796852044247,7.673136702528253,7.805718271950286,6631784
2014-09-05,7.891197204589844,7.928703917126529,7.815312014014057,7.834501668952264,4848691
2014-09-08,7.951383590698242,7.963594964416214,7.880731477160372,7.898176772093159,3670904
2014-09-09,7.926089286804199,7.990635721960702,7.898177809450745,7.919111833384614,3923747
2014-09-10,7.919110298156738,7.959233143053662,7.867647845894994,7.8938149548207,4443208
2014-09-11,7.89817476272583,7.963592938405909,7.852818005644692,7.932191914618066,4531778
2014-09-12,7.865902423858643,7.934810167972268,7.850202325324147,7.911259188333154,3507799
2014-09-15,7.737682342529297,7.8153118947627025,7.706281316337909,7.806589248847767,5862823
2014-09-16,7.662669658660889,7.694942453458296,7.592018382703393,7.694070687884986,6019428
2014-09-17,7.685348033905029,7.740299211117523,7.653075239137951,7.706282053368088,5787956
2014-09-18,7.792634010314941,7.850202146076773,7.691453474040768,7.699303523128773,5455649
2014-09-19,7.846713542938232,7.872008053524342,7.771700113063391,7.85543535770722,10966991
2014-09-22,7.67575216293335,7.837116937941404,7.655690744692501,7.783910133822343,3829350
2014-09-23,7.5728278160095215,7.712386820003985,7.535321104930757,7.681858391859856,8726494
2014-09-24,7.513514995574951,7.59986718792705,7.407100552597686,7.573699251938723,9515882
2014-09-25,7.3172607421875,7.515260495575967,7.251842555991274,7.486476427102638,10842464
2014-09-26,7.434141635894775,7.476009675788849,7.277138149966794,7.322494915906241,8323919
2014-09-29,7.387912750244141,7.483859366592168,7.294582262386047,7.444608289032212,5473600
2014-09-30,7.146299839019775,7.370466673690314,7.066053329491076,7.365233585429369,13364531
2014-10-01,6.9954023361206055,7.121004777662299,6.963128712486987,7.082626300071076,9560720
2014-10-02,6.851482391357422,7.088732815553703,6.847993249386817,6.976213497924447,9213666
2014-10-06,6.832293510437012,7.017209310333076,6.792170247294353,6.986680876176289,10082820
2014-10-07,6.868053913116455,6.949172602810146,6.766001207017182,6.8122301466473205,7302159
2014-10-08,6.692732810974121,6.847120147830922,6.647376051044306,6.82967527215935,9405553
2014-10-09,6.717156410217285,6.920389245916761,6.698838936029873,6.797402926753491,8629846
2014-10-10,6.25748348236084,6.544451994087827,6.228699413037445,6.410998657391848,21860214
2014-10-13,6.127518653869629,6.213870852908794,6.0010431982288726,6.070822702593613,18782958
2014-10-14,6.267950534820557,6.294990241313529,6.023722242627024,6.041167120640847,11817911
2014-10-15,6.063844680786133,6.344707469838667,6.001915226669349,6.343834872525493,11876791
2014-10-16,6.166770458221436,6.21299940612518,5.903352506954599,6.1126910448012834,14552976
2014-10-17,6.314178943634033,6.414487295594341,6.185959121967943,6.229571521240889,13459067
2014-10-20,6.219976902008057,6.309818247879895,6.158047442695974,6.309818247879895,7090003
2014-10-21,6.389191627502441,6.436293166038877,6.209509366888553,6.209509366888553,9348712
2014-10-22,6.486011028289795,6.54881266564555,6.4240815723541855,6.453738236151098,11651585
2014-10-23,6.612486839294434,6.669182793833216,6.481650469040435,6.564513531262546,10471132
2014-10-24,6.598530292510986,6.646503594643208,6.518283784558302,6.599402473870681,9356474
2014-10-27,6.405764102935791,6.688371660826615,6.345579429628523,6.6587149989363885,9808124
2014-10-28,6.452866077423096,6.533112596392221,6.414487596816077,6.467694410329456,6824040
2014-10-29,6.352558612823486,6.456355703192007,6.267950764196794,6.4546113401024,10443614
2014-10-30,6.356046676635742,6.425826179406727,6.238293453770724,6.404019980811133,9488221
2014-10-31,6.75204610824585,6.773851892146969,6.486883400543848,6.617720183543906,15319085
2014-11-03,6.793041706085205,6.820080995210545,6.669182787681095,6.765129819575039,8755337
2014-11-04,6.663076400756836,6.849736940198432,6.642142384096131,6.77297915638827,7299145
2014-11-05,6.753789901733398,6.794785337660615,6.69447740923257,6.695349590604842,5162141
2014-11-06,6.780830383300781,6.823570186885339,6.655227101046005,6.6787776644789405,6854758
2014-11-07,6.622081756591797,6.786063936232701,6.555790973184987,6.786063936232701,8739913
2014-11-10,6.706689357757568,6.711050264994423,6.568874707024938,6.601147500171,5560313
2014-11-11,6.684883117675781,6.722389415199062,6.648249001594624,6.7075614988456405,3863709
2014-11-12,6.640398979187012,6.688372704967958,6.602020081745993,6.652610352027633,4908113
2014-11-13,6.616847991943359,6.731984260986233,6.601147478186968,6.680521812494726,4217424
2014-11-14,6.615103244781494,6.655226500326837,6.5828300376990025,6.629058978919595,3167167
2014-11-17,6.651737689971924,6.693605310389136,6.546196249532342,6.553174116948767,4650184
2014-11-18,6.7380900382995605,6.753790552268653,6.654354795635078,6.672671853973017,4987511
2014-11-19,6.851482391357422,6.914284035397422,6.7808306977819335,6.789552928830397,6212870
2014-11-20,6.925622463226318,6.934344693312997,6.816591883671594,6.87939352078656,4652988
2014-11-21,7.093092918395996,7.134960951163446,6.973595337389715,6.9892954337588815,12183506
2014-11-24,7.06954288482666,7.160256413362541,7.060821070034646,7.134961902709651,6143606
2014-11-25,7.043376445770264,7.092221940594455,6.900328271627138,7.010231050900292,8898993
2014-11-26,7.039013385772705,7.136705183161521,7.009357556303367,7.039013385772705,8264161
2014-11-27,6.870670795440674,6.956150812080018,6.738089655488678,6.759895854331542,14644339
2014-11-28,6.8715434074401855,6.916900170781574,6.813975271802066,6.913411444936036,8393660
2014-12-01,6.8715434074401855,6.89422178911088,6.78693598282445,6.816592232104894,4764126
2014-12-02,6.882009983062744,6.934344610715396,6.8663098859100025,6.8907326289641775,5027291
2014-12-03,7.108794689178467,7.130601307980059,6.933473716384671,6.933473716384671,9537795
2014-12-04,7.319005489349365,7.370467942710313,7.159385040104564,7.160256805712851,12630147
2014-12-05,7.434141635894775,7.458564381887186,7.302432661551849,7.404485800834305,6467981
2014-12-08,7.4620537757873535,7.5187493160470495,7.4358858355099136,7.468159462151281,5751905
2014-12-09,7.32598352432251,7.478626516161572,7.305049504711598,7.370467692117658,7507721
2014-12-10,7.421057224273682,7.492581086958791,7.353893852478578,7.353893852478578,5543944
2014-12-11,7.425418853759766,7.466415127314833,7.309410812407811,7.364361989890316,6741913
2014-12-12,7.283244132995605,7.407974828488685,7.283244132995605,7.382679484036355,4849848
2014-12-15,7.167234897613525,7.411463187209519,7.155023524725595,7.263181517709747,5889433
2014-12-16,7.2596917152404785,7.261436077989047,7.050353212341415,7.175083883155389,8607082
2014-12-17,7.3120269775390625,7.353022414797985,7.127110379376998,7.159384002629877,5773788
2014-12-18,7.501304626464844,7.512643401437342,7.40535717870402,7.470775363735356,7566366
2014-12-19,7.521365642547607,7.587656421390383,7.455074863704832,7.577189412529034,7026709
2014-12-22,7.578061103820801,7.5885281125796515,7.511771157464479,7.544043949232511,3589747
2014-12-23,7.630396842956543,7.642608215648448,7.561489098334469,7.5885288041057954,2808881
2014-12-29,7.658308982849121,7.690582612212882,7.5492783846748095,7.649587167191638,3286823
2014-12-30,7.715004920959473,7.715004920959473,7.603357368518833,7.632141438145139,2998052
2015-01-02,7.753382205963135,7.836245675982315,7.651329913714346,7.721981180718402,5545202
2015-01-05,7.5894012451171875,7.823162516262795,7.58242296150674,7.73593854623769,7395125
2015-01-06,7.396633148193359,7.599866780659568,7.388783100552432,7.585038450761595,8101622
2015-01-07,7.506537437438965,7.598123558563079,7.419312639400505,7.435013568876328,5216918
2015-01-08,7.752511501312256,7.765595472984451,7.566723928224447,7.6234194751290065,4678723
2015-01-09,7.653075218200684,7.789145512500924,7.602484532663802,7.749021836666936,5787380
2015-01-12,7.726342678070068,7.861540361380428,7.646968763621111,7.694941652116037,7817210
2015-01-13,7.811823844909668,7.8257795804784545,7.686220561115844,7.726343404855778,5543169
2015-01-14,7.842352390289307,7.87724214563657,7.693198124689518,7.724599154053271,8400884
2015-01-15,7.920854091644287,7.943532472905906,7.676624986440399,7.893814387235743,9013999
2015-01-16,7.949638366699219,7.968827190842373,7.8580522418949235,7.86415792809272,8359523
2015-01-19,8.086580276489258,8.148509734729448,7.989761064632925,8.007206357359667,4940909
2015-01-20,8.140658378601074,8.213054834485224,8.083962018180173,8.111874315693647,5618985
2015-01-21,8.140658378601074,8.194737779165699,7.986271056476035,8.18165381172152,8190227
2015-01-22,8.15810489654541,8.199100340016875,8.004590132890288,8.13804347353542,9158428
2015-01-23,8.316853523254395,8.350871514226494,8.197355919804172,8.198228517249575,10413214
2015-01-26,8.524446487426758,8.547124867570611,8.295046557698875,8.303769203562808,6584193
2015-01-27,8.3369140625,8.622138603352925,8.31249131866623,8.547997774498702,7755162
2015-01-28,8.5916109085083,8.5916109085083,8.411055610856666,8.460773700130128,9090534
2015-01-29,8.721574783325195,8.766059784033624,8.557593012136037,8.726808704273202,10290621
2015-01-30,8.702385902404785,8.8271165930355,8.677090558938541,8.779142866560273,7115851
2015-02-02,8.604694366455078,8.702386185610472,8.516597792009433,8.657029418116435,7960180
2015-02-03,8.752975463867188,8.809671835406377,8.648306199299496,8.648306199299496,6564255
2015-02-04,8.766058921813965,8.792226028468011,8.636094322220394,8.766058921813965,7540357
2015-02-05,8.766058921813965,8.844561073613427,8.696279416178292,8.70500123050476,4490878
2015-02-06,8.792224884033203,8.800947529061615,8.664877261232363,8.75733513575677,4273205
2015-02-09,8.535785675048828,8.744251577220547,8.468622303393193,8.722445795466783,6854394
2015-02-10,8.735530853271484,8.744252667958579,8.55497556393226,8.565442573394128,7068994
2015-02-11,8.814033508300781,8.853284591754383,8.708492464021914,8.748615313157272,4767653
2015-02-12,8.940506935119629,8.96667403957628,8.835837685455772,8.848921653602723,6598107
2015-02-13,8.927189826965332,9.0559255861433,8.913871984275367,9.020412185676316,6670594
2015-02-16,8.936067581176758,8.984898824547502,8.882797903596183,8.936067581176758,2395821
2015-02-17,8.864154815673828,8.909434133357102,8.762941227080168,8.85971553406466,3583550
2015-02-18,9.100317001342772,9.100317001342772,8.896115172609669,8.909432167792835,5035107
2015-02-19,8.976019859313965,9.078121622382874,8.958263583153864,9.064803780233133,4819853
2015-02-20,9.08700180053711,9.08700180053711,8.94050888400156,8.9449481659216,5720860
2015-02-23,9.184661865234377,9.193539580005558,9.095877943872749,9.162465461540856,3371968
2015-02-24,9.211296081542969,9.224613922860623,9.12695144661015,9.193538959786094,2904095
2015-02-25,9.22905731201172,9.27344844275419,9.180226052147145,9.211300182349492,2902298
2015-02-26,9.260128021240234,9.264567302015784,9.158026256815038,9.21573606019096,4501013
2015-02-27,9.184661865234377,9.269005659151071,9.113635066827564,9.246810102163778,4592400
2015-03-02,9.211296081542969,9.237930917472111,9.140269287927806,9.171343404296168,5031927
2015-03-03,9.171345710754396,9.322277896820378,9.171345710754396,9.211298398048706,4811121
2015-03-04,9.317838668823242,9.317838668823242,9.087001106841791,9.189102889795455,4946277
2015-03-05,9.544236183166504,9.55755402684101,9.326716483387466,9.326716483387466,5035718
2015-03-06,9.539795875549316,9.597505678556828,9.490964634036224,9.51760031851949,4025167
2015-03-09,9.61082363128662,9.61082363128662,9.473209301242234,9.517601266429352,3272497
2015-03-10,9.806147575378418,9.83722169638051,9.615262721558375,9.624141283760771,8619134
2015-03-11,10.014788627624512,10.05918059157881,9.8372216185136,9.84166089957966,7776890
2015-03-12,9.721802711486816,9.997032206691156,9.695167872178745,9.952640243373516,10249102
2015-03-13,9.930444717407228,9.930444717407228,9.708485746802475,9.80170810803746,5792992
2015-03-16,10.036985397338867,10.134647044218818,9.926005906777249,9.934883622525374,5163733
2015-03-17,9.948200225830078,10.103571662585347,9.872734147789304,10.090253820564191,5302507
2015-03-18,9.783950805664062,10.010348186860936,9.646335648677804,9.992591911360051,7195299
2015-03-19,9.819465637207031,9.837221915300685,9.73068170661984,9.73956026901982,5169642
2015-03-20,9.9215669631958,9.983715209079284,9.85054015455572,9.85941787060597,6272742
2015-03-23,9.99703311920166,10.072499209718169,9.930445591500357,10.041425086571316,5480283
2015-03-24,10.0192289352417,10.054742340702518,9.890493157961124,9.979276248259982,5818390
2015-03-25,9.68628978729248,10.036985383399172,9.672972790335624,9.9837148554528,6045569
2015-03-26,9.544236183166504,9.561993308065846,9.322277202162631,9.486527220656276,10030283
2015-03-27,9.615263938903809,9.71736487703902,9.579750532304326,9.63302106555675,4577073
2015-03-30,10.0192289352417,10.023668216762598,9.766195815495074,9.766195815495074,7295742
2015-03-31,9.881613731384276,10.06362002430409,9.877174450251315,9.988153938456389,5993918
2015-04-01,9.854978561401367,9.97927504213824,9.739559795926937,9.788390193342304,5536653
2015-04-02,9.939323425292969,10.032546642543664,9.877175178263416,9.912688583238356,4838437
2015-04-07,10.187918663024902,10.22787135164119,10.028107908559756,10.059182033770998,6279947
2015-04-08,10.11689281463623,10.210115199166022,10.03254814765226,10.205675917039867,5841732
2015-04-09,10.24118709564209,10.24118709564209,10.04142452373515,10.125768325632915,4949418
2015-04-10,10.480902671813965,10.489780386979524,10.285578544165189,10.29889638697292,6638734
2015-04-13,10.58300495147705,10.614079075310316,10.454268327931953,10.476464735460263,4485169
2015-04-14,10.574126243591309,10.636274490406358,10.50753871533142,10.58300480648099,5632160
2015-04-15,10.41875457763672,10.587443882441244,10.400998298908336,10.53861263420209,5690861
2015-04-16,10.267822265625,10.427633005647692,10.245626705824662,10.378801758039351,4797017
2015-04-17,9.974836349487305,10.250065859806975,9.952640789962665,10.205673894051376,6596974
2015-04-20,10.210112571716309,10.210112571716309,9.9215660814221,9.983714321782196,3946830
2015-04-21,10.369924545288086,10.467586198536944,10.294458452916484,10.325532576827197,4936831
2015-04-22,10.374363899230955,10.5563702091555,10.316654085817,10.436512147486251,5044879
2015-04-23,10.130208015441896,10.325532160775698,10.085816048769711,10.298897319454923,6620420
2015-04-24,10.139086723327637,10.285579622749449,10.081376911815388,10.121329597721914,4941206
2015-04-27,10.405436515808104,10.409875796712656,10.036984667792986,10.196794546825515,6365850
2015-04-28,10.09469509124756,10.383241618271894,10.03254684297639,10.383241618271894,4406105
2015-04-29,9.615263938903809,10.15240516626569,9.615263938903809,10.1035739146765,7060173
2015-04-30,9.393302917480469,9.5397957940622,9.233492198770865,9.5397957940622,11662114
2015-05-04,9.783950805664062,9.846099039976444,9.317836508202628,9.41993742077474,6291189
2015-05-05,9.548676490783691,10.161282971652998,9.548676490783691,10.14352669155134,9822657
2015-05-06,9.743999481201172,9.886053091769435,9.610823586263692,9.62858071093788,7657215
2015-05-07,10.010350227355955,10.019228790269286,9.69960814574665,9.7795135185539,9124795
2015-05-08,10.121328353881836,10.130206915593586,9.952639914889849,10.05918011531209,5999988
2015-05-11,10.14796543121338,10.152404712678278,10.076938621187738,10.112452026200556,3803485
2015-05-12,10.09469509124756,10.16572190261643,9.881614657140949,10.054742404014272,6958482
2015-05-13,9.952640533447266,10.210112912146178,9.921566412231131,10.165720947534718,4164935
2015-05-14,10.072498321533203,10.094693879907668,9.8461000699473,9.903809029744677,4247925
2015-05-15,10.112451553344728,10.227870325916031,10.054741743705913,10.112451553344728,5300003
2015-05-18,10.272259712219238,10.272259712219238,10.010348089164356,10.1612802396267,3928492
2015-05-19,10.432072639465332,10.49422088637143,10.298897582750447,10.32553242475215,4692681
2015-05-20,10.507538795471191,10.578565605717634,10.409877143058925,10.414315577831257,4006612
2015-05-21,10.516416549682615,10.538612108662834,10.423193339211846,10.476463866153187,3057120
2015-05-22,10.36548137664795,10.52529121778849,10.338846544242202,10.507534945086675,3447289
2015-05-26,10.30333423614502,10.45426639257052,10.245625280667603,10.383239595041603,4175346
2015-05-27,10.467586517333984,10.467586517333984,10.214553390118914,10.31221504634212,5663816
2015-05-28,10.804962158203123,11.120143472582464,10.525293396578697,10.565246076810755,13974642
2015-05-29,10.538612365722656,10.84491599801761,10.53417308447707,10.81384187600482,8338545
2015-06-01,10.654029846191406,10.782766446585203,10.556368210748891,10.645151284776755,5613109
2015-06-02,10.551931381225586,10.70286357351092,10.427634032665187,10.689545728295244,6553853
2015-06-03,10.596322059631348,10.68954442465291,10.480903288623953,10.587443497237016,6139192
2015-06-04,10.520856857299805,10.58300510587302,10.321093420162493,10.520856857299805,4029080
2015-06-05,10.414315223693848,10.529733998096107,10.361045541173628,10.40099822641696,4942963
2015-06-08,10.276700973510742,10.414315308972236,10.218992009190226,10.387680467494024,3693820
2015-06-09,10.03254508972168,10.210112087112831,9.965957571538278,10.210112087112831,6354963
2015-06-10,10.05030345916748,10.152405244798896,9.899371268275551,10.001473053906969,7805236
2015-06-11,10.090254783630373,10.285578918385632,10.028106541679,10.1124511891175,5592868
2015-06-12,10.236748695373535,10.272262100993403,10.001472700656803,10.050303104192638,6305411
2015-06-15,10.103571891784668,10.170159409988544,10.014787969708678,10.130206729724971,6602481
2015-06-16,10.223429679870604,10.272260073769791,9.921565368321264,10.06361896276655,6173756
2015-06-17,10.232309341430664,10.334411122733409,10.17016109371224,10.227870906627668,4623894
2015-06-18,10.130208015441896,10.187917826127634,9.823904376780805,10.170160700776226,8348526
2015-06-19,10.192355155944824,10.30777391809899,10.09469351721726,10.130206917364214,11001499
2015-06-22,10.534172058105469,10.618516700141068,10.418753297084711,10.476463100948209,6785996
2015-06-23,10.56524658203125,10.693983190425344,10.5386117428383,10.609638545157017,4560196
2015-06-24,10.507538795471191,10.62739685527695,10.423194140788654,10.56524776128154,5511607
2015-06-25,10.538612365722656,10.60963917223941,10.400998033934735,10.42319359345635,3785419
2015-06-26,10.507538795471191,10.587444168675033,10.374363737935704,10.43651198522475,3768370
2015-06-29,10.103571891784668,10.307773727170716,9.810586134322628,9.94376117073038,6275118
2015-06-30,9.881613731384276,10.085815583262583,9.859417325719482,10.054741462038171,9207039
2015-07-01,10.11689281463623,10.25894645584724,9.921568634617849,9.97483832671873,7533522
2015-07-02,9.974836349487305,10.15684264704958,9.952640789962665,10.085815840523148,3876179
2015-07-03,9.934884071350098,10.090255534496787,9.894932231912838,9.992593883204814,3414592
2015-07-06,9.868297576904297,9.95264223945316,9.70404838040574,9.726243943162912,4432966
2015-07-07,9.522040367126465,9.917127071719618,9.522040367126465,9.899369947298837,6776361
2015-07-08,9.490965843200684,9.695168550057,9.468770283343106,9.615263179839586,7574630
2015-07-09,9.668534278869627,9.695169121610176,9.55755477962657,9.570871777643651,5221022
2015-07-10,9.948200225830078,9.970395782492457,9.82390290708462,9.93044394984142,6860862
2015-07-13,9.970396995544434,10.192355975997762,9.939322873753978,10.108012173054044,6587241
2015-07-14,9.91712760925293,10.121329470922406,9.859417798463666,10.076938350876931,5449290
2015-07-15,9.930444717407228,10.07693760413811,9.908248312322986,9.943761713751494,5866722
2015-07-16,10.059181213378906,10.241187514806446,9.992593686684549,10.0369856533829,9805361
2015-07-17,10.090254783630373,10.161281587776594,10.041424384971275,10.103572626922649,4298991
2015-07-20,10.010350227355955,10.152404693850157,9.988154666778993,10.152404693850157,6231133
2015-07-21,9.943761825561523,10.090254713939608,9.868295740839098,10.010349348150418,5569298
2015-07-22,9.313398361206056,9.677410943694,9.291202802451927,9.659654666031956,17200902
2015-07-23,9.53091812133789,9.59750649147996,9.455452035655671,9.47320916014857,9061688
2015-07-24,9.362229347229004,9.615262435526068,9.362229347229004,9.530917790524956,4723210
2015-07-27,9.038169860839844,9.366669046883487,9.011534173834406,9.340034206584356,9116530
2015-07-28,9.015974044799805,9.069244575589172,8.980460639842347,9.029291889173738,8132260
2015-07-29,9.09587860107422,9.09587860107422,8.940507150818483,9.073683042483236,6797132
2015-07-30,9.126952171325684,9.304519169463102,8.737192123557964,8.869479812349867,11997002
2015-07-31,9.060365676879885,9.184663012977484,8.918312062314815,9.144710328042766,7262567
2015-08-03,9.015974044799805,9.180224071919522,8.989339202758302,9.144710666962064,7195662
2015-08-04,8.944945335388184,9.01597213022026,8.891675662617217,8.976019452288943,5362715
2015-08-05,9.184661865234377,9.211296702960372,8.95826362779783,8.971580623307716,6247209
2015-08-06,9.051487922668455,9.269007645235886,9.042610205995032,9.189103114936623,4826347
2015-08-07,8.953824996948242,9.23349293013572,8.931629438349944,9.051486640169555,5114782
2015-08-10,9.055926322937012,9.197979936362485,8.94938611286791,9.051487041679176,6123523
2015-08-11,8.747846603393555,9.113635566625597,8.72831478311959,9.104757004661282,9791833
2015-08-12,8.426450729370117,8.690137932167891,8.389161783931172,8.674157197467286,10284769
2015-08-13,8.570279121398926,8.700791265561877,8.538316808127265,8.656399304913384,7748365
2015-08-14,8.447759628295898,8.675045252372392,8.414021766329494,8.606682180165205,6364342
2015-08-17,8.539205551147461,8.592476076686701,8.39004892634387,8.505467692756989,6176894
2015-08-18,8.585372924804688,8.660839007571676,8.52677577097179,8.564064714918858,5781573
2015-08-19,8.289722442626953,8.540979957337788,8.289722442626953,8.489485828426059,8902783
2015-08-20,8.12547492980957,8.342994634243801,8.092624417384009,8.263089263899321,12425747
2015-08-21,7.981644630432129,8.177856962690765,7.87510442280029,7.916832649621769,14162030
2015-08-24,7.7126312255859375,7.858235930101603,7.385019370366161,7.710855682365944,19029024
2015-08-25,8.458413124084473,8.504580632211157,7.739265661866893,7.81828283460846,21701391
2015-08-26,8.19117259979248,8.560512602307455,8.16897704440164,8.33233883832847,16273260
2015-08-27,8.454863548278809,8.584487546455891,8.39271528797652,8.521451090989338,11180911
2015-08-28,8.480608940124512,8.551635747593052,8.399816221808605,8.490374850971877,9145054
2015-08-31,8.659951210021973,8.785136737168228,8.369629165449657,8.435329341160944,11603226
2015-09-01,8.389162063598633,8.56317799482113,8.272855095568858,8.519673376985759,11043034
2015-09-02,8.45574951171875,8.698128509633175,8.414021284142459,8.414021284142459,10822577
2015-09-03,8.7256498336792,8.802891449290348,8.53210127392044,8.57649323087215,9513153
2015-09-04,8.64841079711914,8.79845479272042,8.56140240007394,8.764716929244363,13560239
2015-09-07,8.683035850524902,8.75406266285058,8.546309702486486,8.716773713385559,4794327
2015-09-08,8.831304550170898,8.927191511561631,8.707008048434343,8.74518519398475,6689928
2015-09-09,8.721213340759277,9.08700152340936,8.577384167103423,9.047048834053884,11557234
2015-09-10,8.69457721710205,8.75938919754752,8.629765236656581,8.656400076738011,6580616
2015-09-11,8.507242202758789,8.703454505187466,8.499251836574771,8.703454505187466,4839046
2015-09-14,8.678595542907715,8.725651245031273,8.535654586857353,8.535654586857353,5406455
2015-09-15,8.95826530456543,9.038170679405974,8.683035774193149,8.700792900471663,9390583
2015-09-16,9.078121185302734,9.175782816246771,9.007094390669584,9.029289946477626,7577371
2015-09-17,8.931628227233887,9.131390767649917,8.931628227233887,9.118073772979216,5117040
2015-09-18,8.67770767211914,8.913871823294874,8.619110520071542,8.900553980845425,12395871
2015-09-21,8.673269271850586,8.730978234911255,8.469066567092003,8.61999874335077,7065950
2015-09-22,8.383834838867188,8.744296361018701,8.371405189600331,8.737193341420634,8560375
2015-09-23,8.211593627929688,8.423786686006842,8.190286264669995,8.383834003997231,8233752
2015-09-24,8.099727630615234,8.25776198519201,7.962113293233192,8.191174457214013,10525857
2015-09-25,8.472618103027344,8.553410816866881,8.242668763085453,8.25598575955651,8282041
2015-09-28,8.304816246032715,8.444206102392213,8.224022692865658,8.407805355761965,6394745
2015-09-29,8.485048294067383,8.61289671794649,8.159211986477398,8.17519356865375,8989605
2015-09-30,8.927189826965332,8.962703227432316,8.59069944733144,8.687473738783503,9085472
2015-10-01,8.707893371582031,9.078121592425887,8.657287434333696,9.060364469618165,7247768
2015-10-02,8.65728759765625,9.033729802537051,8.6315401077818,8.819761210222202,9500363
2015-10-05,8.927189826965332,9.020412185676316,8.83219107853068,8.851723745134711,6829929
2015-10-06,9.02041244506836,9.12251336850868,8.904993678555103,8.949385642091936,5521392
2015-10-07,9.304518699645996,9.38886333701726,9.020411516971674,9.109195434910497,7807115
2015-10-08,9.21573543548584,9.402180981889254,9.184661318869631,9.308957785334458,5525946
2015-10-09,9.42437744140625,9.44213456500776,9.26900599671806,9.35335064041272,5973006
2015-10-12,9.42437744140625,9.4909649614994,9.335594363517467,9.459890841903016,4674390
2015-10-13,9.25568962097168,9.411061076071723,9.184662815218454,9.411061076071723,4877823
2015-10-14,9.38442325592041,9.51315984127933,9.08255897672609,9.144708052664177,7884532
2015-10-15,9.859416961669922,9.926005329499294,9.473208831132167,9.508722232178242,11241818
2015-10-16,9.761754989624023,9.943761269654862,9.672971913371017,9.943761269654862,7474102
2015-10-19,9.84610080718994,9.87273564857488,9.708486472210357,9.717364188201108,2960675
2015-10-20,9.797268867492676,9.863856389607914,9.681850100696662,9.854978674243824,3109402
2015-10-21,9.988153457641602,10.014788296450892,9.810586454402555,9.86385613202114,4825086
2015-10-22,10.263383865356444,10.281140143914836,9.99703291332991,10.001472194646093,8034151
2015-10-23,10.538612365722656,10.57856505022662,10.325531946172395,10.343288224448422,7588909
2015-10-26,10.587442398071287,10.605198674310223,10.42763167838975,10.543050437414616,5153533
2015-10-27,10.445388793945312,10.61851650900702,10.405436114053192,10.60519866680757,6943938
2015-10-28,10.307774543762209,10.31665310601442,9.96151908298888,10.121328969997224,7398307
2015-10-29,9.868297576904297,10.11245300076544,9.744001070733807,9.85498057793257,11277051
2015-10-30,9.939323425292969,10.014789516703011,9.88161445972358,9.961519832593783,6475085
2015-11-02,10.16128158569336,10.17016014788639,9.837221686004368,9.863856525877166,4752289
2015-11-03,9.79283046722412,10.09025554968178,9.637459003843608,10.023668021577665,11396000
2015-11-04,9.735122680664062,9.88161559891222,9.67741286173531,9.846102189843169,6795270
2015-11-05,9.86385726928711,10.032546576843142,9.752877773628905,9.78395274364654,6955091
2015-11-06,10.010350227355955,10.041425197552613,9.854979609904484,9.877175170481449,4654515
2015-11-09,10.036985397338867,10.258944378462106,9.992593431772956,10.05474167554144,4982671
2015-11-10,10.05474090576172,10.12132842565956,9.948200704583922,10.081375744379605,3120091
2015-11-11,10.13464641571045,10.227869622288182,10.059180332940386,10.063619613892303,3865231
2015-11-12,10.090254783630373,10.218991395336834,10.045862819362409,10.20567355204456,3513291
2015-11-13,9.952640533447266,10.11689054849778,9.841661045271763,10.081376299443573,3271315
2015-11-16,9.965956687927246,10.01922635906843,9.801706700711923,9.81058526147084,2364679
2015-11-17,10.11689281463623,10.134649096434362,10.023669583399949,10.04142671190457,3441964
2015-11-18,10.29445743560791,10.325531556447844,10.06805918086601,10.06805918086601,5280919
2015-11-19,10.458706855773926,10.458706855773926,10.338849650583542,10.400997893771615,5725299
2015-11-20,10.58300495147705,10.618518356815978,10.343288830409506,10.423194204098689,6521615
2015-11-23,10.507538795471191,10.560809326509206,10.458707545911874,10.534173637637016,3418695
2015-11-24,10.02810764312744,10.445390798348988,9.939323704839833,10.440951516763969,7768425
2015-11-25,10.325531959533691,10.325531959533691,10.036985451847707,10.059181011398042,6042126
2015-11-26,11.652846336364746,11.892562438846133,11.013604243120684,11.115706016421816,21433491
2015-11-27,12.074567794799805,12.09232407135979,11.639527588545894,11.71055438819832,8471417
2015-11-30,12.45633602142334,12.545119939995349,12.207742234810391,12.216620796008833,10137358
2015-12-01,12.340917587280272,12.536241705200592,12.261013074532446,12.474093468605762,8270925
2015-12-02,12.45633602142334,12.602828894372816,12.389748505847432,12.389748505847432,4697051
2015-12-03,12.05681037902832,12.44745861434555,11.812655866984716,12.38530953112777,10695994
2015-12-04,12.380870819091797,12.496289582704788,11.972466288886697,12.03017609404632,6192812
2015-12-07,12.323160171508787,12.567314661300657,12.25657266035702,12.429700358692848,4081971
2015-12-08,12.1189603805542,12.38087205357824,12.087886257772762,12.34091936808601,4566418
2015-12-09,11.990224838256836,12.18110970667174,11.990224838256836,12.14115702041251,6138516
2015-12-10,11.928077697753906,12.043495639088892,11.81709819156482,11.968029541012056,5638439
2015-12-11,11.808218002319336,12.132277912571247,11.697238511407887,11.892562652489806,5640652
2015-12-14,11.541865348815918,11.959148410043152,11.532986787645804,11.910317170313718,6258719
2015-12-15,11.972469329833984,12.012422021490352,11.559626260562307,11.61289595163315,6924425
2015-12-16,11.61289405822754,12.003542347017962,11.568502091768671,11.999103065701442,6513527
2015-12-17,12.01685905456543,12.096764422923808,11.825974196088485,11.865926880267672,8180364
2015-12-18,12.03017807006836,12.03017807006836,11.768266380138895,11.888124444351986,13240627
2015-12-21,12.079008102416992,12.327602786464844,12.03017769927354,12.043494697082496,6094678
2015-12-22,11.839293479919434,12.207745398065518,11.781584510588493,12.18554983602433,4901397
2015-12-23,11.96358871459961,12.016858392767292,11.786020862823952,11.914757470690676,4893283
2015-12-25,11.96358871459961,11.96358871459961,11.96358871459961,11.96358871459961,0
2015-12-28,11.812657356262209,11.98134581093503,11.741630549378248,11.936953844955973,2267132
2015-12-29,12.096762657165527,12.145593896635846,11.874803709327628,11.89699926542894,3497505
2015-12-30,11.990224838256836,12.13227845753127,11.990224838256836,12.056812366453432,1215855
2016-01-04,11.630650520324709,11.723872882537172,11.497474628541672,11.723872882537172,5888306
2016-01-05,11.497476577758787,11.750509714326189,11.337666665914682,11.741631997400605,5807472
2016-01-06,11.142340660095217,11.231123741639202,10.840476320091822,11.231123741639202,7959657
2016-01-07,10.867111206054688,10.911503170368432,10.645152231192265,10.698422757710016,7143489
2016-01-08,10.59188175201416,10.867110385916604,10.59188175201416,10.800522867824478,6783040
2016-01-11,10.654029846191406,10.773887885170552,10.39655749211003,10.45426644789283,6019919
2016-01-12,10.778327941894531,11.013603909378649,10.58300381024036,10.671787737366696,7016322
2016-01-13,10.791645050048828,11.049117425334565,10.72949680844043,10.973651340507384,5852618
2016-01-14,10.605198860168455,10.760570301836625,10.445388984392444,10.693982783037765,7007610
2016-01-15,10.099133491516112,10.716179178952835,10.028106686345252,10.56524700628818,10666269
2016-01-18,10.374363899230955,10.436512147486251,10.07693880918488,10.081377244026218,6331103
2016-01-19,10.547489166259766,10.66734719974942,10.405435576956256,10.60075883889549,7578771
2016-01-20,10.414315223693848,10.64959205382611,10.34328841586266,10.352166978518143,7683580
2016-01-21,10.569684982299805,10.68954301874037,10.3743617155517,10.529732303486282,8479184
2016-01-22,10.92926025390625,10.973651371347698,10.809402204719245,10.89818528630843,11522334
2016-01-25,10.94257640838623,11.040238891337042,10.822718368422724,11.040238891337042,6254324
2016-01-26,10.92482089996338,10.99140842238777,10.64071283933634,10.74281461020711,4929628
2016-01-27,10.907064437866213,10.960334967063345,10.760571540957017,10.947017123087477,5967716
2016-01-28,10.525294303894045,10.964773824331312,10.525294303894045,10.871550613518274,6462051
2016-01-29,10.90262508392334,10.90262508392334,10.543051766033242,10.671788383490162,6466365
2016-02-01,11.044677734375,11.151218782758749,10.82715805011184,11.12902237821786,6642232
2016-02-02,10.409876823425291,10.955895727944284,10.321092889990153,10.618517966279628,12733156
2016-02-03,10.187918663024902,10.423194666313693,10.076939160581086,10.356607134188684,6429210
2016-02-04,9.943761825561523,10.454267294351435,9.72624213352778,10.400997614962836,9954884
2016-02-05,9.823904991149902,10.054742554916343,9.76175674194601,9.775074586792442,8891270
2016-02-08,9.29564094543457,9.903807986582295,9.237931145009458,9.881612430545678,10099716
2016-02-09,9.304518699645996,9.52647764778686,9.144708832744788,9.246809745680096,8636133
2016-02-10,9.322278022766112,9.486528055718043,9.255690491944776,9.37110927383141,5918511
2016-02-11,9.304518699645996,9.39330261758482,8.980458838569824,9.175782950011516,7700931
2016-02-12,9.322278022766112,9.379986990356231,9.171345834661008,9.37110927383141,6472960
2016-02-15,9.704046249389648,9.819465013135083,9.57530964289065,9.628580167198644,6137652
2016-02-16,9.579750061035156,9.775074211076676,9.530918811848183,9.775074211076676,4940837
2016-02-17,9.815025329589844,9.819464610325593,9.650775329192056,9.66853245213505,5562960
2016-02-18,10.17903995513916,10.192356953351297,9.819466609402753,9.903810420434269,9547001
2016-02-19,10.170003890991213,10.341687271900788,10.10223415804635,10.260363247671387,5755794
2016-02-22,10.364276885986328,10.454636235069438,10.278434771879365,10.296507158739288,4898108
2016-02-23,10.328132629394531,10.413973878898464,10.237772421587565,10.264880139234132,4472600
2016-02-24,9.853741645812988,10.328131387131991,9.785971928978476,10.28295128866275,6431243
2016-02-25,9.975729942321776,10.106752171774811,9.921513639369753,10.029946245273804,6158903
2016-02-26,10.097716331481934,10.201629982230624,9.998319916210203,10.097716331481934,6081096
2016-02-29,10.179039001464844,10.179039001464844,9.98928325237832,10.025427163550097,6615083
2016-03-01,10.418492317199709,10.44560089747427,10.133859118227477,10.19259265201136,8167997
2016-03-02,10.49981689453125,10.7076450456928,10.43204716370816,10.535960808419492,7486000
2016-03-03,10.39138412475586,10.554032152030192,10.228736097481526,10.53595976600469,6599322
2016-03-04,10.328132629394531,10.481744465623091,10.251326711280251,10.42752816859115,5501597
2016-03-07,10.346202850341797,10.35975713832671,10.210663417447456,10.242289227673556,3694058
2016-03-08,10.197111129760742,10.291989440789374,10.120305206257132,10.242291236834433,4975852
2016-03-09,10.188075065612791,10.31006109774202,10.129341528886986,10.1790397334742,4168240
2016-03-10,10.22873592376709,10.59469397891928,10.18807391763907,10.215182496216936,10184625
2016-03-11,10.680534362792969,10.707642939180245,10.301022910758208,10.36879348998769,7374654
2016-03-14,10.82511043548584,10.97872226104852,10.739269191942208,10.779931196458138,5056186
2016-03-15,10.852219581604004,10.88836349176322,10.685053458530898,10.757341278849324,3661452
2016-03-16,10.93354320526123,10.974205210458637,10.865772622106384,10.892881200063828,3905696
2016-03-17,10.757341384887695,11.05101076554344,10.644391556809424,11.019384951559733,6588559
2016-03-18,10.965168952941896,11.00131286159925,10.676016821944303,10.739269308398743,9797768
2016-03-21,10.915472030639648,11.064565778987188,10.838666108052196,10.86125659218901,4354546
2016-03-22,11.019384384155272,11.019384384155272,10.71216072972357,10.8205933174255,4800425
2016-03-23,11.236248970031738,11.37630651174322,11.06456475346006,11.09167247017288,5963743
2016-03-24,11.069082260131836,11.204621698213469,11.014865967855943,11.195586367616428,4513279
2016-03-29,11.20462417602539,11.236250856194571,11.069084707970305,11.127818247663797,4247713
2016-03-30,11.435040473937988,11.471184384834617,11.240766629716568,11.294982926930912,4407913
2016-03-31,11.299501419067385,11.412451252290682,11.258839410167887,11.349199621442065,4609597
2016-04-01,11.353716850280762,11.385343527426752,11.09619136854958,11.114263755490144,6636100
2016-04-04,11.44407558441162,11.593169310472303,11.28594566604696,11.313054242958888,4586337
2016-04-05,11.055529594421388,11.294983556035325,11.055529594421388,11.236250020709038,5590090
2016-04-06,11.1007080078125,11.13685191520926,10.901916086260949,11.069082196557671,5311308
2016-04-07,11.127817153930664,11.34919958466104,11.073601716732936,11.136853347376563,3783753
2016-04-08,11.20914077758789,11.25883897805516,11.14588914916686,11.14588914916686,3241616
2016-04-11,11.186551094055176,11.322090543268942,11.073601265797436,11.159443376560183,2603720
2016-04-12,11.073601722717283,11.240766992862598,10.93806140617204,11.218177370974477,4533762
2016-04-13,11.45311164855957,11.45311164855957,11.191068106847547,11.236248206123149,4290275
2016-04-14,11.398896217346191,11.52088223607488,11.322090301302808,11.52088223607488,3590678
2016-04-15,11.313055038452148,11.344680852001147,11.182032826047678,11.290464556103728,4198424
2016-04-18,11.186551094055176,11.281428536157051,11.150407183482251,11.168478707899313,3310018
2016-04-19,11.57961654663086,11.683531048330885,11.245285143013028,11.299501442236467,5290405
2016-04-20,11.358234405517578,11.66997617146948,11.191069142981068,11.584134061071952,7279722
2016-04-21,11.385342597961426,11.547989758454287,11.35823401976364,11.407932218054144,4839455
2016-04-22,11.285947799682615,11.444077747942124,11.26787627339693,11.358235628303154,5745257
2016-04-25,11.358234405517578,11.453112708954592,11.25883886729962,11.25883886729962,4271212
2016-04-26,11.313055038452148,11.416968672038514,11.191069018987047,11.349198948470832,5179349
2016-04-27,11.462148666381836,11.475702093923667,11.254320539439684,11.353716075614498,4892124
2016-04-28,11.706120491027832,11.742264402710244,11.371789092530836,11.407933004213248,5031876
2016-04-29,11.227211952209473,11.597687213103375,11.227211952209473,11.566061402305904,5059080
2016-05-02,11.516365051269531,11.538955535269842,11.263357662638018,11.304019672099724,5141672
2016-05-03,10.97872257232666,11.313054810434409,10.748305689188411,11.023902674374094,13208691
2016-05-04,10.775412559509276,10.929024377363884,10.761858271437855,10.910951993268656,5283310
2016-05-05,10.86577320098877,10.86577320098877,10.64439163964128,10.7980034759622,3829394
2016-05-06,10.834147453308104,10.870291364326878,10.70312609901711,10.843183646497502,4529035
2016-05-09,10.924508094787598,11.096191463497838,10.847702173110658,10.89288227910983,4184399
2016-05-10,10.947096824645996,11.014866547251584,10.798003090218192,11.001313119773732,4114100
2016-05-11,10.86577320098877,10.960651505417012,10.825111193625068,10.906435208352471,3616975
2016-05-12,10.798004150390623,11.195588055726304,10.793486053541486,10.983241812511045,6962481
2016-05-13,10.879327774047852,10.906435492416756,10.67150049698822,10.707644408726368,4603876
2016-05-17,10.838665962219238,11.064565630114776,10.77541433096492,10.969688183233297,3696541
2016-05-18,11.087154388427734,11.100707814879256,10.703124840424971,10.752822173645065,4299990
2016-05-19,11.073601722717283,11.195587749086354,10.888364065670403,11.014867327026028,4192525
2016-05-20,11.281428337097168,11.285946433556411,11.06456487748616,11.16847851083242,3684313
2016-05-23,11.44407558441162,11.6202770256455,11.299499954502926,11.340161958132086,4929085
2016-05-24,11.629314422607422,11.651904905707465,11.331126939597397,11.394378568799882,3134672
2016-05-25,11.84617805480957,11.94557445835552,11.692566214546586,11.728710126270888,4980369
2016-05-26,11.932018280029297,11.950090663900852,11.755816845975088,11.769370272140062,2820505
2016-05-27,12.11725616455078,12.11725616455078,11.927500438544314,11.927500438544314,3157654
2016-05-30,12.108222007751465,12.126294395046484,12.044970375696607,12.108222007751465,1571427
2016-05-31,12.180508613586426,12.198580999071511,12.054005362145904,12.153400897097567,4641834
2016-06-01,11.909431457519531,12.16243885894081,11.859733251945409,12.126294944452056,5357963
2016-06-02,11.89587688446045,11.98623709940993,11.814552863353692,11.886840690617726,4143752
2016-06-03,11.909431457519531,12.10822255633823,11.782927325939443,11.909431457519531,4354315
2016-06-06,12.004307746887209,12.04948785105569,11.859732102939113,11.91846563514097,2359466
2016-06-07,12.225689888000488,12.270869994307192,12.058524614926192,12.067559946796452,5221022
2016-06-08,12.198580741882324,12.302494371014392,12.166954929688975,12.207616934434352,4922362
2016-06-09,12.185028076171877,12.239244376967225,12.103704917587152,12.135330733993246,4737507
2016-06-10,11.859732627868652,12.117258112767011,11.832624908863258,12.085632296970912,5162093
2016-06-13,11.466666221618652,11.746782175743771,11.466666221618652,11.688048644030124,6751637
2016-06-14,11.317572593688965,11.453112906401527,11.299501069037245,11.385343180914653,4332653
2016-06-15,11.322091102600098,11.49829342936926,11.322091102600098,11.439559033199926,3511044
2016-06-16,11.168478965759276,11.34919938453521,11.05552913489373,11.096191142944432,4140913
2016-06-17,11.516365051269531,11.529919341669718,11.204623265976064,11.249803372237832,6832965
2016-06-20,11.93653964996338,11.977201663088506,11.710639960041089,11.710639960041089,3987615
2016-06-21,11.823588371276855,11.918465815904716,11.715156636671232,11.918465815904716,4244331
2016-06-22,12.20761775970459,12.31604949244297,11.945574190152136,11.945574190152136,5948018
2016-06-23,12.379301071166992,12.5148413828473,12.198581517332055,12.225689234972595,5041887
2016-06-24,11.742264747619627,11.954610127273725,10.843184164089228,10.942579708700723,12046068
2016-06-27,11.163959503173828,11.674493158794595,11.078118262670884,11.638349251809483,7404892
2016-06-28,11.407933235168455,11.5615450783633,11.222695576328592,11.367271225985183,4973984
2016-06-29,11.57058048248291,11.57509857894378,11.313055016384777,11.511846090230376,4347579
2016-06-30,11.72419261932373,11.800998537673314,11.507328292270383,11.561544589468424,4700116
2016-07-01,11.814552307128906,11.882322034281003,11.51184672155995,11.83262469396351,4297315
2016-07-04,11.633832931518556,11.846178309751354,11.520883097231966,11.8100343972492,2968508
2016-07-05,11.421486854553224,11.606724502511833,11.385342944262243,11.579615923489502,4707790
2016-07-06,10.852219581604004,11.24076640038085,10.513370100709333,11.213658683196138,9451202
2016-07-07,11.04197597503662,11.141371518387762,10.924508044673177,10.942579569946636,3469054
2016-07-08,11.552508354187012,11.570580740433394,11.06908322470074,11.06908322470074,5443076
2016-07-11,12.022379875183104,12.072077213136724,11.66545800782631,11.6744942008138,5983693
2016-07-12,12.284424781799316,12.415446147477684,12.035934617926936,12.108222446247185,6080040
2016-07-13,12.008825302124023,12.30701276975948,11.895875477663964,12.2392430474312,4874964
2016-07-14,12.293460845947266,12.356713345797496,11.981719890908249,12.112741264387198,5807001
2016-07-15,12.25279712677002,12.288941035508744,12.044969005218288,12.288941035508744,4124409
2016-07-18,12.514841079711914,12.58261080304114,12.4425532599289,12.510322983258128,4841438
2016-07-19,12.573575019836426,12.605200834304654,12.410926989155458,12.49225100449594,3509273
2016-07-20,12.790437698364258,12.853690185143194,12.605200057827664,12.614236250473049,5341606
2016-07-21,12.885315895080566,12.935013230757011,12.731704068286994,12.785919500250165,5178120
2016-07-22,12.790437698364258,12.840135896175116,12.632307774025058,12.77688427113494,3690346
2016-07-25,12.921459197998049,13.066034825441816,12.754293090179496,12.799473189190351,3299174
2016-07-26,13.138324737548828,13.18802294057218,12.935014690397708,13.002785280607316,3148905
2016-07-27,13.481691360473633,13.653374717594865,13.359705341031848,13.508799077547764,5313706
2016-07-28,13.454582214355469,13.526870026701152,13.310005727925406,13.3732582100319,4041320
2016-07-29,13.373260498046877,13.549461963068238,13.35970620776106,13.463619848069104,5598466
2016-08-01,13.27838134765625,13.544943007538308,13.2286840099035,13.540424911062823,5726985
2016-08-02,12.62779140472412,12.885316880592468,12.5419492921884,12.569057010243272,8697157
2016-08-03,12.56453800201416,12.641343915712808,12.25279711265385,12.555502671143955,5116682
2016-08-04,12.925979614257812,12.948569236948671,12.569057715917944,12.650381736387224,3890252
2016-08-05,13.097661018371582,13.147359214907414,12.971156909797983,13.007301679452215,3856896
2016-08-08,13.138324737548828,13.178986746979051,13.075073105874637,13.16543245658936,2847050
2016-08-09,13.675965309143066,13.689518736918965,13.075072261812378,13.075072261812378,4820830
2016-08-10,13.495245933532717,13.716627494725335,13.48169164384136,13.662411197698722,4052909
2016-08-11,13.847647666931152,13.847647666931152,13.50879820920002,13.59012221693369,4026830
2016-08-12,13.816022872924805,13.897346886647714,13.748253148735312,13.77536086606335,2686461
2016-08-15,13.951563835144045,14.019334428425903,13.811506275056717,13.8160243720581,2566389
2016-08-16,13.806986808776855,13.99222445876858,13.806986808776855,13.915418540839903,2209365
2016-08-17,13.572052001953123,13.92897301705705,13.52235380093988,13.7934335655976,3744503
2016-08-18,13.644339561462402,13.707591189359873,13.544943161350607,13.644339561462402,4435120
2016-08-19,13.847647666931152,13.956079389996466,13.680482417024152,13.716626324712587,4471998
2016-08-22,13.843131065368652,13.95156280014113,13.730181233929969,13.843131065368652,2505681
2016-08-23,13.910901069641112,14.06451204114939,13.90186487668804,13.960598407405431,2317653
2016-08-24,13.825057983398438,13.870238083233277,13.648855680216435,13.825057983398438,3188968
2016-08-25,13.694037437438965,13.779879551340748,13.635303903762273,13.775361454636569,2841799
2016-08-26,13.644339561462402,13.779879010310925,13.585605168352924,13.666929182357556,1959380
2016-08-29,13.630785942077637,13.716628056829729,13.409404371812848,13.535907633827676,2050864
2016-08-30,13.770843505859377,13.834095998658544,13.675966059268884,13.707591874799048,2199024
2016-08-31,13.639822006225586,13.861203574390956,13.635303909519497,13.811505372362808,3161081
2016-09-01,13.558496475219728,13.707590202919375,13.508798278740263,13.62626619476707,4378979
2016-09-02,13.48620891571045,13.608194930256658,13.269345464343024,13.590122545106665,4064776
2016-09-05,13.373260498046877,13.56753435011599,13.373260498046877,13.377778594808811,2530147
2016-09-06,13.341634750366213,13.468138013389048,13.305490837825564,13.38681399473788,2772286
2016-09-07,13.391331672668455,13.46361949548873,13.319043849848184,13.337116236422665,2508105
2016-09-08,13.029891967773438,13.359705252154086,13.011819582018386,13.337115631699056,4954720
2016-09-09,13.025376319885254,13.156398556022996,12.930498862052222,12.97567811145522,3389905
2016-09-12,12.935015678405762,12.95308806697243,12.686526367786485,12.758814198575326,4126406
2016-09-13,13.106698036193848,13.310007207870097,13.056999836528218,13.061517933019529,4631374
2016-09-14,13.138324737548828,13.269346959432628,13.075073105874637,13.102180824915168,3119973
2016-09-15,13.391331672668455,13.404885962599316,13.088626091456506,13.088626091456506,3503566
2016-09-16,13.219649314880373,13.436512799843843,13.183505400719792,13.35518877754782,5075928
2016-09-19,13.4771728515625,13.486209044223608,13.314524830617644,13.35970493218441,2464463
2016-09-20,13.513317108154297,13.657892747496753,13.44554738492987,13.44554738492987,3025978
2016-09-21,13.694037437438965,13.74825373615031,13.576569508346743,13.576569508346743,3424020
2016-09-22,14.123246192932127,14.213605535706671,13.870238826729125,13.915418067247009,5568269
2016-09-23,14.010295867919922,14.186497312516938,14.005777771681698,14.078065588015797,3777143
2016-09-26,13.856683731079102,13.969633549277743,13.802467439178711,13.892827638433118,3244411
2016-09-27,13.83861255645752,13.97415286718956,13.553979368876192,13.960598577594718,3567589
2016-09-28,13.938008308410645,14.181979477599,13.924454019446218,13.95156173563631,2761880
2016-09-29,13.74825382232666,14.08258522488224,13.725663338664152,14.046441312761065,3300317
2016-09-30,14.349146842956545,14.349146842956545,13.671447847071097,13.689519372190514,9522634
2016-10-04,14.444025039672852,14.475651718319025,14.20909003047343,14.276859761237471,4585142
2016-10-05,14.394327163696287,14.471132223776328,14.258786845448272,14.353665154395769,3482932
2016-10-06,14.62926197052002,14.674441211604428,14.380771835861848,14.471131179769449,3226134
2016-10-07,14.493721961975098,14.665404450223049,14.457577191726578,14.665404450223049,3644185
2016-10-10,14.651850700378418,14.66992308510459,14.525347454250133,14.52986468869294,2104135
2016-10-11,14.32203769683838,14.683476780588125,14.2994472155173,14.665404395531263,3963306
2016-10-12,14.118728637695312,14.258786184494385,14.03288652629126,14.245232756515032,4478928
2016-10-13,14.014816284179688,14.200053951917512,14.005780090207384,14.082586015494204,4571569
2016-10-14,14.335591316223145,14.362699894172136,14.041921949019171,14.0690296652294,2868607
2016-10-17,14.267823219299316,14.33559294841023,14.227161209484995,14.317521422792122,2858567
2016-10-18,14.543418884277344,14.543418884277344,14.38528981825814,14.41691563146198,3381352
2016-10-19,14.570528030395508,14.615707272881652,14.448542007509763,14.471131628752838,3136116
2016-10-20,14.416916847229004,14.620226894596923,14.31300320601378,14.61570793605669,3035948
2016-10-21,14.62022590637207,14.683477533838344,14.421433969242472,14.45305978297561,3535117
2016-10-24,14.498239517211914,14.687994394781414,14.489203324449909,14.647332389091158,2556706
2016-10-25,14.493721961975098,14.579563206099072,14.290411076282188,14.493721961975098,3410454
2016-10-26,14.416916847229004,14.525349446984462,14.26330500293743,14.489204672573408,2784332
2016-10-27,14.710585594177246,14.882268084539264,14.358181835563522,14.36721716649816,5498809
2016-10-28,14.669921875,14.733173492846593,14.484684255530416,14.6202236828413,2627966
2016-10-31,14.778353691101074,14.809979502086575,14.615705678331391,14.63377806274523,3720113
2016-11-01,14.42143440246582,14.891305249559506,14.407880112570677,14.864198393246856,3303532
2016-11-02,14.078065872192385,14.37625333602436,14.064511583204109,14.335591330798296,3863222
2016-11-03,14.010295867919922,14.150353404349891,13.965115767276426,14.082583684254018,3113994
2016-11-04,13.987706184387209,14.13680078353459,13.865721025953848,14.005778570370692,3287652
2016-11-07,14.258785247802734,14.31300154137497,14.118727710204356,14.24523182071374,2523339
2016-11-08,14.285893440246582,14.322037347740553,14.159389333148315,14.258784863322056,2626986
2016-11-09,14.35366439819336,14.367217826086923,13.472655392081936,13.599159510100955,7768742
2016-11-10,13.924455642700195,14.669925249610891,13.843131622910748,14.407880802849846,6510294
2016-11-11,13.86571979522705,14.059993618611738,13.603676253897142,14.01481351940202,4782327
2016-11-14,13.97867202758789,14.258787139956164,13.951563446335063,14.005779747101853,4556532
2016-11-15,14.285893440246582,14.308483059278291,13.9380077920304,14.010295607018344,3266268
2016-11-16,14.407878875732422,14.448540880188425,14.249749815891024,14.349145348039723,3427252
2016-11-17,14.231677055358888,14.33107258488466,13.883791409410598,14.186496955851272,6187252
2016-11-18,14.462095260620115,14.471131453703563,14.231678369163802,14.267822279758793,6004394
2016-11-21,14.62022590637207,14.642815527113228,14.398844348501315,14.511793313945894,4645576
2016-11-22,14.823535919189451,14.941002980965129,14.57956387918122,14.69251370620604,5701040
2016-11-23,15.18045425415039,15.221116255973971,14.439503752900588,14.502755372742294,11845599
2016-11-24,14.791910171508787,15.388285122982928,14.68347757875095,15.315997302303565,6666959
2016-11-25,14.4756498336792,14.823535497844642,14.439505062789395,14.823535497844642,5066902
2016-11-28,14.4575777053833,14.51179313920477,14.358182168884753,14.385289885795489,4134505
2016-11-29,14.471132278442385,14.534383910153752,14.371736734076109,14.403362549931792,3116781
2016-11-30,14.258785247802734,14.457577175249265,14.218123243058246,14.42143326678069,7903552
2016-12-01,13.956080436706545,14.272340299004007,13.84764870550882,14.159390471289028,5449616
2016-12-02,13.847647666931152,13.987705201506508,13.671446224667358,13.820539951599509,4352970
2016-12-05,14.258785247802734,14.407878977952944,13.734698144139047,13.779878245159454,4747786
2016-12-06,14.471132278442385,14.701550906508322,14.308485102364736,14.502758094298068,6865066
2016-12-07,14.602153778076172,14.683477792961552,14.389808409450085,14.624743399215973,4861577
2016-12-08,14.823535919189451,14.850642774649756,14.48468643811499,14.642815506558703,3725272
2016-12-09,14.633779525756836,14.990701397964957,14.61570713953621,14.819017175824229,4182341
2016-12-12,14.453059196472168,14.70154932323516,14.407879095084462,14.651851125534812,4088932
2016-12-13,14.439504623413086,14.615706067445444,14.340109091706916,14.48468558565054,4477516
2016-12-14,14.240715026855469,14.444024207433271,14.20457111508127,14.344628665488935,3630816
2016-12-15,14.809979438781738,14.841605249632057,14.294928549530937,14.294928549530937,7387207
2016-12-16,14.796429634094238,14.90034328424916,14.742214191291204,14.809983063925534,5430257
2016-12-19,15.00877285003662,15.05395208929861,14.79190939931956,14.79190939931956,3777268
2016-12-20,15.026844024658203,15.044916410370975,14.855161530819547,15.040399175681562,2636691
2016-12-21,15.035879135131836,15.06298771174954,14.94100170218603,14.977146471009634,2620736
2016-12-22,14.918414115905762,15.072025957379395,14.859679720304106,14.995219174903742,2755379
2016-12-23,14.94552230834961,14.972629164479454,14.84160694825978,14.846125906599838,2059985
2016-12-27,15.026844024658203,15.072024988940134,14.95003897059526,14.995218211399632,1213808
2016-12-28,15.103652000427246,15.157867438389111,15.013291788172332,15.040400368892117,2210371
2016-12-29,14.99521827697754,15.058471627248863,14.968111421767397,15.00877342806018,1375716
2016-12-30,14.918414115905762,15.081062150816392,14.918414115905762,15.017810520235075,1801830
2017-01-02,14.936485290527344,15.0539523487193,14.746728690706451,14.86419747237594,2165265
2017-01-03,14.999738693237305,15.212083214760836,14.96359391814018,14.96359391814018,3853360
2017-01-04,14.791910171508787,15.040399447376748,14.72413958560044,15.008773633546877,3795852
2017-01-05,14.706066131591797,14.800943566191316,14.64733174296842,14.73769194312497,2659112
2017-01-06,14.65636920928955,14.69703121672054,14.516312524176511,14.647333016140706,3083505
2017-01-09,14.72865867614746,14.855163670883869,14.697032858332811,14.76028449396211,3832968
2017-01-10,14.864198684692385,14.99521918088696,14.7467298934422,14.7467298934422,3436699
2017-01-11,14.882268905639648,14.950039492690497,14.733176026996455,14.86419824277336,3423403
2017-01-12,14.773837089538574,14.95003853642709,14.73769231916272,14.814499094472655,3681358
2017-01-13,14.936485290527344,14.94552148323096,14.819016508857857,14.819016508857857,2796723
2017-01-16,14.809979438781738,14.936484405660435,14.733174390567376,14.819015630950032,2697509
2017-01-17,14.791910171508787,14.909377233808655,14.72413958560044,14.791910171508787,3125606
2017-01-18,14.927447319030762,15.013288554269762,14.81449750891124,14.864195701120202,3575999
2017-01-19,14.83257293701172,14.959076198801569,14.805464356566317,14.945522770317709,2856410
2017-01-20,14.873230934143066,14.913892936816278,14.805462078672656,14.837087889254333,3823051
2017-01-23,14.724138259887695,14.828051885040887,14.683476256699276,14.76931749744041,2898896
2017-01-24,14.828052520751951,14.846124905938815,14.70154927139893,14.70154927139893,3087437
2017-01-25,15.23467254638672,15.28888797838552,14.950038512307366,14.950038512307366,6204381
2017-01-26,15.35666275024414,15.582562455921012,15.28437491336666,15.28437491336666,4850077
2017-01-27,15.483162879943848,15.483162879943848,15.252744261942729,15.410875057791612,3328013
2017-01-30,15.406357765197754,15.5328627602502,15.379250906133368,15.46509216563361,3312685
2017-01-31,15.352139472961426,15.514787491058035,15.302441275934406,15.392801477485577,4506189
2017-02-01,15.496713638305664,15.627735831971428,15.32954840152916,15.34310182726102,4812830
2017-02-02,15.858156204223633,16.038876630294087,15.659365114328304,15.686473695282183,7318641
2017-02-03,16.043394088745117,16.17441631329647,15.835566802305015,15.912373587671503,5270316
2017-02-06,15.90333366394043,16.233146903800673,15.89429747228267,16.151822902358166,5985120
2017-02-07,15.81297779083252,16.06598605593785,15.80846055550823,15.889782855690076,4535070
2017-02-08,15.722617149353027,16.06598562299129,15.663882750853212,15.91237377393791,4312484
2017-02-09,15.352139472961426,15.43346348200973,15.06750544129236,15.315996426427454,8850296
2017-02-10,15.401836395263672,15.519303441123853,15.365691628243708,15.40635362940249,5472513
2017-02-13,15.361176490783691,15.456053931945087,15.343104104806972,15.433464311212983,3872774
2017-02-14,15.343104362487791,15.38376636987952,15.257263112873089,15.370212941908148,3093639
2017-02-15,15.541897773742676,15.54641500875097,15.36117735081263,15.42894794028082,4589925
2017-02-16,15.591592788696287,15.654846137216705,15.514787736423498,15.56448593423649,5199539
2017-02-17,15.55955982208252,15.628205637238889,15.468032650452562,15.587018497292188,4809299
2017-02-20,15.5183744430542,15.619054517845196,15.35820318382834,15.619054517845196,2418537
2017-02-21,15.788376808166504,15.847869731322085,15.44057565240012,15.477185473448143,4402304
2017-02-22,15.829564094543455,15.97143129854055,15.79752984617889,15.847869878104811,3522842
2017-02-23,15.943970680236816,16.06295476741479,15.834137737988735,15.875324873114844,4263042
2017-02-24,15.477185249328612,16.035499414544855,15.376505187867176,15.953125136210144,5754600
2017-02-27,15.573286056518556,15.591591837370034,15.426843301177405,15.513794887354264,3189770
2017-02-28,15.376502990722656,15.619050218155376,15.152263289536272,15.591591547388846,5700253
2017-03-01,15.893634796142578,15.902787689193008,15.445153511086732,15.468034870844876,5433825
2017-03-02,15.87990379333496,15.939396715793496,15.760917948417887,15.921090932616169,2513061
2017-03-03,15.76091766357422,15.861597723494391,15.692273596503176,15.824987903536943,2404618
2017-03-06,15.5183744430542,15.719732846900396,15.468034405658702,15.701428807085868,3073623
2017-03-07,15.49091339111328,15.605321914668728,15.48176224547611,15.51837206523138,2224514
2017-03-08,15.609899520874023,15.765495185606088,15.495490995210314,15.518372351195945,3419579
2017-03-09,15.527523040771484,15.559557283755684,15.367351825850475,15.559557283755684,3606611
2017-03-10,15.55955982208252,15.788376878289617,15.532101146872854,15.623628318502812,3598208
2017-03-13,15.728882789611816,15.861597091356474,15.490912859297922,15.541252887251789,5334519
2017-03-14,15.966856956481934,16.003468530430137,15.664818454352996,15.696852708689706,4697520
2017-03-15,16.017194747924805,16.072110355397413,15.884480429608292,15.994313390289191,3073450
2017-03-16,16.16363525390625,16.23685663546331,16.003464027292505,16.149906790406625,4737418
2017-03-17,16.213977813720703,16.232283598403242,16.026347885063952,16.159062205408798,5425901
2017-03-20,16.11329460144043,16.177363089599577,16.021767441612205,16.10871902902994,2676230
2017-03-21,15.733458518981934,16.195668123472654,15.715152738713812,16.191092551273268,4280630
2017-03-22,15.64650821685791,15.683119780392254,15.367352900718004,15.495489881617331,4613596
2017-03-23,15.655664443969728,15.77465030507684,15.614477299084312,15.678545803187,3323875
2017-03-24,17.12009048461914,17.15670204816306,15.632779757488484,15.664814002721696,15474444
2017-03-27,17.106361389160156,17.16127698671173,16.813475874571267,16.950765741317888,6836706
2017-03-28,17.52738380432129,17.52738380432129,17.17500537555966,17.243651181504465,4613372
2017-03-29,17.417552947998047,17.60060552451407,17.202464381212938,17.573148598191132,6117902
2017-03-30,17.50908088684082,17.51365820571127,17.271112677646958,17.435859496534484,3499187
2017-03-31,17.522811889648438,17.596033283263967,17.40382603393837,17.458743388451815,3638021
2017-04-03,17.358060836791992,17.628065014486126,17.344332372993545,17.600606341153753,4622782
2017-04-04,17.46331787109375,17.46331787109375,17.097210925881896,17.35806223345382,4186740
2017-04-05,17.303146362304688,17.53196341776409,17.248229012064805,17.41755489003439,4088791
2017-04-06,17.303146362304688,17.303146362304688,17.078904879830816,17.20704187225269,3741054
2017-04-07,17.211618423461914,17.293992699412858,17.101785473615486,17.17958417678494,3324585
2017-04-10,17.211618423461914,17.335179837388328,17.078904118237002,17.211618423461914,2913719
2017-04-11,16.950767517089844,17.165854357422532,16.845511883366285,17.097210289725716,5019209
2017-04-12,16.914155960083008,17.046870268397402,16.80890032630332,16.946190207505715,4051842
2017-04-13,16.969074249267578,17.01941253676669,16.731104293989564,16.86839418279805,3098012
2017-04-18,16.77686882019043,17.028567267811155,16.689918955226425,16.97822722913984,3474704
2017-04-19,16.753986358642578,16.987379004898965,16.685340538471788,16.83636064455324,3740188
2017-04-20,16.950767517089844,16.969073300103215,16.621270405791357,16.70364468361598,3752882
2017-04-21,16.703643798828125,16.982800864920733,16.689915335163064,16.950766619211954,4483412
2017-04-24,17.33060073852539,17.394669225297687,16.950765390203067,16.987375205900662,5051192
2017-04-25,17.28941535949707,17.518232404469707,17.207041083648082,17.316874033358573,3647103
2017-04-26,17.46331787109375,17.56857350873368,17.19331367167458,17.28484084441145,4197271
2017-04-27,17.376367568969727,17.60518462204234,17.30772175475371,17.435858745838992,4579215
2017-04-28,17.39009666442871,17.486199411229265,17.271112560637878,17.3077223826752,3429041
2017-05-02,17.376367568969727,17.48162320389486,17.284840398593566,17.408401816741044,3493781
2017-05-03,17.417552947998047,17.472468546379314,17.216192844374405,17.358060031406026,4140706
2017-05-04,17.023988723754883,17.266534236048063,16.950767338209648,17.08805721789002,7386507
2017-05-05,17.188739776611328,17.26196117280169,17.01941387951079,17.042296984230607,4314427
2017-05-08,17.092636108398438,17.284843373846712,16.973651988443503,17.284843373846712,4748186
2017-05-09,17.14297103881836,17.243651088129457,17.046868307604324,17.115514113177408,3605068
2017-05-10,17.4404354095459,17.54569104051821,17.147549871929808,17.152125444695773,5764369
2017-05-11,17.46331787109375,17.518233476441623,17.362637806509632,17.467893444149563,4393804
2017-05-12,17.42671012878418,17.60518717676225,17.33518294512635,17.449591488264684,2956975
2017-05-15,17.90264892578125,17.957566285209822,17.596034858116543,17.66467893879843,5282439
2017-05-16,17.8980712890625,17.998751357341074,17.801968539743324,17.920952646652445,3684478
2017-05-17,17.545692443847656,17.93010517914853,17.458742588455852,17.801968182626787,5406513
2017-05-18,17.4770450592041,17.4999281600183,17.02856386586661,17.4999281600183,6981181
2017-05-19,17.628067016601562,17.69213551591822,17.44043709185891,17.527386948683567,4100709
2017-05-22,17.458740234375,17.696708411332608,17.29856726458439,17.69213283881764,3679760
2017-05-23,17.582300186157227,17.60518328631678,17.42670627777909,17.4495876322032,2675628
2017-05-24,17.8980712890625,17.971292680791734,17.550268369046886,17.60976129536929,4543491
2017-05-25,18.05824089050293,18.08112224600544,17.715015320758642,17.95756257714476,3254342
2017-05-26,18.003326416015625,18.090276270666592,17.86603652866413,18.058242021809097,2020666
2017-05-29,17.980443954467773,18.003325309998054,17.888916786611116,17.966713744561183,1513280
2017-05-30,18.10857963562012,18.16807255229528,17.902643959233323,17.948408412727833,3262391
2017-05-31,18.02163314819336,18.25045022106521,17.939258862300633,18.113160326489247,4755199
2017-06-01,18.09485244750977,18.10400533885364,17.911798112103437,18.02163106249434,2620780
2017-06-02,18.39231300354004,18.479264595806534,18.16807328247854,18.186379064612066,3726792
2017-06-05,18.39231300354004,18.39231300354004,18.39231300354004,18.39231300354004,0
2017-06-06,18.415197372436523,18.55706282940374,18.25044881335857,18.351127130556307,3983189
2017-06-07,18.58909797668457,18.69893093662801,18.300789730087445,18.35112801825353,3346306
2017-06-08,18.442651748657227,18.749267467991192,18.442651748657227,18.634858956218213,3292771
2017-06-09,18.65774154663086,18.717234465503715,18.43807739894893,18.48841742678477,3644462
2017-06-12,17.756200790405273,18.195529059417712,17.321448093769163,18.18637791466506,14372070
2017-06-13,17.966716766357422,18.222992530311604,17.797392612072315,17.861461116626906,7514769
2017-06-14,17.966716766357422,18.25045120900749,17.966716766357422,18.076549735405163,5171974
2017-06-15,17.664676666259766,17.95756397499157,17.481624062255005,17.920952406749223,5645794
2017-06-16,18.09485244750977,18.136039585689414,17.660099710221374,17.75620245072871,7922552
2017-06-19,18.323671340942383,18.438079875669946,18.07197291368889,18.250449948546173,3540436
2017-06-20,18.1223087310791,18.676047290402234,18.10858026741947,18.438077361134333,4626549
2017-06-21,17.998748779296875,18.099427087419148,17.907221616311276,18.07654573310661,3102479
2017-06-22,17.943832397460938,18.08569959499218,17.866035439474324,18.05366534808763,2679681
2017-06-23,17.994171142578125,18.04451116861619,17.742472758123213,17.893491090502,2636249
2017-06-26,17.93925666809082,18.18637949554259,17.93925666809082,18.099427901215755,2766244
2017-06-27,17.55942153930664,17.93468139607865,17.531964608058164,17.852307110861798,5244542
2017-06-28,17.43585777282715,17.509079155894828,17.138396667873977,17.344332353294156,5003754
2017-06-29,16.799745559692383,17.632639391190658,16.717371291018015,17.573148221608896,6875905
2017-06-30,16.918733596801758,17.21619472071037,16.70822057954889,16.79517217767581,5843879
2017-07-03,17.0377140045166,17.239072340708443,16.923305501870853,16.973645522352616,4181934
2017-07-04,16.95534324645996,17.07890466433727,16.886699178129614,16.959920565123326,2754159
2017-07-05,17.078907012939453,17.142975517152372,16.882124181007885,16.98737983017708,4008892
2017-07-06,17.0102596282959,17.207042442167477,16.74483274295429,17.207042442167477,4297642
2017-07-07,17.083480834960938,17.129243544105833,16.872967833982234,17.001106561911758,3630560
2017-07-10,17.065176010131836,17.303145951650155,17.04687022715299,17.225347246857844,3024057
2017-07-11,17.133819580078125,17.321449485823027,17.06517551450443,17.147549789781262,4990314
2017-07-12,17.628067016601562,17.682982623767888,17.22077291745793,17.23907695602292,5577169
2017-07-13,17.563997268676758,17.70586272258266,17.527385702678107,17.682981366701277,3139346
2017-07-14,17.628067016601562,17.650948374109557,17.467894022574235,17.573151409435237,2162751
2017-07-17,17.522811889648438,18.01705586011933,17.51365899722953,17.756204536255524,4986042
2017-07-18,17.4678897857666,17.591451181222983,17.293990114296363,17.45873864157154,4138189
2017-07-19,17.774505615234375,17.833998527338462,17.573147272535884,17.609757086783215,3570368
2017-07-20,17.788236618041992,17.998749626538828,17.62806538457914,17.879763785335985,4056067
2017-07-21,16.959922790527344,17.737899474767257,16.836361356436868,17.463319673945616,10302666
2017-07-24,16.74483299255371,17.033142985085206,16.735680100407478,16.99653141650027,5306272
2017-07-25,16.840932846069336,16.955341359623795,16.721948760096264,16.786017248369102,4450315
2017-07-26,17.115514755249023,17.138396109386637,16.79059324184738,16.987376029754625,4823423
2017-07-27,17.083480834960938,17.193312035202872,16.950766534411102,17.115515080509457,3312887
2017-07-28,16.836360931396484,17.074330900777635,16.74940932493398,16.818055146274297,5005577
2017-07-31,16.827207565307617,16.932463208194598,16.319233389744067,16.81805467300409,7402959
2017-08-01,17.133819580078125,17.289415239408203,16.63499835567307,16.676185493311486,9487568
2017-08-02,17.12009048461914,17.499927600577823,17.08805623938593,17.207040329432793,5639619
2017-08-03,16.95534324645996,17.184160299032257,16.914156107167525,17.13382026814866,4094932
2017-08-04,17.60060691833496,17.62348827399455,17.019411406756586,17.05144565382712,7252185
2017-08-07,17.60518455505371,17.650947267199875,17.36721461127541,17.618913019550448,3443532
2017-08-08,17.50908088684082,17.63721962917865,17.440436815404933,17.600608061157654,3345455
2017-08-09,17.550268173217773,17.632642456210974,17.234501252234285,17.41297828347433,4558930
2017-08-10,17.481618881225586,17.56399313962194,17.435854434485865,17.545687360926053,3338893
2017-08-11,17.353485107421875,17.40840245911538,17.13839825669705,17.35806242626415,4037013
2017-08-14,17.4953556060791,17.582305477351476,17.426711522149112,17.49993292578268,2445360
2017-08-15,17.4404354095459,17.609759533654792,17.367214025141877,17.596031069621386,2500454
2017-08-16,17.499929428100586,17.573150817099517,17.458742287680213,17.518233466048606,2462128
2017-08-17,17.385520935058594,17.545692178286515,17.348909367614713,17.445012113551467,2247839
2017-08-18,17.184160232543945,17.289415866831682,17.120091737389284,17.252806046344258,3600016
2017-08-21,17.05144691467285,17.248229730220125,16.99653130788207,17.16127987399008,2714708
2017-08-22,17.403823852539062,17.417554062314338,17.115515633290876,17.115515633290876,2559610
2017-08-23,17.408401489257812,17.541115796519872,17.353484140623866,17.394671279231556,2421679
2017-08-24,17.43585777282715,17.596030748480835,17.403823526843507,17.458740873445873,2680113
2017-08-25,17.522811889648438,17.7058645008194,17.422131818776183,17.445013176955587,2991472
2017-08-28,17.591453552246094,17.614336653023756,17.24822798940704,17.380942292681326,1927787
2017-08-29,17.339757919311523,17.445013565871918,17.19331512881569,17.390097955869923,3859743
2017-08-30,17.422128677368164,17.49992737603302,17.316873052133108,17.454162922190335,2046039
2017-08-31,17.72874641418457,17.82942473256018,17.504504929319296,17.527386285962134,3441005
2017-09-01,18.145193099975582,18.25960162709842,17.76993327067154,17.76993327067154,4872265
2017-09-04,17.957563400268555,18.058241718241533,17.838577553024667,17.930104724965595,2183362
2017-09-05,18.09485244750977,18.232142326196755,17.975866605774996,18.03078395383821,2366598
2017-09-06,18.12688636779785,18.24129488893191,17.90722221670872,17.957562245325384,2587261
2017-09-07,18.415197372436523,18.488418760278325,17.95756326199137,18.28705863441168,4188951
2017-09-08,18.474687576293945,18.49756893146329,18.30536345315817,18.360279054711707,2580282
2017-09-11,18.62571144104004,18.698932839876523,18.53875982972832,18.57079582834664,2688524
2017-09-12,18.808761596679688,18.978087477676013,18.68520192077027,18.717236169448363,3356167
2017-09-13,18.744691848754883,18.795031877815006,18.644013536370142,18.7218104934736,2767942
2017-09-14,18.65774154663086,18.6852002197419,18.34655023431426,18.40146583480088,3636869
2017-09-15,18.76757431030273,18.77672720210187,18.52502878770024,18.534181679499373,6189881
2017-09-18,19.06045913696289,19.097068953672533,18.8728292437706,18.904863488042302,2911736
2017-09-19,19.08791923522949,19.165717945486627,18.92317066831854,19.07876634309714,2827901
2017-09-20,18.831642150878903,19.037576080017526,18.79960790653577,19.010119153857914,2774686
2017-09-21,18.872833251953125,18.955205793477816,18.74927182106246,18.93232443495786,2208851
2017-09-22,19.11537742614746,19.20690459941074,18.854526117075267,18.87740747395718,4215981
2017-09-25,18.795034408569336,19.17944716455683,18.735541480238865,19.097072877864097,3305369
2017-09-26,18.744691848754883,18.822490551593848,18.502146340449386,18.55248636950951,3690014
2017-09-27,19.08334350585937,19.12453064725005,18.7858806240672,18.82706776545788,2831077
2017-09-28,19.238937377929688,19.36707436326452,19.16571599406185,19.17486888526227,2996654
2017-09-29,19.46775245666504,19.46775245666504,19.26639236204176,19.298426605143582,3786470
2017-10-02,20.0398006439209,20.05352911033108,19.60962340855344,19.623353620699422,5061419
2017-10-03,20.0398006439209,20.0398006439209,20.0398006439209,20.0398006439209,0
2017-10-04,20.158784866333008,20.25031204960267,19.897933528742755,20.22743069021921,4576580
2017-10-05,19.76979255676269,20.067253660593405,19.682840964504795,19.88877664914789,4203096
2017-10-06,19.8155574798584,19.8750504055644,19.691996055270085,19.833863264034964,2554739
2017-10-09,19.8155574798584,19.98488161915246,19.72403030471124,19.902509081829248,2721895
2017-10-10,19.68742179870605,19.90708598630805,19.627928869021414,19.838440163923025,2554894
2017-10-11,19.87504768371582,19.89792903793513,19.67826489510593,19.72402760354456,2388520
2017-10-12,19.8155574798584,19.98030604597615,19.70572626627034,19.89793176291728,2675817
2017-10-13,19.94827079772949,19.97572947261949,19.77894666691345,19.82013380638066,2821749
2017-10-16,19.88420295715332,20.026068417753216,19.84301581632917,19.99861148769421,1892931
2017-10-17,20.474550247192383,20.666755729784896,20.113018891951565,20.18166295899081,6656494
2017-10-18,20.305225372314453,20.74455545333712,20.277768442443776,20.57522957236838,4794725
2017-10-19,20.41505622863769,20.49285318291477,20.071830674681408,20.41047891030643,3938396
2017-10-20,20.56150245666504,20.71252081807035,20.204548379038183,20.45624681187085,5514179
2017-10-23,20.808624267578125,20.840658516738845,20.58896009658933,20.68506284407149,2751390
2017-10-24,20.8909969329834,20.918453861147093,20.60268696711603,20.80862265702129,4680539
2017-10-25,20.735401153564453,20.950487987801694,20.648449559582875,20.86353813955562,3397187
2017-10-26,21.24795150756836,21.27541018216873,20.75370583917501,20.75370583917501,5087560
2017-10-27,21.35320854187012,21.458464182803844,21.197612867069022,21.426429933203824,4140862
2017-10-30,21.51338005065918,21.61406011961437,21.40354883519506,21.44015865843787,3924935
2017-10-31,21.51338005065918,21.51338005065918,21.51338005065918,21.51338005065918,0
2017-11-01,22.410341262817383,22.63000540983326,21.97101122305017,22.01219835972411,8815546
2017-11-02,21.934402465820312,22.37373078110448,21.65524538660781,22.364577889652445,9427659
2017-11-03,22.30966186523437,22.369154785680944,22.05338614662536,22.149490632188435,4748461
2017-11-06,22.433223724365234,22.730684841033863,22.33712098262932,22.50644511031673,4578751
2017-11-07,22.241016387939453,22.64831220017516,22.15406653808358,22.58424196025788,4329858
2017-11-08,22.135761260986328,22.38288409767814,22.135761260986328,22.277628462583976,4299638
2017-11-09,21.3028621673584,22.231860366456285,21.3028621673584,22.204401698228143,8192568
2017-11-10,21.527109146118164,21.75134888441395,20.89099800684048,21.316597872609904,6600627
2017-11-13,21.33489990234375,21.75592415546848,21.215915812001043,21.582022719673343,5254134
2017-11-14,21.902368545532227,22.552208136706287,20.707943252114664,20.959641660728057,13256787
2017-11-15,21.678125381469727,21.833721034915225,21.2571028755204,21.77880543538605,8075750
2017-11-16,22.428646087646484,22.460682080172944,21.78795940609212,21.893215037796004,5672216
2017-11-17,22.236440658569336,22.607124902528657,22.236440658569336,22.51559773474093,5351561
2017-11-20,22.40119171142578,22.419497496173367,22.03508474515264,22.090000353659683,3853650
2017-11-21,23.13798141479492,23.288999764518124,22.341697288913853,22.410343104256143,6237066
2017-11-22,22.492719650268555,23.206627822215964,22.492719650268555,23.18374646337536,5029259
2017-11-23,22.51102066040039,22.730684818032582,22.27762803845854,22.424070810213337,2557407
2017-11-24,22.62085151672364,22.867974325819787,22.42864430551483,22.538477247024915,2917751
2017-11-27,22.204404830932617,22.52474902251604,22.190676367749244,22.483561887230515,4510777
2017-11-28,22.263898849487305,22.369154479151657,22.176947256394875,22.222711712163388,2948693
2017-11-29,21.25252723693848,22.5750912686237,21.161001812401167,22.414918284212263,8278164
2017-11-30,21.234224319458008,21.577449916782854,21.05116996925716,21.087781537591592,10922599
2017-12-01,20.61641502380371,21.215916299073488,20.15420536958148,21.156423379668585,8557759
2017-12-04,20.474550247192383,21.14727118200172,20.31895458454036,21.08778000638149,6851895
2017-12-05,20.88184356689453,20.93675916770881,20.035219471141524,20.135899527413947,7678384
2017-12-06,20.57522964477539,20.666756818049528,20.264038303084707,20.28234408688666,4841313
2017-12-07,20.698789596557617,21.014556488901405,20.479125443744262,20.86811372035917,5344090
2017-12-08,20.86354255676269,21.037444035808587,20.81320251711237,20.91388259641302,4556819
2017-12-11,20.964216232299805,21.005403366183906,20.73082189171146,20.9184517803534,3030533
2017-12-12,21.078628540039062,21.243375359512704,20.86353994148963,21.05116986392563,3568234
2017-12-13,21.165576934814453,21.26625699454516,20.83607982713981,20.89099717557594,4272746
2017-12-14,20.87269401550293,21.074052414530307,20.64387693880719,21.060323948564005,4394106
2017-12-15,20.776588439941406,20.895572535536463,20.675908381236383,20.794892476831443,6074695
2017-12-18,21.174728393554688,21.30744269135936,21.051166986536767,21.051166986536767,4434851
2017-12-19,21.174728393554688,21.238796883326483,20.950486933617995,21.078625658897,4098372
2017-12-20,20.918455123901367,21.362360777189828,20.813199486203864,21.26625803134458,4443059
2017-12-21,21.1243896484375,21.270832418437355,20.91845395758285,20.93675974026672,3333459
2017-12-22,21.24795150756836,21.298291538134595,21.023710029337547,21.05574427683687,2799842
2017-12-27,21.238800048828125,21.27541161743181,20.904727341130023,21.05117012407342,2974954
2017-12-28,21.11066055297852,21.26167889126537,21.09235477084209,21.202187717925188,1847246
2017-12-29,20.900150299072266,21.18388472230273,20.900150299072266,21.10151043758881,2212688
2018-01-02,21.13354110717773,21.23422115937855,20.60268566548004,21.0054041285479,3593808
2018-01-03,21.81999588012696,21.911523057044512,21.21591895650104,21.24337588756132,5399190
2018-01-04,22.07626724243164,22.14948862027821,21.8016857662055,21.96643430279412,4878603
2018-01-05,22.295934677124023,22.305087568926947,21.984743338767057,22.176948829421622,4183197
2018-01-08,22.597972869873047,22.652888474338205,22.378308706276822,22.46983413180689,4415816
2018-01-09,22.8176383972168,23.00069100495307,22.634584043744827,22.652889828239164,3952932
2018-01-10,22.48813819885254,22.71695523668496,22.36915410730328,22.671192527412657,3761111
2018-01-11,21.96643447875977,22.634579775178885,21.94812869771764,22.51559568987583,4692422
2018-01-12,22.07626724243164,22.09457127759177,21.71015860746345,22.012197009297463,4016127
2018-01-15,21.88406181335449,22.140337529516625,21.838299103131305,22.10372596474968,2292893
2018-01-16,21.9572868347168,22.323393814360056,21.884065438788145,21.975592620132904,3759434
2018-01-17,21.765079498291016,22.21356072892952,21.682705216568063,21.847453780013968,5242761
2018-01-18,22.97323036193848,23.238657211275964,22.204404994759933,22.4240691359916,9846038
2018-01-19,23.2112045288086,23.275273030165646,22.92747010031918,23.01899727900171,5419524
2018-01-22,22.8725528717041,23.339339878767728,22.79933148309033,23.339339878767728,4102011
2018-01-23,22.808483123779297,23.22035450322428,22.662040354584526,23.20204872064106,3740266
2018-01-24,21.948131561279297,22.64373562001672,21.948131561279297,22.424071456057884,9279496
2018-01-25,21.70100975036621,22.31423955845688,21.554566967455216,22.057965561230475,7139578
2018-01-26,21.902368545532227,21.93897836615126,21.53626161066405,21.746772879996307,4317241
2018-01-29,21.86575698852539,22.497292542527703,21.83830005948327,22.31423820214758,4857416
2018-01-30,21.64609336853028,22.195254657660755,21.56371908787392,21.73762054100796,5648917
2018-01-31,21.42642974853516,22.094575156913645,20.82235283880452,20.98710140431936,11411167
2018-02-01,21.170154571533203,21.563720211683275,21.023711786231186,21.53626328052396,6401285
2018-02-02,20.50200843811035,21.096932451093465,20.46539861591564,21.05116973691616,7749961
2018-02-05,20.73998069763184,20.93218795915812,20.14505661852486,20.236583802788047,7822745
2018-02-06,20.2457332611084,20.51116013013268,19.46775494545871,19.852167657559995,10474046
2018-02-07,20.56607818603516,20.70336982838144,20.09013999416771,20.5386212541545,7885481
2018-02-08,19.45860290527344,20.44709253024401,19.330465910879205,20.39217692489443,8006786
2018-02-09,19.59589195251465,20.117594545337965,19.28470062596468,19.33961622896304,10560851
2018-02-12,20.02606773376465,20.373870632341724,19.8796249593329,19.95284634654877,8061433
2018-02-13,19.70572280883789,20.145051077579897,19.669111246908376,20.05352391849147,4878475
2018-02-14,20.02606773376465,20.135900687456243,19.367075248821795,19.897930742570765,6714182
2018-02-15,20.080984115600582,20.383022541525143,19.87962400116056,20.2914953754829,5850597
2018-02-16,20.15420913696289,20.318957716427647,20.05352906157092,20.22743053386547,4410665
2018-02-19,20.15420913696289,20.36472043484083,20.02607038308152,20.33726175635144,3651254
2018-02-20,20.60268783569336,20.6392976567002,19.96199938358555,20.154206617512127,5319574
2018-02-21,20.483701705932617,20.620993333580422,20.291496220402585,20.620993333580422,3629060
2018-02-22,20.410478591918945,20.4653959366248,19.9894560902532,20.30064739397806,5086428
2018-02-23,20.6048641204834,20.632634114440982,20.354939471449903,20.57709412652581,3871764
2018-02-26,20.63263702392578,20.808508380539323,20.475277233699423,20.7622268162786,4177083
2018-02-27,20.595611572265625,20.845536271251447,20.549330005280968,20.73445803874821,4186084
2018-02-28,20.73445701599121,20.78999524673902,20.44750743067759,20.54932899165568,4038584
2018-03-01,20.179067611694336,20.69743027085765,20.021707834006964,20.65114694475645,7422287
2018-03-02,19.781042098999023,19.98468344239226,19.614425651891644,19.947656780578,6904560
2018-03-05,20.345684051513672,20.39196737760785,19.62368181972809,19.62368181972809,5098904
2018-03-06,20.77148056030273,20.910326999081807,20.56783746893372,20.7159405723685,6064456
2018-03-07,21.01215171813965,21.15099817788809,20.50304567835732,20.595610573365786,6180574
2018-03-08,21.586050033569336,21.65084492784824,20.91958599387833,20.93809932525186,5532237
2018-03-09,21.76192283630371,21.845231060753115,21.521254828508592,21.595306387404904,5028812
2018-03-12,21.771181106567383,22.17846382775288,21.641589544800578,22.05813069775002,4765733
2018-03-13,21.34538459777832,21.78043910990658,21.1602565582913,21.734155775888325,5878658
2018-03-14,21.215791702270508,21.49348460380325,21.141740144159883,21.18802170590587,4023295
2018-03-15,21.50274085998535,21.623075743079976,21.225047963738085,21.428689303284187,4718918
2018-03-16,21.474973678588867,21.63233346495588,21.35463878961668,21.58605013630178,6403326
2018-03-19,21.01215171813965,21.41943443133129,20.96586838787115,21.373152866591315,5039206
2018-03-20,21.289844512939453,21.326871176937384,20.938100032601696,21.132484722005284,3471039
2018-03-21,21.41017723083496,21.447203894125497,21.22504921096772,21.36389566725027,3732115
2018-03-22,20.81776428222656,21.21579207615881,20.5678396071256,21.132483851125155,6275041
2018-03-23,20.53081512451172,20.57709668800733,20.058735761636857,20.521558458706902,6727435
2018-03-26,20.169816970825195,20.75297287860586,20.12353363495134,20.558586398993143,4274826
2018-03-27,20.789995193481445,21.02140654745445,20.660405400225688,20.93810008431041,5578522
2018-03-28,19.9569149017334,20.29940448638368,19.716246878971035,20.19758292449577,10448206
2018-03-29,20.12353134155273,20.28089113453269,19.799555089472985,20.08650644260197,6152373
2018-04-03,19.70698928833008,19.95691217757773,19.521859522082345,19.70698928833008,5713129
2018-04-04,19.114574432373047,19.79955171887548,18.75357334279793,19.79955171887548,9161441
2018-04-05,19.771785736083984,19.79029730174596,19.457066167960665,19.660707514469927,5543561
2018-04-06,19.60517120361328,19.71624767056105,19.40152807166136,19.56814453761162,4342329
2018-04-09,19.679218292236328,19.790294733909523,19.401523656996925,19.68847495663046,3578831
2018-04-10,19.79955291748047,20.01245268382448,19.66996313707586,19.808809582584846,5738105
2018-04-11,19.72549819946289,19.96616615700391,19.48483024192187,19.87360128632997,3855325
2018-04-12,20.18832778930664,20.216097789798827,19.623685236861583,19.68848013914801,4408243
2018-04-13,20.01245307922364,20.29014597572816,19.91988819187933,20.271632645153627,3742159
2018-04-16,19.993940353393555,20.280889923864542,19.95691369112456,20.08650524353761,3244797
2018-04-17,20.50304412841797,20.54007078983372,19.9476565658805,20.08650478066116,5473273
2018-04-18,20.25312042236328,20.632636657786147,20.049479071489955,20.530815099585244,4468750
2018-04-19,19.82732391357422,20.34568482688516,19.7069907922002,20.34568482688516,4992174
2018-04-20,19.531118392944336,19.799554642241706,19.438553499365465,19.71624641457357,6707885
2018-04-23,19.80881118774414,19.80881118774414,19.401526717789903,19.49409161080612,4448880
2018-04-24,19.642194747924805,19.82732453409393,19.42929672970025,19.61442651586938,7444001
2018-04-25,19.651451110839844,20.07724890625335,19.27193664401937,19.836580894155013,9096644
2018-04-26,19.9569149017334,20.06799312975008,19.54037551911005,19.6514519815982,6414547
2018-04-27,19.947654724121094,20.253117590484173,19.86434650915587,20.169811141047177,4606446
2018-04-30,19.697736740112305,19.98468634879068,19.56814517044411,19.938404780320468,4378738
2018-05-02,20.577098846435547,20.6974337489922,19.725504923877853,19.74401825742944,9157163
2018-05-03,20.50304412841797,20.96586680294446,20.32717101774995,20.817763688338257,7359542
2018-05-04,21.0399169921875,21.23430342092397,20.734454117483,20.827018999475207,7582234
2018-05-07,21.771181106567383,21.900770902805625,21.234306823615075,21.280588389263432,6300833
2018-05-08,21.817461013793945,21.8452310103892,21.48422811676459,21.771179451663613,4440782
2018-05-09,22.14143943786621,22.14143943786621,21.71564160888278,21.72489827533117,4129957
2018-05-10,22.13218116760254,22.30805428632025,22.02110470932812,22.20623272829497,3536563
2018-05-11,22.17846298217773,22.483927659713565,22.076643188527616,22.141438084176368,4347963
2018-05-14,22.33582305908203,22.345079725083835,22.039616809138387,22.206233266113816,3433569
2018-05-15,22.30805206298828,22.73384805315072,22.169205621219152,22.30805206298828,6188413
2018-05-16,22.400617599487305,22.55797737555707,22.15994960282011,22.37284760411205,3466671
2018-05-17,22.54872131347656,22.567232878693464,22.27102664888234,22.38210486782571,2975807
2018-05-18,22.21548652648925,22.567230952992908,22.02110186683604,22.49317940185908,5358702
2018-05-21,22.21548652648925,22.21548652648925,22.21548652648925,22.21548652648925,0
2018-05-22,22.280282974243164,22.51169430844266,22.243258078846,22.280282974243164,3885839
2018-05-23,21.891515731811523,22.28028691260879,21.7896959273249,22.22474867693166,5590791
2018-05-24,21.98407745361328,22.32656701603892,21.84523100174877,21.891512563860804,4744415
2018-05-25,22.03961563110352,22.2154887446802,21.910025845061977,22.150693851659423,4480020
2018-05-28,21.99333381652832,22.35433493951459,21.87299893184729,22.16920692808529,2558024
2018-05-29,21.845233917236328,22.076645289737712,21.62307921149844,21.78969568218402,5658524
2018-05-30,22.067386627197266,22.12292485722669,21.734153715963725,21.789693711521647,4443443
2018-05-31,21.74341011047364,22.122924581072912,21.623076985990547,22.09515634916908,5844861
2018-06-01,21.8544864654541,22.002589574702203,21.604561806524803,21.79894647533981,3922932
2018-06-04,21.97482109069824,22.17846243853528,21.71563974892783,22.039615984758733,3088563
2018-06-05,22.567232131958008,22.84492678736349,22.021103017270068,22.04887124694078,7103180
2018-06-06,22.87269592285156,23.01154413881721,22.604259687410003,22.678311245345096,4774545
2018-06-07,22.733850479125977,23.076340053197328,22.59500402254026,22.95600516276881,4020293
2018-06-08,22.891206741333008,23.242952927065712,22.07663969344837,22.45615410690383,10477451
2018-06-11,23.25221061706543,23.3632870639121,23.00228596336798,23.07633751644186,5878858
2018-06-12,22.78013229370117,23.53916118706224,22.62277251589253,23.48362296122636,5605226
2018-06-13,23.113365173339844,23.187416735266336,22.872697155696613,22.983775381350604,4632213
2018-06-14,23.594701766967773,23.733548228174527,22.946751026160072,23.12262238644197,7260453
2018-06-15,23.242956161499023,23.84462530810438,23.196672832973405,23.72429041946624,9547152
2018-06-18,22.993030548095703,23.27072344583185,22.79864410725769,23.205928554061977,3829336
2018-06-19,22.502439498901367,22.62277439130455,22.23400324716779,22.613517725309805,5643258
2018-06-20,22.502439498901367,22.817159080608675,22.298798143602497,22.67831262174452,4844104
2018-06-21,21.92854118347168,22.622775270294927,21.78043805285834,22.59500527123171,5945098
2018-06-22,21.39166641235352,22.021105586063584,21.317614848712832,21.891514025545984,8654800
2018-06-25,20.26237678527832,21.28058705548187,20.22535188818592,21.28058705548187,9586319
2018-06-26,20.410478591918945,20.84553302208933,20.29014547719781,20.6233783572384,6273352
2018-06-27,20.558582305908203,20.78073874281528,20.33642763452952,20.567838971240032,8256619
2018-06-28,19.688474655151367,20.614119894052383,19.484831572655107,20.38270858432713,13444115
2018-06-29,20.20683860778809,20.456763284523184,20.0124539251242,20.07724881934549,10010141
2018-07-02,19.72549819946289,20.04947436405765,19.54962688726328,19.71624153584269,7287916
2018-07-03,19.753273010253903,20.07724925390104,19.54037499162495,19.947657697125088,6369105
2018-07-04,19.38301467895508,19.51260446670064,19.20714156306579,19.43855290719911,5867381
2018-07-05,19.86434936523437,19.98468425549833,19.43855333021663,19.43855333021663,7222852
2018-07-06,19.910633087158203,20.06799287831863,19.61442683686293,20.040222880280258,5016492
2018-07-09,20.20683860778809,20.29940349904499,20.06799215366696,20.160557044923863,5143743
2018-07-10,20.419734954833984,20.512299838534304,20.243863617884514,20.35494006590225,4828559
2018-07-11,19.97542762756348,20.243865640562728,19.94765763002023,20.21609564301948,4493725
2018-07-12,20.132787704467773,20.18832593482177,19.81806812324761,19.984684579838103,4550958
2018-07-13,20.29014778137207,20.623380699254994,20.24386621634546,20.24386621634546,4689724
2018-07-16,20.50304412841797,20.604865681782883,20.262376125800785,20.37345434451964,3361820
2018-07-17,20.69743156433105,20.74371312779624,20.16981397250272,20.41973688695455,5013246
2018-07-18,21.336122512817383,21.437944056272016,21.01214808460395,21.160251184795296,6375238
2018-07-19,21.40092086791992,21.493483988763185,21.076944648383428,21.391664202729924,4841142
2018-07-20,21.17876434326172,21.40092077580878,20.84553322549784,21.345380784907835,5940619
2018-07-23,21.05843162536621,21.113969851788458,20.83627695414883,21.067688290691315,2919312
2018-07-24,21.336122512817383,21.57679049201037,21.12322452698335,21.35463584172336,4522691
2018-07-25,20.595611572265625,21.33612723719182,20.438251772777733,21.27133233720185,7796306
2018-07-26,20.99363899230957,21.12322878974675,20.74371429822765,20.7622276308697,5870475
2018-07-27,21.18802070617676,21.354637145446183,21.01214936741754,21.03991759694356,3977654
2018-07-30,21.002893447875977,21.150996562365943,20.89181522924431,21.086201670467634,3944325
2018-07-31,20.97512626647949,21.4842305701642,20.92884469906402,21.030664500483784,6428730
2018-08-01,20.32716941833496,21.604560888214213,20.19757964463322,21.595304223588624,9369036
2018-08-02,20.5493278503418,20.586352746941124,20.15130006011058,20.21609495330572,5388648
2018-08-03,20.5493278503418,20.94735387504459,20.484531191618228,20.61412274353694,4910607
2018-08-06,20.62337875366211,20.74371187069629,20.391967419303136,20.62337875366211,3018990
2018-08-07,20.660404205322266,20.98438043525288,20.632635974389743,20.799250656570123,3598329
2018-08-08,20.901073455810547,21.02140658324886,20.595610538667184,20.614123870743395,3838505
2018-08-09,20.87330436706543,21.0399208319531,20.71594456861914,20.8362794668285,2969492
2018-08-10,20.29014778137207,20.71594382930822,20.04022309295988,20.66966226428161,6907751
2018-08-13,20.36419677734375,20.41047833653548,20.030963901472703,20.17906700952021,3326914
2018-08-14,20.29014778137207,20.623380699254994,20.25312111692796,20.530815803673235,3585252
2018-08-15,19.5773983001709,20.4937869614396,19.43855185431716,20.327170520203765,6059252
2018-08-16,19.892120361328125,19.94765859356884,19.66996566683669,19.790298797613005,3965203
2018-08-17,19.642194747924805,19.80881120237132,19.327475170754383,19.80881120237132,5114880
2018-08-20,19.716249465942383,19.95691752028283,19.45706984244403,19.716249465942383,3425878
2018-08-21,20.021711349487305,20.067994683715096,19.67922350384502,19.71624840569858,3974510
2018-08-22,19.70698928833008,20.160555273555904,19.373756415295475,19.95691217757773,7102050
2018-08-23,19.910633087158203,20.08650621034421,19.61442683686293,19.688478399436747,3645986
2018-08-24,20.03096580505371,20.049479136701084,19.808811121870665,19.99394090728744,3278495
2018-08-27,20.50304412841797,20.5585823550132,20.123529676548515,20.20683789920556,3643993
2018-08-28,20.456762313842773,20.78999343481585,20.456762313842773,20.54932720070744,3553813
2018-08-29,20.50304412841797,20.56783902036713,20.30865945257047,20.50304412841797,2799027
2018-08-30,20.475276947021484,20.55858340841869,20.262377164028905,20.466020281193245,3315452
2018-08-31,20.29014778137207,20.475277572535592,20.234609550234428,20.364199344731773,3524677
2018-09-03,20.280893325805664,20.31791999428556,20.09576351446365,20.21609842149458,1924085
2018-09-04,19.86434936523437,20.3734553927238,19.744016240498897,20.34568539523324,4453069
2018-09-05,19.3089656829834,19.818070001455908,19.207144113077423,19.69773686336322,6898803
2018-09-06,18.94796371459961,19.24417177273224,18.75357899715161,19.207145103392367,8294339
2018-09-07,18.5962142944336,18.744317401798128,18.2907514148032,18.420341192365093,9202539
2018-09-10,18.67026710510254,18.89242178110604,18.244469318616183,18.45273987909709,5704711
2018-09-11,18.318523406982425,18.762832777524093,18.16116361755785,18.753576111613413,6841914
2018-09-12,17.314197540283203,18.55918999673604,16.911542276238066,18.37406197173448,15308929
2018-09-13,17.91586685180664,18.031572530413808,17.369735907538537,17.40213335630626,10697085
2018-09-14,18.295379638671875,18.411085306542105,18.07785418363514,18.147276525040247,7434532
2018-09-17,18.11025047302246,18.3833159023816,17.952890704145535,18.313891799880963,4209853
2018-09-18,18.364803314208984,18.39720075920935,17.897351438297985,18.1148786537533,5618265
2018-09-19,18.42034149169922,18.549933036895304,18.26298171687624,18.397200711834024,3944565
2018-09-20,18.86465072631836,18.92944738135531,18.323149064972,18.461995508994523,6637078
2018-09-21,18.605472564697266,19.04052525942782,18.4342286630679,18.9294488020844,12710586
2018-09-24,18.56844520568848,18.633240097630782,18.34629053380269,18.512906979099128,3922361
2018-09-25,18.79985809326172,19.003501216763453,18.56844673693959,18.60547340140483,6794962
2018-09-26,18.540678024291992,18.90167916584278,18.34629157193723,18.89242249996603,4588879
2018-09-27,18.387943267822266,18.461994819570872,18.133391169031945,18.43885404068598,5270285
2018-09-28,18.11488151550293,18.39257621505496,17.994548381567082,18.3601769994079,6057902
2018-10-01,18.503650665283203,18.64249711715861,18.12876365624403,18.13802032177285,4700125
2018-10-02,19.0960636138916,19.234911834778195,18.188931555654808,18.34166389241868,9128935
2018-10-04,18.651752471923828,19.244166665436865,18.508278580130945,19.216396670801966,9185765
2018-10-05,18.27223777770996,18.66100886938585,17.939004908979697,18.66100886938585,6834495
2018-10-08,17.772390365600586,18.17041635930357,17.72147959190427,18.14264813039887,6001952
2018-10-09,17.73536491394043,17.87421136450267,17.33733712760784,17.767762360220672,5756900
2018-10-10,16.957822799682617,17.730737597321237,16.666244015439318,17.698340150797364,11705204
2018-10-11,16.73103904724121,17.217002463377092,16.180278978829392,16.282100524020468,15530852
2018-10-12,16.79120635986328,17.295683154521555,16.712527351274435,17.226260811448174,11013212
2018-10-15,16.77269744873047,16.84211980279031,16.46260528423801,16.749554898515154,5275765
2018-10-16,17.53172492980957,17.55949316275746,16.758810078069974,16.874515756762303,7290371
2018-10-17,17.601144790649414,18.36480286832459,17.47618246345557,18.235213091469475,7987164
2018-10-18,16.83749008178711,17.633543913948902,16.818976750322577,17.6242890137451,7583250
2018-10-19,16.286731719970703,17.179979756814948,16.249706818538787,16.83286269893854,11373611
2018-10-22,16.52739906311035,16.726412975826737,16.305244367281766,16.430206714721955,5500381
2018-10-23,15.96275520324707,16.152512433722773,15.504559967668534,16.133999102571867,10327519
2018-10-24,15.212982177734377,15.91647291778658,15.06025159955771,15.81928057117156,16402915
2018-10-25,15.22686767578125,15.467533928322132,14.676107527794736,14.787185753645415,12993296
2018-10-26,14.939916610717772,15.009340723879406,14.583543792607498,14.902891711752495,11915766
2018-10-29,15.83779239654541,16.300615068420814,15.041736835950632,15.041736835950632,13969743
2018-10-30,15.800765991210938,16.00903655003317,15.46753309709537,16.00903655003317,7721823
2018-10-31,16.393178939819336,16.68938694640516,16.138626811756193,16.152512693106573,9400014
2018-11-01,16.967079162597656,17.050387385181427,16.397807485294148,16.46260237718633,9081213
2018-11-02,17.184606552124023,17.749249019501327,17.161465771297877,17.57800512275375,10830535
2018-11-05,16.518138885498047,17.1475779393101,16.44871655091855,17.1475779393101,7471365
2018-11-06,16.48574447631836,16.66161760089805,16.212679006126944,16.61070682018852,6858867
2018-11-07,16.50888442993164,16.721784208167158,16.286729751603158,16.610705986238695,6904479
2018-11-08,16.351526260375977,16.83748972508995,16.212678042861906,16.62458994881497,8735513
2018-11-09,16.83749008178711,16.85600164772318,16.064575265663287,16.198794270488452,10708937
2018-11-12,15.518445014953612,17.596519774901385,15.296290324390467,17.587263108770188,21364872
2018-11-13,16.161767959594727,16.221935405400792,15.481419785974236,15.546214681982995,12692959
2018-11-14,16.416322708129883,16.638477405449343,15.786883516293782,16.00441076317118,9156726
2018-11-15,16.31913185119629,16.522775021870288,16.064579653382737,16.444094224420166,6759870
2018-11-16,15.83316421508789,16.425578474334287,15.680433641469962,16.29135946699867,9362265
2018-11-19,15.80539321899414,16.439459715642222,15.703571677368831,15.925726323664623,6105668
2018-11-20,15.648036003112791,15.81465069079671,15.092648414247648,15.51381699741076,9791342
2018-11-21,16.383922576904297,16.430204135864425,15.712829378812623,15.800765047048188,8281867
2018-11-22,16.29598617553711,16.457975173216624,16.036806604095354,16.360781068397547,3826542
2018-11-23,16.397808074951172,16.55053864482794,16.212678292434866,16.249704955149507,4650280
2018-11-26,16.800460815429688,16.994847234627894,16.55516539088566,16.661614382018506,6590744
2018-11-27,16.800460815429688,17.082782897165067,16.60607616175967,16.883769028582037,5733497
2018-11-28,16.569049835205078,17.031872466163477,16.462600841948035,16.897653479458768,6906133
2018-11-29,16.976335525512695,17.14295196771199,16.81897574849429,16.84674574403696,7454285
2018-11-30,17.11981201171875,17.189234355625068,16.684757554914015,17.008733789728822,7150430
2018-12-03,17.772390365600586,18.74431721888712,17.772390365600586,18.74431721888712,12649523
2018-12-04,17.406763076782227,17.74462345624656,17.36510896065492,17.66131522399195,6353893
2018-12-05,16.990219116210938,17.36973354927401,16.948565006946538,17.087411449318438,5853095
2018-12-06,16.490373611450195,16.64310418730306,16.282103039352183,16.63847673704689,8857890
2018-12-07,16.448719024658203,16.86988760701533,16.448719024658203,16.75880938324348,5582110
2018-12-10,16.32375717163086,16.61533597288708,16.15714071377016,16.217308160337307,6764419
2018-12-11,16.58293914794922,17.11055677399283,16.578309931985416,16.656990713612732,7575828
2018-12-12,16.703271865844727,16.78658009584124,16.393179728518017,16.661617750846467,6891231
2018-12-13,16.51351547241211,16.916170761083084,16.45797723806785,16.76806762581264,4607283
2018-12-14,16.32375717163086,16.43020618292441,15.782253683583589,16.309873055318644,7577587
2018-12-17,16.286731719970703,16.402437405929504,15.884076427182094,16.286731719970703,5987894
2018-12-18,16.309873580932617,16.550539843900044,16.05531967014837,16.11548711865452,6661544
2018-12-19,16.189537048339844,16.370037610094272,15.972009824928916,16.198793713753968,5367162
2018-12-20,15.634151458740234,16.12474419454167,15.61563989110006,15.79151125961778,8319590
2018-12-21,15.763741493225098,15.907215397516682,15.555470929140672,15.569355044903482,12297359
2018-12-27,15.546215057373049,16.12474345074726,15.300919583551511,15.88870464308314,7263895
2018-12-28,16.07383155822754,16.235820556488786,15.60175221001248,15.671176318628502,4437947
2019-01-02,16.096969604492188,16.184907029202975,15.685057769356778,16.055315499505006,4348505
2019-01-03,15.342572212219238,15.685059999223071,15.134301657674545,15.638778438447972,11953809
2019-01-04,15.865559577941896,15.90258623669747,15.421250266044568,15.46290437438046,7959452
2019-01-07,16.439462661743164,16.536655005878785,15.999780739735836,16.073832301771812,7651312
2019-01-08,16.397808074951172,16.777322540133998,16.17102417964512,16.476487084927108,8172135
2019-01-09,16.832860946655273,16.971707402246334,16.60607881447985,16.638476261933484,5680669
2019-01-10,16.596820831298828,16.689385716188177,16.434831841360385,16.63384572593757,5638578
2019-01-11,16.758811950683594,16.809722737481508,16.536657234634394,16.70790116388568,3814901
2019-01-14,16.652360916137695,16.735669145291045,16.532027788209817,16.596822685211638,4333657
2019-01-15,16.865257263183594,16.967078814369195,16.744924147214718,16.80046237262125,4826359
2019-01-16,16.967079162597656,16.97633582794345,16.754181156229528,16.92079760139707,4252320
2019-01-17,16.58756446838379,16.77269424153445,16.439461356074606,16.68012935495912,5595213
2019-01-18,17.096668243408203,17.124438238303753,16.606077358951676,16.726410472442435,6653993
2019-01-21,17.138322830200195,17.272541827640186,17.01798971335879,17.11055460005976,2851323
2019-01-22,16.823604583740234,17.142953379429965,16.65236067761278,17.0087343715467,4815078
2019-01-23,16.763439178466797,16.911542304930734,16.448719593348798,16.582938603434407,4603521
2019-01-24,17.841814041137695,17.906608934144565,16.712527332448968,16.754181444457444,12840384
2019-01-25,18.244468688964844,18.36017435573564,17.920494234429317,17.99454579054149,8216621
2019-01-28,18.087114334106445,18.49439709230792,17.730740596533618,18.212074925819785,6301812
2019-01-29,17.98065948486328,18.170416703259924,17.809415596439074,18.0454561397668,3709659
2019-01-30,18.04545783996582,18.33240741946095,17.999174510674035,18.073226072012407,4889224
2019-01-31,17.97140884399414,18.364807488724168,17.503956861826357,18.253729248096267,6003840
2019-02-01,18.096364974975582,18.10562163987284,17.855698749760258,17.985288527265173,3700839
2019-02-04,17.957517623901367,18.16116071027971,17.78627374578812,18.100993274256272,4810514
2019-02-05,17.841814041137695,18.48513728674649,17.596518584603572,17.656686027622133,9843790
2019-02-06,18.32777976989746,18.531422905125886,17.781648796286266,17.892727030549832,8073604
2019-02-07,17.966777801513672,18.35554895590388,17.892726237131182,18.20281837678374,8689251
2019-02-08,17.55023765563965,17.855702362468094,17.457674518995628,17.6844566755136,6683791
2019-02-11,17.74462127685547,17.95751928178979,17.6520563895493,17.721480496411022,4698235
2019-02-12,18.170419692993164,18.30463870908502,17.883470093319474,17.95289420937488,4718460
2019-02-13,18.39720344543457,18.480511677750524,18.13339463161025,18.364805995703765,5479519
2019-02-14,18.383319854736328,18.58696122537708,18.28149828665164,18.512909657368745,4988751
2019-02-15,18.49902534484864,18.623987695580407,18.221330643601817,18.29075476029568,4529221
2019-02-18,18.37869071960449,18.58696130727328,18.23984424966818,18.48513973873995,2265201
2019-02-19,18.300010681152344,18.53142203999688,18.170419119639988,18.290754014935136,3924311
2019-02-20,18.2305850982666,18.44348310752139,18.114879428167903,18.281495875594576,4257980
2019-02-21,18.193559646606445,18.360174323419297,17.962148313472177,18.18893043124788,5159574
2019-02-22,18.451658248901367,18.61590169453317,18.27802920778785,18.30149230143249,3916638
2019-02-25,18.93031120300293,19.0523203532326,18.578359459112285,18.601822550681167,5619478
2019-02-26,18.597131729125977,18.86461492681724,18.51735506501285,18.77076076496855,4379675
2019-02-27,18.2827205657959,18.50796948028867,18.10439962731365,18.50796948028867,5580214
2019-02-28,18.11847686767578,18.184174243038004,17.81345129335778,18.09032008246945,4241010
2019-03-01,18.451658248901367,18.644058480978323,18.26864361230613,18.287414803269563,3543527
2019-03-04,18.625288009643555,18.80830444342933,18.45635265480336,18.60651860807422,4183936
2019-03-05,18.676904678344727,18.742602047832506,18.44227019296321,18.601821714627405,3425721
2019-03-06,18.33903694152832,18.66283196998107,18.25926026517011,18.62528958343144,4732136
2019-03-07,17.973003387451172,18.254565877900937,17.82753113466544,18.254565877900937,7471195
2019-03-08,17.808761596679688,17.818147192910967,17.560047771849387,17.691444328967858,4475004
2019-03-11,18.06685447692871,18.118474347567545,17.66797658764151,17.902611061367857,4119137
2019-03-12,17.921382904052734,18.25456526269552,17.747753871037794,18.231100380026053,5387344
2019-03-13,17.827533721923828,17.93077170563069,17.606976674247264,17.912000512185976,4662215
2019-03-14,17.869762420654297,17.958922876439026,17.686746027013577,17.80875695610739,4024360
2019-03-15,18.57835960388184,18.653442571558816,17.949539078292446,17.97300217004416,10397042
2019-03-18,18.09970664978028,18.639366759448382,18.02462367531612,18.597132474429845,6523597
2019-03-19,18.409423828125,18.489200494069863,18.14194062429209,18.18417490858777,4125058
2019-03-20,18.04808807373047,18.48450845376072,18.04808807373047,18.33434249397821,5178249
2019-03-21,18.27333641052246,18.36719057981992,17.935463907218768,18.20763902905006,5090020
2019-03-22,18.04808807373047,18.756685374691177,17.968313190773266,18.4610453581921,6441055
2019-03-25,17.630435943603516,17.893227224421583,17.59758725726615,17.8322217540297,5138520
2019-03-26,17.60228157043457,17.747755622795626,17.508429190970038,17.700829433063358,3965166
2019-03-27,16.68720817565918,17.621052589028107,16.086542570302733,17.602281397272105,16646499
2019-03-28,16.349332809448242,16.508884348643907,16.044307228888535,16.415030186154823,9968142
2019-03-29,16.598045349121094,16.616816540242922,16.34933333217449,16.35402523489529,7552358
2019-04-01,17.36858558654785,17.51687369576957,16.889930967712463,16.893684847802735,10690521
2019-04-02,17.68956184387207,17.715840790364307,17.26722086519587,17.409877236102734,5607393
2019-04-03,18.466672897338867,18.52298467199135,17.914811419339784,17.926074848341706,8983920
2019-04-04,18.58680725097656,18.622470004906443,18.22828576560518,18.29022925894097,5221649
2019-04-05,18.89276885986328,19.09455466994892,18.564281997044016,18.5886831110881,8215292
2019-04-08,18.89746284484864,18.944389028801048,18.646873012675783,18.73321762077683,3941598
2019-04-09,18.8223819732666,19.249416739234285,18.676907922617627,18.770762091096987,5173254
2019-04-10,18.753870010375977,18.996012313627176,18.49483255935605,18.83176885020476,5682100
2019-04-11,18.878692626953125,18.93031250602929,18.616841141596453,18.70506358924906,3249446
2019-04-12,19.446508407592773,19.451202100467903,18.746360516694143,18.789532824501,6616272
2019-04-15,19.34326934814453,19.51220647976279,19.2212584019228,19.484049694453336,2833768
2019-04-16,19.737457275390625,19.774997869266432,19.22126023617295,19.24941702416935,3992456
2019-04-17,20.075328826904297,20.216110970077885,19.74684193315076,19.756225738584305,6597552
2019-04-18,20.155105590820312,20.28650034895263,19.826616905370194,19.95331976076321,4564678
2019-04-23,19.8735408782959,20.225492618455466,19.751531729359662,20.19264393258344,4485003
2019-04-24,20.075328826904297,20.10348561356288,19.41365955644182,19.47935693519253,6118826
2019-04-25,19.90169906616211,20.220802142964704,19.723376337332603,20.028401916373664,3570297
2019-04-26,19.737457275390625,20.04717478287348,19.460588458843883,19.70460858445452,4970812
2019-04-29,19.662372589111328,19.746841155641903,19.484049860866865,19.695221277193305,2937069
2019-04-30,19.73276138305664,19.84538673237043,19.493434977178744,19.53097556687054,4307647
2019-05-02,19.72337532043457,19.86884935357398,19.58728867214452,19.73745460758945,3594783
2019-05-03,19.704608917236328,19.79376939555163,19.465280690523493,19.63421784111621,3135013
2019-05-06,19.127405166625977,19.25410802147109,18.67878515574876,19.10394207279229,7055896
2019-05-07,18.5473861694336,19.385502020326363,18.425377023468712,19.24941358781697,7387358
2019-05-08,18.237668991088867,18.5135997399564,17.986141145852184,18.30149031739806,7969051
2019-05-09,17.398616790771484,17.907304192890514,17.28599144799647,17.907304192890514,8913620
2019-05-10,17.284116744995117,17.766525236270393,17.225927129220548,17.60697369918888,6855731
2019-05-13,16.478851318359375,17.220295433795496,16.428169462588365,17.17336924817875,9518525
2019-05-14,16.692834854125977,16.831739139934655,16.505128343435334,16.642154794385924,9463677
2019-05-15,17.081390380859375,17.124562680018737,16.384994719559344,16.893682086077593,10550661
2019-05-16,17.09640884399414,17.28411717111277,16.700346744138443,17.08139332350099,6745891
2019-05-17,16.869281768798828,17.058866117187,16.6872051797174,17.034463214261503,6721659
2019-05-20,16.06026268005371,16.68532936609672,15.846277192936832,16.68532936609672,13610428
2019-05-21,16.214181900024414,16.401890219378448,15.947638521103803,16.22544533004764,7752379
2019-05-22,16.257354736328125,16.454446845283925,16.060260837253264,16.154114989664194,5404130
2019-05-23,15.59662628173828,16.088420407052062,15.529051065481887,15.955147809762805,9182769
2019-05-24,15.375129699707031,15.928867270564345,15.315064040208934,15.754298426821856,7935616
2019-05-27,15.401409149169922,15.55157509290619,15.337587817528345,15.429565934915193,3129352
2019-05-28,15.43895149230957,15.666076452335227,15.40516299147424,15.468984322959336,9219337
2019-05-29,15.17616081237793,15.378884665141769,14.952788828291974,15.217457075022164,7552978
2019-05-30,15.22496509552002,15.429566786947705,15.044766311109637,15.251244047619048,3017873
2019-05-31,15.09544563293457,15.09544563293457,14.813884934347158,14.926509392794047,6746825
2019-06-03,13.880977630615234,14.626176529417602,13.55624373243047,14.45348551505467,21601581
2019-06-04,13.959814071655272,14.02175756639554,13.544980798423596,13.706409272744908,14565015
2019-06-05,14.038653373718262,14.260148427367945,13.79651018784472,14.124998887936616,10853424
2019-06-06,13.97858428955078,14.168168640554304,13.847188654215351,14.033019125513716,6713502
2019-06-07,14.008618354797363,14.196326677589528,13.916642028479282,14.068684910683702,7219579
2019-06-11,14.48727321624756,14.573618723997162,14.19069520680586,14.265778179191637,10097526
2019-06-12,14.370894432067873,14.588634687212789,14.277040271965328,14.404681142052334,5147221
2019-06-13,14.254515647888184,14.378402641865964,14.085579407501887,14.262024303152751,4878235
2019-06-14,13.50556182861328,13.96544522312018,13.299083222791168,13.96544522312018,13673261
2019-06-17,13.481161117553713,13.65572907657799,13.392938667997544,13.546858495933911,4695997
2019-06-18,13.205229759216309,13.272804969781184,12.59518039942473,12.792273420982868,31167236
2019-06-19,13.50556182861328,13.646342167320434,13.293451508009529,13.355395000250205,14627668
2019-06-20,13.997355461120604,14.066807610379636,13.61067808038936,13.689515824559534,13944308
2019-06-21,13.95793914794922,14.040530784553448,13.80026542587714,14.040530784553448,23069272
2019-06-24,13.952306747436523,14.00674158888473,13.820911098860666,13.937290332043188,14595968
2019-06-25,14.145645141601562,14.226359829634156,13.91664234310842,13.972954125171478,8989106
2019-06-26,14.07807159423828,14.35400148958482,14.053669581993502,14.275164632360005,7016523
2019-06-27,14.31082820892334,14.440346022006793,14.198203751223929,14.26390112778368,6830745
2019-06-28,14.594265937805176,14.763202167530116,14.346491965486326,14.346491965486326,10712653
2019-07-01,15.204316139221191,15.765561455707203,15.024115585073032,15.579730976831277,14265103
2019-07-02,15.125479698181152,15.36199206478638,15.108586341306369,15.339466992246864,5033181
2019-07-03,14.99032974243164,15.11797061558276,14.79135977749505,15.11797061558276,5271633
2019-07-04,15.161144256591797,15.21370216251012,15.07292180164041,15.10671030553034,3483341
2019-07-05,15.20244026184082,15.20244026184082,15.01660975903562,15.157390117502702,5867298
2019-07-08,15.082305908203123,15.200561184840597,14.954665036418662,15.072920313056132,5629032
2019-07-09,14.723784446716309,15.13110996854301,14.673103485873222,14.947156420454212,6027672
2019-07-10,14.93213939666748,15.176159490826093,14.723783846659709,14.791359055069597,5333584
2019-07-11,14.947154998779297,15.07291891891398,14.84203920704626,15.020361023047462,4399616
2019-07-12,14.960297584533691,14.997839074398453,14.716278347942591,14.8270258773026,4186224
2019-07-15,15.330078125,15.333832004602336,14.960294132384384,15.07291857599012,7367675
2019-07-16,15.313186645507812,15.420180282802177,15.213700768336798,15.345097311210925,4716843
2019-07-17,15.361990928649902,15.54594358564528,15.148003650410182,15.386392044526742,6408873
2019-07-18,15.367621421813965,15.452089983342988,15.206192058410322,15.238102722120244,4758254
2019-07-19,15.654817581176758,15.850033700109146,15.50652765655253,15.579734596211958,6834913
2019-07-22,16.020845413208008,16.097806226411713,15.622905451039289,15.641676643057666,5481711
2019-07-23,16.612123489379883,16.790444422354692,16.257355878222,16.32680713242948,11930070
2019-07-24,16.98941421508789,17.047603828906745,16.66655727174515,16.86177334773646,8101508
2019-07-25,16.64027976989746,17.111426646232484,16.47322046383608,17.072008218626515,9720283
2019-07-26,16.74539566040039,16.865528778992946,16.619632616492694,16.78106020795317,5159713
2019-07-29,16.392507553100586,16.664684485779414,16.332441882642655,16.64966717310517,5595635
2019-07-30,15.96828556060791,16.426292923365825,15.752422249075403,16.413153448578964,8816718
2019-07-31,15.973915100097656,16.3568376517879,15.947636154102804,16.01896523326567,6600698
2019-08-01,16.349332809448242,16.446940852017807,16.058386516839413,16.313668263504773,7260793
2019-08-02,15.324448585510254,15.78245597426112,15.176160474517006,15.59850331680532,13040349
2019-08-05,14.817638397216797,15.149880943056848,14.656209921815709,15.050395067750753,12519359
2019-08-06,14.840163230895996,15.114216157207386,14.746309072131462,14.83828629093024,5454488
2019-08-07,15.082305908203123,15.23622573035147,14.80637603432274,14.99596040198196,6910828
2019-08-08,15.575980186462402,15.59850526019876,15.159269007519011,15.346975568496,6410599
2019-08-09,15.228718757629396,15.645429895080396,15.161143543148857,15.54782184864828,4834625
2019-08-12,15.072919845581056,15.47461542888938,14.943402037796012,15.32632553633294,3420197
2019-08-13,15.322572708129885,15.510279247774296,14.740679213017463,15.06353528466073,7260814
2019-08-14,14.476011276245115,15.418303244982392,14.442223668764033,15.34509810469621,9147894
2019-08-15,13.963568687438965,14.639315406866713,13.77022955043103,14.547339083326571,11383393
2019-08-16,14.2470064163208,14.322089380973756,14.072438478749708,14.171923451667848,6341602
2019-08-19,14.787605285644531,14.836409307794826,14.49102727259571,14.526691819171669,6744912
2019-08-20,14.67873477935791,14.95841852597225,14.63743851981301,14.78197363810097,4680225
2019-08-21,14.772587776184082,14.88709006278757,14.699381748379064,14.72941547251064,4868189
2019-08-22,14.637438774108888,14.81388456010515,14.49290454836953,14.678735034371226,4810830
2019-08-23,14.233868598937988,14.781974483710442,14.136260554516651,14.746309937090366,8008857
2019-08-26,14.37277126312256,14.4572398275627,13.984216045709829,14.078070205101008,4487687
2019-08-27,14.284549713134766,14.447855137245748,14.20008114340573,14.434715661515424,6109228
2019-08-28,14.055545806884766,14.284549501311163,13.905379860730898,14.284549501311163,7112297
2019-08-29,14.46662425994873,14.5717409523255,14.040528460730073,14.081823824667598,6856443
2019-08-30,14.780096054077148,14.918999451347243,14.472255536171264,14.472255536171264,5801897
2019-09-02,14.6355619430542,14.868319511054128,14.567987627214022,14.823269370454266,2524211
2019-09-03,14.772587776184082,14.798866725386976,14.52293686369703,14.618667960835836,4642028
2019-09-04,15.054149627685549,15.123600877701042,14.862687441294655,15.044764033339815,5052818
2019-09-05,15.930746078491213,15.95890107492322,15.27001483306532,15.27001483306532,9980942
2019-09-06,15.887572288513184,16.084666217947547,15.881942363189426,16.009583242477156,5795381
2019-09-09,16.293020248413086,16.315545317937456,15.868801387589274,15.868801387589274,4441393
2019-09-10,16.37748908996582,16.576459049046978,16.171009580836124,16.191658605820614,6481022
2019-09-11,16.884300231933594,17.0832702092139,16.514517064862225,16.55205765806185,9377018
2019-09-12,16.92934799194336,17.222172096167423,16.674066265751716,17.025078191735446,7559299
2019-09-13,17.400495529174805,17.499979612849007,16.89743802548529,16.93122652513172,8224276
2019-09-16,17.3760929107666,17.43240469094637,17.124565049836477,17.184630710012332,5158792
2019-09-17,17.073884963989258,17.319782925467717,16.8279887926302,17.304765613807874,5818748
2019-09-18,17.094533920288086,17.347937851364904,16.96876908225251,17.034466464017587,4167025
2019-09-19,16.978151321411133,17.203400210121913,16.9218395467632,17.094530540453366,4699153
2019-09-20,16.354965209960938,17.00067915396232,16.323054542760783,16.914332748015973,13957194
2019-09-23,16.037736892700195,16.315545489719334,15.819997535204058,16.285510869957832,6687475
2019-09-24,15.913851737976074,16.17101133977923,15.70737399650671,16.095928361961334,4953114
2019-09-25,15.72051239013672,15.795595362783349,15.485877876851095,15.73177403048004,4480262
2019-09-26,15.881939888000488,15.996441273488925,15.656689206575134,15.72051053133216,5862542
2019-09-27,15.585363388061523,15.720512019592189,15.316940379834328,15.392023350711192,7098474
2019-09-30,15.497138023376465,15.521540926946964,15.217455185557794,15.48024466943025,4808980
2019-10-01,15.354484558105469,15.840646985714228,15.271892027387146,15.64355304526128,5941355
2019-10-02,14.888967514038086,15.361990406053822,14.864565503931734,15.33383362088984,7565813
2019-10-04,15.086060523986816,15.193054165737529,14.990330313009505,15.037256500913823,6006899
2019-10-07,15.198685646057127,15.307555331173386,14.89459897660852,15.059781339422535,6520193
2019-10-08,14.671226501464844,15.303800935138067,14.338983951896736,15.298169220028308,10804686
2019-10-09,14.934015274047852,15.042885838700062,14.567986053912747,14.641192076951674,7162609
2019-10-10,15.17428207397461,15.241857284246649,14.748186262487753,14.915246453110615,7915571
2019-10-11,15.84064483642578,15.898834451044047,15.15738856106957,15.178037586007171,10464846
2019-10-14,15.621027946472168,15.850032555681503,15.373253934966526,15.808736290390751,6591978
2019-10-15,15.947638511657717,16.127837280849793,15.666076032793445,15.78620914229456,7207928
2019-10-16,15.647306442260742,15.86504579857614,15.482123194944998,15.692354791420328,10718353
2019-10-17,15.4520902633667,15.960777686613335,15.4520902633667,15.624781269381463,8549652
2019-10-18,15.29066276550293,15.482124984509026,15.129235169567137,15.39202469553689,5979497
2019-10-21,15.917604446411133,16.039615395206745,15.254997171199856,15.29816947748971,7901021
2019-10-22,15.660445213317873,16.304281238711134,15.570344938809114,16.065892868369072,7422473
2019-10-23,15.532803535461426,15.532803535461426,14.995960209780725,15.19493106509637,11496399
2019-10-24,16.182273864746094,16.223568336655674,15.70549528169052,15.70549528169052,9673340
2019-10-25,16.50137710571289,16.50137710571289,16.137223874703004,16.231078040133912,6856388
2019-10-28,16.99129295349121,17.02132578444377,16.44881700075635,16.495744977356537,8149083
2019-10-29,16.901193618774414,17.255961265251692,16.807341240546883,17.021326739444124,6962747
2019-10-30,16.752906799316406,17.028835820095033,16.54455120968058,16.799832992067742,5537967
2019-10-31,16.30991554260254,16.901193765104352,16.157871752761785,16.901193765104352,7974316
2019-11-01,16.70222282409668,16.78669139246492,16.178519848356736,16.315546318799562,5773953
2019-11-04,17.229679107666016,17.34793437111945,16.95187232474027,16.987536866274976,6811013
2019-11-05,17.530014038085938,17.66328663353751,17.224050419106604,17.35356913428226,7734204
2019-11-06,17.400495529174805,17.73273627984384,17.3272886050402,17.48496230299291,5928475
2019-11-07,18.123165130615234,18.12879684454937,17.505608136110318,17.522501487793868,10818362
2019-11-08,17.678302764892578,18.0030357635785,17.417389306876615,17.952355698056994,9298245
2019-11-11,17.374216079711914,17.569432171743216,17.25220691725201,17.484963601532776,7915022
2019-11-12,18.447904586791992,18.740728724853355,18.15320261356437,18.58305322506376,15914734
2019-11-13,18.41411590576172,18.661889874531976,18.08938113543256,18.53424722021592,7184623
2019-11-14,18.217023849487305,18.44978232264594,18.20388437375217,18.29773853905423,4737437
2019-11-15,18.415992736816406,18.51735465653889,18.13818592757258,18.395345501910462,5802004
2019-11-18,18.25832176208496,18.45541391592561,18.01617767149856,18.393470411844337,6025036
2019-11-19,18.09125709533692,18.395344630213845,18.04996262748184,18.07811762099773,5991090
2019-11-20,17.96737289428711,18.07624437577567,17.691443890428932,17.87915044004329,5661378
2019-11-21,17.715843200683594,17.860379216174625,17.51124331519131,17.73461439076594,6148936
2019-11-22,18.006793975830078,18.11003195652,17.6332551137222,17.70646025984995,6613416
2019-11-25,18.479814529418945,18.506093480000587,18.06497945503289,18.16821921238605,6483245
2019-11-26,18.5417594909668,18.629981944907776,18.436641890214645,18.53612777536307,7723824
2019-11-27,18.442272186279297,18.76325309919414,18.41787107074035,18.639366106164395,5342639
2019-11-28,18.25456428527832,18.39534462316116,18.20388243277856,18.39534462316116,3101632
2019-11-29,18.19637489318848,18.42913155422437,17.96174039717396,18.1607103495476,3717491
2019-12-02,17.89792251586914,18.376577194719506,17.81720781839064,18.235796828026924,6296908
2019-12-03,17.813451766967773,18.30149198280452,17.700828203386536,18.07999694562625,5560410
2019-12-04,18.07061195373535,18.24893469049948,17.879149741110677,17.9260777192693,4741257
2019-12-05,18.07811546325684,18.271455465593103,17.991770867939184,18.19824855292745,3610636
2019-12-06,18.80830383300781,18.80830383300781,18.215147799802896,18.2733356279584,6388901
2019-12-09,18.637489318847656,18.92092786672119,18.637489318847656,18.808304297700342,4184339
2019-12-10,18.65625762939453,18.84584198039452,18.29961220562507,18.67127314821488,6742045
2019-12-11,18.97254753112793,19.01478181655691,18.48544531983908,18.590562917205887,5505936
2019-12-12,19.42773628234864,19.60136530187692,19.080476453172984,19.0898620474879,8621355
2019-12-13,19.75153350830078,19.98616802287308,19.59198196678685,19.709299224073,8426231
2019-12-16,19.728071212768555,19.96270573683064,19.4981285915352,19.882929067787465,5205608
2019-12-17,19.446508407592773,19.732762808918764,19.40427412231321,19.69991411927014,5866263
2019-12-18,19.183717727661133,19.432429731388705,19.08516987456901,19.380809853606934,4569234
2019-12-19,19.33388328552246,19.33388328552246,19.12271187610604,19.2634922190106,4999598
2019-12-20,19.17432975769043,19.50281838369979,19.12740178819252,19.268183906567245,8179466
2019-12-23,19.09455680847168,19.230645261234883,19.01008823710965,19.14617668987285,3183568
2019-12-27,19.089862823486328,19.25879994778395,19.0194717583226,19.099248418182768,2614855
2019-12-30,19.06170654296875,19.09455523021451,18.91623429662872,19.005394763421616,1728403
2020-01-02,19.413658142089844,19.606058361608174,18.944389139350584,18.96316032908876,4204646
2020-01-03,19.13678741455078,19.28695333696079,18.97254399632702,19.28695333696079,3771505
2020-01-06,18.812997817993164,18.85053841418792,18.230165338336647,18.77076352844937,6488522
2020-01-07,19.74683952331543,19.74683952331543,19.14617401207069,19.14617401207069,8715737
2020-01-08,20.000242233276367,20.24895599512063,19.432427230977268,19.563821964700963,7033333
2020-01-09,20.30057716369629,20.63375953078558,20.30057716369629,20.399125019096388,5126687
2020-01-10,20.103485107421875,20.43197378302444,20.103485107421875,20.40851068979267,3456501
2020-01-13,20.32404136657715,20.352196361360985,20.12694745249428,20.18325923218116,4068899
2020-01-14,20.02840232849121,20.394431598776745,19.995553639625548,20.31934862563819,4982420
2020-01-15,19.86885070800781,20.103485221900147,19.774996544427022,19.939241778223224,3707636
2020-01-16,19.8735408782959,20.18795203036705,19.826614695655604,20.13164025317488,3218569
2020-01-17,19.831308364868164,20.08002216735599,19.826616462233726,19.967396812817448,3938486
2020-01-20,19.8406925201416,20.01901523933457,19.807843833726995,19.84538621255463,2036821
2020-01-21,19.760921478271484,19.77030707479651,19.460589549948605,19.676452899665737,3524158
2020-01-22,20.03778839111328,20.070637080744863,19.74214839430969,19.901699939714245,4852943
2020-01-23,20.20203018188477,20.62437299981206,19.943932588759942,19.986166870552672,7475423
2020-01-24,20.65253257751465,20.74169485337481,20.408514217580453,20.59152888259089,6524558
2020-01-27,19.934547424316406,20.30057668101032,19.87354195149435,20.01901598972565,7938095
2020-01-28,19.643600463867188,20.08002077346532,19.2681856249976,20.02370720504551,6610137
2020-01-29,19.57320976257324,20.051864362332303,19.57320976257324,19.709298203607712,4238886
2020-01-30,19.1086368560791,19.455894960920634,18.95377720572479,19.1086368560791,6197748
2020-01-31,18.37281990051269,19.24002880314654,18.310876407467426,19.066399776156388,8555139
2020-02-03,18.312753677368164,18.564283336357928,18.19074451810715,18.4235011962854,7225330
2020-02-04,18.89276885986328,18.935003140814207,18.461042245804165,18.50796842903002,7541086
2020-02-05,20.891855239868164,21.14526091912678,18.77075923185433,19.0992478764356,17561638
2020-02-06,20.83554458618164,21.4643651259391,20.746382329349377,21.10771967884844,7850060
2020-02-07,20.614988327026367,20.873085931695417,20.40381690861741,20.647837015432287,5538832
2020-02-10,20.380353927612305,20.624374035769684,20.15510501010994,20.568062253923912,4056595
2020-02-11,20.793312072753903,20.86370135558247,20.38974040677382,20.69007230979546,6439334
2020-02-12,21.403358459472656,21.42212964829708,20.76515236039513,20.76984426254169,6010776
2020-02-13,21.45028686523437,21.54883293160052,20.952862840651367,21.21096044832812,7318630
2020-02-14,21.182804107666016,21.64738124335007,21.07487244364472,21.525370290895165,4577853
2020-02-17,20.85431289672852,21.3423530671946,20.746381245780668,21.2062646329094,4086947
2020-02-18,20.399126052856445,20.647838075012725,20.248960100975,20.35219807406889,7013235
2020-02-19,20.821462631225582,20.934087965909487,20.446047832477525,20.65252552425921,4986070
2020-02-20,20.389741897583008,20.92470836271964,20.389741897583008,20.78392799664992,5758983
2020-02-21,20.052364349365234,20.617821354261046,19.79101873576286,20.266193237820584,7604416
2020-02-24,19.14002990722656,19.23506517783577,18.65345200442498,18.919550399601373,12670307
2020-02-25,19.3301010131836,19.805275567465102,19.078259079461457,19.59144665550901,11691491
2020-02-26,19.520172119140625,19.72924827646085,18.66105532579362,19.16379119322041,11342516
2020-02-27,18.54320907592773,19.19705074711663,18.08133939858045,19.19705074711663,15554480
2020-02-28,17.86086082458496,17.921682381349196,17.199416878377267,17.581457606453117,21683019
2020-03-02,17.691699981689453,18.526106826472105,16.786967861596892,18.4557815511622,18152307
2020-03-03,17.995813369750977,18.56222032261994,17.866564369455375,18.016720443258908,14163063
2020-03-04,17.969202041625977,18.3607446895684,17.813343393992664,18.16117224464344,8329895
2020-03-05,16.94472312927246,18.138362003772524,16.902907177411972,18.066135274489373,11243783
2020-03-06,16.020984649658203,16.781265003502128,15.97346792057603,16.30799011617326,18360557
2020-03-09,15.026920318603516,15.393754768836384,14.525136106861634,14.844452920550316,19859946
2020-03-10,15.197982788085938,16.038091244304802,15.131458639638018,15.887936996757649,17035790
2020-03-11,15.213186264038086,15.606632142747848,15.167570099266458,15.32912859569403,13464756
2020-03-12,13.031185150146484,14.262837888595133,13.0045754946385,14.127888144527429,18979719
2020-03-13,13.384716033935549,14.50612823326873,13.130022815178709,14.25523613529229,17387081
2020-03-16,11.978198051452637,12.656746951076803,10.729439428884383,12.40395433039212,20857238
2020-03-17,12.03141975402832,12.725175085213824,11.288247131259196,12.725175085213824,11141209
2020-03-18,10.1478271484375,11.522031003731126,10.02808278899226,11.522031003731126,15177421
2020-03-19,10.662917137145996,10.828277677240695,9.628937035379076,10.151629220730811,15750367
2020-03-20,10.904304504394531,11.689292988620398,10.767454196383571,11.202714216395144,19027002
2020-03-23,10.898603439331056,10.98413409363686,9.883629886608446,10.2124513002565,15724996
2020-03-24,12.421062469482422,12.68145828286718,11.881264331966705,12.327928663546611,20113081
2020-03-25,13.295382499694824,13.831379467308482,12.552209961643984,13.26117060221567,17500420
2020-03-26,13.660316467285156,13.702132418829928,12.668152399414174,12.82401012491809,13003337
2020-03-27,12.727075576782228,13.323895069406744,12.652948280322867,13.27447687176717,12073608
2020-03-30,12.863924980163574,13.067299437595665,12.116950387588709,12.82020846707622,8836903
2020-03-31,12.763188362121582,13.441737362128276,12.52179906636786,13.24976716808164,11872928
2020-04-01,12.234793663024902,12.516097447293898,12.096042784449647,12.316524104381468,8990940
2020-04-02,12.487586975097656,12.57882021658898,11.96679537117422,12.240496001971684,10890120
2020-04-03,12.68716049194336,12.89813719591615,12.384948732552346,12.487587150283908,8565823
2020-04-06,13.441737174987791,13.67932444033412,13.158532835669105,13.567183222088302,8628430
2020-04-07,14.144994735717772,14.696197098272307,13.901705798353918,14.236227973938789,13660562
2020-04-08,15.01551628112793,15.061132451602006,13.979635595049649,14.055663452163325,10293749
2020-04-09,15.426066398620604,15.918346882104307,14.91857961949787,15.711170393838303,14537407
2020-04-14,16.003877639770508,16.475251029152716,15.169470953796957,15.66555253312432,10310556
2020-04-15,14.542242050170898,16.055196926461598,14.470015315164709,15.823312237850386,12693153
2020-04-16,14.760820388793944,15.34243351718226,14.623970080998442,15.158066484083912,8630884
2020-04-17,15.728275299072266,15.813806854487146,15.137159371129606,15.49829210159052,13798722
2020-04-20,15.690263748168944,15.994375168006618,14.979402488607214,15.870830583440204,10592169
2020-04-21,14.41679573059082,15.384250768186408,14.329363607285927,15.27971178850921,12185549
2020-04-22,15.23409652709961,15.350038869269238,14.635375586816746,14.73041085810814,10048536
2020-04-23,14.987004280090332,15.426065419952776,14.967996864909164,15.395654643251037,7628060
2020-04-24,14.56885051727295,14.853955406752492,14.443404474660769,14.587857932855869,7339772
2020-04-27,15.044026374816896,15.279712186098882,14.928084029639274,15.15046591767765,6897638
2020-04-28,15.673157691955566,15.982971697296612,15.10484843770763,15.120053827331915,10025211
2020-04-29,16.543676376342773,16.598795342523477,15.614234440502868,15.690262288388858,11606819
2020-04-30,16.108417510986328,17.035958046639486,16.108417510986328,16.79076672422482,12009847
2020-05-04,15.030721664428713,15.462180614359358,14.8862681921845,15.317727142115146,12470229
2020-05-05,15.963964462280272,16.03239007585388,15.274011176859132,15.973468170774971,9927882
2020-05-06,16.758455276489258,16.98273770211987,15.891736350926733,16.013381271413305,11008861
2020-05-07,17.296354293823242,17.46171483371694,16.870597941787956,16.942822863543423,10586726
2020-05-08,17.400890350341797,17.65748502522569,17.284948014411658,17.600464590578248,6972141
2020-05-11,16.92571449279785,17.556747595198352,16.64441164979634,17.526335007322412,9140376
2020-05-12,16.916213989257812,17.16900757138899,16.579790306246924,16.678626703944378,5688394
2020-05-13,16.54937744140625,16.78696469680335,16.269976047157982,16.669122708730985,8985175
2020-05-14,16.024784088134766,16.281378748593237,15.676957099898738,16.182542367349093,7636866
2020-05-15,16.08940887451172,16.650114930028373,15.857524211342858,16.48475440689592,6236900
2020-05-18,17.220327377319336,17.26784410971013,16.36691315996822,16.526571120942553,8283939
2020-05-19,17.670791625976562,17.684096455816903,16.82688113291015,17.43890693086003,11071742
2020-05-20,18.41206359863281,18.547013356513016,17.368578902140726,17.573855739044642,10457074
2020-05-21,17.942588806152344,18.448175908897685,17.7335126730687,18.22579313481314,5988789
2020-05-22,18.197284698486328,18.33033298841893,17.39328874612898,17.48642254908181,7850796
2020-05-25,18.50900077819824,18.630645721782702,18.022422816507625,18.43677403629974,3744557
2020-05-26,19.15428733825684,19.43464040368173,18.592629567673765,18.69336743086834,7729425
2020-05-27,18.29612159729004,19.121024643087303,18.047129147615266,19.0069819537998,18370428
2020-05-28,18.389259338378903,18.870136577764217,18.1326645920526,18.74088756469501,10286119
2020-05-29,17.919780731201172,18.49378977374566,17.82284400680695,17.984403401483874,16591942
2020-06-02,18.681962966918945,19.11152042867781,18.48429018581805,18.702870037465267,12043156
2020-06-03,19.7957706451416,19.914564276428493,19.083008857420257,19.282583100558654,11886419
2020-06-04,19.624706268310547,19.88605187786258,19.372864366170003,19.453643160197405,8008569
2020-06-05,20.57505798339844,20.698604383467902,19.4821568633497,19.52017169803172,12511320
2020-06-08,20.22343063354492,20.56555509611201,19.91456643368237,20.218677872696304,6964343
2020-06-09,19.833786010742188,20.475270911888213,19.681728490969498,20.31846244430092,9193551
2020-06-10,19.852792739868164,20.32321635664582,19.42513671908104,19.95733172418478,8913796
2020-06-11,18.69526672363281,19.206552784190954,18.64394706459372,18.9404562192383,9797933
2020-06-12,18.560317993164062,19.111520381362457,18.288517013499742,18.39305599126656,9273377
2020-06-15,18.33983612060547,18.507098117443576,17.74301667606538,17.914079793546883,11140784
2020-06-16,18.803606033325195,19.225561252454515,18.560317990994623,18.95946467292936,7907416
2020-06-17,19.13052558898925,19.477404587550883,18.826414182852947,18.85492530692084,6522010
2020-06-18,19.30634117126465,19.87655095531676,19.035491841053112,19.102015983540586,9166551
2020-06-19,19.45364570617676,19.6437162539882,19.25882421036121,19.43939104951738,8617804
2020-06-22,19.31109046936035,19.548677708033875,19.01173004109061,19.149531074556485,4052410
2020-06-23,19.748254776000977,20.080875507943347,19.28258393863462,19.55818423262216,6341361
2020-06-24,19.4061279296875,20.16165550691715,19.358611201619013,19.88130246096031,6375745
2020-06-25,19.56768798828125,19.7435020631104,19.18754871325321,19.38712115290029,4719461
2020-06-26,19.52967071533203,19.966832186501065,19.41562985339007,19.74349959728173,4452972
2020-06-29,19.51541519165039,19.86704509438004,19.22080752999911,19.41562898873336,4980943
2020-06-30,19.838537216186523,19.947827143811946,19.54392950638552,19.85279187246248,4209074
2020-07-01,19.51066780090332,19.714993003727816,19.31584630665753,19.60095031343042,4575089
2020-07-02,19.810028076171875,19.87180128063644,19.40613039827043,19.83378825587555,4938624
2020-07-03,19.791019439697266,20.10463454970427,19.686480465479285,19.88130194574656,2811246
2020-07-06,20.45151329040528,20.45151329040528,19.843288627162288,20.24243532602762,4366789
2020-07-07,20.19491577148437,20.370729824777364,20.099880511206848,20.23768154797692,3717026
2020-07-08,20.09513092041016,20.31846171259449,19.90506038702436,19.97633729020577,3234085
2020-07-09,20.579809188842773,20.898175248333867,20.3517256359282,20.41349701864778,6357494
2020-07-10,21.43037223815918,21.85327912524538,20.63683158165388,20.646335290507768,9912221
2020-07-13,22.0528507232666,22.0528507232666,21.667958686430627,21.886540356351272,7597034
2020-07-14,20.91718482971192,21.439876132672453,20.73661798521856,21.31157878100458,7121821
2020-07-15,21.321083068847656,21.43037300561057,21.06449017119208,21.26406262632944,5177630
2020-07-16,20.746118545532227,21.26880976916432,20.641579575747063,21.126257782050736,5543593
2020-07-17,21.287818908691406,21.373350470417893,20.93143800571338,20.950445422240826,5777095
2020-07-20,21.729734420776367,21.74874183996941,21.135766165848143,21.268814474904943,4129479
2020-07-21,21.786754608154297,22.428241403481746,21.74398882179913,21.97207422412483,6181495
2020-07-22,21.815261840820312,22.057600045124463,21.72497933581424,21.862778567108368,4196423
2020-07-23,21.558670043945312,22.280935618268337,21.463634766046752,21.967320470056105,4648282
2020-07-24,20.708106994628903,20.84590623143028,20.266194534430383,20.64158103746119,6885290
2020-07-27,21.1452693939209,21.306828828088204,20.632079963278667,20.64158367265877,3783777
2020-07-28,20.6986026763916,21.344838498865062,20.5275395597248,21.306825479965187,3691078
2020-07-29,20.49427795410156,20.736616166454485,20.32321483354798,20.57980951437836,3397677
2020-07-30,19.92881965637207,20.58456103244725,19.63421194761535,20.475271105209224,6618756
2020-07-31,20.08087730407715,20.622577857365066,19.87180113777727,19.92407063251404,5098129
2020-08-03,20.58455848693848,20.70335210785232,20.137895124855287,20.32796383072935,6691103
2020-08-04,21.102500915527344,21.762993225669693,21.01221840690651,21.382853962204347,7511327
2020-08-05,20.741369247436523,21.62994512332827,20.45626343789124,21.131012222432776,6817667
2020-08-06,20.446760177612305,21.088246903658355,20.280449811219096,20.812644796324413,5895037
2020-08-07,20.94569396972656,20.94569396972656,20.285199856165683,20.527539879433657,4546756
2020-08-10,20.442007064819336,20.94569268385616,20.38023387270943,20.879166731697183,3054912
2020-08-11,21.306827545166016,21.349593328477862,20.746121414031613,20.77463254045521,4872376
2020-08-12,21.33058357238769,21.3828530587771,20.912429493919365,21.16427321810042,3404786
2020-08-13,21.12626075744629,21.33533872646289,20.96945409333096,21.33533872646289,3549573
2020-08-14,20.665342330932617,21.15001878510268,20.61307283951404,21.05023256292926,3680081
2020-08-17,21.382856369018555,21.482642597038648,20.64158336233959,20.64158336233959,4121458
2020-08-18,21.36859893798828,21.85802811797416,21.12625891551105,21.38285359367037,3602853
2020-08-19,21.36859893798828,21.63944827182968,21.306825742287643,21.38285359367037,2197247
2020-08-20,20.99796295166016,21.173778842273155,20.83640353030991,21.0977509859111,3558144
2020-08-21,21.06448745727539,21.368598861720884,20.793636311753733,21.183281087927345,4127957
2020-08-24,21.663206100463867,21.976821206252623,21.325832631576112,21.325832631576112,5361710
2020-08-25,21.78200340270996,22.190653842471203,21.78200340270996,21.867534974411026,3883889
2020-08-26,22.66582679748535,22.684834214856046,21.67746284597432,21.805760194255875,6054597
2020-08-27,22.19065284729004,22.922422122293906,22.10987222757414,22.71334415078015,5935041
2020-08-28,22.17639541625977,22.23341766746292,21.83902192021954,22.081361956215297,2999833
2020-08-31,22.010082244873047,22.299938973968857,21.962565520903528,22.23816578269102,2975727
2020-09-01,22.33320426940918,22.523274818037454,21.900795493294588,22.33320426940918,3743074
2020-09-02,22.85114479064941,23.060220945665247,22.38072117605491,22.442494376741426,4771524
2020-09-03,21.74873924255371,23.07447666425823,21.69171880443169,23.07447666425823,5882669
2020-09-04,21.64895248413086,22.314195746064367,21.382854091769254,21.76299335753797,6266913
2020-09-07,22.34270668029785,22.34270668029785,21.75824222428892,21.810511712757897,3140275
2020-09-08,21.919801712036133,22.50426617003397,21.37810303450872,22.475755045504688,5235947
2020-09-09,22.770362854003903,22.965186153553844,21.73923498281317,21.762993347040936,6799082
2020-09-10,22.684833526611328,23.0079505488745,22.466251858774164,22.91291709019847,3937362
2020-09-11,22.703838348388672,22.94617837254386,22.447245481099674,22.53277522843136,4187410
2020-09-14,23.445112228393555,23.44986317630025,22.78937084579918,22.85114404446855,5034157
2020-09-15,23.18851661682129,23.63518183348481,23.083979453202847,23.506884493335523,4590902
2020-09-16,23.23128318786621,23.373835188670142,23.074476530776,23.288303625658376,4051084
2020-09-17,22.889158248901367,23.06022138473828,22.52802637197122,22.76561365782312,4640382
2020-09-18,22.72760009765625,23.25029138912144,22.71809638892907,23.088731966053583,8381069
2020-09-21,21.83426856994629,22.72759713472232,21.66320546045228,22.60405075002248,5960051
2020-09-22,22.219161987304688,22.4424946141629,22.067106270657813,22.14788688974048,5059013
2020-09-23,22.285690307617188,22.656325929582746,22.285690307617188,22.46625535733782,3309765
2020-09-24,22.285690307617188,22.37122188386267,21.867536136266743,21.93406029275827,3181462
2020-09-25,21.82951736450196,22.2239130964392,21.34959188437343,22.195401971944108,4429793
2020-09-28,22.718095779418945,22.77511621760511,22.06235439601341,22.067105343925988,4536942
2020-09-29,22.98419189453125,23.03646138373253,22.52802477310613,22.741853677726347,4030617
2020-09-30,22.91766929626465,23.02220828172397,22.523275345695,22.846394198344587,4081030
2020-10-01,24.65680694580078,24.780353343063013,23.37383530678793,23.5686567984888,10132720
2020-10-02,24.157873153686523,24.480991978777016,24.005817449249463,24.18638427801109,4412861
2020-10-05,24.43347549438477,24.528510770817167,24.03908154426392,24.24340675416709,3826286
2020-10-06,24.47148895263672,24.74709105751369,24.22439797287886,24.55702051534702,3495286
2020-10-07,24.994178771972656,25.055951966483644,24.26716234383606,24.661558061483312,4960284
2020-10-08,25.50261878967285,25.64041985264418,24.82787175743613,25.26978426100132,5452488
2020-10-09,26.14410400390625,26.68580270182316,25.678433161615448,25.683184109559,6888595
2020-10-12,26.690553665161133,26.690553665161133,25.88750932635674,26.22963558319509,4198792
2020-10-13,26.19637489318848,26.77133569534948,25.958787605090823,26.70481154470568,4425571
2020-10-14,26.429208755493164,26.92339073733817,26.068076884235417,26.19162147337311,4412627
2020-10-15,26.00630187988281,26.16311034527845,25.621409856986496,26.08232973238304,4448820
2020-10-16,26.239137649536133,26.614524143798707,26.03481246033965,26.12034401919617,4237103
2020-10-19,26.25814437866211,26.44821492041456,25.916019941213527,26.372187066242983,2896423
2020-10-20,25.9160213470459,26.26764951192112,25.9160213470459,26.049069645901696,2989124
2020-10-21,25.616661071777344,26.13460142711144,25.55964063075029,26.08708469503009,4042457
2020-10-22,25.26502799987793,25.66417466352085,25.032193503463592,25.46460223802285,4222255
2020-10-23,25.4693546295166,25.654674222817047,24.818366016987465,25.055953287086115,3324392
2020-10-26,25.103471755981445,25.66892880462545,25.00843648568785,25.274533067333497,3634684
2020-10-27,24.36695098876953,25.43609375456199,24.36220004070851,25.279287091488925,6715963
2020-10-28,22.513771057128903,23.99631516999113,22.21441057816011,23.65894166897309,11162781
2020-10-29,22.72284507751465,22.96518509434281,22.504265236465383,22.504265236465383,7072386
2020-10-30,22.713342666625977,22.94617898896653,22.21916070961744,22.33320339686826,4876804
2020-11-02,23.24078941345215,23.483127659801465,22.76561481754215,22.84164268038186,4367259
2020-11-03,24.26716423034668,24.471489432758176,23.43085781622878,23.511636620013896,5327339
2020-11-04,24.271915435791016,24.31943216289692,23.388090535504386,23.8062428094478,6690710
2020-11-05,25.070209503173828,25.393328355624988,24.846878687984887,24.98943069638461,5746714
2020-11-06,25.09871864318848,25.16999554806988,24.46198469760065,25.032194498710894,4563203
2020-11-09,25.992048263549805,26.08708353613779,25.027442693855264,25.94452972093228,9546834
2020-11-10,24.8801383972168,26.053820052985127,24.709075278343217,26.053820052985127,7369012
2020-11-11,25.47885704040528,25.65467291643124,24.319431873916965,24.728082247700897,4520537
2020-11-12,24.837373733520508,25.592901334062443,24.81836631664784,25.336306644222457,4126893
2020-11-13,25.046449661254883,25.398079619723667,24.718579879991832,24.79460773416792,4038025
2020-11-16,25.49311256408692,25.7402017081244,25.01793806568937,25.16999376016484,4057454
2020-11-17,25.3410587310791,25.83523886810172,25.322051314711736,25.49311443672406,3360120
2020-11-18,25.464603424072266,25.51687291298872,25.07020768962776,25.336306081999243,4216579
2020-11-19,25.71644592285156,25.768715412936864,25.117726792435946,25.407583555529307,3274828
2020-11-20,26.049070358276367,26.049070358276367,25.55964112040324,25.69744218378503,4426152
2020-11-23,26.229637145996094,26.723819143618467,26.10609074026692,26.10609074026692,3753903
2020-11-24,26.605026245117188,26.92814330054543,26.50048725466712,26.60977719347981,5220824
2020-11-25,26.966154098510746,27.05168565740324,26.586014843792405,26.609773207341,3722509
2020-11-26,27.184734344482425,27.36055022515933,26.93289242438709,27.08494812851789,2644619
2020-11-27,28.135082244873047,28.2823869952265,27.1134581380379,27.132463740787617,5362974
2020-11-30,28.05430603027344,28.458203675064755,27.807215045318056,27.892746609827498,9567749
2020-12-01,27.97827911376953,28.130334830748133,27.417572977668268,27.987782822661583,5061165
2020-12-02,27.62189674377441,28.33940950748121,27.270266783732296,27.935511870234883,5186835
2020-12-03,27.303529739379883,27.7454422244927,27.18473609956777,27.674167128193687,5184384
2020-12-04,28.10181999206543,28.10181999206543,27.317783144830315,27.38905823313521,3417243
2020-12-07,28.58650016784668,28.58650016784668,27.95926992194645,28.030546827790708,4713101
2020-12-08,28.420190811157227,28.809833801575248,28.401183393905843,28.605508597740545,3200440
2020-12-09,28.2396240234375,28.824088510117456,27.246509128351946,28.59600494063116,9929657
2020-12-10,27.602888107299805,27.94501434382904,27.14672100035879,27.91650321990262,6170025
2020-12-11,27.446081161499023,27.621897049791425,27.19423923049512,27.384309775215044,4087328
2020-12-14,27.987781524658203,28.130333526133544,27.132465890512066,27.63615156254845,5758440
2020-12-15,28.71479797363281,28.71479797363281,27.298778043387912,27.797710954399,6712698
2020-12-16,28.97614288330078,29.38004232503289,28.733804668379115,28.79557605273058,5535152
2020-12-17,29.408552169799805,29.62238107663234,29.04266755425237,29.08068238775461,4821369
2020-12-18,29.346778869628903,29.47982897377704,28.843095016004977,29.365786286313927,9579829
2020-12-21,28.1778507232666,29.052171976174925,27.96402181118224,28.890612555116416,5587461
2020-12-22,29.304014205932617,29.3230216233425,28.34416319114595,28.405934578757417,3551075
2020-12-23,29.726917266845703,29.950248048451684,29.365783633047627,29.441811480271404,3577072
2020-12-28,30.2258529663086,30.439680060513066,29.935996205092906,30.2020946016911,3447283
2020-12-29,29.874223709106445,30.40642051481112,29.82195421813125,30.33989455461273,2568225
2020-12-30,29.83145523071289,30.197339821825377,29.83145523071289,29.93599420321557,1508846
2021-01-04,30.46819305419922,30.98137880629046,30.263866042702148,30.41117080383616,8182916
2021-01-05,30.159330368041992,30.791313412652286,29.88848100967961,30.50620577202305,4652938
2021-01-06,29.974008560180664,30.301878315144844,29.85046217414996,30.301878315144844,6657086
2021-01-07,30.382658004760746,30.520460862555872,29.57961372251758,30.01202246105573,5419078
2021-01-08,32.52569961547852,32.98187041746843,31.361523306491684,31.532586450914287,9340799
2021-01-11,31.88421058654785,32.74427896045132,31.57534641361209,32.59221962890658,5830707
2021-01-12,32.901084899902344,32.901084899902344,32.04577288318146,32.17882117742955,5233677
2021-01-13,33.16718292236328,33.3715081108287,32.596971323595334,32.977112389440634,3988328
2021-01-14,32.625484466552734,33.76590042072175,32.525694626533735,33.57108075158054,5775174
2021-01-15,31.99825096130371,32.539953258255856,31.722652490408336,32.27385305749303,5596778
2021-01-18,32.89158248901367,33.3857644494076,32.269104996973326,32.32612362201882,3771043
2021-01-19,32.37839126586914,33.338245819410616,32.37363850562163,33.186186493841085,5142215
2021-01-20,33.15292739868164,33.44753693047757,32.459172977317856,32.95335495389772,4370143
2021-01-21,33.737388610839844,34.13653344017926,33.07214360331385,33.50455412705852,4906797
2021-01-22,32.92008972167969,33.58533476576873,32.67300056974059,33.490301313167656,5898392
2021-01-25,32.21208190917969,33.219453220557625,32.08378275557475,33.195693043877014,4744158
2021-01-26,31.741662979125977,32.46867949697384,31.741662979125977,32.03151975915993,6321688
2021-01-27,30.7532958984375,31.39478078338841,29.555855875568444,31.39002802304677,11103941
2021-01-28,31.93172264099121,32.117040392567915,29.48932799026413,29.993011763750207,10318360
2021-01-29,31.48031234741211,31.893715490136767,30.967122989263,31.28073991656321,6808458
2021-02-01,31.941234588623047,32.18357462995317,31.19996343313584,31.19996343313584,7049115
2021-02-02,32.316619873046875,32.9248426739467,32.02201036779496,32.558956266181305,5470254
2021-02-03,32.15030670166016,32.95810185861609,32.02676032314322,32.76803134365777,5315577
2021-02-04,31.941234588623047,32.82505956260896,31.27598947778607,31.504074862325165,6060185
2021-02-05,32.416404724121094,32.87732456567134,32.25484351019403,32.43541213901214,4120434
2021-02-08,33.66136169433594,33.66136169433594,32.68250333050252,32.92959611427988,5547973
2021-02-09,32.96760559082031,33.78490631299751,32.96760559082031,33.666112687687885,4594156
2021-02-10,32.28810501098633,33.228952092399346,31.96023707945073,33.21469743780567,5661296
2021-02-11,33.442779541015625,33.442779541015625,32.18357003371688,32.33087296657967,3927834
2021-02-12,33.79441833496094,33.88945180337481,33.1956973331291,33.45229204819989,3339972
2021-02-15,34.12704086303711,34.2410817560851,33.85143871498438,34.02250186720369,2967928
2021-02-16,34.6164665222168,34.75426758184662,34.11753540144771,34.29810043201735,3771802
2021-02-17,33.48080062866211,34.61646759016051,33.48080062866211,34.56419809609202,4354058
2021-02-18,33.4617919921875,34.45015595730919,33.4617919921875,33.70413203538337,5358922
2021-02-19,34.782772064208984,34.94908603999062,33.77065168098802,33.85143047618303,4808068
2021-02-22,34.33135986328125,34.749512145437535,34.070012421124844,34.659231449751296,4201958
2021-02-23,33.25271224975586,34.74000709139181,32.42115689614631,34.74000709139181,6954078
2021-02-24,33.5948371887207,33.96547636039323,33.19569233117261,33.19569233117261,4810827
2021-02-25,33.5948371887207,34.74951141990469,33.485549079041824,34.68774003727289,6268493
2021-02-26,34.42681884765625,34.58460930956062,32.75329293145074,33.14059347612783,8697028
2021-03-01,34.17340087890625,35.34486759829011,33.704812002354444,35.24923900209444,5712079
2021-03-02,33.55180358886719,34.57026599924646,33.460957518155126,34.17818292355031,5372575
2021-03-03,32.99715042114258,33.94388589183351,32.53334408586601,33.75740758251569,6286860
2021-03-04,30.869382858276367,32.36599566387819,30.687687053684577,32.346869213711045,10076668
2021-03-05,30.376888275146484,31.438382535303216,30.228662848042603,30.55380520117172,7694307
2021-03-08,31.36665916442871,31.605734316060023,30.238225980887787,30.69724801026157,7586140
2021-03-09,32.605072021484375,32.78198530805981,30.91241942323776,31.30928507084872,8391131
2021-03-10,31.342754364013672,32.73416987289807,31.25668716206225,32.73416987289807,6903716
2021-03-11,32.47596740722656,32.5572520824738,31.577046159086816,31.60573400964531,5085683
2021-03-12,32.22254943847656,32.42337169527256,31.816122400294933,32.24167588883771,3788074
2021-03-15,32.633758544921875,32.86805117457436,32.18429608771325,32.40902731631756,4716572
2021-03-16,33.02105712890625,33.54702535465831,32.719823766154995,32.805890962369226,4448633
2021-03-17,32.743736267089844,33.28404482775973,32.480752125880265,33.02106068655015,5068179
2021-03-18,32.45206451416016,33.17406889266057,32.09823064008974,32.97802915248416,5929025
2021-03-19,32.17951965332031,32.6098520450962,31.385788330182773,31.84481222327531,44810280
2021-03-22,33.700035095214844,33.75262827259747,32.40424455866959,32.56203503480943,6963376
2021-03-23,32.82979965209961,33.967795993998706,32.71982348366536,33.72872085635626,5176592
2021-03-24,32.9493408203125,33.80044781961515,32.60985087753684,32.614633402251314,4163401
2021-03-25,32.691139221191406,33.25057422913343,31.9834751310102,32.82023820456361,4606931
2021-03-26,33.590057373046875,33.77175316726623,32.92064624740096,32.92064624740096,4845873
2021-03-29,33.35576629638672,33.78610230046228,33.15016151932824,33.66178219972994,2966292
2021-03-30,33.98214340209961,34.16862173673692,33.274479317016336,33.48008410238535,4760986
2021-03-31,34.575050354003906,34.70893186721243,33.74785229825226,33.86260735985991,4546826
2021-04-01,35.0005989074707,35.40702956236661,34.83324703968851,34.99103750702477,4704718
2021-04-06,34.82846450805664,35.6747925432277,34.76630628517851,35.660448618563294,4521201
2021-04-07,34.579830169677734,34.7519645726018,34.25468781393197,34.65155344556232,3293743
2021-04-08,34.33119583129883,34.80934617074311,34.015614856226755,34.72327896372324,4384169
2021-04-09,34.04430389404297,34.2786001950829,33.78610591199513,34.25947374307978,3851957
2021-04-12,33.642662048339844,34.2690378977658,33.39402180032481,33.92476903005144,3392379
2021-04-13,33.7095947265625,34.22121538003867,33.60918360556218,33.60918360556218,3566285
2021-04-14,33.92475891113281,34.249901228325776,33.75740705257693,33.939106483006384,3638231
2021-04-15,33.91041946411133,34.345538001797905,33.75262898464274,33.87694908798139,3110046
2021-04-16,33.93911361694336,34.12559196253115,33.532682899023506,34.04908615511171,4412492
2021-04-19,33.14537811279297,34.11602262237924,33.1071252138937,33.963014674779394,3637016
2021-04-20,31.78265380859375,33.403583175734816,31.47185535677076,33.06887939561628,7427808
2021-04-21,31.86394119262696,32.44728524285898,31.538798786661456,32.1269253621571,6181818
2021-04-22,32.38990020751953,32.72938648178467,31.96434673358173,32.13169860850155,4247790
2021-04-23,33.05453109741211,33.31751523888915,32.16039231238523,32.33252672353428,3585618
2021-04-26,33.307952880859375,33.379672510113934,32.74373536007315,33.04018622231847,3486998
2021-04-27,33.57571792602539,33.85304600260664,32.98759139451672,33.31751630107019,5088055
2021-04-28,32.62897491455078,33.50877334905655,32.62419603818733,33.0019315587445,3801513
2021-04-29,32.20820236206055,33.159720374465486,32.00259760078742,32.82023412175814,5593121
2021-04-30,32.09823226928711,32.65288843647047,32.05520048803896,32.2703666902752,4061085
2021-05-03,32.246456146240234,32.810673624234255,32.09344820210612,32.1938593234444,3754503
2021-05-04,30.34341812133789,31.964347374334864,30.15693979297522,31.782651570493563,10665576
2021-05-05,30.840696334838867,31.26146731263973,30.57771401771364,31.19452655817136,6777604
2021-05-06,29.994367599487305,31.04629860672937,29.57359483179076,30.99370178276747,7897068
2021-05-07,31.07977104187012,31.07977104187012,30.185630447231347,30.68768792233873,6558732
2021-05-10,30.171283721923828,31.07977003722685,30.046965444334337,31.02717321147791,4410949
2021-05-11,30.118688583374023,30.171283584885405,28.99503426965565,29.315395923217448,7605527
2021-05-12,29.13369941711425,30.22866409795676,29.128916892430063,30.09478076678033,5214821
2021-05-13,29.286705017089844,29.61184735748517,28.48819491500035,28.90418515309492,5241479
2021-05-14,30.23822593688965,30.367324913463897,29.26279888189352,29.645318759147298,5335407
2021-05-17,29.97524070739746,30.39123276859018,29.7696359389455,30.2956023467988,3774957
2021-05-18,30.03261947631836,30.51076975206552,29.80310756283955,30.31472821196912,3590951
2021-05-19,29.511436462402344,29.9178634790264,28.947218974666303,29.736165858230404,5719090
2021-05-20,30.51555252075196,30.582493272054347,29.43493362687329,29.836579958686325,4884794
2021-05-21,30.462953567504883,30.807222349015063,30.34819852300052,30.60161758494632,4377260
2021-05-25,30.96979331970215,31.486196519118465,30.85503826916428,30.907635093993573,4897730
2021-05-26,30.754627227783203,31.352315104293293,30.563366377700515,31.20886855473196,2927137
2021-05-27,31.02238845825196,31.02238845825196,30.46295351329204,30.778534445113788,6107465
2021-05-28,31.76352500915528,31.81133931020948,30.90763552269484,31.098896374909,3886426
2021-05-31,31.811342239379883,31.99304170731292,31.57226706409761,31.70136970162873,2550067
2021-06-01,31.97869110107422,32.28948952907873,31.844809599287,31.959564651105,3700812
2021-06-02,31.653547286987305,32.01694252363952,31.275811773516537,31.96912822492145,3629912
2021-06-03,31.600950241088867,32.11735341879456,31.28537295337792,31.99781584884401,2899044
2021-06-04,31.921316146850582,32.10301195381802,31.462292280829644,31.600952662358992,3217462
2021-06-07,31.620079040527344,31.92609495050875,31.4096953824135,31.88784569775913,3429812
2021-06-08,31.524450302124023,31.92131593768661,31.447944500956464,31.49097992611256,2846345
2021-06-09,31.557918548583984,31.816120138104782,31.328404808566454,31.52444817483113,2655382
2021-06-10,32.25123977661133,32.42337419513597,31.62964650793694,31.71571371719926,4602073
2021-06-11,32.485530853271484,32.652882719934496,32.15082347194837,32.38033720908414,3127278
2021-06-14,32.719825744628906,33.00193267550218,32.56203526736215,32.77242257038449,2631681
2021-06-15,32.50944137573242,33.040188557715794,32.50944137573242,33.006718179032056,1949279
2021-06-16,32.47596740722656,32.62897535686731,32.189077957649815,32.56203460689931,2435296
2021-06-17,32.46162414550781,32.76285752652143,32.189078615639104,32.24167544140301,3805347
2021-06-18,31.02238845825196,32.66722656787468,30.998483133354508,32.48074825288804,7310718
2021-06-21,31.20886611938477,31.30928088504033,30.37688568164458,31.008043884067654,4064615
2021-06-22,31.514892578125,31.60573866761464,30.85982525918492,31.20887298574588,2741123
2021-06-23,30.9267635345459,31.806558391965225,30.9267635345459,31.79221446572431,3032300
2021-06-24,31.61051750183105,31.61051750183105,30.902853433079063,31.09889681255672,3555935
2021-06-25,31.629642486572266,31.825682208969106,31.45272556558231,31.62485996222194,2339438
2021-06-28,31.887840270996094,32.01693922905013,31.342749296107,31.38578106612608,2592791
2021-06-29,32.97325134277344,33.27448478328961,31.792219264054346,31.844816100207687,5307343
2021-06-30,32.34209060668945,33.16929234862776,32.270367321874346,32.89196425960818,4613500
2021-07-01,31.72048759460449,32.73416749414759,31.42403675786803,32.609847400808086,4839448
2021-07-02,31.73961067199707,32.24166986823311,31.58182386997712,31.753958243086807,4373834
2021-07-05,31.96434593200684,31.98347238123193,31.54835751735185,31.70614433946382,1555329
2021-07-06,31.84480667114257,32.17951404283146,31.61051406455826,31.954782836353907,1983857
2021-07-07,31.993040084838867,32.385123206498044,31.710929495353763,31.926095682996948,2721190
2021-07-08,31.103679656982425,32.04085384286079,30.19519332283584,31.9260951399388,7205660
2021-07-09,31.66311264038086,31.682239089651667,31.1323655291068,31.21365020250984,4041219
2021-07-12,31.481414794921875,32.03607090794899,31.39535124082875,31.66789677278245,2780632
2021-07-13,31.55313873291016,31.706146690057267,31.161055614720848,31.481415454998007,3709882
2021-07-14,32.04085159301758,32.12213626588161,31.25190289381504,31.548357383550943,4730071
2021-07-15,31.2375602722168,31.950003204567217,31.036738019822284,31.92131535365295,3983023
2021-07-16,30.36254501342773,31.242339842305626,30.22866350885913,31.22799591653005,6162670
2021-07-19,29.463621139526367,30.123469067924333,28.89462293599398,30.04218439199056,7347119
2021-07-20,29.61184883117676,29.72182318354848,29.090664920546377,29.659663132556226,4127083
2021-07-21,30.601619720458984,30.79288057331132,29.860487107653853,29.92742785895257,4075117
2021-07-22,30.228662490844727,30.89807363914129,30.137812766662417,30.410358291212063,3969676
2021-07-23,30.66377639770508,30.907634063968885,30.376886956922625,30.386450181481848,3456547
2021-07-26,30.83113479614257,31.060644911013533,30.44861307402765,30.54902420528338,2373347
2021-07-27,29.956117630004883,30.869382824503152,29.903520804102133,30.63987271874329,3015539
2021-07-28,30.505992889404297,30.553809020252224,29.85092740077822,29.85092740077822,3588155
2021-07-29,31.294937133789062,31.5244508936006,30.74028465690716,30.96501589205664,4333300
2021-07-30,30.73072052001953,31.09411579717855,30.510773627000304,30.98414326266833,3990289
2021-08-02,31.95000267028809,32.012160895562005,31.10845712690144,31.299717975125304,4778021
2021-08-03,31.83046531677246,32.265583840697595,30.223880017351995,30.984140891112155,7873359
2021-08-04,33.231449127197266,33.398801019101604,31.97391502746161,32.08388756442833,6575179
2021-08-05,33.82435607910156,33.88651796178553,33.035407240710754,33.18841886085726,5957723
2021-08-06,33.7095947265625,34.4794169688954,33.44661061346848,33.8386936969923,4577269
2021-08-09,34.010826110839844,34.312063104312195,33.833912852321205,34.0729879783167,2955382
2021-08-10,33.7956657409668,34.43638543725909,33.63787525528376,34.11124306433534,3202098
2021-08-11,33.379669189453125,33.89128983255758,33.25057022164046,33.747846940320954,3352228
2021-08-12,33.307952880859375,33.7048148720585,33.202759227289455,33.39401643596485,2997484
2021-08-13,33.09278106689453,33.36532658572906,32.86327097103241,33.241006489138705,2354633
2021-08-16,32.82501983642578,33.02105956851009,32.60985000599483,32.753296559615464,2259723
2021-08-17,32.39946746826172,32.743736290455374,32.2034240814024,32.61941618288599,3014429
2021-08-18,32.466407775878906,32.542909930870216,32.01694530331349,32.51422207874816,2662105
2021-08-19,32.021724700927734,32.04563002602916,31.051080220279754,31.653546943994083,5481175
2021-08-20,32.82979965209961,32.82979965209961,31.796993306445625,32.016941995317026,4019961
2021-08-23,32.87761688232422,33.183632793959795,32.8250200555121,33.16450634348289,2296920
2021-08-24,33.65700149536133,33.719159725090265,33.15972471353729,33.19319509077556,3025896
2021-08-25,34.053863525390625,34.14471324595,33.69525081538946,33.71915614059125,2916009
2021-08-26,33.88650894165039,34.04907827278556,33.3844497286801,33.69046559152016,2526389
2021-08-27,34.51288986206055,34.560704163932584,33.84347869185984,33.94867234477675,2637907
2021-08-30,34.82368850708008,35.010166839108315,34.54157792273132,34.598957274123634,2659332
2021-08-31,34.488975524902344,35.53612571868052,34.29771834715018,35.191856961931705,5783668
2021-09-01,34.91931915283203,35.19664722877837,34.45073385705835,34.8284694198157,3510833
2021-09-02,35.47875213623047,35.47875213623047,34.570269450432775,35.00060181823277,3154012
2021-09-03,35.33530807495117,35.65088537755864,34.95278637385399,35.57916575060056,2701838
2021-09-06,35.6174201965332,35.80389854981365,35.54569691111815,35.62220272169363,1841295
2021-09-07,35.31618118286133,35.7417346548045,35.144046784322825,35.641323530323255,2148742
2021-09-08,34.64677047729492,35.273146206136744,34.46985355211181,35.22055302902548,3175172
2021-09-09,35.11057662963867,35.30661635542726,34.10646173053311,34.379007255261726,2902938
2021-09-10,35.794334411621094,36.22944932001904,35.19186396738022,35.306619026474536,4939399
2021-09-13,35.46918869018555,35.95690038130769,35.35443364192102,35.83736280869962,3560367
2021-09-14,36.25814056396485,36.25814056396485,35.45963038476047,35.45963038476047,3407245
2021-09-15,36.100345611572266,36.8175710210737,36.076436638723386,36.320294299393055,4750999
2021-09-16,35.70826721191406,36.31551653306472,35.622200005578,35.9521249045325,3769926
2021-09-17,35.19186782836914,36.51634644605198,34.97191908764159,36.40158772636964,8857609
2021-09-20,34.1064567565918,34.83802602427978,33.6713382965701,34.66589164976534,5375017
2021-09-21,34.78543472290039,35.03885380111961,34.28815796745251,34.32641086740942,3273840
2021-09-22,35.086666107177734,35.21098620097069,34.55591900644308,35.07710470673079,2491171
2021-09-23,36.09078598022461,36.27726430399547,35.37833941197464,35.39746586159182,3419183
2021-09-24,35.937774658203125,36.08600006882736,35.65088158887027,35.90908316247169,2739422
2021-09-27,35.97602844238281,36.420708378326026,35.808676562833725,36.33942370083038,3787641
2021-09-28,33.85782241821289,35.90908769401952,33.781320265267674,35.861273392429084,7229517
2021-09-29,33.69525146484375,34.35031502635365,33.623528191861666,34.22599857771506,4087691
2021-09-30,33.97258377075195,34.383793362914574,33.48965089660791,34.0395245278019,4716203
2021-10-01,33.37489318847656,33.90085780131556,33.08322120673908,33.4561778658795,4289817
2021-10-04,32.47596740722656,33.32707435510306,32.47596740722656,33.140596030478314,4508456
2021-10-05,34.0490837097168,34.13515091288351,32.643320607326295,33.164506350946226,6669926
2021-10-06,33.88650894165039,34.18774228063446,32.96845770513338,33.98692005464508,6362839
2021-10-07,34.38856887817383,34.73762020409625,33.91041857570312,34.699367304379244,5143780
2021-10-08,34.139930725097656,34.42682016352762,33.872164087632164,34.350314367681165,2744520
2021-10-11,34.22121810913086,34.32641176275751,33.48008365712305,34.02517837573363,3127710
2021-10-12,33.80044937133789,34.47942199206473,33.73828749118839,33.84348115175124,3520288
2021-10-13,34.40769577026367,34.503328020785325,33.19319354861879,33.54702740355288,3845352
2021-10-14,35.33530807495117,35.35443452480576,34.56548579629114,34.78065197315999,3782548
2021-10-15,35.45006561279297,35.7512990111394,35.129705763250286,35.61263862396232,4287043
2021-10-18,35.89952850341797,35.923433831686474,35.14405008857943,35.31618450330207,3055280
2021-10-19,36.20553970336914,36.32985979732708,35.94255559076526,36.24379260120191,3458559
2021-10-20,35.97602844238281,36.43505230400204,35.799115161715505,36.02862526852643,3457413
2021-10-21,36.2677001953125,36.387237772520514,35.59828903334814,35.75129698625451,3521327
2021-10-22,36.92276382446289,37.18096540376647,36.3155109486942,36.339419920998914,3931953
2021-10-25,37.31963348388672,37.40091816178435,36.86060597200007,37.20487478191636,2581996
2021-10-26,37.53479766845703,37.83125216077352,37.2813785990884,37.486983369179455,3154108
2021-10-27,37.54436492919922,37.54436492919922,36.621534581913615,37.056653163648285,3844155
2021-10-28,38.347652435302734,38.37634393381706,37.43916978762133,37.56826876294537,4322540
2021-10-29,38.6297607421875,38.66801363929801,37.73083954807289,37.97469355915901,4314578
2021-11-01,38.930999755859375,39.06966379203593,38.18986891863683,38.84493254885315,3327980
2021-11-02,39.57171630859375,39.57171630859375,38.95011951501482,39.11269249942651,3897957
2021-11-03,40.16462707519531,40.16462707519531,39.46652804236233,39.67691535154396,3384838
2021-11-04,40.18375396728516,40.74797149974528,39.949461328212,40.54714923768256,4007788
2021-11-05,40.99182891845703,41.04920462267018,40.16462725207517,40.54714897081772,5574525
2021-11-08,40.91531753540039,41.14961014097826,40.77187099843607,40.85793819101527,2559538
2021-11-09,39.91120910644531,41.32653366242451,39.37567941715688,40.92966800825533,6912922
2021-11-10,39.42827224731445,41.32174694698983,38.95012196008338,40.8340352591329,6500098
2021-11-11,40.25069046020508,40.25069046020508,39.10312906590757,39.29438990629001,3461856
2021-11-12,40.87706756591797,40.89141149104202,40.30807119734618,40.336759047594285,3243669
2021-11-15,40.781436920166016,41.0300734551675,40.566267110109926,40.95357130901206,2533031
2021-11-16,41.0492057800293,41.0922412074,40.62843479594706,40.88185389136009,2529127
2021-11-17,41.12092590332031,41.75686667943753,40.99182692711474,41.30740422894908,3470431
2021-11-18,41.56082534790039,41.82859201037387,41.13527185075211,41.20699512905746,3496905
2021-11-19,41.27872085571289,41.92900562772255,41.13049176562398,41.775997660661325,5082650
2021-11-22,40.99660873413086,41.59907917815029,40.93923302860357,41.51301197186179,3010466
2021-11-23,39.471309661865234,40.4849859872275,39.394803861009095,40.08334147672488,5367449
2021-11-24,39.42827224731445,39.9733632829181,38.67279391797003,39.68647384017889,4364470
2021-11-25,39.50477600097656,39.87773262204655,39.15572470423335,39.715159635838326,1934948
2021-11-26,37.84559631347656,39.03140699388321,37.48698359474115,38.25202333177725,6048234
2021-11-29,38.46240997314453,38.78755231185325,38.02250893983474,38.247240156765386,4442572
2021-11-30,38.185089111328125,39.04576124264195,37.46786355123256,38.10858330054563,7049060
2021-12-01,40.25069046020508,40.38457195407365,38.37634225005085,38.94533859899228,4324908
2021-12-02,38.495880126953125,39.65778545516588,38.16595526585656,39.44739816426405,6486527
2021-12-03,38.40503692626953,39.12226246920135,38.146835293054345,38.89753121540308,5044298
2021-12-06,38.60107803344727,39.3135210090129,38.38590819454658,38.72061561683736,4475332
2021-12-07,41.00616836547852,41.01572976580385,39.44261493249978,39.53346465157721,4889023
2021-12-08,39.12704086303711,40.188535138178125,38.8305863566472,39.82035735546838,6500680
2021-12-09,38.67757797241211,39.42827380714342,38.25680701628156,39.30395370610588,4118156
2021-12-10,38.2376823425293,38.75886444940154,37.86950454681445,38.127706161887886,2895863
2021-12-13,38.26158905029297,39.28005162115276,38.204213343538704,38.538917126264025,2691052
2021-12-14,37.00884246826172,38.63455459206614,36.84149055434026,38.3476614276315,4051975
2021-12-15,37.62086486816406,37.71649346672381,37.17618495366656,37.21921672861928,2787882
2021-12-16,37.525238037109375,39.3135191799877,37.47264121102495,39.17963767649912,5398108
2021-12-17,37.20487594604492,37.362666430193336,36.3202985666636,37.24312884789863,8031281
2021-12-20,37.13793563842773,37.34354042836717,35.909089423579715,36.14816459104429,3929388
2021-12-21,37.74996566772461,38.1468313021464,37.31485078082637,37.96513549689182,2721311
2021-12-22,37.96991729736328,38.18986599889726,37.53479877076538,38.15639562362029,1895425
2021-12-23,38.24246597290039,38.33809458213791,37.783438434167,38.0894580093218,1797660
2021-12-27,39.13660430908203,39.2083275891495,37.8838527622935,38.15639830815183,2084503
2021-12-28,39.20832061767578,39.51433648675447,38.974028015911735,39.074439130953465,2093132
2021-12-29,38.71582794189453,39.12703746589516,38.558037477290256,39.11747241761771,2051629
2021-12-30,38.97881317138672,39.07922795060227,38.63932687593593,38.66801837628216,1553893
2022-01-03,39.11269760131836,39.28961088484675,38.65367008427824,39.06487965096183,2694878
2022-01-04,38.25202178955078,39.60518793587544,38.01294665336609,39.2991720533988,3516714
2022-01-05,38.801902770996094,38.854499602879706,38.07989469986468,38.204214815953016,2594165
2022-01-06,37.74518585205078,38.09901605263677,37.23834405337649,37.80734407777619,4812438
2022-01-07,38.38590240478516,39.01706060396709,37.90775214334439,38.53412781847276,5086148
2022-01-10,36.8558235168457,39.01227859802502,36.43027007035152,38.8592706582518,4648159
2022-01-11,37.77387237548828,38.012947517105296,37.42482106360869,37.72605807676431,4556918
2022-01-12,37.46785354614258,38.08945032477208,37.1092408618556,38.06075882939125,3705858
2022-01-13,38.299842834472656,38.75408786204617,37.41526540435268,37.486988687443,4254876
2022-01-14,37.5300178527832,38.318966615794174,37.13793473361376,37.90775704593385,4245455
2022-01-17,37.84081268310547,37.984259225605854,37.25268988444756,37.82168623423895,2252166
2022-01-18,36.76976013183594,37.68302534096664,36.76976013183594,37.68302534096664,3887762
2022-01-19,36.36811447143555,37.032743166420936,36.19598005351151,36.33942661778077,4392062
2022-01-20,36.17685317993164,36.707596652826126,35.50265951090804,36.458960103794446,4215588
2022-01-21,34.93366241455078,35.383124898184235,34.235563361076046,35.20142908360781,6743375
2022-01-24,32.786766052246094,34.77587305899969,32.538129500400544,34.71371118504033,8484762
2022-01-25,33.183631896972656,33.47052135037642,32.54769111579615,33.39401555053684,6769409
2022-01-26,34.326416015625,34.57027372942701,33.36055021083941,33.867392091290434,5140071
2022-01-27,34.71371078491211,35.86605475013775,33.66178159215612,33.79088056704997,7207332
2022-01-28,33.47052001953125,34.56548461221558,32.978025808637696,34.47463489051775,7192865
2022-01-31,34.7471809387207,34.85237458692665,34.06342587337927,34.15905812083797,6192916
2022-02-01,34.79499816894531,35.454847963993664,34.46507691941868,35.24446064986259,4784963
2022-02-02,35.0005989074707,35.63653965304015,35.0005989074707,35.51221955926033,5072236
2022-02-03,33.279258728027344,34.49376087587855,33.279258728027344,34.23555928715455,9931296
2022-02-04,32.031288146972656,33.537462348441025,31.75874261703056,33.4800829981384,7486933
2022-02-07,31.86394119262696,32.64810752795587,31.452731571905947,32.55247891067104,6001354
2022-02-08,31.118024826049805,31.65355086909095,30.596840885448824,31.5818312368962,7405831
2022-02-09,32.66244888305664,32.772425067469925,31.42882376605932,31.59617565712508,7155090
2022-02-10,32.6720085144043,33.221882049282755,31.95000059212046,33.03540008959608,6144436
2022-02-11,31.921316146850582,32.49987759198107,31.79221351853373,32.04563260256637,5317281
2022-02-14,31.05108070373535,31.13714790103417,30.592055043475465,30.941104532965745,7358798
2022-02-15,31.988256454467773,32.1173554329919,30.759410304230546,30.840694981375268,5389687
2022-02-16,31.744394302368164,32.42814929494743,31.438378439059647,32.15082127882508,4163100
2022-02-17,30.917200088500977,31.906971061643056,30.754627089860715,31.61529908737438,6197260
2022-02-18,30.193931579589844,31.01363307427173,29.899803233907534,30.897911592292992,5776669
2022-02-21,29.504419326782227,30.6809327571682,28.983668958064392,30.61824921226406,4795209
2022-02-22,29.35494613647461,29.817835770530788,28.25075999408984,28.487027612779293,7158573
2022-02-23,29.22957801818848,30.01552727964821,29.10903373192483,29.480310354340045,4676213
2022-02-24,28.752222061157227,28.84383505140708,27.435878749749712,27.80233255010884,10267446
2022-02-25,29.94320106506348,29.957667630707828,28.27969132539543,29.40798595957996,7673936
2022-02-28,29.64907455444336,29.70693529896748,28.626857644811256,29.123501373336257,5893385
2022-03-01,28.41469955444336,29.475489650739696,28.15914625391809,29.393518578894327,6574439
2022-03-02,28.752222061157227,29.147607150765648,27.78304502394264,27.966272843802063,6574852
2022-03-03,28.679895401000977,29.576745154888435,28.45327156186432,28.76186646936606,5564941
2022-03-04,26.69332695007324,28.39541167749848,26.620999642827027,28.02413505639691,9031677
2022-03-07,25.680753707885746,26.80904829085288,24.77426200758449,24.88033972778836,9654113
2022-03-08,25.540924072265625,26.616178889650527,25.092499178282527,25.155180883070816,9871155
2022-03-09,27.56606674194336,27.56606674194336,26.22561485551587,26.813871566243265,8280823
2022-03-10,26.51492118835449,27.85055021983482,26.25454509670484,27.85055021983482,8024815
2022-03-11,26.78493881225586,27.91805615481501,26.254544712749706,26.47634574786248,7775550
2022-03-14,27.01638603210449,27.7396517813647,26.7897640147677,27.22372236070788,5618056
2022-03-15,27.24300765991211,27.406947956572697,25.80612004299744,26.73672204472375,5843735
2022-03-16,29.46584701538086,29.53817248692712,27.831266711012564,28.15914733223003,9300919
2022-03-17,28.80526351928711,29.89498306022873,28.593104397798413,29.89016209808573,5104039
2022-03-18,29.24886703491211,29.24886703491211,28.19289969563781,28.7907983559115,9212466
2022-03-21,29.12350273132324,29.44656056261982,28.69436349129288,29.248867990197738,3891756
2022-03-22,29.64907455444336,29.870875607919043,29.04153029918052,29.10421384537492,4223911
2022-03-23,28.964380264282227,29.89498227915303,28.61239117752505,29.89498227915303,3827966
2022-03-24,29.48031044006348,29.634606979780823,28.62685667011198,29.10903381656865,4438223
2022-03-25,30.169822692871094,31.187216725261063,29.42244851380313,29.60567633710591,7039445
2022-03-28,30.03963661193848,30.63271429627415,29.99141963182399,30.35787346302981,4065945
2022-03-29,31.3752670288086,32.07442242538799,30.23250769740213,30.61342808765757,5952574
2022-03-30,30.459129333496094,31.37526664373961,30.29519087016056,31.341514390775256,4856802
2022-03-31,29.88051986694336,30.77254689729498,29.72622331941616,30.695398623531386,4419098
2022-04-01,29.62496566772461,30.131253184889506,29.05599644067224,29.90945028125079,3951571
2022-04-04,29.45138168334961,29.60567822670747,28.988490213916148,29.57192597280793,4904572
2022-04-05,28.212182998657227,29.5285281790059,27.96145251030105,29.41762582073788,5633904
2022-04-06,27.146574020385746,28.16878909511819,26.539031601831905,28.062711369587785,6986982
2022-04-07,26.57760429382324,27.42141431587472,26.57760429382324,27.17068197431337,5693168
2022-04-08,26.567960739135746,27.30569304355865,26.51492279668014,27.257474224017344,4034459
2022-04-11,25.97006225585937,26.42330812625327,25.762725928920915,26.1581110548594,5185990
2022-04-12,25.936309814453125,26.24008010017153,25.184112784522075,25.36251781826525,6289925
2022-04-13,26.080963134765625,26.08578409713541,25.352876419173683,25.70004272995557,4328152
2022-04-14,25.89773368835449,26.65957445069396,25.815764457635844,26.46670285939389,5209439
2022-04-19,26.69332695007324,26.80904843443539,25.719328899785992,25.9025567292792,4465446
2022-04-20,27.31051254272461,27.74929366056424,26.59206964396731,26.84280013471013,5036468
2022-04-21,27.52267265319824,28.02895829371486,26.919951214640395,27.27676127622512,4747814
2022-04-22,26.919952392578125,27.324979451226323,26.717437023894085,26.987456902352825,4789925
2022-04-25,26.891019821166992,27.14175215937683,26.10024959108358,26.27865462119756,4639881
2022-04-26,26.02310371398925,27.233367659993046,25.95077639924193,27.22372389540273,5119882
2022-04-27,25.868803024291992,26.457057855391845,25.521634911973585,26.3654448654677,6164950
2022-04-28,26.360626220703125,26.895843198464995,25.87362806578828,26.14364795565157,5823119
2022-04-29,26.47152709960937,27.06942575428901,26.32205151625951,26.7945849173321,4388779
2022-05-02,25.80611991882324,26.3558015463462,25.43966427423477,26.31722833286096,4458181
2022-05-03,26.447416305541992,26.485991360965325,25.806121643688066,26.01827893043676,6020510
2022-05-04,26.312406539916992,27.021207528548544,26.29311901275536,26.46670307849042,3529506
2022-05-05,26.360626220703125,27.339447171857543,26.13882515368686,27.22854663834941,4392941
2022-05-06,26.31723022460937,26.56313976641369,25.642181466175728,26.350982478595068,6419773
2022-05-09,24.73086738586425,26.59689251082978,24.639252546762435,25.94113126811323,7163494
2022-05-10,24.841766357421875,25.53610077360728,24.33548073066003,25.43002305406772,6475781
2022-05-11,25.810941696166992,25.873625239340537,24.986419228834286,25.35769584707786,6842622
2022-05-12,26.616180419921875,26.84762524312955,25.04428179984982,25.07321309251076,8125981
2022-05-13,27.57571029663086,27.797513181535912,26.886196831225654,27.00674111763412,5827348
2022-05-16,27.24782943725586,27.614285094573884,26.8669108936582,27.31533578207957,4160037
2022-05-17,27.76375961303711,28.043421387787195,27.339443229962765,27.40212677094596,3962872
2022-05-18,26.75118827819824,27.83608687449552,26.741544514396857,27.80233462087062,4393448
2022-05-19,26.852445602416992,26.852445602416992,25.936310094384265,26.360624674387672,4760059
2022-05-20,26.736724853515625,27.64321846200819,26.66922034298021,27.06460548128188,4777934
2022-05-23,27.050138473510746,27.508207152412886,26.72225785109825,27.344266841206643,3219765
2022-05-24,26.080963134765625,26.818693614457057,25.9748835690312,26.693328359883584,3503029
2022-05-25,25.888090133666992,26.399198567182903,25.516813513003523,26.317229335803088,3731668
2022-05-26,26.73190116882324,26.85244545918667,25.44448903063463,25.59396461285484,3637069
2022-05-27,27.97109603881836,28.06271087574228,27.001920763586547,27.04531678124528,5406006
2022-05-30,28.52077865600586,28.92098472699129,28.31826330010493,28.395411569172,3339727
2022-05-31,27.90841484069824,28.63168058859935,27.7396517292387,28.207364168143258,5095389
2022-06-01,27.86983871459961,28.30379888242356,27.802334208351404,27.97109547397192,3039483
2022-06-02,28.48702621459961,28.48702621459961,27.75893770570101,27.86983822679051,2412651
2022-06-03,27.966278076171875,28.73776087356362,27.90841732620752,28.73776087356362,3271657
2022-06-06,28.245939254760746,28.67507663801458,28.07717614311895,28.332729452391483,2027993
2022-06-07,27.628751754760746,28.00485120195925,27.199614363383933,27.90841539910425,3891364
2022-06-08,27.48891830444336,27.87948245516135,27.28640478586652,27.78304665801816,3015472
2022-06-09,26.54867553710937,27.27676225160429,26.293120387257847,27.26229752515681,4685964
2022-06-10,25.695220947265625,26.630643962733327,25.58432042270192,26.32687184105717,4485972
2022-06-13,23.944917678833008,25.08285607010364,23.70865006124483,25.06839134390677,7843314
2022-06-14,23.40488052368164,24.19082799485223,23.16379193610196,24.15707573973987,5564754
2022-06-15,24.10403633117676,24.10403633117676,23.37112684873674,23.723115944495987,4684104
2022-06-16,22.59482192993164,24.036530603060097,22.47909860263309,23.993134585243126,5120931
2022-06-17,22.88895034790039,23.327731489429592,22.483921460384213,22.623751438712503,10381607
2022-06-20,23.236114501953125,23.30844180492296,22.647859672613365,23.086640773543056,2717061
2022-06-21,23.530244827270508,23.713472661433777,23.14450347063196,23.34701699310724,3503450
2022-06-22,23.14932632446289,23.351841702846126,22.48392311964947,22.99985257119149,4127434
2022-06-23,22.52249526977539,23.154148027464142,22.4839220524704,22.80697987491949,4380963
2022-06-24,23.202363967895508,23.520600813662856,22.49838576958589,22.778049399778947,3572291
2022-06-27,23.631500244140625,23.91116386139377,23.231294184195324,23.385590718073,4096699
2022-06-28,23.472383499145508,24.118500945186533,23.472383499145508,23.91598558839405,3802519
2022-06-29,23.05289077758789,23.35184010300969,22.855198214740582,23.13003904993416,3796495
2022-06-30,22.26694107055664,22.652682425047733,21.82815993494305,22.64786146283653,6580815
2022-07-01,21.495460510253903,22.00174620359161,21.157936101575416,21.553321259371344,5940382
2022-07-04,20.91202163696289,21.73172312677103,20.91202163696289,21.60635788214616,4048510
2022-07-05,20.31412506103516,21.22543963481179,19.938025610747683,21.14346855793581,5652618
2022-07-06,21.22543907165528,21.345983363175787,20.781835122392625,20.801122650482288,4650932
2022-07-07,21.94388008117676,22.170503917816983,21.25436848678242,21.317050188498424,6603503
2022-07-08,22.42123794555664,22.42123794555664,21.601536405481514,21.905308531377568,5138213
2022-07-11,21.96799087524414,22.483920261194346,21.587070498145263,21.741367033792443,3445804
2022-07-12,22.01621055603028,22.06925034155119,21.403845300274263,21.731725938621736,3795849
2022-07-13,21.95352363586425,22.30069175008228,21.418306739564727,21.8233355930325,3279992
2022-07-14,21.81369400024414,22.54178065154251,21.49545717050264,22.14157275387377,3625316
2022-07-15,22.392305374145508,22.40194913751998,21.919772004955057,21.92459480632219,4341447
2022-07-18,22.82626724243164,22.82626724243164,22.45016963939799,22.696079186144622,3465209
2022-07-19,23.433809280395508,23.544711646022176,22.045140381556,22.392306686585925,4160898
2022-07-20,23.80990600585937,23.80990600585937,22.975739833323104,23.48202542667799,4456393
2022-07-21,24.32583808898925,24.45120334126636,23.73276040293397,24.10885799912516,5419002
2022-07-22,23.94009590148925,24.43673777051179,23.94009590148925,24.34994573756574,3410432
2022-07-25,23.915987014770508,24.325838714917467,23.81473025001512,24.099214855299262,2674612
2022-07-26,23.47720527648925,24.0027784548724,23.35184002411011,23.8484819107012,2955424
2022-07-27,24.34994506835937,24.48013311420051,23.52542261739197,23.54953110602334,3290702
2022-07-28,24.73568725585937,24.88516283349396,24.369233433715017,24.591034479732915,3890157
2022-07-29,25.603605270385746,26.05203015549499,25.14071565974388,25.15518038527649,7019235
2022-08-01,25.772369384765625,25.97006194537133,25.362517698093388,25.468597261126654,3881328
2022-08-02,25.51681327819824,25.613249073738725,25.10214248428584,25.598784348183585,3259900
2022-08-03,26.78493881225586,26.79458257543812,25.63735674460319,26.037564639548187,5207484
2022-08-04,27.51302719116211,28.453271105786047,26.828334722757265,27.001918780644687,6761829
2022-08-05,26.57760429382324,27.763761494163383,26.510099786356704,27.57571085847248,4718586
2022-08-08,26.567960739135746,27.07424822784005,26.355803451233665,26.857268138303905,3476091
2022-08-09,25.19857788085937,26.88137699918501,25.16964842809544,26.5245650870972,5359668
2022-08-10,26.100250244140625,26.21115077046524,24.8899845397948,25.03463732024604,4037083
2022-08-11,26.37026596069336,26.64510677121567,25.926663894362523,26.37026596069336,3201866
2022-08-12,26.49081420898437,26.49081420898437,25.99899325348547,26.33651765502708,3591403
2022-08-15,26.49081420898437,26.6981505482445,26.22561712183026,26.61618130867469,1756666
2022-08-16,26.51974105834961,26.727077362863664,26.1725729504452,26.51974105834961,2381868
2022-08-17,25.092498779296875,26.567959648874897,25.015350510556587,26.553494923286035,4730080
2022-08-18,25.786834716796875,25.786834716796875,25.19375702104382,25.31912227537084,3418194
2022-08-19,25.275724411010746,25.80612036054981,25.131071639085462,25.50717105332293,4421322
2022-08-22,24.31619453430176,25.304657352899408,24.132966696911,25.097321025174057,4790402
2022-08-23,24.398162841796875,24.576569710082403,24.046173746085177,24.11367825219977,3286502
2022-08-24,24.37887954711914,24.4656715890324,23.87741482481143,24.157076640363027,2481537
2022-08-25,24.783906936645508,24.94784724579007,24.40780749839628,24.68264833440923,3015722
2022-08-26,24.075103759765625,25.18411076840116,23.853302725910464,25.04910176333449,4034138
2022-08-29,23.37112808227539,23.780977942149907,23.043247458631804,23.62668139447762,4602142
2022-08-30,23.99795722961425,24.489778148530508,23.45791933093283,23.506136310698007,4190874
2022-08-31,23.433809280395508,24.600678966061366,23.36148380988756,24.57174767424225,4384266
2022-09-01,22.91305923461914,23.265048346390564,22.758762688071663,23.09628707340424,4114920
2022-09-02,23.915987014770508,24.050997873804302,23.004672453252123,23.313265549283752,4328006
2022-09-05,23.32290840148925,23.41452323785132,22.7780495423333,23.04806757112284,2942863
2022-09-06,23.45792007446289,23.65561264074203,22.93716784756567,23.327732017738587,3458929
2022-09-07,23.645967483520508,23.84848100025404,23.07699830885036,23.144502814428204,3647776
2022-09-08,23.834014892578125,24.00759894791866,23.05288848290543,23.901519394241728,3215557
2022-09-09,24.523530960083008,24.57174794094499,23.89187821037552,23.89187821037552,3820636
2022-09-12,25.00570678710937,25.20339934103311,24.49942115773004,24.67300338315395,4317734
2022-09-13,23.75204849243164,25.145542170706808,23.75204849243164,25.07321485365416,4348870
2022-09-14,23.645967483520508,24.171540641839208,23.308443116271462,23.60739242927041,3488177
2022-09-15,23.57846450805664,24.007601897958608,23.47720590375892,23.74722578295294,3772149
2022-09-16,23.26504898071289,23.54471262855517,22.80698029094085,23.30362403808147,6460322
2022-09-19,23.482027053833008,23.674896805953967,22.92752260784565,23.24093848416195,2536479
2022-09-20,23.40005683898925,23.785800036050365,22.850375174345025,23.70864992515024,2980182
2022-09-21,24.012420654296875,24.13296493653668,22.75876085474683,22.855196648410622,3570192
2022-09-22,22.932344436645508,23.780975356576125,22.932344436645508,23.39041122810457,3324557
2022-09-23,22.146398544311523,22.8744852938809,21.93424124230191,22.86002056673661,5233968
2022-09-26,22.175329208374023,22.590000036070688,21.82333825006971,21.828161051887555,4000769
2022-09-27,22.392305374145508,23.216829668744968,22.392305374145508,22.536959985402817,5183301
2022-09-28,22.25729751586914,22.39712933298576,21.37491427414127,21.837803903879166,5250468
2022-09-29,21.50027847290039,22.194612883505688,21.317050647008514,22.10782085226005,5025904
2022-09-30,21.90048599243164,22.035496849649284,21.09043004592535,21.82333771946152,5113697
2022-10-03,22.26694107055664,22.31515805010808,21.29294300086672,21.538852539554835,2994447
2022-10-04,23.834014892578125,23.834014892578125,22.816620887723097,22.83590841372976,6485047
2022-10-05,24.576568603515625,24.9719536981215,23.75204432340653,23.79544033814911,6823637
2022-10-06,24.673004150390625,25.01535132851971,24.01724476433576,24.899628001945395,3961066
2022-10-07,23.771333694458008,24.6151437270965,23.65078940408108,24.3644113823893,3647402
2022-10-10,23.16861343383789,23.91116674218613,23.101108922053506,23.33737655265885,2910846
2022-10-11,22.469453811645508,23.183077591873044,22.23318804494406,23.038422979522178,4474705
2022-10-12,22.60446548461914,23.091463600627044,22.416416688939258,22.517673449788447,3663731
2022-10-13,23.250581741333008,23.385590748813502,21.35080267650718,22.27658372034997,5589328
2022-10-14,22.94680976867676,23.81955103912817,22.874482463185725,23.81955103912817,4527967
2022-10-17,23.559175491333008,23.82919351410873,22.81180128787045,23.06735458495743,2761376
2022-10-18,23.86294746398925,24.65853864124237,23.86294746398925,24.20529279188653,4591551
2022-10-19,23.88705444335937,24.345123065204213,23.53988633596376,24.229399749619105,2609239
2022-10-20,24.43191719055176,24.49942354181669,23.36148508581928,23.631503133439008,3464276
2022-10-21,24.210113525390625,24.55245885005569,23.660431885368453,24.0220647368946,4384840
2022-10-24,24.71640014648437,25.00570754298913,24.19564977575161,24.59103489555089,3628279
2022-10-25,25.33840751647949,25.478239323986003,24.44638057218438,25.015349726060748,3474589
2022-10-26,25.213043212890625,25.32876469700377,24.54763824148064,24.832122829018545,3675868
2022-10-27,24.330659866333008,25.09250068751932,23.732761197967005,25.08285692327341,5105630
2022-10-28,24.296905517578125,24.311370243020622,23.35665973726009,23.85330343665012,3657085
2022-10-31,23.761688232421875,24.673002708248543,23.64114395065941,24.59585444149496,2863165
2022-11-01,24.18118667602539,24.44156095922349,23.761691198784003,24.01242355687403,3006328
2022-11-02,23.86776733398437,24.316192200741344,23.80508379364208,24.21011264621741,2591137
2022-11-03,23.737579345703125,23.77615439811264,23.149322671976176,23.457917573173088,3247470
2022-11-04,24.84659004211425,25.010530360486666,23.73758287164681,23.74240567359424,4338129
2022-11-07,25.38662910461425,25.56985510753379,24.52353151634398,24.841768379587325,3936650
2022-11-08,27.180326461791992,27.180326461791992,25.386628646497783,25.45895411812614,5964328
2022-11-09,26.741544723510746,27.12246511952466,26.52456463468257,26.953703850080466,3434683
2022-11-10,28.626855850219727,28.68953939248455,26.418485539164475,26.56313831108656,8045971
2022-11-11,28.18807601928711,29.00295658783288,28.154323765610528,28.88723326139897,6536118
2022-11-14,30.377159118652344,30.425376095795183,27.92287745914239,28.371302336137944,10984540
2022-11-15,31.225793838500977,31.87673226723232,30.169824683384057,30.4446655167915,9044493
2022-11-16,30.912378311157227,31.81887005610051,30.676110691228025,31.399378277355822,7520057
2022-11-17,30.738794326782227,31.201683964609742,29.82747977750933,30.859338618259805,5074346
2022-11-18,30.95095443725586,31.384910957343603,30.666467987424173,30.97024196594953,5301449
2022-11-21,30.381982803344727,30.955772975948506,30.054104018542525,30.85451805061836,2857518
2022-11-22,30.54110145568848,30.79665476245991,29.967311296185866,30.131251604523737,3791434
2022-11-23,30.555566787719727,30.84969515610082,29.952845324433856,30.61825033492224,3763204
2022-11-24,30.71468544006348,31.100426799942728,30.459130294663563,30.608605876336725,2135675
2022-11-25,30.473596572875977,30.753258366391474,30.410913027686693,30.70504138662118,2247473
2022-11-28,29.547815322875977,30.410912867480526,29.51888587091015,30.222864072263192,4719939
2022-11-29,29.50924301147461,30.00106394292451,29.345302700991308,29.7406878310934,3370721
2022-11-30,30.396446228027344,30.60378253774322,29.76961633697552,29.841941801697025,6773874
2022-12-01,31.172752380371094,32.45052251840831,30.864159309586505,31.70314649086213,5052979
2022-12-02,30.95577049255371,31.466880755483093,30.377159403966004,30.96059329392916,3371374
2022-12-05,30.917200088500977,31.037744375635107,30.521813134489964,30.950952341749744,2949250
2022-12-06,30.189111709594727,30.912377435883588,29.919091842944,30.74843713101705,3388362
2022-12-07,29.764795303344727,30.07338838561289,29.57192554660705,29.894983354806584,3544356
2022-12-08,30.35305404663086,30.57967607194259,29.668361490102708,29.71175751015984,2866124
2022-12-09,30.169822692871094,30.70503959820305,29.79854608431325,30.618247568183826,2949228
2022-12-12,30.03963661193848,30.39644851860931,29.80337083427364,29.80337083427364,2983754
2022-12-13,31.409019470214844,32.01656371338633,30.21804131302365,30.28072485797052,5572110
2022-12-14,30.666465759277344,31.40901900579183,30.65682383499104,31.225793014594625,3352705
2022-12-15,29.26333236694336,30.512171335647142,29.00295808788016,30.45913155159502,5643962
2022-12-16,28.602746963500977,29.210291172224483,28.44362946840847,29.04152807453028,9907863
2022-12-19,28.36648368835449,29.02224309205007,28.27969165092892,28.61721419718402,2643667
2022-12-20,28.30379867553711,28.626856478609223,27.98556183457898,28.11092708250074,2772084
2022-12-21,28.72811508178711,28.87276785691058,28.207362884110807,28.47255994506381,2532143
2022-12-22,27.86019515991211,28.77150967981804,27.67696916710976,28.650965392224983,2562306
2022-12-23,27.667325973510746,28.0530673338854,27.392485139283806,27.879483261876832,1687872
2022-12-27,27.47445297241211,27.95663010812877,27.29604794721769,27.94698634469126,1716508
2022-12-28,27.064605712890625,27.691435680975,26.9440614175144,27.691435680975,1688736
2022-12-29,27.667325973510746,27.75411800951503,26.98263344940582,27.08871301326881,1923089
2022-12-30,27.416593551635746,27.71554287515788,27.416593551635746,27.61910707549787,1207237
2023-01-02,27.676971435546875,27.95181228663653,27.585356592276984,27.61428788584011,1321427
2023-01-03,28.00967025756836,28.73775693280557,27.676968691695965,27.69143341736352,3275655
2023-01-04,28.85348129272461,29.301906198125568,27.95663148192269,28.221828551726727,4613734
2023-01-05,28.679895401000977,28.916163003437045,28.28933126449392,28.819727209802736,2157835
2023-01-06,29.3694076538086,29.567100195046667,28.429161922804216,28.69435896504656,2887203
2023-01-09,30.063745498657227,30.213221081960143,29.35494631695092,29.702112624947507,4553046
2023-01-10,29.721399307250977,29.93355843098057,29.35012268008405,29.73104307099868,2781843
2023-01-11,29.82265853881836,30.28072723831258,29.759976828304,29.90945058037979,3718988
2023-01-12,30.266260147094727,30.685753755635268,29.6780034312067,29.914271045749228,3668918
2023-01-13,30.6616439819336,30.78218826526572,30.09749577947216,30.55074346199121,4155255
2023-01-16,30.632713317871094,30.85933716376262,30.420556037039766,30.85933716376262,1892101
2023-01-17,31.114892959594727,31.413844136713667,30.61825105083,30.801478894973872,3433582
2023-01-18,31.29812240600586,31.81405183958477,31.08114046856132,31.182397234547462,2792592
2023-01-19,30.23250770568848,31.47170099602494,30.20839921603428,31.09078428438481,3554279
2023-01-20,30.02034568786621,30.473593342848783,29.86122820000188,30.473593342848783,4040476
2023-01-23,30.815942764282227,30.965418348682054,30.271082048873744,30.430201397366456,2771863
2023-01-24,30.565210342407227,31.380090932376103,30.48324110685481,31.182396527987507,2756523
2023-01-25,30.979883193969727,30.979883193969727,30.36751796692216,30.570033334929665,2377500
2023-01-26,32.45052719116211,32.522850828541905,31.71761578347254,31.900845474754988,6200818
2023-01-27,33.00502395629883,33.24611252772167,32.035850547857166,32.15639483356859,4751973
2023-01-30,31.98762893676757,32.88930149134138,31.717610922015872,32.86037204082356,4475768
2023-01-31,31.74172592163086,31.98763364466372,31.21615086131339,31.63082354712421,3441477
2023-02-01,32.20943832397461,32.32515982154671,31.93459746804082,31.96834972477935,3580022
2023-02-02,34.77461624145508,35.17000134433452,33.44380632107471,34.71675366101434,9618599
2023-02-03,35.33876419067383,35.61360502233606,34.00313140900037,34.52388362016662,6095241
2023-02-06,34.71192932128906,34.938553152905776,34.16707050815058,34.75050437320668,3289965
2023-02-07,34.71675109863281,35.06391919821423,34.45637502394675,34.76014527172083,3138321
2023-02-08,34.24903869628906,35.266432667780826,34.22493204861083,35.13624646990432,2631588
2023-02-09,35.05427551269531,35.329116326770524,34.46119970908436,34.50459388454489,3326515
2023-02-10,34.13331985473633,34.84693995501031,33.815081179602544,34.72639567116623,3480465
2023-02-13,34.514244079589844,34.61067804592441,34.00313375760063,34.05135441948792,1974112
2023-02-14,34.56245803833008,35.025347657926325,34.17189572651568,34.33583419068282,3225824
2023-02-15,34.92891311645508,35.059099325311564,34.4756654287332,34.61549724044994,3211414
2023-02-16,34.80354690551758,35.382158015216206,34.50941854911686,35.19893202217958,3660103
2023-02-17,34.28300476074219,34.55057245418118,33.94732494558838,34.49219593789702,4342803
2023-02-20,33.97651290893555,34.268410334343606,33.791647756256395,34.268410334343606,2042465
2023-02-21,33.58732223510742,33.98624450650844,33.3732651147747,33.77705333299145,2550873
2023-02-22,33.33434295654297,33.56299419192649,32.90623245328277,33.509479915065256,2898788
2023-02-23,33.87434768676758,34.20029929182814,33.38785696404814,33.40245480349864,2620537
2023-02-24,32.687313079833984,34.15164749326592,32.687313079833984,33.98624242794657,7650499
2023-02-27,32.896507263183594,33.23704931814853,32.79920688202931,32.93542370401528,3215448
2023-02-28,32.609474182128906,32.90136788804393,32.38082293714602,32.78947709473093,4165699
2023-03-01,32.867313385009766,33.43651037473676,32.66785411057504,33.130018831430725,3066828
2023-03-02,32.71163558959961,32.71163558959961,31.33973188182783,31.621897395532947,4763901
2023-03-03,33.32461929321289,33.509484458214644,33.013265482878246,33.08137389691206,3022923
2023-03-06,34.01543045043945,34.073810673367376,33.344074589101844,33.519211546255946,3119140
2023-03-07,33.499752044677734,34.31705662149343,33.23704660445522,33.82083399719655,3477626
2023-03-08,34.54570770263672,34.66733038487648,33.33434311515536,33.33434311515536,4076955
2023-03-09,34.886253356933594,34.98841597524582,34.078680592909755,34.62841383762701,2159095
2023-03-10,34.64786911010742,34.84732837202383,33.57272508174693,34.156512451623264,4674071
2023-03-13,33.16407012939453,34.81813925177956,32.65325712135396,34.74030266982411,4856103
2023-03-14,33.97651290893555,34.13705575058399,33.02299146439106,33.47542801981762,3351234
2023-03-15,32.35163116455078,33.94732004767844,32.23973667176696,33.859751574256585,6513412
2023-03-16,32.98893356323242,33.20785660775813,31.724058470836603,32.91596292668672,5132007
2023-03-17,33.538673400878906,34.331651985020656,33.10083098475192,33.56786165807742,9094887
2023-03-20,33.53380584716797,33.626240272706866,32.13271389433298,33.08136932412287,4200912
2023-03-21,33.674888610839844,34.137053315383724,33.48515752483722,33.942456282870104,3535246
2023-03-22,34.12732696533203,34.317058061516,33.62137613829815,33.7089446220469,3482453
2023-03-23,34.92030334472656,34.96408943964543,34.06407863687297,34.14191893378222,4201395
2023-03-24,33.232181549072266,34.92030502533202,33.00353030543411,34.83273654290953,5218313
2023-03-27,33.71380615234375,34.06407632982381,33.30515204450626,33.514343188744995,2806047
2023-03-28,32.65812301635742,33.903541871898604,32.628934758806345,33.713810774556805,4066547
2023-03-29,34.91057205200195,35.25111404155482,34.13704994483283,34.29759275917746,7349848
2023-03-30,36.81762313842773,36.94411178309368,35.202473863971754,35.22679988812565,6405669
2023-03-31,36.66194152832031,36.93437514805075,35.76193442459966,36.79815833818553,5115362
2023-04-03,35.87382888793945,36.62789107759763,35.77653221710682,36.38951163591663,3116385
2023-04-04,35.50896072387695,36.19978044708119,35.49923254146791,36.19491450006164,3010763
2023-04-05,34.5311164855957,35.41166359152,34.30246522984895,35.3970694622817,3306928
2023-04-06,34.34138107299805,34.74516929583771,34.05921925216438,34.54084406679714,3140716
2023-04-11,34.370567321777344,34.793811838395754,34.35110724916062,34.5359723715755,3162255
2023-04-12,34.59922409057617,35.21706572093024,34.234356021597094,34.35597871125679,3665880
2023-04-13,35.28517532348633,35.382475705482555,34.409494155300635,34.54084503145797,3646419
2023-04-14,35.124629974365234,35.64517491815972,34.92030475417595,35.28030686283751,3346926
2023-04-17,35.26084899902344,35.401928041510565,34.84246668312674,35.226794797107644,2472660
2023-04-18,35.713287353515625,36.053829390187126,35.40192986217761,35.40192986217761,2873824
2023-04-19,34.80354690551758,35.79598842973127,34.70138429868186,35.688959876390136,2971791
2023-04-20,33.83543014526367,35.19273595110886,33.2565050164045,34.832733867304704,5736564
2023-04-21,33.70407485961914,33.86948362647626,32.9840707073125,33.742995006130165,4855214
2023-04-24,33.193267822265625,33.73326917775431,33.14461577456617,33.66516076493123,2194643
2023-04-25,32.92082977294922,33.266237776958896,32.83326128519817,33.08137261909782,3143484
2023-04-26,32.9986686706543,32.9986686706543,32.01109303580917,32.59488045482573,4503115
2023-04-27,31.524600982666016,33.00839549132001,30.658646215982504,32.896504701244034,7818599
2023-04-28,32.01595687866211,32.288394237962976,31.21325006511352,31.6219005366197,4826477
2023-05-02,32.62406539916992,33.344073273691606,32.59487714467226,32.97433929965996,5056399
2023-05-03,32.45379638671875,32.9840732162866,32.36622790622268,32.959747194959455,3893196
2023-05-04,31.86514472961425,32.064607722481234,31.115948515003307,31.90892711636265,4716359
2023-05-05,32.28839111328125,32.34190539055636,31.777574361702296,31.99163147080277,3188659
2023-05-08,32.3029899597168,32.59488369827078,32.273797987720215,32.54623536045016,2067954
2023-05-09,32.054874420166016,32.575419361202925,31.816494997874663,32.23001138272327,2289481
2023-05-10,32.49758529663086,32.83326140790603,31.884605880082628,32.147311344317586,3528437
2023-05-11,32.27865982055664,32.95974759812051,32.20082323229122,32.541365265258264,2958649
2023-05-12,32.85758590698242,33.03758882180092,32.390555229441624,32.390555229441624,3288989
2023-05-15,32.54136657714844,33.09596574555591,32.48785229672053,32.91110059329673,2051794
2023-05-16,33.27596664428711,33.47056367843739,32.82353011733034,32.86245026648634,3275712
2023-05-17,33.475425720214844,33.53867189013585,32.99380093998479,33.139749642662835,2302952
2023-05-18,34.798683166503906,34.88138570419395,33.83543354858828,33.88894782865358,3138377
2023-05-19,34.983551025390625,35.39220146693165,34.88138470337556,34.954359056973544,4429790
2023-05-22,34.983551025390625,35.04192753896517,34.60408512900706,35.017605228852375,2397983
2023-05-23,34.691654205322266,34.930037345268225,34.54084326049799,34.832736968260726,2172638
2023-05-24,32.81380081176758,34.43381595974302,32.6338016030792,34.3851676252767,4983098
2023-05-25,32.20082473754883,33.42191387829002,32.113256251888146,33.08137182940403,5842060
2023-05-26,33.61164474487305,33.835433760161806,32.268932922920115,32.60460902259338,4347613
2023-05-29,33.69435119628906,34.01543316897959,33.689485249415426,33.864622220566616,1569598
2023-05-30,34.146785736083984,34.871655888978395,33.62137485366681,33.8792143482892,4029584
2023-05-31,33.79164505004883,34.32192186621825,32.920826213682275,33.1008291167177,7135245
2023-06-01,34.594356536865234,34.59922248348199,33.806240208290745,34.03489144809117,3350276
2023-06-02,34.83760070800781,35.192736854604654,34.477598614961394,34.881383091165105,3906589
2023-06-05,34.419219970703125,34.968953172564376,34.01543176435461,34.832736358767235,3017459
2023-06-06,34.550567626953125,34.66246212024773,33.91813194857891,34.26353989764479,2459933
2023-06-07,35.60139083862305,35.73274169917017,34.52138085241262,34.589489255900695,3811549
2023-06-08,35.65977478027344,35.7667996314679,34.76462983707518,35.07598363167544,2855532
2023-06-09,35.83491134643555,36.29221013926573,35.42625717589819,35.77653111875022,3076369
2023-06-12,36.80302429199219,36.80302429199219,35.93220544403347,36.083016381895526,3508823
2023-06-13,37.3478889465332,37.67384053236267,36.86626419871307,36.97329274525742,3621914
2023-06-14,37.81005859375,37.858706922448135,37.03653643442028,37.17761918578557,3170727
2023-06-15,37.70790100097656,38.1019573409158,36.93924468585922,37.72249513036245,3254251
2023-06-16,37.03653717041016,37.834381654128926,36.96356653172767,37.703030792870805,10504677
2023-06-19,37.06086349487305,37.34302900552393,36.84194415377165,36.97816096260183,2142006
2023-06-20,36.340858459472656,36.97329793512012,36.175453381871606,36.83708111553573,2532770
2023-06-21,35.97112274169922,36.56950421081176,35.80084803120159,36.20463619396724,2256533
2023-06-22,36.13166427612305,36.18031631760832,34.99814371513138,35.406794139874194,2876076
2023-06-23,34.74030685424805,36.102478751390855,34.54570980847624,36.00031613747739,4686376
2023-06-26,34.89598083496094,35.24625103414908,34.28300149102984,34.80354641082024,3158957
2023-06-27,34.51651382446289,34.954356198616885,34.049483195908465,34.90084192446309,3417990
2023-06-28,35.09544372558594,35.270580699091134,34.52625041750905,34.77922398388877,3440192
2023-06-29,35.645172119140625,35.89814936281179,34.983548178809464,35.17327925574809,2844320
2023-06-30,36.76410675048828,36.99762394945829,35.445717230339824,35.62085420165984,5940039
2023-07-03,36.16572189331055,37.294384037666525,36.12193950579502,36.87600168046698,2767029
2023-07-04,36.39437103271485,36.46734538596267,35.654906741823616,36.14626342795391,1854495
2023-07-05,35.68408966064453,35.9857152101895,35.508952723699615,35.9857152101895,2543316
2023-07-06,34.219757080078125,35.35814734871371,34.015431858815006,35.35814734871371,4321771
2023-07-07,34.77922058105469,34.92516928190592,33.679754224726075,34.13219074340932,3388212
2023-07-10,35.299766540527344,35.34355263672066,34.43867957277618,34.57489638470249,2051547
2023-07-11,35.46517562866211,35.971126442806515,35.21706431242317,35.64517482671623,2961111
2023-07-12,36.584102630615234,37.2457303423962,36.03923537029903,36.24356059291761,4673023
2023-07-13,37.41114044189453,37.751682491568914,36.68627024379907,36.8176211167792,3369551
2023-07-14,37.53276062011719,37.76141185743305,37.21654090280013,37.61059720699062,2335947
2023-07-17,36.91491317749024,37.15329629413999,36.43328842116742,36.71058797318716,2599627
2023-07-18,36.82735061645508,37.12411028962954,36.75924220408357,36.9684333882618,1444793
2023-07-19,36.38950729370117,37.30897445638448,36.321398889919415,37.13869973530046,2916561
2023-07-20,35.74734115600586,36.321400376831,35.39220128320845,35.51382396803047,3732148
2023-07-21,35.89815139770508,35.951665674914004,35.2267955267609,35.4116606679001,2913384
2023-07-24,35.83004379272461,36.82734758412171,35.64517493582667,35.844637921083965,2993298
2023-07-25,36.33599090576172,36.53058421289701,35.781391814841406,35.99544519501612,2271506
2023-07-26,35.86409378051758,36.58896385965689,35.6257143848652,36.180313467109954,2834897
2023-07-27,37.85870742797852,37.8830334484672,35.31435934632897,36.07328738834623,5886577
2023-07-28,38.31114959716797,38.39385214042776,36.98302811134888,37.65438777497112,3331541
2023-07-31,38.91925811767578,39.181963555365655,37.93168253680051,38.2916846351327,3900253
2023-08-01,38.25276565551758,38.89493328562354,38.25276565551758,38.89007105058358,2847098
2023-08-02,37.43546295166016,38.08249656110366,37.10464908238024,37.49384317975543,3325140
2023-08-03,33.94245910644531,34.64787294403482,32.87218090603155,34.05435361572847,14841361
2023-08-04,33.32461929321289,34.34624921535031,32.662991518344235,34.05435548211536,6896523
2023-08-07,33.70407485961914,34.03975462792516,33.227316055562206,33.25650430963074,4697092
2023-08-08,32.61433792114258,33.42677652296033,32.57055182682286,33.27596558929932,4218969
2023-08-09,33.09109878540039,33.811106719890724,33.018128143078584,33.27596764362849,5055167
2023-08-10,33.50461959838867,33.918135997385065,33.25164232753754,33.29542842548981,3921614
2023-08-11,32.45379638671875,33.49002031289756,32.45379638671875,33.19812661512054,3850901
2023-08-14,32.56082534790039,32.6240678078578,32.05487453335178,32.20568547489702,2772817
2023-08-15,32.054874420166016,32.85271893331361,31.797034922965,32.74082814212023,4013798
2023-08-16,32.02082061767578,32.39055462232665,31.865143728080124,31.92352395353968,2271774
2023-08-17,31.29594993591309,31.97703770860078,31.222975583191232,31.879737334428388,3496572
2023-08-18,31.130544662475582,31.213249057000954,30.624593824835053,31.140274700408863,4566699
2023-08-21,31.26189613342285,31.55865578309898,31.16459575800374,31.193787726444377,2401805
2023-08-22,32.1083869934082,32.35649829579537,31.510001784504947,31.621896281386867,3212770
2023-08-23,31.98190116882324,32.371095257163425,31.13054420407021,32.230012492930854,4416678
2023-08-24,31.18405532836914,32.78947623631736,31.18405532836914,32.65325942456509,4437610
2023-08-25,31.111083984375,31.50514216187732,30.64891739847313,30.721891753652613,2810828
2023-08-28,31.71919631958008,31.8116307524367,31.295951730457585,31.665682038624134,2743023
2023-08-29,32.322444915771484,32.45866172473816,31.626763031437672,31.972171000354507,3136712
2023-08-30,32.11811828613281,32.35650143049111,31.874872906556547,32.12298423298072,2904974
2023-08-31,32.12298583984375,32.434339644345584,31.996497196880465,32.293256871738485,4216972
2023-09-01,31.98676490783692,32.453795554631824,31.91865650382284,32.113253534561466,2987561
2023-09-04,32.2689323425293,32.75542309259319,32.113255450974044,32.1862298058096,2228350
2023-09-05,31.962440490722656,32.2056858634424,31.860277879575943,32.13271522093034,2754629
2023-09-06,32.17649459838867,32.42460589462426,31.72892404521704,31.967303448940925,2702404
2023-09-07,31.33000373840332,32.0646057795863,31.00891993099909,31.928385257486568,3926363
2023-09-08,31.33000373840332,31.61216925245105,30.916485504624564,31.534328954108343,3120239
2023-09-11,31.36892509460449,31.92352425093241,31.2813566114143,31.45649357779468,3286849
2023-09-12,31.60243797302246,31.91865769582828,31.106217196340893,31.35432665677423,2757594
2023-09-13,31.43703269958496,31.55378943698006,31.10135290399057,31.427300806351344,2952750
2023-09-14,31.860275268554688,31.962437871328945,31.13540515651093,31.44675891114568,3436624
2023-09-15,31.471088409423828,32.27379519303082,31.43703420473523,32.25433882889157,8388439
2023-09-18,30.551618576049805,31.354327196046537,30.18675051537449,31.28135655321536,4293465
2023-09-19,30.201345443725582,30.5418874704631,29.933774057267737,30.28404797712902,3226984
2023-09-20,30.673240661621094,31.01378454940499,30.249994239163264,30.26945431408004,3003908
2023-09-21,30.595401763916016,30.819187054694552,30.147831182358946,30.21107364117797,3837394
2023-09-22,30.546754837036133,30.6002691168154,30.128372492378222,30.27918529395478,2973922
2023-09-25,30.23053359985352,30.48837309233481,29.666204428507264,30.44945479904276,3063558
2023-09-26,29.787826538085938,30.29377733185999,29.656473821097592,29.95809940343297,2921270
2023-09-27,29.933773040771484,30.25972278419927,29.714853704107146,29.802420325284,2772086
2023-09-28,30.5127010345459,30.541889292398952,29.69539640999092,29.958101865558227,2952183
2023-09-29,30.5078353881836,31.0818946386042,30.502971297098497,30.989462061467485,4039057
2023-10-02,30.56134796142578,31.08675884837552,30.32296853946202,30.80459333001772,2893950
2023-10-03,30.3083724975586,30.60026805280086,30.07485716685371,30.347292647250185,2719530
2023-10-04,31.505142211914062,31.78730402789037,29.398636360072736,29.86566703768134,6525228
2023-10-05,31.130544662475582,32.37596168071037,31.081894472809203,31.772710463737063,4221161
2023-10-06,31.8067626953125,31.831088716544,31.057568379079783,31.23756943014074,3534105
2023-10-09,31.081892013549805,31.879736502801737,31.042973720710965,31.62189701332308,2917633
2023-10-10,32.040279388427734,32.118115974241825,31.24243489777755,31.471086131981508,3338153
2023-10-11,31.82622337341309,31.99163215533813,31.40784103938066,31.67054648481705,3193758
2023-10-12,32.16676712036133,32.29325203274129,31.74838481232403,32.14244110018003,3068375
2023-10-13,31.242435455322266,32.20568502778585,31.242435455322266,31.9673056079622,3161457
2023-10-16,31.052703857421875,31.271623198948664,30.45918457925454,31.081892113190868,3046142
2023-10-17,30.77540397644043,31.072163630369385,30.04080376174025,30.84351424020989,3237020
2023-10-18,30.279184341430664,31.062432870512804,30.13810158205352,30.38134695098726,3356876
2023-10-19,29.252689361572266,30.18675071220024,29.213769210721967,29.889991057318973,4939148
2023-10-20,28.605655670166016,29.05809221520325,28.01213821833749,28.668899987164483,5625466
2023-10-23,28.294300079345703,28.7710607601986,27.720240883748087,28.707816447242298,3665980
2023-10-24,28.284570693969727,28.51808602124841,27.812674092864853,28.124029718384627,3183726
2023-10-25,27.987812042236328,28.255383437367204,27.69591833676709,28.255383437367204,3049076
2023-10-26,28.58133125305176,28.97052347767501,27.09266890607603,27.44294283614441,6481865
2023-10-27,28.34295082092285,28.951064270062083,28.051057107662007,28.89755184542241,3273883
2023-10-30,26.54293632507324,28.89268571238108,26.54293632507324,28.702954614402707,7339062
2023-10-31,26.732666015625,27.029425658199088,26.33860785577525,26.562393146438875,5822969
2023-11-01,26.907804489135746,27.00023706504883,26.358069413048,26.805640019551323,3848759
2023-11-02,27.749431610107425,28.454843537876847,27.209426604326588,27.24348080686999,5386761
2023-11-03,28.39646339416504,28.67376296183592,27.75916172550366,27.91483861065872,4832547
2023-11-06,28.40619468688965,28.73214445546128,28.25051779485437,28.60565582079828,3423176
2023-11-07,28.70781707763672,28.91214414866895,28.15321794397257,28.2456523701265,4388611
2023-11-08,28.620250701904297,28.74673747587592,28.187272390820407,28.5083562002413,3508807
2023-11-09,28.897550582885746,29.01430732076298,28.308895379417987,28.41105984482918,3029069
2023-11-10,28.51322364807129,28.702954746925656,28.201869859611303,28.51322364807129,4042403
2023-11-13,28.824575424194336,28.824575424194336,28.3283546625484,28.65430441295963,4294358
2023-11-14,29.77809715270996,30.065126757785265,28.673762972363107,28.853765878739303,5996290
2023-11-15,32.662986755371094,32.95974639251451,29.95809953065892,30.609995316102065,11817156
2023-11-16,33.042449951171875,33.2467751698275,32.371094070604926,32.44893065844193,7871026
2023-11-17,32.67272186279297,33.11542653301191,32.580287428861865,32.950021452956264,5195578
2023-11-20,32.99380111694336,33.1202897458341,32.63866125139119,32.8137982108923,2786514
2023-11-21,32.49758529663086,33.45110677146697,32.45379919677667,33.12515513095708,4574522
2023-11-22,32.56082534790039,32.84299086764227,32.07433460833016,32.40514845970311,4760153
2023-11-23,32.594879150390625,32.69217581245631,32.38568798648263,32.61433922512971,1848553
2023-11-24,32.80406951904297,32.80406951904297,32.29811872298152,32.60460654152514,2636781
2023-11-27,32.69217300415039,33.13001536909416,32.59001040426841,32.66298475036395,2406649
2023-11-28,33.34893798828125,33.40245226063682,32.813795264725485,32.98406997401835,3741104
2023-11-29,34.735435485839844,35.10030349785154,33.43164030778619,33.43650625386923,6910159
2023-11-30,34.5894889831543,35.49436200708035,34.41435202938605,34.84732846741599,6882000
2023-12-01,35.15868377685547,35.57706610578497,34.62354471081045,34.706247244949374,5011460
2023-12-04,35.03219985961914,35.40193015632599,34.79868266708284,35.051659934966324,3320367
2023-12-05,34.934898376464844,35.19760381788688,34.62841055062067,34.803547511568695,4775725
2023-12-06,35.810585021972656,35.94193589362062,35.42139093060918,35.46517702891179,4648618
2023-12-07,35.44571304321289,35.58679579297876,35.26084791160392,35.45544122419041,2954604
2023-12-08,36.15598678588867,36.29220358090876,35.46030497278241,35.65490198493794,3770698
2023-12-11,35.90787887573242,36.20463851203018,35.83977047182437,35.92733894993896,3391520
2023-12-12,36.141395568847656,36.37977497932204,35.971124561365954,36.24355817333668,2768993
2023-12-13,36.03923034667969,36.39436646339943,36.010038382067734,36.23382736036564,2417494
2023-12-14,37.3430290222168,37.60086851213626,36.3992358297149,36.54031858510341,7397518
2023-12-15,37.86357116699219,38.28195345592477,37.39654055154803,37.4938372045712,9978637
2023-12-18,36.92464828491211,37.63492432716048,36.65707689053129,37.16302771068695,4026610
2023-12-19,37.03653717041016,37.34302869939517,37.00734891493716,37.14356572265066,3453168
2023-12-20,36.74464416503906,37.10464626521854,36.58896728023472,36.97329540151445,3098558
2023-12-21,36.84194564819336,36.93924231226737,36.01977510373764,36.46734569708581,2699277
2023-12-22,36.60356140136719,36.79815843524349,36.45761640968224,36.63761560392332,2208677
2023-12-27,36.96356964111328,37.0705944907271,36.83708100404064,36.93924361841971,1583103
2023-12-28,36.6473503112793,37.13384107751437,36.51113349059428,37.09978687234312,1549306
2023-12-29,36.77870178222656,36.78356772922432,36.58410473024684,36.720325264773685,1154724
2024-01-02,36.05869674682617,36.99762406936765,35.786259395206535,36.778700998693125,2733145
2024-01-03,34.68192672729492,35.89328768049091,34.3803011198951,35.46031120100258,3901725
2024-01-04,33.971649169921875,34.832736144195025,32.83812485810288,34.62841092475798,7003267
2024-01-05,34.185699462890625,34.34624228283613,33.46082936747985,33.56785791411019,3156824
2024-01-08,34.86193084716797,34.94463338843298,33.95705770538703,34.05435437609528,2707585
2024-01-09,34.24894714355469,34.677057637383385,33.89867323422684,34.63813748931816,3465761
2024-01-10,33.84516143798828,34.49706097513439,33.40731901925282,34.44354669553173,4514351
2024-01-11,33.34407424926758,34.29272966449245,33.13001714567648,34.22462126091885,3645395
2024-01-12,33.339210510253906,33.893809668433555,33.1689394900461,33.73813277686786,3219400
2024-01-15,32.891639709472656,33.39272458514181,32.73596281886059,33.08137080391768,2743890
2024-01-16,32.70677185058594,32.78947437994909,32.14244084912775,32.50730887922,3369919
2024-01-17,31.65595245361328,32.34190618185197,31.49054738281036,32.04028058543335,4234796
2024-01-18,33.17866516113281,33.20299118144872,32.278658083888324,32.49271518545357,5071346
2024-01-19,33.2662353515625,33.78678029312205,33.20299289176491,33.4705642825043,3811806
2024-01-22,33.71866989135742,34.15164632592872,33.577587140191675,34.054349668670056,3703159
2024-01-23,33.87921524047852,34.112732431578934,33.67975596474864,33.854889218536655,2752245
2024-01-24,33.9619140625,34.25867368191474,33.130015423554056,33.57758596995256,5507891
2024-01-25,33.70894241333008,34.02516212346027,33.115423141436715,33.139749162073514,4441999
2024-01-26,33.417049407958984,33.61164273051858,32.94515280632955,32.99380113696945,3714972
2024-01-29,32.61433792114258,33.305153844426066,32.49758118900598,33.198125293455185,3002826
2024-01-30,33.29542541503906,33.44623634757576,32.66785195308537,32.98407165724291,3588656
2024-01-31,32.833255767822266,33.10082713310662,32.66785071410425,33.06677293312765,3404848
2024-02-01,32.48298645019531,33.382997326555255,32.3662297069147,32.789478004798084,3363743
2024-02-02,32.69704055786133,32.940285915719215,32.23487586258319,32.526769549686726,3350395
2024-02-05,33.71866989135742,33.9570530114114,32.48784899005051,32.667851888771544,6300409
2024-02-06,32.69217300415039,33.97650813356584,32.259196585380835,32.920824223156,8966397
2024-02-07,31.01865005493164,32.298121273932786,30.84837903118138,32.108390174378215,8476622
2024-02-08,32.254337310791016,32.55595919194233,30.882431726673417,31.402978522016603,6881241
2024-02-09,32.73109436035156,33.168936741482334,32.17649524812911,32.20568350299464,4747221
2024-02-12,33.339210510253906,33.41218486509436,32.87704578231416,32.92082816824051,3356553
2024-02-13,31.68514060974121,33.04731616853098,31.25703009405604,32.98407370841845,6935413
2024-02-14,32.10352325439453,32.10352325439453,31.54405815477657,31.64135853084873,3654068
2024-02-15,32.43920135498047,32.969474458147815,32.33703874918574,32.385687078855184,4046968
2024-02-16,32.55596160888672,33.08623848102413,31.957580037151427,32.7748846835165,4963059
2024-02-19,32.244606018066406,32.4392030585935,32.14730935361777,32.22028370776916,1555069
2024-02-20,31.68027687072754,32.13757562142733,31.40783954492532,31.986764686671723,3741267
2024-02-21,32.0062255859375,32.41487601773197,31.70459999702036,32.09379406584056,3744507
2024-02-22,32.701908111572266,33.60191523755584,32.57541948001297,33.04245014465909,5381637
2024-02-23,32.205684661865234,33.100829530124024,32.14730815003359,32.71163546364113,3833087
2024-02-26,32.67279052734375,32.839967034668895,32.13193241784903,32.299108925174174,3182174
2024-02-27,33.99052047729492,34.07902480684911,32.68262733087871,32.712127523631395,4458440
2024-02-28,32.61870574951172,33.70042576649827,32.39744679785111,33.70042576649827,6488738
2024-02-29,32.54495620727539,32.95305597988432,32.26469310979876,32.692460928881026,5853136
2024-03-01,33.420162200927734,33.49391643419576,32.77604964973232,33.0415588874234,4461640
2024-03-04,33.02189636230469,33.76434543010481,32.88422003555658,33.73976318522918,3641357
2024-03-05,32.6088752746582,33.213655525536105,32.42694865418031,32.75638375086151,4171657
2024-03-06,33.26773834228516,33.38574286050045,32.66787610180542,32.79079856907435,4291965
2024-03-07,34.29045104980469,34.29045104980469,32.76129522874429,33.05139420750971,5407682
2024-03-08,33.725006103515625,34.54121308158147,33.68075581620399,34.43795865989169,5160008
2024-03-11,33.16939926147461,33.29232173298228,32.54986895471303,33.09564502831078,4811810
2024-03-12,34.30028533935547,34.45762594292287,33.21365120982815,33.316905629235265,4402099
2024-03-13,34.31011962890625,34.82639550948445,34.20194725382921,34.71330518518678,4579476
2024-03-14,33.390663146972656,34.61496995631244,33.07597815754325,34.413375295257254,5440484
2024-03-15,31.379648208618164,32.825217666232696,31.227223669530467,32.74654548426636,18947241
2024-03-18,31.46815299987793,31.84183836711441,31.241976100346847,31.718915894458632,5635588
2024-03-19,30.79453659057617,31.55665550175285,30.6716141250429,31.153469964855564,5562838
2024-03-20,30.48477363586425,31.08955198453025,30.17992642468709,30.84370703585392,4465573
2024-03-21,31.3599796295166,31.64024270823464,30.93712603688293,31.61566046526052,4628551
2024-03-22,30.69619941711425,31.07971692403981,30.578193020403603,31.074800850515555,4008375
2024-03-25,30.36676597595215,30.794537519376576,30.145507031837205,30.69128121972184,4224110
2024-03-26,30.833873748779297,31.21247520385516,30.189761168288285,30.214345288613075,3656432
2024-03-27,30.951879501342773,31.04529990687165,30.57819412793103,30.82403907730524,3598568
2024-03-28,30.99121284484864,31.31081202029089,30.7896200670668,31.14855345796382,4602198
2024-04-02,30.25859642028809,31.340314558405865,30.13567394722125,31.020715378172856,4743381
2024-04-03,30.986297607421875,31.24689265324181,30.41101945123207,30.706034515519804,5296014
2024-04-04,31.350147247314453,31.502571791784067,30.80928910673525,30.98629777111336,4115006
2024-04-05,31.07480239868164,31.300979305026623,30.77978733003119,30.838791469150163,4784653
2024-04-08,31.79266929626465,31.979510099344992,30.97646229856913,31.06004867747644,4053741
2024-04-09,32.98747253417969,33.27265356735981,31.80741981299979,31.81233401090916,6895925
2024-04-10,33.0317268371582,33.86759814652484,32.85963612655873,33.592253009565695,6147316
2024-04-11,32.25485610961914,33.125149317692326,32.06309735217173,32.94322270749773,4020570
2024-04-12,31.527156829833984,32.90880420859924,31.32064610244873,32.83504997546563,4636445
2024-04-15,31.80742073059082,32.39252915885469,31.50748959243785,31.51732173983634,4664400
2024-04-16,31.55665779113769,31.60582603065889,30.82895696746497,31.16822232171668,4078338
2024-04-17,30.971546173095703,31.51732036094348,30.863373799963767,31.128886783661407,3395233
2024-04-18,30.37168312072754,30.85845503566649,29.81115697593821,30.779784732461813,5267723
2024-04-19,29.6341495513916,30.057003151986912,29.619399455070205,29.806240260634784,5660217
2024-04-22,29.30963516235352,30.042252061072137,29.289967116249468,29.64890051723179,5021424
2024-04-23,29.30963516235352,29.589898254567768,29.167044641571355,29.50139392274768,5505302
2024-04-24,30.90762710571289,31.959843181110365,30.814204825230245,31.959843181110365,9134155
2024-04-25,32.01884460449219,32.353193854862475,29.919326829707995,29.9979971312276,9818584
2024-04-26,32.48103332519531,32.643291891165674,31.93034304257524,32.304024662554234,4754203
2024-04-29,32.25485610961914,32.68754561466657,31.97459302171168,32.5646231418774,2845541
2024-04-30,32.17618942260742,32.92847439666581,31.999180752088225,32.80063396766943,3734557
2024-05-02,30.8142032623291,31.954923611037835,30.8142032623291,31.65007829237092,4476265
2024-05-03,30.91254234313965,31.56648891058725,30.892876173360445,30.902708320426022,5201339
2024-05-06,31.68449783325196,31.7189159756318,30.98137926216162,30.98137926216162,3783613
2024-05-07,35.7802734375,36.02120419660507,32.91372408615665,33.002228420843004,16361129
2024-05-08,35.46067428588867,36.2031232784177,35.01815265873154,35.66718312813002,5462738
2024-05-09,36.2768783569336,36.38996867869039,35.42133902527662,35.500007454558535,3910537
2024-05-10,37.368431091308594,37.515939556661145,36.30146494598624,36.30146494598624,6893861
2024-05-13,36.56206130981445,37.49627287124167,36.453888931471816,37.27009596711445,3860270
2024-05-14,36.581729888916016,36.71448451344561,36.10970802760503,36.63089812943452,3067776
2024-05-15,37.368431091308594,37.42251727851812,36.5768100799285,36.68006450515685,3271574
2024-05-16,36.47847366333008,37.57985795218985,36.47847366333008,37.56510785588978,4758466
2024-05-17,36.38996887207031,36.38996887207031,35.50492559234539,36.30146454409782,4790811
2024-05-20,36.87182235717773,36.91115844714877,36.21787768006524,36.24737787189551,1736706
2024-05-21,35.745853424072266,36.69481505974255,35.67701713972695,36.68498291253442,3451357
2024-05-22,37.08324813842773,37.18158836066839,35.51967424211245,35.70651878872174,4663403
2024-05-23,37.4372673034668,37.95845737780625,36.96032751787114,37.62410810810077,4598035
2024-05-24,37.37826156616211,37.37826156616211,36.69973090874795,36.82265337394373,2410659
2024-05-27,37.42743682861328,37.62410978910095,37.17667392730636,37.5061052625491,1566671
2024-05-28,37.64869689941406,37.76178723120919,37.32909770221535,37.54544246671227,2477692
2024-05-29,36.44897079467773,37.66836339250233,36.350634315578944,37.61919515295293,3239201
2024-05-30,36.46863555908203,36.72431638380509,36.11953621301037,36.23754072756938,1859044
2024-05-31,36.21295928955078,36.66531306481542,35.83435599296279,36.19329124480502,6939292
2024-06-03,36.30637741088867,37.17667056259453,36.28179516870068,36.81773531472743,2417530
2024-06-04,36.09986877441406,36.91607574610726,36.0703685831033,36.29654546950968,3196628
2024-06-05,36.60139465332031,36.8619896808674,35.88352790249192,36.33588167677349,3127750
2024-06-06,36.05070114135742,37.27009367030594,35.868774538874746,37.19633943949967,2992281
2024-06-07,37.37826156616211,37.57493826073454,36.1637907611164,36.188373003378,3817408
2024-06-10,37.088165283203125,37.3782604921073,36.69481190536117,37.36842834574438,2148111
2024-06-11,37.02425003051758,37.16683679675678,36.74890114262691,36.98983188844326,2219509
2024-06-12,37.86995697021485,38.00763330247527,36.90624515217074,37.14225797046357,3278093
2024-06-13,37.29959487915039,38.16005217566149,37.13733631721151,38.13546618095701,4069532
2024-06-14,35.89336395263672,37.42251989510618,35.80977756703075,37.38318380142231,4580273
2024-06-17,35.54917907714844,36.57189115506237,35.47542484643979,36.19329160599216,3216631
2024-06-18,35.38692092895508,35.94252913763099,35.01323557332821,35.86386070824936,3559599
2024-06-19,34.11344146728516,35.28366574626749,33.916768522413875,35.170575426800134,4605005
2024-06-20,34.403541564941406,34.57563227298799,33.95118777484865,34.31011928716065,4548021
2024-06-21,33.37590789794922,34.01510624618334,33.10056276396337,33.69058912287479,10936499
2024-06-24,33.4398307800293,33.784012205709416,33.154649740867946,33.37590869290571,2893428
2024-06-25,33.50374984741211,33.636508222570505,32.422033556258555,32.74654694308611,3558921
2024-06-26,33.798763275146484,34.52646599062454,33.616840409749194,33.81351337220072,3163951
2024-06-27,33.425079345703125,34.00035559901528,33.2923209787566,33.9364335144499,3237582
2024-06-28,33.73484420776367,34.393706870576324,33.336576590729045,33.59225368716327,3684955
2024-07-01,33.79384994506836,34.30520416213323,33.55783713224916,34.29045406470011,2745520
2024-07-02,33.57258605957031,34.00527557610883,33.31199101054394,33.72992667886716,3340695
2024-07-03,34.15277862548828,34.41337366176365,33.85284749848937,34.12327843309366,3264656
2024-07-04,34.398624420166016,34.850978220836865,34.12819723013931,34.74772379359435,2044738
2024-07-05,35.18532943725586,35.627851115043136,34.67888942040346,34.67888942040346,3213070
2024-07-08,35.11157989501953,35.64752012104465,34.905067272298496,35.08207594817568,2386226
2024-07-09,34.398624420166016,35.25416378252978,34.177365469117234,35.224663589402255,2781781
2024-07-10,34.80672836303711,34.850978653277465,34.418292893088136,34.61988755208413,2276233
2024-07-11,34.71330642700195,35.44100913454606,34.65922023752858,35.06732375762901,2283656
2024-07-12,35.485260009765625,35.6573507285174,34.31995732043479,34.487130089709,2774252
2024-07-15,35.150909423828125,35.5885131287885,34.82147809560784,35.391840172493275,2086420
2024-07-16,34.64938735961914,35.126327156032424,34.56088302882805,34.914900351992394,1551438
2024-07-17,34.349456787109375,35.09682378612747,34.07902584101611,34.41829307315198,2946206
2024-07-18,33.892181396484375,34.45762547234049,33.4250775410748,34.32486711256162,2984941
2024-07-19,32.54986953735352,34.142947497542146,32.47120110485443,34.02493922184922,4551932
2024-07-22,33.64142227172852,33.95610350962694,32.559705985364715,32.559705985364715,3051881
2024-07-23,32.52036666870117,33.287401641121924,32.33352587450265,33.18906517076394,4326477
2024-07-24,32.04834747314453,32.780964365577056,31.994261284646537,32.35319655819719,3143925
2024-07-25,29.97341537475586,30.54869352389776,29.6095659049345,30.48477331273797,8366481
2024-07-26,30.214344024658203,30.642113702488786,29.62431578330508,29.919328966157607,3294869
2024-07-29,30.89287757873535,31.19772479413358,30.12092270360658,30.435605817813936,4136138
2024-07-30,31.07480239868164,31.41898570761644,30.927295802180485,31.00596611202431,3214319
2024-07-31,31.51732063293457,32.07784679736818,31.42881630427157,31.95984227624955,3838675
2024-08-01,30.58311080932617,31.9008379577436,30.34709989278956,31.80741943173589,4288979
2024-08-02,29.03920555114746,29.72757027110707,28.621268019654195,29.42272306477708,6632170
2024-08-05,29.42763900756836,29.968499009040915,27.337956986335826,27.534633691534584,8435325
2024-08-06,29.240798950195312,29.8209931821874,28.75894307332272,29.50139399696107,5633198
2024-08-07,29.865243911743164,30.31759769762805,29.073622910796583,29.412888250210248,3729501
2024-08-08,29.81607437133789,29.84557643971576,29.23096408253729,29.388304695923136,3690718
2024-08-09,29.663652420043945,30.28318086568308,29.58989818515085,30.042251990594018,2641825
2024-08-12,29.77674102783203,29.993083908661184,29.68331874639026,29.87016143362569,2101810
2024-08-13,29.796405792236328,30.081586821171925,29.51122663894876,30.06683672507113,2185749
2024-08-14,29.870161056518555,30.248762499925864,29.702986417554914,30.106171980529325,1864465
2024-08-15,31.133804321289062,31.16822246424091,29.96358183398201,30.06192018912219,4080729
2024-08-16,31.020715713500977,31.728748490786348,31.020715713500977,31.51240373543529,3584675
2024-08-19,31.035463333129883,31.227222077778134,30.83387056623712,30.95679303082168,1959526
2024-08-20,31.10921859741211,31.5271561162968,30.99613015130864,31.44356786226065,1928914
2024-08-21,31.576324462890625,32.00901020365982,31.07480056388049,31.16822096516401,3166508
2024-08-22,31.58124351501465,31.910674843400088,31.49273918411896,31.54682537251612,1968641
2024-08-23,31.66482925415039,31.832002013952525,31.11905318324981,31.50748864144997,2650116
2024-08-26,31.605823516845703,31.84675049724445,31.34031241864169,31.468150956617848,1507134
2024-08-27,31.85167121887207,32.06309802656832,31.448485649695066,31.50257183896361,2077970
2024-08-28,31.80742073059082,32.136852062235484,31.71891639881952,31.959843398692872,2572553
2024-08-29,32.31385803222656,32.559702960954645,31.56648734816748,31.82708612370781,2470761
2024-08-30,32.45153045654297,32.589203015848234,31.82216804183554,31.959840601140804,4948265
2024-09-02,32.27452087402344,32.353193049231955,31.448481790812963,32.27452087402344,2161680
2024-09-03,30.76503562927246,32.38761373314346,30.68636532352977,32.3040236025918,3769479
2024-09-04,29.58989715576172,30.175007438268448,29.28504995506181,29.97341466230831,4071885
2024-09-05,29.54564476013184,29.855409907573502,29.206379420508693,29.275215703129504,2412653
2024-09-06,28.49834632873535,29.66365274935334,28.49834632873535,29.54073027359897,4209581
2024-09-09,28.749107360839844,29.16704300097807,28.532762617160568,28.81794364268397,2673859
2024-09-10,28.045991897583008,28.83761292402538,27.89848530507188,28.788442809422943,3389602
2024-09-11,28.400007247924805,28.601600027989186,28.03123983007668,28.35083900913762,2757498
2024-09-12,28.768774032592773,29.437472569010147,28.768774032592773,29.1178752726314,2943718
2024-09-13,29.32930374145508,29.35880393549914,28.71469135689524,28.90153217133476,3065354
2024-09-16,28.56718063354492,29.206378963649296,28.44425816631685,29.206378963649296,2773837
2024-09-17,29.48664283752441,29.58497931345192,28.640935639881896,28.69993790056801,2502792
2024-09-18,29.67348289489746,29.816073407308085,29.07853860254032,29.334217559937567,2303734
2024-09-19,30.3225154876709,30.80437324429318,29.95374805956993,30.00291817537228,3815994
2024-09-20,28.586849212646484,30.017666682892376,28.395090460291065,30.017666682892376,11375016
2024-09-23,28.5425968170166,29.034286691127647,28.28200178394512,28.970366482311768,3330673
2024-09-24,28.99987030029297,29.70790308651325,28.74419132524584,29.137542873146,3033630
2024-09-25,28.970367431640625,29.15721011510691,28.57701589459167,29.009703523169563,2717241
2024-09-26,30.12583923339844,30.558526853852,29.619399256185048,29.648899448629763,5073186
2024-09-27,32.1515998840332,32.1515998840332,30.49952164206228,30.55852577616693,7120848
2024-09-30,30.93712615966797,32.3286094118503,30.78961957170168,31.86150552923172,5146738
2024-10-01,30.096336364746094,31.07971610057036,29.93899575706605,31.00104579673033,3811926
2024-10-02,30.12583923339844,30.29792994148608,29.53089492755482,30.209425612855853,3317299
2024-10-03,29.265380859375,29.929161423905818,29.17196046067486,29.929161423905818,3240761
2024-10-04,29.860326766967773,30.03733542730753,29.15229400125681,29.19162821708338,2967671
2024-10-07,29.929162979125977,30.16025782686128,29.40797289788203,30.066837423306705,2096496
2024-10-08,29.37846946716309,29.575146163645968,28.77860723097349,29.17687669730973,3789685
2024-10-09,30.096336364746094,30.25367697242613,28.76877334625373,29.108040555527825,3875004
2024-10-10,29.904579162597656,30.23892844011747,29.525977719651745,29.816074831745464,2895186
2024-10-11,29.909496307373047,30.037334850916384,29.44730661965536,29.899662284693093,3283761
2024-10-14,30.52902603149414,30.789621078845578,29.929163752000363,30.03733613043973,2959324
2024-10-15,29.96849822998047,30.94696003000565,29.78165555246361,30.873207674209432,4527655
2024-10-16,29.870161056518555,30.125840026442248,29.481725590154788,29.7570726059914,3749927
2024-10-17,30.37168312072754,30.779784732461813,30.150422306824392,30.4651035196431,3863310
2024-10-18,30.253677368164062,31.26164311108718,30.16025696727204,30.411017977902222,3373247
2024-10-21,29.476810455322266,29.771823650819726,29.32438590811462,29.50139457567236,3408173
2024-10-22,29.18179512023925,29.59973266500344,29.142460903164498,29.255549356270624,5175806
2024-10-23,29.845577239990234,30.80437291802724,29.70790279285,30.17992652131235,4850011
2024-10-24,30.120922088623047,30.843706833189646,30.02258561031714,30.278264580338305,3264577
2024-10-25,30.18975830078125,30.583109815560736,29.76690471902531,30.071751908523417,2650005
2024-10-28,30.465103149414062,30.61752768061677,29.24079645344173,30.48968726718277,4567033
2024-10-29,30.278263092041016,30.8732073845291,29.978331971265764,30.509356055478467,2807354
2024-10-30,29.226045608520508,29.963580423891145,29.07362294709198,29.64398312928602,3929927
2024-10-31,28.5425968170166,29.50630852011873,28.41475827503286,28.89169617747992,5154649
2024-11-01,28.88186454772949,29.08837339824285,28.350838573869908,28.61143361160764,2930259
2024-11-04,28.69502067565918,29.16704249350457,28.454091817748605,28.832693236952093,2680056
2024-11-05,28.85236358642578,28.935949969417063,28.341005638420388,28.59176853869048,2667274
2024-11-06,27.92798614501953,29.2899674028581,27.58380283742328,28.577016667619034,4855473
2024-11-07,28.45901107788086,28.783526327056418,27.75097644284469,28.011573357416864,4610766
2024-11-08,28.30658721923828,28.79336104253625,27.94273774583408,28.488511955940385,3784770
2024-11-11,29.265380859375,30.25367665833279,28.444257813149672,28.670436575533543,5957683
2024-11-12,30.33726692199707,31.12397000439566,28.69993866996688,28.906449401376573,8690421
2024-11-13,28.911365509033203,30.38151912332597,28.793360984358745,30.14059024900612,6130491
2024-11-14,30.253677368164062,30.35201571816242,28.822859908849647,29.427638229214708,4475718
2024-11-15,29.78657531738281,30.120922726874163,29.412889939568974,29.59973262847589,4475234
2024-11-18,29.24571418762207,29.97341499366057,29.206379972087912,29.535811295322723,3246538
2024-11-19,28.616352081298828,29.52597763097796,28.036157858853866,29.432557226758146,4255012
2024-11-20,28.63602066040039,29.063790349102,28.16891487930649,28.85236354161368,3194329
2024-11-21,28.581933975219727,28.70485644834048,28.23283272606423,28.557349855725192,2636450
2024-11-22,29.506309509277344,29.506309509277344,28.473761489288595,28.94086726048277,4257271
2024-11-25,29.904579162597656,30.27826453189537,29.5063096737628,29.7570725697267,9846783
2024-11-26,29.97833251953125,30.7552015529286,29.344052125535672,29.6488993253006,4722704
2024-11-27,29.555479049682617,29.87507634697265,29.3883044151016,29.747237803186245,2454403
2024-11-28,29.42763900756836,30.366766617378705,29.42763900756836,30.052085389579144,1961966
2024-11-29,30.30284881591797,30.396269220925443,29.304717051588813,29.324385097584525,3001978
2024-12-02,30.60277938842773,30.74045195656354,29.77674022831677,30.066837336637267,2952237
2024-12-03,31.26655960083008,31.26655960083008,30.16517344235102,30.87812414477133,4603866
2024-12-04,31.512401580810547,31.733664270371783,31.119051940417176,31.27147459783121,3706526
2024-12-05,31.797582626342773,31.841836664806976,31.055131756479483,31.27147462155436,4810924
2024-12-06,32.14176940917969,32.14176940917969,31.31572836957984,31.551739291330623,4695470
2024-12-09,32.85471725463867,32.884217446685504,32.36302738027934,32.569536227199215,4652678
2024-12-10,32.73671340942383,33.03172658985652,32.49086846718057,32.82029978947547,3409886
2024-12-11,32.54495620727539,32.82030135530962,32.48103411841295,32.75638301774347,2857392
2024-12-12,32.6285400390625,33.07106167185731,32.431863341009695,32.59903984730818,3038632
2024-12-13,32.4712028503418,32.64329357252445,32.11226755724964,32.55478923664531,2822245
2024-12-16,32.30402374267578,32.540036536575336,31.92542418415536,32.40236396984064,2792521
2024-12-17,32.43678283691406,32.9923910654603,32.10735150896088,32.13193375282976,3500161
2024-12-18,33.13498306274414,33.198901401210094,32.33844405019386,32.6924613891051,3502594
2024-12-19,31.350147247314453,32.62854211468512,31.350147247314453,32.45153345030702,6691498
2024-12-20,30.86828994750977,31.05513262637284,30.40610213732009,31.01088046231706,9054402
2024-12-23,31.015798568725582,31.09938494811697,30.58311094861381,30.62244516372504,1794179
2024-12-27,31.2911434173584,31.35997969991412,30.774869422542448,30.887957868976567,2062009
2024-12-30,30.878124237060547,31.359980096695303,30.878124237060547,31.15347124641529,1285760
2025-01-02,30.87320899963379,31.443569203591696,30.39135312694936,30.80437271434288,3387601
2025-01-03,30.48477363586425,30.82403898980427,30.022585807586086,30.799454870066256,2736099
2025-01-06,32.72196578979492,32.99239299595325,30.887960731275584,30.95679702021017,7005897
2025-01-07,33.390663146972656,33.47424953025572,32.697378582422395,32.771132818205906,4455990
2025-01-08,32.161434173583984,33.23331442149242,32.0385117138188,33.16939609288101,3304826
2025-01-09,31.743497848510746,32.0532648776058,31.65991146817873,31.70907970653308,2419930
2025-01-10,31.67957878112793,31.96967400661688,31.19772292893649,31.61566044787512,3111140
2025-01-13,31.92050743103028,31.945093426566743,30.67653258332804,31.305895055580848,3424739
2025-01-14,32.279441833496094,32.74654572565205,32.112265321233366,32.33352802117261,2842022
2025-01-15,32.84980010986328,33.513584457538045,32.20076960986922,32.215519706253794,4122889
2025-01-16,32.874385833740234,33.75451117329465,32.70720932306871,33.65125674815757,3319057
2025-01-17,33.4398307800293,33.72500806789446,32.839968508447214,32.84980065576828,4110855
2025-01-20,33.56766891479492,33.68567719556846,33.01206066018086,33.5283365725001,2655875
2025-01-21,33.86759948730469,33.88235333562257,33.23331905630237,33.292323195685015,2856092
2025-01-22,33.73484420776367,33.936435115304775,33.43983101917149,33.9266029679134,3289300
2025-01-23,33.61684036254883,33.80368117713395,33.29724117206939,33.56766837070869,2470649
2025-01-24,33.45458221435547,34.4477941905294,33.11531497312203,33.238237451679495,4060878
2025-01-27,32.825218200683594,32.948140673535306,31.76316623462266,32.44661488357448,4911696
2025-01-28,32.505619049072266,33.26773988192928,32.38761452539568,32.75146399498793,3099698
2025-01-29,31.96967506408692,33.597171154271834,31.85167054060306,33.27265402557103,3885907
2025-01-30,30.91254234313965,32.07293263992268,30.75028565748497,31.940174271112777,6830671
2025-01-31,31.5222396850586,31.620576164215525,30.82895700337283,30.97646359775633,4450578
2025-02-03,30.73553276062012,30.88795729462208,30.04716807221484,30.342181242153103,5121664
2025-02-04,33.92168426513672,34.58546486254997,33.390662037983795,33.82826573745678,14599949
2025-02-05,34.90998077392578,34.90998077392578,33.43982911282334,33.651255906998955,6159919
2025-02-06,36.68989944458008,37.00458066123105,36.055619062215946,36.66039550150305,8212981
2025-02-07,36.291629791259766,37.00458238667815,36.20312546049391,36.54239268697907,5628447
2025-02-10,36.00645065307617,36.670231224043015,35.455756650925785,36.4440543351141,3936727
2025-02-11,36.1342887878418,36.44897001578887,35.662266945921175,35.86877579839342,3246403
2025-02-12,36.43914031982422,36.55714485041836,35.667187294448176,36.335885886642295,3111509
2025-02-13,37.02916717529297,37.09800346491969,36.47355890864974,36.87182654881812,3911072
2025-02-14,36.92591094970703,37.36843261248252,36.62106561080322,36.68990189709094,3088527
2025-02-17,37.28976058959961,37.368432775011314,36.67514820843166,36.70465215360919,2528145
2025-02-18,37.18650436401367,37.5110214862219,36.81773695312037,37.34876292511779,3295304
2025-02-19,37.42743682861328,37.8699547410068,37.06850154826039,37.38318278659617,5128304
2025-02-20,38.01746368408203,38.77466659549685,37.51102367708357,37.73720058548597,5973207
2025-02-21,38.22089767456055,38.573186429418406,37.68502022256487,38.43425607939764,4604857
2025-02-24,37.72967529296875,38.54837625371008,37.33272822546756,38.4541004734258,2490574
2025-02-25,36.73731231689453,37.42700492989257,36.73731231689453,36.97051844089218,4020808
2025-02-26,36.65296173095703,37.08960048083671,36.439603342654586,36.82662465502464,2945582
2025-02-27,35.83922576904297,36.504107799382,35.60601963478231,36.35029259830287,4766848
2025-02-28,35.23884201049805,35.29342233030176,34.77243353067728,34.8815941702847,6764826
2025-03-03,35.650672912597656,36.017846501428984,34.66327187648534,35.20410839344176,4894664
2025-03-04,33.809837341308594,35.20410739174187,33.59151607469608,34.941131567268336,6123706
2025-03-05,35.42243194580078,36.102202634570375,34.90143934233023,35.278538714503505,7111024
2025-03-06,36.55372619628906,36.81670204458971,35.79456835932512,35.91365097664523,6722448
2025-03-07,35.74991226196289,36.27090105634205,35.56136069160549,36.22128361672041,3580873
2025-03-10,34.0926628112793,36.43960520238461,33.74533694541797,36.16670360380213,7220522
2025-03-11,34.23655700683594,35.06022092001513,33.92892281295549,34.385413116745084,4617183
2025-03-12,34.77243423461914,34.94609717134298,34.23655678509864,34.54915007120155,3790618
2025-03-13,33.84953308105469,34.54418856501536,33.51212920516338,34.524340832837304,4671539
2025-03-14,34.49456787109375,34.71288914283461,33.35831452461527,33.78999040301647,4090961
2025-03-17,34.14228057861328,34.544190553611884,33.91403732377815,34.42014505953401,3309235
2025-03-18,35.08502578735352,35.3231947927853,34.17701189589871,34.430065754376,4255109
2025-03-19,34.91136169433594,35.32815270797477,34.64838587112556,34.846859404768345,3143518
2025-03-20,33.948768615722656,34.960980263055525,33.775105687751605,34.82701280021155,4539306
2025-03-21,32.99610137939453,33.735411463124166,32.39075876343505,33.64113946194074,9525250
2025-03-24,34.08769989013672,34.28121055596234,33.050681387920854,33.3186201065028,4660543
2025-03-25,34.360599517822266,34.702966269525945,33.84456984335868,34.17701083629447,2925056
2025-03-26,33.17472457885742,34.59876809948644,33.09037455818456,34.43006427257296,2483737
2025-03-27,32.192283630371094,32.75793075188171,32.10297072773427,32.60907843786558,4069218
2025-03-28,30.89228820800781,31.98885178562162,30.8327469023802,31.765567630754106,5242051
2025-03-31,30.16290283203125,30.52015256832994,29.522827627519383,30.49038286109573,5161268
2025-04-01,30.72358703613281,30.9915257573603,30.10335956631956,30.733510902783905,5128037
2025-04-02,30.36633682250977,30.579695220189016,29.87015485447132,30.50526716786965,5071120
2025-04-03,27.94993019104004,29.74114544310116,27.80107409160517,29.274735090852506,7327164
2025-04-04,25.97016334533692,27.53809823202557,24.938103980537328,27.53809823202557,12236152
2025-04-07,24.918258666992188,26.9972604005014,22.993072129887047,23.424749905629003,17473338
2025-04-08,25.1068058013916,26.0297045271386,24.14917449072156,25.40947709239292,10791558
2025-04-09,24.159099578857425,24.73963347139232,23.474369819066755,24.29306893867317,9662641
2025-04-10,25.58314323425293,29.671681635804543,25.58314323425293,29.671681635804543,11549391
2025-04-11,25.558332443237305,26.307568277936284,25.086961085939382,25.836195027854355,8811042
2025-04-14,26.416728973388672,26.704513532370267,26.109094788511506,26.555659319601578,5900412
2025-04-15,26.85336685180664,27.280083635589545,26.545734569947506,26.545734569947506,4268040
2025-04-16,26.59535217285156,26.70451280922512,25.97512472579081,26.317491487950075,4124054
2025-04-17,26.416728973388672,26.95260451791276,26.297644467503314,26.6449722258196,3040898
2025-04-22,26.46138572692871,26.49115543415004,25.771691189351547,26.248027325517075,3931691
2025-04-23,27.40909194946289,28.21290618430876,26.932755835495023,27.041916470976982,6051383
2025-04-24,29.34916305541992,29.433513078256624,27.55298303632016,27.895349792686343,7509041
2025-04-25,29.8999252319336,30.06862718056261,29.42359098619897,29.66672098881704,4704718
2025-04-28,29.656795501708984,30.27702294178291,29.636947769358475,29.969390661485743,3913492
2025-04-29,29.086185455322266,29.98923645526852,28.84801834583155,29.572443540463794,4434306
2025-04-30,28.66939353942871,29.39878163894662,28.00947250545193,29.061377748882823,5526907
2025-05-02,29.795726776123047,29.919772268024296,28.84801929370887,28.947256065786668,5087263
2025-05-05,29.90488815307617,30.41595498663732,29.61214070924957,29.66672102987921,3890512
2025-05-06,29.1705379486084,29.88007830443504,28.843057929979487,29.840382839009003,4617668
2025-05-07,30.01900863647461,30.073588955022725,29.031605701392067,29.10603375264568,5466320
2025-05-08,30.753358840942383,31.259464686815384,29.984277151807703,30.54992430519987,7319375
2025-05-09,31.214807510375977,31.60679171910303,30.89228847427721,31.14037945811196,4423055
2025-05-12,33.7701416015625,34.01823257139018,31.954117670919103,31.954117670919103,8753077
2025-05-13,34.39533233642578,34.39533233642578,33.61632683282942,34.05792846181009,5080818
2025-05-14,34.281211853027344,34.65831122517743,33.77510788915784,34.39533537631409,3776127
2025-05-15,33.56671142578125,34.23655633611334,33.36823787831336,34.02319793505976,4625122
2025-05-16,33.13999557495117,33.88426856014394,33.10030010720453,33.348391102268785,3498904
2025-05-19,33.23426818847656,33.33846594217788,32.489995274409075,32.748008218969304,2147318
2025-05-20,33.6312141418457,34.35068028724865,33.2144230939445,33.31365797613961,5162294
2025-05-21,34.3903694152832,34.49456716952177,33.536935863727926,33.59151618055305,4824906
2025-05-22,34.43999099731445,34.747621383825624,33.75525748293982,33.85945523826469,5175990
2025-05-23,33.135032653808594,34.94113479278072,32.74304842782726,34.43999370898437,6271675
2025-05-26,33.78998947143555,34.25143882862258,33.41785301517399,34.12243046382626,2778059
2025-05-27,34.4300651550293,34.87662966646031,33.859455156287886,33.8644180357393,3753761
2025-05-28,34.1770133972168,34.633503695549635,34.09762624896418,34.19190203648424,3934999
2025-05-29,34.4300651550293,35.591132884749925,34.24151737712192,35.16937519944029,3629170
2025-05-30,34.013275146484375,34.836935238230424,34.013275146484375,34.10754714545832,8381873
2025-06-02,33.57167434692383,33.735411522136424,32.90182565019715,33.388085652815086,3452411
2025-06-03,34.097625732421875,34.20182349230699,33.28388760092741,33.62129149341789,2947102
2025-06-04,35.53158950805664,35.90868884752912,34.81212719952779,34.93120980678358,5968854
2025-06-05,35.45219802856445,35.9037254101428,35.293419959501605,35.71517763612059,3839070
2025-06-06,35.6258659362793,35.83426144915333,34.81212783171295,35.20410824544692,3039967
2025-06-09,36.13693237304688,36.28578468689569,35.44227688504885,35.44227688504885,2947831
2025-06-10,36.702579498291016,36.702579498291016,35.72510044973924,35.94838081332296,4503232
2025-06-11,36.15678024291992,36.9109751451001,36.11708477818205,36.71250160697862,4146251
2025-06-12,35.29342269897461,35.91861305062271,35.29342269897461,35.586172034213284,4413718
2025-06-13,35.14952850341797,35.14952850341797,34.16709033487511,34.35563811834092,4059800
2025-06-16,35.25373077392578,35.47701114804289,34.82205109365559,35.22892016099364,2684888
2025-06-17,34.668235778808594,35.109837431455404,34.35563871339323,35.06021999132269,3260187
2025-06-18,33.938846588134766,34.583880860366065,33.46747145802984,34.583880860366065,5445660
2025-06-19,33.78998947143555,33.90411298367225,33.35831360493553,33.571671991281534,2741065
2025-06-20,33.95869445800781,34.57892190625858,33.53197767076585,34.1224316273144,8254265
2025-06-23,34.33578872680664,34.554109991744035,33.651059012549965,33.88922800935146,2858610
2025-06-24,35.32319641113281,35.923576153404866,34.9163273384539,35.67052228333381,3978814
2025-06-25,34.68312072753906,35.670521795493414,34.25640392720341,35.660599821666835,2698870
2025-06-26,35.174339294433594,35.640751554220515,34.827013432188856,35.12968473453126,4034081
2025-06-27,35.387699127197266,35.720140149629444,35.13960813393717,35.56632494518998,2843179
2025-06-30,35.83922576904297,36.59838358614304,35.64075222165721,36.22128422466691,4143328
2025-07-01,35.21403503417969,35.82433673766644,34.980828902472325,35.561360899125965,3292077
2025-07-02,35.92853927612305,36.325482591955776,35.407546678730455,35.52662929492346,3733734
2025-07-03,36.633113861083984,37.00525031935855,36.30563196072982,36.647998713724114,3777915
2025-07-04,36.51899337768555,36.73235178288495,36.23120691754344,36.32051982636106,2427033
2025-07-07,36.82166290283203,36.975478099491,36.37509838043896,36.40983096631576,2345361
2025-07-08,37.53120422363281,37.66517547657774,36.80677899560777,37.000289662689966,3090527
2025-07-09,37.62051773071289,37.9479996559656,37.1342577226138,37.39227447321922,4470229
2025-07-10,37.96288299560547,38.01746331430401,37.605631377057904,37.85868523779042,2923001
2025-07-11,37.68998336791992,37.85868721239672,37.35754234437537,37.70983110171532,2261901
2025-07-14,37.06975555419922,37.38731172097523,36.81174258828175,37.06479267440231,2127847
2025-07-15,37.3724250793457,37.68005925737953,37.25830156288492,37.32777052001405,2588369
2025-07-16,37.12433624267578,37.630440205493855,36.28578747040081,36.54876710428597,3682110
2025-07-17,37.85868453979492,37.94303456329463,37.39723517194,37.754482998333074,3638219
2025-07-18,37.823951721191406,38.4044836942632,37.5957046928492,37.96784115541848,3339765
2025-07-21,38.210975646972656,38.4193711717118,37.69990880915461,37.88349372046704,3728209
2025-07-22,36.871280670166016,37.570899059072616,36.56860936815836,37.51135586036738,4710964
2025-07-23,35.571285247802734,36.83158785652072,35.526626903756075,36.83158785652072,8100513
2025-07-24,34.06289291381836,35.34800239588433,33.52205259935347,34.73273781455693,9981991
2025-07-25,34.23655700683594,34.23655700683594,33.63121437870533,33.82968793006148,4361222
2025-07-28,34.72777557373047,35.21403557772898,34.59380810534561,35.10487493689862,3432595
2025-07-29,35.20907211303711,35.66059952250332,34.960981128205475,34.970906887516826,3846754
2025-07-30,35.60601806640625,35.77968099313125,35.22891872154061,35.22891872154061,1776804
2025-07-31,34.37052154541016,35.92357345064241,34.335788960803214,35.78464311221464,4515277
2025-08-01,33.541900634765625,34.29113647433618,33.13503156812117,33.92892196821181,4659871
2025-08-04,33.49724578857422,34.16709068963912,33.35335256328994,33.91899970512856,4130656
2025-08-05,35.03044509887695,35.60105510152012,34.3903699257104,34.93121022257722,6194935
2025-08-06,34.0529670715332,35.67548422540558,33.86938216629577,35.61097814685795,3115037
2025-08-07,34.23159408569336,34.55907601287087,33.30373619649334,33.879305330606364,3926802
2025-08-08,35.18922424316406,35.19418712280044,34.30602094628829,34.315946705561046,2581418
2025-08-11,35.015560150146484,35.35296402843709,34.82701237146592,35.2686140052564,1623996
2025-08-12,36.49418640136719,36.49418640136719,34.99075181145552,35.04037303826098,3564448
2025-08-13,36.33540725708008,36.737313440605575,36.33044437743082,36.618230827999504,2607941
2025-08-14,36.33540725708008,36.67777024151854,36.15678144538697,36.41975728327738,1996823
2025-08-15,36.375099182128906,36.81174174056683,36.375099182128906,36.58845758166525,2419016
2025-08-18,36.38006210327149,36.50907047619044,36.00792562357944,36.40487271614483,1459485
2025-08-19,36.71746444702149,36.99036603484136,36.45945149763823,36.45945149763823,2458306
2025-08-20,36.122047424316406,37.12433329628167,35.606017742761274,36.23120427328858,3648374
2025-08-21,35.873958587646484,36.41479512755897,35.81441538737572,36.2907496328376,1683126
2025-08-22,36.56861114501953,36.56861114501953,35.65563810058595,35.69533356831824,2499905
2025-08-25,36.375099182128906,36.61823107419294,36.27090142220205,36.46441208857593,1433963
2025-08-26,36.01288604736328,36.29570960121932,35.7499102253388,36.2808247487376,3793781
2025-08-27,35.6258659362793,36.40983054931513,35.561359859269785,36.17166533047849,2313175
2025-08-28,36.03769302368164,36.50906813912477,35.799527811842566,35.878914953933,2607081
2025-08-29,34.69304275512695,35.89380222510986,34.638462435076086,35.82433705151204,2903660
2025-09-01,34.40029525756836,34.8518188603643,34.276249770949896,34.57395818172064,1811964
2025-09-02,32.86213302612305,34.21670766317452,32.63884887176532,34.09762505219117,4590785
2025-09-03,31.274349212646484,33.765184841815,30.7285497984104,33.23427028110666,8264314
2025-09-04,31.036182403564453,31.745722784858213,30.58465687844879,31.229693072502016,7108625
2025-09-05,31.333890914916992,31.815188012342915,31.051067354701576,31.338851901594488,3485054
2025-09-08,31.83007431030273,32.152593349716774,31.562135590738823,31.651448497260127,2785847
2025-09-09,31.839996337890625,31.96404183129264,31.572059510658143,31.8300743640684,3078192
2025-09-10,31.586944580078125,32.53465208043585,31.586944580078125,32.08808754402266,3709054
2025-09-11,31.67625617980957,32.00373619539998,31.44801293407952,31.671295193069334,2803819
2025-09-12,31.51251602172852,32.0384695903269,31.269387916851606,31.80030057953155,2547770
2025-09-15,32.40068435668945,32.57931016984556,31.770531130953177,31.83503721021779,2817450
2025-09-16,31.97892570495605,32.72319864256311,31.91442341316789,32.698391815983626,3072874
2025-09-17,32.40068435668945,32.40068435668945,31.671296250563355,32.06328046356881,3167190
2025-09-18,33.42778015136719,33.84953406206239,32.88197696457204,32.94648304241217,4241861
2025-09-19,32.73808670043945,33.57167252719479,32.55946089573703,33.53693615657746,6876584
2025-09-22,32.748008728027344,32.97128909149129,31.978925190641984,32.936556506384285,3641555
2025-09-23,33.541900634765625,33.9785431939915,32.73312538116829,32.837323141283186,3668744
2025-09-24,33.24915313720703,33.417853181144245,32.79762575096129,33.323581185942544,2302019
2025-09-25,33.060604095458984,33.4873209027935,32.70335624832209,33.249155671368904,2035205
2025-09-26,32.41556930541992,32.812512613713366,32.01862221155843,32.67358226653226,3217472
2025-09-29,32.78770446777344,33.035795445067905,32.6338854876647,32.74800900287003,3011000
2025-09-30,32.94648361206055,32.94648361206055,32.326256148676755,32.64877518674993,2654343
2025-10-01,33.29380798339844,33.442664082158416,32.64381084232008,32.75793057054393,2562720
2025-10-02,33.97357940673828,34.60372883028556,33.62624976339908,33.62624976339908,3817279
2025-10-03,33.879302978515625,34.162126538911856,33.68082944117823,34.08273939531762,3330898
2025-10-06,33.81976318359375,33.968615495732465,33.199535752429554,33.854495768316234,3468387
2025-10-07,33.28388595581055,33.88922853761462,33.03083210255832,33.78998987674716,2571996
2025-10-08,32.807552337646484,33.02586982439392,32.41556813761117,32.812511431604264,4482121
2025-10-09,32.9266357421875,33.10029867409997,32.499918946306586,32.847244810131514,2347646
2025-10-10,31.77549362182617,33.07052885857739,31.74572202240311,32.991137926782564,3619299
2025-10-13,32.336177825927734,32.777779472962195,31.42816581210775,31.52243970427538,3810141
2025-10-14,31.87969207763672,32.07816562589515,31.482746873903885,31.90450269075705,2942812
2025-10-15,32.261749267578125,32.435415981462015,31.909460531403457,31.95411887615209,3768008
2025-10-16,33.00602340698242,33.07052948668287,32.09801326713325,32.514804310268204,2927610
2025-10-17,32.21213150024414,32.480070209298816,31.884653379555903,32.34113986806333,7028752
2025-10-20,33.83960723876953,33.86441785032291,32.57434554647179,32.64877359556409,3446346
2025-10-21,34.97090530395508,34.975864397818185,33.740372409261575,33.82968531117939,5555119
2025-10-22,33.948768615722656,34.46479830567086,33.77014280821874,34.077776984601684,5422796
2025-10-23,33.16480255126953,34.1373225875658,32.97129187710042,33.54190192541085,5149537
2025-10-24,33.239227294921875,33.75029409041818,33.21442046911755,33.59151602011284,3334039
2025-10-27,34.028160095214844,34.112510120795406,33.47739781078275,33.6560236211698,3125590
2025-10-28,34.0083122253418,34.807165489252725,33.74533639043347,34.10754710379356,2645436
2025-10-29,34.112510681152344,34.53922748124565,33.919000014315614,34.04800838739611,2161564
2025-10-30,34.16212844848633,34.74266045455496,34.11747388751247,34.21670876894421,2771403
2025-10-31,34.05792999267578,34.439992228088485,33.87434130164661,34.23655580406416,2310846
2025-11-03,34.3457145690918,34.817085898915984,33.93884552880707,33.93884552880707,3072759
2025-11-04,33.92892074584961,34.22663294752991,33.393047111074445,33.72052523312772,2560934
2025-11-05,33.98846435546875,34.14724243169202,33.18961109477945,33.33846719742474,2432076
2025-11-06,33.66098403930664,34.50945856480483,33.52701656903058,33.978543992372515,2820230
2025-11-07,32.4751091003418,33.87930501329724,32.39572195197959,33.66098373055701,3981214
2025-11-10,33.09037780761719,33.522053712019954,32.986180044983136,33.28388847901873,3567586
2025-11-11,33.62129211425781,33.670909555276275,32.986179783858056,33.01098661158324,3285532
2025-11-12,35.94838333129883,37.645328598554194,33.5617491926878,34.41021993353142,11595039
2025-11-13,35.61097717285156,36.96555557291845,35.61097717285156,36.30563266556361,4306912
2025-11-14,35.025482177734375,35.36784893602666,33.48235978959905,35.13464281287498,7604852
2025-11-17,34.11747360229492,35.63578923180244,33.96365461612314,35.16937696472265,3251647
2025-11-18,32.733123779296875,33.750294503346375,32.62396314483244,33.56670960499059,4362328
2025-11-19,32.52473068237305,33.209460459950535,32.04839264472039,32.66862012695047,5333804
2025-11-20,32.658695220947266,33.97854100171631,32.60411490456552,33.97854100171631,4339103
2025-11-21,31.452974319458008,32.12778209172027,31.031220408186083,31.16022688569081,5386658
2025-11-24,32.61404037475586,32.7231972209858,31.810224274255564,32.19228269997973,7444672
2025-11-25,33.29380798339844,34.018233173856785,32.67854342728836,33.1449556702063,4752933
2025-11-26,34.52434158325195,34.73273709729945,32.96633053630424,33.59647995799107,4244723
2025-11-27,35.43731689453125,35.43731689453125,34.50945899397177,34.568998410137965,2730254
2025-11-28,36.052581787109375,36.18654924603854,35.303345993393776,35.457161184306486,3871150
2025-12-01,35.12968444824219,35.86899451217698,34.83197224238092,35.86899451217698,4487857
2025-12-02,35.506778717041016,35.85410834933609,35.065177089530145,35.21899606642463,2399329
2025-12-03,36.46441268920898,36.90601434903546,35.93349812146434,36.667849118299074,4137322
2025-12-04,36.221282958984375,37.44189012223816,36.04265715113573,37.16402943694823,3613603
2025-12-05,37.21860885620117,37.52623924017913,36.27586240100921,36.3205169591088,3704631
2025-12-08,37.32280731201172,37.76937182923815,37.13921862560533,37.41212021545701,2978141
2025-12-09,37.21860885620117,37.38730890089001,36.7571594946664,37.32280661066802,2047779
2025-12-10,36.42967987060547,37.2682286237572,36.226247228375605,37.2682286237572,4052614
2025-12-11,36.290748596191406,36.53387669894126,36.112122786049646,36.43464182022605,3088190
2025-12-12,36.01288604736328,36.89608929324466,35.92357314690518,36.52891571828036,2717279
2025-12-15,35.581207275390625,36.042656641547445,35.28846174118027,35.73006337501587,2209789
2025-12-16,35.725101470947266,35.908690160755214,34.8319724199464,35.08998916159908,3465255
2025-12-17,34.8270149230957,35.948383489529284,34.80220430948697,35.834263752292664,5392058
2025-12-18,35.218997955322266,35.38273512866521,34.534264412810245,34.5938076121146,3383256
2025-12-19,35.53655242919922,35.82929796103999,34.94609470051774,35.000675017567346,5891308
2025-12-22,36.389984130859375,36.588457677435386,35.784645302876186,35.784645302876186,2872269
2025-12-23,36.43960571289063,36.643038355582846,36.26593899195893,36.3552518995128,1729190
2025-12-29,36.45945358276367,36.667849105980025,35.97815645612013,36.50907102368641,2354027
2025-12-30,37.441890716552734,37.45181647579517,36.47929649070779,36.47929649070779,2024272
2026-01-02,37.97280502319336,38.52356730497596,36.90105395159475,37.42700562099984,4532251
2026-01-05,39.60524368286133,39.84341268803083,38.43921684024342,38.43921684024342,4237754
2026-01-06,41.50562286376953,41.714018384220594,40.23043534257892,40.26516792932076,6239854
2026-01-07,41.81325149536133,41.912490157258624,41.06897856618705,41.22775663965484,4368958
2026-01-08,40.250282287597656,42.03653660111098,40.15104362344427,41.74378727381845,5181610
2026-01-09,41.23271942138672,41.45104069147529,40.42890708254762,40.488446493976966,3610546
2026-01-12,41.34684371948242,41.85294765406252,41.03424666128277,41.23272020280027,2539009
2026-01-13,42.21020126342773,42.22508611726952,41.49073890024187,41.75867762609838,3667848
2026-01-14,41.08386993408203,42.562490131690055,40.86554864897153,42.39379007360876,3476908
2026-01-15,41.28730010986328,41.81821465142964,40.91020076329521,41.55523882040629,3503510
2026-01-16,41.60982131958008,42.26974426427498,41.12852419127729,41.57508873225761,3361755
2026-01-19,40.32470703125,40.9052428131097,40.06669407253192,40.60753060269221,3181623
2026-01-20,40.16592788696289,40.32966884123597,39.32242007466722,39.813639151918565,3510550
2026-01-21,40.76631164550781,40.94493366836269,39.540741598772215,40.165928142684095,3041771
2026-01-22,42.25981521606445,42.755997159525776,41.2872990611484,41.84798329445528,5157635
2026-01-23,41.97203063964844,42.67164902799399,41.52050701959176,41.77851997597158,3435656
2026-01-26,41.53539276123047,42.32928316580361,41.401425293345774,41.902566363551536,2800873
2026-01-27,41.99684143066406,42.43844307893894,41.42623141086691,41.92737625805237,2545467
2026-01-28,43.08843994140625,45.25179360752861,42.636916322612144,44.85485030762592,6750235
2026-01-29,41.48081207275391,44.11554091639706,40.791119435007055,44.026228010077496,4704404
2026-01-30,41.29226303100586,42.06134279234041,41.17318042138934,41.66936237795405,4181321
2026-02-02,41.560203552246094,42.03653779702993,40.07661671188138,40.40906151429315,4393955
2026-02-03,40.761348724365234,41.57508683498654,39.91287802800648,41.56020198189448,5851743
2026-02-04,39.99722671508789,42.47317354989494,38.95028251285242,42.00676509781249,7152025
2026-02-05,41.088829040527344,41.43119582217623,39.96746047801522,40.43386897056956,5423902
2026-02-06,41.71401596069336,42.36897597660731,40.80600209289489,41.67928337596943,4653700
2026-02-09,41.66936492919922,42.76096378624856,40.776235838472935,42.35409470837728,3650822
2026-02-10,42.53768157958984,42.61706872559619,40.85562123336262,41.064020535961234,3375535
2026-02-11,43.17775344848633,43.549889926716645,41.709055268672174,42.31936075861982,2859282
2026-02-12,42.42355728149414,43.86248571248296,42.1010382526499,43.6640121727659,3423451
2026-02-13,43.17775344848633,43.41592246020366,42.23501073209061,43.21744891470056,4961364
2026-02-16,42.88500595092773,43.39110987263754,42.55752404791657,43.17775148340635,1502991
2026-02-17,44.23958587646485,44.43309654023182,42.235010280878335,42.52279294393693,4202483
2026-02-18,45.73805236816406,46.04568654041066,44.323934565745056,44.492634611914966,4932313
2026-02-19,45.48500061035156,46.18461901018447,44.91935346330574,45.648741570172206,4481229
2026-02-20,45.20000076293945,45.59999847412109,44.63999938964844,45.45500183105469,3318652
2026-02-23,45.88999938964844,46.22999954223633,44.560001373291016,45.09999847412109,3465178
2026-02-24,46.68000030517578,46.900001525878906,45.915000915527344,45.94499969482422,4026759
2026-02-25,47.07500076293945,47.07500076293945,46.09999847412109,46.54999923706055,3735084
2026-02-26,46.77000045776367,48.22999954223633,45.90499877929688,47.07500076293945,5079067
2026-02-27,45.82500076293945,46.7599983215332,44.97499847412109,46.7599983215332,5775937
2026-03-02,44.415000915527344,44.9900016784668,43.34000015258789,44.0,4251856
2026-03-03,41.68000030517578,43.52000045776367,41.435001373291016,43.22499847412109,6868809
2026-03-04,43.94499969482422,44.005001068115234,41.81999969482422,42.18999862670898,5288455
2026-03-05,42.29999923706055,44.79499816894531,42.09999847412109,44.0,4437982
2026-03-06,39.41999816894531,41.775001525878906,39.22499847412109,41.66999816894531,7380553
2026-03-09,38.95000076293945,39.17499923706055,37.29999923706055,37.52000045776367,5618933
2026-03-10,41.31499862670898,41.68999862670898,40.55500030517578,41.0,5065952
2026-03-11,41.54999923706055,41.82500076293945,40.60499954223633,40.91999816894531,3215106
2026-03-12,40.27000045776367,41.39500045776367,39.46500015258789,40.97999954223633,3133122
2026-03-13,39.834999084472656,40.5,39.59999847412109,39.755001068115234,2799093
2026-03-16,39.435001373291016,40.15999984741211,39.084999084472656,40.09999847412109,3749950
2026-03-17,39.6349983215332,39.94499969482422,38.685001373291016,39.31999969482422,3256156
2026-03-18,39.970001220703125,40.40499877929688,38.935001373291016,40.29999923706055,5378414
2026-03-19,37.095001220703125,38.97499847412109,36.70000076293945,38.90999984741211,6292970
2026-03-20,37.64500045776367,39.26499938964844,37.21500015258789,38.75,9900931
2026-03-23,38.4900016784668,40.05500030517578,35.779998779296875,36.52000045776367,6222296
2026-03-24,38.31499862670898,38.81999969482422,37.32500076293945,38.494998931884766,3401339
2026-03-25,39.65999984741211,40.275001525878906,38.75,38.959999084472656,3801058
2026-03-26,38.8849983215332,39.3849983215332,38.08000183105469,39.11000061035156,3823151
2026-03-27,37.43000030517578,38.56999969482422,36.79999923706055,38.51499938964844,5140695
2026-03-30,37.31999969482422,38.25,37.0,37.09999847412109,3042024
2026-03-31,38.0,38.459999084472656,36.59000015258789,36.85499954223633,4591623
2026-04-01,40.150001525878906,40.19499969482422,38.91999816894531,39.79999923706055,4823642
2026-04-02,38.959999084472656,39.400001525878906,37.48500061035156,38.560001373291016,4726733
2026-04-07,38.26499938964844,39.97999954223633,38.08000183105469,39.28499984741211,4438139
2026-04-08,42.790000915527344,42.92499923706055,41.540000915527344,42.09000015258789,7103039
2026-04-09,42.38999938964844,42.775001525878906,41.93000030517578,42.4900016784668,3444689
2026-04-10,42.82500076293945,43.665000915527344,42.59000015258789,42.89500045776367,3787856
2026-04-13,42.93000030517578,43.025001525878906,41.81999969482422,41.869998931884766,2999154
2026-04-14,44.45500183105469,44.45500183105469,43.220001220703125,43.69499969482422,3867024
2026-04-15,44.71500015258789,45.380001068115234,43.880001068115234,44.43999862670898,3494886
2026-04-16,46.005001068115234,46.005001068115234,44.77999877929688,45.369998931884766,5273875
2026-04-17,48.900001525878906,48.994998931884766,45.92499923706055,45.97999954223633,6889682
2026-04-20,47.994998931884766,48.45000076293945,47.52000045776367,47.71500015258789,3769226
2026-04-21,47.73500061035156,48.720001220703125,47.51499938964844,48.46500015258789,2718905
2026-04-22,49.38999938964844,49.55500030517578,48.47499847412109,48.59999847412109,4594557
2026-04-23,53.34999847412109,54.0099983215332,51.0,51.119998931884766,8196089
2026-04-24,54.150001525878906,54.869998931884766,52.70000076293945,52.70000076293945,7879354
2026-04-27,53.59999847412109,55.41999816894531,53.27999877929688,55.0,5228822
2026-04-28,52.79999923706055,54.20000076293945,51.540000915527344,52.91999816894531,5526296
2026-04-29,55.70000076293945,56.34000015258789,53.400001525878906,53.47999954223633,5751825
2026-04-30,57.130001068115234,57.29999923706055,55.06999969482422,55.29999923706055,5641309
2026-05-04,56.810001373291016,58.31999969482422,56.810001373291016,57.97999954223633,6027534
2026-05-05,60.5,60.5,56.54999923706055,56.650001525878906,9249117
2026-05-06,59.22999954223633,61.95000076293945,57.43999862670898,59.720001220703125,11869952
2026-05-07,59.5,61.95000076293945,59.5,60.459999084472656,6192887
2026-05-08,61.65999984741211,62.08000183105469,59.2599983215332,59.869998931884766,4645338
2026-05-11,61.790000915527344,62.310001373291016,60.77000045776367,61.97999954223633,5409258
2026-05-12,58.13999938964844,61.43000030517578,58.13999938964844,60.54999923706055,6719124
2026-05-13,64.36000061035156,64.36000061035156,60.380001068115234,60.5,6291485
2026-05-14,68.06999969482422,68.4800033569336,65.48999786376953,65.63999938964844,6486540
2026-05-15,65.19000244140625,65.63999938964844,63.58000183105469,64.0,6194493
2026-05-18,66.33000183105469,68.16999816894531,64.5999984741211,65.0,6123885
2026-05-19,64.63999938964844,65.73999786376953,63.25,65.0,5349284
2026-05-20,67.94000244140625,68.73999786376953,64.19999694824219,64.19999694824219,5450390
2026-05-21,68.0,69.94000244140625,67.69999694824219,68.54000091552734,5382522
2026-05-22,73.41999816894531,73.83000183105469,69.70999908447266,69.94999694824219,6540322
2026-05-25,76.7300033569336,76.7300033569336,73.2699966430664,75.52999877929688,3258179
2026-05-26,77.55000305175781,78.05999755859375,74.7300033569336,76.80000305175781,5757751
2026-05-27,76.7300033569336,79.87000274658203,75.30000305175781,78.4800033569336,7060004
2026-05-28,80.11000061035156,80.37000274658203,76.95999908447266,76.95999908447266,5092952
2026-05-29,81.11000061035156,83.16999816894531,78.94999694824219,79.22000122070312,16232391
2026-06-01,80.3499984741211,83.97000122070312,78.77999877929688,82.5,7449371
2026-06-02,88.0,88.45999908447266,82.5,82.5199966430664,7294667
2026-06-03,88.0,88.2699966430664,85.0199966430664,87.55999755859375,7303465
2026-06-04,85.05000305175781,87.1500015258789,82.26000213623047,86.98999786376953,6624548
2026-06-05,77.30000305175781,81.91999816894531,76.93000030517578,80.5,8277564
2026-06-08,78.23999786376953,79.58000183105469,74.0199966430664,74.69999694824219,6849041
2026-06-09,75.66000366210938,81.77999877929688,75.66000366210938,80.0,5824771
2026-06-10,75.0999984741211,77.98999786376953,74.5999984741211,76.29000091552734,4992246
2026-06-11,77.05999755859375,77.66999816894531,75.02999877929688,75.80000305175781,3418769
2026-06-12,80.05999755859375,80.05999755859375,76.37999725341797,79.0,3678190
2026-06-15,80.75,82.72000122070312,78.5199966430664,82.62999725341797,4945560
2026-06-16,79.27999877929688,81.38999938964844,79.1500015258789,80.2699966430664,3622191
2026-06-17,77.05999755859375,79.81999969482422,75.33000183105469,78.80999755859375,4519850
2026-06-18,82.01000213623047,82.94999694824219,78.05999755859375,78.5,6781614
2026-06-19,81.97000122070312,84.37000274658203,81.97000122070312,82.0999984741211,11683284
2026-06-22,85.94000244140625,88.83000183105469,83.63999938964844,83.69000244140625,5833118
2026-06-23,80.55999755859375,83.19000244140625,80.31999969482422,82.0,4914676
2026-06-24,79.55999755859375,81.8499984741211,77.5999984741211,81.0199966430664,4449187
2026-06-25,82.01000213623047,84.61000061035156,79.37000274658203,84.08999633789062,4555400
2026-06-26,78.30000305175781,80.48999786376953,77.37000274658203,79.5,4780674
2026-06-29,78.23999786376953,80.87999725341797,76.41000366210938,79.56999969482422,3528384
2026-06-30,81.66999816894531,81.91999816894531,79.8499984741211,80.76000213623047,4224301
2026-07-01,77.9000015258789,82.86000061035156,77.19999694824219,81.68000030517578,3387265
2026-07-02,76.3499984741211,79.06999969482422,75.19999694824219,75.5,4993993
2026-07-03,77.37999725341797,78.30999755859375,76.91000366210938,77.52999877929688,2824473
2026-07-06,77.20999908447266,77.7699966430664,74.5199966430664,76.06999969482422,2870878
2026-07-07,70.83000183105469,75.04000091552734,69.72000122070312,74.80000305175781,5729519
2026-07-08,70.30000305175781,70.91999816894531,68.20999908447266,70.8499984741211,4332547
2026-07-09,73.3499984741211,73.5999984741211,70.91999816894531,72.97000122070312,3901131
2026-07-10,72.4800033569336,72.7300033569336,70.62999725341797,71.55000305175781,3700611
2026-07-13,70.37000274658203,71.62999725341797,69.01000213623047,70.0,2833846
2026-07-14,71.81999969482422,72.54000091552734,69.56999969482422,69.72000122070312,3123445
2026-07-15,67.30999755859375,72.62000274658203,67.06999969482422,72.62000274658203,4278506
2026-07-16,64.70999908447266,67.51000213623047,63.56999969482422,67.4000015258789,5396869
2026-07-17,63.65999984741211,63.9900016784668,60.630001068115234,61.130001068115234,6783893
2026-07-20,64.0,64.38999938964844,62.86000061035156,64.19999694824219,2968635
2026-07-21,67.54000091552734,67.75,64.94000244140625,66.0,4218258
2026-07-22,69.80000305175781,69.80000305175781,66.19000244140625,66.38999938964844,5070461
2026-07-23,65.48999786376953,67.68000030517578,65.08999633789062,66.9000015258789,5488210
2026-07-24,64.41000366210938,65.77999877929688,63.150001525878906,64.4000015258789,2288577
2026-07-27,61.4900016784668,66.06999969482422,61.4900016784668,65.11000061035156,4479785
2026-07-28,57.77000045776367,61.52000045776367,56.79999923706055,60.220001220703125,8936173
2026-07-29,54.47999954223633,57.84000015258789,54.2599983215332,56.77000045776367,6387742
2026-07-30,59.470001220703125,60.34000015258789,54.060001373291016,54.400001525878906,7225499
2026-07-31,61.66999816894531,64.02999877929688,61.09000015258789,64.0,8581220
2026-08-03,61.470001220703125,63.43999862670898,59.970001220703125,63.400001525878906,3920881
2026-08-04,63.720001220703125,64.2699966430664,62.65999984741211,63.52000045776367,3819059
2026-08-05,60.08000183105469,64.4000015258789,59.459999084472656,64.3499984741211,6938845
2026-08-06,60.31999969482422,61.09999847412109,58.119998931884766,60.0,3928400
2026-08-07,62.08000183105469,63.459999084472656,61.0,61.09999847412109,3524447
2026-08-10,62.52999877929688,64.80000305175781,62.52999877929688,63.0,3407571
2026-08-11,62.84999847412109,64.05000305175781,61.84999847412109,62.0,2657976
2026-08-12,63.09000015258789,65.44999694824219,62.880001068115234,64.1500015258789,3679631
2026-08-13,62.5,64.05000305175781,62.02999877929688,63.970001220703125,3197379
2026-08-14,61.72999954223633,62.959999084472656,61.54999923706055,62.0,2979014
2026-08-17,61.970001220703125,63.9900016784668,61.72999954223633,63.9900016784668,3022474
2026-08-18,57.2400016784668,60.81999969482422,57.2400016784668,60.81999969482422,4732755
2026-08-19,54.97999954223633,57.5,54.84000015258789,57.38999938964844,6099174
2026-08-20,55.40999984741211,56.040000915527344,54.40999984741211,55.869998931884766,4733392
2026-08-21,55.970001220703125,56.91999816894531,55.31999969482422,56.400001525878906,2994108
2026-08-24,54.15999984741211,55.900001525878906,53.970001220703125,55.20000076293945,3388941
2026-08-25,54.84999847412109,55.84000015258789,54.59999847412109,55.59999847412109,2644911
2026-08-26,55.18999862670898,55.66999816894531,54.83000183105469,55.11000061035156,2345507
2026-08-27,57.16999816894531,58.41999816894531,56.09999847412109,56.38999938964844,4945156
2026-08-28,57.08000183105469,58.220001220703125,56.560001373291016,57.130001068115234,2714627
2026-08-31,56.290000915527344,57.29999923706055,55.90999984741211,56.68000030517578,3766217
2026-09-01,55.540000915527344,57.83000183105469,54.529998779296875,56.18000030517578,2825202
2026-09-02,55.77000045776367,56.2400016784668,54.959999084472656,55.41999816894531,2683088
2026-09-03,55.529998779296875,56.36000061035156,54.22999954223633,55.939998626708984,2875729
2026-09-04,56.86000061035156,57.70000076293945,55.459999084472656,55.7400016784668,3389854
