Date,Close,High,Low,Open,Volume
2004-10-11,6067.15234375,6067.15234375,6067.15234375,6067.15234375,161
2004-10-12,6067.15234375,6067.15234375,6067.15234375,6067.15234375,0
2004-10-13,6067.15234375,6067.15234375,6067.15234375,6067.15234375,0
2004-10-14,5864.93408203125,5864.93408203125,5864.93408203125,5864.93408203125,323
2004-10-15,5864.93408203125,5864.93408203125,5864.93408203125,5864.93408203125,0
2004-10-18,5864.93408203125,5864.93408203125,5864.93408203125,5864.93408203125,0
2004-10-19,5662.65478515625,5662.65478515625,5662.65478515625,5662.65478515625,242
2004-10-20,5662.65478515625,5662.65478515625,5662.65478515625,5662.65478515625,403
2004-10-21,5662.65478515625,5662.65478515625,5662.65478515625,5662.65478515625,0
2004-10-22,5662.65478515625,5662.65478515625,5662.65478515625,5662.65478515625,0
2004-10-25,5662.65478515625,5662.65478515625,5662.65478515625,5662.65478515625,0
2004-10-26,5662.65478515625,5662.65478515625,5662.65478515625,5662.65478515625,0
2004-10-27,4651.50390625,5055.939453125,4651.50390625,5055.939453125,349
2004-10-28,5055.939453125,5055.939453125,4853.7216796875,4853.7216796875,732
2004-10-29,5055.939453125,5055.939453125,5055.939453125,5055.939453125,0
2004-11-01,5055.939453125,5055.939453125,5055.939453125,5055.939453125,0
2004-11-02,5055.939453125,5055.939453125,5055.939453125,5055.939453125,0
2004-11-03,5055.939453125,5055.939453125,5055.939453125,5055.939453125,0
2004-11-04,5055.939453125,5055.939453125,5055.939453125,5055.939453125,0
2004-11-05,44.24412155151367,44.24412155151367,44.24412155151367,44.24412155151367,162
2004-11-08,48.23284530639648,48.23284530639648,48.23284530639648,48.23284530639648,162
2004-11-09,44.24412155151367,54.24660873413086,44.24412155151367,44.24412155151367,0
2004-11-10,43.20092010498047,58.29669570922852,43.20092010498047,43.20092010498047,0
2004-11-11,36.20531463623047,58.29669570922852,36.20531463623047,36.20531463623047,0
2004-11-12,40.19403839111328,51.23972702026367,40.19403839111328,40.19403839111328,0
2004-11-15,40.19403839111328,51.23972702026367,40.19403839111328,40.19403839111328,0
2004-11-16,41.17587661743164,42.21908187866211,40.19403839111328,42.21908187866211,906
2004-11-17,41.17587661743164,41.17587661743164,41.17587661743164,41.17587661743164,162
2004-11-18,40.19403839111328,40.19403839111328,40.19403839111328,40.19403839111328,81
2004-11-19,38.41445159912109,39.212196350097656,38.16899490356445,39.212196350097656,570
2004-11-22,38.16899490356445,43.016822814941406,38.16899490356445,38.16899490356445,0
2004-11-23,38.16899490356445,42.21908187866211,38.16899490356445,38.16899490356445,0
2004-11-24,38.16899490356445,42.21908187866211,38.16899490356445,38.16899490356445,0
2004-11-25,43.20092010498047,46.207801818847656,42.21908187866211,42.21908187866211,1247
2004-11-26,41.17587661743164,43.20092010498047,41.17587661743164,43.20092010498047,249
2004-11-29,38.16899490356445,42.21908187866211,38.16899490356445,38.16899490356445,0
2004-11-30,42.21908187866211,42.21908187866211,42.21908187866211,42.21908187866211,118
2004-12-01,38.41445159912109,50.25788879394531,38.41445159912109,38.41445159912109,0
2004-12-02,42.21908187866211,42.21908187866211,42.21908187866211,42.21908187866211,136
2004-12-03,40.19403839111328,44.61231231689453,40.19403839111328,40.19403839111328,0
2004-12-06,46.207801818847656,46.207801818847656,40.19403839111328,40.19403839111328,570
2004-12-07,39.212196350097656,46.207801818847656,39.212196350097656,39.212196350097656,0
2004-12-08,45.655517578125,47.25100326538086,42.21908187866211,46.207801818847656,1548
2004-12-09,43.20092010498047,47.25100326538086,43.20092010498047,47.25100326538086,358
2004-12-10,50.25788879394531,50.25788879394531,47.25100326538086,47.25100326538086,1059
2004-12-13,46.207801818847656,50.44198226928711,46.207801818847656,50.44198226928711,1303
2004-12-14,47.25100326538086,47.25100326538086,47.25100326538086,47.25100326538086,162
2004-12-15,66.33550262451172,70.32422637939453,49.82833480834961,49.82833480834961,9320
2004-12-16,59.27853393554688,70.93787384033203,54.24660873413086,70.93787384033203,8074
2004-12-17,60.321739196777344,60.321739196777344,56.27165222167969,60.321739196777344,3682
2004-12-20,57.25349044799805,60.321739196777344,57.25349044799805,57.25349044799805,0
2004-12-21,54.492069244384766,57.25349044799805,54.24660873413086,57.25349044799805,1235
2004-12-22,53.6943244934082,54.24660873413086,52.46702575683594,54.24660873413086,651
2004-12-23,58.11259841918945,58.11259841918945,53.2647705078125,53.4488639831543,733
2004-12-24,58.11259841918945,58.11259841918945,58.11259841918945,58.11259841918945,0
2004-12-27,52.8352165222168,52.8352165222168,52.8352165222168,52.8352165222168,81
2004-12-28,52.8352165222168,52.8352165222168,52.46702575683594,52.8352165222168,570
2004-12-29,53.2647705078125,53.2647705078125,53.2647705078125,53.2647705078125,162
2004-12-30,51.669281005859375,53.2647705078125,51.669281005859375,53.2647705078125,285
2004-12-31,51.669281005859375,51.669281005859375,51.669281005859375,51.669281005859375,0
2005-01-03,54.24660873413086,54.24660873413086,54.24660873413086,54.24660873413086,162
2005-01-04,53.2647705078125,53.2647705078125,53.2647705078125,53.2647705078125,81
2005-01-05,51.23972702026367,53.6943244934082,51.23972702026367,53.6943244934082,0
2005-01-06,50.44198226928711,51.42382049560547,50.25788879394531,51.42382049560547,244
2005-01-07,56.27165222167969,63.32862091064453,51.669281005859375,51.669281005859375,407
2005-01-10,54.24660873413086,54.24660873413086,54.24660873413086,54.24660873413086,89
2005-01-11,53.6943244934082,56.45574569702149,53.6943244934082,55.28981018066406,814
2005-01-12,50.626075744628906,56.27165222167969,50.626075744628906,56.27165222167969,0
2005-01-13,51.05562973022461,56.27165222167969,51.05562973022461,56.27165222167969,0
2005-01-14,52.28292846679688,55.28981018066406,52.28292846679688,55.28981018066406,0
2005-01-17,52.28292846679688,54.24660873413086,51.23972702026367,54.24660873413086,896
2005-01-18,52.65111923217773,56.88529968261719,52.65111923217773,56.88529968261719,0
2005-01-19,52.28292846679688,52.28292846679688,52.28292846679688,52.28292846679688,162
2005-01-20,51.23972702026367,52.28292846679688,50.25788879394531,50.44198226928711,977
2005-01-21,51.23972702026367,51.23972702026367,51.23972702026367,51.23972702026367,162
2005-01-24,51.05562973022461,53.2647705078125,51.05562973022461,53.2647705078125,407
2005-01-25,49.21468353271485,54.06251525878906,49.21468353271485,54.06251525878906,0
2005-01-26,49.46014404296875,49.46014404296875,49.46014404296875,49.46014404296875,162
2005-01-27,49.46014404296875,52.03747177124024,49.46014404296875,52.03747177124024,0
2005-01-28,51.42382049560547,51.42382049560547,49.21468353271485,49.46014404296875,407
2005-01-31,50.626075744628906,51.669281005859375,50.626075744628906,51.669281005859375,247
2005-02-01,51.23972702026367,51.23972702026367,51.23972702026367,51.23972702026367,81
2005-02-02,49.46014404296875,50.44198226928711,49.46014404296875,50.44198226928711,896
2005-02-03,49.21468353271485,50.25788879394531,49.21468353271485,50.25788879394531,325
2005-02-04,50.25788879394531,52.28292846679688,48.23284530639648,48.66239929199219,1140
2005-02-07,55.90346145629883,56.27165222167969,50.25788879394531,50.25788879394531,18007
2005-02-08,52.28292846679688,56.27165222167969,52.28292846679688,56.27165222167969,1711
2005-02-09,58.29669570922852,58.29669570922852,50.25788879394531,50.25788879394531,2199
2005-02-10,61.3035774230957,61.3035774230957,58.910343170166016,58.910343170166016,1959
2005-02-11,58.29669570922852,60.321739196777344,56.27165222167969,60.321739196777344,3441
2005-02-14,54.492069244384766,60.07627868652344,54.492069244384766,60.07627868652344,0
2005-02-15,58.29669570922852,58.29669570922852,58.29669570922852,58.29669570922852,81
2005-02-16,54.24660873413086,56.27165222167969,54.24660873413086,56.27165222167969,244
2005-02-17,54.24660873413086,54.24660873413086,54.24660873413086,54.24660873413086,248
2005-02-18,55.473907470703125,55.473907470703125,55.473907470703125,55.473907470703125,67
2005-02-21,57.25349044799805,57.25349044799805,57.25349044799805,57.25349044799805,32
2005-02-22,58.29669570922852,58.29669570922852,58.29669570922852,58.29669570922852,32
2005-02-23,49.46014404296875,58.11259841918945,49.46014404296875,58.11259841918945,977
2005-02-24,58.29669570922852,58.29669570922852,56.27165222167969,58.11259841918945,456
2005-02-25,56.27165222167969,56.27165222167969,56.27165222167969,56.27165222167969,195
2005-02-28,55.28981018066406,55.28981018066406,54.24660873413086,54.24660873413086,195
2005-03-01,50.626075744628906,56.27165222167969,50.626075744628906,50.626075744628906,0
2005-03-02,98.49073028564452,108.55458068847656,61.9172248840332,61.9172248840332,25260
2005-03-03,156.7874298095703,196.98146057128903,113.15695190429688,114.56834411621094,116591
2005-03-04,133.65284729003906,160.77615356445312,131.0755157470703,160.77615356445312,41058
2005-03-07,142.67349243164062,149.54637145996094,138.6847686767578,141.691650390625,12561
2005-03-08,137.4574737548828,144.6985321044922,133.65284729003906,144.6985321044922,5792
2005-03-09,123.5889892578125,136.65972900390625,123.03671264648438,135.49378967285156,7368
2005-03-10,125.6140365600586,128.43682861328125,114.93653869628906,124.63219451904295,3063
2005-03-11,129.66412353515625,137.88702392578125,127.63907623291016,128.62091064453125,3976
2005-03-14,124.63219451904295,132.67100524902344,118.55706787109376,132.67100524902344,2051
2005-03-15,118.55706787109376,122.6071548461914,116.59339141845705,122.6071548461914,1580
2005-03-16,116.59339141845705,116.96157836914062,116.59339141845705,116.59339141845705,1531
2005-03-17,110.51825714111328,114.56834411621094,108.55458068847656,114.56834411621094,1386
2005-03-18,124.20264434814452,124.63219451904295,110.51825714111328,110.51825714111328,1278
2005-03-21,122.6071548461914,122.6071548461914,122.6071548461914,122.6071548461914,228
2005-03-22,155.7442169189453,175.87191772460938,148.74862670898438,148.74862670898438,23738
2005-03-23,145.9258270263672,156.3578643798828,142.67349243164062,155.98968505859375,3552
2005-03-24,145.9258270263672,145.9258270263672,145.9258270263672,145.9258270263672,0
2005-03-25,145.9258270263672,145.9258270263672,145.9258270263672,145.9258270263672,0
2005-03-28,145.9258270263672,145.9258270263672,145.9258270263672,145.9258270263672,0
2005-03-29,142.12120056152344,142.67349243164062,135.67788696289062,135.67788696289062,1955
2005-03-30,144.33033752441406,146.5394744873047,141.691650390625,142.3052978515625,505
2005-03-31,142.67349243164062,142.67349243164062,139.66661071777344,141.691650390625,391
2005-04-01,145.74172973632812,146.72357177734375,135.67788696289062,142.67349243164062,2407
2005-04-04,148.74862670898438,151.75550842285156,148.74862670898438,150.77366638183594,358
2005-04-05,142.67349243164062,148.74862670898438,142.67349243164062,148.74862670898438,701
2005-04-06,140.70980834960938,141.87574768066406,130.64596557617188,136.65972900390625,1759
2005-04-07,140.70980834960938,140.70980834960938,134.6346893310547,134.6346893310547,296
2005-04-08,145.74172973632812,152.73733520507812,145.74172973632812,149.91455078125,5105
2005-04-11,151.75550842285156,154.76239013671875,147.70541381835938,148.31906127929688,2648
2005-04-12,152.55325317382812,156.7874298095703,148.74862670898438,152.73733520507812,1711
2005-04-13,145.74172973632812,148.74862670898438,145.74172973632812,148.74862670898438,782
2005-04-14,148.50315856933594,148.50315856933594,141.691650390625,144.51443481445312,1338
2005-04-15,145.74172973632812,150.77366638183594,143.71669006347656,150.5281982421875,793
2005-04-18,138.6847686767578,138.86886596679688,134.6346893310547,136.65972900390625,1829
2005-04-19,144.6985321044922,144.6985321044922,138.6847686767578,138.6847686767578,619
2005-04-20,140.70980834960938,144.6985321044922,140.70980834960938,140.70980834960938,688
2005-04-21,142.48939514160156,142.48939514160156,140.70980834960938,142.48939514160156,1994
2005-04-22,145.74172973632812,145.74172973632812,141.32345581054688,141.32345581054688,554
2005-04-25,144.6985321044922,144.6985321044922,144.6985321044922,144.6985321044922,32
2005-04-26,149.73045349121094,150.77366638183594,140.70980834960938,141.691650390625,717
2005-04-27,140.70980834960938,145.74172973632812,138.6847686767578,145.74172973632812,879
2005-04-28,136.65972900390625,138.6847686767578,136.65972900390625,138.6847686767578,1238
2005-04-29,140.70980834960938,141.0780029296875,138.6847686767578,138.6847686767578,1564
2005-05-02,137.7029266357422,137.7029266357422,137.7029266357422,137.7029266357422,146
2005-05-03,140.89390563964844,140.89390563964844,140.70980834960938,140.70980834960938,488
2005-05-04,142.3052978515625,142.48939514160156,140.70980834960938,140.70980834960938,1825
2005-05-05,142.3052978515625,142.48939514160156,140.70980834960938,140.70980834960938,0
2005-05-06,140.70980834960938,140.70980834960938,140.70980834960938,140.70980834960938,2379
2005-05-09,142.67349243164062,143.10304260253906,140.70980834960938,140.70980834960938,301
2005-05-10,140.70980834960938,140.70980834960938,140.70980834960938,140.70980834960938,423
2005-05-11,142.67349243164062,142.67349243164062,142.48939514160156,142.48939514160156,749
2005-05-12,137.7029266357422,143.10304260253906,137.7029266357422,143.10304260253906,1124
2005-05-13,142.67349243164062,142.67349243164062,142.67349243164062,142.67349243164062,75
2005-05-16,142.67349243164062,142.67349243164062,142.67349243164062,142.67349243164062,0
2005-05-17,142.67349243164062,142.67349243164062,142.67349243164062,142.67349243164062,0
2005-05-18,134.88014221191406,140.70980834960938,134.88014221191406,140.70980834960938,0
2005-05-19,140.70980834960938,140.70980834960938,136.65972900390625,136.90518188476562,358
2005-05-20,140.70980834960938,140.70980834960938,140.70980834960938,140.70980834960938,162
2005-05-23,143.10304260253906,143.10304260253906,142.67349243164062,142.67349243164062,295
2005-05-24,148.74862670898438,158.81246948242188,140.70980834960938,140.70980834960938,4261
2005-05-25,155.5601348876953,155.5601348876953,148.74862670898438,150.77366638183594,1010
2005-05-26,151.5714111328125,155.7442169189453,144.51443481445312,155.5601348876953,2395
2005-05-27,149.73045349121094,151.93959045410156,144.6985321044922,148.93270874023438,521
2005-05-30,152.73733520507812,158.81246948242188,150.5281982421875,150.5281982421875,1222
2005-05-31,144.6985321044922,150.77366638183594,140.89390563964844,148.93270874023438,1499
2005-06-01,152.73733520507812,154.76239013671875,148.74862670898438,148.74862670898438,782
2005-06-02,148.74862670898438,151.75550842285156,148.74862670898438,151.75550842285156,619
2005-06-03,148.74862670898438,151.75550842285156,148.74862670898438,151.75550842285156,0
2005-06-06,170.83999633789062,172.8650360107422,159.1806640625,159.1806640625,9565
2005-06-07,165.80807495117188,172.8650360107422,163.7830352783203,170.83999633789062,2118
2005-06-08,163.23074340820312,170.65589904785156,163.23074340820312,166.8512725830078,2297
2005-06-09,166.8512725830078,166.8512725830078,164.82623291015625,164.82623291015625,195
2005-06-10,164.82623291015625,164.82623291015625,161.38980102539062,164.82623291015625,2017
2005-06-13,164.82623291015625,166.60581970214844,162.8011932373047,166.60581970214844,1874
2005-06-14,164.3966827392578,166.8512725830078,160.407958984375,166.8512725830078,4132
2005-06-15,169.42860412597656,190.9676971435547,167.21946716308594,170.04225158691406,6550
2005-06-16,168.630859375,175.68783569335938,160.77615356445312,175.68783569335938,4595
2005-06-17,165.80807495117188,167.83311462402344,162.8011932373047,167.83311462402344,3489
2005-06-20,166.8512725830078,166.8512725830078,159.1806640625,164.82623291015625,3112
2005-06-21,172.06729125976562,179.8606414794922,171.82183837890625,176.66966247558594,4489
2005-06-22,174.8900909423828,176.853759765625,170.83999633789062,176.853759765625,4761
2005-06-23,174.8900909423828,180.71975708007807,172.06729125976562,175.87191772460938,1522
2005-06-24,172.8650360107422,174.8900909423828,171.82183837890625,174.8900909423828,1844
2005-06-27,168.630859375,171.0240936279297,162.98529052734375,171.0240936279297,1435
2005-06-28,169.858154296875,170.83999633789062,168.630859375,168.630859375,782
2005-06-29,166.8512725830078,166.8512725830078,165.0103302001953,166.8512725830078,961
2005-06-30,170.83999633789062,170.83999633789062,165.80807495117188,165.80807495117188,146
2005-07-01,169.858154296875,170.65589904785156,165.0103302001953,168.81495666503906,426
2005-07-04,165.80807495117188,165.80807495117188,165.80807495117188,165.80807495117188,2004
2005-07-05,164.82623291015625,165.19442749023438,164.82623291015625,165.19442749023438,374
2005-07-06,165.80807495117188,165.80807495117188,164.82623291015625,164.82623291015625,374
2005-07-07,160.59205627441406,164.82623291015625,152.73733520507812,164.82623291015625,1597
2005-07-08,168.630859375,168.630859375,162.8011932373047,163.7830352783203,1662
2005-07-11,167.83311462402344,169.858154296875,166.8512725830078,169.858154296875,179
2005-07-12,164.21258544921875,167.403564453125,164.21258544921875,167.403564453125,0
2005-07-13,162.8011932373047,166.8512725830078,162.8011932373047,166.8512725830078,1157
2005-07-14,160.77615356445312,160.77615356445312,160.77615356445312,160.77615356445312,1026
2005-07-15,160.59205627441406,160.77615356445312,158.81246948242188,160.77615356445312,1091
2005-07-18,163.7830352783203,163.7830352783203,160.59205627441406,160.59205627441406,1906
2005-07-19,160.77615356445312,166.8512725830078,160.77615356445312,166.8512725830078,8359
2005-07-20,158.81246948242188,158.81246948242188,152.73733520507812,156.7874298095703,439
2005-07-21,153.78054809570312,158.81246948242188,153.78054809570312,158.5670166015625,391
2005-07-22,153.78054809570312,157.76927185058594,153.78054809570312,157.76927185058594,0
2005-07-25,157.76927185058594,159.7943115234375,157.76927185058594,157.76927185058594,554
2005-07-26,158.81246948242188,158.81246948242188,156.7874298095703,156.7874298095703,1466
2005-07-27,160.77615356445312,162.8011932373047,159.7943115234375,159.7943115234375,554
2005-07-28,160.77615356445312,163.7830352783203,160.77615356445312,160.77615356445312,391
2005-07-29,159.7943115234375,159.97840881347656,159.7943115234375,159.7943115234375,311
2005-08-01,168.81495666503906,173.8468780517578,161.81935119628906,161.81935119628906,2615
2005-08-02,189.7404022216797,196.98146057128903,170.83999633789062,170.83999633789062,11587
2005-08-03,180.9038543701172,186.9176177978516,175.25827026367188,185.935775756836,6945
2005-08-04,180.9038543701172,182.92889404296875,176.48558044433594,182.92889404296875,5374
2005-08-05,185.935775756836,185.935775756836,177.89697265625,180.9038543701172,1719
2005-08-08,207.0453186035156,209.0089874267578,185.935775756836,185.935775756836,14612
2005-08-09,211.03404235839844,215.0841217041016,195.93826293945312,211.03404235839844,4529
2005-08-10,200.6019897460937,211.03404235839844,195.93826293945312,211.03404235839844,5108
2005-08-11,251.2280731201172,301.4859619140625,249.2030334472656,267.3056945800781,46822
2005-08-12,235.15045166015625,249.2030334472656,229.13668823242188,247.2393493652344,16030
2005-08-15,221.097885131836,233.1254119873047,217.0478057861328,233.1254119873047,9054
2005-08-16,207.0453186035156,229.13668823242188,200.97018432617188,221.097885131836,7377
2005-08-17,207.0453186035156,211.03404235839844,194.9564208984375,205.0202789306641,6272
2005-08-18,202.99522399902344,209.0089874267578,200.97018432617188,207.0453186035156,15562
2005-08-19,215.0841217041016,219.0728454589844,202.99522399902344,202.99522399902344,3770
2005-08-22,209.0089874267578,217.0478057861328,207.0453186035156,215.0841217041016,3063
2005-08-23,205.0202789306641,217.0478057861328,202.99522399902344,211.03404235839844,2411
2005-08-24,200.97018432617188,209.0089874267578,199.98834228515625,207.0453186035156,2183
2005-08-25,200.1724395751953,209.0089874267578,200.1724395751953,209.0089874267578,1678
2005-08-26,200.97018432617188,202.99522399902344,195.93826293945312,200.97018432617188,4714
2005-08-29,205.0202789306641,205.0202789306641,199.98834228515625,200.97018432617188,2074
2005-08-30,221.097885131836,227.1116485595703,200.97018432617188,205.0202789306641,6754
2005-08-31,215.0841217041016,221.097885131836,215.0841217041016,221.097885131836,2495
2005-09-01,217.0478057861328,221.097885131836,211.03404235839844,215.0841217041016,3014
2005-09-02,211.03404235839844,217.0478057861328,207.0453186035156,217.0478057861328,1205
2005-09-05,209.0089874267578,217.0478057861328,207.0453186035156,207.0453186035156,1417
2005-09-06,211.03404235839844,217.0478057861328,207.0453186035156,211.03404235839844,1925
2005-09-07,223.1229248046875,237.17550659179688,213.05908203125,213.05908203125,15355
2005-09-08,225.08660888671875,235.15045166015625,225.08660888671875,227.1116485595703,16954
2005-09-09,241.1642303466797,261.2919311523437,229.13668823242188,229.13668823242188,32135
2005-09-12,235.15045166015625,249.2030334472656,233.1254119873047,247.2393493652344,8518
2005-09-13,241.1642303466797,243.18927001953125,229.13668823242188,237.17550659179688,8262
2005-09-14,263.31695556640625,263.31695556640625,243.18927001953125,245.2143096923828,16584
2005-09-15,257.2418518066406,281.3582458496094,257.2418518066406,267.3056945800781,28638
2005-09-16,259.2668762207031,267.3056945800781,253.25311279296875,263.31695556640625,7240
2005-09-19,263.31695556640625,263.31695556640625,251.2280731201172,263.31695556640625,5182
2005-09-20,257.2418518066406,269.3307189941406,253.25311279296875,267.3056945800781,6436
2005-09-21,255.2781524658203,265.2806396484375,249.2030334472656,261.2919311523437,3226
2005-09-22,261.2919311523437,285.4083557128906,261.2919311523437,279.39459228515625,24286
2005-09-23,269.3307189941406,279.39459228515625,263.31695556640625,263.31695556640625,16356
2005-09-26,271.35577392578125,279.39459228515625,271.35577392578125,277.3695373535156,7677
2005-09-27,299.4609069824219,299.4609069824219,269.3307189941406,281.3582458496094,24651
2005-09-28,307.4997253417969,335.6662292480469,303.5110168457031,307.4997253417969,21455
2005-09-29,303.5110168457031,307.4997253417969,291.422119140625,301.4859619140625,8940
2005-09-30,283.38330078125,305.5360412597656,281.3582458496094,305.5360412597656,8376
2005-10-03,287.4333801269531,295.4721984863281,281.3582458496094,285.4083557128906,3601
2005-10-04,289.3970642089844,291.422119140625,281.3582458496094,287.4333801269531,1339
2005-10-05,281.3582458496094,291.422119140625,273.3194580078125,291.422119140625,3343
2005-10-06,259.2668762207031,271.35577392578125,249.2030334472656,261.2919311523437,7610
2005-10-07,261.2919311523437,265.2806396484375,253.25311279296875,255.2781524658203,4013
2005-10-10,257.2418518066406,271.35577392578125,257.2418518066406,267.3056945800781,2265
2005-10-11,263.31695556640625,279.39459228515625,257.2418518066406,261.2919311523437,8428
2005-10-12,261.2919311523437,275.344482421875,261.2919311523437,265.2806396484375,4431
2005-10-13,249.2030334472656,259.2668762207031,231.1617431640625,259.2668762207031,4580
2005-10-14,229.13668823242188,253.25311279296875,223.1229248046875,253.25311279296875,6670
2005-10-17,229.13668823242188,243.18927001953125,221.097885131836,233.1254119873047,5002
2005-10-18,209.0089874267578,231.1617431640625,191.9495391845703,229.13668823242188,13557
2005-10-19,190.9676971435547,194.77232360839844,178.69471740722656,194.77232360839844,15414
2005-10-20,188.94265747070312,200.97018432617188,188.94265747070312,199.00650024414065,5757
2005-10-21,182.4993438720703,188.94265747070312,178.69471740722656,184.892578125,3136
2005-10-24,200.97018432617188,205.0202789306641,182.92889404296875,184.7084808349609,4857
2005-10-25,195.570068359375,219.0728454589844,195.570068359375,211.03404235839844,6741
2005-10-26,197.9633026123047,202.99522399902344,196.1837158203125,196.1837158203125,4725
2005-10-27,199.00650024414065,200.97018432617188,190.9676971435547,199.00650024414065,1516
2005-10-28,200.97018432617188,205.0202789306641,180.9038543701172,190.9676971435547,2216
2005-10-31,202.99522399902344,217.0478057861328,190.9676971435547,207.0453186035156,12107
2005-11-01,198.1473999023437,202.99522399902344,196.1837158203125,199.00650024414065,1450
2005-11-02,197.9633026123047,200.97018432617188,197.9633026123047,200.97018432617188,1205
2005-11-03,200.97018432617188,200.97018432617188,194.9564208984375,199.00650024414065,2542
2005-11-04,198.5769500732422,205.0202789306641,198.5769500732422,205.0202789306641,928
2005-11-07,213.05908203125,213.05908203125,199.00650024414065,200.7860870361328,3161
2005-11-08,213.05908203125,219.0728454589844,207.0453186035156,219.0728454589844,7316
2005-11-09,213.05908203125,217.0478057861328,209.0089874267578,213.05908203125,4269
2005-11-10,223.1229248046875,227.1116485595703,213.05908203125,215.0841217041016,10320
2005-11-11,200.97018432617188,223.1229248046875,194.9564208984375,223.1229248046875,14230
2005-11-14,191.1517944335937,199.00650024414065,186.9176177978516,199.00650024414065,5090
2005-11-15,184.892578125,192.931381225586,183.9107360839844,192.931381225586,4223
2005-11-16,180.9038543701172,182.92889404296875,176.853759765625,182.92889404296875,4188
2005-11-17,187.10171508789065,187.34716796875,178.87879943847656,181.5175018310547,3862
2005-11-18,183.29708862304688,190.9676971435547,183.29708862304688,184.892578125,1417
2005-11-21,187.53126525878903,194.9564208984375,184.892578125,186.7335205078125,2020
2005-11-22,185.6903076171875,190.9676971435547,184.892578125,186.9176177978516,1515
2005-11-23,241.1642303466797,241.1642303466797,178.87879943847656,185.1380310058593,63204
2005-11-24,245.2143096923828,259.2668762207031,237.17550659179688,255.2781524658203,62751
2005-11-25,215.0841217041016,241.1642303466797,215.0841217041016,241.1642303466797,32396
2005-11-28,196.55191040039065,205.0202789306641,196.55191040039065,205.0202789306641,25425
2005-11-29,191.9495391845703,196.98146057128903,187.10171508789065,190.9676971435547,39211
2005-11-30,205.0202789306641,211.03404235839844,193.1768341064453,195.93826293945312,10768
2005-12-01,200.97018432617188,207.0453186035156,195.93826293945312,207.0453186035156,8050
2005-12-02,195.385971069336,200.97018432617188,194.3427734375,196.98146057128903,4581
2005-12-05,197.16555786132807,197.16555786132807,193.54502868652344,196.3678131103516,2884
2005-12-06,197.9633026123047,200.97018432617188,195.93826293945312,196.1837158203125,3585
2005-12-07,199.00650024414065,202.99522399902344,196.98146057128903,199.98834228515625,3379
2005-12-08,197.16555786132807,200.7860870361328,196.79736328125,199.00650024414065,2183
2005-12-09,197.16555786132807,200.97018432617188,196.3678131103516,199.1905975341797,3878
2005-12-12,190.3540496826172,196.98146057128903,184.892578125,196.98146057128903,7274
2005-12-13,186.9176177978516,193.7291259765625,186.9176177978516,193.7291259765625,2004
2005-12-14,184.892578125,188.5131072998047,184.892578125,188.5131072998047,2271
2005-12-15,184.892578125,186.9176177978516,181.8856811523437,184.09483337402344,3699
2005-12-16,177.89697265625,185.935775756836,174.8900909423828,183.9107360839844,7056
2005-12-19,168.630859375,178.87879943847656,165.0103302001953,176.853759765625,4546
2005-12-20,160.59205627441406,167.83311462402344,160.59205627441406,166.8512725830078,5019
2005-12-21,158.81246948242188,166.8512725830078,149.73045349121094,159.7943115234375,14963
2005-12-22,159.36476135253906,162.8011932373047,156.7874298095703,162.8011932373047,5654
2005-12-23,156.54196166992188,161.81935119628906,149.36227416992188,161.81935119628906,9549
2005-12-26,156.54196166992188,161.81935119628906,149.36227416992188,161.81935119628906,0
2005-12-27,156.54196166992188,157.76927185058594,151.75550842285156,156.7874298095703,7137
2005-12-28,156.1737823486328,159.7943115234375,152.73733520507812,159.7943115234375,4449
2005-12-29,155.98968505859375,157.76927185058594,153.16690063476562,153.9646453857422,6757
2005-12-30,167.03536987304688,167.03536987304688,150.77366638183594,153.9646453857422,14896
2006-01-02,179.8606414794922,180.9038543701172,160.77615356445312,165.80807495117188,5094
2006-01-03,174.03097534179688,181.8856811523437,174.03097534179688,181.8856811523437,3702
2006-01-04,178.87879943847656,181.5175018310547,172.8650360107422,176.853759765625,3389
2006-01-05,183.7266387939453,190.9676971435547,170.04225158691406,178.87879943847656,5778
2006-01-06,200.97018432617188,217.0478057861328,180.9038543701172,185.32212829589844,31021
2006-01-09,207.0453186035156,215.0841217041016,205.0202789306641,205.0202789306641,13787
2006-01-10,194.9564208984375,207.0453186035156,190.9676971435547,207.0453186035156,12190
2006-01-11,194.9564208984375,197.16555786132807,194.9564208984375,196.98146057128903,1304
2006-01-12,187.8994598388672,197.9633026123047,186.9176177978516,190.9676971435547,5019
2006-01-13,182.92889404296875,184.892578125,179.8606414794922,183.1129913330078,5536
2006-01-16,180.9038543701172,186.9176177978516,172.06729125976562,180.10610961914062,6407
2006-01-17,178.87879943847656,188.94265747070312,177.89697265625,177.89697265625,1564
2006-01-18,172.8650360107422,177.89697265625,170.83999633789062,176.853759765625,2274
2006-01-19,179.06289672851562,182.92889404296875,176.853759765625,179.8606414794922,842
2006-01-20,184.52438354492188,188.94265747070312,181.8856811523437,184.892578125,1222
2006-01-23,185.32212829589844,190.53814697265625,184.52438354492188,184.52438354492188,1776
2006-01-24,185.935775756836,188.7585601806641,185.935775756836,186.9176177978516,224
2006-01-25,188.94265747070312,188.94265747070312,186.9176177978516,186.9176177978516,1189
2006-01-26,185.935775756836,188.94265747070312,182.31524658203125,188.94265747070312,1434
2006-01-27,185.935775756836,188.5131072998047,185.1380310058593,188.5131072998047,1890
2006-01-30,184.52438354492188,188.94265747070312,184.52438354492188,187.8994598388672,1322
2006-01-31,221.097885131836,249.2030334472656,211.03404235839844,211.03404235839844,49379
2006-02-01,202.99522399902344,223.1229248046875,200.97018432617188,213.05908203125,9566
2006-02-02,200.97018432617188,211.03404235839844,195.385971069336,209.0089874267578,13074
2006-02-03,194.9564208984375,197.9633026123047,192.931381225586,197.9633026123047,1777
2006-02-06,205.0202789306641,207.0453186035156,191.9495391845703,191.9495391845703,3285
2006-02-07,200.97018432617188,211.03404235839844,199.1905975341797,202.99522399902344,2679
2006-02-08,199.00650024414065,200.97018432617188,192.931381225586,196.1837158203125,878
2006-02-09,197.16555786132807,200.97018432617188,194.9564208984375,200.97018432617188,1140
2006-02-10,202.99522399902344,205.0202789306641,197.16555786132807,202.99522399902344,1613
2006-02-13,207.0453186035156,207.0453186035156,200.97018432617188,205.0202789306641,3401
2006-02-14,205.0202789306641,211.03404235839844,200.97018432617188,207.0453186035156,1772
2006-02-15,189.92449951171875,199.00650024414065,186.9176177978516,199.00650024414065,5214
2006-02-16,185.935775756836,190.9676971435547,183.1129913330078,190.9676971435547,703
2006-02-17,195.7541656494141,202.99522399902344,190.7222442626953,190.9676971435547,6086
2006-02-20,196.98146057128903,202.99522399902344,196.98146057128903,197.9633026123047,1929
2006-02-21,196.98146057128903,197.9633026123047,196.98146057128903,196.98146057128903,782
2006-02-22,192.931381225586,200.97018432617188,192.931381225586,200.97018432617188,800
2006-02-23,194.9564208984375,195.93826293945312,192.931381225586,192.931381225586,252
2006-02-24,199.37469482421875,200.4179077148437,193.97457885742188,194.9564208984375,2020
2006-02-27,202.99522399902344,209.0089874267578,199.98834228515625,199.98834228515625,3900
2006-02-28,207.0453186035156,217.0478057861328,200.97018432617188,202.99522399902344,6347
2006-03-01,215.0841217041016,215.0841217041016,209.0089874267578,211.03404235839844,3715
2006-03-02,213.05908203125,219.0728454589844,211.03404235839844,215.0841217041016,1729
2006-03-03,211.03404235839844,215.0841217041016,200.97018432617188,211.03404235839844,3668
2006-03-06,209.0089874267578,211.03404235839844,205.0202789306641,209.0089874267578,1452
2006-03-07,202.99522399902344,207.0453186035156,200.97018432617188,207.0453186035156,1099
2006-03-08,199.00650024414065,202.99522399902344,196.1837158203125,200.97018432617188,912
2006-03-09,199.00650024414065,200.97018432617188,199.00650024414065,200.97018432617188,774
2006-03-10,192.931381225586,197.9633026123047,192.1336364746093,195.93826293945312,1857
2006-03-13,200.97018432617188,200.97018432617188,196.98146057128903,196.98146057128903,1450
2006-03-14,207.0453186035156,207.0453186035156,195.385971069336,200.97018432617188,1157
2006-03-15,200.97018432617188,209.0089874267578,200.97018432617188,205.0202789306641,3096
2006-03-16,198.1473999023437,200.97018432617188,196.98146057128903,200.97018432617188,1556
2006-03-17,193.1768341064453,198.1473999023437,190.1085968017578,196.3678131103516,13916
2006-03-20,199.00650024414065,199.00650024414065,193.7291259765625,195.93826293945312,1303
2006-03-21,194.9564208984375,196.98146057128903,192.931381225586,193.1768341064453,1437
2006-03-22,192.931381225586,194.3427734375,190.9676971435547,192.931381225586,7198
2006-03-23,196.98146057128903,196.98146057128903,191.9495391845703,191.9495391845703,2965
2006-03-24,195.93826293945312,199.8042449951172,192.931381225586,199.8042449951172,2868
2006-03-27,192.931381225586,199.00650024414065,191.9495391845703,199.00650024414065,2221
2006-03-28,193.97457885742188,193.97457885742188,189.92449951171875,192.931381225586,2411
2006-03-29,193.97457885742188,193.97457885742188,190.9676971435547,191.1517944335937,2848
2006-03-30,209.0089874267578,209.0089874267578,193.97457885742188,193.97457885742188,10441
2006-03-31,200.97018432617188,233.1254119873047,199.1905975341797,213.05908203125,26707
2006-04-03,221.097885131836,225.08660888671875,209.0089874267578,211.03404235839844,33194
2006-04-04,202.99522399902344,215.0841217041016,202.99522399902344,215.0841217041016,12592
2006-04-05,199.5587921142578,205.0202789306641,194.5882263183593,200.97018432617188,6724
2006-04-06,197.59510803222656,200.97018432617188,195.570068359375,199.98834228515625,3375
2006-04-07,197.7792053222656,197.9633026123047,195.570068359375,197.59510803222656,3552
2006-04-10,191.51998901367188,197.7792053222656,190.9676971435547,197.3496551513672,5199
2006-04-11,195.93826293945312,195.93826293945312,191.9495391845703,191.9495391845703,1112
2006-04-12,193.97457885742188,195.570068359375,193.97457885742188,194.9564208984375,162
2006-04-13,193.97457885742188,193.97457885742188,193.97457885742188,193.97457885742188,0
2006-04-14,193.97457885742188,193.97457885742188,193.97457885742188,193.97457885742188,0
2006-04-17,193.97457885742188,193.97457885742188,193.97457885742188,193.97457885742188,0
2006-04-18,192.1336364746093,192.1336364746093,184.892578125,191.9495391845703,6397
2006-04-19,199.37469482421875,200.6019897460937,189.1267547607422,191.3358917236328,11390
2006-04-20,202.99522399902344,207.0453186035156,200.97018432617188,202.99522399902344,10543
2006-04-21,205.0202789306641,205.0202789306641,200.4179077148437,205.0202789306641,6032
2006-04-24,205.0202789306641,209.0089874267578,202.99522399902344,207.0453186035156,5651
2006-04-25,207.0453186035156,207.0453186035156,199.37469482421875,202.99522399902344,4399
2006-04-26,215.0841217041016,219.0728454589844,205.0202789306641,205.0202789306641,10867
2006-04-27,211.03404235839844,215.0841217041016,197.16555786132807,215.0841217041016,5531
2006-04-28,200.97018432617188,200.97018432617188,194.9564208984375,200.97018432617188,8166
2006-05-01,200.97018432617188,200.97018432617188,200.97018432617188,200.97018432617188,0
2006-05-02,207.0453186035156,211.03404235839844,199.00650024414065,202.99522399902344,14275
2006-05-03,205.0202789306641,217.0478057861328,200.97018432617188,209.0089874267578,19700
2006-05-04,205.0202789306641,207.0453186035156,199.37469482421875,202.99522399902344,7649
2006-05-05,205.0202789306641,213.05908203125,200.97018432617188,202.99522399902344,14063
2006-05-08,196.79736328125,207.0453186035156,194.9564208984375,207.0453186035156,8263
2006-05-09,192.931381225586,198.76104736328125,191.1517944335937,194.9564208984375,6831
2006-05-10,200.97018432617188,200.97018432617188,186.9176177978516,192.74728393554688,9696
2006-05-11,200.7860870361328,200.7860870361328,189.31085205078125,193.1768341064453,4008
2006-05-12,188.94265747070312,194.9564208984375,187.8994598388672,194.9564208984375,9402
2006-05-15,177.89697265625,180.4742889404297,172.8650360107422,180.4742889404297,6388
2006-05-16,179.67654418945312,180.4742889404297,174.03097534179688,174.03097534179688,2222
2006-05-17,179.67654418945312,179.67654418945312,179.67654418945312,179.67654418945312,0
2006-05-18,169.858154296875,172.06729125976562,150.77366638183594,172.06729125976562,3667
2006-05-19,176.05601501464844,185.935775756836,174.8900909423828,176.853759765625,3021
2006-05-22,162.8011932373047,177.89697265625,161.81935119628906,176.853759765625,1193
2006-05-23,167.83311462402344,170.83999633789062,164.82623291015625,167.403564453125,6111
2006-05-24,160.407958984375,168.81495666503906,158.5670166015625,167.83311462402344,4448
2006-05-25,160.407958984375,160.407958984375,160.407958984375,160.407958984375,0
2006-05-26,168.81495666503906,168.81495666503906,163.23074340820312,165.0103302001953,1874
2006-05-29,171.82183837890625,174.8900909423828,170.83999633789062,174.8900909423828,997
2006-05-30,167.83311462402344,172.8650360107422,166.2376251220703,172.8650360107422,1091
2006-05-31,165.80807495117188,165.80807495117188,160.77615356445312,165.80807495117188,3017
2006-06-01,165.43988037109375,170.04225158691406,163.59893798828125,164.82623291015625,2574
2006-06-02,182.92889404296875,182.92889404296875,167.403564453125,167.403564453125,6459
2006-06-05,182.92889404296875,182.92889404296875,182.92889404296875,182.92889404296875,0
2006-06-06,182.92889404296875,187.8994598388672,173.8468780517578,174.03097534179688,1923
2006-06-07,182.6834259033203,186.7335205078125,178.87879943847656,186.7335205078125,2004
2006-06-08,174.8900909423828,174.8900909423828,168.0172119140625,173.2332305908203,1091
2006-06-09,180.71975708007807,180.71975708007807,174.8900909423828,175.87191772460938,185
2006-06-12,176.48558044433594,176.853759765625,171.45364379882812,176.853759765625,700
2006-06-13,164.82623291015625,171.82183837890625,157.15562438964844,171.82183837890625,2884
2006-06-14,162.8011932373047,162.8011932373047,158.38291931152344,162.8011932373047,1271
2006-06-15,17064.1171875,17064.1171875,16079.271484375,16320.435546875,2949
2006-06-16,17064.1171875,17064.1171875,17064.1171875,17064.1171875,0
2006-06-19,164.82623291015625,171.82183837890625,162.98529052734375,165.99217224121094,4513
2006-06-20,160.77615356445312,162.8011932373047,159.61021423339844,162.8011932373047,1781
2006-06-21,160.77615356445312,162.61709594726562,158.81246948242188,161.5738983154297,651
2006-06-22,162.8011932373047,169.858154296875,160.77615356445312,160.77615356445312,947
2006-06-23,167.83311462402344,168.81495666503906,163.4148406982422,166.8512725830078,977
2006-06-26,168.630859375,168.630859375,164.21258544921875,167.64901733398438,619
2006-06-27,176.853759765625,176.853759765625,167.03536987304688,167.03536987304688,2530
2006-06-28,181.8856811523437,183.9107360839844,175.68783569335938,176.853759765625,969
2006-06-29,186.9176177978516,189.92449951171875,184.892578125,184.892578125,2428
2006-06-30,150.957763671875,190.7222442626953,146.72357177734375,188.94265747070312,38844
2006-07-03,162.1875457763672,162.61709594726562,152.12368774414062,157.76927185058594,9443
2006-07-04,158.81246948242188,163.7830352783203,154.76239013671875,163.23074340820312,3031
2006-07-05,155.37603759765625,159.61021423339844,153.78054809570312,159.61021423339844,1303
2006-07-06,170.22634887695312,171.82183837890625,150.34410095214844,157.58517456054688,8279
2006-07-07,183.48117065429688,185.6903076171875,164.82623291015625,170.83999633789062,16920
2006-07-10,185.5062255859375,188.94265747070312,183.48117065429688,185.935775756836,8362
2006-07-11,183.9107360839844,185.32212829589844,178.5106201171875,185.32212829589844,3438
2006-07-12,175.87191772460938,184.892578125,175.87191772460938,184.892578125,3389
2006-07-13,174.8900909423828,177.89697265625,172.8650360107422,173.8468780517578,1010
2006-07-14,179.8606414794922,180.71975708007807,173.4786834716797,176.853759765625,1401
2006-07-17,176.853759765625,186.9176177978516,176.853759765625,179.8606414794922,1339
2006-07-18,171.0240936279297,180.9038543701172,168.81495666503906,176.853759765625,3929
2006-07-19,172.8650360107422,175.68783569335938,158.81246948242188,173.2332305908203,5361
2006-07-20,174.8900909423828,179.8606414794922,172.8650360107422,175.25827026367188,2591
2006-07-21,169.858154296875,174.8900909423828,168.81495666503906,171.82183837890625,602
2006-07-24,163.23074340820312,170.4104461669922,161.0216064453125,170.4104461669922,1711
2006-07-25,163.7830352783203,166.8512725830078,163.7830352783203,166.8512725830078,228
2006-07-26,162.8011932373047,164.82623291015625,161.38980102539062,164.82623291015625,456
2006-07-27,161.81935119628906,161.81935119628906,157.95335388183594,161.20570373535156,1779
2006-07-28,163.7830352783203,164.82623291015625,161.81935119628906,161.81935119628906,146
2006-07-31,163.7830352783203,165.80807495117188,160.77615356445312,165.80807495117188,1857
2006-08-01,162.61709594726562,163.7830352783203,160.59205627441406,163.7830352783203,3308
2006-08-02,163.4148406982422,163.7830352783203,161.0216064453125,161.0216064453125,1548
2006-08-03,161.81935119628906,163.23074340820312,160.77615356445312,163.23074340820312,549
2006-08-04,159.97840881347656,162.8011932373047,159.97840881347656,162.8011932373047,244
2006-08-07,160.77615356445312,162.8011932373047,156.54196166992188,160.77615356445312,847
2006-08-08,160.77615356445312,161.81935119628906,158.81246948242188,161.38980102539062,325
2006-08-09,160.77615356445312,161.5738983154297,159.36476135253906,160.77615356445312,1091
2006-08-10,160.16250610351562,161.81935119628906,158.81246948242188,158.81246948242188,1091
2006-08-11,160.77615356445312,161.20570373535156,156.97152709960938,156.97152709960938,783
2006-08-14,158.81246948242188,161.5738983154297,158.81246948242188,161.5738983154297,166
2006-08-15,158.81246948242188,160.77615356445312,154.76239013671875,158.81246948242188,733
2006-08-16,154.76239013671875,155.7442169189453,141.691650390625,155.5601348876953,7190
2006-08-17,153.78054809570312,159.36476135253906,149.91455078125,155.5601348876953,1336
2006-08-18,152.36915588378906,155.37603759765625,146.72357177734375,155.37603759765625,4791
2006-08-21,146.72357177734375,152.73733520507812,144.51443481445312,152.73733520507812,8637
2006-08-22,148.74862670898438,149.73045349121094,145.74172973632812,148.50315856933594,5548
2006-08-23,148.1349639892578,150.77366638183594,147.9508819580078,148.74862670898438,2851
2006-08-24,149.54637145996094,149.54637145996094,141.32345581054688,147.9508819580078,2102
2006-08-25,148.50315856933594,148.50315856933594,144.94400024414062,147.70541381835938,733
2006-08-28,141.691650390625,148.93270874023438,141.32345581054688,148.93270874023438,5198
2006-08-29,130.21640014648438,140.70980834960938,127.20952606201172,137.27337646484375,13889
2006-08-30,115.55018615722656,122.6071548461914,105.54769897460938,120.58210754394533,39823
2006-08-31,116.59339141845705,122.42305755615234,110.7637176513672,114.56834411621094,15803
2006-09-01,113.95469665527344,118.55706787109376,110.94781494140624,118.55706787109376,11261
2006-09-04,111.7455596923828,115.55018615722656,110.51825714111328,115.55018615722656,5429
2006-09-05,111.13191223144533,113.58650970458984,108.55458068847656,112.17511749267578,5252
2006-09-06,109.1682357788086,111.56146240234376,107.5113754272461,110.51825714111328,2608
2006-09-07,109.5364227294922,109.5364227294922,105.9158935546875,107.5113754272461,3377
2006-09-08,112.54330444335938,118.37297058105467,107.32728576660156,110.33416748046876,2199
2006-09-11,107.5113754272461,112.54330444335938,100.51577758789062,112.54330444335938,5312
2006-09-12,107.5113754272461,108.30912017822266,104.13630676269533,104.13630676269533,2314
2006-09-13,107.5113754272461,108.12503051757812,107.32728576660156,108.12503051757812,602
2006-09-14,106.529541015625,108.12503051757812,100.51577758789062,108.12503051757812,7673
2006-09-15,104.68859100341795,106.529541015625,104.5044937133789,106.529541015625,896
2006-09-18,116.7774887084961,117.7593231201172,106.529541015625,106.529541015625,10180
2006-09-19,120.58210754394533,126.59587860107422,116.16383361816406,119.17071533203124,18275
2006-09-20,123.03671264648438,123.40489959716795,120.21392059326172,120.58210754394533,5297
2006-09-21,125.42993927001952,125.42993927001952,121.62531280517578,123.5889892578125,6611
2006-09-22,126.59587860107422,126.59587860107422,124.01854705810548,125.6140365600586,2951
2006-09-25,123.8344497680664,126.41178131103516,123.5889892578125,126.41178131103516,1993
2006-09-26,125.6140365600586,125.6140365600586,121.80941009521484,125.6140365600586,1469
2006-09-27,125.0003890991211,125.6140365600586,123.5889892578125,125.6140365600586,1911
2006-09-28,130.64596557617188,133.65284729003906,125.42993927001952,125.42993927001952,4489
2006-09-29,129.66412353515625,130.64596557617188,126.59587860107422,130.64596557617188,1868
2006-10-02,125.6140365600586,129.66412353515625,125.6140365600586,129.66412353515625,1389
2006-10-03,126.2276840209961,130.64596557617188,125.6140365600586,125.6140365600586,1825
2006-10-04,127.63907623291016,128.62091064453125,126.59587860107422,126.59587860107422,1922
2006-10-05,132.241455078125,132.241455078125,127.63907623291016,127.63907623291016,831
2006-10-06,127.63907623291016,133.83694458007812,126.41178131103516,132.05735778808594,2152
2006-10-09,127.02542877197266,128.62091064453125,125.6140365600586,128.62091064453125,808
2006-10-10,129.2345733642578,130.64596557617188,127.82317352294922,128.43682861328125,2468
2006-10-11,128.62091064453125,128.62091064453125,127.63907623291016,127.63907623291016,2058
2006-10-12,130.64596557617188,130.64596557617188,126.59587860107422,126.59587860107422,3563
2006-10-13,133.46875,134.0823974609375,131.6278076171875,131.6278076171875,3249
2006-10-16,131.44371032714844,133.46875,131.44371032714844,133.46875,1524
2006-10-17,130.64596557617188,130.64596557617188,127.20952606201172,130.64596557617188,2392
2006-10-18,130.64596557617188,130.64596557617188,126.59587860107422,129.66412353515625,1166
2006-10-19,131.6278076171875,132.67100524902344,129.66412353515625,130.64596557617188,1327
2006-10-20,136.65972900390625,137.7029266357422,131.6278076171875,131.6278076171875,4822
2006-10-23,162.8011932373047,176.66966247558594,140.70980834960938,140.70980834960938,32358
2006-10-24,153.35098266601562,164.6421356201172,151.75550842285156,162.61709594726562,11511
2006-10-25,143.90078735351562,151.75550842285156,143.90078735351562,151.32594299316406,3412
2006-10-26,147.70541381835938,151.75550842285156,141.691650390625,144.6985321044922,2611
2006-10-27,137.27337646484375,148.74862670898438,136.29153442382812,148.74862670898438,4555
2006-10-30,135.49378967285156,138.6847686767578,127.63907623291016,138.0711212158203,5265
2006-10-31,134.26649475097656,134.6346893310547,130.64596557617188,131.87326049804688,1515
2006-11-01,138.25521850585938,139.66661071777344,132.67100524902344,134.26649475097656,2252
2006-11-02,135.49378967285156,138.6847686767578,132.8551025390625,138.6847686767578,2232
2006-11-03,135.67788696289062,136.65972900390625,134.6346893310547,135.67788696289062,325
2006-11-06,134.6346893310547,135.2483367919922,131.44371032714844,132.67100524902344,1152
2006-11-07,142.67349243164062,144.0848846435547,137.7029266357422,137.7029266357422,2652
2006-11-08,141.691650390625,142.67349243164062,137.7029266357422,142.67349243164062,1010
2006-11-09,143.71669006347656,143.71669006347656,141.32345581054688,141.32345581054688,586
2006-11-10,143.71669006347656,143.71669006347656,143.71669006347656,143.71669006347656,293
2006-11-13,143.71669006347656,146.72357177734375,142.67349243164062,144.33033752441406,663
2006-11-14,143.71669006347656,143.71669006347656,142.67349243164062,142.67349243164062,431
2006-11-15,143.71669006347656,143.71669006347656,138.6847686767578,142.67349243164062,1306
2006-11-16,145.12808227539062,145.49627685546875,143.71669006347656,143.71669006347656,1304
2006-11-17,146.5394744873047,146.5394744873047,143.10304260253906,145.49627685546875,851
2006-11-20,148.74862670898438,164.82623291015625,146.2940216064453,150.5281982421875,1127
2006-11-21,148.74862670898438,149.73045349121094,146.72357177734375,146.72357177734375,228
2006-11-22,151.5714111328125,152.55325317382812,148.74862670898438,150.77366638183594,1055
2006-11-23,153.78054809570312,153.78054809570312,150.77366638183594,152.55325317382812,2065
2006-11-24,150.77366638183594,158.19882202148438,150.77366638183594,154.76239013671875,1189
2006-11-27,156.7874298095703,160.77615356445312,154.76239013671875,155.5601348876953,1975
2006-11-28,158.38291931152344,158.81246948242188,154.76239013671875,154.76239013671875,851
2006-11-29,158.81246948242188,158.81246948242188,154.76239013671875,154.76239013671875,671
2006-11-30,159.61021423339844,160.59205627441406,154.76239013671875,160.59205627441406,1140
2006-12-01,155.7442169189453,158.81246948242188,154.76239013671875,157.76927185058594,554
2006-12-04,155.7442169189453,158.81246948242188,153.35098266601562,156.7874298095703,756
2006-12-05,159.97840881347656,160.59205627441406,157.95335388183594,160.59205627441406,358
2006-12-06,158.38291931152344,159.97840881347656,154.5782928466797,159.7943115234375,635
2006-12-07,157.4010772705078,159.1806640625,154.76239013671875,159.1806640625,1560
2006-12-08,158.5670166015625,158.5670166015625,155.1919403076172,155.1919403076172,233
2006-12-11,156.7874298095703,159.61021423339844,153.9646453857422,159.61021423339844,361
2006-12-12,156.54196166992188,156.7874298095703,151.75550842285156,153.9646453857422,627
2006-12-13,156.7874298095703,158.81246948242188,151.93959045410156,151.93959045410156,1735
2006-12-14,157.76927185058594,157.76927185058594,155.7442169189453,155.7442169189453,262
2006-12-15,156.7874298095703,156.7874298095703,153.9646453857422,154.76239013671875,1199
2006-12-18,155.7442169189453,156.54196166992188,154.76239013671875,154.76239013671875,985
2006-12-19,151.75550842285156,155.1919403076172,151.75550842285156,155.1919403076172,1299
2006-12-20,153.78054809570312,154.5782928466797,153.78054809570312,154.5782928466797,295
2006-12-21,150.77366638183594,154.1487274169922,148.50315856933594,154.1487274169922,896
2006-12-22,150.77366638183594,150.77366638183594,144.94400024414062,148.74862670898438,1238
2006-12-27,147.70541381835938,149.73045349121094,147.70541381835938,149.73045349121094,176
2006-12-28,146.72357177734375,146.72357177734375,144.6985321044922,146.72357177734375,521
2006-12-29,141.691650390625,143.71669006347656,141.0780029296875,143.10304260253906,3806
2007-01-02,144.33033752441406,144.6985321044922,142.67349243164062,142.67349243164062,674
2007-01-03,146.72357177734375,146.72357177734375,142.67349243164062,142.67349243164062,1391
2007-01-04,142.12120056152344,142.9189453125,141.691650390625,142.9189453125,717
2007-01-05,141.691650390625,145.74172973632812,141.691650390625,144.6985321044922,505
2007-01-08,144.6985321044922,144.6985321044922,143.28713989257812,144.6985321044922,162
2007-01-09,140.46435546875,152.73733520507812,140.28025817871094,144.6985321044922,1905
2007-01-10,144.33033752441406,144.33033752441406,140.70980834960938,140.70980834960938,1857
2007-01-11,144.33033752441406,144.33033752441406,142.67349243164062,142.67349243164062,602
2007-01-12,141.691650390625,143.71669006347656,140.89390563964844,143.71669006347656,398
2007-01-15,142.67349243164062,143.5325927734375,140.70980834960938,143.5325927734375,883
2007-01-16,144.94400024414062,150.34410095214844,142.67349243164062,142.67349243164062,2167
2007-01-17,145.12808227539062,147.70541381835938,143.71669006347656,144.6985321044922,325
2007-01-18,142.9189453125,145.12808227539062,142.9189453125,144.6985321044922,228
2007-01-19,152.55325317382812,152.73733520507812,144.6985321044922,147.5213165283203,4429
2007-01-22,154.1487274169922,158.38291931152344,150.77366638183594,152.55325317382812,2087
2007-01-23,151.75550842285156,154.76239013671875,149.73045349121094,150.77366638183594,718
2007-01-24,152.73733520507812,152.73733520507812,148.74862670898438,150.77366638183594,1564
2007-01-25,147.15313720703125,149.11680603027344,147.15313720703125,149.11680603027344,819
2007-01-26,148.50315856933594,148.74862670898438,143.71669006347656,147.15313720703125,1338
2007-01-29,147.5213165283203,150.34410095214844,144.6985321044922,148.74862670898438,765
2007-01-30,146.72357177734375,146.72357177734375,144.94400024414062,145.12808227539062,130
2007-01-31,147.5213165283203,148.74862670898438,145.12808227539062,148.74862670898438,996
2007-02-01,147.70541381835938,147.70541381835938,146.2940216064453,146.72357177734375,245
2007-02-02,148.74862670898438,149.36227416992188,147.70541381835938,147.70541381835938,358
2007-02-05,149.91455078125,149.91455078125,146.9076690673828,146.9076690673828,3242
2007-02-06,153.78054809570312,156.3578643798828,150.16001892089844,150.16001892089844,1176
2007-02-07,153.78054809570312,154.76239013671875,152.73733520507812,154.76239013671875,769
2007-02-08,159.1806640625,162.8011932373047,156.7874298095703,156.7874298095703,4300
2007-02-09,162.8011932373047,165.80807495117188,161.20570373535156,162.1875457763672,2460
2007-02-12,167.64901733398438,168.81495666503906,164.82623291015625,165.0103302001953,1339
2007-02-13,167.21946716308594,169.06040954589844,165.19442749023438,166.8512725830078,2446
2007-02-14,166.8512725830078,166.8512725830078,162.8011932373047,164.82623291015625,1686
2007-02-15,166.8512725830078,170.83999633789062,166.8512725830078,169.06040954589844,3004
2007-02-16,159.36476135253906,171.0240936279297,153.5350799560547,164.21258544921875,7694
2007-02-19,160.77615356445312,165.80807495117188,149.11680603027344,158.81246948242188,8126
2007-02-20,161.81935119628906,166.42172241210938,155.98968505859375,164.0284881591797,4393
2007-02-21,160.59205627441406,160.77615356445312,155.7442169189453,160.77615356445312,1205
2007-02-22,160.59205627441406,160.59205627441406,160.59205627441406,160.59205627441406,146
2007-02-23,156.7874298095703,160.407958984375,148.50315856933594,160.407958984375,4826
2007-02-26,157.76927185058594,158.81246948242188,156.7874298095703,156.7874298095703,260
2007-02-27,152.73733520507812,154.76239013671875,148.31906127929688,154.76239013671875,1214
2007-02-28,150.34410095214844,150.77366638183594,140.70980834960938,140.89390563964844,1645
2007-03-01,145.49627685546875,164.82623291015625,140.89390563964844,148.74862670898438,2596
2007-03-02,146.10992431640625,146.10992431640625,142.67349243164062,142.9189453125,668
2007-03-05,139.11431884765625,145.74172973632812,135.67788696289062,145.74172973632812,2228
2007-03-06,138.25521850585938,141.691650390625,136.65972900390625,141.0780029296875,1947
2007-03-07,138.6847686767578,140.70980834960938,137.7029266357422,138.25521850585938,1644
2007-03-08,142.67349243164062,142.67349243164062,140.70980834960938,141.0780029296875,1531
2007-03-09,144.33033752441406,144.33033752441406,139.9120635986328,142.12120056152344,228
2007-03-12,145.74172973632812,148.50315856933594,140.70980834960938,140.89390563964844,423
2007-03-13,150.34410095214844,153.78054809570312,146.5394744873047,146.5394744873047,1580
2007-03-14,146.72357177734375,147.70541381835938,143.71669006347656,147.70541381835938,456
2007-03-15,146.10992431640625,146.10992431640625,142.67349243164062,142.67349243164062,554
2007-03-16,147.70541381835938,150.77366638183594,141.87574768066406,147.70541381835938,1108
2007-03-19,148.50315856933594,150.5281982421875,143.71669006347656,150.5281982421875,472
2007-03-20,149.54637145996094,149.54637145996094,144.6985321044922,146.72357177734375,684
2007-03-21,148.93270874023438,148.93270874023438,144.6985321044922,148.74862670898438,1157
2007-03-22,145.3121795654297,148.74862670898438,145.3121795654297,145.3121795654297,0
2007-03-23,146.5394744873047,148.93270874023438,145.12808227539062,145.74172973632812,1124
2007-03-26,145.74172973632812,147.5213165283203,142.48939514160156,146.5394744873047,1205
2007-03-27,144.51443481445312,144.6985321044922,140.70980834960938,142.9189453125,912
2007-03-28,143.71669006347656,143.71669006347656,138.25521850585938,141.691650390625,1234
2007-03-29,142.67349243164062,142.67349243164062,141.32345581054688,142.67349243164062,146
2007-03-30,141.691650390625,142.48939514160156,140.70980834960938,140.70980834960938,945
2007-04-02,140.70980834960938,141.87574768066406,138.50067138671875,141.87574768066406,487
2007-04-03,142.67349243164062,142.67349243164062,140.46435546875,140.46435546875,340
2007-04-04,142.9189453125,143.71669006347656,141.0780029296875,142.67349243164062,342
2007-04-10,144.51443481445312,144.51443481445312,144.51443481445312,144.51443481445312,847
2007-04-11,142.48939514160156,144.51443481445312,140.70980834960938,143.5325927734375,684
2007-04-12,140.89390563964844,141.691650390625,140.70980834960938,141.691650390625,717
2007-04-13,139.9120635986328,142.67349243164062,139.9120635986328,139.9120635986328,0
2007-04-16,138.6847686767578,139.9120635986328,137.27337646484375,138.6847686767578,720
2007-04-17,140.89390563964844,142.67349243164062,139.66661071777344,140.46435546875,1108
2007-04-18,146.9076690673828,154.76239013671875,144.51443481445312,144.51443481445312,3964
2007-04-19,146.72357177734375,148.50315856933594,144.33033752441406,148.50315856933594,1075
2007-04-20,146.5394744873047,146.5394744873047,143.5325927734375,144.6985321044922,293
2007-04-23,144.0848846435547,146.2940216064453,141.0780029296875,146.2940216064453,1564
2007-04-24,142.12120056152344,143.90078735351562,142.12120056152344,142.67349243164062,239
2007-04-25,143.71669006347656,143.90078735351562,141.0780029296875,142.67349243164062,879
2007-04-26,142.67349243164062,146.72357177734375,141.0780029296875,141.0780029296875,1759
2007-04-27,142.9189453125,146.10992431640625,141.32345581054688,144.6985321044922,765
2007-04-30,141.0780029296875,143.90078735351562,140.89390563964844,143.90078735351562,228
2007-05-02,142.48939514160156,142.48939514160156,140.70980834960938,141.32345581054688,602
2007-05-03,137.7029266357422,140.46435546875,133.46875,136.65972900390625,7235
2007-05-04,135.06423950195312,135.67788696289062,133.46875,134.6346893310547,2085
2007-05-07,133.65284729003906,135.06423950195312,133.03919982910156,135.06423950195312,847
2007-05-08,133.65284729003906,134.6346893310547,133.28465270996094,133.65284729003906,1205
2007-05-09,132.42555236816406,133.65284729003906,130.83006286621094,132.67100524902344,977
2007-05-10,131.6278076171875,132.241455078125,129.66412353515625,131.0755157470703,1482
2007-05-11,130.64596557617188,132.05735778808594,128.2527313232422,132.05735778808594,1042
2007-05-14,128.62091064453125,129.66412353515625,126.8413314819336,128.62091064453125,1711
2007-05-15,126.04359436035156,128.2527313232422,123.5889892578125,127.02542877197266,2297
2007-05-16,125.42993927001952,125.42993927001952,123.5889892578125,124.63219451904295,849
2007-05-18,126.04359436035156,129.4186553955078,124.63219451904295,129.4186553955078,928
2007-05-21,125.6140365600586,127.45498657226562,124.81629180908205,127.45498657226562,1352
2007-05-22,124.63219451904295,126.59587860107422,124.38673400878906,125.6140365600586,1140
2007-05-23,124.63219451904295,124.63219451904295,122.6071548461914,124.63219451904295,2346
2007-05-24,123.5889892578125,124.63219451904295,122.6071548461914,124.63219451904295,863
2007-05-25,124.63219451904295,124.63219451904295,123.5889892578125,123.5889892578125,1336
2007-05-29,124.63219451904295,126.59587860107422,124.63219451904295,126.59587860107422,985
2007-05-30,123.40489959716795,123.8344497680664,121.62531280517578,123.5889892578125,637
2007-05-31,122.79125213623048,124.63219451904295,122.6071548461914,123.40489959716795,1890
2007-06-01,122.79125213623048,122.79125213623048,122.79125213623048,122.79125213623048,0
2007-06-04,123.03671264648438,124.38673400878906,123.03671264648438,124.38673400878906,945
2007-06-05,121.19576263427734,124.63219451904295,121.19576263427734,123.5889892578125,1336
2007-06-06,122.6071548461914,122.6071548461914,120.58210754394533,121.19576263427734,374
2007-06-07,121.80941009521484,122.6071548461914,121.19576263427734,122.6071548461914,554
2007-06-08,119.78437042236328,120.58210754394533,112.54330444335938,120.58210754394533,1319
2007-06-11,126.2276840209961,126.2276840209961,116.7774887084961,116.7774887084961,1841
2007-06-12,124.63219451904295,127.45498657226562,121.01166534423828,127.45498657226562,1140
2007-06-13,123.5889892578125,123.5889892578125,121.62531280517578,122.6071548461914,506
2007-06-14,123.5889892578125,123.5889892578125,120.58210754394533,122.6071548461914,1173
2007-06-15,123.2208023071289,123.2208023071289,121.19576263427734,121.37985229492188,1874
2007-06-18,123.5889892578125,124.63219451904295,121.01166534423828,124.63219451904295,391
2007-06-19,123.03671264648438,123.03671264648438,120.58210754394533,121.01166534423828,782
2007-06-20,123.5889892578125,123.5889892578125,120.58210754394533,122.17759704589844,2012
2007-06-21,121.37985229492188,122.17759704589844,120.58210754394533,121.80941009521484,1552
2007-06-22,122.79125213623048,122.79125213623048,119.78437042236328,122.17759704589844,912
2007-06-25,123.5889892578125,125.6140365600586,120.58210754394533,120.58210754394533,904
2007-06-26,125.6140365600586,125.6140365600586,123.5889892578125,123.5889892578125,374
2007-06-27,123.5889892578125,125.245849609375,123.5889892578125,125.245849609375,342
2007-06-28,122.6071548461914,123.5889892578125,121.37985229492188,121.37985229492188,488
2007-06-29,124.20264434814452,124.20264434814452,121.19576263427734,122.6071548461914,635
2007-07-02,123.03671264648438,123.03671264648438,121.37985229492188,122.6071548461914,342
2007-07-03,121.19576263427734,124.20264434814452,120.76620483398438,122.17759704589844,603
2007-07-04,124.81629180908205,124.81629180908205,120.58210754394533,120.76620483398438,1678
2007-07-05,121.01166534423828,122.6071548461914,120.58210754394533,120.76620483398438,586
2007-07-06,122.6071548461914,122.6071548461914,120.39801788330078,122.6071548461914,3031
2007-07-09,125.42993927001952,130.64596557617188,121.80941009521484,123.5889892578125,4611
2007-07-10,127.02542877197266,127.82317352294922,126.59587860107422,127.82317352294922,472
2007-07-11,128.00726318359375,128.43682861328125,124.63219451904295,127.02542877197266,332
2007-07-12,126.59587860107422,126.59587860107422,123.03671264648438,124.38673400878906,879
2007-07-13,125.6140365600586,125.6140365600586,125.0003890991211,125.6140365600586,374
2007-07-16,126.59587860107422,126.59587860107422,122.6071548461914,123.5889892578125,179
2007-07-17,125.245849609375,128.62091064453125,124.63219451904295,125.6140365600586,1222
2007-07-18,125.79813385009766,126.59587860107422,122.6071548461914,125.245849609375,928
2007-07-19,124.63219451904295,125.6140365600586,124.63219451904295,125.6140365600586,179
2007-07-20,124.38673400878906,126.41178131103516,120.76620483398438,125.6140365600586,977
2007-07-23,124.01854705810548,124.63219451904295,118.80252838134766,120.76620483398438,994
2007-07-24,124.01854705810548,124.63219451904295,120.58210754394533,124.63219451904295,798
2007-07-25,122.6071548461914,122.6071548461914,120.58210754394533,120.58210754394533,293
2007-07-26,121.01166534423828,121.62531280517578,121.01166534423828,121.62531280517578,228
2007-07-27,120.58210754394533,121.9935073852539,115.55018615722656,119.60027313232422,681
2007-07-30,121.9935073852539,121.9935073852539,117.3911361694336,118.80252838134766,440
2007-07-31,121.62531280517578,121.62531280517578,119.60027313232422,119.60027313232422,293
2007-08-01,120.58210754394533,121.80941009521484,118.55706787109376,120.39801788330078,65
2007-08-02,120.58210754394533,121.37985229492188,118.0047836303711,119.60027313232422,439
2007-08-03,121.62531280517578,121.80941009521484,120.58210754394533,121.80941009521484,195
2007-08-06,120.76620483398438,120.76620483398438,116.59339141845705,118.80252838134766,211
2007-08-07,122.42305755615234,122.6071548461914,117.57522583007812,118.55706787109376,130
2007-08-08,120.58210754394533,122.42305755615234,120.58210754394533,122.42305755615234,146
2007-08-09,117.57522583007812,120.58210754394533,116.59339141845705,117.20703887939452,260
2007-08-10,119.9684600830078,120.58210754394533,115.979736328125,115.979736328125,260
2007-08-13,120.39801788330078,120.39801788330078,120.39801788330078,120.39801788330078,16
2007-08-14,116.16383361816406,118.55706787109376,113.95469665527344,116.34793090820312,456
2007-08-15,118.98662567138672,118.98662567138672,114.56834411621094,114.56834411621094,342
2007-08-16,111.56146240234376,119.60027313232422,106.71363067626952,119.60027313232422,1841
2007-08-17,112.54330444335938,114.3842544555664,109.96597290039062,111.56146240234376,325
2007-08-20,113.95469665527344,116.34793090820312,113.95469665527344,116.34793090820312,228
2007-08-21,115.3660888671875,115.55018615722656,112.72740173339844,115.55018615722656,146
2007-08-22,119.41617584228516,119.41617584228516,112.54330444335938,114.56834411621094,839
2007-08-23,118.18888092041016,118.37297058105467,113.77059936523438,115.3660888671875,244
2007-08-24,115.55018615722656,116.59339141845705,114.75244140625,115.55018615722656,472
2007-08-27,113.58650970458984,117.20703887939452,113.58650970458984,114.56834411621094,244
2007-08-28,110.51825714111328,112.72740173339844,110.33416748046876,112.72740173339844,765
2007-08-29,109.5364227294922,109.5364227294922,109.5364227294922,109.5364227294922,472
2007-08-30,110.51825714111328,111.56146240234376,108.55458068847656,111.56146240234376,733
2007-08-31,108.73867797851562,110.51825714111328,107.94093322753906,110.51825714111328,342
2007-09-03,106.529541015625,110.51825714111328,102.90900421142578,110.51825714111328,2607
2007-09-04,109.5364227294922,109.5364227294922,105.54769897460938,105.54769897460938,994
2007-09-05,108.55458068847656,108.55458068847656,108.55458068847656,108.55458068847656,16
2007-09-06,105.73179626464844,108.30912017822266,104.5044937133789,106.8977279663086,717
2007-09-07,113.15695190429688,113.34104919433594,106.529541015625,106.529541015625,912
2007-09-10,110.51825714111328,110.51825714111328,107.1431884765625,108.92277526855467,391
2007-09-11,110.51825714111328,114.3842544555664,107.32728576660156,107.32728576660156,1988
2007-09-12,110.94781494140624,112.9728546142578,108.73867797851562,112.9728546142578,1287
2007-09-13,118.55706787109376,118.55706787109376,108.73867797851562,108.73867797851562,114
2007-09-14,112.35920715332033,112.35920715332033,112.35920715332033,112.35920715332033,162
2007-09-17,106.09998321533205,110.33416748046876,104.68859100341795,107.94093322753906,1499
2007-09-18,115.979736328125,115.979736328125,106.529541015625,106.529541015625,1075
2007-09-19,116.59339141845705,117.57522583007812,112.54330444335938,117.57522583007812,6763
2007-09-20,116.34793090820312,117.57522583007812,114.56834411621094,117.57522583007812,236
2007-09-21,117.3911361694336,117.3911361694336,113.77059936523438,113.77059936523438,195
2007-09-24,115.79564666748048,117.3911361694336,115.79564666748048,117.3911361694336,195
2007-09-25,116.7774887084961,119.41617584228516,116.59339141845705,118.55706787109376,1079
2007-09-26,118.55706787109376,120.58210754394533,117.57522583007812,119.17071533203124,749
2007-09-27,114.56834411621094,118.55706787109376,114.56834411621094,114.56834411621094,0
2007-09-28,117.57522583007812,117.57522583007812,115.79564666748048,115.79564666748048,97
2007-10-01,116.59339141845705,117.57522583007812,116.59339141845705,117.57522583007812,309
2007-10-02,116.59339141845705,116.59339141845705,114.75244140625,114.75244140625,130
2007-10-03,113.34104919433594,113.58650970458984,110.51825714111328,113.58650970458984,831
2007-10-04,113.58650970458984,117.3911361694336,113.58650970458984,113.58650970458984,0
2007-10-05,114.75244140625,115.18199920654295,114.75244140625,114.75244140625,358
2007-10-08,120.58210754394533,123.40489959716795,115.55018615722656,115.55018615722656,1108
2007-10-09,122.42305755615234,122.42305755615234,116.7774887084961,119.17071533203124,853
2007-10-10,121.62531280517578,121.62531280517578,120.58210754394533,120.58210754394533,436
2007-10-11,121.62531280517578,122.6071548461914,120.58210754394533,121.62531280517578,879
2007-10-12,123.03671264648438,123.03671264648438,121.62531280517578,121.9935073852539,624
2007-10-15,133.65284729003906,135.67788696289062,122.6071548461914,122.6071548461914,1336
2007-10-16,131.44371032714844,133.83694458007812,127.63907623291016,131.6278076171875,863
2007-10-17,131.44371032714844,131.44371032714844,129.66412353515625,130.64596557617188,374
2007-10-18,128.62091064453125,128.8050079345703,127.63907623291016,128.8050079345703,293
2007-10-19,133.65284729003906,133.65284729003906,126.41178131103516,126.8413314819336,586
2007-10-22,130.03231811523438,130.03231811523438,126.59587860107422,127.63907623291016,97
2007-10-23,129.8482208251953,129.8482208251953,129.8482208251953,129.8482208251953,65
2007-10-24,124.63219451904295,131.6278076171875,122.6071548461914,130.4618682861328,1254
2007-10-25,131.6278076171875,131.6278076171875,124.63219451904295,124.63219451904295,1238
2007-10-26,127.63907623291016,128.62091064453125,123.5889892578125,124.81629180908205,2542
2007-10-29,123.5889892578125,126.59587860107422,123.5889892578125,124.81629180908205,1499
2007-10-30,122.6071548461914,126.41178131103516,120.76620483398438,122.6071548461914,1968
2007-10-31,124.63219451904295,124.63219451904295,124.63219451904295,124.63219451904295,65
2007-11-01,124.20264434814452,124.20264434814452,122.6071548461914,123.5889892578125,593
2007-11-02,120.76620483398438,120.76620483398438,120.76620483398438,120.76620483398438,162
2007-11-05,120.76620483398438,120.76620483398438,119.78437042236328,120.76620483398438,1109
2007-11-06,121.62531280517578,121.62531280517578,116.7774887084961,116.7774887084961,488
2007-11-07,116.7774887084961,120.58210754394533,116.7774887084961,116.7774887084961,0
2007-11-08,120.39801788330078,120.39801788330078,116.7774887084961,116.7774887084961,456
2007-11-09,120.58210754394533,120.58210754394533,119.60027313232422,120.39801788330078,651
2007-11-12,117.57522583007812,117.7593231201172,117.57522583007812,117.7593231201172,325
2007-11-13,120.58210754394533,120.58210754394533,115.55018615722656,115.55018615722656,277
2007-11-14,119.17071533203124,119.60027313232422,115.979736328125,115.979736328125,539
2007-11-15,114.75244140625,116.7774887084961,114.75244140625,116.7774887084961,1076
2007-11-16,114.75244140625,114.75244140625,113.58650970458984,113.58650970458984,162
2007-11-19,110.15007019042967,114.56834411621094,110.15007019042967,114.56834411621094,228
2007-11-20,108.55458068847656,110.51825714111328,104.5044937133789,110.51825714111328,668
2007-11-21,104.5044937133789,104.5044937133789,102.47945404052734,104.5044937133789,619
2007-11-22,102.47945404052734,105.54769897460938,100.27031707763672,104.5044937133789,928
2007-11-23,103.5226593017578,103.5226593017578,100.51577758789062,100.51577758789062,229
2007-11-26,106.34544372558594,106.34544372558594,106.34544372558594,106.34544372558594,32
2007-11-27,104.5044937133789,106.529541015625,104.5044937133789,104.5044937133789,0
2007-11-28,106.529541015625,108.55458068847656,106.529541015625,108.55458068847656,130
2007-11-29,104.5044937133789,107.5113754272461,104.5044937133789,107.5113754272461,195
2007-11-30,110.51825714111328,111.13191223144533,108.55458068847656,108.55458068847656,456
2007-12-03,107.7568359375,108.55458068847656,103.5226593017578,108.55458068847656,294
2007-12-04,104.5044937133789,109.5364227294922,103.5226593017578,108.55458068847656,554
2007-12-05,107.32728576660156,107.7568359375,107.32728576660156,107.7568359375,97
2007-12-06,104.5044937133789,104.5044937133789,104.5044937133789,104.5044937133789,130
2007-12-07,106.529541015625,106.529541015625,101.68170928955078,103.5226593017578,1108
2007-12-10,108.30912017822266,108.30912017822266,107.32728576660156,107.32728576660156,619
2007-12-11,108.12503051757812,108.12503051757812,106.09998321533205,106.09998321533205,423
2007-12-12,108.12503051757812,108.12503051757812,106.8977279663086,106.8977279663086,130
2007-12-13,106.529541015625,108.30912017822266,106.529541015625,108.30912017822266,3259
2007-12-14,118.80252838134766,132.67100524902344,117.57522583007812,118.55706787109376,6942
2007-12-17,121.9935073852539,125.0003890991211,120.58210754394533,122.6071548461914,3268
2007-12-18,121.37985229492188,123.5889892578125,116.7774887084961,122.17759704589844,1306
2007-12-19,122.6071548461914,122.6071548461914,119.60027313232422,120.58210754394533,879
2007-12-20,124.63219451904295,125.42993927001952,122.17759704589844,122.17759704589844,1792
2007-12-21,124.01854705810548,124.63219451904295,122.6071548461914,122.6071548461914,1782
2007-12-27,122.42305755615234,123.5889892578125,120.58210754394533,122.6071548461914,391
2007-12-28,115.55018615722656,121.37985229492188,115.55018615722656,118.55706787109376,1997
2008-01-02,118.55706787109376,120.58210754394533,116.16383361816406,119.17071533203124,782
2008-01-03,117.57522583007812,119.41617584228516,115.55018615722656,118.55706787109376,2489
2008-01-04,115.79564666748048,116.59339141845705,115.79564666748048,116.59339141845705,228
2008-01-07,114.56834411621094,116.59339141845705,114.56834411621094,116.59339141845705,97
2008-01-08,118.37297058105467,118.37297058105467,116.59339141845705,116.59339141845705,293
2008-01-09,120.58210754394533,120.58210754394533,117.57522583007812,119.9684600830078,798
2008-01-10,120.58210754394533,120.58210754394533,118.55706787109376,118.55706787109376,945
2008-01-11,117.57522583007812,118.18888092041016,116.7774887084961,118.18888092041016,228
2008-01-14,120.58210754394533,120.58210754394533,118.55706787109376,120.58210754394533,325
2008-01-15,120.58210754394533,122.6071548461914,120.58210754394533,120.58210754394533,409
2008-01-16,114.3842544555664,117.57522583007812,110.51825714111328,117.57522583007812,1825
2008-01-17,112.9728546142578,113.77059936523438,112.9728546142578,113.77059936523438,130
2008-01-18,109.5364227294922,110.51825714111328,106.529541015625,110.51825714111328,1140
2008-01-21,99.47257232666016,107.5113754272461,99.2884750366211,107.5113754272461,1629
2008-01-22,100.69986724853516,100.69986724853516,97.26343536376952,97.26343536376952,814
2008-01-23,94.44064331054688,101.49761199951172,94.44064331054688,98.49073028564452,1010
2008-01-24,103.5226593017578,103.5226593017578,96.46569061279295,96.46569061279295,521
2008-01-25,103.70674896240234,104.68859100341795,100.51577758789062,104.68859100341795,260
2008-01-28,105.9158935546875,105.9158935546875,103.09310150146484,103.70674896240234,879
2008-01-29,108.92277526855467,109.5364227294922,108.92277526855467,108.92277526855467,945
2008-01-30,121.62531280517578,123.5889892578125,110.51825714111328,110.7637176513672,1694
2008-01-31,120.58210754394533,120.58210754394533,120.58210754394533,120.58210754394533,228
2008-02-01,121.01166534423828,122.6071548461914,120.58210754394533,120.58210754394533,1059
2008-02-04,125.6140365600586,130.64596557617188,122.6071548461914,130.4618682861328,2036
2008-02-05,120.58210754394533,122.6071548461914,120.58210754394533,122.6071548461914,260
2008-02-06,120.39801788330078,120.39801788330078,114.56834411621094,116.7774887084961,717
2008-02-07,121.19576263427734,121.19576263427734,116.7774887084961,116.7774887084961,130
2008-02-08,120.58210754394533,121.62531280517578,116.16383361816406,121.62531280517578,301
2008-02-11,117.57522583007812,120.39801788330078,116.7774887084961,116.7774887084961,162
2008-02-12,120.39801788330078,120.39801788330078,120.39801788330078,120.39801788330078,32
2008-02-13,120.39801788330078,120.39801788330078,120.39801788330078,120.39801788330078,32
2008-02-14,117.57522583007812,119.60027313232422,117.57522583007812,119.60027313232422,120
2008-02-15,118.55706787109376,118.55706787109376,118.55706787109376,118.55706787109376,65
2008-02-18,118.55706787109376,118.55706787109376,118.55706787109376,118.55706787109376,32
2008-02-19,119.9684600830078,119.9684600830078,115.3660888671875,115.3660888671875,162
2008-02-20,119.78437042236328,119.78437042236328,118.98662567138672,118.98662567138672,162
2008-02-21,114.56834411621094,119.9684600830078,114.56834411621094,119.9684600830078,554
2008-02-22,112.35920715332033,115.55018615722656,112.35920715332033,112.35920715332033,0
2008-02-25,109.35232543945312,116.96157836914062,109.35232543945312,116.96157836914062,684
2008-02-26,113.58650970458984,113.77059936523438,106.71363067626952,108.73867797851562,444
2008-02-27,112.54330444335938,115.3660888671875,112.54330444335938,113.77059936523438,130
2008-02-28,112.72740173339844,115.79564666748048,112.72740173339844,115.79564666748048,456
2008-02-29,113.58650970458984,113.58650970458984,111.13191223144533,111.13191223144533,391
2008-03-03,106.529541015625,109.96597290039062,106.529541015625,109.1682357788086,651
2008-03-04,105.9158935546875,105.9158935546875,100.69986724853516,103.5226593017578,2509
2008-03-05,103.5226593017578,105.54769897460938,101.49761199951172,105.54769897460938,1124
2008-03-06,104.13630676269533,104.13630676269533,99.9021224975586,101.3135223388672,554
2008-03-07,100.51577758789062,103.09310150146484,100.51577758789062,103.09310150146484,636
2008-03-10,98.0611801147461,98.0611801147461,91.43376159667967,97.50889587402344,1042
2008-03-11,98.0611801147461,98.0611801147461,94.44064331054688,96.2815933227539,294
2008-03-12,100.51577758789062,100.51577758789062,98.49073028564452,98.49073028564452,521
2008-03-13,97.50889587402344,100.51577758789062,97.50889587402344,100.51577758789062,162
2008-03-14,90.63601684570312,96.46569061279295,87.01548767089844,96.46569061279295,2119
2008-03-17,89.04052734375,91.86331939697266,87.813232421875,90.02236938476562,554
2008-03-18,89.65418243408203,94.25655364990234,86.40184020996094,89.22462463378906,1108
2008-03-19,90.4519271850586,90.4519271850586,87.4450454711914,89.65418243408203,456
2008-03-25,98.306640625,103.5226593017578,93.88835906982422,103.5226593017578,521
2008-03-26,98.306640625,98.306640625,95.48384857177734,98.306640625,162
2008-03-27,91.86331939697266,94.44064331054688,90.02236938476562,94.44064331054688,521
2008-03-28,93.88835906982422,93.88835906982422,93.88835906982422,93.88835906982422,391
2008-03-31,88.4268798828125,92.47696685791016,88.4268798828125,92.47696685791016,749
2008-04-01,136.65972900390625,140.70980834960938,83.39495849609375,86.40184020996094,13325
2008-04-02,112.17511749267578,157.76927185058594,112.17511749267578,146.72357177734375,12999
2008-04-03,108.55458068847656,118.18888092041016,104.5044937133789,118.18888092041016,3242
2008-04-04,108.55458068847656,111.37737274169922,106.529541015625,108.30912017822266,1254
2008-04-07,121.01166534423828,126.59587860107422,111.13191223144533,111.13191223144533,3764
2008-04-08,116.59339141845705,116.7774887084961,114.1387939453125,116.7774887084961,586
2008-04-09,118.55706787109376,122.42305755615234,117.57522583007812,117.57522583007812,1042
2008-04-10,118.98662567138672,121.37985229492188,118.55706787109376,118.55706787109376,782
2008-04-11,126.2276840209961,128.62091064453125,122.6071548461914,122.6071548461914,2966
2008-04-14,128.2527313232422,128.43682861328125,122.6071548461914,123.03671264648438,1303
2008-04-15,130.21640014648438,131.0755157470703,127.20952606201172,131.0755157470703,786
2008-04-16,126.59587860107422,132.42555236816406,126.59587860107422,130.64596557617188,912
2008-04-17,126.2276840209961,126.8413314819336,124.63219451904295,126.8413314819336,260
2008-04-18,124.20264434814452,126.2276840209961,121.19576263427734,126.2276840209961,664
2008-04-21,122.6071548461914,122.6071548461914,121.19576263427734,121.62531280517578,358
2008-04-22,120.58210754394533,120.58210754394533,116.7774887084961,120.58210754394533,586
2008-04-23,120.58210754394533,125.6140365600586,120.58210754394533,121.9935073852539,1010
2008-04-24,120.58210754394533,120.58210754394533,117.20703887939452,118.55706787109376,814
2008-04-25,122.6071548461914,122.6071548461914,122.6071548461914,122.6071548461914,32
2008-04-28,118.55706787109376,123.40489959716795,118.55706787109376,122.6071548461914,391
2008-04-29,126.59587860107422,130.64596557617188,117.7593231201172,117.7593231201172,1839
2008-04-30,115.55018615722656,127.82317352294922,113.77059936523438,127.82317352294922,2444
2008-05-02,115.18199920654295,117.57522583007812,110.51825714111328,117.57522583007812,332
2008-05-05,117.57522583007812,117.57522583007812,113.15695190429688,114.56834411621094,554
2008-05-06,118.37297058105467,118.37297058105467,116.59339141845705,116.59339141845705,391
2008-05-07,116.59339141845705,116.59339141845705,114.93653869628906,114.93653869628906,228
2008-05-08,121.80941009521484,122.17759704589844,117.3911361694336,119.41617584228516,1238
2008-05-09,120.58210754394533,124.01854705810548,119.17071533203124,120.58210754394533,1874
2008-05-13,117.57522583007812,120.58210754394533,117.57522583007812,120.58210754394533,1368
2008-05-14,119.41617584228516,119.41617584228516,117.57522583007812,118.55706787109376,260
2008-05-15,118.0047836303711,118.0047836303711,116.59339141845705,117.20703887939452,334
2008-05-16,117.57522583007812,120.58210754394533,116.7774887084961,117.7593231201172,887
2008-05-19,119.60027313232422,119.9684600830078,115.979736328125,118.55706787109376,326
2008-05-20,114.56834411621094,117.20703887939452,113.95469665527344,117.20703887939452,1401
2008-05-21,112.72740173339844,112.72740173339844,111.56146240234376,112.54330444335938,651
2008-05-22,112.72740173339844,112.72740173339844,110.51825714111328,110.51825714111328,130
2008-05-23,115.55018615722656,120.58210754394533,111.13191223144533,112.72740173339844,21070
2008-05-26,109.35232543945312,118.80252838134766,108.12503051757812,117.57522583007812,5842
2008-05-27,106.529541015625,110.51825714111328,105.11814880371094,110.51825714111328,1238
2008-05-28,102.90900421142578,106.529541015625,102.90900421142578,106.529541015625,228
2008-05-29,107.5113754272461,108.55458068847656,102.72491455078124,102.72491455078124,3547
2008-05-30,106.09998321533205,109.35232543945312,103.5226593017578,108.92277526855467,2607
2008-06-02,108.55458068847656,108.55458068847656,106.529541015625,108.12503051757812,391
2008-06-03,107.5113754272461,107.5113754272461,104.13630676269533,107.5113754272461,293
2008-06-04,103.09310150146484,105.54769897460938,102.72491455078124,104.5044937133789,456
2008-06-05,102.47945404052734,104.5044937133789,102.47945404052734,104.5044937133789,879
2008-06-06,101.49761199951172,102.29535675048828,94.44064331054688,100.51577758789062,2183
2008-06-09,103.33856201171876,103.33856201171876,98.85891723632812,99.71803283691406,521
2008-06-10,97.50889587402344,102.29535675048828,95.48384857177734,101.49761199951172,2102
2008-06-11,104.5044937133789,104.5044937133789,99.47257232666016,99.47257232666016,879
2008-06-12,100.51577758789062,101.49761199951172,99.71803283691406,101.49761199951172,325
2008-06-13,101.49761199951172,101.68170928955078,97.50889587402344,97.50889587402344,488
2008-06-16,96.46569061279295,98.6748275756836,92.47696685791016,98.6748275756836,1825
2008-06-17,98.6748275756836,98.6748275756836,95.0542984008789,95.48384857177734,195
2008-06-18,94.44064331054688,98.6748275756836,92.66106414794922,98.6748275756836,814
2008-06-19,94.44064331054688,94.44064331054688,94.44064331054688,94.44064331054688,65
2008-06-20,95.85203552246094,95.85203552246094,95.85203552246094,95.85203552246094,33
2008-06-23,97.50889587402344,100.51577758789062,95.85203552246094,95.85203552246094,749
2008-06-24,99.10437774658205,100.51577758789062,99.10437774658205,99.2884750366211,328
2008-06-25,101.49761199951172,102.72491455078124,98.306640625,98.306640625,945
2008-06-26,101.68170928955078,101.68170928955078,98.6748275756836,100.51577758789062,533
2008-06-27,98.49073028564452,100.88396453857422,96.46569061279295,100.88396453857422,619
2008-06-30,97.50889587402344,97.50889587402344,97.50889587402344,97.50889587402344,814
2008-07-01,94.07245635986328,97.50889587402344,92.66106414794922,97.50889587402344,619
2008-07-02,94.68610382080078,94.68610382080078,94.68610382080078,94.68610382080078,130
2008-07-03,95.6679458618164,95.6679458618164,92.66106414794922,92.66106414794922,65
2008-07-04,93.64289855957033,100.69986724853516,93.64289855957033,96.09749603271484,1042
2008-07-07,92.47696685791016,92.84515380859376,91.6792221069336,92.84515380859376,684
2008-07-08,90.4519271850586,90.4519271850586,90.4519271850586,90.4519271850586,325
2008-07-09,91.24967193603516,91.6792221069336,86.40184020996094,91.6792221069336,912
2008-07-10,81.61537170410156,89.04052734375,80.38807678222656,87.62913513183594,1466
2008-07-11,85.84955596923828,88.24278259277344,76.39935302734375,80.38807678222656,8735
2008-07-14,85.41999816894531,88.4268798828125,83.39495849609375,88.4268798828125,2009
2008-07-15,83.39495849609375,83.39495849609375,80.5721664428711,83.39495849609375,1401
2008-07-16,86.21774291992188,87.01548767089844,82.59721374511719,84.00860595703125,1694
2008-07-17,87.4450454711914,90.63601684570312,83.39495849609375,88.0586929321289,2536
2008-07-18,99.2884750366211,99.2884750366211,89.65418243408203,89.65418243408203,1597
2008-07-21,96.8952407836914,100.51577758789062,95.48384857177734,99.2884750366211,2639
2008-07-22,108.12503051757812,112.54330444335938,94.25655364990234,96.46569061279295,8995
2008-07-23,103.5226593017578,110.33416748046876,100.51577758789062,110.33416748046876,2900
2008-07-24,103.33856201171876,103.33856201171876,100.27031707763672,103.09310150146484,1010
2008-07-25,104.13630676269533,105.30223846435548,100.51577758789062,100.51577758789062,1466
2008-07-28,104.5044937133789,105.54769897460938,102.72491455078124,105.54769897460938,162
2008-07-29,104.32040405273438,104.68859100341795,102.11125946044922,103.70674896240234,1499
2008-07-30,104.5044937133789,104.5044937133789,102.72491455078124,104.32040405273438,782
2008-07-31,105.30223846435548,105.54769897460938,103.5226593017578,104.5044937133789,1287
2008-08-01,101.49761199951172,103.70674896240234,101.49761199951172,103.5226593017578,651
2008-08-04,101.3135223388672,102.47945404052734,98.306640625,102.47945404052734,1891
2008-08-05,102.29535675048828,102.29535675048828,98.306640625,98.49073028564452,656
2008-08-06,101.06806182861328,101.06806182861328,98.49073028564452,98.49073028564452,293
2008-08-07,100.51577758789062,101.06806182861328,98.0611801147461,98.0611801147461,329
2008-08-08,99.9021224975586,99.9021224975586,98.49073028564452,99.47257232666016,228
2008-08-11,97.69298553466795,99.2884750366211,96.6497802734375,99.2884750366211,407
2008-08-12,94.25655364990234,97.50889587402344,94.25655364990234,97.50889587402344,423
2008-08-13,89.22462463378906,96.8952407836914,88.4268798828125,93.45880889892578,1336
2008-08-14,90.4519271850586,100.51577758789062,89.47008514404297,90.8201141357422,1344
2008-08-15,91.43376159667967,101.3135223388672,91.43376159667967,98.306640625,1719
2008-08-18,88.4268798828125,92.23150634765624,85.41999816894531,91.43376159667967,1173
2008-08-19,88.4268798828125,88.4268798828125,83.21086120605469,87.4450454711914,1010
2008-08-20,86.64730072021484,88.4268798828125,85.41999816894531,88.4268798828125,651
2008-08-21,88.4268798828125,88.4268798828125,86.40184020996094,88.24278259277344,358
2008-08-22,92.04741668701172,92.47696685791016,80.2039794921875,85.84955596923828,3725
2008-08-25,94.44064331054688,100.27031707763672,93.45880889892578,93.45880889892578,2053
2008-08-26,98.49073028564452,100.51577758789062,94.44064331054688,95.48384857177734,1238
2008-08-27,100.27031707763672,100.51577758789062,98.49073028564452,99.47257232666016,1482
2008-08-28,105.11814880371094,107.5113754272461,100.51577758789062,100.51577758789062,2411
2008-08-29,104.5044937133789,106.71363067626952,101.49761199951172,106.71363067626952,1173
2008-09-01,100.51577758789062,104.5044937133789,100.51577758789062,104.32040405273438,818
2008-09-02,100.27031707763672,100.27031707763672,94.44064331054688,98.49073028564452,1287
2008-09-03,97.50889587402344,101.49761199951172,96.46569061279295,101.49761199951172,1336
2008-09-04,97.87708282470705,100.27031707763672,95.29975128173828,97.50889587402344,439
2008-09-05,87.813232421875,95.6679458618164,83.39495849609375,95.6679458618164,5247
2008-09-08,90.4519271850586,94.25655364990234,89.65418243408203,92.23150634765624,2186
2008-09-09,86.40184020996094,91.6792221069336,84.80635070800781,89.47008514404297,814
2008-09-10,78.36302947998047,88.4268798828125,78.36302947998047,87.813232421875,3651
2008-09-11,80.2039794921875,81.98355865478516,75.35614776611328,79.16077423095703,1385
2008-09-12,79.40623474121094,81.61537170410156,72.3492660522461,81.61537170410156,3291
2008-09-15,70.32422637939453,77.99484252929688,70.32422637939453,76.9516372680664,2314
2008-09-16,60.321739196777344,80.38807678222656,58.29669570922852,80.38807678222656,3194
2008-09-17,62.28541564941406,65.90594482421875,62.101322174072266,62.101322174072266,2647
2008-09-18,72.3492660522461,80.01988220214844,62.28541564941406,62.28541564941406,4241
2008-09-19,73.33110809326172,75.17205047607422,70.32422637939453,75.17205047607422,2869
2008-09-22,74.37431335449219,75.78570556640625,71.36742401123047,72.9629135131836,1451
2008-09-23,80.2039794921875,88.24278259277344,74.37431335449219,77.38119506835938,3462
2008-09-24,78.36302947998047,80.38807678222656,76.39935302734375,80.38807678222656,7300
2008-09-25,82.22901916503906,84.43816375732422,77.38119506835938,80.38807678222656,1273
2008-09-26,88.24278259277344,90.02236938476562,82.22901916503906,84.19270324707031,5904
2008-09-29,84.99044799804688,96.46569061279295,84.99044799804688,93.64289855957033,6124
2008-09-30,84.43816375732422,86.40184020996094,77.99484252929688,82.22901916503906,1857
2008-10-01,80.5721664428711,86.83139038085938,80.5721664428711,85.60409545898438,1531
2008-10-02,82.41311645507812,84.80635070800781,78.36302947998047,80.2039794921875,1336
2008-10-03,76.58345031738281,80.38807678222656,76.39935302734375,79.77442169189453,1466
2008-10-06,62.28541564941406,76.76753997802734,62.28541564941406,76.76753997802734,2581
2008-10-07,58.66488265991211,62.28541564941406,55.28981018066406,62.28541564941406,4170
2008-10-08,56.88529968261719,57.86714172363281,50.626075744628906,55.65800094604492,2149
2008-10-09,59.27853393554688,62.28541564941406,58.29669570922852,58.29669570922852,1727
2008-10-10,56.88529968261719,58.48078918457031,52.28292846679688,57.86714172363281,2239
2008-10-13,60.321739196777344,62.53087615966797,59.70808792114258,60.321739196777344,10087
2008-10-14,66.94915008544922,67.56279754638672,63.32862091064453,63.32862091064453,2713
2008-10-15,66.70368957519531,67.56279754638672,61.4876708984375,64.31045532226562,1606
2008-10-16,63.94226837158203,64.31045532226562,61.4876708984375,62.89906311035156,423
2008-10-17,64.31045532226562,67.13324737548828,63.51271438598633,66.33550262451172,1108
2008-10-20,69.3423843383789,71.36742401123047,66.51959991455078,66.51959991455078,2167
2008-10-21,63.32862091064453,70.32422637939453,63.08316040039063,70.32422637939453,2713
2008-10-22,63.69681167602539,63.69681167602539,58.29669570922852,61.3035774230957,2558
2008-10-23,59.27853393554688,63.69681167602539,58.29669570922852,63.69681167602539,1662
2008-10-24,55.65800094604492,58.48078918457031,52.65111923217773,58.29669570922852,2379
2008-10-27,48.23284530639648,55.90346145629883,48.23284530639648,55.90346145629883,2643
2008-10-28,51.85337448120117,61.4876708984375,51.85337448120117,52.03747177124024,5819
2008-10-29,52.03747177124024,60.07627868652344,50.626075744628906,58.11259841918945,2607
2008-10-30,49.46014404296875,56.27165222167969,49.21468353271485,52.65111923217773,4953
2008-10-31,48.23284530639648,54.24660873413086,47.43510055541992,54.24660873413086,4204
2008-11-03,53.87841796875,58.11259841918945,48.66239929199219,49.82833480834961,3324
2008-11-04,86.40184020996094,86.64730072021484,53.87841796875,54.24660873413086,14982
2008-11-05,96.46569061279295,120.58210754394533,90.63601684570312,92.47696685791016,16509
2008-11-06,84.00860595703125,95.48384857177734,81.79946899414062,95.48384857177734,5949
2008-11-07,90.4519271850586,96.46569061279295,84.80635070800781,86.40184020996094,4991
2008-11-10,83.64041900634766,104.5044937133789,83.39495849609375,102.47945404052734,6648
2008-11-11,76.39935302734375,82.22901916503906,71.36742401123047,82.22901916503906,5361
2008-11-12,65.90594482421875,79.40623474121094,65.90594482421875,76.39935302734375,2251
2008-11-13,65.29229736328125,66.33550262451172,63.51271438598633,65.72185516357422,1010
2008-11-14,68.54463958740234,72.16516876220703,65.29229736328125,67.74689483642578,2314
2008-11-17,67.93099212646484,67.93099212646484,65.90594482421875,65.90594482421875,228
2008-11-18,61.733131408691406,63.94226837158203,60.321739196777344,63.94226837158203,2118
2008-11-19,58.11259841918945,60.50583267211914,54.06251525878906,60.50583267211914,1434
2008-11-20,56.27165222167969,59.52399444580078,53.2647705078125,59.52399444580078,1010
2008-11-21,56.27165222167969,59.09444046020508,55.90346145629883,56.08755874633789,814
2008-11-24,59.27853393554688,65.29229736328125,56.45574569702149,65.29229736328125,785
2008-11-25,59.52399444580078,68.11508178710938,59.52399444580078,60.321739196777344,2543
2008-11-26,61.3035774230957,61.4876708984375,59.52399444580078,61.4876708984375,635
2008-11-27,64.49455261230469,64.92411041259766,60.321739196777344,64.1263656616211,1173
2008-11-28,63.69681167602539,63.69681167602539,60.8740234375,63.32862091064453,1026
2008-12-01,57.25349044799805,60.8740234375,55.65800094604492,60.8740234375,1336
2008-12-02,57.25349044799805,60.50583267211914,54.492069244384766,57.25349044799805,2228
2008-12-03,57.49895095825195,57.68304443359375,56.27165222167969,57.68304443359375,392
2008-12-04,58.29669570922852,61.3035774230957,56.27165222167969,57.68304443359375,1042
2008-12-05,54.86025619506836,56.08755874633789,51.05562973022461,56.08755874633789,1564
2008-12-08,56.45574569702149,56.70120620727539,53.2647705078125,56.70120620727539,62869
2008-12-09,57.06939697265625,60.321739196777344,56.88529968261719,56.88529968261719,1271
2008-12-10,59.09444046020508,59.09444046020508,59.09444046020508,59.09444046020508,65
2008-12-11,56.45574569702149,60.50583267211914,55.28981018066406,58.29669570922852,1954
2008-12-12,57.25349044799805,57.25349044799805,52.28292846679688,55.28981018066406,1679
2008-12-15,59.52399444580078,60.321739196777344,54.06251525878906,56.27165222167969,2183
2008-12-16,58.29669570922852,59.892181396484375,58.29669570922852,59.892181396484375,456
2008-12-17,57.06939697265625,58.29669570922852,55.473907470703125,58.29669570922852,1108
2008-12-18,55.04435348510742,57.06939697265625,55.04435348510742,55.28981018066406,325
2008-12-19,54.24660873413086,55.04435348510742,54.06251525878906,54.86025619506836,1075
2008-12-22,52.28292846679688,54.24660873413086,50.25788879394531,54.24660873413086,1825
2008-12-23,53.2647705078125,54.24660873413086,51.42382049560547,54.24660873413086,554
2008-12-29,56.70120620727539,59.27853393554688,52.28292846679688,52.46702575683594,2183
2008-12-30,55.28981018066406,55.473907470703125,51.23972702026367,54.67616271972656,2692
2009-01-02,59.70808792114258,62.28541564941406,53.08067321777344,53.08067321777344,1401
2009-01-05,57.25349044799805,59.27853393554688,54.06251525878906,59.09444046020508,1434
2009-01-06,57.25349044799805,58.29669570922852,54.492069244384766,58.29669570922852,1051
2009-01-07,53.87841796875,56.88529968261719,52.8352165222168,56.27165222167969,721
2009-01-08,54.06251525878906,57.68304443359375,52.28292846679688,52.28292846679688,423
2009-01-09,57.06939697265625,60.321739196777344,55.28981018066406,56.27165222167969,1336
2009-01-12,58.29669570922852,58.48078918457031,56.27165222167969,57.06939697265625,293
2009-01-13,57.25349044799805,57.25349044799805,54.492069244384766,55.65800094604492,945
2009-01-14,56.08755874633789,57.25349044799805,55.90346145629883,55.90346145629883,554
2009-01-15,56.45574569702149,56.45574569702149,53.87841796875,53.87841796875,717
2009-01-16,55.473907470703125,56.45574569702149,55.473907470703125,56.45574569702149,67
2009-01-19,54.06251525878906,55.65800094604492,54.06251525878906,55.28981018066406,358
2009-01-20,54.67616271972656,55.28981018066406,53.87841796875,55.04435348510742,423
2009-01-21,54.24660873413086,54.24660873413086,52.28292846679688,54.06251525878906,1173
2009-01-22,55.28981018066406,57.49895095825195,54.24660873413086,55.473907470703125,619
2009-01-23,54.06251525878906,55.28981018066406,52.28292846679688,55.28981018066406,521
2009-01-26,57.06939697265625,57.06939697265625,52.65111923217773,54.24660873413086,619
2009-01-27,56.70120620727539,57.68304443359375,56.70120620727539,57.06939697265625,391
2009-01-28,61.733131408691406,68.36054229736328,57.68304443359375,57.68304443359375,2998
2009-01-29,63.32862091064453,67.31734466552734,62.53087615966797,63.08316040039063,945
2009-01-30,63.32862091064453,64.1263656616211,62.101322174072266,64.1263656616211,586
2009-02-02,60.321739196777344,64.92411041259766,60.321739196777344,63.51271438598633,1189
2009-02-03,64.49455261230469,64.49455261230469,57.49895095825195,59.52399444580078,668
2009-02-04,64.7400131225586,65.10820007324219,58.11259841918945,65.10820007324219,1303
2009-02-05,61.4876708984375,61.9172248840332,60.321739196777344,61.11948013305664,391
2009-02-06,62.28541564941406,62.28541564941406,61.9172248840332,61.9172248840332,518
2009-02-09,62.714969635009766,62.714969635009766,60.68992614746094,60.68992614746094,130
2009-02-10,63.69681167602539,65.29229736328125,62.28541564941406,62.714969635009766,1303
2009-02-11,64.31045532226562,64.31045532226562,64.31045532226562,64.31045532226562,65
2009-02-12,61.4876708984375,65.72185516357422,61.4876708984375,65.72185516357422,293
2009-02-13,66.15140533447266,66.15140533447266,61.9172248840332,61.9172248840332,586
2009-02-16,61.733131408691406,61.733131408691406,61.733131408691406,61.733131408691406,65
2009-02-17,60.68992614746094,64.31045532226562,60.68992614746094,64.31045532226562,358
2009-02-18,65.10820007324219,65.10820007324219,58.29669570922852,61.3035774230957,684
2009-02-19,52.8352165222168,55.28981018066406,50.25788879394531,55.28981018066406,4106
2009-02-20,50.44198226928711,52.8352165222168,49.82833480834961,52.8352165222168,1434
2009-02-23,50.25788879394531,51.23972702026367,50.25788879394531,51.05562973022461,635
2009-02-24,50.25788879394531,50.25788879394531,48.23284530639648,49.21468353271485,1205
2009-02-25,50.626075744628906,50.626075744628906,49.21468353271485,50.626075744628906,325
2009-02-26,47.25100326538086,52.03747177124024,46.207801818847656,50.25788879394531,1922
2009-02-27,49.21468353271485,49.21468353271485,44.24412155151367,47.25100326538086,1205
2009-03-02,47.25100326538086,51.05562973022461,46.82144927978516,51.05562973022461,490
2009-03-03,48.23284530639648,52.28292846679688,45.655517578125,45.655517578125,1795
2009-03-04,46.45326232910156,51.23972702026367,45.41005706787109,51.23972702026367,2216
2009-03-05,46.023704528808594,46.023704528808594,45.2259635925293,46.023704528808594,391
2009-03-06,45.655517578125,45.8396110534668,44.24412155151367,45.2259635925293,391
2009-03-09,49.82833480834961,55.28981018066406,45.41005706787109,45.41005706787109,2085
2009-03-10,49.03058624267578,49.46014404296875,48.23284530639648,48.23284530639648,881
2009-03-11,49.64423751831055,50.07379150390625,48.04874801635742,50.07379150390625,260
2009-03-12,48.41693878173828,48.41693878173828,46.82144927978516,48.23284530639648,229
2009-03-13,50.25788879394531,50.25788879394531,48.41693878173828,48.41693878173828,195
2009-03-16,54.24660873413086,56.27165222167969,51.23972702026367,51.23972702026367,6388
2009-03-17,53.2647705078125,55.28981018066406,52.28292846679688,55.28981018066406,977
2009-03-18,51.23972702026367,52.46702575683594,50.44198226928711,52.46702575683594,554
2009-03-19,52.03747177124024,54.67616271972656,52.03747177124024,52.65111923217773,554
2009-03-20,52.03747177124024,52.03747177124024,52.03747177124024,52.03747177124024,0
2009-03-23,53.87841796875,55.28981018066406,53.4488639831543,53.4488639831543,488
2009-03-24,57.25349044799805,59.27853393554688,53.87841796875,53.87841796875,3031
2009-03-25,58.66488265991211,58.66488265991211,56.70120620727539,56.88529968261719,1694
2009-03-26,61.11948013305664,61.3035774230957,58.66488265991211,58.66488265991211,651
2009-03-27,59.27853393554688,61.11948013305664,57.49895095825195,61.11948013305664,847
2009-03-30,60.8740234375,63.08316040039063,59.09444046020508,59.09444046020508,1629
2009-03-31,59.70808792114258,61.3035774230957,59.70808792114258,61.3035774230957,521
2009-04-01,62.89906311035156,62.89906311035156,59.892181396484375,60.321739196777344,1336
2009-04-02,65.90594482421875,66.33550262451172,63.32862091064453,64.31045532226562,2933
2009-04-03,66.15140533447266,67.13324737548828,65.72185516357422,66.15140533447266,228
2009-04-06,65.90594482421875,65.90594482421875,65.29229736328125,65.53775787353516,717
2009-04-07,62.89906311035156,64.92411041259766,62.28541564941406,64.92411041259766,2118
2009-04-08,61.9172248840332,62.28541564941406,61.9172248840332,62.28541564941406,391
2009-04-14,63.32862091064453,63.32862091064453,61.9172248840332,61.9172248840332,521
2009-04-15,62.28541564941406,63.94226837158203,62.101322174072266,63.32862091064453,847
2009-04-16,59.09444046020508,62.101322174072266,58.48078918457031,62.101322174072266,3031
2009-04-17,61.3035774230957,61.3035774230957,59.27853393554688,59.27853393554688,1564
2009-04-20,59.27853393554688,61.11948013305664,59.27853393554688,61.11948013305664,684
2009-04-21,57.25349044799805,59.52399444580078,56.45574569702149,59.52399444580078,1157
2009-04-22,57.49895095825195,57.49895095825195,56.08755874633789,56.08755874633789,391
2009-04-23,59.70808792114258,62.28541564941406,56.88529968261719,56.88529968261719,2216
2009-04-24,59.09444046020508,60.68992614746094,59.09444046020508,60.68992614746094,521
2009-04-27,59.09444046020508,59.892181396484375,58.66488265991211,59.09444046020508,1185
2009-04-28,61.733131408691406,61.733131408691406,59.892181396484375,60.07627868652344,1657
2009-04-29,62.89906311035156,63.94226837158203,62.28541564941406,62.28541564941406,1368
2009-04-30,62.101322174072266,63.94226837158203,59.52399444580078,63.94226837158203,1401
2009-05-04,58.29669570922852,61.733131408691406,57.86714172363281,61.733131408691406,3242
2009-05-05,54.24660873413086,57.86714172363281,52.03747177124024,57.86714172363281,10571
2009-05-06,52.28292846679688,53.2647705078125,51.05562973022461,53.2647705078125,4945
2009-05-07,55.90346145629883,56.45574569702149,53.2647705078125,54.24660873413086,6686
2009-05-08,58.66488265991211,60.321739196777344,57.25349044799805,57.25349044799805,5410
2009-05-11,56.27165222167969,61.9172248840332,56.27165222167969,59.27853393554688,3242
2009-05-12,54.24660873413086,56.27165222167969,54.24660873413086,56.27165222167969,1844
2009-05-13,50.626075744628906,55.65800094604492,50.44198226928711,55.65800094604492,2020
2009-05-14,53.2647705078125,54.06251525878906,48.41693878173828,49.21468353271485,6230
2009-05-15,53.6943244934082,53.87841796875,51.42382049560547,53.87841796875,1499
2009-05-18,60.321739196777344,60.68992614746094,54.24660873413086,54.24660873413086,5442
2009-05-19,62.101322174072266,62.28541564941406,60.321739196777344,60.68992614746094,6355
2009-05-20,57.49895095825195,62.714969635009766,57.49895095825195,62.714969635009766,4306
2009-05-22,56.88529968261719,56.88529968261719,55.65800094604492,55.90346145629883,750
2009-05-25,59.09444046020508,61.3035774230957,57.25349044799805,57.25349044799805,2965
2009-05-26,59.52399444580078,60.07627868652344,58.48078918457031,58.48078918457031,651
2009-05-27,61.3035774230957,62.28541564941406,60.8740234375,62.28541564941406,1971
2009-05-28,58.48078918457031,61.3035774230957,58.48078918457031,60.321739196777344,1108
2009-05-29,60.8740234375,60.8740234375,57.49895095825195,58.66488265991211,4114
2009-06-02,60.321739196777344,62.101322174072266,60.321739196777344,62.101322174072266,1205
2009-06-03,60.321739196777344,61.3035774230957,60.321739196777344,60.8740234375,3813
2009-06-04,62.101322174072266,62.101322174072266,59.09444046020508,59.70808792114258,1955
2009-06-05,60.07627868652344,61.4876708984375,56.70120620727539,61.4876708984375,3650
2009-06-08,59.70808792114258,60.321739196777344,57.68304443359375,58.48078918457031,1948
2009-06-09,62.714969635009766,65.29229736328125,60.8740234375,61.11948013305664,2933
2009-06-10,62.28541564941406,64.7400131225586,61.4876708984375,63.32862091064453,1667
2009-06-11,60.68992614746094,61.9172248840332,59.892181396484375,61.9172248840332,2248
2009-06-12,84.99044799804688,102.90900421142578,67.93099212646484,67.93099212646484,59341
2009-06-15,96.46569061279295,102.72491455078124,90.63601684570312,96.09749603271484,36637
2009-06-16,90.4519271850586,96.46569061279295,89.22462463378906,96.2815933227539,12873
2009-06-17,80.38807678222656,90.4519271850586,78.60848999023438,90.4519271850586,13512
2009-06-18,87.01548767089844,87.1995849609375,81.61537170410156,81.61537170410156,5339
2009-06-19,81.98355865478516,86.40184020996094,81.79946899414062,85.60409545898438,3748
2009-06-22,78.36302947998047,82.78130340576172,75.35614776611328,82.78130340576172,4196
2009-06-23,77.19709777832031,85.41999816894531,72.9629135131836,80.38807678222656,9533
2009-06-24,79.40623474121094,79.40623474121094,74.55840301513672,74.55840301513672,2510
2009-06-25,75.78570556640625,78.36302947998047,73.33110809326172,77.99484252929688,3715
2009-06-26,77.5652847290039,78.36302947998047,74.37431335449219,75.35614776611328,1856
2009-06-29,81.4312744140625,91.43376159667967,81.4312744140625,84.43816375732422,10474
2009-06-30,88.24278259277344,90.26782989501952,83.21086120605469,83.21086120605469,13691
2009-07-01,85.41999816894531,87.4450454711914,82.78130340576172,87.4450454711914,3275
2009-07-02,84.19270324707031,88.4268798828125,83.21086120605469,88.4268798828125,2477
2009-07-03,82.41311645507812,83.39495849609375,81.18582153320312,83.39495849609375,814
2009-07-06,78.79258728027344,82.41311645507812,77.5652847290039,82.41311645507812,3422
2009-07-07,77.99484252929688,79.40623474121094,77.99484252929688,79.40623474121094,1613
2009-07-08,79.16077423095703,79.16077423095703,76.76753997802734,77.38119506835938,488
2009-07-09,75.35614776611328,86.40184020996094,75.35614776611328,84.19270324707031,5442
2009-07-10,74.37431335449219,77.38119506835938,74.37431335449219,77.38119506835938,977
2009-07-13,70.93787384033203,74.19021606445312,70.32422637939453,74.19021606445312,2314
2009-07-14,70.75377655029297,72.77882385253906,70.75377655029297,71.1219711303711,818
2009-07-15,72.3492660522461,73.76065826416016,71.55152130126953,73.33110809326172,945
2009-07-16,69.3423843383789,71.9810791015625,69.3423843383789,71.9810791015625,3586
2009-07-17,70.32422637939453,72.9629135131836,68.7287368774414,69.3423843383789,3911
2009-07-20,70.32422637939453,71.9810791015625,68.91282653808594,71.36742401123047,2965
2009-07-21,72.3492660522461,73.94475555419922,69.9560317993164,70.32422637939453,3128
2009-07-22,75.78570556640625,76.76753997802734,72.3492660522461,74.37431335449219,1988
2009-07-23,74.74250030517578,75.78570556640625,73.94475555419922,75.78570556640625,1695
2009-07-24,75.35614776611328,76.39935302734375,72.3492660522461,73.33110809326172,2444
2009-07-27,75.78570556640625,75.96979522705078,73.94475555419922,74.37431335449219,684
2009-07-28,71.9810791015625,75.17205047607422,71.9810791015625,74.55840301513672,855
2009-07-29,71.55152130126953,71.9810791015625,70.32422637939453,71.9810791015625,1140
2009-07-30,72.3492660522461,73.33110809326172,72.3492660522461,72.3492660522461,1336
2009-07-31,74.98796081542969,74.98796081542969,70.32422637939453,72.3492660522461,1205
2009-08-03,73.94475555419922,75.78570556640625,73.94475555419922,74.98796081542969,1633
2009-08-04,72.16516876220703,74.37431335449219,71.36742401123047,74.37431335449219,1017
2009-08-05,70.32422637939453,71.36742401123047,70.32422637939453,71.36742401123047,1239
2009-08-06,68.7287368774414,70.32422637939453,68.7287368774414,70.32422637939453,896
2009-08-07,69.9560317993164,70.14012908935547,69.15828704833984,69.15828704833984,1222
2009-08-10,69.3423843383789,70.93787384033203,68.54463958740234,70.93787384033203,1173
2009-08-11,66.51959991455078,68.54463958740234,66.51959991455078,68.54463958740234,1906
2009-08-12,66.51959991455078,67.56279754638672,66.51959991455078,66.51959991455078,1042
2009-08-13,70.32422637939453,70.32422637939453,66.70368957519531,67.93099212646484,2314
2009-08-14,69.3423843383789,71.1219711303711,67.31734466552734,71.1219711303711,2248
2009-08-17,66.33550262451172,69.15828704833984,62.101322174072266,69.15828704833984,4481
2009-08-18,64.7400131225586,66.33550262451172,64.31045532226562,66.33550262451172,651
2009-08-19,63.51271438598633,65.29229736328125,60.321739196777344,65.29229736328125,2770
2009-08-20,65.53775787353516,66.51959991455078,62.101322174072266,62.101322174072266,2868
2009-08-21,58.11259841918945,59.09444046020508,54.06251525878906,58.29669570922852,11309
2009-08-24,56.88529968261719,57.49895095825195,55.04435348510742,56.45574569702149,3096
2009-08-25,63.08316040039063,64.31045532226562,57.25349044799805,57.25349044799805,5051
2009-08-26,61.11948013305664,63.08316040039063,59.27853393554688,63.08316040039063,1564
2009-08-27,59.27853393554688,61.11948013305664,58.910343170166016,61.11948013305664,651
2009-08-28,61.4876708984375,61.4876708984375,59.27853393554688,60.321739196777344,523
2009-08-31,59.09444046020508,61.4876708984375,59.09444046020508,61.4876708984375,856
2009-09-01,60.07627868652344,63.32862091064453,57.49895095825195,59.09444046020508,2835
2009-09-02,59.52399444580078,60.07627868652344,58.29669570922852,59.52399444580078,1727
2009-09-03,67.13324737548828,75.78570556640625,57.49895095825195,58.910343170166016,13541
2009-09-04,66.94915008544922,69.3423843383789,65.53775787353516,65.53775787353516,1434
2009-09-07,78.36302947998047,80.38807678222656,68.54463958740234,69.15828704833984,9320
2009-09-08,73.14701080322266,80.5721664428711,72.3492660522461,80.5721664428711,8066
2009-09-09,75.17205047607422,80.2039794921875,71.7356185913086,71.7356185913086,3813
2009-09-10,75.17205047607422,76.58345031738281,74.55840301513672,75.78570556640625,2835
2009-09-11,75.17205047607422,75.35614776611328,73.14701080322266,74.19021606445312,1645
2009-09-14,73.14701080322266,73.14701080322266,71.36742401123047,73.14701080322266,782
2009-09-15,72.3492660522461,72.9629135131836,71.1219711303711,71.7356185913086,1564
2009-09-16,75.35614776611328,75.35614776611328,71.1219711303711,72.3492660522461,1759
2009-09-17,74.19021606445312,75.17205047607422,73.94475555419922,75.17205047607422,651
2009-09-18,72.16516876220703,72.77882385253906,70.5696792602539,72.77882385253906,1303
2009-09-21,70.32422637939453,71.9810791015625,68.54463958740234,71.36742401123047,1597
2009-09-22,70.75377655029297,75.35614776611328,70.5696792602539,70.5696792602539,3096
2009-09-23,68.54463958740234,72.77882385253906,68.54463958740234,71.36742401123047,1271
2009-09-24,67.93099212646484,69.3423843383789,66.94915008544922,68.91282653808594,2411
2009-09-25,67.56279754638672,68.91282653808594,67.31734466552734,67.31734466552734,1531
2009-09-28,64.31045532226562,65.72185516357422,63.94226837158203,65.72185516357422,3723
2009-09-29,62.28541564941406,64.7400131225586,58.29669570922852,64.7400131225586,9451
2009-09-30,59.892181396484375,63.69681167602539,59.892181396484375,61.9172248840332,4073
2009-10-01,58.910343170166016,61.3035774230957,58.29669570922852,61.3035774230957,3782
2009-10-02,61.11948013305664,61.11948013305664,58.48078918457031,58.48078918457031,6388
2009-10-05,58.11259841918945,62.101322174072266,58.11259841918945,61.733131408691406,3389
2009-10-06,55.473907470703125,57.68304443359375,53.2647705078125,57.68304443359375,4106
2009-10-07,52.46702575683594,57.86714172363281,52.46702575683594,55.65800094604492,4807
2009-10-08,57.49895095825195,57.49895095825195,51.42382049560547,52.8352165222168,7219
2009-10-09,55.90346145629883,57.25349044799805,54.06251525878906,56.45574569702149,2835
2009-10-12,56.27165222167969,58.29669570922852,55.65800094604492,57.86714172363281,3586
2009-10-13,55.473907470703125,56.70120620727539,55.473907470703125,56.70120620727539,651
2009-10-14,55.28981018066406,56.88529968261719,55.28981018066406,56.27165222167969,1662
2009-10-15,62.714969635009766,63.94226837158203,59.70808792114258,60.07627868652344,13916
2009-10-16,61.733131408691406,62.714969635009766,58.910343170166016,62.714969635009766,6518
2009-10-19,59.52399444580078,61.733131408691406,59.52399444580078,61.733131408691406,847
2009-10-20,60.68992614746094,62.28541564941406,60.50583267211914,60.50583267211914,1792
2009-10-21,59.892181396484375,62.53087615966797,58.29669570922852,62.28541564941406,5165
2009-10-22,59.27853393554688,59.27853393554688,57.86714172363281,59.09444046020508,1662
2009-10-23,60.321739196777344,61.3035774230957,58.29669570922852,58.66488265991211,1238
2009-10-26,60.321739196777344,62.101322174072266,59.27853393554688,60.321739196777344,2281
2009-10-27,58.66488265991211,59.27853393554688,57.86714172363281,59.27853393554688,1434
2009-10-28,55.65800094604492,58.66488265991211,55.65800094604492,58.66488265991211,4236
2009-10-29,80.01988220214844,86.03364562988281,63.32862091064453,64.1263656616211,46459
2009-10-30,65.72185516357422,76.39935302734375,64.49455261230469,75.17205047607422,22814
2009-11-02,63.94226837158203,65.29229736328125,62.53087615966797,65.29229736328125,5905
2009-11-03,63.94226837158203,65.29229736328125,62.28541564941406,62.714969635009766,3682
2009-11-04,66.15140533447266,67.13324737548828,63.69681167602539,63.69681167602539,8734
2009-11-05,66.33550262451172,66.33550262451172,63.51271438598633,66.15140533447266,2497
2009-11-06,64.92411041259766,66.33550262451172,63.94226837158203,66.33550262451172,3748
2009-11-09,63.69681167602539,64.31045532226562,63.51271438598633,64.31045532226562,2574
2009-11-10,63.08316040039063,63.94226837158203,61.3035774230957,63.69681167602539,2134
2009-11-11,60.68992614746094,63.08316040039063,60.68992614746094,63.08316040039063,3976
2009-11-12,60.50583267211914,60.8740234375,58.66488265991211,60.321739196777344,4921
2009-11-13,60.321739196777344,62.714969635009766,60.321739196777344,61.3035774230957,3878
2009-11-16,64.31045532226562,64.31045532226562,60.321739196777344,60.321739196777344,4676
2009-11-17,64.31045532226562,65.29229736328125,63.32862091064453,65.29229736328125,2874
2009-11-18,62.714969635009766,64.7400131225586,60.50583267211914,64.31045532226562,4008
2009-11-19,60.321739196777344,62.714969635009766,60.321739196777344,62.53087615966797,2558
2009-11-20,61.3035774230957,61.733131408691406,59.27853393554688,60.321739196777344,3585
2009-11-23,62.53087615966797,63.51271438598633,60.07627868652344,62.89906311035156,2672
2009-11-24,62.53087615966797,62.53087615966797,60.68992614746094,62.28541564941406,1988
2009-11-25,62.101322174072266,62.101322174072266,60.68992614746094,60.68992614746094,586
2009-11-26,56.33301544189453,60.81265640258789,55.35117721557617,57.8057746887207,20777
2009-11-27,56.76256942749024,57.8057746887207,55.53527069091797,56.148921966552734,5221
2009-11-30,57.5603141784668,58.78761291503906,57.376220703125,57.376220703125,2509
2009-12-01,58.78761291503906,59.21717071533203,57.9898681640625,58.78761291503906,5834
2009-12-02,59.585357666015625,59.585357666015625,59.21717071533203,59.585357666015625,1076
2009-12-03,58.60351943969727,58.78761291503906,57.8057746887207,58.41942596435547,5768
2009-12-04,59.40126419067383,60.01491165161133,57.8057746887207,58.78761291503906,928
2009-12-07,56.33301544189453,59.40126419067383,55.96482849121094,59.21717071533203,5379
2009-12-08,54.92162322998047,56.76256942749024,54.73752975463867,56.57847595214844,2476
2009-12-09,56.148921966552734,56.148921966552734,55.78073120117188,55.78073120117188,1662
2009-12-10,57.9898681640625,58.78761291503906,55.78073120117188,55.96482849121094,3946
2009-12-11,57.8057746887207,58.60351943969727,56.9466667175293,57.9898681640625,1825
2009-12-14,57.376220703125,57.8057746887207,55.78073120117188,56.76256942749024,1548
2009-12-15,57.1921272277832,57.8057746887207,56.148921966552734,57.8057746887207,3422
2009-12-16,57.376220703125,57.9898681640625,55.78073120117188,55.96482849121094,1968
2009-12-17,57.5603141784668,58.60351943969727,57.5603141784668,57.5603141784668,3959
2009-12-18,57.8057746887207,57.9898681640625,56.9466667175293,57.9898681640625,1825
2009-12-21,56.33301544189453,56.9466667175293,55.35117721557617,56.76256942749024,4204
2009-12-22,55.96482849121094,56.148921966552734,55.35117721557617,55.35117721557617,456
2009-12-23,55.167083740234375,55.78073120117188,54.73752975463867,55.167083740234375,2965
2009-12-28,56.57847595214844,56.57847595214844,54.73752975463867,55.78073120117188,3788
2009-12-29,55.96482849121094,56.76256942749024,55.96482849121094,56.76256942749024,1111
2009-12-30,55.78073120117188,56.57847595214844,55.167083740234375,55.53527069091797,1613
2010-01-04,59.83081817626953,59.83081817626953,56.33301544189453,56.76256942749024,4270
2010-01-05,57.9898681640625,59.585357666015625,56.9466667175293,59.585357666015625,1287
2010-01-06,57.1921272277832,58.78761291503906,57.1921272277832,58.78761291503906,684
2010-01-07,58.60351943969727,58.60351943969727,57.8057746887207,58.17396545410156,1466
2010-01-08,57.9898681640625,58.60351943969727,56.76256942749024,58.60351943969727,2289
2010-01-11,57.9898681640625,58.971710205078125,57.9898681640625,58.971710205078125,554
2010-01-12,57.9898681640625,58.60351943969727,57.9898681640625,58.60351943969727,1531
2010-01-13,59.40126419067383,60.19900894165039,58.60351943969727,58.60351943969727,2085
2010-01-14,57.1921272277832,58.78761291503906,57.1921272277832,58.78761291503906,2574
2010-01-15,57.1921272277832,58.78761291503906,56.148921966552734,57.8057746887207,2297
2010-01-18,56.76256942749024,58.41942596435547,56.76256942749024,57.376220703125,2884
2010-01-19,55.96482849121094,57.5603141784668,54.73752975463867,57.5603141784668,1906
2010-01-20,64.49455261230469,70.32422637939453,60.99675369262695,60.99675369262695,82422
2010-01-21,62.65360641479492,66.88778686523438,61.85586166381836,66.88778686523438,7605
2010-01-22,62.03995513916016,63.26725387573242,60.01491165161133,62.46950912475586,9544
2010-01-25,64.24909210205078,65.66048431396484,58.971710205078125,61.61040115356445,8832
2010-01-26,61.426307678222656,63.08316040039063,59.83081817626953,61.426307678222656,7074
2010-01-27,60.81265640258789,62.65360641479492,59.585357666015625,59.585357666015625,3145
2010-01-28,60.19900894165039,61.61040115356445,58.971710205078125,60.81265640258789,5163
2010-01-29,60.81265640258789,60.81265640258789,59.40126419067383,60.81265640258789,1353
2010-02-01,60.01491165161133,60.4444694519043,59.21717071533203,60.01491165161133,2346
2010-02-02,62.03995513916016,62.22405242919922,60.628562927246094,60.81265640258789,3764
2010-02-03,62.46950912475586,62.65360641479492,61.61040115356445,62.65360641479492,3521
2010-02-04,62.83769989013672,64.49455261230469,61.2422103881836,62.46950912475586,6942
2010-02-05,68.11508178710938,68.54463958740234,61.2422103881836,63.08316040039063,10431
2010-02-08,65.66048431396484,68.91282653808594,63.26725387573242,68.11508178710938,13409
2010-02-09,61.85586166381836,66.51959991455078,60.81265640258789,66.51959991455078,7170
2010-02-10,62.83769989013672,64.06500244140625,60.99675369262695,62.03995513916016,3734
2010-02-11,62.22405242919922,64.86273956298828,62.22405242919922,62.83769989013672,1833
2010-02-12,62.03995513916016,63.63544464111328,62.03995513916016,63.63544464111328,1401
2010-02-15,59.585357666015625,62.65360641479492,58.41942596435547,62.65360641479492,6492
2010-02-16,57.5603141784668,59.83081817626953,56.33301544189453,57.8057746887207,7613
2010-02-17,55.53527069091797,57.376220703125,54.3079719543457,56.76256942749024,5866
2010-02-18,55.78073120117188,57.1921272277832,55.53527069091797,55.96482849121094,2103
2010-02-19,55.78073120117188,56.9466667175293,55.53527069091797,56.148921966552734,586
2010-02-22,55.96482849121094,57.376220703125,55.53527069091797,55.78073120117188,3422
2010-02-23,53.75568771362305,54.73752975463867,52.52838897705078,54.73752975463867,7052
2010-02-24,52.71248626708984,53.51022720336914,51.11699676513672,52.71248626708984,3675
2010-02-25,52.89657974243164,54.12387847900391,52.09883499145508,53.51022720336914,1115
2010-02-26,52.28292846679688,53.14204025268555,50.687442779541016,52.89657974243164,3332
2010-03-01,54.92162322998047,54.92162322998047,50.687442779541016,50.687442779541016,5641
2010-03-02,53.93978500366211,54.12387847900391,51.91474151611328,54.12387847900391,3855
2010-03-03,53.326133728027344,54.55343246459961,53.14204025268555,53.75568771362305,1616
2010-03-04,54.73752975463867,54.73752975463867,52.89657974243164,53.326133728027344,1336
2010-03-05,53.51022720336914,56.148921966552734,53.51022720336914,54.92162322998047,2656
2010-03-08,58.41942596435547,61.426307678222656,55.167083740234375,55.167083740234375,8115
2010-03-09,57.9898681640625,59.21717071533203,55.35117721557617,59.21717071533203,5188
2010-03-10,57.8057746887207,57.9898681640625,56.76256942749024,57.376220703125,1011
2010-03-11,57.9898681640625,58.78761291503906,56.76256942749024,57.9898681640625,2281
2010-03-12,58.41942596435547,59.83081817626953,55.78073120117188,57.9898681640625,5833
2010-03-15,56.33301544189453,57.8057746887207,56.33301544189453,57.8057746887207,3161
2010-03-16,58.17396545410156,58.78761291503906,56.76256942749024,56.76256942749024,2509
2010-03-17,57.5603141784668,59.21717071533203,57.376220703125,58.78761291503906,1988
2010-03-18,57.376220703125,58.78761291503906,56.76256942749024,57.8057746887207,3487
2010-03-19,59.21717071533203,59.40126419067383,57.8057746887207,57.8057746887207,2476
2010-03-22,56.76256942749024,58.41942596435547,56.57847595214844,58.41942596435547,3063
2010-03-23,56.9466667175293,57.8057746887207,56.76256942749024,57.8057746887207,1336
2010-03-24,64.24909210205078,65.90594482421875,56.76256942749024,56.76256942749024,25487
2010-03-25,77.62664794921875,88.97916412353516,61.85586166381836,64.86273956298828,109591
2010-03-26,71.55152130126953,78.85395050048828,70.32422637939453,77.87210845947266,31981
2010-03-29,72.9629135131836,75.41751098632812,71.55152130126953,71.9810791015625,17085
2010-03-30,70.93787384033203,73.2083740234375,70.5696792602539,73.2083740234375,4953
2010-03-31,72.16516876220703,72.16516876220703,69.77194213867188,71.55152130126953,2361
2010-04-06,71.55152130126953,78.24030303955078,68.91282653808594,78.05620574951172,16221
2010-04-07,67.74689483642578,69.9560317993164,66.51959991455078,69.9560317993164,7960
2010-04-08,71.18333435058594,73.39247131347656,66.88778686523438,66.88778686523438,7137
2010-04-09,72.16516876220703,72.9629135131836,69.9560317993164,71.18333435058594,2909
2010-04-12,71.9810791015625,72.77882385253906,70.14012908935547,70.14012908935547,2961
2010-04-13,70.32422637939453,72.9629135131836,69.9560317993164,72.9629135131836,2510
2010-04-14,72.9629135131836,74.00611877441406,70.32422637939453,71.9810791015625,9035
2010-04-15,70.93787384033203,71.9810791015625,69.3423843383789,71.55152130126953,3495
2010-04-16,70.93787384033203,74.00611877441406,70.93787384033203,71.9810791015625,5936
2010-04-19,77.01300048828125,78.05620574951172,72.9629135131836,72.9629135131836,14696
2010-04-20,76.03116607666016,78.05620574951172,74.61976623535156,78.05620574951172,5781
2010-04-21,72.5947265625,74.98796081542969,70.75377655029297,74.98796081542969,5730
2010-04-22,68.54463958740234,70.93787384033203,64.86273956298828,70.93787384033203,15263
2010-04-23,66.51959991455078,70.32422637939453,64.49455261230469,67.74689483642578,15809
2010-04-26,69.77194213867188,70.14012908935547,65.90594482421875,66.88778686523438,5203
2010-04-27,69.3423843383789,71.55152130126953,67.93099212646484,70.32422637939453,4277
2010-04-28,69.77194213867188,69.77194213867188,67.13324737548828,67.93099212646484,3204
2010-04-29,68.91282653808594,71.18333435058594,67.74689483642578,70.5696792602539,3169
2010-04-30,69.9560317993164,71.55152130126953,67.31734466552734,68.91282653808594,5370
2010-05-03,68.29917907714844,69.52648162841797,68.11508178710938,69.52648162841797,780
2010-05-04,64.86273956298828,69.52648162841797,63.88090515136719,67.93099212646484,3106
2010-05-05,62.03995513916016,64.86273956298828,60.81265640258789,64.86273956298828,7186
2010-05-06,62.65360641479492,62.83769989013672,59.83081817626953,60.81265640258789,7266
2010-05-07,57.376220703125,59.585357666015625,55.78073120117188,59.40126419067383,6907
2010-05-10,56.148921966552734,62.83769989013672,54.92162322998047,62.83769989013672,10187
2010-05-11,60.81265640258789,67.31734466552734,56.148921966552734,56.148921966552734,19402
2010-05-12,59.585357666015625,62.65360641479492,59.585357666015625,60.81265640258789,9191
2010-05-14,59.83081817626953,60.19900894165039,57.9898681640625,59.585357666015625,1970
2010-05-18,58.60351943969727,60.4444694519043,56.76256942749024,59.83081817626953,4194
2010-05-19,56.148921966552734,58.78761291503906,54.92162322998047,58.78761291503906,3398
2010-05-20,50.687442779541016,56.57847595214844,48.66239929199219,56.57847595214844,11621
2010-05-21,51.30109024047852,51.48518753051758,44.79640579223633,49.64423751831055,11266
2010-05-25,48.04874801635742,50.07379150390625,46.63735580444336,50.07379150390625,4087
2010-05-26,51.91474151611328,53.51022720336914,49.64423751831055,49.64423751831055,2865
2010-05-27,54.73752975463867,56.33301544189453,51.91474151611328,52.09883499145508,2551
2010-05-28,56.76256942749024,57.8057746887207,53.93978500366211,57.5603141784668,4644
2010-05-31,52.71248626708984,54.73752975463867,52.52838897705078,54.73752975463867,3188
2010-06-01,47.61919403076172,52.09883499145508,47.61919403076172,52.09883499145508,5093
2010-06-02,49.27604675292969,50.25788879394531,47.864654541015625,49.09195327758789,5736
2010-06-03,53.51022720336914,53.93978500366211,49.88969802856445,50.687442779541016,7496
2010-06-04,51.91474151611328,54.92162322998047,50.25788879394531,54.92162322998047,2318
2010-06-07,48.66239929199219,54.55343246459961,47.864654541015625,54.55343246459961,4256
2010-06-08,46.63735580444336,48.04874801635742,45.41005706787109,48.04874801635742,7923
2010-06-09,47.06690979003906,48.23284530639648,46.63735580444336,47.25100326538086,3757
2010-06-10,47.25100326538086,47.61919403076172,46.63735580444336,47.06690979003906,4043
2010-06-11,46.63735580444336,47.61919403076172,46.45326232910156,47.61919403076172,2558
2010-06-14,44.98050308227539,47.61919403076172,44.61231231689453,47.61919403076172,9484
2010-06-15,44.98050308227539,46.45326232910156,44.61231231689453,44.98050308227539,2418
2010-06-16,51.48518753051758,52.71248626708984,44.61231231689453,44.98050308227539,9265
2010-06-17,50.687442779541016,52.71248626708984,48.846492767333984,52.52838897705078,3526
2010-06-18,51.11699676513672,51.11699676513672,49.09195327758789,49.09195327758789,1524
2010-06-21,52.71248626708984,53.14204025268555,50.687442779541016,50.687442779541016,2176
2010-06-22,53.14204025268555,53.75568771362305,51.73064422607422,52.71248626708984,1240
2010-06-23,51.91474151611328,52.71248626708984,50.687442779541016,52.71248626708984,1779
2010-06-24,52.28292846679688,52.28292846679688,51.30109024047852,51.91474151611328,570
2010-06-25,48.23284530639648,51.73064422607422,47.61919403076172,51.73064422607422,4926
2010-06-28,47.864654541015625,48.66239929199219,45.59415054321289,48.66239929199219,3422
2010-06-29,46.82144927978516,48.47830581665039,43.56910705566406,48.47830581665039,5781
2010-06-30,47.06690979003906,47.43510055541992,44.61231231689453,44.61231231689453,7107
2010-07-01,44.98050308227539,44.98050308227539,43.56910705566406,44.98050308227539,3674
2010-07-02,45.8396110534668,47.61919403076172,44.428218841552734,47.43510055541992,8366
2010-07-05,44.61231231689453,46.207801818847656,42.95545959472656,45.8396110534668,5618
2010-07-06,49.09195327758789,49.09195327758789,45.41005706787109,45.41005706787109,5557
2010-07-07,48.47830581665039,48.66239929199219,47.61919403076172,48.47830581665039,2210
2010-07-08,49.64423751831055,52.28292846679688,49.64423751831055,50.687442779541016,2182
2010-07-09,51.73064422607422,51.73064422607422,50.07379150390625,50.50334548950195,813
2010-07-12,51.73064422607422,52.89657974243164,49.64423751831055,52.89657974243164,3008
2010-07-13,52.71248626708984,52.71248626708984,51.30109024047852,51.91474151611328,1546
2010-07-14,53.326133728027344,53.326133728027344,52.09883499145508,52.71248626708984,2173
2010-07-15,54.12387847900391,54.3079719543457,51.48518753051758,52.52838897705078,2529
2010-07-16,54.73752975463867,54.92162322998047,53.93978500366211,54.12387847900391,1737
2010-07-19,53.14204025268555,53.93978500366211,52.28292846679688,53.93978500366211,1311
2010-07-20,50.07379150390625,51.91474151611328,50.07379150390625,51.73064422607422,903
2010-07-21,51.11699676513672,52.28292846679688,49.88969802856445,50.50334548950195,2990
2010-07-22,51.48518753051758,51.48518753051758,50.50334548950195,50.687442779541016,323
2010-07-23,50.25788879394531,52.52838897705078,50.25788879394531,51.11699676513672,2224
2010-07-26,50.87153625488281,52.09883499145508,50.07379150390625,50.687442779541016,1253
2010-07-27,51.11699676513672,51.91474151611328,51.11699676513672,51.48518753051758,514
2010-07-28,51.73064422607422,51.91474151611328,50.87153625488281,50.87153625488281,635
2010-07-29,54.73752975463867,54.73752975463867,50.687442779541016,51.73064422607422,1678
2010-07-30,55.78073120117188,56.33301544189453,54.73752975463867,54.73752975463867,1711
2010-08-02,54.73752975463867,56.33301544189453,52.71248626708984,55.78073120117188,2242
2010-08-03,52.89657974243164,54.73752975463867,52.09883499145508,54.73752975463867,1178
2010-08-04,51.11699676513672,53.326133728027344,48.47830581665039,51.73064422607422,1712
2010-08-05,48.66239929199219,50.87153625488281,48.66239929199219,50.87153625488281,1507
2010-08-06,50.25788879394531,51.11699676513672,48.04874801635742,50.687442779541016,2737
2010-08-09,52.09883499145508,52.71248626708984,51.73064422607422,51.73064422607422,1549
2010-08-10,51.73064422607422,52.52838897705078,50.687442779541016,52.52838897705078,1694
2010-08-11,47.61919403076172,49.64423751831055,47.61919403076172,49.09195327758789,3930
2010-08-12,47.61919403076172,48.04874801635742,46.63735580444336,47.61919403076172,917
2010-08-13,47.43510055541992,47.864654541015625,46.207801818847656,47.61919403076172,1421
2010-08-16,48.23284530639648,48.47830581665039,46.45326232910156,46.45326232910156,1764
2010-08-17,49.46014404296875,51.91474151611328,49.27604675292969,49.27604675292969,3230
2010-08-18,46.63735580444336,50.07379150390625,46.207801818847656,50.07379150390625,2888
2010-08-19,41.544063568115234,46.45326232910156,36.69623565673828,46.45326232910156,32479
2010-08-20,36.88032913208008,42.15771484375,34.05754089355469,42.15771484375,19677
2010-08-23,35.65303039550781,38.29172134399414,35.10074615478516,38.29172134399414,3743
2010-08-24,33.259796142578125,35.65303039550781,31.41884994506836,35.65303039550781,10519
2010-08-25,32.03249740600586,33.44389343261719,28.41196823120117,33.259796142578125,11249
2010-08-26,30.805200576782227,34.487098693847656,29.823360443115234,32.46205520629883,8930
2010-08-27,28.964252471923828,32.03249740600586,28.41196823120117,32.03249740600586,7355
2010-08-30,27.552858352661133,29.823360443115234,26.75511360168457,29.57790184020996,4910
2010-08-31,26.386924743652344,27.98241233825684,22.705028533935547,27.184669494628903,10800
2010-09-01,27.184669494628903,27.552858352661133,25.77327537536621,27.552858352661133,5807
2010-09-02,27.79831886291504,28.166507720947266,26.386924743652344,27.552858352661133,6731
2010-09-03,30.43701171875,30.43701171875,27.368764877319336,27.368764877319336,14650
2010-09-06,29.39380645751953,31.0506591796875,28.7801570892334,31.0506591796875,8699
2010-09-07,30.007455825805664,30.007455825805664,28.7801570892334,30.007455825805664,5631
2010-09-08,30.007455825805664,30.007455825805664,29.39380645751953,29.57790184020996,920
2010-09-09,31.60294532775879,31.84840583801269,30.007455825805664,30.007455825805664,1978
2010-09-10,32.03249740600586,32.03249740600586,30.6211051940918,31.84840583801269,6912
2010-09-13,31.0506591796875,31.41884994506836,30.43701171875,31.41884994506836,2075
2010-09-14,30.805200576782227,30.805200576782227,29.39380645751953,30.6211051940918,2881
2010-09-15,24.11642265319824,30.43701171875,21.29363441467285,30.43701171875,47571
2010-09-16,22.275474548339844,24.30051612854004,21.47772979736328,22.705028533935547,27260
2010-09-17,18.47084617614746,23.13458251953125,18.225387573242188,23.13458251953125,43759
2010-09-20,22.705028533935547,23.13458251953125,17.243547439575195,19.084497451782227,53430
2010-09-21,21.47772979736328,22.275474548339844,20.67998504638672,22.275474548339844,17889
2010-09-22,28.41196823120117,29.39380645751953,20.066335678100582,20.67998504638672,115342
2010-09-23,29.57790184020996,30.191551208496094,27.368764877319336,28.166507720947266,64783
2010-09-24,29.823360443115234,31.41884994506836,28.41196823120117,30.43701171875,41289
2010-09-27,28.166507720947266,30.191551208496094,27.79831886291504,30.007455825805664,16219
2010-09-28,27.79831886291504,29.2097110748291,27.79831886291504,29.2097110748291,4685
2010-09-29,26.939208984375,27.552858352661133,25.77327537536621,27.184669494628903,7903
2010-09-30,23.31867790222168,27.184669494628903,23.31867790222168,27.184669494628903,34957
2010-10-01,21.907283782958984,24.545976638793945,20.066335678100582,23.748231887817383,23980
2010-10-04,23.13458251953125,23.50277137756348,21.10954093933105,21.10954093933105,9950
2010-10-05,22.889123916625977,23.31867790222168,22.275474548339844,23.31867790222168,3781
2010-10-06,21.10954093933105,23.50277137756348,20.67998504638672,23.31867790222168,17846
2010-10-07,22.705028533935547,24.91416549682617,19.391321182250977,24.91416549682617,63202
2010-10-08,21.6004581451416,23.011852264404297,21.354999542236328,23.011852264404297,8407
2010-10-11,22.15274429321289,22.15274429321289,20.802715301513672,21.6004581451416,2721
2010-10-12,20.49588966369629,21.6004581451416,19.391321182250977,21.6004581451416,14714
2010-10-13,19.69814682006836,20.250429153442383,18.286752700805664,20.250429153442383,10234
2010-10-14,19.391321182250977,19.69814682006836,19.14586067199707,19.69814682006836,2641
2010-10-15,19.391321182250977,19.94360542297364,18.83903694152832,19.391321182250977,4213
2010-10-18,20.250429153442383,20.250429153442383,18.59357643127441,19.391321182250977,5813
2010-10-19,19.14586067199707,19.94360542297364,17.97992706298828,19.14586067199707,5911
2010-10-20,19.391321182250977,19.391321182250977,18.59357643127441,19.391321182250977,2134
2010-10-21,19.14586067199707,19.391321182250977,18.83903694152832,19.391321182250977,2300
2010-10-22,18.59357643127441,19.14586067199707,18.286752700805664,18.83903694152832,717
2010-10-25,18.59357643127441,18.59357643127441,17.18218231201172,17.97992706298828,4103
2010-10-26,18.83903694152832,19.14586067199707,17.97992706298828,18.59357643127441,5693
2010-10-27,29.08698272705078,31.0506591796875,19.14586067199707,19.14586067199707,144215
2010-10-28,27.12330436706543,31.84840583801269,26.325559616088867,29.63926696777344,58167
2010-10-29,24.36188125610352,28.841522216796875,23.011852264404297,27.73695373535156,28976
2010-11-01,23.257312774658203,25.46645164489746,21.6004581451416,25.46645164489746,27228
2010-11-02,21.354999542236328,23.257312774658203,20.802715301513672,23.257312774658203,25033
2010-11-03,16.323074340820312,20.802715301513672,15.770790100097656,19.94360542297364,125260
2010-11-04,18.83903694152832,21.354999542236328,16.077613830566406,16.077613830566406,121254
2010-11-05,17.97992706298828,20.250429153442383,17.734468460083008,19.391321182250977,102283
2010-11-08,17.97992706298828,19.14586067199707,16.87535858154297,18.59357643127441,32993
2010-11-09,18.286752700805664,18.286752700805664,17.18218231201172,17.18218231201172,28809
2010-11-10,17.97992706298828,19.391321182250977,17.734468460083008,17.97992706298828,30738
2010-11-11,17.97992706298828,18.59357643127441,17.427642822265625,18.59357643127441,17533
2010-11-12,18.286752700805664,18.83903694152832,17.18218231201172,17.97992706298828,23817
2010-11-15,17.97992706298828,18.59357643127441,17.734468460083008,18.59357643127441,12183
2010-11-16,17.427642822265625,18.286752700805664,17.18218231201172,17.427642822265625,24218
2010-11-17,17.97992706298828,17.97992706298828,16.629898071289062,16.87535858154297,84402
2010-11-18,21.354999542236328,22.705028533935547,19.391321182250977,19.391321182250977,149809
2010-11-19,24.6687068939209,26.877843856811523,21.6004581451416,22.15274429321289,137308
2010-11-22,22.705028533935547,25.77327537536621,21.354999542236328,25.77327537536621,106789
2010-11-23,21.354999542236328,22.45956802368164,20.250429153442383,22.45956802368164,74001
2010-11-24,22.15274429321289,22.45956802368164,21.04817581176757,22.15274429321289,139722
2010-11-25,24.6687068939209,24.91416549682617,21.04817581176757,22.15274429321289,55626
2010-11-26,25.220991134643555,25.46645164489746,23.56413650512696,24.91416549682617,68502
2010-11-29,24.36188125610352,27.43012809753418,23.80959701538086,25.77327537536621,27478
2010-11-30,24.36188125610352,25.77327537536621,23.80959701538086,25.77327537536621,22797
2010-12-01,24.36188125610352,25.46645164489746,24.11642265319824,25.220991134643555,32222
2010-12-02,24.11642265319824,25.46645164489746,23.257312774658203,25.46645164489746,23762
2010-12-03,22.15274429321289,24.11642265319824,20.49588966369629,24.11642265319824,84128
2010-12-06,21.6004581451416,23.011852264404297,20.802715301513672,22.15274429321289,78947
2010-12-07,23.56413650512696,24.11642265319824,21.04817581176757,22.15274429321289,89955
2010-12-08,23.80959701538086,24.36188125610352,22.15274429321289,24.11642265319824,58464
2010-12-09,23.80959701538086,24.11642265319824,23.257312774658203,23.80959701538086,30368
2010-12-10,23.56413650512696,23.80959701538086,23.011852264404297,23.56413650512696,16469
2010-12-13,23.80959701538086,23.80959701538086,22.705028533935547,23.56413650512696,45387
2010-12-14,23.56413650512696,24.11642265319824,22.45956802368164,23.80959701538086,49860
2010-12-15,23.80959701538086,24.11642265319824,22.705028533935547,23.80959701538086,99460
2010-12-16,23.56413650512696,24.36188125610352,23.257312774658203,23.56413650512696,44181
2010-12-17,25.77327537536621,28.841522216796875,24.91416549682617,26.877843856811523,774110
2010-12-20,26.325559616088867,26.57101821899414,25.220991134643555,26.57101821899414,220510
2010-12-21,25.46645164489746,26.325559616088867,25.220991134643555,26.325559616088867,60453
2010-12-22,24.6687068939209,25.77327537536621,24.36188125610352,25.77327537536621,77070
2010-12-23,26.01873588562012,26.01873588562012,24.91416549682617,24.91416549682617,61254
2010-12-27,26.325559616088867,29.946090698242188,26.325559616088867,26.325559616088867,104669
2010-12-28,27.12330436706543,27.43012809753418,26.57101821899414,26.57101821899414,42797
2010-12-29,27.12330436706543,27.43012809753418,26.325559616088867,27.43012809753418,50074
2010-12-30,26.877843856811523,27.12330436706543,26.325559616088867,27.12330436706543,29295
2011-01-03,26.325559616088867,26.877843856811523,26.01873588562012,26.877843856811523,48716
2011-01-04,24.91416549682617,26.325559616088867,24.91416549682617,26.325559616088867,53596
2011-01-05,25.220991134643555,25.46645164489746,24.6687068939209,24.91416549682617,23370
2011-01-06,24.11642265319824,24.91416549682617,23.80959701538086,24.91416549682617,91153
2011-01-07,23.80959701538086,24.36188125610352,22.705028533935547,24.36188125610352,54676
2011-01-10,23.56413650512696,23.80959701538086,23.011852264404297,23.80959701538086,22081
2011-01-11,23.80959701538086,24.11642265319824,22.15274429321289,23.56413650512696,62855
2011-01-12,23.56413650512696,24.36188125610352,23.56413650512696,24.11642265319824,23074
2011-01-13,23.011852264404297,23.56413650512696,22.15274429321289,23.56413650512696,74261
2011-01-14,23.011852264404297,23.56413650512696,22.15274429321289,22.705028533935547,39140
2011-01-17,23.56413650512696,23.56413650512696,22.705028533935547,23.257312774658203,26248
2011-01-18,23.011852264404297,23.80959701538086,23.011852264404297,23.80959701538086,8054
2011-01-19,23.257312774658203,23.56413650512696,22.705028533935547,23.011852264404297,10426
2011-01-20,22.45956802368164,23.56413650512696,22.45956802368164,23.56413650512696,9690
2011-01-21,23.257312774658203,23.56413650512696,22.705028533935547,23.011852264404297,13837
2011-01-24,22.45956802368164,23.011852264404297,21.907283782958984,22.45956802368164,29848
2011-01-25,22.45956802368164,23.011852264404297,21.907283782958984,22.705028533935547,30800
2011-01-26,22.15274429321289,22.705028533935547,21.907283782958984,22.15274429321289,18297
2011-01-27,21.907283782958984,22.15274429321289,21.6004581451416,21.907283782958984,22472
2011-01-28,21.907283782958984,22.15274429321289,21.6004581451416,22.15274429321289,11554
2011-01-31,21.907283782958984,22.705028533935547,21.6004581451416,22.15274429321289,15744
2011-02-01,23.257312774658203,23.257312774658203,21.907283782958984,21.907283782958984,26349
2011-02-02,23.011852264404297,23.257312774658203,22.45956802368164,23.257312774658203,18584
2011-02-03,23.257312774658203,23.257312774658203,22.45956802368164,23.011852264404297,9515
2011-02-04,22.705028533935547,23.011852264404297,22.15274429321289,23.011852264404297,28096
2011-02-07,22.45956802368164,23.011852264404297,22.15274429321289,22.705028533935547,32153
2011-02-08,22.705028533935547,23.011852264404297,22.45956802368164,22.45956802368164,20426
2011-02-09,22.45956802368164,23.011852264404297,22.15274429321289,22.705028533935547,19191
2011-02-10,22.15274429321289,22.705028533935547,21.907283782958984,22.45956802368164,21807
2011-02-11,22.705028533935547,22.705028533935547,21.907283782958984,22.15274429321289,9544
2011-02-14,22.15274429321289,22.705028533935547,22.15274429321289,22.705028533935547,4695
2011-02-15,22.15274429321289,22.705028533935547,21.907283782958984,22.45956802368164,9875
2011-02-16,21.04817581176757,22.45956802368164,21.04817581176757,21.907283782958984,25521
2011-02-17,21.907283782958984,21.907283782958984,20.49588966369629,21.04817581176757,19039
2011-02-18,21.04817581176757,22.45956802368164,20.250429153442383,21.907283782958984,41167
2011-02-21,21.354999542236328,21.907283782958984,21.04817581176757,21.6004581451416,9562
2011-02-22,20.49588966369629,21.6004581451416,20.250429153442383,21.6004581451416,27846
2011-02-23,20.250429153442383,21.04817581176757,19.94360542297364,20.250429153442383,12539
2011-02-24,19.94360542297364,20.250429153442383,19.69814682006836,20.250429153442383,6327
2011-02-25,20.250429153442383,20.250429153442383,19.69814682006836,19.94360542297364,8083
2011-02-28,20.49588966369629,20.49588966369629,19.69814682006836,19.69814682006836,6757
2011-03-01,19.69814682006836,20.49588966369629,19.69814682006836,20.49588966369629,11575
2011-03-02,19.391321182250977,19.94360542297364,18.83903694152832,19.391321182250977,16033
2011-03-03,19.94360542297364,19.94360542297364,19.14586067199707,19.94360542297364,7755
2011-03-04,19.94360542297364,20.250429153442383,19.391321182250977,19.94360542297364,8197
2011-03-07,19.69814682006836,19.94360542297364,19.14586067199707,19.14586067199707,11388
2011-03-08,19.94360542297364,19.94360542297364,19.14586067199707,19.14586067199707,14716
2011-03-09,19.391321182250977,19.391321182250977,18.83903694152832,19.14586067199707,8461
2011-03-10,20.250429153442383,20.49588966369629,18.83903694152832,19.14586067199707,27004
2011-03-11,19.94360542297364,20.802715301513672,19.14586067199707,20.49588966369629,32995
2011-03-14,19.14586067199707,19.69814682006836,18.83903694152832,19.391321182250977,21933
2011-03-15,18.59357643127441,18.83903694152832,17.427642822265625,18.83903694152832,39006
2011-03-16,18.59357643127441,18.83903694152832,17.97992706298828,18.59357643127441,12529
2011-03-17,18.83903694152832,18.83903694152832,17.97992706298828,18.286752700805664,32336
2011-03-18,19.14586067199707,19.14586067199707,18.59357643127441,18.83903694152832,7858
2011-03-21,19.14586067199707,19.391321182250977,18.83903694152832,19.14586067199707,12516
2011-03-22,19.14586067199707,19.391321182250977,18.83903694152832,19.14586067199707,7741
2011-03-23,19.14586067199707,19.14586067199707,18.59357643127441,19.14586067199707,6340
2011-03-24,19.14586067199707,19.391321182250977,18.59357643127441,19.14586067199707,16946
2011-03-25,19.69814682006836,19.69814682006836,18.83903694152832,19.14586067199707,9802
2011-03-28,23.011852264404297,23.257312774658203,19.94360542297364,19.94360542297364,134216
2011-03-29,22.705028533935547,23.80959701538086,21.907283782958984,23.56413650512696,30694
2011-03-30,21.907283782958984,22.705028533935547,21.354999542236328,22.705028533935547,32361
2011-03-31,22.45956802368164,22.45956802368164,21.907283782958984,21.907283782958984,19372
2011-04-01,21.907283782958984,22.15274429321289,21.6004581451416,22.15274429321289,13057
2011-04-04,21.907283782958984,22.15274429321289,21.6004581451416,21.907283782958984,6318
2011-04-05,21.907283782958984,21.907283782958984,21.354999542236328,21.907283782958984,14707
2011-04-06,21.04817581176757,21.907283782958984,20.802715301513672,21.6004581451416,20252
2011-04-07,21.354999542236328,21.6004581451416,20.49588966369629,20.802715301513672,13866
2011-04-08,22.15274429321289,22.15274429321289,20.802715301513672,21.6004581451416,16672
2011-04-11,21.6004581451416,22.15274429321289,21.354999542236328,21.6004581451416,5964
2011-04-12,20.49588966369629,21.907283782958984,20.49588966369629,21.354999542236328,14423
2011-04-13,21.04817581176757,21.04817581176757,20.49588966369629,20.802715301513672,7661
2011-04-14,20.802715301513672,21.04817581176757,20.250429153442383,21.04817581176757,13995
2011-04-15,21.354999542236328,21.354999542236328,21.04817581176757,21.04817581176757,11155
2011-04-18,20.49588966369629,21.04817581176757,20.49588966369629,20.802715301513672,5523
2011-04-19,20.250429153442383,20.802715301513672,19.94360542297364,20.49588966369629,3031
2011-04-20,21.04817581176757,21.354999542236328,20.49588966369629,21.354999542236328,2200
2011-04-26,21.04817581176757,21.6004581451416,20.802715301513672,21.04817581176757,4724
2011-04-27,21.04817581176757,21.04817581176757,19.94360542297364,21.04817581176757,15303
2011-04-28,20.802715301513672,21.04817581176757,20.250429153442383,21.04817581176757,5629
2011-04-29,20.49588966369629,20.802715301513672,20.250429153442383,20.49588966369629,5257
2011-05-02,19.94360542297364,20.49588966369629,19.94360542297364,20.49588966369629,5918
2011-05-03,19.14586067199707,19.94360542297364,18.83903694152832,19.69814682006836,15146
2011-05-04,18.286752700805664,19.391321182250977,17.734468460083008,19.14586067199707,18169
2011-05-05,18.286752700805664,18.83903694152832,17.734468460083008,18.286752700805664,10889
2011-05-06,19.14586067199707,19.14586067199707,17.97992706298828,17.97992706298828,6140
2011-05-09,18.83903694152832,19.391321182250977,18.59357643127441,18.83903694152832,5343
2011-05-10,19.14586067199707,19.69814682006836,18.83903694152832,19.391321182250977,8600
2011-05-11,19.69814682006836,20.49588966369629,19.391321182250977,19.391321182250977,9207
2011-05-12,19.391321182250977,19.69814682006836,18.83903694152832,19.69814682006836,2706
2011-05-13,19.14586067199707,19.94360542297364,19.14586067199707,19.94360542297364,3938
2011-05-16,19.391321182250977,19.391321182250977,17.18218231201172,19.14586067199707,12392
2011-05-18,18.83903694152832,18.83903694152832,18.286752700805664,18.286752700805664,3259
2011-05-19,19.69814682006836,19.69814682006836,18.83903694152832,18.83903694152832,10488
2011-05-20,19.391321182250977,20.250429153442383,19.391321182250977,19.69814682006836,6575
2011-05-23,19.391321182250977,19.391321182250977,18.83903694152832,19.391321182250977,4084
2011-05-24,18.286752700805664,19.94360542297364,17.97992706298828,18.83903694152832,13693
2011-05-25,19.14586067199707,19.14586067199707,17.97992706298828,18.59357643127441,2476
2011-05-26,19.14586067199707,19.391321182250977,17.97992706298828,19.14586067199707,8544
2011-05-27,18.59357643127441,19.14586067199707,17.427642822265625,18.59357643127441,11885
2011-05-30,18.83903694152832,19.28700065612793,17.31718635559082,18.145612716674805,32155
2011-05-31,17.734468460083008,18.83903694152832,17.31718635559082,18.83903694152832,13794
2011-06-01,16.87535858154297,17.45832633972168,16.096023559570312,17.341732025146484,16160
2011-06-03,16.482622146606445,16.709672927856445,15.8198823928833,16.316938400268555,8961
2011-06-06,17.041044235229492,17.734468460083008,16.623762130737305,16.678991317749023,13864
2011-06-07,16.623762130737305,17.17604637145996,16.5133056640625,17.17604637145996,10551
2011-06-08,16.789447784423828,16.789447784423828,16.347620010375977,16.789447784423828,4068
2011-06-09,16.95513343811035,17.513553619384766,16.764902114868164,16.764902114868164,8962
2011-06-10,16.5133056640625,17.17604637145996,15.961021423339844,16.73421859741211,9935
2011-06-14,16.01624870300293,16.45807647705078,15.850564002990724,16.45807647705078,5069
2011-06-15,14.93622589111328,15.850564002990724,13.856203079223633,15.850564002990724,22933
2011-06-16,14.353260040283203,14.825770378112791,13.71506404876709,14.825770378112791,13142
2011-06-17,15.101911544799805,15.79533576965332,13.71506404876709,14.267349243164062,8999
2011-06-20,14.408488273620604,15.212368965148926,14.15689182281494,15.046683311462402,5125
2011-06-21,14.574172973632812,14.991455078125,14.267349243164062,14.715312957763672,3047
2011-06-22,14.212120056152344,14.629402160644531,14.15689182281494,14.629402160644531,3032
2011-06-23,13.573925018310549,14.488262176513672,13.573925018310549,14.488262176513672,12476
2011-06-24,13.856203079223633,13.911432266235352,13.573925018310549,13.573925018310549,9309
2011-06-27,13.35301113128662,13.659835815429688,13.187326431274414,13.659835815429688,8564
2011-06-28,13.218008041381836,13.383692741394045,13.218008041381836,13.383692741394045,4823
2011-06-29,13.684382438659668,13.684382438659668,13.218008041381836,13.35301113128662,8079
2011-06-30,13.549379348754885,13.856203079223633,13.35301113128662,13.463467597961426,3743
2011-07-01,13.408239364624023,14.353260040283203,13.162779808044434,14.353260040283203,6673
2011-07-04,13.856203079223633,14.132346153259276,13.494150161743164,13.494150161743164,10220
2011-07-05,15.4578275680542,15.4578275680542,14.15689182281494,14.15689182281494,38453
2011-07-06,17.482872009277344,17.59332847595215,16.07147789001465,16.096023559570312,43291
2011-07-07,16.985815048217773,17.703784942626953,16.623762130737305,17.703784942626953,40267
2011-07-08,15.850564002990724,17.01036262512207,15.23691463470459,16.709672927856445,6745
2011-07-11,16.316938400268555,16.899904251098633,15.65419578552246,15.65419578552246,7652
2011-07-12,15.322826385498049,15.513056755065918,13.80097484588623,15.513056755065918,28505
2011-07-13,14.598718643188477,16.040794372558594,12.91118335723877,16.040794372558594,10514
2011-07-14,14.408488273620604,15.23691463470459,13.856203079223633,13.856203079223633,13509
2011-07-15,14.43303394317627,14.960771560668944,14.242802619934082,14.408488273620604,9376
2011-07-18,14.54349136352539,16.01624870300293,14.132346153259276,14.242802619934082,5866
2011-07-19,13.991206169128418,14.825770378112791,13.856203079223633,14.684630393981934,7908
2011-07-20,14.18757438659668,14.267349243164062,13.911432266235352,14.267349243164062,5343
2011-07-21,14.267349243164062,14.267349243164062,13.911432266235352,14.18757438659668,1645
2011-07-22,14.267349243164062,14.54349136352539,13.991206169128418,13.991206169128418,5032
2011-07-25,14.298030853271484,14.684630393981934,14.132346153259276,14.132346153259276,5643
2011-07-26,14.598718643188477,14.598718643188477,14.37780475616455,14.54349136352539,1324
2011-07-27,14.684630393981934,14.825770378112791,14.408488273620604,14.825770378112791,2659
2011-07-28,14.18757438659668,14.408488273620604,13.935977935791016,14.408488273620604,7496
2011-07-29,14.101662635803224,14.18757438659668,13.935977935791016,13.935977935791016,3096
2011-08-01,14.408488273620604,14.408488273620604,14.132346153259276,14.267349243164062,1990
2011-08-02,14.101662635803224,14.408488273620604,13.856203079223633,14.408488273620604,7703
2011-08-03,14.267349243164062,14.267349243164062,13.856203079223633,14.021888732910156,2982
2011-08-04,13.162779808044434,14.684630393981934,12.52458381652832,14.07711696624756,11568
2011-08-05,13.29778289794922,13.856203079223633,12.469355583190918,12.469355583190918,16072
2011-08-08,12.469355583190918,13.107550621032717,11.223647117614746,12.745497703552246,21087
2011-08-09,12.193214416503906,12.469355583190918,11.831159591674805,11.917071342468262,15909
2011-08-10,12.21776008605957,12.99709415435791,11.917071342468262,12.966411590576172,10302
2011-08-11,14.684630393981934,14.684630393981934,12.248441696166992,12.248441696166992,12987
2011-08-12,14.021888732910156,14.267349243164062,13.076869010925291,13.076869010925291,11026
2011-08-15,13.71506404876709,14.132346153259276,13.71506404876709,13.935977935791016,4923
2011-08-16,13.383692741394045,13.991206169128418,13.021639823913574,13.991206169128418,9890
2011-08-17,13.856203079223633,13.935977935791016,13.573925018310549,13.573925018310549,7593
2011-08-18,13.573925018310549,13.71506404876709,12.745497703552246,13.71506404876709,5996
2011-08-19,12.941865921020508,13.684382438659668,12.469355583190918,13.684382438659668,19079
2011-08-22,13.438921928405762,13.71506404876709,12.604358673095703,12.604358673095703,18865
2011-08-23,13.573925018310549,13.739609718322754,13.162779808044434,13.29778289794922,19785
2011-08-24,13.770293235778809,13.770293235778809,13.573925018310549,13.573925018310549,4253
2011-08-25,13.494150161743164,13.770293235778809,13.438921928405762,13.770293235778809,2870
2011-08-26,13.29778289794922,13.463467597961426,13.162779808044434,13.35301113128662,8526
2011-08-29,14.132346153259276,14.132346153259276,13.29778289794922,13.29778289794922,3922
2011-08-30,13.856203079223633,14.51894474029541,13.856203079223633,14.132346153259276,1254
2011-08-31,14.54349136352539,14.825770378112791,13.62915325164795,13.62915325164795,15852
2011-09-01,15.101911544799805,15.101911544799805,14.43303394317627,14.684630393981934,5721
2011-09-02,16.899904251098633,16.899904251098633,14.684630393981934,14.960771560668944,29275
2011-09-05,16.37216567993164,17.734468460083008,14.684630393981934,17.734468460083008,22946
2011-09-06,15.79533576965332,16.623762130737305,15.79533576965332,16.45807647705078,10969
2011-09-07,15.513056755065918,16.040794372558594,15.433282852172852,16.040794372558594,14462
2011-09-08,13.880748748779297,15.513056755065918,13.29778289794922,15.513056755065918,34076
2011-09-09,14.43303394317627,15.101911544799805,13.911432266235352,13.911432266235352,7668
2011-09-12,13.935977935791016,14.960771560668944,13.328465461730955,14.960771560668944,6511
2011-09-13,13.991206169128418,14.267349243164062,13.856203079223633,14.267349243164062,2134
2011-09-14,13.604606628417969,14.021888732910156,13.604606628417969,13.991206169128418,1225
2011-09-15,14.54349136352539,14.825770378112791,13.71506404876709,13.71506404876709,7968
2011-09-16,13.604606628417969,14.825770378112791,13.162779808044434,14.825770378112791,22133
2011-09-19,13.383692741394045,13.573925018310549,13.162779808044434,13.573925018310549,8895
2011-09-20,12.941865921020508,13.021639823913574,12.770044326782228,13.021639823913574,6783
2011-09-21,12.886636734008787,13.021639823913574,12.469355583190918,12.63504123687744,13227
2011-09-22,12.469355583190918,12.800725936889648,12.303669929504396,12.800725936889648,5978
2011-09-23,11.941617012023926,12.32821559906006,11.665474891662598,12.32821559906006,12695
2011-09-26,11.358650207519531,12.383444786071776,11.082508087158203,11.886388778686523,37241
2011-09-27,11.469106674194336,11.720703125,11.082508087158203,11.720703125,19457
2011-09-28,11.469106674194336,11.469106674194336,11.11319065093994,11.469106674194336,3052
2011-09-29,11.303421974182127,11.610246658325195,11.168418884277344,11.33410358428955,7041
2011-09-30,10.94136905670166,11.11319065093994,10.665225982666016,11.11319065093994,6607
2011-10-03,10.389083862304688,10.665225982666016,10.1988525390625,10.665225982666016,7903
2011-10-04,9.726343154907228,10.364538192749023,9.726343154907228,10.333855628967283,10060
2011-10-05,10.530223846435549,10.94136905670166,9.916573524475098,10.254080772399902,6640
2011-10-06,13.328465461730955,13.71506404876709,10.58545207977295,10.806365966796877,62957
2011-10-07,13.021639823913574,14.653947830200195,12.082756996154783,14.653947830200195,42354
2011-10-10,12.027527809143066,13.076869010925291,11.082508087158203,13.076869010925291,15868
2011-10-11,11.168418884277344,11.634793281555176,11.168418884277344,11.49979019165039,6274
2011-10-12,10.94136905670166,11.137737274169922,10.389083862304688,11.082508087158203,16039
2011-10-13,10.254080772399902,10.58545207977295,9.75088882446289,10.530223846435549,34547
2011-10-14,12.248441696166992,14.132346153259276,12.10730266571045,13.021639823913574,81666
2011-10-17,11.41387939453125,12.99709415435791,11.33410358428955,12.99709415435791,12262
2011-10-18,10.419767379760742,11.358650207519531,10.30930995941162,11.358650207519531,11733
2011-10-19,10.720455169677734,10.94136905670166,10.088396072387695,10.419767379760742,7586
2011-10-20,10.806365966796877,10.916823387145996,10.530223846435549,10.720455169677734,4261
2011-10-21,10.806365966796877,10.88613986968994,10.364538192749023,10.806365966796877,12980
2011-10-24,11.524335861206056,11.524335861206056,10.665225982666016,10.806365966796877,17284
2011-10-25,11.555018424987791,11.917071342468262,11.555018424987791,11.634793281555176,6278
2011-10-26,11.77593231201172,12.10730266571045,11.634793281555176,11.634793281555176,15289
2011-10-27,11.917071342468262,11.917071342468262,11.634793281555176,11.831159591674805,13297
2011-10-28,13.35301113128662,13.35301113128662,11.917071342468262,11.917071342468262,63031
2011-10-31,16.15125274658203,16.15125274658203,13.29778289794922,13.35301113128662,47865
2011-11-01,15.378053665161133,16.543987274169922,14.132346153259276,16.15125274658203,54914
2011-11-02,14.825770378112791,15.79533576965332,14.408488273620604,15.543739318847656,19592
2011-11-03,17.17604637145996,18.286752700805664,14.960771560668944,14.960771560668944,159025
2011-11-04,15.513056755065918,17.427642822265625,15.378053665161133,17.427642822265625,77956
2011-11-07,15.513056755065918,16.20648193359375,14.54349136352539,15.267597198486328,37656
2011-11-08,17.041044235229492,18.010610580444336,15.65419578552246,15.65419578552246,68784
2011-11-09,17.45832633972168,17.734468460083008,16.45807647705078,17.041044235229492,23712
2011-11-10,16.764902114868164,16.985815048217773,15.684879302978516,16.623762130737305,17271
2011-11-11,17.45832633972168,17.45832633972168,16.899904251098633,16.899904251098633,36846
2011-11-14,19.090633392333984,19.11517906188965,17.45832633972168,17.513553619384766,56727
2011-11-15,20.36702346801757,20.36702346801757,18.98017692565918,19.17040634155273,58257
2011-11-16,22.165016174316406,23.35549736022949,20.50202751159668,20.50202751159668,103995
2011-11-17,21.226133346557617,22.803211212158203,20.9438533782959,22.803211212158203,48008
2011-11-18,20.72294044494629,21.336589813232425,18.83903694152832,21.336589813232425,46420
2011-11-21,19.753374099731445,20.778169631958008,19.366775512695312,20.72294044494629,19326
2011-11-22,19.11517906188965,21.723188400268555,18.427892684936523,20.36702346801757,30963
2011-11-23,16.59921646118164,19.090633392333984,16.29239273071289,19.090633392333984,39313
2011-11-24,17.17604637145996,18.25606918334961,16.59921646118164,16.789447784423828,21433
2011-11-25,17.31718635559082,17.45832633972168,16.623762130737305,16.899904251098633,11733
2011-11-28,18.70403480529785,18.70403480529785,17.341732025146484,17.45832633972168,22961
2011-11-29,19.673599243164062,19.94974136352539,18.83903694152832,18.83903694152832,9564
2011-11-30,19.894514083862305,20.08474540710449,19.035404205322266,19.39745712280273,16200
2011-12-01,19.39745712280273,20.22588539123535,19.39745712280273,20.029516220092773,18755
2011-12-02,19.69814682006836,19.69814682006836,18.814491271972656,19.42200469970703,14117
2011-12-05,20.31179428100586,20.50202751159668,19.72882843017578,19.839284896850582,10513
2011-12-06,21.36113548278809,22.44115829467773,20.08474540710449,20.31179428100586,43961
2011-12-07,20.9438533782959,22.25092887878418,20.9438533782959,22.030014038085938,10406
2011-12-08,19.974288940429688,20.999082565307617,19.974288940429688,20.999082565307617,6376
2011-12-09,19.94974136352539,20.778169631958008,19.39745712280273,19.91905975341797,22092
2011-12-12,19.256317138671875,19.94974136352539,18.98017692565918,19.94974136352539,11456
2011-12-13,19.05995178222656,20.22588539123535,18.341981887817383,20.22588539123535,25231
2011-12-14,18.814491271972656,19.53246116638184,18.61812210083008,18.83903694152832,9116
2011-12-15,18.06583976745605,18.70403480529785,17.648557662963867,18.70403480529785,18304
2011-12-16,17.513553619384766,17.869470596313477,16.07147789001465,17.869470596313477,18478
2011-12-19,16.899904251098633,17.45832633972168,16.623762130737305,17.17604637145996,22430
2011-12-20,16.899904251098633,16.899904251098633,15.4578275680542,16.45807647705078,37300
2011-12-21,16.985815048217773,17.45832633972168,16.07147789001465,16.899904251098633,25557
2011-12-22,16.985815048217773,17.45832633972168,16.844675064086914,16.844675064086914,3340
2011-12-23,17.31718635559082,17.31718635559082,16.65444564819336,17.17604637145996,8453
2011-12-27,16.623762130737305,16.899904251098633,16.237163543701172,16.87535858154297,7609
2011-12-28,16.316938400268555,16.65444564819336,16.316938400268555,16.65444564819336,4497
2011-12-29,16.126705169677734,16.181934356689453,15.740106582641602,16.181934356689453,9421
2011-12-30,18.286752700805664,18.286752700805664,15.79533576965332,16.07147789001465,12059
2012-01-02,17.45832633972168,18.286752700805664,16.95513343811035,18.286752700805664,11284
2012-01-03,17.9001522064209,17.9001522064209,16.623762130737305,16.899904251098633,7214
2012-01-04,17.096271514892578,17.396961212158203,17.096271514892578,17.341732025146484,4426
2012-01-05,18.562894821166992,19.225635528564453,17.31718635559082,17.31718635559082,14821
2012-01-06,19.64291763305664,19.808603286743164,17.45832633972168,18.562894821166992,25486
2012-01-09,20.17065620422364,20.17065620422364,19.3115463256836,19.64291763305664,5211
2012-01-10,19.673599243164062,20.50202751159668,19.256317138671875,20.17065620422364,17242
2012-01-11,18.70403480529785,19.673599243164062,18.372663497924805,19.39745712280273,29412
2012-01-12,18.648805618286133,18.83903694152832,18.010610580444336,18.372663497924805,27085
2012-01-13,18.145612716674805,19.20108985900879,18.145612716674805,18.61812210083008,10413
2012-01-16,18.12106704711914,18.286752700805664,17.17604637145996,17.97992706298828,14028
2012-01-17,18.200841903686523,18.538349151611328,17.924699783325195,17.924699783325195,2623
2012-01-18,17.844924926757812,18.286752700805664,17.734468460083008,18.286752700805664,9337
2012-01-19,17.341732025146484,18.010610580444336,17.31718635559082,18.010610580444336,8759
2012-01-20,17.734468460083008,17.734468460083008,17.17604637145996,17.341732025146484,1692
2012-01-23,17.427642822265625,17.734468460083008,16.65444564819336,17.734468460083008,3911
2012-01-24,16.95513343811035,17.17604637145996,16.347620010375977,17.17604637145996,10739
2012-01-25,17.17604637145996,17.17604637145996,16.678991317749023,16.95513343811035,3707
2012-01-26,17.17604637145996,17.45832633972168,16.29239273071289,17.37241554260254,17886
2012-01-27,17.31718635559082,17.45832633972168,16.623762130737305,16.623762130737305,7594
2012-01-30,17.17604637145996,18.6733512878418,17.17604637145996,17.31718635559082,4277
2012-01-31,16.899904251098633,17.59332847595215,16.899904251098633,17.120817184448242,3987
2012-02-01,17.2865047454834,17.31718635559082,16.623762130737305,17.041044235229492,12678
2012-02-02,17.065589904785156,17.396961212158203,16.764902114868164,17.17604637145996,4937
2012-02-03,17.2619571685791,17.31718635559082,16.347620010375977,16.899904251098633,11083
2012-02-06,18.010610580444336,18.25606918334961,17.59332847595215,18.25606918334961,11920
2012-02-07,17.17604637145996,17.734468460083008,17.151500701904297,17.59332847595215,4069
2012-02-08,17.37241554260254,17.59332847595215,16.930587768554688,16.930587768554688,8917
2012-02-09,19.20108985900879,19.91905975341797,18.562894821166992,18.98017692565918,177195
2012-02-10,18.427892684936523,19.58768844604492,18.145612716674805,19.58768844604492,30696
2012-02-13,18.200841903686523,18.286752700805664,17.759014129638672,18.286752700805664,16377
2012-02-14,16.07147789001465,17.844924926757812,15.513056755065918,17.844924926757812,76022
2012-02-15,14.90554428100586,16.543987274169922,14.825770378112791,16.543987274169922,50216
2012-02-16,14.684630393981934,14.850316047668455,13.71506404876709,14.825770378112791,41289
2012-02-17,16.29239273071289,16.29239273071289,14.825770378112791,14.825770378112791,26439
2012-02-20,15.402600288391112,16.899904251098633,14.684630393981934,16.29239273071289,17819
2012-02-21,15.488511085510254,15.875109672546388,15.157139778137209,15.543739318847656,16107
2012-02-22,15.65419578552246,15.65419578552246,14.825770378112791,15.488511085510254,5392
2012-02-23,15.79533576965332,15.79533576965332,15.23691463470459,15.65419578552246,6933
2012-02-24,15.70942497253418,16.01624870300293,15.4578275680542,16.01624870300293,10022
2012-02-27,15.764653205871582,16.07147789001465,15.378053665161133,15.70942497253418,6958
2012-02-28,14.960771560668944,15.875109672546388,14.960771560668944,15.79533576965332,6469
2012-02-29,15.212368965148926,15.65419578552246,14.960771560668944,15.513056755065918,8091
2012-03-01,14.93622589111328,15.488511085510254,14.653947830200195,15.23691463470459,9229
2012-03-02,14.90554428100586,14.960771560668944,14.574172973632812,14.93622589111328,8815
2012-03-05,15.181686401367188,15.181686401367188,14.488262176513672,14.90554428100586,6208
2012-03-06,14.88099765777588,14.88099765777588,14.715312957763672,14.739858627319336,2127
2012-03-07,14.850316047668455,15.181686401367188,14.598718643188477,14.598718643188477,7703
2012-03-08,14.684630393981934,15.23691463470459,14.408488273620604,14.850316047668455,9413
2012-03-09,14.488262176513672,14.825770378112791,14.267349243164062,14.825770378112791,9069
2012-03-12,14.54349136352539,14.598718643188477,14.54349136352539,14.598718643188477,1955
2012-03-13,14.18757438659668,14.51894474029541,14.07711696624756,14.18757438659668,4999
2012-03-14,13.825521469116213,14.267349243164062,13.71506404876709,14.267349243164062,18227
2012-03-15,13.052323341369627,13.62915325164795,12.493902206420898,13.62915325164795,16553
2012-03-16,12.604358673095703,13.021639823913574,12.248441696166992,13.021639823913574,25729
2012-03-19,12.082756996154783,12.493902206420898,11.941617012023926,12.493902206420898,27489
2012-03-20,12.57981300354004,12.831409454345703,12.082756996154783,12.082756996154783,13777
2012-03-21,13.187326431274414,13.187326431274414,12.57981300354004,12.770044326782228,21627
2012-03-22,12.248441696166992,13.162779808044434,12.248441696166992,13.162779808044434,13899
2012-03-23,11.855706214904783,12.63504123687744,11.634793281555176,12.63504123687744,35768
2012-03-26,13.187326431274414,14.739858627319336,11.579564094543455,12.137985229492188,122958
2012-03-27,11.358650207519531,13.162779808044434,11.24819278717041,13.052323341369627,158972
2012-03-28,10.554770469665527,11.77593231201172,10.499541282653809,11.77593231201172,70070
2012-03-29,10.806365966796877,11.0272798538208,10.389083862304688,10.665225982666016,52073
2012-03-30,11.524335861206056,11.634793281555176,10.916823387145996,10.916823387145996,35514
2012-04-02,11.444561004638672,11.77593231201172,11.082508087158203,11.524335861206056,12737
2012-04-03,11.223647117614746,11.444561004638672,11.223647117614746,11.444561004638672,7446
2012-04-04,11.192964553833008,11.303421974182127,11.0272798538208,11.303421974182127,5698
2012-04-10,10.972050666809082,11.278876304626465,10.972050666809082,10.972050666809082,16932
2012-04-11,10.972050666809082,11.41387939453125,10.94136905670166,10.94136905670166,11348
2012-04-12,10.665225982666016,11.082508087158203,10.254080772399902,10.972050666809082,32306
2012-04-13,8.891779899597168,10.58545207977295,8.891779899597168,10.58545207977295,133753
2012-04-16,8.94700813293457,9.284515380859377,8.701547622680664,8.94700813293457,30611
2012-04-17,7.511067867279053,9.39497184753418,7.345383167266846,9.39497184753418,202869
2012-04-18,6.786962032318115,7.731982231140137,6.510819911956787,7.621524810791016,200402
2012-04-19,7.173561096191406,7.345383167266846,6.65195894241333,6.928101062774658,107732
2012-04-20,7.228789806365967,7.535614013671875,7.118332862854004,7.345383167266846,44034
2012-04-23,7.259471893310547,7.480385780334473,6.928101062774658,7.480385780334473,48372
2012-04-24,6.983329772949219,7.345383167266846,6.983329772949219,7.345383167266846,19516
2012-04-25,6.928101062774658,7.204244136810303,6.897418975830078,6.9526472091674805,17048
2012-04-26,6.928101062774658,7.118332862854004,6.817645072937012,7.038558006286621,10771
2012-04-27,6.65195894241333,7.063104152679443,6.65195894241333,7.063104152679443,24682
2012-04-30,6.34513521194458,6.65195894241333,6.259223937988281,6.65195894241333,47794
2012-05-02,6.510819911956787,6.731733798980713,5.958535194396973,6.486273765563965,75614
2012-05-03,6.179449081420898,6.842191219329834,6.179449081420898,6.5660481452941895,17015
2012-05-04,6.289906024932861,6.65195894241333,6.124220848083496,6.65195894241333,23120
2012-05-07,6.124220848083496,6.289906024932861,6.0935378074646,6.289906024932861,9762
2012-05-08,8.314949035644531,9.088147163391112,6.234677791595459,6.234677791595459,360752
2012-05-09,7.425158023834228,8.314949035644531,7.259471893310547,8.314949035644531,82267
2012-05-10,8.14312744140625,8.259720802307129,7.345383167266846,7.36992883682251,78466
2012-05-11,7.590843200683594,8.14312744140625,7.590843200683594,8.063352584838867,25831
2012-05-14,7.646070957183838,7.756527900695801,7.621524810791016,7.621524810791016,12618
2012-05-15,8.11858081817627,8.726094245910645,7.756527900695801,7.89766788482666,52016
2012-05-16,7.922214031219482,8.28426742553711,7.756527900695801,8.28426742553711,13548
2012-05-18,7.8424391746521,7.8424391746521,7.621524810791016,7.646070957183838,10753
2012-05-21,8.032670021057129,8.032670021057129,7.756527900695801,7.8424391746521,13015
2012-05-22,7.787210941314697,8.425406455993652,7.787210941314697,8.425406455993652,9635
2012-05-23,7.5662970542907715,7.756527900695801,7.36992883682251,7.756527900695801,19310
2012-05-24,7.535614013671875,7.535614013671875,7.204244136810303,7.480385780334473,3503
2012-05-25,7.511067867279053,7.621524810791016,7.480385780334473,7.535614013671875,2501
2012-05-29,7.400611877441406,7.400611877441406,7.400611877441406,7.400611877441406,977
2012-05-30,7.09378719329834,7.400611877441406,7.09378719329834,7.400611877441406,11168
2012-05-31,6.928101062774658,7.204244136810303,6.817645072937012,7.007875919342041,14588
2012-06-01,6.676505088806152,6.928101062774658,5.958535194396973,6.928101062774658,45390
2012-06-04,5.872623920440674,6.369680881500244,5.737621784210205,6.369680881500244,57859
2012-06-05,5.958535194396973,6.369680881500244,5.958535194396973,6.369680881500244,20366
2012-06-06,6.5660481452941895,6.786962032318115,6.0935378074646,6.0935378074646,21143
2012-06-07,6.510819911956787,6.928101062774658,6.510819911956787,6.928101062774658,14692
2012-06-08,7.480385780334473,8.008124351501465,6.676505088806152,6.676505088806152,57663
2012-06-11,7.063104152679443,7.480385780334473,7.063104152679443,7.480385780334473,28056
2012-06-12,7.756527900695801,8.670866012573242,7.149014949798584,7.284018039703369,22931
2012-06-13,7.400611877441406,8.28426742553711,7.204244136810303,7.756527900695801,29596
2012-06-14,7.480385780334473,7.89766788482666,7.204244136810303,7.89766788482666,14428
2012-06-15,7.511067867279053,7.8424391746521,7.259471893310547,7.8424391746521,22260
2012-06-18,7.511067867279053,7.646070957183838,7.425158023834228,7.480385780334473,14823
2012-06-19,7.701300144195557,7.89766788482666,7.590843200683594,7.701300144195557,13220
2012-06-20,7.701300144195557,7.756527900695801,7.701300144195557,7.756527900695801,3275
2012-06-21,7.455840110778809,8.22903823852539,7.455840110778809,8.22903823852539,2069
2012-06-22,7.118332862854004,7.480385780334473,7.007875919342041,7.480385780334473,11652
2012-06-25,7.400611877441406,7.425158023834228,7.118332862854004,7.118332862854004,6409
2012-06-26,7.259471893310547,7.756527900695801,7.204244136810303,7.590843200683594,11707
2012-06-27,7.36992883682251,7.535614013671875,7.345383167266846,7.345383167266846,5824
2012-06-28,7.228789806365967,7.480385780334473,7.063104152679443,7.480385780334473,13036
2012-06-29,7.228789806365967,7.5662970542907715,7.063104152679443,7.345383167266846,16136
2012-07-02,6.983329772949219,7.228789806365967,6.983329772949219,7.228789806365967,8066
2012-07-03,7.590843200683594,8.259720802307129,6.928101062774658,6.983329772949219,21883
2012-07-04,7.284018039703369,7.756527900695801,7.284018039703369,7.756527900695801,11656
2012-07-05,7.204244136810303,7.345383167266846,7.173561096191406,7.173561096191406,2216
2012-07-06,7.118332862854004,7.314701080322266,7.118332862854004,7.314701080322266,651
2012-07-09,6.842191219329834,7.118332862854004,6.731733798980713,6.9526472091674805,13550
2012-07-10,7.063104152679443,7.063104152679443,7.063104152679443,7.063104152679443,1059
2012-07-11,7.09378719329834,7.09378719329834,6.928101062774658,6.9526472091674805,13199
2012-07-12,7.259471893310547,7.756527900695801,7.228789806365967,7.228789806365967,11264
2012-07-13,7.646070957183838,7.646070957183838,7.259471893310547,7.259471893310547,7895
2012-07-16,7.480385780334473,7.646070957183838,7.400611877441406,7.646070957183838,6273
2012-07-17,7.204244136810303,7.400611877441406,7.09378719329834,7.400611877441406,5256
2012-07-18,8.480634689331055,8.83655071258545,7.480385780334473,7.621524810791016,81937
2012-07-19,10.806365966796877,11.917071342468262,9.057464599609377,9.057464599609377,213776
2012-07-20,10.720455169677734,11.358650207519531,10.474994659423828,11.05796241760254,73658
2012-07-23,9.726343154907228,11.082508087158203,9.726343154907228,11.082508087158203,62587
2012-07-24,9.284515380859377,9.861346244812012,9.253832817077637,9.615885734558104,34446
2012-07-25,8.94700813293457,9.39497184753418,8.394723892211914,9.284515380859377,39200
2012-07-26,9.5054292678833,9.781571388244627,8.94700813293457,9.143376350402832,37115
2012-07-27,9.30906105041504,9.56065845489502,9.112692832946776,9.41951847076416,16129
2012-07-30,8.867234230041504,9.174057960510254,8.867234230041504,9.174057960510254,15299
2012-07-31,8.781323432922363,9.002237319946289,8.701547622680664,8.867234230041504,8735
2012-08-01,8.701547622680664,9.229287147521973,8.701547622680664,9.057464599609377,16298
2012-08-02,8.449952125549316,8.812005043029785,8.449952125549316,8.701547622680664,7268
2012-08-03,9.56065845489502,10.530223846435549,9.30906105041504,9.726343154907228,81163
2012-08-06,8.867234230041504,9.529974937438965,8.812005043029785,9.284515380859377,44551
2012-08-07,8.867234230041504,9.143376350402832,8.867234230041504,9.143376350402832,6135
2012-08-08,8.59109115600586,9.032918930053713,8.314949035644531,8.83655071258545,38488
2012-08-09,8.701547622680664,9.143376350402832,8.449952125549316,9.143376350402832,5150
2012-08-10,8.314949035644531,8.646320343017578,8.314949035644531,8.480634689331055,16737
2012-08-13,7.811757087707519,8.535862922668457,7.811757087707519,8.535862922668457,40445
2012-08-14,7.480385780334473,7.866984844207764,7.480385780334473,7.866984844207764,33739
2012-08-15,7.977441787719727,7.977441787719727,7.480385780334473,7.756527900695801,33901
2012-08-16,8.480634689331055,8.726094245910645,7.590843200683594,7.977441787719727,37080
2012-08-17,8.22903823852539,8.59109115600586,7.787210941314697,7.787210941314697,17270
2012-08-20,8.11858081817627,8.28426742553711,8.11858081817627,8.198355674743652,3031
2012-08-21,7.701300144195557,8.063352584838867,7.701300144195557,8.032670021057129,14038
2012-08-22,7.756527900695801,7.756527900695801,7.621524810791016,7.621524810791016,4171
2012-08-23,8.087899208068848,8.781323432922363,7.756527900695801,7.756527900695801,27884
2012-08-24,8.173810005187988,8.339494705200195,8.032670021057129,8.032670021057129,5233
2012-08-27,7.866984844207764,8.173810005187988,7.756527900695801,8.063352584838867,8719
2012-08-28,8.22903823852539,8.560408592224121,7.621524810791016,7.621524810791016,18251
2012-08-29,7.204244136810303,7.89766788482666,7.204244136810303,7.756527900695801,55901
2012-08-30,7.756527900695801,7.787210941314697,7.314701080322266,7.314701080322266,10651
2012-08-31,8.032670021057129,8.087899208068848,7.756527900695801,7.756527900695801,7377
2012-09-03,8.14312744140625,8.14312744140625,8.008124351501465,8.032670021057129,6062
2012-09-04,7.89766788482666,8.032670021057129,7.756527900695801,8.032670021057129,4643
2012-09-05,7.922214031219482,7.922214031219482,7.676753997802734,7.756527900695801,293
2012-09-06,7.922214031219482,7.922214031219482,7.676753997802734,7.676753997802734,2168
2012-09-07,7.9528961181640625,8.339494705200195,7.621524810791016,8.339494705200195,9457
2012-09-10,7.8424391746521,8.14312744140625,7.701300144195557,7.701300144195557,2005
2012-09-11,7.676753997802734,7.9528961181640625,7.511067867279053,7.8424391746521,13894
2012-09-12,8.198355674743652,8.867234230041504,7.676753997802734,7.676753997802734,40005
2012-09-13,8.198355674743652,8.449952125549316,8.198355674743652,8.314949035644531,10274
2012-09-14,8.28426742553711,8.59109115600586,8.198355674743652,8.198355674743652,11577
2012-09-17,8.087899208068848,8.314949035644531,8.087899208068848,8.314949035644531,4095
2012-09-18,8.22903823852539,8.394723892211914,8.032670021057129,8.032670021057129,15653
2012-09-19,8.173810005187988,8.425406455993652,8.087899208068848,8.314949035644531,5253
2012-09-20,7.480385780334473,8.173810005187988,6.928101062774658,8.173810005187988,46688
2012-09-21,7.284018039703369,7.646070957183838,7.063104152679443,7.646070957183838,39977
2012-09-24,7.038558006286621,7.284018039703369,7.038558006286621,7.204244136810303,24482
2012-09-25,7.063104152679443,7.345383167266846,6.928101062774658,6.983329772949219,13840
2012-09-26,6.9526472091674805,7.204244136810303,6.65195894241333,6.928101062774658,16853
2012-09-27,7.149014949798584,7.284018039703369,7.007875919342041,7.007875919342041,4861
2012-09-28,7.149014949798584,7.204244136810303,7.149014949798584,7.149014949798584,184
2012-10-01,6.983329772949219,7.345383167266846,6.983329772949219,7.345383167266846,8079
2012-10-02,7.345383167266846,7.345383167266846,7.09378719329834,7.09378719329834,12613
2012-10-03,7.118332862854004,7.480385780334473,6.9526472091674805,7.480385780334473,3470
2012-10-04,7.284018039703369,7.345383167266846,7.063104152679443,7.204244136810303,3717
2012-10-05,7.173561096191406,7.284018039703369,7.173561096191406,7.284018039703369,6708
2012-10-08,7.259471893310547,7.259471893310547,7.063104152679443,7.063104152679443,3129
2012-10-09,6.928101062774658,7.204244136810303,6.928101062774658,7.204244136810303,7414
2012-10-10,6.928101062774658,7.007875919342041,6.928101062774658,7.007875919342041,9777
2012-10-11,6.9526472091674805,7.204244136810303,6.842191219329834,7.204244136810303,3544
2012-10-12,7.118332862854004,7.118332862854004,6.872872829437256,7.063104152679443,935
2012-10-15,7.345383167266846,7.345383167266846,6.928101062774658,6.928101062774658,7486
2012-10-16,7.314701080322266,7.345383167266846,7.063104152679443,7.345383167266846,4225
2012-10-17,6.9526472091674805,7.204244136810303,6.9526472091674805,7.204244136810303,13037
2012-10-18,7.173561096191406,7.173561096191406,6.817645072937012,6.817645072937012,7197
2012-10-19,6.786962032318115,7.118332862854004,6.5660481452941895,6.928101062774658,9754
2012-10-22,6.872872829437256,6.872872829437256,6.786962032318115,6.842191219329834,1303
2012-10-23,6.65195894241333,7.007875919342041,6.65195894241333,6.872872829437256,3944
2012-10-24,6.65195894241333,7.063104152679443,6.369680881500244,6.65195894241333,16631
2012-10-25,6.038310050964356,6.731733798980713,5.872623920440674,6.731733798980713,33840
2012-10-26,5.90330696105957,6.0935378074646,5.792850017547607,6.0935378074646,22086
2012-10-29,5.486024856567383,5.792850017547607,5.289658069610596,5.596481800079346,32009
2012-10-30,4.958286762237549,5.400114059448242,4.712827205657959,5.400114059448242,61296
2012-10-31,4.847829818725586,5.234428882598877,4.823284149169922,5.06874418258667,26948
2012-11-01,4.682145118713379,5.06874418258667,4.682145118713379,4.823284149169922,22985
2012-11-02,4.823284149169922,4.988968849182129,4.602369785308838,4.712827205657959,34529
2012-11-05,4.958286762237549,4.988968849182129,4.933741092681885,4.933741092681885,8563
2012-11-06,4.933741092681885,5.099425792694092,4.823284149169922,5.099425792694092,17882
2012-11-07,4.571688175201416,4.988968849182129,4.571688175201416,4.847829818725586,22469
2012-11-08,4.571688175201416,5.958535194396973,4.571688175201416,5.455342769622803,72067
2012-11-09,4.430548191070557,4.847829818725586,4.099177837371826,4.847829818725586,80591
2012-11-12,4.099177837371826,4.350773811340332,4.099177837371826,4.295545101165772,19547
2012-11-13,4.043949127197266,4.209634780883789,4.043949127197266,4.099177837371826,4896
2012-11-14,3.8230350017547607,4.099177837371826,3.7678070068359375,3.878263950347901,13243
2012-11-15,3.4364359378814697,3.7984890937805176,3.4057540893554688,3.7984890937805176,44169
2012-11-16,3.516211032867432,3.602122068405152,3.4364359378814697,3.460982084274292,30410
2012-11-19,3.2952969074249268,3.516211032867432,3.184839963912964,3.4364359378814697,35628
2012-11-20,3.2952969074249268,3.35052490234375,3.270750999450684,3.2952969074249268,11944
2012-11-21,3.3812079429626465,3.460982084274292,3.2952969074249268,3.35052490234375,27377
2012-11-22,3.4364359378814697,3.4364359378814697,3.2952969074249268,3.4364359378814697,19473
2012-11-23,3.4057540893554688,3.4057540893554688,3.270750999450684,3.4057540893554688,5165
2012-11-26,3.270750999450684,3.4057540893554688,3.270750999450684,3.325978994369507,16676
2012-11-27,3.215522050857544,3.460982084274292,3.184839963912964,3.3812079429626465,32450
2012-11-28,3.184839963912964,3.184839963912964,2.9946091175079346,3.184839963912964,20101
2012-11-29,2.9946091175079346,3.184839963912964,2.908698081970215,3.105066061019897,29077
2012-11-30,3.184839963912964,3.4057540893554688,3.0191550254821777,3.0191550254821777,24003
2012-12-03,3.270750999450684,3.460982084274292,3.184839963912964,3.184839963912964,31389
2012-12-04,3.270750999450684,3.325978994369507,3.270750999450684,3.325978994369507,6844
2012-12-05,3.1296119689941406,3.240067958831787,3.1296119689941406,3.184839963912964,1808
2012-12-06,3.270750999450684,3.270750999450684,3.105066061019897,3.270750999450684,17472
2012-12-07,3.240067958831787,3.240067958831787,3.240067958831787,3.240067958831787,4236
2012-12-10,3.184839963912964,3.35052490234375,3.184839963912964,3.35052490234375,7988
2012-12-11,3.1296119689941406,3.184839963912964,3.105066061019897,3.184839963912964,12351
2012-12-12,3.105066061019897,3.1602940559387207,2.9946091175079346,3.1296119689941406,30752
2012-12-13,3.049837112426758,3.1296119689941406,3.049837112426758,3.105066061019897,11605
2012-12-14,2.9946091175079346,3.074383020401001,2.853468894958496,3.074383020401001,56229
2012-12-17,2.828922986984253,3.105066061019897,2.828922986984253,3.105066061019897,20785
2012-12-18,2.828922986984253,2.8841519355773926,2.522099018096924,2.8841519355773926,36341
2012-12-19,2.798240900039673,2.828922986984253,2.522099018096924,2.7736949920654297,41550
2012-12-20,2.577327013015747,2.712330102920532,2.491415977478028,2.6325559616088867,63256
2012-12-21,2.6325559616088867,2.657102108001709,2.577327013015747,2.657102108001709,15000
2012-12-27,2.491415977478028,2.577327013015747,2.411642074584961,2.491415977478028,47170
2012-12-28,2.68778395652771,2.68778395652771,2.466870069503784,2.491415977478028,37448
2013-01-02,3.105066061019897,3.105066061019897,2.68778395652771,2.68778395652771,54566
2013-01-03,3.074383020401001,3.215522050857544,3.074383020401001,3.184839963912964,19135
2013-01-04,3.049837112426758,3.074383020401001,2.9946091175079346,2.9946091175079346,6257
2013-01-07,3.105066061019897,3.105066061019897,3.049837112426758,3.105066061019897,3748
2013-01-08,3.215522050857544,3.215522050857544,3.105066061019897,3.215522050857544,11921
2013-01-09,3.215522050857544,3.215522050857544,3.184839963912964,3.184839963912964,3560
2013-01-10,3.240067958831787,3.240067958831787,3.049837112426758,3.049837112426758,15139
2013-01-11,3.215522050857544,3.2952969074249268,3.184839963912964,3.184839963912964,1086
2013-01-14,3.240067958831787,3.325978994369507,3.240067958831787,3.270750999450684,8027
2013-01-15,3.2952969074249268,3.2952969074249268,3.184839963912964,3.184839963912964,3780
2013-01-16,3.184839963912964,3.2952969074249268,3.1602940559387207,3.2952969074249268,6665
2013-01-17,3.1602940559387207,3.240067958831787,3.105066061019897,3.184839963912964,15447
2013-01-18,3.0191550254821777,3.105066061019897,2.9946091175079346,3.049837112426758,18587
2013-01-21,3.074383020401001,3.1296119689941406,3.049837112426758,3.049837112426758,6527
2013-01-22,2.963926076889038,2.9946091175079346,2.8841519355773926,2.908698081970215,9716
2013-01-23,2.963926076889038,2.963926076889038,2.8841519355773926,2.8841519355773926,6743
2013-01-24,3.074383020401001,3.1296119689941406,3.074383020401001,3.105066061019897,8414
2013-01-25,3.184839963912964,3.184839963912964,3.074383020401001,3.074383020401001,19923
2013-01-28,3.105066061019897,3.1296119689941406,3.105066061019897,3.105066061019897,6227
2013-01-29,3.1602940559387207,3.1602940559387207,3.049837112426758,3.049837112426758,2364
2013-01-30,3.074383020401001,3.1602940559387207,2.963926076889038,3.049837112426758,21339
2013-01-31,3.074383020401001,3.105066061019897,3.074383020401001,3.105066061019897,4986
2013-02-01,3.1602940559387207,3.1602940559387207,3.074383020401001,3.074383020401001,4562
2013-02-04,3.1602940559387207,3.1602940559387207,3.1602940559387207,3.1602940559387207,325
2013-02-05,3.049837112426758,3.074383020401001,3.049837112426758,3.074383020401001,6035
2013-02-06,3.105066061019897,3.1602940559387207,3.049837112426758,3.049837112426758,6681
2013-02-07,3.1602940559387207,3.1602940559387207,3.105066061019897,3.105066061019897,446
2013-02-08,2.9946091175079346,3.074383020401001,2.963926076889038,3.0191550254821777,8832
2013-02-11,2.9946091175079346,3.049837112426758,2.963926076889038,2.9946091175079346,4133
2013-02-12,3.1602940559387207,3.1602940559387207,2.963926076889038,2.963926076889038,4399
2013-02-13,3.1602940559387207,3.1602940559387207,3.1602940559387207,3.1602940559387207,2444
2013-02-14,2.908698081970215,3.105066061019897,2.908698081970215,3.074383020401001,9720
2013-02-15,2.712330102920532,2.8841519355773926,2.546644926071167,2.8841519355773926,22593
2013-02-18,2.798240900039673,2.798240900039673,2.6325559616088867,2.743011951446533,11376
2013-02-19,2.7736949920654297,2.798240900039673,2.743011951446533,2.798240900039673,3967
2013-02-20,2.743011951446533,2.853468894958496,2.743011951446533,2.7736949920654297,11651
2013-02-21,2.68778395652771,2.908698081970215,2.68778395652771,2.908698081970215,8077
2013-02-22,2.7736949920654297,2.7736949920654297,2.7736949920654297,2.7736949920654297,162
2013-02-25,3.105066061019897,3.4916648864746094,2.963926076889038,3.240067958831787,94980
2013-02-26,3.0191550254821777,3.270750999450684,2.828922986984253,2.963926076889038,47081
2013-02-27,3.049837112426758,3.105066061019897,2.908698081970215,2.908698081970215,29954
2013-02-28,3.049837112426758,3.074383020401001,2.7736949920654297,3.074383020401001,22910
2013-03-01,2.963926076889038,3.074383020401001,2.963926076889038,3.074383020401001,4355
2013-03-04,2.743011951446533,2.8841519355773926,2.68778395652771,2.68778395652771,23207
2013-03-05,2.853468894958496,2.853468894958496,2.7736949920654297,2.7736949920654297,7156
2013-03-06,2.9946091175079346,2.9946091175079346,2.853468894958496,2.853468894958496,13246
2013-03-07,3.0191550254821777,3.049837112426758,2.7736949920654297,3.0191550254821777,15434
2013-03-08,2.6018729209899902,2.7736949920654297,2.491415977478028,2.6018729209899902,116312
2013-03-11,2.466870069503784,2.6018729209899902,2.356412887573242,2.6018729209899902,63083
2013-03-12,2.356412887573242,2.522099018096924,2.356412887573242,2.466870069503784,25177
2013-03-13,2.2152740955352783,2.3809590339660645,2.2152740955352783,2.3809590339660645,61898
2013-03-14,2.325731039047241,2.325731039047241,2.16004490852356,2.2705020904541016,3031
2013-03-15,2.2152740955352783,2.2705020904541016,2.2152740955352783,2.24595594406128,12032
2013-03-18,2.356412887573242,2.436187982559204,2.301184892654419,2.301184892654419,10352
2013-03-19,2.2705020904541016,2.411642074584961,2.2705020904541016,2.356412887573242,15562
2013-03-20,2.2705020904541016,2.325731039047241,2.2705020904541016,2.301184892654419,4373
2013-03-21,2.301184892654419,2.356412887573242,2.2705020904541016,2.356412887573242,4329
2013-03-22,2.24595594406128,2.356412887573242,2.24595594406128,2.24595594406128,1168
2013-03-25,2.325731039047241,2.325731039047241,2.325731039047241,2.325731039047241,937
2013-03-26,2.411642074584961,2.411642074584961,2.325731039047241,2.325731039047241,8788
2013-03-27,2.411642074584961,2.411642074584961,2.411642074584961,2.411642074584961,2357
2013-04-02,2.2705020904541016,2.546644926071167,2.2705020904541016,2.466870069503784,13455
2013-04-03,2.2705020904541016,2.301184892654419,2.16004490852356,2.301184892654419,19416
2013-04-04,2.2705020904541016,2.2705020904541016,2.16004490852356,2.190727949142456,9777
2013-04-05,2.1048169136047363,2.16004490852356,2.080271005630493,2.16004490852356,13419
2013-04-08,1.687535047531128,2.080271005630493,1.632307052612305,2.080271005630493,314638
2013-04-09,1.7182179689407349,1.773445963859558,1.687535047531128,1.7427639961242676,53874
2013-04-10,1.7182179689407349,1.773445963859558,1.6629890203475952,1.773445963859558,41618
2013-04-11,1.773445963859558,1.8839030265808103,1.7182179689407349,1.7182179689407349,822655
2013-04-12,1.7182179689407349,1.773445963859558,1.687535047531128,1.7182179689407349,34818
2013-04-15,1.687535047531128,1.7427639961242676,1.687535047531128,1.7182179689407349,16980
2013-04-16,1.7182179689407349,1.7427639961242676,1.687535047531128,1.687535047531128,131777
2013-04-17,1.7427639961242676,1.7427639961242676,1.6629890203475952,1.6629890203475952,29608
2013-04-18,1.7182179689407349,1.7427639961242676,1.6629890203475952,1.7427639961242676,26612
2013-04-19,1.7427639961242676,1.7427639961242676,1.6629890203475952,1.7182179689407349,5214
2013-04-22,1.7427639961242676,1.7427639961242676,1.687535047531128,1.687535047531128,12824
2013-04-23,1.687535047531128,1.7182179689407349,1.466621994972229,1.6629890203475952,201988
2013-04-24,1.6629890203475952,1.7182179689407349,1.6629890203475952,1.687535047531128,10269
2013-04-25,1.632307052612305,1.6629890203475952,1.632307052612305,1.6629890203475952,7157
2013-04-26,1.687535047531128,1.687535047531128,1.5525330305099487,1.6629890203475952,23344
2013-04-29,1.687535047531128,1.687535047531128,1.632307052612305,1.632307052612305,4932
2013-04-30,1.687535047531128,1.687535047531128,1.607761025428772,1.632307052612305,1759
2013-05-02,1.7427639961242676,1.773445963859558,1.607761025428772,1.6629890203475952,34201
2013-05-03,1.687535047531128,1.773445963859558,1.687535047531128,1.773445963859558,30527
2013-05-06,1.7427639961242676,1.8593569993972776,1.632307052612305,1.7427639961242676,99331
2013-05-07,1.7427639961242676,1.7427639961242676,1.687535047531128,1.7182179689407349,7259
2013-05-08,1.6629890203475952,1.687535047531128,1.632307052612305,1.687535047531128,41555
2013-05-10,1.7427639961242676,1.7427639961242676,1.687535047531128,1.7182179689407349,58776
2013-05-13,1.7427639961242676,1.7427639961242676,1.687535047531128,1.687535047531128,3960
2013-05-14,1.7427639961242676,1.7427639961242676,1.6629890203475952,1.687535047531128,6410
2013-05-15,1.5525330305099487,1.6629890203475952,1.4113930463790894,1.5525330305099487,331865
2013-05-16,1.5525330305099487,1.7182179689407349,1.5218499898910522,1.632307052612305,26166
2013-05-21,1.607761025428772,1.632307052612305,1.4973039627075195,1.5218499898910522,37950
2013-05-22,1.5525330305099487,1.632307052612305,1.5525330305099487,1.632307052612305,9521
2013-05-23,1.6629890203475952,1.773445963859558,1.607761025428772,1.607761025428772,204497
2013-05-24,1.7182179689407349,1.773445963859558,1.6629890203475952,1.6629890203475952,53442
2013-05-27,1.8593569993972776,1.8839030265808103,1.6629890203475952,1.6629890203475952,266670
2013-05-28,2.049588918685913,2.411642074584961,1.9698139429092407,2.080271005630493,486240
2013-05-29,1.9698139429092407,2.190727949142456,1.9391319751739504,2.1354990005493164,93155
2013-05-30,2.1354990005493164,2.301184892654419,2.049588918685913,2.049588918685913,259281
2013-05-31,2.301184892654419,2.356412887573242,2.1354990005493164,2.2152740955352783,418683
2013-06-03,2.190727949142456,2.301184892654419,2.1048169136047363,2.24595594406128,217488
2013-06-04,2.301184892654419,2.436187982559204,2.2152740955352783,2.2705020904541016,147083
2013-06-05,2.24595594406128,2.546644926071167,2.24595594406128,2.411642074584961,233039
2013-06-06,2.190727949142456,2.411642074584961,2.1354990005493164,2.356412887573242,150461
2013-06-07,2.190727949142456,2.2152740955352783,2.049588918685913,2.1048169136047363,115610
2013-06-10,2.16004490852356,2.2152740955352783,2.049588918685913,2.2152740955352783,115789
2013-06-11,2.080271005630493,2.1048169136047363,1.9391319751739504,2.1048169136047363,37682
2013-06-12,2.24595594406128,2.2705020904541016,2.1048169136047363,2.16004490852356,59543
2013-06-13,2.2152740955352783,2.2705020904541016,2.080271005630493,2.1354990005493164,162075
2013-06-14,2.2152740955352783,2.2152740955352783,2.190727949142456,2.2152740955352783,9353
2013-06-17,2.190727949142456,2.2152740955352783,2.080271005630493,2.2152740955352783,31951
2013-06-18,2.16004490852356,2.2152740955352783,2.080271005630493,2.1354990005493164,46011
2013-06-19,2.1354990005493164,2.16004490852356,1.9698139429092407,2.1354990005493164,146521
2013-06-20,2.080271005630493,2.1354990005493164,2.049588918685913,2.1354990005493164,38203
2013-06-21,2.049588918685913,2.080271005630493,1.9698139429092407,2.080271005630493,30843
2013-06-24,1.9145859479904173,2.1354990005493164,1.9145859479904173,2.1354990005493164,58437
2013-06-25,1.9943599700927728,2.049588918685913,1.9391319751739504,1.9698139429092407,13560
2013-06-26,1.9943599700927728,2.080271005630493,1.9943599700927728,2.049588918685913,12226
2013-06-27,2.02504301071167,2.02504301071167,1.9391319751739504,2.02504301071167,63148
2013-06-28,1.9943599700927728,2.049588918685913,1.9698139429092407,2.049588918685913,46497
2013-07-01,2.02504301071167,2.080271005630493,1.9698139429092407,1.9698139429092407,15242
2013-07-02,2.049588918685913,2.1048169136047363,1.9943599700927728,2.1048169136047363,20832
2013-07-03,2.16004490852356,2.24595594406128,2.049588918685913,2.049588918685913,80681
2013-07-04,2.16004490852356,2.2152740955352783,2.16004490852356,2.2152740955352783,20906
2013-07-05,2.1354990005493164,2.2152740955352783,2.1354990005493164,2.190727949142456,14519
2013-07-08,2.1048169136047363,2.190727949142456,2.1048169136047363,2.1354990005493164,1833
2013-07-09,2.1048169136047363,2.16004490852356,2.080271005630493,2.16004490852356,27441
2013-07-10,2.080271005630493,2.1354990005493164,2.080271005630493,2.1048169136047363,3433
2013-07-11,2.16004490852356,2.16004490852356,2.080271005630493,2.080271005630493,3980
2013-07-12,2.1048169136047363,2.190727949142456,2.080271005630493,2.16004490852356,14161
2013-07-15,2.080271005630493,2.1354990005493164,2.080271005630493,2.1354990005493164,10913
2013-07-16,2.080271005630493,2.16004490852356,2.049588918685913,2.080271005630493,94818
2013-07-17,2.2705020904541016,2.2705020904541016,2.080271005630493,2.080271005630493,94790
2013-07-18,2.190727949142456,2.325731039047241,1.9943599700927728,2.2705020904541016,203422
2013-07-19,2.2152740955352783,2.2152740955352783,2.1048169136047363,2.1048169136047363,15424
2013-07-22,2.16004490852356,2.190727949142456,2.049588918685913,2.1048169136047363,91018
2013-07-23,2.02504301071167,2.1048169136047363,1.9943599700927728,2.1048169136047363,80227
2013-07-24,2.049588918685913,2.1048169136047363,2.02504301071167,2.049588918685913,22350
2013-07-25,1.9943599700927728,2.049588918685913,1.9145859479904173,2.02504301071167,72547
2013-07-26,1.9943599700927728,1.9943599700927728,1.9391319751739504,1.9943599700927728,47323
2013-07-29,1.190479040145874,1.7427639961242676,0.9143369793891908,1.7427639961242676,1554229
2013-07-30,1.2763899564743042,1.4113930463790894,1.190479040145874,1.2457079887390137,343076
2013-07-31,1.221161961555481,1.2763899564743042,1.1659330129623413,1.2763899564743042,280394
2013-08-01,1.2457079887390137,1.2457079887390137,1.1659330129623413,1.2457079887390137,75438
2013-08-02,1.2457079887390137,1.2763899564743042,1.190479040145874,1.2457079887390137,63788
2013-08-05,1.356165051460266,1.3868470191955566,1.221161961555481,1.2457079887390137,225307
2013-08-06,1.632307052612305,1.7979919910430908,1.3868470191955566,1.4420759677886963,522912
2013-08-07,1.5218499898910522,1.6629890203475952,1.5218499898910522,1.632307052612305,235385
2013-08-08,1.466621994972229,1.5770790576934814,1.300935983657837,1.5525330305099487,441321
2013-08-09,1.4113930463790894,1.466621994972229,1.3316190242767334,1.466621994972229,124765
2013-08-12,1.3868470191955566,1.4113930463790894,1.3316190242767334,1.356165051460266,60946
2013-08-13,1.356165051460266,1.4113930463790894,1.3316190242767334,1.4113930463790894,151926
2013-08-14,1.3868470191955566,1.3868470191955566,1.3316190242767334,1.3868470191955566,139016
2013-08-15,1.2763899564743042,1.3316190242767334,1.110705018043518,1.3316190242767334,376581
2013-08-16,1.1886379718780518,1.3297779560089111,0.9143369793891908,0.922927975654602,313196
2013-08-19,1.1499789953231812,1.1775929927825928,1.1223640441894531,1.1775929927825928,87670
2013-08-20,1.102728009223938,1.1555010080337524,1.102728009223938,1.1358649730682373,128765
2013-08-21,1.102728009223938,1.1223640441894531,1.102728009223938,1.102728009223938,48941
2013-08-22,1.0806360244750977,1.1082500219345093,1.04443097114563,1.1082500219345093,106604
2013-08-23,1.0585449934005735,1.0941359996795654,1.0254080295562744,1.0665220022201538,110266
2013-08-26,1.0389080047607422,1.0585449934005735,1.0389080047607422,1.0474989414215088,17731
2013-08-27,0.9781569838523864,1.0223389863967896,0.9750880002975464,1.0198849439620972,180026
2013-08-28,0.9750880002975464,0.991657018661499,0.9726340174674988,0.9726340174674988,14439
2013-08-29,0.9861339926719666,0.9892020225524902,0.9781569838523864,0.9781569838523864,26839
2013-08-30,0.9726340174674988,0.9861339926719666,0.9726340174674988,0.9861339926719666,82993
2013-09-02,0.933974027633667,0.9695659875869752,0.9309059977531432,0.9695659875869752,40818
2013-09-03,0.87260901927948,0.9474740028381348,0.8560400009155273,0.9143369793891908,257634
2013-09-04,0.87260901927948,0.8836550116539001,0.8591089844703674,0.8591089844703674,27435
2013-09-05,0.8922460079193115,0.8922460079193115,0.87260901927948,0.87260901927948,24588
2013-09-06,0.6038309931755066,0.886722981929779,0.5516700148582458,0.8314939737319946,1204523
2013-09-09,0.5958529710769653,0.6093530058860779,0.526511013507843,0.6093530058860779,873787
2013-09-10,0.7093780040740967,0.8032670021057129,0.6093530058860779,0.6093530058860779,338419
2013-09-11,0.6928099989891052,0.7701299786567688,0.6455590128898621,0.7701299786567688,341537
2013-09-12,0.6897410154342651,0.7369920015335083,0.6897410154342651,0.6928099989891052,122806
2013-09-13,0.6596729755401611,0.6707180142402649,0.6596729755401611,0.6707180142402649,34710
2013-09-16,0.6621270179748535,0.6651949882507324,0.6431040167808533,0.6651949882507324,465246
2013-09-17,0.8284260034561157,0.8284260034561157,0.6621270179748535,0.6786959767341614,422827
2013-09-18,0.7811750173568726,0.8284260034561157,0.7811750173568726,0.8284260034561157,107356
2013-09-19,0.76767498254776,0.8032670021057129,0.76767498254776,0.7811750173568726,96683
2013-09-20,0.9143369793891908,0.9671109914779664,0.7455840110778809,0.7621520161628723,360674
2013-09-23,0.9309059977531432,0.9529970288276672,0.8836550116539001,0.9364290237426758,97971
2013-09-24,1.0364530086517334,1.1358649730682373,0.956064999103546,0.956064999103546,402474
2013-09-25,1.0112940073013306,1.0665220022201538,1.0027029514312744,1.0665220022201538,51602
2013-09-26,1.163478970527649,1.163478970527649,1.0254080295562744,1.0254080295562744,226231
2013-09-27,1.1499789953231812,1.1917070150375366,1.1499789953231812,1.1499789953231812,67429
2013-09-30,1.0806360244750977,1.0941359996795654,1.0027029514312744,1.0027029514312744,191405
2013-10-01,1.1555010080337524,1.163478970527649,1.1082500219345093,1.1082500219345093,68203
2013-10-02,1.1469099521636963,1.1917070150375366,1.1358649730682373,1.1499789953231812,110776
2013-10-03,1.102728009223938,1.1358649730682373,1.102728009223938,1.1358649730682373,58746
2013-10-04,1.0806360244750977,1.091681957244873,1.0806360244750977,1.091681957244873,32591
2013-10-07,1.0389080047607422,1.0640679597854614,1.030930995941162,1.0640679597854614,79687
2013-10-08,0.9971799850463868,1.0254080295562744,0.9971799850463868,1.0254080295562744,97034
2013-10-09,0.8314939737319946,0.9750880002975464,0.7756519913673401,0.9750880002975464,255228
2013-10-10,0.8756769895553589,1.0168169736862185,0.8756769895553589,0.886722981929779,364406
2013-10-11,0.9253829717636108,0.933974027633667,0.8812000155448914,0.8922460079193115,131692
2013-10-14,0.9695659875869752,0.9806110262870787,0.956064999103546,0.9806110262870787,108133
2013-10-15,0.9695659875869752,0.9892020225524902,0.9695659875869752,0.9726340174674988,26515
2013-10-16,0.9781569838523864,0.9781569838523864,0.9726340174674988,0.9750880002975464,57857
2013-10-17,0.9640430212020874,0.9695659875869752,0.9364290237426758,0.9695659875869752,27328
2013-10-18,0.9806110262870787,0.9806110262870787,0.956064999103546,0.956064999103546,23423
2013-10-21,1.1358649730682373,1.1358649730682373,0.9971799850463868,0.9971799850463868,356506
2013-10-22,1.0665220022201538,1.1082500219345093,1.053022027015686,1.1082500219345093,100236
2013-10-23,1.0665220022201538,1.0972050428390503,1.0665220022201538,1.0972050428390503,28746
2013-10-24,1.1334099769592283,1.1499789953231812,1.0941359996795654,1.0941359996795654,185728
2013-10-25,1.232820987701416,1.232820987701416,1.1358649730682373,1.1499789953231812,253560
2013-10-28,0.886722981929779,1.1223640441894531,0.8314939737319946,1.1223640441894531,791147
2013-10-29,0.87260901927948,0.9057459831237792,0.7204239964485168,0.9057459831237792,377526
2013-10-30,0.8284260034561157,0.8370169997215271,0.8198350071907043,0.8339490294456482,103497
2013-10-31,0.8370169997215271,0.8425400257110596,0.7535610198974609,0.8394719958305359,22737
2013-11-01,0.8591089844703674,0.8591089844703674,0.8591089844703674,0.8591089844703674,542
2013-11-04,0.8781319856643677,0.8781319856643677,0.8087890148162842,0.8087890148162842,9828
2013-11-05,0.87260901927948,0.8812000155448914,0.8173810243606567,0.87260901927948,85118
2013-11-06,0.8314939737319946,0.8370169997215271,0.8198350071907043,0.8314939737319946,32197
2013-11-07,0.8591089844703674,0.8781319856643677,0.8284260034561157,0.8339490294456482,110947
2013-11-08,0.8259720206260681,0.8591089844703674,0.8259720206260681,0.8314939737319946,65457
2013-11-11,0.7977439761161804,0.8284260034561157,0.7345380187034607,0.8284260034561157,144447
2013-11-12,0.8284260034561157,0.8284260034561157,0.7566289901733398,0.7566289901733398,12293
2013-11-13,0.7811750173568726,0.8394719958305359,0.7701299786567688,0.8394719958305359,7564
2013-11-14,0.7811750173568726,0.8425400257110596,0.7811750173568726,0.8314939737319946,47458
2013-11-15,0.7811750173568726,0.7897660136222839,0.7756519913673401,0.7897660136222839,59512
2013-11-18,0.8394719958305359,0.8394719958305359,0.7646070122718811,0.7646070122718811,59943
2013-11-19,0.8032670021057129,0.8284260034561157,0.7897660136222839,0.8284260034561157,24862
2013-11-20,0.7345380187034607,0.8063349723815918,0.7345380187034607,0.7897660136222839,22846
2013-11-21,0.8173810243606567,0.8173810243606567,0.7345380187034607,0.7369920015335083,110041
2013-11-22,0.8008120059967041,0.8032670021057129,0.7621520161628723,0.8032670021057129,134482
2013-11-25,0.8314939737319946,0.8314939737319946,0.7204239964485168,0.8008120059967041,9311
2013-11-26,0.7787209749221802,0.8284260034561157,0.7621520161628723,0.8284260034561157,49107
2013-11-27,0.8314939737319946,0.8314939737319946,0.7566289901733398,0.7566289901733398,86981
2013-11-28,0.8314939737319946,0.8314939737319946,0.7621520161628723,0.7621520161628723,20223
2013-11-29,0.8173810243606567,0.8173810243606567,0.7897660136222839,0.7897660136222839,82289
2013-12-02,0.7952889800071716,0.8032670021057129,0.7952889800071716,0.7977439761161804,35955
2013-12-03,0.8032670021057129,0.8173810243606567,0.8032670021057129,0.8173810243606567,56221
2013-12-04,0.7204239964485168,0.7731980085372925,0.6369680166244507,0.7204239964485168,145341
2013-12-05,0.6621270179748535,0.7204239964485168,0.6455590128898621,0.7204239964485168,5703
2013-12-06,0.6928099989891052,0.706309974193573,0.6621270179748535,0.6872869729995728,55249
2013-12-09,0.6928099989891052,0.6928099989891052,0.6928099989891052,0.6928099989891052,0
2013-12-10,0.6234670281410217,0.6928099989891052,0.6013759970664978,0.6259220242500305,127623
2013-12-11,0.6093530058860779,0.6093530058860779,0.6013759970664978,0.6038309931755066,28073
2013-12-12,0.5817390084266663,0.6038309931755066,0.5682389736175537,0.6038309931755066,49989
2013-12-13,0.5682389736175537,0.5682389736175537,0.5486019849777222,0.5682389736175537,54668
2013-12-16,0.5400109887123108,0.5516700148582458,0.4958280026912689,0.5486019849777222,53054
2013-12-17,0.501350998878479,0.526511013507843,0.4988960027694702,0.526511013507843,57798
2013-12-18,0.526511013507843,0.5541250109672546,0.5123969912528992,0.5123969912528992,26977
2013-12-19,0.8314939737319946,0.8314939737319946,0.5541250109672546,0.5541250109672546,128592
2013-12-20,0.620398998260498,0.6786959767341614,0.6179440021514893,0.6179440021514893,100050
2013-12-23,0.5682389736175537,0.6369680166244507,0.5541250109672546,0.620398998260498,282082
2013-12-27,0.6651949882507324,0.6676499843597412,0.5430790185928345,0.5596479773521423,76049
2013-12-30,0.6093530058860779,0.6510819792747498,0.5706930160522461,0.5706930160522461,76036
2014-01-02,0.6510819792747498,0.6596729755401611,0.6510819792747498,0.6510819792747498,28798
2014-01-03,0.6928099989891052,0.7756519913673401,0.656603991985321,0.6786959767341614,83989
2014-01-06,0.6707180142402649,0.7646070122718811,0.6651949882507324,0.7646070122718811,102115
2014-01-07,0.6541500091552734,0.6928099989891052,0.6541500091552734,0.6651949882507324,26097
2014-01-08,0.6148759722709656,0.6541500091552734,0.6148759722709656,0.6369680166244507,34801
2014-01-09,0.6369680166244507,0.6369680166244507,0.6179440021514893,0.6179440021514893,20190
2014-01-10,0.7149009704589844,0.7149009704589844,0.6234670281410217,0.6289899945259094,134816
2014-01-13,0.8032670021057129,0.8449950218200684,0.6928099989891052,0.7007870078086853,242358
2014-01-14,0.8032670021057129,0.8173810243606567,0.8032670021057129,0.8143119812011719,13108
2014-01-15,0.7756519913673401,0.8198350071907043,0.7756519913673401,0.8032670021057129,44292
2014-01-16,0.7756519913673401,0.8143119812011719,0.7756519913673401,0.8143119812011719,5524
2014-01-17,0.7621520161628723,0.8173810243606567,0.7621520161628723,0.7756519913673401,65384
2014-01-20,0.7425150275230408,0.8314939737319946,0.7093780040740967,0.8314939737319946,86733
2014-01-21,0.7345380187034607,0.7621520161628723,0.7204239964485168,0.7425150275230408,82944
2014-01-22,0.5958529710769653,0.6651949882507324,0.5541250109672546,0.6369680166244507,1173761
2014-01-23,0.6762409806251526,0.6897410154342651,0.6345130205154419,0.6431040167808533,415554
2014-01-24,0.6510819792747498,0.6897410154342651,0.6369680166244507,0.6762409806251526,265687
2014-01-27,0.6651949882507324,0.6651949882507324,0.6314449906349182,0.6510819792747498,78168
2014-01-28,0.6510819792747498,0.6651949882507324,0.6510819792747498,0.6651949882507324,112446
2014-01-29,0.6510819792747498,0.6510819792747498,0.612421989440918,0.612421989440918,89885
2014-01-30,0.6314449906349182,0.6369680166244507,0.6148759722709656,0.6369680166244507,124776
2014-01-31,0.6179440021514893,0.6314449906349182,0.6179440021514893,0.6314449906349182,23977
2014-02-03,0.6651949882507324,0.6928099989891052,0.6651949882507324,0.6762409806251526,377544
2014-02-04,0.6369680166244507,0.6928099989891052,0.6369680166244507,0.6786959767341614,102434
2014-02-05,0.6510819792747498,0.6651949882507324,0.6510819792747498,0.6651949882507324,67955
2014-02-06,0.6510819792747498,0.6596729755401611,0.6510819792747498,0.6596729755401611,55080
2014-02-07,0.6259220242500305,0.6510819792747498,0.612421989440918,0.6510819792747498,40743
2014-02-10,0.6369680166244507,0.6369680166244507,0.6259220242500305,0.6345130205154419,62902
2014-02-11,0.6510819792747498,0.6510819792747498,0.6314449906349182,0.6314449906349182,70481
2014-02-12,0.6369680166244507,0.6510819792747498,0.6234670281410217,0.6510819792747498,52516
2014-02-13,0.6259220242500305,0.6369680166244507,0.6234670281410217,0.6345130205154419,121996
2014-02-14,0.6289899945259094,0.6369680166244507,0.526511013507843,0.6234670281410217,147616
2014-02-17,0.5958529710769653,0.6093530058860779,0.5817390084266663,0.5958529710769653,54128
2014-02-18,0.6234670281410217,0.6651949882507324,0.6093530058860779,0.6314449906349182,87742
2014-02-19,0.6369680166244507,0.6369680166244507,0.6234670281410217,0.6369680166244507,40488
2014-02-20,0.612421989440918,0.6369680166244507,0.6068990230560303,0.6369680166244507,77161
2014-02-21,0.620398998260498,0.6345130205154419,0.612421989440918,0.612421989440918,29119
2014-02-24,0.6510819792747498,0.6541500091552734,0.6093530058860779,0.6369680166244507,62752
2014-02-25,0.6897410154342651,0.6928099989891052,0.6510819792747498,0.6510819792747498,482689
2014-02-26,1.190479040145874,1.849539041519165,0.6474000215530396,0.6474000215530396,7344436
2014-02-27,1.546396017074585,1.6181930303573608,1.1278870105743408,1.1278870105743408,5944055
2014-02-28,1.5242329835891724,1.6264679431915283,1.4498800039291382,1.579998016357422,1021446
2014-03-03,1.3104690313339231,1.579998016357422,1.3104690313339231,1.579998016357422,382320
2014-03-04,1.3941160440444946,1.4591740369796753,1.3011740446090698,1.319762945175171,579623
2014-03-05,1.375527024269104,1.4684679508209229,1.3383510112762451,1.4312920570373535,162865
2014-03-06,1.366232991218567,1.366232991218567,1.3104690313339231,1.3569389581680298,123674
2014-03-07,1.3569389581680298,1.3941160440444946,1.3569389581680298,1.366232991218567,43186
2014-03-10,1.4219980239868164,1.579998016357422,1.3941160440444946,1.3941160440444946,410434
2014-03-11,1.4219980239868164,1.4312920570373535,1.3569389581680298,1.4312920570373535,182491
2014-03-12,1.3569389581680298,1.366232991218567,1.3011740446090698,1.3383510112762451,65492
2014-03-13,1.3569389581680298,1.375527024269104,1.2547039985656738,1.375527024269104,178887
2014-03-14,1.3011740446090698,1.3011740446090698,1.1617629528045654,1.226822018623352,103104
2014-03-17,1.1617629528045654,1.3011740446090698,1.115291953086853,1.3011740446090698,312478
2014-03-18,0.9758809804916382,1.12458598613739,0.8829399943351746,1.115291953086853,801786
2014-03-19,1.1896450519561768,1.366232991218567,1.0223510265350342,1.0223510265350342,1186155
2014-03-20,1.0874099731445312,1.2082329988479614,1.0223510265350342,1.152469038963318,894755
2014-03-21,1.12458598613739,1.1710569858551023,1.1059980392456057,1.152469038963318,266937
2014-03-24,1.0781160593032837,1.12458598613739,1.0316450595855713,1.12458598613739,211394
2014-03-25,1.1710569858551023,1.2547039985656738,1.12458598613739,1.12458598613739,729422
2014-03-26,1.2082329988479614,1.2454099655151367,1.1617629528045654,1.2361160516738892,336822
2014-03-27,1.1803510189056396,1.2082329988479614,1.1803510189056396,1.1803510189056396,38379
2014-03-28,1.1338809728622437,1.1803510189056396,1.115291953086853,1.1617629528045654,72284
2014-03-31,1.152469038963318,1.2082329988479614,1.0688220262527466,1.12458598613739,314539
2014-04-01,1.115291953086853,1.2082329988479614,1.0688220262527466,1.2082329988479614,275781
2014-04-02,1.0688220262527466,1.152469038963318,1.0688220262527466,1.152469038963318,75564
2014-04-03,1.0223510265350342,1.12458598613739,1.0223510265350342,1.12458598613739,322658
2014-04-04,0.9572929739952089,1.0316450595855713,0.8922340273857117,1.0316450595855713,1756068
2014-04-07,0.9851750135421752,1.013056993484497,0.9387040138244628,0.9665870070457458,793130
2014-04-08,0.9665870070457458,0.9944689869880676,0.9294099807739258,0.9758809804916382,190220
2014-04-09,0.9572929739952089,0.9665870070457458,0.9201160073280334,0.9294099807739258,167888
2014-04-10,1.1896450519561768,1.4312920570373535,0.8922340273857117,0.9479979872703552,1714277
2014-04-11,0.7063519954681396,1.2361160516738892,0.7063519954681396,1.12458598613739,15309075
2014-04-14,0.7342339754104614,0.7528219819068909,0.6691750288009644,0.7249400019645691,4753073
2014-04-15,0.762116014957428,0.8178809881210327,0.7156460285186768,0.7342339754104614,5291979
2014-04-16,0.7528219819068909,0.7714099884033203,0.7342339754104614,0.7714099884033203,406139
2014-04-22,0.7342339754104614,0.7714099884033203,0.7249400019645691,0.7714099884033203,1357354
2014-04-23,0.7156460285186768,0.7435280084609985,0.687762975692749,0.7342339754104614,1489247
2014-04-24,0.7249400019645691,0.7435280084609985,0.7156460285186768,0.7249400019645691,1466594
2014-04-25,0.7156460285186768,0.7342339754104614,0.7063519954681396,0.7249400019645691,2017909
2014-04-28,0.7063519954681396,0.7249400019645691,0.6970580220222473,0.7249400019645691,818285
2014-04-29,0.6970580220222473,0.7063519954681396,0.6691750288009644,0.6970580220222473,990126
2014-04-30,0.6970580220222473,0.7156460285186768,0.6784690022468567,0.7063519954681396,832221
2014-05-02,0.6970580220222473,0.7063519954681396,0.6784690022468567,0.6784690022468567,534778
2014-05-05,0.6691750288009644,0.7063519954681396,0.6412929892539978,0.6970580220222473,1327235
2014-05-06,0.687762975692749,0.7156460285186768,0.6598809957504272,0.6691750288009644,1445991
2014-05-07,0.6784690022468567,0.687762975692749,0.6691750288009644,0.687762975692749,1064549
2014-05-08,0.6784690022468567,0.6784690022468567,0.6691750288009644,0.6691750288009644,388512
2014-05-09,0.7249400019645691,0.7807040214538574,0.6784690022468567,0.6970580220222473,3592455
2014-05-12,0.7435280084609985,0.7714099884033203,0.7156460285186768,0.7249400019645691,1350372
2014-05-13,0.7528219819068909,0.762116014957428,0.7249400019645691,0.7435280084609985,681823
2014-05-14,0.7714099884033203,0.7807040214538574,0.7342339754104614,0.7435280084609985,1190641
2014-05-15,0.8271750211715698,0.8364689946174622,0.7156460285186768,0.7528219819068909,2137856
2014-05-16,0.8736460208892822,0.9572929739952089,0.8364689946174622,0.8736460208892822,5094373
2014-05-19,0.8736460208892822,0.901528000831604,0.8364689946174622,0.8736460208892822,883772
2014-05-20,0.8364689946174622,0.8550570011138916,0.8085870146751404,0.8457630276679993,1130513
2014-05-21,0.8364689946174622,0.8550570011138916,0.8178809881210327,0.8364689946174622,886492
2014-05-22,0.8085870146751404,0.8550570011138916,0.7992929816246033,0.8457630276679993,1861187
2014-05-23,0.8085870146751404,0.8271750211715698,0.7899990081787109,0.8178809881210327,1014929
2014-05-26,0.7899990081787109,0.8178809881210327,0.7899990081787109,0.7992929816246033,449838
2014-05-27,0.8364689946174622,0.8457630276679993,0.7899990081787109,0.7899990081787109,1472920
2014-05-28,0.8271750211715698,0.8550570011138916,0.8085870146751404,0.8364689946174622,772575
2014-05-30,0.7992929816246033,0.8364689946174622,0.7992929816246033,0.8364689946174622,525054
2014-06-02,0.7899990081787109,0.8178809881210327,0.7899990081787109,0.8085870146751404,460699
2014-06-03,0.8085870146751404,0.8364689946174622,0.8085870146751404,0.8085870146751404,691758
2014-06-04,0.8085870146751404,0.8085870146751404,0.7714099884033203,0.7992929816246033,1403461
2014-06-05,0.8085870146751404,0.8178809881210327,0.7807040214538574,0.8178809881210327,512417
2014-06-06,0.8085870146751404,0.8085870146751404,0.7899990081787109,0.8085870146751404,304049
2014-06-10,0.7992929816246033,0.7992929816246033,0.7807040214538574,0.7899990081787109,278096
2014-06-11,0.8364689946174622,0.9294099807739258,0.8271750211715698,0.8457630276679993,9172958
2014-06-12,0.8457630276679993,0.8736460208892822,0.8364689946174622,0.8550570011138916,2215248
2014-06-13,0.8271750211715698,0.8643509745597839,0.8271750211715698,0.8550570011138916,1691976
2014-06-16,0.8550570011138916,0.8643509745597839,0.8364689946174622,0.8457630276679993,1858067
2014-06-17,0.8736460208892822,0.9108219742774964,0.8364689946174622,0.8550570011138916,3215340
2014-06-18,0.9758809804916382,1.00376296043396,0.9294099807739258,0.9665870070457458,11924600
2014-06-19,0.9572929739952089,1.0595279932022097,0.9572929739952089,0.9944689869880676,7374711
2014-06-20,0.9294099807739258,1.0223510265350342,0.901528000831604,0.9851750135421752,2717337
2014-06-23,0.9294099807739258,0.9665870070457458,0.901528000831604,0.9294099807739258,1500485
2014-06-24,0.9294099807739258,0.9294099807739258,0.9108219742774964,0.9294099807739258,234487
2014-06-25,0.9108219742774964,0.9201160073280334,0.8922340273857117,0.9108219742774964,1226164
2014-06-26,0.9108219742774964,0.9108219742774964,0.8922340273857117,0.9108219742774964,33515
2014-06-27,0.901528000831604,0.9201160073280334,0.8829399943351746,0.901528000831604,629483
2014-06-30,0.9108219742774964,0.9201160073280334,0.8829399943351746,0.8922340273857117,621153
2014-07-01,0.9201160073280334,0.9201160073280334,0.8922340273857117,0.8922340273857117,653433
2014-07-02,0.9108219742774964,0.9201160073280334,0.8922340273857117,0.9201160073280334,277594
2014-07-03,0.901528000831604,0.9108219742774964,0.8922340273857117,0.901528000831604,239792
2014-07-04,0.9201160073280334,0.9201160073280334,0.8922340273857117,0.8922340273857117,832818
2014-07-07,0.9108219742774964,0.9201160073280334,0.901528000831604,0.9108219742774964,542883
2014-07-08,0.9108219742774964,0.9201160073280334,0.901528000831604,0.9108219742774964,172905
2014-07-09,0.9201160073280334,0.9201160073280334,0.8922340273857117,0.901528000831604,292335
2014-07-10,0.9201160073280334,0.9201160073280334,0.901528000831604,0.9108219742774964,117873
2014-07-11,0.8922340273857117,0.9201160073280334,0.8922340273857117,0.901528000831604,601037
2014-07-14,0.9201160073280334,0.9201160073280334,0.8829399943351746,0.8829399943351746,630035
2014-07-15,0.9201160073280334,0.9201160073280334,0.8829399943351746,0.9201160073280334,353228
2014-07-16,0.9201160073280334,0.9201160073280334,0.8922340273857117,0.901528000831604,61264
2014-07-17,0.901528000831604,0.9108219742774964,0.8736460208892822,0.8922340273857117,427464
2014-07-18,0.9108219742774964,0.9108219742774964,0.8736460208892822,0.8829399943351746,314480
2014-07-21,0.8829399943351746,0.901528000831604,0.8829399943351746,0.901528000831604,165933
2014-07-22,0.8736460208892822,0.8829399943351746,0.8457630276679993,0.8829399943351746,355278
2014-07-23,0.8736460208892822,0.8829399943351746,0.8736460208892822,0.8829399943351746,97588
2014-07-24,0.8550570011138916,0.8829399943351746,0.8550570011138916,0.8736460208892822,339718
2014-07-25,0.8736460208892822,0.8736460208892822,0.8457630276679993,0.8550570011138916,186364
2014-07-28,0.8550570011138916,0.8736460208892822,0.8550570011138916,0.8643509745597839,77423
2014-07-29,0.8550570011138916,0.8736460208892822,0.8457630276679993,0.8457630276679993,85591
2014-07-30,0.8550570011138916,0.8736460208892822,0.7899990081787109,0.8736460208892822,154211
2014-07-31,0.8457630276679993,0.8643509745597839,0.8457630276679993,0.8550570011138916,150202
2014-08-01,0.8364689946174622,0.8550570011138916,0.8085870146751404,0.8457630276679993,799560
2014-08-04,0.8364689946174622,0.8457630276679993,0.7992929816246033,0.8364689946174622,112858
2014-08-05,0.8271750211715698,0.8736460208892822,0.8271750211715698,0.8364689946174622,47341
2014-08-06,0.8550570011138916,0.8643509745597839,0.7899990081787109,0.8178809881210327,136085
2014-08-07,0.8643509745597839,0.8643509745597839,0.8178809881210327,0.8178809881210327,113727
2014-08-08,0.8550570011138916,0.8643509745597839,0.8271750211715698,0.8643509745597839,215997
2014-08-11,0.8736460208892822,0.8829399943351746,0.8457630276679993,0.8736460208892822,459976
2014-08-12,0.8643509745597839,0.8643509745597839,0.8364689946174622,0.8457630276679993,371023
2014-08-13,0.8550570011138916,0.8550570011138916,0.8550570011138916,0.8550570011138916,673
2014-08-14,0.8550570011138916,0.8550570011138916,0.8085870146751404,0.8364689946174622,316637
2014-08-15,0.8550570011138916,0.8550570011138916,0.8271750211715698,0.8364689946174622,208573
2014-08-18,0.8550570011138916,0.8550570011138916,0.7899990081787109,0.8550570011138916,472613
2014-08-19,0.8364689946174622,0.8364689946174622,0.8271750211715698,0.8271750211715698,81901
2014-08-20,0.8457630276679993,0.8457630276679993,0.8178809881210327,0.8364689946174622,383074
2014-08-21,0.8457630276679993,0.8550570011138916,0.8271750211715698,0.8457630276679993,102968
2014-08-22,0.8364689946174622,0.8364689946174622,0.8085870146751404,0.8178809881210327,480822
2014-08-25,0.8364689946174622,0.8457630276679993,0.8085870146751404,0.8178809881210327,126708
2014-08-26,0.8271750211715698,0.8271750211715698,0.8085870146751404,0.8085870146751404,130744
2014-08-27,0.8178809881210327,0.8178809881210327,0.7992929816246033,0.8178809881210327,136128
2014-08-28,0.8085870146751404,0.8178809881210327,0.7992929816246033,0.8178809881210327,520753
2014-08-29,0.8178809881210327,0.8271750211715698,0.7992929816246033,0.7992929816246033,32278
2014-09-01,0.7992929816246033,0.8178809881210327,0.7992929816246033,0.8178809881210327,48777
2014-09-02,0.7899990081787109,0.8085870146751404,0.7899990081787109,0.8085870146751404,537896
2014-09-03,0.7992929816246033,0.8178809881210327,0.7992929816246033,0.8085870146751404,224745
2014-09-04,0.7807040214538574,0.8085870146751404,0.7807040214538574,0.8085870146751404,201023
2014-09-05,0.8085870146751404,0.8085870146751404,0.7807040214538574,0.7807040214538574,60039
2014-09-08,0.8643509745597839,0.8643509745597839,0.7435280084609985,0.8178809881210327,2170107
2014-09-09,0.8643509745597839,0.8829399943351746,0.8457630276679993,0.8457630276679993,959526
2014-09-10,0.9572929739952089,1.013056993484497,0.8736460208892822,0.8736460208892822,2957742
2014-09-11,0.8922340273857117,0.9665870070457458,0.8736460208892822,0.9572929739952089,1878423
2014-09-12,0.8922340273857117,0.9294099807739258,0.8550570011138916,0.8922340273857117,687119
2014-09-15,0.8457630276679993,0.8829399943351746,0.8364689946174622,0.8550570011138916,363819
2014-09-16,0.8178809881210327,0.8643509745597839,0.7992929816246033,0.8364689946174622,211987
2014-09-17,0.8550570011138916,0.8550570011138916,0.8085870146751404,0.8085870146751404,438552
2014-09-18,0.8643509745597839,0.8922340273857117,0.8271750211715698,0.8364689946174622,466698
2014-09-19,0.8364689946174622,0.8643509745597839,0.8085870146751404,0.8364689946174622,303480
2014-09-22,0.8457630276679993,0.8550570011138916,0.8085870146751404,0.8364689946174622,311774
2014-09-23,0.8364689946174622,0.8457630276679993,0.8178809881210327,0.8178809881210327,218417
2014-09-24,0.8550570011138916,0.8643509745597839,0.8085870146751404,0.8457630276679993,261997
2014-09-25,0.8364689946174622,0.8550570011138916,0.8178809881210327,0.8550570011138916,62028
2014-09-26,0.8364689946174622,0.8457630276679993,0.8178809881210327,0.8457630276679993,139996
2014-09-29,0.8364689946174622,0.8364689946174622,0.8085870146751404,0.8178809881210327,187484
2014-09-30,0.8829399943351746,0.9108219742774964,0.8178809881210327,0.8364689946174622,1277440
2014-10-01,0.9108219742774964,1.013056993484497,0.8922340273857117,0.8922340273857117,3576138
2014-10-02,0.9201160073280334,0.9572929739952089,0.8829399943351746,0.9294099807739258,618496
2014-10-03,0.9294099807739258,0.9479979872703552,0.8829399943351746,0.9479979872703552,180557
2014-10-06,0.9294099807739258,0.9387040138244628,0.8457630276679993,0.9387040138244628,462509
2014-10-07,0.8364689946174622,0.9201160073280334,0.8364689946174622,0.8829399943351746,375909
2014-10-08,0.7435280084609985,0.8457630276679993,0.7435280084609985,0.8178809881210327,1510850
2014-10-09,0.6227049827575684,0.7899990081787109,0.6227049827575684,0.762116014957428,7833518
2014-10-10,0.6664940118789673,0.675881028175354,0.628944993019104,0.6383320093154907,2709900
2014-10-13,0.6477190256118774,0.685267984867096,0.6383320093154907,0.685267984867096,348645
2014-10-14,0.6664940118789673,0.685267984867096,0.6383320093154907,0.6477190256118774,290683
2014-10-15,0.6101700067520142,0.675881028175354,0.6101700067520142,0.6477190256118774,629425
2014-10-16,0.6101700067520142,0.6571069955825806,0.5820090174674988,0.6101700067520142,2490836
2014-10-17,0.6195579767227173,0.6477190256118774,0.6101700067520142,0.6101700067520142,430918
2014-10-20,0.6195579767227173,0.628944993019104,0.5913959741592407,0.6195579767227173,1433552
2014-10-21,0.675881028175354,0.7040429711341858,0.628944993019104,0.7040429711341858,1056039
2014-10-22,0.6383320093154907,0.6571069955825806,0.6007829904556274,0.6571069955825806,888478
2014-10-23,0.5913959741592407,0.6383320093154907,0.5726209878921509,0.6383320093154907,4377611
2014-10-24,0.6383320093154907,0.6477190256118774,0.5913959741592407,0.5913959741592407,3560099
2014-10-27,0.6571069955825806,0.6664940118789673,0.6007829904556274,0.628944993019104,3584733
2014-10-28,0.797914981842041,0.8166900277137756,0.6571069955825806,0.6571069955825806,12902930
2014-10-29,0.8730130195617676,0.957498013973236,0.844851016998291,0.8636260032653809,7897983
2014-10-30,0.8730130195617676,0.8730130195617676,0.7885280251502991,0.844851016998291,4937858
2014-10-31,0.8354640007019043,0.8730130195617676,0.7603660225868225,0.8730130195617676,2576505
2014-11-03,1.0513709783554075,1.088919997215271,0.7885280251502991,0.8073019981384277,10696789
2014-11-04,1.0138219594955444,1.1640180349349976,0.976273000240326,1.079532027244568,5617158
2014-11-05,0.9950469732284546,1.041983962059021,0.8917880058288574,1.032595992088318,3019353
2014-11-06,0.9950469732284546,1.032595992088318,0.957498013973236,0.976273000240326,1467536
2014-11-07,1.0138219594955444,1.0701450109481812,1.0044349431991575,1.0701450109481812,1591375
2014-11-10,1.032595992088318,1.0607579946517944,0.9950469732284546,1.0607579946517944,3994256
2014-11-11,1.041983962059021,1.0513709783554075,1.032595992088318,1.0513709783554075,1170643
2014-11-12,1.0232089757919312,1.032595992088318,1.0044349431991575,1.032595992088318,650997
2014-11-13,0.9950469732284546,1.0138219594955444,0.957498013973236,1.0044349431991575,792488
2014-11-14,1.0138219594955444,1.041983962059021,0.9856600165367126,1.0138219594955444,1781901
2014-11-17,1.2015670537948608,1.2203409671783447,1.0044349431991575,1.0044349431991575,11120060
2014-11-18,1.2672770023345947,1.3142139911651611,1.1734050512313845,1.2203409671783447,8482090
2014-11-19,1.3423750400543213,1.370537042617798,1.2297279834747314,1.276664972305298,10206047
2014-11-20,1.1734050512313845,1.276664972305298,1.1076940298080444,1.2672770023345947,6808632
2014-11-21,1.1546299457550049,1.1921789646148682,1.1264690160751345,1.1734050512313845,1184866
2014-11-24,1.670928955078125,1.6897029876708984,1.1734050512313845,1.1734050512313845,11949415
2014-11-25,1.4550219774246216,1.6427669525146484,1.426859974861145,1.6333800554275513,5693177
2014-11-26,1.530120015144348,1.548895001411438,1.3611500263214111,1.4925709962844849,2511163
2014-11-27,1.4925709962844849,1.614604949951172,1.4644089937210083,1.548895001411438,2226939
2014-11-28,1.5753580331802368,1.63299298286438,1.3063939809799194,1.3448179960250854,5802995
2014-12-01,1.4889049530029297,1.6137809753417969,1.440876007080078,1.5849640369415283,3876165
2014-12-02,1.4504820108413696,1.5177229642868042,1.4024529457092283,1.4985109567642212,1506088
2014-12-03,1.5081169605255127,1.5753580331802368,1.4312700033187866,1.5273289680480957,4320235
2014-12-04,1.5081169605255127,1.5369349718093872,1.4889049530029297,1.5081169605255127,839396
2014-12-05,1.4889049530029297,1.5177229642868042,1.4600880146026611,1.5177229642868042,651451
2014-12-08,1.440876007080078,1.4889049530029297,1.383241057395935,1.4600880146026611,1773358
2014-12-09,1.3448179960250854,1.4216639995574951,1.296787977218628,1.4216639995574951,2077481
2014-12-10,1.335211992263794,1.392846941947937,1.315999984741211,1.335211992263794,987915
2014-12-11,1.3063939809799194,1.3448179960250854,1.296787977218628,1.335211992263794,808520
2014-12-12,1.296787977218628,1.364029049873352,1.2775770425796509,1.3256059885025024,478119
2014-12-15,1.2775770425796509,1.2871830463409424,1.2487590312957764,1.2871830463409424,1097329
2014-12-16,1.1527010202407837,1.296787977218628,1.1527010202407837,1.2679710388183594,1913865
2014-12-17,1.2199419736862185,1.2679710388183594,1.0566420555114746,1.133489012718201,2384937
2014-12-18,1.3063939809799194,1.383241057395935,1.2199419736862185,1.2487590312957764,1162153
2014-12-19,1.258365035057068,1.3448179960250854,1.2487590312957764,1.3448179960250854,1458078
2014-12-22,1.315999984741211,1.3448179960250854,1.2487590312957764,1.2775770425796509,2273893
2014-12-23,1.2679710388183594,1.3448179960250854,1.258365035057068,1.335211992263794,1337340
2014-12-29,1.2487590312957764,1.3256059885025024,1.2103359699249268,1.296787977218628,836706
2014-12-30,1.2295479774475098,1.2775770425796509,1.2103359699249268,1.2391530275344849,670975
2015-01-02,1.2295479774475098,1.315999984741211,1.2007299661636353,1.2391530275344849,677146
2015-01-05,1.2295479774475098,1.2775770425796509,1.2007299661636353,1.2295479774475098,1351702
2015-01-06,1.2487590312957764,1.3063939809799194,1.2391530275344849,1.2487590312957764,679230
2015-01-07,1.4312700033187866,1.4792989492416382,1.1815179586410522,1.2007299661636353,2149122
2015-01-08,1.4312700033187866,1.4889049530029297,1.3448179960250854,1.4696940183639526,2065991
2015-01-09,1.4024529457092283,1.4312700033187866,1.335211992263794,1.3736350536346436,811870
2015-01-12,1.258365035057068,1.440876007080078,1.258365035057068,1.4216639995574951,2083483
2015-01-13,1.2487590312957764,1.335211992263794,1.1815179586410522,1.315999984741211,1400100
2015-01-14,1.2487590312957764,1.296787977218628,1.2007299661636353,1.2487590312957764,1336549
2015-01-15,1.296787977218628,1.296787977218628,1.2391530275344849,1.2487590312957764,732034
2015-01-16,1.2391530275344849,1.3063939809799194,1.2199419736862185,1.3063939809799194,851292
2015-01-19,1.2679710388183594,1.2871830463409424,1.2391530275344849,1.258365035057068,317741
2015-01-20,1.3448179960250854,1.440876007080078,1.315999984741211,1.3256059885025024,5374006
2015-01-21,1.41205894947052,1.440876007080078,1.3448179960250854,1.392846941947937,2256042
2015-01-22,1.4216639995574951,1.4792989492416382,1.392846941947937,1.41205894947052,1862482
2015-01-23,1.383241057395935,1.4216639995574951,1.335211992263794,1.4216639995574951,1157296
2015-01-26,1.3256059885025024,1.383241057395935,1.3063939809799194,1.3736350536346436,1402419
2015-01-27,1.296787977218628,1.3256059885025024,1.296787977218628,1.3256059885025024,395640
2015-01-28,1.3448179960250854,1.383241057395935,1.3063939809799194,1.3448179960250854,1393147
2015-01-29,1.3448179960250854,1.3448179960250854,1.315999984741211,1.3448179960250854,428313
2015-01-30,1.3448179960250854,1.364029049873352,1.296787977218628,1.354423999786377,333435
2015-02-02,1.3448179960250854,1.3448179960250854,1.296787977218628,1.296787977218628,359973
2015-02-03,1.2679710388183594,1.354423999786377,1.2103359699249268,1.3448179960250854,5058641
2015-02-04,1.258365035057068,1.315999984741211,1.2295479774475098,1.258365035057068,1007792
2015-02-05,1.296787977218628,1.3063939809799194,1.2679710388183594,1.2679710388183594,597799
2015-02-06,1.2295479774475098,1.3063939809799194,1.2295479774475098,1.2775770425796509,2085315
2015-02-09,1.2775770425796509,1.2775770425796509,1.2391530275344849,1.2679710388183594,518642
2015-02-10,1.2679710388183594,1.2775770425796509,1.2295479774475098,1.2775770425796509,399854
2015-02-11,1.2487590312957764,1.2679710388183594,1.2007299661636353,1.2487590312957764,374689
2015-02-12,1.2391530275344849,1.2679710388183594,1.2007299661636353,1.258365035057068,893361
2015-02-13,1.2487590312957764,1.2487590312957764,1.2007299661636353,1.2391530275344849,549945
2015-02-16,1.2199419736862185,1.2679710388183594,1.2103359699249268,1.2679710388183594,183066
2015-02-17,1.2295479774475098,1.2391530275344849,1.2103359699249268,1.2199419736862185,229374
2015-02-18,1.1719119548797607,1.2295479774475098,1.1527010202407837,1.2007299661636353,1258635
2015-02-19,1.1527010202407837,1.1911239624023438,1.1046719551086426,1.1719119548797607,1225828
2015-02-20,1.1430950164794922,1.1815179586410522,1.1046719551086426,1.1527010202407837,543978
2015-02-23,1.133489012718201,1.1527010202407837,1.1238830089569092,1.1527010202407837,165028
2015-02-24,1.1719119548797607,1.1719119548797607,1.0278249979019165,1.1142770051956177,2752453
2015-02-25,1.296787977218628,1.296787977218628,1.1911239624023438,1.2295479774475098,5315472
2015-02-26,1.2679710388183594,1.3448179960250854,1.258365035057068,1.258365035057068,2044454
2015-02-27,1.2295479774475098,1.258365035057068,1.2103359699249268,1.258365035057068,1094354
2015-03-02,1.2487590312957764,1.2679710388183594,1.2007299661636353,1.2295479774475098,749366
2015-03-03,1.2295479774475098,1.2391530275344849,1.2007299661636353,1.2295479774475098,402438
2015-03-04,1.2007299661636353,1.2391530275344849,1.1911239624023438,1.2103359699249268,273877
2015-03-05,1.2007299661636353,1.2007299661636353,1.1623070240020752,1.2007299661636353,353689
2015-03-06,1.2295479774475098,1.2295479774475098,1.1527010202407837,1.1815179586410522,407058
2015-03-09,1.2007299661636353,1.2295479774475098,1.1719119548797607,1.2295479774475098,202891
2015-03-10,1.1719119548797607,1.2295479774475098,1.1238830089569092,1.2007299661636353,748662
2015-03-11,1.1815179586410522,1.2103359699249268,1.133489012718201,1.2007299661636353,565982
2015-03-12,1.1815179586410522,1.2007299661636353,1.133489012718201,1.133489012718201,701650
2015-03-13,1.2199419736862185,1.2199419736862185,1.1527010202407837,1.1719119548797607,722865
2015-03-16,1.1527010202407837,1.2199419736862185,1.1527010202407837,1.2103359699249268,488495
2015-03-17,1.1527010202407837,1.2199419736862185,1.1238830089569092,1.2007299661636353,728139
2015-03-18,1.1142770051956177,1.1527010202407837,1.1142770051956177,1.1430950164794922,694484
2015-03-19,1.1430950164794922,1.1527010202407837,1.1142770051956177,1.133489012718201,191434
2015-03-20,1.1527010202407837,1.1623070240020752,1.1046719551086426,1.1623070240020752,75800
2015-03-23,1.1623070240020752,1.1623070240020752,1.1046719551086426,1.1430950164794922,479678
2015-03-24,1.1911239624023438,1.1911239624023438,1.1238830089569092,1.133489012718201,262855
2015-03-25,1.1911239624023438,1.1911239624023438,1.1046719551086426,1.1815179586410522,415773
2015-03-26,1.1719119548797607,1.1911239624023438,1.133489012718201,1.1623070240020752,139474
2015-03-27,1.1527010202407837,1.1815179586410522,1.1238830089569092,1.1719119548797607,39238
2015-03-30,1.1719119548797607,1.1719119548797607,1.1142770051956177,1.1719119548797607,101128
2015-03-31,1.1430950164794922,1.1527010202407837,1.1142770051956177,1.1527010202407837,326477
2015-04-01,1.1142770051956177,1.1430950164794922,1.1142770051956177,1.1238830089569092,139889
2015-04-07,1.133489012718201,1.1527010202407837,1.1046719551086426,1.1527010202407837,660660
2015-04-08,1.133489012718201,1.1527010202407837,1.095065951347351,1.1430950164794922,227271
2015-04-09,1.1623070240020752,1.1719119548797607,1.0854599475860596,1.133489012718201,1343215
2015-04-10,1.1527010202407837,1.1623070240020752,1.133489012718201,1.1430950164794922,284544
2015-04-13,1.1142770051956177,1.1719119548797607,1.1142770051956177,1.1719119548797607,1287973
2015-04-14,1.1527010202407837,1.1623070240020752,1.1238830089569092,1.1430950164794922,1017359
2015-04-15,1.1142770051956177,1.1623070240020752,1.1142770051956177,1.1430950164794922,774283
2015-04-16,1.133489012718201,1.1430950164794922,1.1046719551086426,1.1430950164794922,414620
2015-04-17,1.1238830089569092,1.133489012718201,1.095065951347351,1.1046719551086426,357660
2015-04-20,1.1238830089569092,1.133489012718201,1.1046719551086426,1.1238830089569092,519267
2015-04-21,1.1238830089569092,1.1238830089569092,1.095065951347351,1.1046719551086426,543622
2015-04-22,1.1238830089569092,1.1238830089569092,1.095065951347351,1.1238830089569092,300042
2015-04-23,1.1238830089569092,1.1238830089569092,1.1046719551086426,1.1142770051956177,760116
2015-04-24,1.1527010202407837,1.1623070240020752,1.095065951347351,1.1142770051956177,1317073
2015-04-27,1.2295479774475098,1.2775770425796509,1.1430950164794922,1.1719119548797607,3679709
2015-04-28,1.2487590312957764,1.315999984741211,1.2391530275344849,1.2679710388183594,2944821
2015-04-29,1.2391530275344849,1.2679710388183594,1.0854599475860596,1.2487590312957764,2817525
2015-04-30,1.296787977218628,1.3448179960250854,1.2391530275344849,1.2391530275344849,2072241
2015-05-04,1.3736350536346436,1.4312700033187866,1.296787977218628,1.3063939809799194,4131115
2015-05-05,1.3448179960250854,1.392846941947937,1.315999984741211,1.383241057395935,1240388
2015-05-06,1.354423999786377,1.392846941947937,1.3063939809799194,1.3448179960250854,494010
2015-05-07,1.335211992263794,1.354423999786377,1.2679710388183594,1.3448179960250854,570975
2015-05-08,1.315999984741211,1.3448179960250854,1.296787977218628,1.335211992263794,702439
2015-05-11,1.2007299661636353,1.3448179960250854,1.2007299661636353,1.335211992263794,2555447
2015-05-12,1.2487590312957764,1.2487590312957764,1.2103359699249268,1.2199419736862185,318301
2015-05-13,1.2679710388183594,1.2679710388183594,1.2199419736862185,1.2487590312957764,331154
2015-05-15,1.3256059885025024,1.335211992263794,1.2103359699249268,1.2103359699249268,1714655
2015-05-18,1.315999984741211,1.364029049873352,1.2679710388183594,1.3256059885025024,721496
2015-05-19,1.3256059885025024,1.335211992263794,1.258365035057068,1.335211992263794,269107
2015-05-20,1.315999984741211,1.315999984741211,1.2487590312957764,1.3063939809799194,373370
2015-05-21,1.2775770425796509,1.3063939809799194,1.2775770425796509,1.3063939809799194,91612
2015-05-22,1.315999984741211,1.315999984741211,1.2679710388183594,1.296787977218628,319597
2015-05-26,1.2871830463409424,1.296787977218628,1.2487590312957764,1.296787977218628,457344
2015-05-27,1.296787977218628,1.296787977218628,1.2487590312957764,1.2487590312957764,285243
2015-05-28,1.3448179960250854,1.383241057395935,1.296787977218628,1.3063939809799194,1710504
2015-05-29,1.3063939809799194,1.3448179960250854,1.2871830463409424,1.3448179960250854,259269
2015-06-01,1.8251099586486816,2.065256118774414,1.6618109941482544,1.8731390237808228,24473942
2015-06-02,1.888277053833008,1.928030014038086,1.709388017654419,1.8286470174789429,15803303
2015-06-03,1.769016981124878,2.0572280883789062,1.749140977859497,1.8982150554656985,17984650
2015-06-04,1.7590789794921875,1.8286470174789429,1.7590789794921875,1.7789560556411743,2947688
2015-06-05,1.8187090158462524,1.8286470174789429,1.7292640209197998,1.7789560556411743,3122435
2015-06-08,1.7888940572738647,1.84852397441864,1.7789560556411743,1.8385850191116333,2313765
2015-06-09,1.7590789794921875,1.8286470174789429,1.709388017654419,1.808771014213562,3124021
2015-06-10,1.709388017654419,1.7789560556411743,1.6994489431381226,1.7590789794921875,1156490
2015-06-11,1.6596959829330444,1.7590789794921875,1.6398190259933472,1.709388017654419,2099764
2015-06-12,1.7292640209197998,1.7292640209197998,1.6298810243606567,1.649757981300354,2044814
2015-06-15,1.7988320589065552,1.8385850191116333,1.7392020225524902,1.7392020225524902,4809543
2015-06-16,1.7888940572738647,1.808771014213562,1.7193260192871094,1.808771014213562,1736607
2015-06-17,1.769016981124878,1.7789560556411743,1.7392020225524902,1.7590789794921875,554114
2015-06-18,1.7789560556411743,1.7789560556411743,1.7392020225524902,1.769016981124878,979889
2015-06-19,1.888277053833008,1.888277053833008,1.749140977859497,1.7888940572738647,1100098
2015-06-22,1.8385850191116333,1.908154010772705,1.808771014213562,1.908154010772705,1371420
2015-06-23,1.868399977684021,1.868399977684021,1.7988320589065552,1.8385850191116333,489894
2015-06-24,2.03735089302063,2.087043046951294,1.8385850191116333,1.8385850191116333,5743965
2015-06-25,1.9876600503921509,2.16654896736145,1.967782974243164,2.0572280883789062,3887161
2015-06-26,2.0969810485839844,2.1168580055236816,1.967782974243164,2.03735089302063,2722722
2015-06-29,2.16654896736145,2.2261788845062256,1.9975980520248413,2.047290086746216,2452144
2015-06-30,2.355376958847046,2.6137731075286865,2.16654896736145,2.16654896736145,10117713
2015-07-01,2.3056859970092773,2.564081907272339,2.2361180782318115,2.424945116043091,9659927
2015-07-02,2.3454389572143555,2.5044519901275635,2.28580904006958,2.3454389572143555,4041905
2015-07-03,2.444822072982788,2.534266948699951,2.3851919174194336,2.474637031555176,5639621
2015-07-06,2.3851919174194336,2.4547600746154785,2.325562000274658,2.444822072982788,2737679
2015-07-07,2.2559940814971924,2.4348840713500977,2.2559940814971924,2.40506911277771,3406390
2015-07-08,2.216240882873535,2.2361180782318115,2.087043046951294,2.196363925933838,3029948
2015-07-09,2.4547600746154785,2.5044519901275635,2.2361180782318115,2.265932083129883,4872135
2015-07-10,2.6535260677337646,2.762847900390625,2.564081907272339,2.603835105895996,14385526
2015-07-13,2.7230939865112305,2.8821070194244385,2.7230939865112305,2.782723903656006,7103802
2015-07-14,2.752908945083618,2.83241605758667,2.643588066101074,2.762847900390625,4716862
2015-07-15,2.4945130348205566,2.752908945083618,2.4547600746154785,2.7230939865112305,8901846
2015-07-16,2.6535260677337646,2.6535260677337646,2.514389991760254,2.514389991760254,4707896
2015-07-17,2.6932790279388428,2.782723903656006,2.6833410263061523,2.7230939865112305,3780711
2015-07-20,2.7330329418182373,2.7727859020233154,2.7032179832458496,2.7032179832458496,1622178
2015-07-21,2.71315598487854,2.752908945083618,2.6137731075286865,2.752908945083618,3686737
2015-07-22,2.6634650230407715,2.7330329418182373,2.643588066101074,2.7330329418182373,1928644
2015-07-23,2.5740199089050293,2.6833410263061523,2.484575033187866,2.6833410263061523,4010055
2015-07-24,2.58395791053772,2.58395791053772,2.5044519901275635,2.58395791053772,1141796
2015-07-27,2.464698076248169,2.564081907272339,2.3851919174194336,2.564081907272339,3496233
2015-07-28,2.375253915786743,2.444822072982788,2.2957470417022705,2.444822072982788,3589130
2015-07-29,2.3653149604797363,2.464698076248169,2.355376958847046,2.424945116043091,1354044
2015-07-30,2.375253915786743,2.40506911277771,2.2559940814971924,2.335500955581665,2721849
2015-07-31,2.3454389572143555,2.375253915786743,2.2957470417022705,2.325562000274658,705856
2015-08-03,2.2063028812408447,2.325562000274658,2.196363925933838,2.325562000274658,2581541
2015-08-04,2.3454389572143555,2.355376958847046,2.126796007156372,2.1864259243011475,3932003
2015-08-05,2.4150071144104004,2.4348840713500977,2.355376958847046,2.4348840713500977,2098688
2015-08-06,2.5243279933929443,2.5740199089050293,2.40506911277771,2.4348840713500977,4048554
2015-08-07,2.4547600746154785,2.5442049503326416,2.355376958847046,2.5442049503326416,2806824
2015-08-10,2.375253915786743,2.444822072982788,2.3454389572143555,2.4348840713500977,1066598
2015-08-11,2.3851919174194336,2.4150071144104004,2.325562000274658,2.3653149604797363,1630810
2015-08-12,2.4150071144104004,2.444822072982788,2.2957470417022705,2.325562000274658,2163357
2015-08-13,2.355376958847046,2.424945116043091,2.3056859970092773,2.3056859970092773,1674672
2015-08-14,2.16654896736145,2.40506911277771,2.15661096572876,2.3851919174194336,10779506
2015-08-17,2.047290086746216,2.2063028812408447,2.017474889755249,2.16654896736145,7557154
2015-08-18,2.136734962463379,2.136734962463379,1.9777220487594604,2.03735089302063,6903346
2015-08-19,2.126796007156372,2.136734962463379,2.087043046951294,2.136734962463379,2995509
2015-08-20,1.967782974243164,2.1168580055236816,1.8982150554656985,2.1168580055236816,4956719
2015-08-21,1.808771014213562,1.9180920124053955,1.808771014213562,1.8982150554656985,6552724
2015-08-24,1.61000394821167,1.709388017654419,1.5006829500198364,1.6696339845657349,9977811
2015-08-25,1.7888940572738647,1.8385850191116333,1.6298810243606567,1.6298810243606567,8878213
2015-08-26,1.8783390522003167,1.9479069709777832,1.6795730590820312,1.8385850191116333,7482855
2015-08-27,1.769016981124878,2.017474889755249,1.7590789794921875,1.9876600503921509,7437160
2015-08-28,1.7590789794921875,1.8584619760513303,1.7392020225524902,1.8286470174789429,3302759
2015-08-31,1.9777220487594604,1.9876600503921509,1.709388017654419,1.7888940572738647,5897151
2015-09-01,1.967782974243164,2.0572280883789062,1.928030014038086,2.017474889755249,5485822
2015-09-02,2.0075368881225586,2.0075368881225586,1.9180920124053955,1.9479069709777832,2890400
2015-09-03,2.017474889755249,2.0572280883789062,1.967782974243164,2.0572280883789062,3179060
2015-09-04,2.047290086746216,2.047290086746216,1.9777220487594604,2.017474889755249,1692518
2015-09-07,2.03735089302063,2.126796007156372,2.017474889755249,2.047290086746216,2534397
2015-09-08,2.0771050453186035,2.1168580055236816,2.0572280883789062,2.0572280883789062,2305445
2015-09-09,2.087043046951294,2.136734962463379,2.0671660900115967,2.1168580055236816,1417109
2015-09-10,2.0274128913879395,2.087043046951294,2.0075368881225586,2.087043046951294,1714035
2015-09-11,2.047290086746216,2.0771050453186035,2.017474889755249,2.0572280883789062,1145277
2015-09-14,1.9777220487594604,2.047290086746216,1.9379680156707764,2.047290086746216,1704186
2015-09-15,1.8783390522003167,1.9777220487594604,1.8584619760513303,1.967782974243164,1682526
2015-09-16,1.9578449726104736,1.9876600503921509,1.9180920124053955,1.9876600503921509,1426440
2015-09-17,1.928030014038086,1.9777220487594604,1.928030014038086,1.9578449726104736,636975
2015-09-18,1.9578449726104736,2.0572280883789062,1.888277053833008,1.928030014038086,2885897
2015-09-21,1.9876600503921509,2.0075368881225586,1.9479069709777832,1.9975980520248413,877513
2015-09-22,1.9180920124053955,1.9876600503921509,1.888277053833008,1.9876600503921509,1983815
2015-09-23,1.9379680156707764,1.9379680156707764,1.888277053833008,1.888277053833008,776625
2015-09-24,1.908154010772705,1.9479069709777832,1.8783390522003167,1.908154010772705,2107300
2015-09-25,1.9876600503921509,2.0671660900115967,1.888277053833008,1.9180920124053955,3866664
2015-09-28,1.9777220487594604,2.0274128913879395,1.8982150554656985,2.0274128913879395,1524938
2015-09-29,1.967782974243164,1.967782974243164,1.8982150554656985,1.9379680156707764,1523372
2015-09-30,1.9379680156707764,1.9876600503921509,1.928030014038086,1.9578449726104736,1631565
2015-10-01,1.928030014038086,1.9777220487594604,1.908154010772705,1.9379680156707764,2103654
2015-10-02,1.9479069709777832,1.9578449726104736,1.9180920124053955,1.928030014038086,875671
2015-10-05,1.9379680156707764,1.9777220487594604,1.9379680156707764,1.9479069709777832,1294996
2015-10-06,1.9876600503921509,2.0075368881225586,1.9379680156707764,1.9379680156707764,2004281
2015-10-07,2.017474889755249,2.0274128913879395,1.9578449726104736,1.9876600503921509,1436976
2015-10-08,1.967782974243164,1.9975980520248413,1.967782974243164,1.9975980520248413,537271
2015-10-09,2.047290086746216,2.0771050453186035,1.9777220487594604,1.9975980520248413,4983771
2015-10-12,1.9777220487594604,2.1168580055236816,1.9777220487594604,2.0671660900115967,3188255
2015-10-13,1.9975980520248413,2.017474889755249,1.9777220487594604,1.9975980520248413,1004228
2015-10-14,1.9975980520248413,2.0274128913879395,1.9777220487594604,2.0075368881225586,878497
2015-10-15,1.9379680156707764,2.017474889755249,1.8385850191116333,2.0075368881225586,5482168
2015-10-16,1.967782974243164,2.03735089302063,1.9379680156707764,1.9479069709777832,2085338
2015-10-19,1.7888940572738647,1.9876600503921509,1.7888940572738647,1.9876600503921509,6046681
2015-10-20,1.8584619760513303,1.9876600503921509,1.7988320589065552,1.808771014213562,3153396
2015-10-21,1.8286470174789429,1.908154010772705,1.808771014213562,1.8783390522003167,1655135
2015-10-22,1.888277053833008,1.908154010772705,1.8286470174789429,1.8286470174789429,1622206
2015-10-23,1.8783390522003167,1.8982150554656985,1.84852397441864,1.8982150554656985,1997958
2015-10-26,1.868399977684021,1.908154010772705,1.868399977684021,1.8982150554656985,1490888
2015-10-27,1.868399977684021,1.888277053833008,1.8385850191116333,1.888277053833008,1382124
2015-10-28,1.84852397441864,1.868399977684021,1.8286470174789429,1.8584619760513303,2060171
2015-10-29,1.8385850191116333,1.868399977684021,1.7888940572738647,1.868399977684021,2113702
2015-10-30,1.7888940572738647,1.868399977684021,1.7888940572738647,1.868399977684021,2264870
2015-11-02,1.84852397441864,1.8783390522003167,1.7789560556411743,1.8286470174789429,2427954
2015-11-03,1.84852397441864,1.8783390522003167,1.808771014213562,1.8783390522003167,1970601
2015-11-04,1.8385850191116333,1.8584619760513303,1.7988320589065552,1.8385850191116333,1485404
2015-11-05,1.769016981124878,1.8385850191116333,1.769016981124878,1.8385850191116333,2076835
2015-11-06,1.7888940572738647,1.808771014213562,1.749140977859497,1.7888940572738647,1477629
2015-11-09,1.808771014213562,1.888277053833008,1.7888940572738647,1.7888940572738647,2365110
2015-11-10,1.928030014038086,1.9379680156707764,1.8385850191116333,1.8385850191116333,5480732
2015-11-11,2.0671660900115967,2.1864259243011475,1.9777220487594604,1.9777220487594604,8158208
2015-11-12,2.0075368881225586,2.126796007156372,1.9379680156707764,2.1168580055236816,5492709
2015-11-13,2.0075368881225586,2.017474889755249,1.9180920124053955,2.017474889755249,2621538
2015-11-16,1.9777220487594604,2.0671660900115967,1.9379680156707764,2.0274128913879395,4752211
2015-11-17,1.967782974243164,1.9975980520248413,1.9479069709777832,1.9777220487594604,1210757
2015-11-18,1.967782974243164,1.9975980520248413,1.9479069709777832,1.9777220487594604,804038
2015-11-19,1.9479069709777832,1.9876600503921509,1.9379680156707764,1.9876600503921509,1297355
2015-11-20,1.9379680156707764,1.967782974243164,1.928030014038086,1.967782974243164,503408
2015-11-23,1.928030014038086,1.9975980520248413,1.9180920124053955,1.9777220487594604,1998136
2015-11-24,1.9479069709777832,2.087043046951294,1.928030014038086,1.9777220487594604,2636548
2015-11-25,2.0969810485839844,2.126796007156372,1.928030014038086,1.9479069709777832,7370980
2015-11-26,2.1168580055236816,2.1864259243011475,2.0771050453186035,2.126796007156372,4990301
2015-11-27,2.2559940814971924,2.28580904006958,2.106920003890991,2.1168580055236816,9787636
2015-11-30,2.335500955581665,2.375253915786743,2.2559940814971924,2.325562000274658,7071718
2015-12-01,2.4150071144104004,2.444822072982788,2.325562000274658,2.3653149604797363,8196993
2015-12-02,2.3851919174194336,2.484575033187866,2.335500955581665,2.4547600746154785,5039630
2015-12-03,2.8821070194244385,2.8821070194244385,2.58395791053772,2.633650064468384,21938285
2015-12-04,3.011305093765259,3.299515962600708,2.83241605758667,2.852292060852051,34938753
2015-12-07,3.1405029296875,3.2697010040283203,3.0808730125427246,3.1206259727478027,17861064
2015-12-08,3.2001330852508545,3.220009088516236,3.0013670921325684,3.1405029296875,8475338
2015-12-09,4.174086093902588,4.174086093902588,3.567850112915039,3.567850112915039,35055091
2015-12-10,3.8262460231781006,4.044888973236084,3.766616106033325,3.925628900527954,25017903
2015-12-11,3.9753201007843018,4.015073776245117,3.875936985015869,3.8958139419555664,8659081
2015-12-14,3.6473560333251953,4.472236156463623,3.6274800300598153,4.1442718505859375,34940286
2015-12-15,3.567850112915039,3.875936985015869,3.2895779609680176,3.746738910675049,32350806
2015-12-16,3.677170991897583,3.726862907409668,3.4287140369415283,3.6274800300598153,9664468
2015-12-17,3.6274800300598153,3.856060981750488,3.5877270698547363,3.746738910675049,7393285
2015-12-18,3.746738910675049,3.766616106033325,3.5479729175567627,3.68710994720459,4911440
2015-12-21,4.064764976501465,4.233716011047363,3.945506095886232,3.995197057723999,26009379
2015-12-22,4.382791042327881,4.402667045593262,4.12439489364624,4.2039008140563965,13672504
2015-12-23,4.899582862854004,5.068533897399902,4.482173919677734,4.492112159729004,25619494
2015-12-28,5.167916774749756,5.833783149719238,4.511989116668701,5.217607975006104,56029824
2015-12-29,5.0188422203063965,5.396498203277588,4.67100191116333,5.346806049346924,24948548
2015-12-30,4.770384788513184,5.038719177246094,4.661063194274902,5.038719177246094,18558125
2016-01-04,4.6411871910095215,5.068533897399902,4.362914085388184,4.601432800292969,23720100
2016-01-05,4.303284168243408,4.8399529457092285,4.303284168243408,4.770384788513184,18540503
2016-01-06,3.9753201007843018,4.2535929679870605,3.8063690662384033,4.2535929679870605,24184869
2016-01-07,3.7368009090423584,4.0051350593566895,3.5380349159240723,3.68710994720459,18686527
2016-01-08,4.283408164978027,4.382791042327881,3.935566902160645,4.025012016296387,33819674
2016-01-11,3.9852590560913086,4.472236156463623,3.935566902160645,4.2535929679870605,22284808
2016-01-12,3.488343954086304,3.69704794883728,3.2001330852508545,3.4684669971466064,40016603
2016-01-13,3.319391965866089,3.726862907409668,3.319391965866089,3.6274800300598153,15671504
2016-01-14,3.1603798866271973,3.4287140369415283,2.9317989349365234,3.060997009277344,36954914
2016-01-15,2.981489896774292,3.3591461181640625,2.9317989349365234,3.3094539642333984,15378977
2016-01-18,2.911921977996826,3.100749969482422,2.8125391006469727,2.892045021057129,12900814
2016-01-19,3.329330921173096,3.329330921173096,3.031182050704956,3.1305649280548096,20913992
2016-01-20,3.1305649280548096,3.2697010040283203,3.060997009277344,3.180255889892578,14041372
2016-01-21,3.349206924438477,3.3790218830108643,3.1106879711151123,3.2001330852508545,17353628
2016-01-22,3.5479729175567627,3.677170991897583,3.458528995513916,3.577788114547729,13453750
2016-01-25,3.4684669971466064,3.7169249057769775,3.408837080001831,3.68710994720459,8640121
2016-01-26,3.498281955718994,3.498281955718994,3.210071086883545,3.2895779609680176,10080770
2016-01-27,3.3988990783691406,3.5181589126586914,3.339268922805786,3.5181589126586914,4602866
2016-01-28,3.3094539642333984,3.408837080001831,3.229948043823242,3.3988990783691406,6280356
2016-01-29,3.2895779609680176,3.369083881378174,3.229948043823242,3.369083881378174,3404812
2016-02-01,3.249824047088623,3.3591461181640625,2.981489896774292,3.329330921173096,7870045
2016-02-02,3.2001330852508545,3.329330921173096,3.1405029296875,3.229948043823242,2467510
2016-02-03,3.1504409313201904,3.220009088516236,3.1106879711151123,3.1504409313201904,2643956
2016-02-04,3.1504409313201904,3.2796390056610107,3.1405029296875,3.249824047088623,2702111
2016-02-05,3.1405029296875,3.180255889892578,3.1305649280548096,3.170317888259888,2708637
2016-02-08,2.9516749382019043,3.1504409313201904,2.9317989349365234,3.1504409313201904,5335968
2016-02-09,2.822477102279663,2.941736936569214,2.782723903656006,2.901983976364136,8477300
2016-02-10,2.8423540592193604,2.892045021057129,2.6932790279388428,2.762847900390625,8563938
2016-02-11,2.83241605758667,2.941736936569214,2.8026010990142822,2.8423540592193604,2973084
2016-02-12,3.060997009277344,3.1603798866271973,2.7926619052886963,2.901983976364136,8298293
2016-02-15,3.2398860454559326,3.3790218830108643,3.070935010910034,3.2001330852508545,12004684
2016-02-16,3.100749969482422,3.329330921173096,3.100749969482422,3.319391965866089,3741729
2016-02-17,3.0908119678497314,3.170317888259888,2.981489896774292,3.060997009277344,3942567
2016-02-18,3.1504409313201904,3.249824047088623,3.0908119678497314,3.170317888259888,4061713
2016-02-19,3.100749969482422,3.170317888259888,3.060997009277344,3.1603798866271973,3957137
2016-02-22,3.1106879711151123,3.1305649280548096,3.011305093765259,3.1305649280548096,4098757
2016-02-23,3.100749969482422,3.1504409313201904,3.070935010910034,3.1106879711151123,1661011
2016-02-24,2.961613893508911,3.0908119678497314,2.961613893508911,3.0808730125427246,2435513
2016-02-25,2.9715518951416016,3.0411200523376465,2.941736936569214,3.031182050704956,3427047
2016-02-26,3.021243095397949,3.051058053970337,2.9317989349365234,3.011305093765259,2369121
2016-02-29,3.0808730125427246,3.1405029296875,2.9715518951416016,3.031182050704956,3200671
2016-03-01,3.060997009277344,3.1206259727478027,3.051058053970337,3.1206259727478027,1669645
2016-03-02,3.070935010910034,3.3591461181640625,3.051058053970337,3.2398860454559326,15104020
2016-03-03,3.1206259727478027,3.1305649280548096,3.0808730125427246,3.0908119678497314,2497203
2016-03-04,3.060997009277344,3.1603798866271973,3.060997009277344,3.1405029296875,8967547
2016-03-07,2.981489896774292,3.0808730125427246,2.9516749382019043,3.0808730125427246,5643194
2016-03-08,2.892045021057129,3.0013670921325684,2.852292060852051,3.0013670921325684,6704186
2016-03-09,2.852292060852051,2.901983976364136,2.7926619052886963,2.8821070194244385,4499256
2016-03-10,2.9317989349365234,2.941736936569214,2.83241605758667,2.8821070194244385,3263110
2016-03-11,2.941736936569214,2.961613893508911,2.911921977996826,2.961613893508911,3600498
2016-03-14,3.011305093765259,3.060997009277344,2.991429090499878,3.0013670921325684,3006846
2016-03-15,3.051058053970337,3.190195083618164,2.961613893508911,3.031182050704956,5734089
2016-03-16,3.1206259727478027,3.1603798866271973,3.060997009277344,3.100749969482422,4387051
2016-03-17,2.9715518951416016,3.1106879711151123,2.961613893508911,3.1106879711151123,6887467
2016-03-18,2.981489896774292,2.991429090499878,2.9218599796295166,2.981489896774292,4342935
2016-03-21,2.981489896774292,3.011305093765259,2.9218599796295166,3.011305093765259,2975055
2016-03-22,3.0013670921325684,3.011305093765259,2.941736936569214,2.961613893508911,2007197
2016-03-23,2.991429090499878,3.011305093765259,2.961613893508911,2.991429090499878,1164010
2016-03-29,2.892045021057129,2.981489896774292,2.892045021057129,2.981489896774292,2619510
2016-03-30,2.911921977996826,2.9516749382019043,2.901983976364136,2.9317989349365234,2036552
2016-03-31,2.892045021057129,2.9317989349365234,2.8622310161590576,2.911921977996826,2552856
2016-04-01,2.9516749382019043,3.1305649280548096,2.941736936569214,3.0808730125427246,8279507
2016-04-04,3.369083881378174,3.369083881378174,3.0908119678497314,3.0908119678497314,21773732
2016-04-05,3.38896107673645,3.677170991897583,3.349206924438477,3.5479729175567627,30852833
2016-04-06,3.051058053970337,3.25976300239563,3.0411200523376465,3.210071086883545,21315205
2016-04-07,3.0411200523376465,3.1504409313201904,2.991429090499878,3.0908119678497314,8654784
2016-04-08,3.051058053970337,3.0908119678497314,3.031182050704956,3.0808730125427246,5099150
2016-04-11,3.070935010910034,3.180255889892578,3.051058053970337,3.100749969482422,5747588
2016-04-12,3.060997009277344,3.100749969482422,3.021243095397949,3.060997009277344,3347995
2016-04-13,3.1206259727478027,3.1603798866271973,3.0808730125427246,3.1504409313201904,4632894
2016-04-14,3.100749969482422,3.1405029296875,3.0808730125427246,3.1405029296875,2531490
2016-04-15,3.210071086883545,3.249824047088623,3.100749969482422,3.1405029296875,7498202
2016-04-18,3.3094539642333984,3.4287140369415283,3.2796390056610107,3.299515962600708,9091863
2016-04-19,3.2398860454559326,3.369083881378174,3.1504409313201904,3.349206924438477,6804068
2016-04-20,3.319391965866089,3.3790218830108643,3.2001330852508545,3.229948043823242,4623673
2016-04-21,3.369083881378174,3.508219957351685,3.349206924438477,3.4386520385742188,10566751
2016-04-22,3.408837080001831,3.448590040206909,3.339268922805786,3.3988990783691406,4797923
2016-04-25,3.6473560333251953,3.7169249057769775,3.4287140369415283,3.4684669971466064,15248384
2016-04-26,3.8063690662384033,3.8262460231781006,3.69704794883728,3.69704794883728,12560087
2016-04-27,4.174086093902588,4.223777770996094,3.836184024810791,3.836184024810791,23713216
2016-04-28,3.885875940322876,4.243655204772949,3.8262460231781006,4.223777770996094,25639183
2016-04-29,3.885875940322876,4.044888973236084,3.7368009090423584,3.8262460231781006,11813174
2016-05-02,3.885875940322876,3.955444097518921,3.7864930629730233,3.8659989833831774,3929016
2016-05-03,3.726862907409668,3.885875940322876,3.69704794883728,3.885875940322876,6710672
2016-05-04,3.5479729175567627,3.81630802154541,3.498281955718994,3.81630802154541,9156829
2016-05-06,3.69704794883728,3.776554107666016,3.4684669971466064,3.5380349159240723,6416722
2016-05-09,3.70698595046997,3.796431064605713,3.70698595046997,3.7368009090423584,3473843
2016-05-10,3.70698595046997,3.7368009090423584,3.607603073120117,3.726862907409668,2577967
2016-05-11,3.657294988632202,3.726862907409668,3.617542028427124,3.7169249057769775,1907910
2016-05-12,3.677170991897583,3.69704794883728,3.6274800300598153,3.6672329902648926,2485420
2016-05-13,3.6672329902648926,3.68710994720459,3.637418031692505,3.6672329902648926,1009919
2016-05-18,3.567850112915039,3.6473560333251953,3.5380349159240723,3.6473560333251953,3493268
2016-05-19,3.4386520385742188,3.5579121112823486,3.329330921173096,3.5579121112823486,5226522
2016-05-20,3.339268922805786,3.4287140369415283,3.100749969482422,3.418776035308838,11139477
2016-05-23,3.329330921173096,3.3591461181640625,3.210071086883545,3.3591461181640625,4498998
2016-05-24,3.299515962600708,3.5181589126586914,3.25976300239563,3.3790218830108643,8971946
2016-05-25,2.782723903656006,2.8821070194244385,2.643588066101074,2.7032179832458496,42716532
2016-05-26,2.6932790279388428,2.872169017791748,2.6833410263061523,2.7926619052886963,15759239
2016-05-27,2.484575033187866,2.673403024673462,2.3653149604797363,2.673403024673462,23205527
2016-05-30,2.673403024673462,2.752908945083618,2.5044519901275635,2.514389991760254,13494777
2016-05-31,2.5243279933929443,2.6932790279388428,2.5044519901275635,2.6932790279388428,7964481
2016-06-01,2.5740199089050293,2.603835105895996,2.4348840713500977,2.554142951965332,6590244
2016-06-02,2.6137731075286865,2.6137731075286865,2.484575033187866,2.5740199089050293,2843267
2016-06-03,2.5740199089050293,2.6137731075286865,2.5442049503326416,2.603835105895996,2566988
2016-06-06,2.4547600746154785,2.5740199089050293,2.40506911277771,2.564081907272339,5854564
2016-06-07,2.444822072982788,2.5243279933929443,2.4150071144104004,2.484575033187866,3726265
2016-06-08,2.3851919174194336,2.4547600746154785,2.106920003890991,2.4547600746154785,15778352
2016-06-09,2.315623998641968,2.3851919174194336,2.2361180782318115,2.3454389572143555,6828713
2016-06-10,2.335500955581665,2.4547600746154785,2.335500955581665,2.3851919174194336,3739386
2016-06-13,2.2559940814971924,2.355376958847046,2.2559940814971924,2.3454389572143555,2959014
2016-06-14,2.0969810485839844,2.265932083129883,2.0969810485839844,2.265932083129883,5606437
2016-06-15,2.1168580055236816,2.176487922668457,2.087043046951294,2.1168580055236816,4265237
2016-06-16,1.9479069709777832,2.087043046951294,1.9379680156707764,2.087043046951294,8516036
2016-06-17,2.1466729640960693,2.1864259243011475,1.9777220487594604,2.017474889755249,5709375
2016-06-20,2.2261788845062256,2.3454389572143555,2.196363925933838,2.2261788845062256,5126337
2016-06-21,2.15661096572876,2.2361180782318115,2.106920003890991,2.2361180782318115,1920242
2016-06-22,1.9876600503921509,2.2063028812408447,1.9379680156707764,2.1864259243011475,15399310
2016-06-23,2.0572280883789062,2.106920003890991,2.0075368881225586,2.017474889755249,10725697
2016-06-24,1.9777220487594604,2.0274128913879395,1.8385850191116333,1.84852397441864,8037938
2016-06-27,1.8584619760513303,1.9975980520248413,1.84852397441864,1.9975980520248413,4912442
2016-06-28,2.047290086746216,2.047290086746216,1.9180920124053955,1.9180920124053955,3775067
2016-06-29,2.16654896736145,2.265932083129883,2.106920003890991,2.136734962463379,5910385
2016-06-30,2.0671660900115967,2.176487922668457,2.047290086746216,2.176487922668457,3277193
2016-07-01,2.126796007156372,2.136734962463379,2.0572280883789062,2.106920003890991,1514957
2016-07-04,2.0572280883789062,2.15661096572876,2.017474889755249,2.15661096572876,1860975
2016-07-05,2.0075368881225586,2.0671660900115967,2.0075368881225586,2.0572280883789062,1353829
2016-07-06,1.9975980520248413,2.047290086746216,1.9876600503921509,2.017474889755249,1261010
2016-07-07,2.017474889755249,2.03735089302063,2.0075368881225586,2.0075368881225586,820471
2016-07-08,2.0075368881225586,2.0274128913879395,1.9578449726104736,1.9876600503921509,2030054
2016-07-11,2.1168580055236816,2.1864259243011475,2.0075368881225586,2.03735089302063,4391961
2016-07-12,2.126796007156372,2.16654896736145,2.087043046951294,2.126796007156372,2056581
2016-07-13,2.1466729640960693,2.16654896736145,2.1168580055236816,2.1466729640960693,1965148
2016-07-14,2.1168580055236816,2.15661096572876,2.087043046951294,2.15661096572876,1282429
2016-07-15,2.106920003890991,2.136734962463379,2.087043046951294,2.1168580055236816,1217784
2016-07-18,2.126796007156372,2.16654896736145,2.087043046951294,2.0969810485839844,1906121
2016-07-19,2.0771050453186035,2.126796007156372,2.0671660900115967,2.126796007156372,1978125
2016-07-20,2.047290086746216,2.126796007156372,1.967782974243164,2.087043046951294,2161324
2016-07-21,2.0274128913879395,2.087043046951294,2.0075368881225586,2.087043046951294,1375541
2016-07-22,2.017474889755249,2.03735089302063,1.9975980520248413,2.03735089302063,754594
2016-07-25,1.9975980520248413,2.0572280883789062,1.9975980520248413,2.0572280883789062,1166784
2016-07-26,2.017474889755249,2.03735089302063,1.9975980520248413,1.9975980520248413,673411
2016-07-27,2.0572280883789062,2.0671660900115967,2.0075368881225586,2.0274128913879395,736327
2016-07-28,2.15661096572876,2.15661096572876,2.0572280883789062,2.0572280883789062,2666087
2016-07-29,2.246056079864502,2.2957470417022705,2.16654896736145,2.176487922668457,6849545
2016-08-01,2.246056079864502,2.315623998641968,2.246056079864502,2.28580904006958,2987127
2016-08-02,2.176487922668457,2.2559940814971924,2.126796007156372,2.2559940814971924,3093249
2016-08-03,2.126796007156372,2.16654896736145,2.0969810485839844,2.15661096572876,1280856
2016-08-04,2.176487922668457,2.216240882873535,2.1168580055236816,2.126796007156372,1883290
2016-08-05,2.16654896736145,2.2063028812408447,2.15661096572876,2.2063028812408447,2078663
2016-08-08,2.265932083129883,2.28580904006958,2.16654896736145,2.1864259243011475,3405214
2016-08-09,2.2261788845062256,2.2758710384368896,2.2261788845062256,2.2758710384368896,2295024
2016-08-10,2.3056859970092773,2.3056859970092773,2.2063028812408447,2.2261788845062256,1585031
2016-08-11,2.265932083129883,2.3056859970092773,2.2559940814971924,2.265932083129883,1604362
2016-08-12,2.196363925933838,2.28580904006958,2.1864259243011475,2.265932083129883,2832174
2016-08-15,2.246056079864502,2.246056079864502,2.1864259243011475,2.2261788845062256,1476462
2016-08-16,2.2261788845062256,2.246056079864502,2.176487922668457,2.246056079864502,1065432
2016-08-17,2.176487922668457,2.2261788845062256,2.15661096572876,2.1864259243011475,1092826
2016-08-18,2.16654896736145,2.216240882873535,2.136734962463379,2.176487922668457,1147435
2016-08-19,2.15661096572876,2.216240882873535,2.126796007156372,2.136734962463379,1115748
2016-08-22,2.2361180782318115,2.3056859970092773,2.2063028812408447,2.246056079864502,3860057
2016-08-23,2.265932083129883,2.2758710384368896,2.2261788845062256,2.246056079864502,1782231
2016-08-24,2.2957470417022705,2.3056859970092773,2.2361180782318115,2.2559940814971924,4110406
2016-08-25,2.2261788845062256,2.265932083129883,2.16654896736145,2.2361180782318115,3064234
2016-08-26,2.2758710384368896,2.28580904006958,2.2361180782318115,2.2559940814971924,2092564
2016-08-29,2.375253915786743,2.464698076248169,2.2559940814971924,2.2758710384368896,6133388
2016-08-30,2.424945116043091,2.474637031555176,2.335500955581665,2.3653149604797363,5057286
2016-08-31,2.514389991760254,2.564081907272339,2.444822072982788,2.444822072982788,7131579
2016-09-01,2.4150071144104004,2.534266948699951,2.395129919052124,2.484575033187866,5296646
2016-09-02,2.603835105895996,2.603835105895996,2.4150071144104004,2.4150071144104004,7570731
2016-09-05,2.7230939865112305,2.83241605758667,2.633650064468384,2.6833410263061523,13939303
2016-09-06,2.673403024673462,2.782723903656006,2.643588066101074,2.782723903656006,4755945
2016-09-07,2.673403024673462,2.742970943450928,2.59389591217041,2.673403024673462,3370510
2016-09-08,2.5740199089050293,2.6634650230407715,2.514389991760254,2.6535260677337646,4356680
2016-09-09,2.643588066101074,2.71315598487854,2.5740199089050293,2.673403024673462,5976133
2016-09-12,2.6634650230407715,2.6634650230407715,2.514389991760254,2.5442049503326416,4452771
2016-09-13,2.6833410263061523,2.7330329418182373,2.6535260677337646,2.6932790279388428,3915604
2016-09-14,2.6535260677337646,2.7032179832458496,2.643588066101074,2.6634650230407715,1837417
2016-09-15,2.534266948699951,2.643588066101074,2.484575033187866,2.643588066101074,3973631
2016-09-16,2.534266948699951,2.5442049503326416,2.484575033187866,2.5243279933929443,1738855
2016-09-19,2.5044519901275635,2.5740199089050293,2.5044519901275635,2.5044519901275635,866634
2016-09-20,2.534266948699951,2.5442049503326416,2.474637031555176,2.484575033187866,1417449
2016-09-21,2.375253915786743,2.534266948699951,2.3653149604797363,2.534266948699951,2355791
2016-09-22,2.3851919174194336,2.444822072982788,2.3851919174194336,2.395129919052124,1574899
2016-09-23,2.315623998641968,2.40506911277771,2.28580904006958,2.40506911277771,2439591
2016-09-26,2.335500955581665,2.335500955581665,2.2361180782318115,2.3056859970092773,2796328
2016-09-27,2.2957470417022705,2.424945116043091,2.2559940814971924,2.3851919174194336,2085949
2016-09-28,2.444822072982788,2.464698076248169,2.2957470417022705,2.335500955581665,4411892
2016-09-29,2.40506911277771,2.4348840713500977,2.395129919052124,2.424945116043091,1939752
2016-09-30,2.4348840713500977,2.4348840713500977,2.335500955581665,2.3851919174194336,2160458
2016-10-03,2.40506911277771,2.4348840713500977,2.3851919174194336,2.4348840713500977,1376795
2016-10-04,2.375253915786743,2.40506911277771,2.3454389572143555,2.40506911277771,2126114
2016-10-05,2.4547600746154785,2.534266948699951,2.325562000274658,2.355376958847046,6024761
2016-10-06,2.4150071144104004,2.484575033187866,2.40506911277771,2.484575033187866,1654118
2016-10-07,2.5044519901275635,2.5243279933929443,2.3851919174194336,2.395129919052124,1728486
2016-10-10,2.633650064468384,2.7032179832458496,2.4547600746154785,2.484575033187866,4636527
2016-10-11,2.59389591217041,2.633650064468384,2.534266948699951,2.6137731075286865,2031734
2016-10-12,2.5740199089050293,2.7330329418182373,2.554142951965332,2.633650064468384,6835248
2016-10-13,2.554142951965332,2.58395791053772,2.4547600746154785,2.5740199089050293,3705290
2016-10-14,2.58395791053772,2.58395791053772,2.5044519901275635,2.564081907272339,1545352
2016-10-17,2.6137731075286865,2.643588066101074,2.534266948699951,2.5740199089050293,2472269
2016-10-18,2.5740199089050293,2.59389591217041,2.514389991760254,2.59389591217041,1809489
2016-10-19,2.633650064468384,2.6634650230407715,2.5442049503326416,2.5740199089050293,2582066
2016-10-20,2.5243279933929443,2.633650064468384,2.4945130348205566,2.633650064468384,3412545
2016-10-21,2.514389991760254,2.554142951965332,2.484575033187866,2.484575033187866,1479558
2016-10-24,2.514389991760254,2.564081907272339,2.4945130348205566,2.534266948699951,1405826
2016-10-25,2.5442049503326416,2.554142951965332,2.4547600746154785,2.534266948699951,1429403
2016-10-26,2.474637031555176,2.5740199089050293,2.474637031555176,2.5740199089050293,2374910
2016-10-27,2.5740199089050293,2.58395791053772,2.464698076248169,2.4945130348205566,1719267
2016-10-28,2.5044519901275635,2.58395791053772,2.5044519901275635,2.58395791053772,1631924
2016-10-31,2.4945130348205566,2.514389991760254,2.464698076248169,2.5044519901275635,727475
2016-11-01,2.4547600746154785,2.4945130348205566,2.424945116043091,2.4945130348205566,1521344
2016-11-02,2.3454389572143555,2.4150071144104004,2.335500955581665,2.4150071144104004,2731782
2016-11-03,2.196363925933838,2.335500955581665,2.1864259243011475,2.3056859970092773,5007386
2016-11-04,2.1864259243011475,2.2261788845062256,2.0671660900115967,2.136734962463379,5877022
2016-11-07,2.136734962463379,2.2559940814971924,2.1168580055236816,2.2361180782318115,1749997
2016-11-08,2.03735089302063,2.1466729640960693,1.9975980520248413,2.1466729640960693,6054316
2016-11-09,2.0969810485839844,2.1168580055236816,1.7888940572738647,1.9180920124053955,7449199
2016-11-10,2.1168580055236816,2.2063028812408447,2.03735089302063,2.1466729640960693,3792043
2016-11-11,2.0969810485839844,2.136734962463379,2.0771050453186035,2.1168580055236816,2023420
2016-11-14,2.0771050453186035,2.1168580055236816,2.0572280883789062,2.106920003890991,1581480
2016-11-15,2.0771050453186035,2.106920003890991,2.047290086746216,2.0771050453186035,1634228
2016-11-16,1.9975980520248413,2.1466729640960693,1.9578449726104736,2.106920003890991,5262490
2016-11-17,1.9876600503921509,2.017474889755249,1.9379680156707764,2.017474889755249,2865180
2016-11-18,2.0075368881225586,2.03735089302063,1.967782974243164,1.9975980520248413,3182870
2016-11-21,2.03735089302063,2.0572280883789062,2.0075368881225586,2.017474889755249,1635271
2016-11-22,2.017474889755249,2.0572280883789062,1.967782974243164,2.0572280883789062,1829792
2016-11-23,2.0075368881225586,2.047290086746216,2.0075368881225586,2.0274128913879395,1434520
2016-11-24,1.9876600503921509,2.0274128913879395,1.9777220487594604,2.0274128913879395,1297312
2016-11-25,1.9777220487594604,2.017474889755249,1.967782974243164,2.0075368881225586,1629451
2016-11-28,2.017474889755249,2.03735089302063,1.9479069709777832,1.9876600503921509,1882320
2016-11-29,1.9975980520248413,2.0274128913879395,1.9777220487594604,2.017474889755249,1456339
2016-11-30,1.9876600503921509,2.017474889755249,1.9777220487594604,2.017474889755249,1678878
2016-12-01,2.0075368881225586,2.017474889755249,1.9578449726104736,1.9975980520248413,2484306
2016-12-02,2.126796007156372,2.1864259243011475,2.0075368881225586,2.0274128913879395,3949564
2016-12-05,2.136734962463379,2.2063028812408447,2.0969810485839844,2.136734962463379,2987900
2016-12-06,2.106920003890991,2.176487922668457,2.087043046951294,2.136734962463379,2281384
2016-12-07,2.087043046951294,2.126796007156372,2.03735089302063,2.106920003890991,1515952
2016-12-08,2.0572280883789062,2.1168580055236816,1.9975980520248413,2.1168580055236816,2817391
2016-12-09,2.0572280883789062,2.0671660900115967,2.017474889755249,2.047290086746216,2773791
2016-12-12,2.0075368881225586,2.047290086746216,1.9777220487594604,2.047290086746216,6417334
2016-12-13,2.047290086746216,2.126796007156372,2.03735089302063,2.087043046951294,4250425
2016-12-14,2.0572280883789062,2.0671660900115967,2.0274128913879395,2.047290086746216,3717350
2016-12-15,2.1168580055236816,2.136734962463379,2.0771050453186035,2.126796007156372,5761978
2016-12-16,2.4150071144104004,2.424945116043091,2.1168580055236816,2.1168580055236816,13497351
2016-12-19,2.464698076248169,2.6833410263061523,2.4547600746154785,2.4945130348205566,13281447
2016-12-20,2.1168580055236816,2.484575033187866,2.087043046951294,2.474637031555176,17744833
2016-12-21,2.03735089302063,2.126796007156372,1.9876600503921509,2.0075368881225586,10485794
2016-12-22,2.047290086746216,2.0969810485839844,2.017474889755249,2.03735089302063,2414820
2016-12-23,2.047290086746216,2.0671660900115967,2.03735089302063,2.0572280883789062,2254367
2016-12-27,2.106920003890991,2.126796007156372,2.0671660900115967,2.087043046951294,2778258
2016-12-28,2.03735089302063,2.106920003890991,2.0274128913879395,2.106920003890991,6052067
2016-12-29,2.017474889755249,2.0572280883789062,2.017474889755249,2.03735089302063,2805873
2016-12-30,2.017474889755249,2.0572280883789062,2.0075368881225586,2.017474889755249,4118267
2017-01-02,2.0771050453186035,2.106920003890991,2.0274128913879395,2.0274128913879395,1862132
2017-01-03,2.0075368881225586,2.0969810485839844,2.0075368881225586,2.087043046951294,5000198
2017-01-04,1.9876600503921509,2.03735089302063,1.9876600503921509,2.0075368881225586,3816537
2017-01-05,1.9975980520248413,2.03735089302063,1.9876600503921509,1.9975980520248413,2110488
2017-01-06,2.0771050453186035,2.0771050453186035,2.0075368881225586,2.0274128913879395,3289643
2017-01-09,2.0274128913879395,2.087043046951294,2.0274128913879395,2.0771050453186035,4041562
2017-01-10,2.0572280883789062,2.087043046951294,2.0274128913879395,2.0274128913879395,1378068
2017-01-11,2.0671660900115967,2.0771050453186035,2.03735089302063,2.0671660900115967,1110147
2017-01-12,2.0274128913879395,2.0671660900115967,2.017474889755249,2.0671660900115967,2092935
2017-01-13,2.017474889755249,2.047290086746216,2.0075368881225586,2.047290086746216,2071703
2017-01-16,1.9975980520248413,2.0274128913879395,1.9975980520248413,2.017474889755249,2202298
2017-01-17,2.0075368881225586,2.017474889755249,1.9777220487594604,2.017474889755249,2808474
2017-01-18,2.017474889755249,2.047290086746216,1.9975980520248413,2.017474889755249,2194443
2017-01-19,2.0671660900115967,2.15661096572876,2.0671660900115967,2.0671660900115967,10489457
2017-01-20,2.03735089302063,2.0969810485839844,2.03735089302063,2.0671660900115967,2242700
2017-01-23,2.017474889755249,2.0572280883789062,2.017474889755249,2.047290086746216,2026923
2017-01-24,2.03735089302063,2.0671660900115967,2.0075368881225586,2.0274128913879395,2454574
2017-01-25,2.0075368881225586,2.0572280883789062,2.0075368881225586,2.047290086746216,5150997
2017-01-26,2.017474889755249,2.0274128913879395,2.0075368881225586,2.0075368881225586,1174240
2017-01-27,2.0075368881225586,2.0274128913879395,1.9975980520248413,2.017474889755249,2175342
2017-01-30,2.0075368881225586,2.0274128913879395,1.9876600503921509,2.017474889755249,2394819
2017-01-31,1.9876600503921509,2.017474889755249,1.9578449726104736,2.017474889755249,3140814
2017-02-01,1.9578449726104736,2.0274128913879395,1.9379680156707764,1.9777220487594604,3804405
2017-02-02,1.9479069709777832,2.0075368881225586,1.9479069709777832,1.9777220487594604,1907985
2017-02-03,1.888277053833008,1.9479069709777832,1.868399977684021,1.9479069709777832,5457224
2017-02-06,2.017474889755249,2.03735089302063,1.908154010772705,1.9379680156707764,6657976
2017-02-07,2.0572280883789062,2.0671660900115967,2.0075368881225586,2.017474889755249,3901826
2017-02-08,2.0075368881225586,2.0572280883789062,1.9777220487594604,2.0572280883789062,4522579
2017-02-09,2.0075368881225586,2.03735089302063,1.9876600503921509,2.0075368881225586,2220761
2017-02-10,2.017474889755249,2.03735089302063,2.0075368881225586,2.0075368881225586,1862724
2017-02-13,2.0771050453186035,2.0771050453186035,2.0075368881225586,2.0274128913879395,4232426
2017-02-14,2.126796007156372,2.1864259243011475,2.106920003890991,2.176487922668457,7766500
2017-02-15,2.106920003890991,2.176487922668457,2.03735089302063,2.126796007156372,8371308
2017-02-16,2.03735089302063,2.126796007156372,2.0274128913879395,2.126796007156372,5220474
2017-02-17,2.017474889755249,2.0572280883789062,1.9975980520248413,2.0572280883789062,2853526
2017-02-20,2.6137731075286865,2.7032179832458496,2.2361180782318115,2.40506911277771,47143571
2017-02-21,2.7926619052886963,3.180255889892578,2.7330329418182373,2.981489896774292,72585660
2017-02-22,2.8821070194244385,2.9317989349365234,2.7230939865112305,2.7926619052886963,32216876
2017-02-23,2.9218599796295166,3.070935010910034,2.8821070194244385,2.911921977996826,20759093
2017-02-24,2.901983976364136,2.9317989349365234,2.83241605758667,2.9317989349365234,6886390
2017-02-27,2.911921977996826,2.961613893508911,2.892045021057129,2.961613893508911,4679425
2017-02-28,2.822477102279663,2.9218599796295166,2.752908945083618,2.8821070194244385,15759348
2017-03-01,2.8821070194244385,2.8821070194244385,2.7926619052886963,2.8423540592193604,4423056
2017-03-02,2.8423540592193604,2.9218599796295166,2.8125391006469727,2.9218599796295166,3963556
2017-03-03,2.782723903656006,2.8423540592193604,2.762847900390625,2.8423540592193604,3984047
2017-03-06,2.335500955581665,2.901983976364136,2.315623998641968,2.8821070194244385,64211243
2017-03-07,2.2361180782318115,2.474637031555176,2.196363925933838,2.2957470417022705,36572226
2017-03-08,2.16654896736145,2.3454389572143555,2.1168580055236816,2.265932083129883,30792823
2017-03-09,2.1168580055236816,2.1864259243011475,2.0771050453186035,2.15661096572876,15225451
2017-03-10,2.315623998641968,2.4150071144104004,2.136734962463379,2.136734962463379,21571769
2017-03-13,2.265932083129883,2.3851919174194336,2.2559940814971924,2.3454389572143555,9670043
2017-03-14,2.1864259243011475,2.2559940814971924,2.136734962463379,2.2559940814971924,7487846
2017-03-15,2.16654896736145,2.216240882873535,2.15661096572876,2.176487922668457,2896514
2017-03-16,2.16654896736145,2.2063028812408447,2.1466729640960693,2.1864259243011475,2242463
2017-03-17,2.1864259243011475,2.2063028812408447,2.126796007156372,2.15661096572876,6017181
2017-03-20,2.176487922668457,2.2261788845062256,2.16654896736145,2.2063028812408447,3486646
2017-03-21,2.136734962463379,2.176487922668457,2.1168580055236816,2.176487922668457,3325198
2017-03-22,2.0671660900115967,2.106920003890991,1.9975980520248413,2.106920003890991,5552097
2017-03-23,2.126796007156372,2.136734962463379,2.0671660900115967,2.087043046951294,2315204
2017-03-24,2.087043046951294,2.136734962463379,2.0771050453186035,2.126796007156372,3037285
2017-03-27,2.0969810485839844,2.246056079864502,2.087043046951294,2.2063028812408447,12394927
2017-03-28,2.15661096572876,2.16654896736145,2.1168580055236816,2.15661096572876,4395752
2017-03-29,2.15661096572876,2.176487922668457,2.136734962463379,2.15661096572876,3812479
2017-03-30,2.126796007156372,2.16654896736145,2.1168580055236816,2.16654896736145,2908374
2017-03-31,2.0771050453186035,2.136734962463379,2.0771050453186035,2.126796007156372,3254568
2017-04-03,2.047290086746216,2.087043046951294,2.0274128913879395,2.087043046951294,3903806
2017-04-04,2.0671660900115967,2.0969810485839844,2.0274128913879395,2.047290086746216,3457887
2017-04-05,2.0572280883789062,2.126796007156372,2.0572280883789062,2.0969810485839844,3639450
2017-04-06,2.1466729640960693,2.15661096572876,2.03735089302063,2.0771050453186035,4860870
2017-04-07,2.1466729640960693,2.176487922668457,2.1168580055236816,2.126796007156372,5125934
2017-04-10,2.1864259243011475,2.216240882873535,2.15661096572876,2.15661096572876,3135332
2017-04-11,2.196363925933838,2.2261788845062256,2.1864259243011475,2.216240882873535,2250253
2017-04-12,2.196363925933838,2.2063028812408447,2.176487922668457,2.2063028812408447,1667821
2017-04-13,2.196363925933838,2.196363925933838,2.196363925933838,2.196363925933838,0
2017-04-18,2.15661096572876,2.2063028812408447,2.1168580055236816,2.2063028812408447,3464144
2017-04-19,2.15661096572876,2.16654896736145,2.126796007156372,2.15661096572876,2257010
2017-04-20,2.16654896736145,2.2361180782318115,2.136734962463379,2.136734962463379,3855541
2017-04-21,2.126796007156372,2.176487922668457,2.0969810485839844,2.16654896736145,2342842
2017-04-24,2.136734962463379,2.15661096572876,2.0969810485839844,2.126796007156372,3306589
2017-04-25,2.136734962463379,2.15661096572876,2.1168580055236816,2.136734962463379,2768377
2017-04-26,2.126796007156372,2.136734962463379,2.106920003890991,2.136734962463379,1603961
2017-04-27,2.126796007156372,2.15661096572876,2.106920003890991,2.15661096572876,2001450
2017-04-28,2.246056079864502,2.3056859970092773,2.16654896736145,2.2063028812408447,13352110
2017-05-02,2.2261788845062256,2.265932083129883,2.196363925933838,2.265932083129883,3165321
2017-05-03,2.1864259243011475,2.216240882873535,2.136734962463379,2.216240882873535,2520159
2017-05-04,2.16654896736145,2.1864259243011475,2.1466729640960693,2.1864259243011475,1570183
2017-05-05,2.1864259243011475,2.1864259243011475,2.136734962463379,2.16654896736145,1993449
2017-05-08,2.1864259243011475,2.2063028812408447,2.16654896736145,2.1864259243011475,1450955
2017-05-09,2.15661096572876,2.196363925933838,2.1466729640960693,2.1864259243011475,3358928
2017-05-10,2.16654896736145,2.1864259243011475,2.1466729640960693,2.15661096572876,1709523
2017-05-11,2.126796007156372,2.176487922668457,2.0969810485839844,2.176487922668457,4420733
2017-05-12,2.1466729640960693,2.1466729640960693,2.106920003890991,2.1466729640960693,1450413
2017-05-15,2.0969810485839844,2.16654896736145,2.0969810485839844,2.15661096572876,1636655
2017-05-16,2.047290086746216,2.1168580055236816,2.047290086746216,2.1168580055236816,3972711
2017-05-18,2.017474889755249,2.0671660900115967,2.0075368881225586,2.047290086746216,4896136
2017-05-19,2.0572280883789062,2.0771050453186035,2.0274128913879395,2.0274128913879395,1253717
2017-05-22,2.0671660900115967,2.106920003890991,2.047290086746216,2.0671660900115967,1098335
2017-05-23,2.047290086746216,2.087043046951294,2.03735089302063,2.087043046951294,1165472
2017-05-24,2.1168580055236816,2.136734962463379,2.047290086746216,2.047290086746216,2396117
2017-05-26,2.176487922668457,2.1864259243011475,2.126796007156372,2.16654896736145,3941340
2017-05-29,2.1466729640960693,2.176487922668457,2.136734962463379,2.176487922668457,1634565
2017-05-30,2.126796007156372,2.1466729640960693,2.106920003890991,2.136734962463379,1105280
2017-05-31,2.1168580055236816,2.136734962463379,2.106920003890991,2.126796007156372,1584821
2017-06-01,2.087043046951294,2.126796007156372,2.0771050453186035,2.1168580055236816,2348765
2017-06-02,2.126796007156372,2.136734962463379,2.087043046951294,2.106920003890991,1431537
2017-06-06,2.0671660900115967,2.136734962463379,2.0671660900115967,2.136734962463379,1884706
2017-06-07,1.967782974243164,2.0969810485839844,1.7392020225524902,2.087043046951294,11652843
2017-06-08,1.8783390522003167,1.9876600503921509,1.808771014213562,1.9777220487594604,6612141
2017-06-09,1.8584619760513303,1.868399977684021,1.7888940572738647,1.84852397441864,5327940
2017-06-12,1.6696339845657349,1.9479069709777832,1.6596959829330444,1.868399977684021,18355278
2017-06-13,2.246056079864502,2.265932083129883,1.9777220487594604,2.136734962463379,51796988
2017-06-14,2.28580904006958,2.4945130348205566,2.246056079864502,2.315623998641968,40142150
2017-06-15,2.2063028812408447,2.2957470417022705,2.126796007156372,2.28580904006958,10496103
2017-06-16,2.15661096572876,2.1864259243011475,2.1168580055236816,2.1864259243011475,7216918
2017-06-19,2.2361180782318115,2.265932083129883,2.126796007156372,2.15661096572876,6048994
2017-06-20,2.16654896736145,2.2559940814971924,2.15661096572876,2.246056079864502,5403902
2017-06-21,2.1864259243011475,2.2063028812408447,2.1466729640960693,2.15661096572876,2139357
2017-06-22,2.196363925933838,2.196363925933838,2.15661096572876,2.176487922668457,2729548
2017-06-23,2.16654896736145,2.2261788845062256,2.15661096572876,2.2063028812408447,2902661
2017-06-26,2.2063028812408447,2.2063028812408447,2.1168580055236816,2.1864259243011475,3588949
2017-06-27,2.15661096572876,2.2063028812408447,2.15661096572876,2.2063028812408447,1391195
2017-06-28,2.15661096572876,2.15661096572876,2.126796007156372,2.15661096572876,958405
2017-06-29,2.1466729640960693,2.16654896736145,2.136734962463379,2.15661096572876,884086
2017-06-30,2.28580904006958,2.3653149604797363,2.1168580055236816,2.15661096572876,17399824
2017-07-03,2.216240882873535,2.2758710384368896,2.1864259243011475,2.2758710384368896,7546136
2017-07-04,2.2063028812408447,2.2361180782318115,2.176487922668457,2.176487922668457,3852519
2017-07-05,2.2559940814971924,2.3056859970092773,2.1864259243011475,2.2063028812408447,7712724
2017-07-06,2.335500955581665,2.3851919174194336,2.246056079864502,2.2758710384368896,10695040
2017-07-07,2.4547600746154785,2.4547600746154785,2.325562000274658,2.335500955581665,9197358
2017-07-10,2.534266948699951,2.603835105895996,2.4547600746154785,2.4547600746154785,11430740
2017-07-11,2.5442049503326416,2.58395791053772,2.4945130348205566,2.534266948699951,8318671
2017-07-12,2.534266948699951,2.554142951965332,2.5044519901275635,2.534266948699951,5132847
2017-07-13,2.474637031555176,2.554142951965332,2.424945116043091,2.534266948699951,6002390
2017-07-14,2.395129919052124,2.4945130348205566,2.3454389572143555,2.4945130348205566,9933559
2017-07-17,2.484575033187866,2.4945130348205566,2.3851919174194336,2.3851919174194336,4748055
2017-07-18,2.484575033187866,2.5243279933929443,2.464698076248169,2.484575033187866,5528384
2017-07-19,2.464698076248169,2.484575033187866,2.4547600746154785,2.484575033187866,2100807
2017-07-20,2.464698076248169,2.474637031555176,2.4150071144104004,2.464698076248169,2931431
2017-07-21,2.4150071144104004,2.464698076248169,2.4150071144104004,2.464698076248169,2595316
2017-07-24,2.4547600746154785,2.464698076248169,2.3851919174194336,2.4150071144104004,2379237
2017-07-25,2.633650064468384,2.6535260677337646,2.474637031555176,2.5044519901275635,9895688
2017-07-26,2.554142951965332,2.6833410263061523,2.554142951965332,2.6833410263061523,7517272
2017-07-27,2.5740199089050293,2.59389591217041,2.514389991760254,2.564081907272339,3274191
2017-07-28,2.603835105895996,2.633650064468384,2.5740199089050293,2.58395791053772,4492579
2017-07-31,2.5740199089050293,2.6535260677337646,2.5442049503326416,2.623711109161377,4132403
2017-08-01,2.5740199089050293,2.603835105895996,2.534266948699951,2.534266948699951,2508857
2017-08-02,2.554142951965332,2.59389591217041,2.5442049503326416,2.58395791053772,1925995
2017-08-03,2.5740199089050293,2.603835105895996,2.554142951965332,2.564081907272339,3235509
2017-08-04,2.623711109161377,2.633650064468384,2.5740199089050293,2.5740199089050293,4076940
2017-08-07,2.7330329418182373,2.752908945083618,2.633650064468384,2.633650064468384,6690309
2017-08-08,2.742970943450928,2.762847900390625,2.7032179832458496,2.7330329418182373,4082933
2017-08-09,2.782723903656006,2.8125391006469727,2.742970943450928,2.742970943450928,5615414
2017-08-10,2.782723903656006,2.83241605758667,2.7727859020233154,2.8026010990142822,3845357
2017-08-11,2.71315598487854,2.752908945083618,2.633650064468384,2.7330329418182373,7225917
2017-08-14,2.7230939865112305,2.7330329418182373,2.633650064468384,2.7230939865112305,5574749
2017-08-15,2.71315598487854,2.7727859020233154,2.6932790279388428,2.7230939865112305,3464150
2017-08-16,2.59389591217041,2.7032179832458496,2.534266948699951,2.7032179832458496,9566917
2017-08-17,2.554142951965332,2.59389591217041,2.4945130348205566,2.58395791053772,5368894
2017-08-18,2.484575033187866,2.5243279933929443,2.464698076248169,2.5044519901275635,5087710
2017-08-21,2.4150071144104004,2.5044519901275635,2.4150071144104004,2.5044519901275635,4207351
2017-08-22,2.534266948699951,2.623711109161377,2.4150071144104004,2.4150071144104004,5199575
2017-08-23,2.534266948699951,2.564081907272339,2.484575033187866,2.564081907272339,2878175
2017-08-24,2.534266948699951,2.603835105895996,2.3851919174194336,2.514389991760254,5877216
2017-08-25,2.534266948699951,2.58395791053772,2.534266948699951,2.5442049503326416,5510392
2017-08-28,2.5044519901275635,2.564081907272339,2.4945130348205566,2.5442049503326416,2272077
2017-08-29,2.4547600746154785,2.5044519901275635,2.424945116043091,2.5044519901275635,4926634
2017-08-30,2.464698076248169,2.5044519901275635,2.444822072982788,2.464698076248169,2945561
2017-08-31,2.3851919174194336,2.484575033187866,2.375253915786743,2.474637031555176,6233458
2017-09-01,2.3454389572143555,2.4150071144104004,2.335500955581665,2.375253915786743,6483200
2017-09-04,2.3851919174194336,2.424945116043091,2.3454389572143555,2.355376958847046,5133136
2017-09-05,2.484575033187866,2.5243279933929443,2.355376958847046,2.3851919174194336,4826401
2017-09-06,2.444822072982788,2.484575033187866,2.4348840713500977,2.444822072982788,2608472
2017-09-07,2.4150071144104004,2.474637031555176,2.40506911277771,2.4547600746154785,2559445
2017-09-08,2.4150071144104004,2.444822072982788,2.3851919174194336,2.4150071144104004,2852898
2017-09-11,2.5442049503326416,2.5740199089050293,2.40506911277771,2.4150071144104004,11837562
2017-09-12,2.464698076248169,2.58395791053772,2.464698076248169,2.5740199089050293,5984847
2017-09-13,2.484575033187866,2.4945130348205566,2.444822072982788,2.484575033187866,2411248
2017-09-14,2.464698076248169,2.4945130348205566,2.444822072982788,2.4945130348205566,1631726
2017-09-15,2.464698076248169,2.484575033187866,2.4348840713500977,2.464698076248169,2906355
2017-09-18,2.5442049503326416,2.5740199089050293,2.4945130348205566,2.5044519901275635,6954651
2017-09-19,2.534266948699951,2.58395791053772,2.5044519901275635,2.58395791053772,5801737
2017-09-20,2.464698076248169,2.514389991760254,2.4547600746154785,2.514389991760254,5300513
2017-09-21,2.4547600746154785,2.4945130348205566,2.444822072982788,2.484575033187866,4462284
2017-09-22,2.6833410263061523,2.782723903656006,2.484575033187866,2.5243279933929443,30163780
2017-09-25,2.762847900390625,2.9218599796295166,2.762847900390625,2.872169017791748,22266677
2017-09-26,2.782723903656006,2.822477102279663,2.673403024673462,2.742970943450928,9840328
2017-09-27,2.83241605758667,2.872169017791748,2.762847900390625,2.782723903656006,12088089
2017-09-28,2.778398036956787,2.788356065750122,2.539396047592163,2.539396047592163,82485086
2017-09-29,2.678813934326172,2.8082730770111084,2.5593130588531494,2.798315048217773,27576154
2017-10-02,2.5991458892822266,2.7385640144348145,2.5991458892822266,2.6489388942718506,11582285
2017-10-03,2.5692710876464844,2.638979911804199,2.549354076385498,2.638979911804199,11203163
2017-10-04,2.5891880989074707,2.609105110168457,2.5692710876464844,2.5692710876464844,4110577
2017-10-05,2.579230070114136,2.6688549518585205,2.579230070114136,2.5891880989074707,8997242
2017-10-06,2.5692710876464844,2.609105110168457,2.549354076385498,2.609105110168457,4804611
2017-10-09,2.539396047592163,2.5891880989074707,2.529438018798828,2.5891880989074707,6927357
2017-10-10,2.758481025695801,2.768440008163452,2.5692710876464844,2.5891880989074707,24641037
2017-10-11,2.708688974380493,2.768440008163452,2.678813934326172,2.768440008163452,11957533
2017-10-12,2.768440008163452,2.8082730770111084,2.688771963119507,2.708688974380493,11593741
2017-10-13,2.768440008163452,2.8082730770111084,2.758481025695801,2.788356065750122,8710205
2017-10-16,2.778398036956787,2.81823205947876,2.768440008163452,2.778398036956787,7089305
2017-10-17,2.748522996902466,2.788356065750122,2.698730945587158,2.788356065750122,9127400
2017-10-18,2.8082730770111084,2.8281900882720947,2.748522996902466,2.778398036956787,9037667
2017-10-19,2.8680241107940674,2.917815923690796,2.8082730770111084,2.8082730770111084,12714771
2017-10-20,2.8879408836364746,2.927773952484131,2.858064889907837,2.8879408836364746,9737192
2017-10-23,2.927773952484131,2.9775660037994385,2.8779819011688232,2.8779819011688232,10490380
2017-10-24,2.9078569412231445,2.947690963745117,2.8779819011688232,2.9377329349517822,6414293
2017-10-25,2.848107099533081,2.9078569412231445,2.848107099533081,2.9078569412231445,4889272
2017-10-26,2.8779819011688232,2.8978989124298096,2.848107099533081,2.848107099533081,4605739
2017-10-27,2.848107099533081,2.9078569412231445,2.8381481170654297,2.8879408836364746,4454110
2017-10-30,2.8779819011688232,2.927773952484131,2.858064889907837,2.858064889907837,5786295
2017-10-31,2.778398036956787,2.927773952484131,2.678813934326172,2.8978989124298096,13392105
2017-11-01,2.638979911804199,2.8082730770111084,2.638979911804199,2.778398036956787,16716413
2017-11-02,2.678813934326172,2.758481025695801,2.5891880989074707,2.658896923065185,10270702
2017-11-03,2.748522996902466,2.758481025695801,2.678813934326172,2.708688974380493,6891687
2017-11-06,2.698730945587158,2.788356065750122,2.6688549518585205,2.768440008163452,5978617
2017-11-07,2.7286059856414795,2.7286059856414795,2.6290218830108643,2.678813934326172,8905753
2017-11-08,2.708688974380493,2.8082730770111084,2.698730945587158,2.7286059856414795,5636819
2017-11-09,2.7385640144348145,2.768440008163452,2.6489388942718506,2.7385640144348145,4830734
2017-11-10,2.778398036956787,2.81823205947876,2.768440008163452,2.778398036956787,9444626
2017-11-13,2.858064889907837,2.858064889907837,2.788356065750122,2.81823205947876,6195000
2017-11-14,2.848107099533081,2.8680241107940674,2.758481025695801,2.8281900882720947,4845829
2017-11-15,2.7286059856414795,2.8082730770111084,2.698730945587158,2.8082730770111084,5811940
2017-11-16,2.947690963745117,3.007441997528076,2.8680241107940674,2.9377329349517822,35601046
2017-11-17,2.917815923690796,3.027358055114746,2.9078569412231445,3.017400026321411,22505609
2017-11-20,2.858064889907837,2.927773952484131,2.848107099533081,2.917815923690796,5597288
2017-11-21,2.798315048217773,2.8281900882720947,2.748522996902466,2.8281900882720947,8690210
2017-11-22,2.778398036956787,2.8082730770111084,2.768440008163452,2.798315048217773,3629831
2017-11-23,2.758481025695801,2.778398036956787,2.7385640144348145,2.758481025695801,3148974
2017-11-24,2.778398036956787,2.798315048217773,2.7385640144348145,2.768440008163452,4106572
2017-11-27,2.8879408836364746,2.9377329349517822,2.81823205947876,2.848107099533081,9305173
2017-11-28,2.9676079750061035,2.9676079750061035,2.8779819011688232,2.8978989124298096,8754873
2017-11-29,3.1269431114196777,3.166775941848755,2.9775660037994385,2.9775660037994385,27071561
2017-11-30,3.0472750663757324,3.166775941848755,3.0472750663757324,3.15681791305542,11481192
2017-12-01,3.186692953109741,3.226526975631714,3.007441997528076,3.0472750663757324,18050855
2017-12-04,3.1369009017944336,3.2066099643707275,3.017400026321411,3.07715106010437,19178073
2017-12-05,3.3559861183166504,3.3659451007843018,3.166775941848755,3.166775941848755,28787370
2017-12-06,3.336069107055664,3.445611953735352,3.296236038208008,3.3659451007843018,19313126
2017-12-07,3.2862770557403564,3.3759028911590576,3.2165679931640625,3.3659451007843018,10635783
2017-12-08,3.3559861183166504,3.3759028911590576,3.3061940670013428,3.336069107055664,7768469
2017-12-11,3.505362033843994,3.515321016311645,3.3061940670013428,3.3559861183166504,15566000
2017-12-12,3.555155038833618,3.634821891784668,3.505362033843994,3.535238027572632,19886581
2017-12-13,3.704530954360962,3.734405994415283,3.565113067626953,3.5949881076812744,20981305
2017-12-14,3.3858609199523926,3.6149051189422607,3.3460280895233154,3.485445976257324,39630049
2017-12-15,3.495404005050659,3.535238027572632,3.395819902420044,3.395819902420044,11641216
2017-12-18,3.465528964996338,3.515321016311645,3.1966519355773926,3.485445976257324,29676352
2017-12-19,3.3858609199523926,3.575071096420288,3.3659451007843018,3.485445976257324,12187629
2017-12-20,3.336069107055664,3.4157369136810303,3.26636004447937,3.4157369136810303,10731518
2017-12-21,3.3858609199523926,3.475486993789673,3.3659451007843018,3.405777931213379,8486486
2017-12-22,3.395819902420044,3.4356539249420166,3.3559861183166504,3.405777931213379,4829509
2017-12-27,3.3759028911590576,3.425694942474365,3.3460280895233154,3.395819902420044,2838266
2017-12-28,3.3759028911590576,3.3759028911590576,3.3061940670013428,3.3759028911590576,6900030
2017-12-29,3.326111078262329,3.3858609199523926,3.326111078262329,3.3858609199523926,3172271
2018-01-02,3.3380610942840576,3.381877899169922,3.336069107055664,3.3460280895233154,3445839
2018-01-03,3.3002190589904785,3.3659451007843018,3.276319026947021,3.3559861183166504,3726886
2018-01-04,3.296236038208008,3.350011110305786,3.28826904296875,3.3061940670013428,5823850
2018-01-05,3.320136070251465,3.320136070251465,3.2384769916534424,3.3141610622406006,7686886
2018-01-08,3.26636004447937,3.3559861183166504,3.26636004447937,3.336069107055664,6229318
2018-01-09,3.184700965881348,3.296236038208008,3.1647849082946777,3.26636004447937,10500188
2018-01-10,3.2066099643707275,3.2066099643707275,3.087109088897705,3.194659948348999,8783284
2018-01-11,3.28428602218628,3.320136070251465,3.194659948348999,3.226526975631714,6028994
2018-01-12,3.256402015686035,3.28826904296875,3.218559980392456,3.2862770557403564,3461140
2018-01-15,3.3559861183166504,3.3938279151916504,3.2205519676208496,3.2544100284576416,7784241
2018-01-16,3.3081860542297363,3.4356539249420166,3.3061940670013428,3.3858609199523926,7219536
2018-01-17,3.2384769916534424,3.3221280574798584,3.236485004425049,3.316153049468994,3758524
2018-01-18,3.2384769916534424,3.280302047729492,3.208601951599121,3.240468978881836,5054627
2018-01-19,3.228518009185791,3.2862770557403564,3.226526975631714,3.2862770557403564,3450093
2018-01-22,3.2145769596099854,3.268352031707764,3.1986429691314697,3.236485004425049,3319943
2018-01-23,3.236485004425049,3.2822940349578857,3.218559980392456,3.2205519676208496,3211250
2018-01-24,3.2384769916534424,3.26636004447937,3.2165679931640625,3.236485004425049,2822839
2018-01-25,3.296236038208008,3.3320860862731934,3.226526975631714,3.2524189949035645,4719811
2018-01-26,3.3281030654907227,3.3460280895233154,3.26636004447937,3.2922520637512207,4687606
2018-01-29,3.226526975631714,3.3659451007843018,3.2165679931640625,3.3460280895233154,5795813
2018-01-30,3.1070261001586914,3.2165679931640625,3.1070261001586914,3.2165679931640625,6871302
2018-01-31,3.039309024810791,3.146858930587769,3.007441997528076,3.07715106010437,9860617
2018-02-01,3.1309258937835693,3.1309258937835693,3.037317037582397,3.039309024810791,4409746
2018-02-02,3.039309024810791,3.186692953109741,3.039309024810791,3.186692953109741,4816623
2018-02-05,2.8680241107940674,2.997483015060425,2.848107099533081,2.98752498626709,12093926
2018-02-06,2.826198101043701,2.8281900882720947,2.5593130588531494,2.5971550941467285,20397075
2018-02-07,2.7943310737609863,2.9377329349517822,2.7206389904022217,2.9377329349517822,10545229
2018-02-08,2.758481025695801,2.8680241107940674,2.7465310096740723,2.798315048217773,5041634
2018-02-09,2.734580993652344,2.7385640144348145,2.6031301021575928,2.6031301021575928,7827837
2018-02-12,2.81823205947876,2.81823205947876,2.7385640144348145,2.788356065750122,4108561
2018-02-13,2.92379093170166,2.927773952484131,2.842132091522217,2.848107099533081,5388463
2018-02-14,2.917815923690796,2.9676079750061035,2.8003060817718506,2.945698976516724,5350506
2018-02-15,2.8919239044189453,2.9954910278320312,2.8879408836364746,2.947690963745117,7152225
2018-02-16,2.98752498626709,3.07715106010437,2.957648992538452,3.07715106010437,8675590
2018-02-19,2.963624954223633,3.0472750663757324,2.9377329349517822,3.027358055114746,4541204
2018-02-20,3.158809900283813,3.208601951599121,2.951673984527588,2.9676079750061035,9394669
2018-02-21,3.1966519355773926,3.2165679931640625,3.1369009017944336,3.166775941848755,5023060
2018-02-22,3.166775941848755,3.192667961120605,3.1269431114196777,3.186692953109741,4081817
2018-02-23,3.150842905044556,3.186692953109741,3.1269431114196777,3.186692953109741,3585750
2018-02-26,3.124950885772705,3.180717945098877,3.09706711769104,3.15681791305542,3838220
2018-02-27,3.116983890533448,3.13490891456604,3.071175098419189,3.1269431114196777,3737426
2018-02-28,3.116983890533448,3.148850917816162,3.087109088897705,3.087109088897705,2833013
2018-03-01,3.02935004234314,3.116983890533448,2.9377329349517822,3.105034112930298,5730918
2018-03-02,2.941715955734253,3.0233750343322754,2.927773952484131,2.98752498626709,4585122
2018-03-05,2.955657958984375,2.993499994277954,2.909848928451538,2.941715955734253,4206215
2018-03-06,3.037317037582397,3.0691840648651123,2.98752498626709,2.98752498626709,3896346
2018-03-07,2.997483015060425,3.035325050354004,2.9377329349517822,3.0233750343322754,3936503
2018-03-08,3.0134170055389404,3.059225082397461,2.979557991027832,2.997483015060425,2742063
2018-03-09,3.071175098419189,3.081134080886841,3.007441997528076,3.007441997528076,4048754
2018-03-12,3.059225082397461,3.116983890533448,3.045284032821656,3.07715106010437,2113162
2018-03-13,3.111008882522583,3.1269431114196777,3.0671920776367188,3.0671920776367188,2773916
2018-03-14,3.1767349243164062,3.186692953109741,3.11897611618042,3.1369009017944336,4999715
2018-03-15,3.2165679931640625,3.236485004425049,3.186692953109741,3.1966519355773926,4525472
2018-03-16,3.15681791305542,3.2205519676208496,3.128933906555176,3.2165679931640625,4179533
2018-03-19,3.0333330631256104,3.152833938598633,2.9994750022888184,3.1269431114196777,4915659
2018-03-20,3.089101076126098,3.1149919033050537,3.039309024810791,3.0671920776367188,3508455
2018-03-21,3.0612170696258545,3.132917881011963,3.0612170696258545,3.132917881011963,3640488
2018-03-22,2.997483015060425,3.0831260681152344,2.98752498626709,3.075159072875977,4070720
2018-03-23,3.065200090408325,3.087109088897705,2.919807910919189,2.957648992538452,4336339
2018-03-26,3.0671920776367188,3.075159072875977,2.997483015060425,3.065200090408325,2233590
2018-03-27,3.0233750343322754,3.116983890533448,3.017400026321411,3.087109088897705,3696744
2018-03-28,2.973582983016968,3.003458023071289,2.955657958984375,2.98752498626709,2075985
2018-04-03,2.9377329349517822,3.07715106010437,2.842132091522217,3.0671920776367188,11813354
2018-04-04,2.778398036956787,2.96561598777771,2.748522996902466,2.947690963745117,10234373
2018-04-05,2.662879943847656,2.8381481170654297,2.503545999526977,2.798315048217773,21322352
2018-04-06,2.617072105407715,2.646946907043457,2.5672800540924072,2.5891880989074707,5455431
2018-04-09,2.684788942337036,2.688771963119507,2.5991458892822266,2.5991458892822266,4585413
2018-04-10,2.8779819011688232,2.917815923690796,2.698730945587158,2.718647003173828,5782642
2018-04-11,2.832173109054565,2.9078569412231445,2.798315048217773,2.8879408836364746,5206015
2018-04-12,2.7226309776306152,2.8401401042938232,2.654913902282715,2.8381481170654297,7793916
2018-04-13,2.708688974380493,2.726613998413086,2.688771963119507,2.718647003173828,3664024
2018-04-16,2.698730945587158,2.748522996902466,2.670846939086914,2.7385640144348145,2633986
2018-04-17,2.8082730770111084,2.8082730770111084,2.6907639503479004,2.6967389583587646,3081324
2018-04-18,2.758481025695801,2.8082730770111084,2.7047059535980225,2.8082730770111084,4882502
2018-04-19,2.730597972869873,2.758481025695801,2.698730945587158,2.758481025695801,3341221
2018-04-20,2.7604730129241943,2.7744150161743164,2.6907639503479004,2.7286059856414795,4435764
2018-04-23,2.718647003173828,2.778398036956787,2.698730945587158,2.768440008163452,2388349
2018-04-24,2.688771963119507,2.7385640144348145,2.6489388942718506,2.718647003173828,4136190
2018-04-25,2.660888910293579,2.688771963119507,2.6290218830108643,2.6748299598693848,2338245
2018-04-26,2.702713966369629,2.7286059856414795,2.658896923065185,2.666863918304444,2827321
2018-04-27,2.740556001663208,2.758481025695801,2.650929927825928,2.7286059856414795,3921026
2018-04-30,2.7664480209350586,2.7803900241851807,2.688771963119507,2.7744150161743164,2392232
2018-05-02,2.810265064239502,2.8779819011688232,2.768440008163452,2.768440008163452,4352583
2018-05-03,2.792340040206909,2.885948896408081,2.7525060176849365,2.81823205947876,9482405
2018-05-04,2.8003060817718506,2.8879408836364746,2.758481025695801,2.870014905929565,5431067
2018-05-07,2.730597972869873,2.816240072250366,2.708688974380493,2.802298069000244,2858279
2018-05-08,2.7206389904022217,2.8281900882720947,2.716655969619751,2.750514030456543,4072490
2018-05-09,2.848107099533081,2.8779819011688232,2.7286059856414795,2.7385640144348145,6809979
2018-05-11,2.98752498626709,2.98752498626709,2.8919239044189453,2.927773952484131,7183393
2018-05-14,2.951673984527588,3.0851171016693115,2.947690963745117,3.037317037582397,7079133
2018-05-15,3.0054500102996826,3.0472750663757324,2.8779819011688232,2.947690963745117,4274044
2018-05-16,2.979557991027832,2.997483015060425,2.9496829509735107,2.997483015060425,3472404
2018-05-18,3.025367021560669,3.025367021560669,2.957648992538452,2.98752498626709,3884071
2018-05-22,3.0054500102996826,3.045284032821656,2.9676079750061035,3.025367021560669,3561898
2018-05-23,2.9217989444732666,2.9855329990386963,2.8978989124298096,2.9855329990386963,3487966
2018-05-24,2.951673984527588,2.953665971755981,2.917815923690796,2.9217989444732666,2203760
2018-05-25,2.881966114044189,2.9377329349517822,2.848107099533081,2.917815923690796,2115337
2018-05-28,2.8978989124298096,2.913831949234009,2.848107099533081,2.858064889907837,1921317
2018-05-29,2.870014905929565,2.9078569412231445,2.858064889907837,2.9078569412231445,1096460
2018-05-30,2.8839569091796875,2.8978989124298096,2.8381481170654297,2.8680241107940674,2064680
2018-05-31,3.1149919033050537,3.1149919033050537,2.879973888397217,2.879973888397217,14998674
2018-06-01,3.09706711769104,3.228518009185791,3.0831260681152344,3.186692953109741,16054163
2018-06-04,2.9775660037994385,3.07715106010437,2.9676079750061035,3.07715106010437,8662012
2018-06-05,3.0552420616149902,3.065200090408325,2.9775660037994385,2.9954910278320312,4013334
2018-06-06,3.0671920776367188,3.095076084136963,3.011425018310547,3.087109088897705,4808869
2018-06-07,3.049267053604126,3.0851171016693115,3.041300058364868,3.0671920776367188,2163663
2018-06-08,3.02935004234314,3.045284032821656,3.007441997528076,3.027358055114746,2398112
2018-06-11,3.116983890533448,3.1369009017944336,3.037317037582397,3.037317037582397,9400972
2018-06-12,3.0472750663757324,3.124950885772705,3.041300058364868,3.116983890533448,4087499
2018-06-13,2.9954910278320312,3.0472750663757324,2.953665971755981,3.0472750663757324,4157093
2018-06-14,2.9755749702453613,3.0094330310821533,2.957648992538452,2.98752498626709,3563787
2018-06-15,2.9755749702453613,2.98752498626709,2.9437079429626465,2.9755749702453613,2019439
2018-06-18,3.027358055114746,3.035325050354004,2.909848928451538,2.9755749702453613,3443334
2018-06-19,2.96163296699524,3.02935004234314,2.9496829509735107,3.027358055114746,2010468
2018-06-20,2.9676079750061035,3.003458023071289,2.947690963745117,2.9676079750061035,2219808
2018-06-21,2.9676079750061035,2.9676079750061035,2.9078569412231445,2.9676079750061035,2721650
2018-06-22,2.909848928451538,2.955657958984375,2.8919239044189453,2.9217989444732666,2347216
2018-06-25,2.889931917190552,2.9855329990386963,2.8839569091796875,2.8978989124298096,4043267
2018-06-26,2.810265064239502,2.893915891647339,2.810265064239502,2.8879408836364746,2741308
2018-06-27,2.8839569091796875,2.8839569091796875,2.788356065750122,2.788356065750122,2391495
2018-06-28,3.4535789489746094,3.662704944610596,3.316153049468994,3.535238027572632,81250485
2018-06-29,3.176733016967773,3.2565510272979736,3.1727418899536133,3.192697048187256,50404459
2018-07-02,3.1667559146881104,3.2385919094085693,3.132833957672119,3.192697048187256,10490408
2018-07-03,3.192697048187256,3.200679063796997,3.0789570808410645,3.200679063796997,21923466
2018-07-04,3.0789570808410645,3.192697048187256,3.062993049621582,3.192697048187256,10985469
2018-07-05,3.1607699394226074,3.1827199459075928,3.104897975921631,3.152787923812866,12244204
2018-07-06,3.1667559146881104,3.212651014328003,3.1068930625915527,3.152787923812866,14265674
2018-07-09,3.252559900283813,3.3104279041290283,3.192697048187256,3.222628116607666,11878662
2018-07-10,3.376276969909668,3.390244960784912,3.282490968704224,3.292469024658203,15864291
2018-07-11,3.3503360748291016,3.4181809425354004,3.308432102203369,3.382262945175171,11096200
2018-07-12,3.282490968704224,3.3503360748291016,3.27251410484314,3.3503360748291016,7339970
2018-07-13,3.252559900283813,3.3323769569396973,3.2326059341430664,3.300450086593628,6695621
2018-07-16,3.200679063796997,3.2665278911590576,3.1627650260925293,3.252559900283813,5861933
2018-07-17,3.1727418899536133,3.200679063796997,3.1627650260925293,3.196687936782837,4075054
2018-07-18,3.192697048187256,3.230609893798828,3.178729057312012,3.192697048187256,2949831
2018-07-19,3.178729057312012,3.212651014328003,3.1627650260925293,3.2086598873138428,2666870
2018-07-20,3.174737930297852,3.1907010078430176,3.152787923812866,3.1727418899536133,3076030
2018-07-23,3.1807239055633545,3.1907010078430176,3.1507930755615234,3.1827199459075928,2723816
2018-07-24,3.2326059341430664,3.2346010208129883,3.192697048187256,3.212651014328003,4078290
2018-07-25,3.302445888519287,3.3204050064086914,3.2286150455474854,3.2326059341430664,7183173
2018-07-26,3.3423550128936768,3.3503360748291016,3.302445888519287,3.3503360748291016,4585041
2018-07-27,3.382262945175171,3.382262945175171,3.3423550128936768,3.35233211517334,6999444
2018-07-30,3.370290994644165,3.3882501125335693,3.3323769569396973,3.3882501125335693,5783073
2018-07-31,3.222628116607666,3.3423550128936768,3.192697048187256,3.3423550128936768,11579021
2018-08-01,3.192697048187256,3.252559900283813,3.1807239055633545,3.242583036422729,4080752
2018-08-02,3.186711072921753,3.210655927658081,3.152787923812866,3.176733016967773,3995190
2018-08-03,3.200679063796997,3.212651014328003,3.1727418899536133,3.186711072921753,3431107
2018-08-06,3.2326059341430664,3.2326059341430664,3.1807239055633545,3.212651014328003,3320966
2018-08-07,3.23659610748291,3.302445888519287,3.2326059341430664,3.292469024658203,4258445
2018-08-08,3.362308979034424,3.412194967269897,3.20267391204834,3.278501033782959,18799631
2018-08-09,3.3503360748291016,3.372286081314087,3.31242299079895,3.370290994644165,5237871
2018-08-10,3.302445888519287,3.344350099563598,3.274509906768799,3.344350099563598,5833596
2018-08-13,3.288477897644043,3.3343729972839355,3.2326059341430664,3.262537002563477,4041592
2018-08-14,3.3323769569396973,3.3403589725494385,3.274509906768799,3.292469024658203,4771910
2018-08-15,3.274509906768799,3.3423550128936768,3.2665278911590576,3.3323769569396973,6066716
2018-08-16,3.2804958820343018,3.318408966064453,3.252559900283813,3.3164141178131104,5297504
2018-08-17,3.3503360748291016,3.3503360748291016,3.262537002563477,3.292469024658203,9403870
2018-08-20,3.402218103408813,3.4161860942840576,3.3323769569396973,3.34834098815918,10723100
2018-08-21,3.521944046020508,3.521944046020508,3.402218103408813,3.4221720695495605,14138481
2018-08-22,3.492012023925781,3.541898012161255,3.424166917800904,3.521944046020508,14722331
2018-08-23,3.4261629581451416,3.492012023925781,3.3224000930786133,3.492012023925781,14847021
2018-08-24,3.4301540851593018,3.482034921646118,3.344350099563598,3.482034921646118,9710123
2018-08-27,3.5059800148010254,3.525934934616089,3.41419005393982,3.41419005393982,10557461
2018-08-28,3.631692886352539,3.651647090911865,3.442126035690308,3.507976055145264,18190394
2018-08-29,3.5917840003967285,3.671601057052612,3.5758209228515625,3.5917840003967285,15681756
2018-08-30,3.543894052505493,3.601761102676392,3.519948005676269,3.601761102676392,7932660
2018-08-31,3.565843105316162,3.5877931118011475,3.472058057785034,3.492012023925781,6534799
2018-09-03,3.701533079147339,3.723483085632324,3.573824882507324,3.5957748889923096,18388370
2018-09-04,3.5917840003967285,3.741441965103149,3.571830034255981,3.721487045288086,13816687
2018-09-05,3.637679100036621,3.641669988632202,3.492012023925781,3.589788913726806,11197427
2018-09-06,3.611737966537476,3.6696059703826895,3.571830034255981,3.633687973022461,7388013
2018-09-07,3.589788913726806,3.611737966537476,3.521944046020508,3.611737966537476,8363804
2018-09-10,3.541898012161255,3.581806898117065,3.488020896911621,3.581806898117065,7612460
2018-09-11,3.452102899551392,3.541898012161255,3.4221720695495605,3.541898012161255,8284141
2018-09-12,3.472058057785034,3.49001693725586,3.4221720695495605,3.452102899551392,4805069
2018-09-13,3.4261629581451416,3.472058057785034,3.4082040786743164,3.472058057785034,4789359
2018-09-14,3.541898012161255,3.561851978302002,3.4181809425354004,3.442126035690308,6641587
2018-09-17,3.5917840003967285,3.611737966537476,3.472058057785034,3.541898012161255,10041106
2018-09-18,3.581806898117065,3.62969708442688,3.549880027770996,3.571830034255981,6232283
2018-09-19,3.521944046020508,3.5937790870666504,3.478044033050537,3.5917840003967285,7371613
2018-09-20,3.531920909881592,3.541898012161255,3.492012023925781,3.5039849281311035,4260709
2018-09-21,3.609743118286133,3.609743118286133,3.507976055145264,3.539902925491333,6710223
2018-09-24,3.5678389072418213,3.641669988632202,3.543894052505493,3.609743118286133,6501809
2018-09-25,3.5239388942718506,3.589788913726806,3.519948005676269,3.573824882507324,4930000
2018-09-26,3.543894052505493,3.551875114440918,3.492012023925781,3.5239388942718506,5172535
2018-09-27,3.777359962463379,3.84121298789978,3.543894052505493,3.543894052505493,25838004
2018-09-28,3.861167907714844,3.940984964370728,3.777359962463379,3.807291030883789,26080887
2018-10-01,4.024794101715088,4.036766052246094,3.911053895950317,3.942981004714966,24907103
2018-10-02,4.290186882019043,4.316126823425293,4.090642929077148,4.090642929077148,37471793
2018-10-03,4.190414905548096,4.332090854644775,4.060710906982422,4.2742228507995605,22022076
2018-10-04,4.657347202301025,4.719204902648926,4.194406032562256,4.23032283782959,52157312
2018-10-05,4.5994791984558105,5.06840705871582,4.535624980926514,4.689273834228516,50090362
2018-10-08,4.709228038787842,4.87883996963501,4.6194329261779785,4.709228038787842,27162857
2018-10-09,4.282205104827881,4.699251174926758,4.21236515045166,4.699251174926758,41563539
2018-10-10,4.413904190063477,4.469776153564453,4.144519805908203,4.352045059204102,28761100
2018-10-11,4.100619792938232,4.158487796783447,3.7534139156341553,3.99286699295044,55539807
2018-10-12,4.180438041687012,4.220345973968506,4.072683811187744,4.100619792938232,23133050
2018-10-15,4.270232200622559,4.286196231842041,4.094634056091309,4.206377983093262,13790017
2018-10-16,4.6194329261779785,4.629411220550537,4.24229621887207,4.290186882019043,29059350
2018-10-17,4.529638767242432,4.828954219818115,4.425876140594482,4.739160060882568,27922200
2018-10-18,4.489729881286621,4.631405830383301,4.391953945159912,4.529638767242432,14280481
2018-10-19,4.539616107940674,4.557575225830078,4.391953945159912,4.439844131469727,20749611
2018-10-22,4.5116801261901855,4.651360034942627,4.489729881286621,4.539616107940674,15115505
2018-10-23,4.290186882019043,4.5316338539123535,4.23032283782959,4.491725921630859,19594796
2018-10-24,4.4198899269104,4.485739231109619,4.290186882019043,4.368009090423584,18383241
2018-10-25,4.479753017425537,4.499707221984863,4.110597133636475,4.270232200622559,28798608
2018-10-26,4.330094814300537,4.479753017425537,4.280209064483643,4.479753017425537,10525879
2018-10-29,4.270232200622559,4.439844131469727,4.2562642097473145,4.320117950439453,16035488
2018-10-30,4.304154872894287,4.366013050079346,4.216354846954346,4.272227764129639,14823457
2018-10-31,4.310141086578369,4.360026836395264,4.2562642097473145,4.320117950439453,8361366
2018-11-01,4.0088300704956055,4.116583824157715,3.84121298789978,3.84121298789978,39792708
2018-11-02,4.190414905548096,4.202386856079102,4.010826110839844,4.052730083465576,12264370
2018-11-05,4.459798812866211,4.509684085845947,4.172455787658691,4.240301132202148,19232921
2018-11-06,4.519661903381348,4.667324066162109,4.483744144439697,4.639388084411621,17085644
2018-11-07,4.541611194610596,4.609456062316895,4.5116801261901855,4.5695481300354,8942723
2018-11-08,4.479753017425537,4.579524993896484,4.340072154998779,4.579524993896484,12297184
2018-11-09,4.447825908660889,4.507688999176025,4.373994827270508,4.425876140594482,5962201
2018-11-12,4.389957904815674,4.505693912506104,4.370004177093506,4.459798812866211,4526831
2018-11-13,4.35004997253418,4.38397216796875,4.2742228507995605,4.340072154998779,6000526
2018-11-14,4.467780113220215,4.529638767242432,4.290186882019043,4.340072154998779,9865381
2018-11-15,4.58750581741333,4.669319152832031,4.489729881286621,4.509684085845947,13948660
2018-11-16,4.677300930023193,4.679296970367432,4.5994791984558105,4.629411220550537,9150542
2018-11-19,4.5116801261901855,4.72918176651001,4.495716094970703,4.689273834228516,10833716
2018-11-20,4.23830509185791,4.485739231109619,4.172455787658691,4.479753017425537,15780815
2018-11-21,4.270232200622559,4.370004177093506,4.210369110107422,4.21236515045166,10150310
2018-11-22,4.320117950439453,4.354040145874023,4.23032283782959,4.272227764129639,4485578
2018-11-23,4.236310005187988,4.342068195343018,4.040757179260254,4.342068195343018,9365551
2018-11-26,4.250277996063232,4.276217937469482,4.178442001342773,4.236310005187988,6118574
2018-11-27,4.4238810539245605,4.4238810539245605,4.210369110107422,4.248281955718994,6281705
2018-11-28,4.529638767242432,4.539616107940674,4.320117950439453,4.469776153564453,9766705
2018-11-29,4.527643203735352,4.577528953552246,4.429866790771484,4.529638767242432,8299272
2018-11-30,4.627415180206299,4.627415180206299,4.4498209953308105,4.539616107940674,32021217
2018-12-03,4.649364948272705,4.689273834228516,4.571543216705322,4.651360034942627,9245619
2018-12-04,4.539616107940674,4.651360034942627,4.493721008300781,4.635396957397461,7302928
2018-12-05,4.509684085845947,4.527643203735352,4.348053932189941,4.439844131469727,6281905
2018-12-06,4.23431396484375,4.4438347816467285,4.202386856079102,4.4338579177856445,10582408
2018-12-07,4.24229621887207,4.405921936035156,4.24229621887207,4.340072154998779,7602879
2018-12-10,4.120573997497559,4.190414905548096,4.09263801574707,4.190414905548096,6982490
2018-12-11,4.360026836395264,4.411908149719238,4.140529155731201,4.140529155731201,8146276
2018-12-12,4.509684085845947,4.509684085845947,4.3719987869262695,4.385966777801514,7181663
2018-12-13,4.559569835662842,4.5695481300354,4.447825908660889,4.505693912506104,6224620
2018-12-14,4.505693912506104,4.689273834228516,4.4498209953308105,4.5994791984558105,13972675
2018-12-17,4.5695481300354,4.629411220550537,4.4338579177856445,4.493721008300781,8893343
2018-12-18,4.563560962677002,4.607460975646973,4.405921936035156,4.589501857757568,11843529
2018-12-19,4.655351161956787,4.667324066162109,4.499707221984863,4.52564811706543,10234276
2018-12-20,4.589501857757568,4.631405830383301,4.519661903381348,4.5695481300354,9349270
2018-12-21,4.609456062316895,4.677300930023193,4.545601844787598,4.589501857757568,22586214
2018-12-27,4.399936199188232,4.717209815979004,4.389957904815674,4.615443229675293,14137779
2018-12-28,4.6034698486328125,4.685283184051514,4.4498209953308105,4.4498209953308105,17650027
2019-01-02,4.928726196289063,4.9387030601501465,4.601474761962891,4.629411220550537,26571322
2019-01-03,4.87883996963501,4.988588809967041,4.810995101928711,4.906775951385498,24347100
2019-01-04,5.233029842376709,5.44753885269165,4.958658218383789,4.958658218383789,59567306
2019-01-07,5.208086967468262,5.432573795318604,5.198110103607178,5.407630920410156,22298225
2019-01-08,5.158201217651367,5.317835807800293,5.058428764343262,5.223052978515625,20356031
2019-01-09,5.352756023406982,5.367722034454346,5.1083149909973145,5.168178081512451,13386312
2019-01-10,5.238018989562988,5.362732887268066,5.198110103607178,5.352756023406982,10586051
2019-01-11,5.282916069030762,5.312847137451172,5.188132762908936,5.282916069030762,7194523
2019-01-14,5.238018989562988,5.287903785705566,5.203097820281982,5.287903785705566,5619033
2019-01-15,5.138247013092041,5.282916069030762,5.1083149909973145,5.247995853424072,7179103
2019-01-16,5.178154945373535,5.238018989562988,5.048451900482178,5.158201217651367,6341118
2019-01-17,5.238018989562988,5.30286979675293,5.198110103607178,5.238018989562988,5602760
2019-01-18,5.307858943939209,5.312847137451172,5.243007183074951,5.272939205169678,5743710
2019-01-21,5.37769889831543,5.387675762176514,5.297882080078125,5.297882080078125,7907611
2019-01-22,5.317835807800293,5.422595977783203,5.292892932891846,5.387675762176514,8175839
2019-01-23,5.41760778427124,5.427585124969482,5.287903785705566,5.287903785705566,7778267
2019-01-24,5.667037010192871,5.667037010192871,5.357745170593262,5.41760778427124,19207324
2019-01-25,5.657060146331787,5.771798133850098,5.617150783538818,5.706945896148682,16515250
2019-01-28,5.881546974182129,5.9563751220703125,5.662048816680908,5.667037010192871,22820797
2019-01-29,5.996284008026123,6.036192893981934,5.906489849090576,5.966352939605713,22264092
2019-01-30,5.916467189788818,6.02621603012085,5.856604099273682,6.016239166259766,12391432
2019-01-31,5.568850994110107,5.643768787384033,5.503922939300537,5.54387903213501,37375160
2019-02-01,5.5938239097595215,5.633780002593994,5.513912200927734,5.5938239097595215,10021294
2019-02-04,5.673736095428467,5.708696842193604,5.573845863342285,5.5938239097595215,7357890
2019-02-05,5.718686103820801,5.783614158630371,5.5938239097595215,5.718686103820801,10196368
2019-02-06,5.693714141845703,5.7236809730529785,5.648763179779053,5.718686103820801,6051324
2019-02-07,5.304143905639648,5.683724880218506,5.184276103973389,5.673736095428467,24264732
2019-02-08,5.194264888763428,5.274177074432373,5.024453163146973,5.274177074432373,17517967
2019-02-11,5.364078044891357,5.434000015258789,5.174286842346191,5.24420976638794,9641070
2019-02-12,5.324121952056885,5.473956108093262,5.269182205200195,5.458972930908203,8685144
2019-02-13,5.434000015258789,5.434000015258789,5.279170989990234,5.324121952056885,5897058
2019-02-14,5.379061222076416,5.4639668464660645,5.304143905639648,5.448984146118164,6727543
2019-02-15,5.35408878326416,5.434000015258789,5.314133167266846,5.384056091308594,4060090
2019-02-18,5.259192943572998,5.409028053283691,5.24420976638794,5.384056091308594,5796133
2019-02-19,4.978503227233887,5.259192943572998,4.856637954711914,5.249204158782959,19336320
2019-02-20,4.838657855987549,4.972509860992432,4.836659908294678,4.924562931060791,13088929
2019-02-21,5.099370002746582,5.12434196472168,4.756748199462891,4.794705867767334,14670013
2019-02-22,5.2342209815979,5.319127082824707,5.134331226348877,5.144320011138916,12668363
2019-02-25,5.434000015258789,5.488939762115479,5.344099998474121,5.369071960449219,13392181
2019-02-26,5.224232196807861,5.4639668464660645,5.179282188415527,5.434000015258789,10075962
2019-02-27,5.294155120849609,5.458972930908203,5.044429779052734,5.114353179931641,15240855
2019-02-28,5.304143905639648,5.404033184051514,5.219236850738525,5.35408878326416,6444392
2019-03-01,5.483944892883301,5.668741226196289,5.394043922424316,5.4190168380737305,13772469
2019-03-04,5.503922939300537,5.583835124969482,5.434000015258789,5.54387903213501,5237937
2019-03-05,5.443988800048828,5.5338897705078125,5.414021968841553,5.503922939300537,5269014
2019-03-06,5.513912200927734,5.528895854949951,5.409028053283691,5.4639668464660645,4972300
2019-03-07,5.399038791656494,5.523900985717773,5.364078044891357,5.523900985717773,4738465
2019-03-08,5.344099998474121,5.409028053283691,5.294155120849609,5.394043922424316,5619367
2019-03-11,5.503922939300537,5.568850994110107,5.364078044891357,5.394043922424316,10474850
2019-03-12,5.668741226196289,5.72867488861084,5.5338897705078125,5.563857078552246,9398601
2019-03-13,5.803592205047607,5.8385539054870605,5.673736095428467,5.693714141845703,10897306
2019-03-14,5.788609027862549,5.843547821044922,5.733670234680176,5.8235697746276855,9929087
2019-03-15,5.783614158630371,5.808587074279785,5.6987080574035645,5.79360294342041,4631421
2019-03-18,5.803592205047607,5.843547821044922,5.71369218826294,5.79360294342041,5995728
2019-03-19,5.878509998321533,5.9284539222717285,5.813580989837647,5.813580989837647,7542759
2019-03-20,5.933448791503906,5.96341609954834,5.853537082672119,5.8835039138793945,7077494
2019-03-21,6.138223171234131,6.143217086791992,5.943438053131104,5.96341609954834,19176187
2019-03-22,5.8835039138793945,6.193161964416504,5.8835039138793945,6.133227825164795,15009148
2019-03-25,5.6987080574035645,5.8235697746276855,5.558863162994385,5.79360294342041,14552352
2019-03-26,5.808587074279785,5.9284539222717285,5.79360294342041,5.8235697746276855,9647856
2019-03-27,5.678730010986328,5.783614158630371,5.613801956176758,5.743659019470215,9176985
2019-03-28,5.693714141845703,5.718686103820801,5.568850994110107,5.643768787384033,7902405
2019-03-29,5.808587074279785,5.818575859069824,5.7236809730529785,5.79360294342041,6176319
2019-04-01,5.923460006713867,6.033339023590088,5.843547821044922,5.873515129089356,9673017
2019-04-02,6.0832839012146,6.0832839012146,5.878509998321533,5.9284539222717285,9849306
2019-04-03,5.913471221923828,6.113249778747559,5.913471221923828,6.093273162841797,10693863
2019-04-04,6.0033721923828125,6.023349761962891,5.8385539054870605,5.943438053131104,7949280
2019-04-05,5.8835039138793945,5.983394145965576,5.658751964569092,5.983394145965576,15289110
2019-04-08,5.79360294342041,5.873515129089356,5.763636112213135,5.873515129089356,7907229
2019-04-09,5.683724880218506,5.8235697746276855,5.653758049011231,5.798597812652588,6119240
2019-04-10,5.79360294342041,5.848543167114258,5.693714141845703,5.693714141845703,6316366
2019-04-11,5.773624897003174,5.848543167114258,5.72867488861084,5.843547821044922,3781329
2019-04-12,5.923460006713867,5.923460006713867,5.743659019470215,5.778619766235352,8928782
2019-04-15,6.143217086791992,6.143217086791992,5.97839879989624,5.993382930755615,13606894
2019-04-16,6.173183917999268,6.238112926483154,6.118245124816895,6.153205871582031,13082187
2019-04-17,6.173183917999268,6.173183917999268,6.173183917999268,6.173183917999268,0
2019-04-23,6.068299770355225,6.143217086791992,5.893493175506592,6.093273162841797,14837327
2019-04-24,6.043327808380127,6.0732951164245605,5.9284539222717285,6.023349761962891,7030244
2019-04-25,6.088277816772461,6.203151226043701,5.993382930755615,6.0033721923828125,9870081
2019-04-26,6.502820014953613,6.507814884185791,6.093273162841797,6.093273162841797,31054011
2019-04-29,7.0022687911987305,7.00726318359375,6.542776107788086,6.542776107788086,33817090
2019-04-30,7.232015132904053,7.391839027404785,6.867417812347412,7.092169761657715,40580738
2019-05-02,7.871310234069824,7.986183166503906,7.2919487953186035,7.341894149780273,42150535
2019-05-03,7.941232204437256,8.141012191772461,7.31192684173584,7.9212541580200195,28522935
2019-05-06,7.606602191925049,7.851332187652588,7.401827812194824,7.811376094818115,24849564
2019-05-07,7.47175121307373,7.7014970779418945,7.431795120239258,7.6415629386901855,15826425
2019-05-08,8.45067024230957,8.630471229553223,7.47175121307373,7.47175121307373,60410673
2019-05-09,7.991177082061768,8.68541145324707,7.941232204437256,8.560548782348633,39698821
2019-05-10,8.540571212768555,8.665432929992676,8.09106731414795,8.09106731414795,36237638
2019-05-13,8.405719757080078,9.030030250549316,8.340790748596191,8.630471229553223,46201971
2019-05-14,8.240901947021484,8.620482444763184,8.146005630493164,8.500615119934082,26316288
2019-05-15,8.21093463897705,8.440681457519531,7.991177082061768,8.295841217041016,19835555
2019-05-16,8.29084587097168,8.380746841430664,8.131023406982422,8.315818786621094,13133420
2019-05-20,8.345786094665527,8.655444145202637,8.190957069396973,8.395730972290039,18170700
2019-05-21,8.510603904724121,8.545564651489258,8.270868301391602,8.375753402709961,13026508
2019-05-22,8.770317077636719,8.790294647216797,8.490626335144043,8.570537567138672,18300892
2019-05-23,8.600504875183105,8.815266609191895,8.52558708190918,8.770317077636719,16872164
2019-05-24,8.900174140930176,8.93014144897461,8.600504875183105,8.600504875183105,12555674
2019-05-27,9.28974437713623,9.28974437713623,8.940130233764648,8.990074157714844,24495098
2019-05-28,9.094959259033203,9.764220237731934,8.750338554382324,9.504507064819336,54084250
2019-05-29,8.52558708190918,8.980085372924805,8.180968284606934,8.890185356140137,39023092
2019-05-31,7.96620512008667,8.390735626220703,7.491728782653809,8.29084587097168,52102178
2019-06-03,8.29084587097168,8.375753402709961,7.741453170776367,7.951220989227295,26788535
2019-06-04,7.042224884033203,7.581628799438477,6.742556095123291,7.381849765777588,95220736
2019-06-05,6.877407073974609,7.202047824859619,6.822466850280762,7.137119770050049,42042111
2019-06-06,6.402931213378906,6.897385120391846,6.253096103668213,6.89238977432251,52470867
2019-06-07,7.042224884033203,7.057208061218262,6.2930521965026855,6.402931213378906,51047578
2019-06-11,5.7536468505859375,6.188168048858643,5.019457817077637,5.5938239097595215,118869620
2019-06-12,5.12434196472168,5.733670234680176,5.024453163146973,5.613801956176758,70291510
2019-06-13,5.833559036254883,6.0732951164245605,4.261294841766357,4.44509220123291,188502105
2019-06-14,5.758642196655273,6.208146095275879,5.558863162994385,6.113249778747559,62748460
2019-06-17,5.893493175506592,6.1631951332092285,5.693714141845703,5.893493175506592,54949488
2019-06-18,5.688718795776367,5.943438053131104,5.653758049011231,5.933448791503906,26124964
2019-06-19,5.54387903213501,5.658751964569092,5.189270973205566,5.643768787384033,40603317
2019-06-20,5.718686103820801,5.788609027862549,5.558863162994385,5.5938239097595215,18995316
2019-06-21,5.673736095428467,5.773624897003174,5.573845863342285,5.693714141845703,13704447
2019-06-24,5.7236809730529785,6.013360977172852,5.703702926635742,5.758642196655273,20851052
2019-06-25,5.833559036254883,5.933448791503906,5.7236809730529785,5.893493175506592,11090422
2019-06-26,5.7686309814453125,5.893493175506592,5.763636112213135,5.893493175506592,16041138
2019-06-27,6.318024158477783,6.342997074127197,5.688718795776367,5.798597812652588,25569661
2019-06-28,6.912367820739746,7.19205904006958,6.422908782958984,6.492831230163574,74961484
2019-07-01,7.17208194732666,7.31192684173584,6.887395858764648,7.092169761657715,58300061
2019-07-02,7.411817073822021,7.571640014648437,7.242003917694092,7.286954879760742,51661693
2019-07-03,7.491728782653809,7.571640014648437,7.162093162536621,7.401827812194824,32884041
2019-07-04,7.686513900756836,7.811376094818115,7.526690006256103,7.541673183441162,36745830
2019-07-05,7.636569023132324,7.871310234069824,7.606602191925049,7.771420001983643,17370059
2019-07-08,7.222025871276855,7.541673183441162,7.167087078094482,7.526690006256103,30360860
2019-07-09,6.757538795471191,7.112147808074951,6.642665863037109,6.992280006408691,28294941
2019-07-10,6.827462196350098,7.137119770050049,6.682621955871582,6.792500972747803,18713369
2019-07-11,7.067196846008301,7.072192192077637,6.767528057098389,6.932345867156982,20648903
2019-07-12,7.022246837615967,7.19205904006958,6.842444896697998,7.092169761657715,16223056
2019-07-15,6.98728609085083,7.092169761657715,6.952323913574219,7.082180976867676,8878737
2019-07-16,7.06220293045044,7.112147808074951,6.992280006408691,7.027241230010986,7246534
2019-07-17,6.932345867156982,7.057208061218262,6.917363166809082,7.057208061218262,7631106
2019-07-18,6.507814884185791,6.882400989532471,6.467858791351318,6.842444896697998,14370265
2019-07-19,6.777516841888428,6.902379035949707,6.557759761810303,6.592720985412598,14119389
2019-07-22,7.017251968383789,7.087174892425537,6.792500972747803,6.792500972747803,18966906
2019-07-23,6.842444896697998,7.112147808074951,6.762534141540527,7.012258052825928,14145011
2019-07-24,6.94233512878418,7.112147808074951,6.89238977432251,6.89238977432251,10703529
2019-07-25,6.94233512878418,7.092169761657715,6.792500972747803,6.952323913574219,19620119
2019-07-26,6.972301959991455,7.012258052825928,6.872412204742432,6.94233512878418,8856706
2019-07-29,7.242003917694092,7.251993179321289,6.972301959991455,6.972301959991455,19660066
2019-07-30,7.092169761657715,7.341894149780273,6.982291221618652,7.271971225738525,18942401
2019-07-31,6.962313175201416,7.152103900909424,6.917363166809082,7.122137069702148,11302992
2019-08-01,7.102159023284912,7.117142200469971,6.857429027557373,6.922357082366943,13710927
2019-08-02,6.992280006408691,7.102159023284912,6.902379035949707,6.94233512878418,9449317
2019-08-05,6.647659778594971,6.98728609085083,6.647659778594971,6.932345867156982,13162870
2019-08-06,6.762534141540527,6.932345867156982,6.492831230163574,6.592720985412598,13764978
2019-08-07,6.572742938995361,6.867417812347412,6.527792930603027,6.777516841888428,8951685
2019-08-08,6.882400989532471,7.032236099243164,6.682621955871582,6.692611217498779,22089971
2019-08-09,6.742556095123291,7.032236099243164,6.702600002288818,6.932345867156982,8641947
2019-08-12,6.877407073974609,6.912367820739746,6.727571964263916,6.792500972747803,11692682
2019-08-13,6.847439765930176,6.89238977432251,6.582732200622559,6.782512187957764,15199825
2019-08-14,6.203151226043701,6.842444896697998,6.203151226043701,6.842444896697998,22294951
2019-08-15,5.873515129089356,6.283062934875488,5.5788397789001465,6.093273162841797,38566544
2019-08-16,6.407925128936768,6.442886829376221,6.0583109855651855,6.108255863189697,28248512
2019-08-19,6.592720985412598,6.782512187957764,6.372963905334473,6.592720985412598,14570980
2019-08-20,6.762534141540527,6.857429027557373,6.472853183746338,6.662643909454346,17823898
2019-08-21,6.582732200622559,6.777516841888428,6.572742938995361,6.772522926330566,9976729
2019-08-22,6.577737808227539,6.697605133056641,6.422908782958984,6.592720985412598,13376320
2019-08-23,6.462863922119141,6.737561225891113,6.3330078125,6.582732200622559,11623447
2019-08-26,6.372963905334473,6.552764892578125,6.118245124816895,6.143217086791992,19548585
2019-08-27,6.28805685043335,6.542776107788086,6.268080234527588,6.457870006561279,13510196
2019-08-28,6.313029766082764,6.532786846160889,6.093273162841797,6.392941951751709,21674827
2019-08-29,6.757538795471191,6.792500972747803,6.372963905334473,6.412919998168945,24307291
2019-08-30,6.762534141540527,6.992280006408691,6.657649040222168,6.802490234375,18153097
2019-09-02,7.217031955718994,7.242003917694092,6.797494888305664,6.862422943115234,29674577
2019-09-03,7.082180976867676,7.451773166656494,7.022246837615967,7.2919487953186035,32472875
2019-09-04,7.157097816467285,7.31192684173584,7.082180976867676,7.227021217346191,20285700
2019-09-05,7.3968329429626465,7.451773166656494,7.1770758628845215,7.232015132904053,17940728
2019-09-06,7.261981964111328,7.536678791046143,7.242003917694092,7.3968329429626465,15820858
2019-09-09,7.19205904006958,7.371860980987549,7.157097816467285,7.351882934570312,7093348
2019-09-10,7.261981964111328,7.286954879760742,7.162093162536621,7.227021217346191,5352643
2019-09-11,7.242003917694092,7.321916103363037,7.197053909301758,7.2919487953186035,5701168
2019-09-12,7.256988048553467,7.286954879760742,7.152103900909424,7.242003917694092,7635533
2019-09-13,7.286954879760742,7.2919487953186035,7.232015132904053,7.281960010528564,4290192
2019-09-16,7.391839027404785,7.436789035797119,7.256988048553467,7.2969441413879395,9090538
2019-09-17,7.47175121307373,7.6415629386901855,7.271971225738525,7.411817073822021,16449922
2019-09-18,8.230913162231445,8.260878562927246,7.551661968231201,7.591618061065674,43548635
2019-09-19,7.971199035644531,8.335797309875488,7.9212541580200195,8.270868301391602,29706604
2019-09-20,7.941232204437256,8.031132698059082,7.7614312171936035,7.971199035644531,10450122
2019-09-23,8.270868301391602,8.410714149475098,7.956215858459473,7.971199035644531,19765404
2019-09-24,8.590516090393066,8.740349769592285,8.310824394226074,8.330801963806152,22561612
2019-09-25,8.170978546142578,8.410714149475098,7.961209774017334,8.3857421875,19806282
2019-09-26,8.240901947021484,8.505608558654785,8.21592903137207,8.29084587097168,11467454
2019-09-27,8.081077575683594,8.305830001831055,8.041122436523438,8.250890731811523,8505351
2019-09-30,8.315818786621094,8.340790748596191,8.041122436523438,8.131023406982422,8659383
2019-10-01,8.315818786621094,8.51559829711914,8.315818786621094,8.380746841430664,13626375
2019-10-02,7.751441955566406,8.205940246582031,7.691507816314697,8.190957069396973,17370106
2019-10-03,7.621584892272949,7.801386833190918,7.416810989379883,7.601606845855713,19056168
2019-10-04,7.781408786773682,7.951220989227295,7.576634883880615,7.7014970779418945,14494767
2019-10-07,7.691507816314697,7.941232204437256,7.596612930297852,7.911264896392822,9979892
2019-10-08,7.521696090698242,7.791398048400879,7.431795120239258,7.781408786773682,8522223
2019-10-09,7.446777820587158,7.551661968231201,7.276966094970703,7.391839027404785,10760661
2019-10-10,7.741453170776367,7.801386833190918,7.256988048553467,7.401827812194824,22329227
2019-10-11,7.726469039916992,8.031132698059082,7.596612930297852,7.861320972442627,26696938
2019-10-14,7.37685489654541,7.771420001983643,7.271971225738525,7.756435871124268,19717037
2019-10-15,7.426799774169922,7.531684875488281,7.242003917694092,7.4218058586120605,9026596
2019-10-16,7.6665358543396,7.6665358543396,7.351882934570312,7.491728782653809,12703739
2019-10-17,7.881299018859863,7.901276111602783,7.551661968231201,7.671529769897461,12520252
2019-10-18,7.946227073669434,8.031132698059082,7.811376094818115,7.871310234069824,18548684
2019-10-21,7.766425132751465,8.051111221313477,7.73146390914917,7.941232204437256,9926921
2019-10-22,7.536678791046143,7.841342926025391,7.476745128631592,7.836348056793213,15820906
2019-10-23,7.661540985107422,7.696503162384033,7.411817073822021,7.541673183441162,15138328
2019-10-24,7.691507816314697,7.741453170776367,7.521696090698242,7.691507816314697,5311576
2019-10-25,7.746447086334228,7.841342926025391,7.6415629386901855,7.741453170776367,5374798
2019-10-28,7.626580238342285,7.846336841583252,7.61159610748291,7.771420001983643,4680024
2019-10-29,7.7014970779418945,7.73146390914917,7.526690006256103,7.6665358543396,4319686
2019-10-30,7.991177082061768,8.190957069396973,7.681519031524658,7.7014970779418945,24014942
2019-10-31,7.931242942810059,8.071088790893555,7.871310234069824,8.01615047454834,7164692
2019-11-01,8.011155128479004,8.086071968078613,7.891287803649902,7.916259765625,5421461
2019-11-04,8.405719757080078,8.405719757080078,8.061100006103516,8.061100006103516,12940878
2019-11-05,7.906270980834961,8.400725364685059,7.866314888000488,8.400725364685059,20888920
2019-11-06,8.071088790893555,8.07608413696289,7.716481208801269,7.98118782043457,11042668
2019-11-07,8.29084587097168,8.46065902709961,8.061100006103516,8.240901947021484,17135203
2019-11-08,8.445674896240234,8.455663681030273,8.160989761352539,8.29084587097168,11824449
2019-11-11,8.170978546142578,8.560548782348633,8.066095352172852,8.445674896240234,20007966
2019-11-12,8.141012191772461,8.320813179016113,8.036128044128418,8.170978546142578,11727357
2019-11-13,8.400725364685059,8.445674896240234,8.071088790893555,8.131023406982422,13732040
2019-11-14,8.410714149475098,8.490626335144043,8.340790748596191,8.405719757080078,7735367
2019-11-15,8.455663681030273,8.470647811889648,8.365763664245605,8.46065902709961,5017550
2019-11-18,8.610493659973145,8.680416107177734,8.410714149475098,8.430691719055176,13283996
2019-11-19,8.011155128479004,8.89517879486084,7.441783905029297,8.750338554382324,64481216
2019-11-20,7.821364879608154,8.126028060913086,7.47175121307373,8.061100006103516,44978536
2019-11-21,7.756435871124268,7.886292934417725,7.6415629386901855,7.811376094818115,10377849
2019-11-22,8.041122436523438,8.200945854187012,7.791398048400879,7.811376094818115,20777407
2019-11-25,8.111044883728027,8.131023406982422,7.961209774017334,8.09106731414795,6598611
2019-11-26,8.200945854187012,8.260878562927246,8.126028060913086,8.165984153747559,8477841
2019-11-27,8.071088790893555,8.255885124206543,8.006160736083984,8.240901947021484,5239793
2019-11-28,7.891287803649902,8.066095352172852,7.866314888000488,8.066095352172852,5748083
2019-11-29,7.916259765625,8.011155128479004,7.781408786773682,7.831354141235352,7714493
2019-12-02,7.591618061065674,7.861320972442627,7.491728782653809,7.741453170776367,19024624
2019-12-03,7.187065124511719,7.726469039916992,7.037230014801025,7.591618061065674,29538148
2019-12-04,7.426799774169922,7.551661968231201,7.147109031677246,7.232015132904053,17847348
2019-12-05,7.212037086486816,7.576634883880615,7.19205904006958,7.451773166656494,13363423
2019-12-06,7.36187219619751,7.366866111755371,7.19205904006958,7.251993179321289,8942657
2019-12-09,7.6415629386901855,7.6415629386901855,7.301938056945801,7.391839027404785,13378423
2019-12-10,7.606602191925049,7.651552200317383,7.501718044281006,7.636569023132324,5788207
2019-12-11,7.381849765777588,7.61159610748291,7.371860980987549,7.606602191925049,5314123
2019-12-12,7.636569023132324,7.636569023132324,7.316922187805176,7.381849765777588,5217436
2019-12-13,7.661540985107422,7.771420001983643,7.581628799438477,7.721475124359131,6895171
2019-12-16,7.916259765625,7.916259765625,7.636569023132324,7.7014970779418945,9036863
2019-12-17,7.991177082061768,8.165984153747559,7.916259765625,8.041122436523438,10730088
2019-12-18,8.061100006103516,8.061100006103516,7.891287803649902,7.951220989227295,6962513
2019-12-19,8.325807571411133,8.325807571411133,8.061100006103516,8.131023406982422,17227346
2019-12-20,8.370758056640625,8.490626335144043,8.360769271850586,8.400725364685059,13162858
2019-12-23,8.530582427978516,8.540571212768555,8.345786094665527,8.490626335144043,9450406
2019-12-27,8.745345115661621,8.780305862426758,8.500615119934082,8.580527305603027,13444945
2019-12-30,8.640460014343262,8.840239524841309,8.620482444763184,8.75533390045166,9679726
2020-01-02,8.910162925720215,8.915157318115234,8.670427322387695,8.700393676757812,11638331
2020-01-03,8.6504487991333,8.910162925720215,8.530582427978516,8.910162925720215,14095589
2020-01-06,8.3857421875,8.505608558654785,8.141012191772461,8.490626335144043,14637804
2020-01-07,8.505608558654785,8.675421714782715,8.470647811889648,8.570537567138672,9890112
2020-01-08,8.52558708190918,8.535575866699219,8.310824394226074,8.430691719055176,8835941
2020-01-09,8.750338554382324,8.770317077636719,8.590516090393066,8.615488052368164,10709649
2020-01-10,8.855222702026367,8.870206832885742,8.750338554382324,8.750338554382324,9818703
2020-01-13,9.18985366821289,9.18985366821289,8.890185356140137,8.890185356140137,21053079
2020-01-14,9.209832191467283,9.37465000152588,9.154891967773438,9.209832191467283,15377107
2020-01-15,9.43458366394043,9.479534149169922,9.079975128173828,9.209832191467283,17793409
2020-01-16,9.79918098449707,9.80916976928711,9.454562187194824,9.48952293395996,20573917
2020-01-17,9.909059524536133,10.018939018249512,9.679313659667969,9.939026832580566,19807034
2020-01-20,10.418497085571287,10.438474655151367,9.934032440185549,9.944021224975586,26376853
2020-01-21,10.47843074798584,10.558342933654783,9.679313659667969,10.33858585357666,35881735
2020-01-22,9.93000030517578,10.170000076293944,9.630000114440918,9.699999809265137,42248977
2020-01-23,9.470000267028809,9.925000190734863,9.4350004196167,9.75,30082371
2020-01-24,9.800000190734863,9.954999923706056,9.579999923706056,9.619999885559082,19397630
2020-01-27,8.765000343322754,9.550000190734863,8.350000381469727,9.524999618530272,68725390
2020-01-28,8.699999809265137,8.859999656677246,8.4399995803833,8.720000267028809,30369627
2020-01-29,9.029999732971191,9.234999656677246,8.885000228881836,8.914999961853027,23796157
2020-01-30,8.8100004196167,8.944999694824219,8.6850004196167,8.765000343322754,10960683
2020-01-31,9.175000190734863,9.475000381469728,9.09000015258789,9.100000381469728,25393411
2020-02-03,9.4350004196167,9.4350004196167,8.850000381469727,9.25,16447417
2020-02-04,9.925000190734863,9.925000190734863,9.5600004196167,9.609999656677246,18803132
2020-02-05,9.875,10.100000381469728,9.800000190734863,9.920000076293944,15906973
2020-02-06,10.5600004196167,10.619999885559082,10.130000114440918,10.199999809265137,34361241
2020-02-07,10.609999656677246,10.699999809265137,10.329999923706056,10.5600004196167,18560522
2020-02-10,11.40999984741211,11.449999809265137,10.649999618530272,10.859999656677246,50792825
2020-02-11,11.59000015258789,11.65999984741211,11.0,11.3100004196167,38152892
2020-02-12,11.5,11.890000343322754,11.350000381469728,11.600000381469728,25568154
2020-02-13,11.380000114440918,11.5,11.029999732971191,11.300000190734863,26334328
2020-02-14,11.649999618530272,11.6899995803833,11.390000343322754,11.399999618530272,16408046
2020-02-17,12.0,12.029999732971191,11.739999771118164,11.75,19600999
2020-02-18,12.4399995803833,12.5,11.8100004196167,11.979999542236328,28752464
2020-02-19,13.739999771118164,13.779999732971191,12.65999984741211,12.75,48001903
2020-02-20,13.75,15.529999732971191,12.300000190734863,14.949999809265137,104063103
2020-02-21,13.529999732971191,14.210000038146973,12.8100004196167,13.300000190734863,57582779
2020-02-24,11.609999656677246,12.649999618530272,11.5,12.390000343322754,64893801
2020-02-25,11.609999656677246,12.210000038146973,11.15999984741211,11.90999984741211,56242151
2020-02-26,10.90999984741211,11.239999771118164,10.010000228881836,10.90999984741211,72858807
2020-02-27,9.710000038146973,10.5600004196167,9.53499984741211,10.380000114440918,55452557
2020-02-28,9.649999618530272,10.170000076293944,8.604999542236328,8.899999618530273,77927645
2020-03-02,10.18000030517578,11.399999618530272,9.760000228881836,11.399999618530272,83534997
2020-03-03,11.56999969482422,11.699999809265137,10.720000267028809,11.260000228881836,66832282
2020-03-04,11.43000030517578,12.18000030517578,10.989999771118164,11.5,81275286
2020-03-05,10.880000114440918,12.100000381469728,10.5600004196167,12.0,56785970
2020-03-06,10.449999809265137,10.920000076293944,9.920000076293944,10.579999923706056,61465033
2020-03-09,9.420000076293944,10.0,8.949999809265137,9.170000076293944,55100741
2020-03-10,9.739999771118164,10.489999771118164,9.739999771118164,10.050000190734863,42652650
2020-03-11,9.460000038146973,10.020000457763672,9.385000228881836,9.890000343322754,34063170
2020-03-12,8.100000381469727,8.899999618530273,7.605000019073486,8.800000190734863,50265546
2020-03-13,8.34000015258789,9.005000114440918,8.1899995803833,8.510000228881836,57125139
2020-03-16,8.164999961853027,8.164999961853027,7.224999904632568,7.965000152587891,56956587
2020-03-17,8.670000076293945,8.720000267028809,8.020000457763672,8.5,43707652
2020-03-18,8.774999618530273,8.774999618530273,8.199999809265137,8.350000381469727,30521844
2020-03-19,9.649999618530272,9.649999618530272,8.9399995803833,8.989999771118164,45642820
2020-03-20,10.109999656677246,10.869999885559082,9.949999809265137,10.399999618530272,50473398
2020-03-23,9.595000267028809,10.050000190734863,9.029999732971191,9.15999984741211,29563173
2020-03-24,10.479999542236328,10.539999961853027,10.0600004196167,10.5,23293938
2020-03-25,10.609999656677246,11.18000030517578,10.1899995803833,11.149999618530272,35575044
2020-03-26,10.529999732971191,10.579999923706056,9.949999809265137,10.25,24537320
2020-03-27,10.34000015258789,10.729999542236328,10.18000030517578,10.489999771118164,20526152
2020-03-30,10.289999961853027,10.380000114440918,9.845000267028809,10.34000015258789,18729606
2020-03-31,10.350000381469728,10.649999618530272,10.050000190734863,10.40999984741211,25244647
2020-04-01,10.020000457763672,10.300000190734863,9.87399959564209,10.300000190734863,15943888
2020-04-02,9.949999809265137,10.119999885559082,9.814000129699709,10.029999732971191,13387342
2020-04-03,10.09000015258789,10.09000015258789,9.800000190734863,9.970000267028809,9954409
2020-04-06,10.494999885559082,10.529999732971191,10.15999984741211,10.1850004196167,13955648
2020-04-07,11.0,11.149999618530272,10.765000343322754,10.770000457763672,21396637
2020-04-08,10.904999732971191,11.015000343322754,10.699999809265137,10.824999809265137,7720311
2020-04-14,12.260000228881836,12.260000228881836,11.449999809265137,11.789999961853027,26918903
2020-04-15,12.024999618530272,12.800000190734863,11.755000114440918,12.149999618530272,24956300
2020-04-16,11.899999618530272,12.25,11.859999656677246,12.05500030517578,11584881
2020-04-17,12.199999809265137,12.510000228881836,12.104999542236328,12.354999542236328,13714456
2020-04-20,12.050000190734863,12.385000228881836,11.9350004196167,12.359999656677246,10265611
2020-04-21,12.279999732971191,12.44499969482422,11.779999732971191,11.899999618530272,18813737
2020-04-22,12.720000267028809,12.725000381469728,12.045000076293944,12.220000267028809,12162784
2020-04-23,12.800000190734863,12.899999618530272,12.31999969482422,12.84000015258789,11791148
2020-04-24,12.510000228881836,12.760000228881836,12.420000076293944,12.600000381469728,10131135
2020-04-27,13.0,13.050000190734863,12.649999618530272,12.779999732971191,13459831
2020-04-28,13.210000038146973,13.270000457763672,12.920000076293944,13.020000457763672,10184362
2020-04-29,12.600000381469728,13.149999618530272,12.274999618530272,13.039999961853027,23700084
2020-04-30,12.625,12.880000114440918,12.56999969482422,12.880000114440918,9388855
2020-05-04,12.289999961853027,12.359999656677246,11.675000190734863,12.0,11737037
2020-05-05,12.449999809265137,12.574999809265137,12.350000381469728,12.489999771118164,8253445
2020-05-06,12.40999984741211,12.65999984741211,12.385000228881836,12.5,7200752
2020-05-07,11.920000076293944,12.28499984741211,11.800000190734863,11.899999618530272,16916591
2020-05-08,11.824999809265137,12.199999809265137,11.824999809265137,12.199999809265137,8562829
2020-05-11,11.454999923706056,12.050000190734863,11.40999984741211,12.03499984741211,11000857
2020-05-12,11.864999771118164,11.96500015258789,11.31999969482422,11.460000038146973,11932119
2020-05-13,11.835000038146973,12.0649995803833,11.699999809265137,11.859999656677246,8464228
2020-05-14,11.199999809265137,11.779999732971191,11.199999809265137,11.699999809265137,10559197
2020-05-15,11.614999771118164,11.720000267028809,11.399999618530272,11.5,9174518
2020-05-18,11.604999542236328,11.93000030517578,11.539999961853027,11.800000190734863,12927196
2020-05-19,11.699999809265137,11.845000267028809,11.4399995803833,11.704999923706056,9586682
2020-05-20,12.050000190734863,12.06999969482422,11.404999732971191,11.649999618530272,9967778
2020-05-22,12.520000457763672,12.5600004196167,11.774999618530272,11.800000190734863,13725633
2020-05-25,13.300000190734863,13.300000190734863,12.609999656677246,12.670000076293944,23035787
2020-05-26,14.3149995803833,14.3149995803833,13.460000038146973,13.5,22775286
2020-05-27,14.630000114440918,15.329999923706056,14.3100004196167,15.0,32293345
2020-05-28,14.704999923706056,14.864999771118164,14.039999961853027,14.75,18729680
2020-05-29,14.960000038146973,15.0,14.359999656677246,14.399999618530272,16643692
2020-06-02,15.449999809265137,15.510000228881836,14.850000381469728,15.470000267028809,22164470
2020-06-03,15.899999618530272,16.079999923706055,15.4350004196167,15.704999923706056,34994136
2020-06-04,18.0,18.125,16.540000915527344,17.135000228881836,73645312
2020-06-05,17.864999771118164,18.38999938964844,17.1200008392334,18.364999771118164,48539053
2020-06-08,17.735000610351562,17.96500015258789,16.649999618530273,17.850000381469727,35173204
2020-06-09,17.81999969482422,18.200000762939453,17.204999923706055,18.030000686645508,33582712
2020-06-10,19.489999771118164,19.65999984741211,17.700000762939453,17.989999771118164,50622137
2020-06-11,19.46999931335449,20.280000686645508,18.905000686645508,19.39999961853028,53328226
2020-06-12,20.200000762939453,20.3799991607666,18.63500022888184,19.0,35094960
2020-06-15,19.1299991607666,19.645000457763672,18.84499931335449,19.190000534057617,38354732
2020-06-16,20.0,20.34000015258789,19.3799991607666,19.96999931335449,41029609
2020-06-17,19.89999961853028,20.21999931335449,19.825000762939453,20.0,20353657
2020-06-18,18.850000381469727,19.90999984741211,18.73500061035156,19.73500061035156,24263207
2020-06-19,19.02499961853028,19.239999771118164,18.665000915527344,19.049999237060547,15419708
2020-06-22,18.920000076293945,19.270000457763672,18.575000762939453,18.88999938964844,15004577
2020-06-23,19.739999771118164,19.739999771118164,18.88999938964844,18.989999771118164,18562630
2020-06-24,19.31999969482422,19.81999969482422,19.100000381469727,19.799999237060547,16112430
2020-06-25,19.395000457763672,19.540000915527344,18.65999984741211,19.0,15171563
2020-06-26,18.69499969482422,19.415000915527344,18.69499969482422,19.39999961853028,9863055
2020-06-29,18.950000762939453,18.98500061035156,18.0,18.39999961853028,14152715
2020-06-30,18.850000381469727,19.64999961853028,18.6200008392334,19.270000457763672,20022763
2020-07-01,18.540000915527344,19.0,18.405000686645508,18.850000381469727,15986375
2020-07-02,19.69499969482422,19.71999931335449,18.53499984741211,18.645000457763672,18841978
2020-07-03,19.790000915527344,20.100000381469727,19.46500015258789,19.6200008392334,18003991
2020-07-06,21.5,21.559999465942383,20.100000381469727,20.459999084472656,29038759
2020-07-07,21.200000762939453,21.690000534057617,20.11000061035156,21.5,23836244
2020-07-08,22.100000381469727,22.14999961853028,20.75,20.96999931335449,21713406
2020-07-09,22.549999237060547,22.799999237060547,21.940000534057617,22.209999084472656,23722217
2020-07-10,22.07999992370605,22.530000686645508,21.8700008392334,22.299999237060547,17460136
2020-07-13,23.34000015258789,23.34000015258789,22.5,22.729999542236328,22719926
2020-07-14,21.89999961853028,22.81999969482422,21.850000381469727,22.700000762939453,37563460
2020-07-15,22.299999237060547,22.559999465942383,22.049999237060547,22.200000762939453,9902811
2020-07-16,21.71999931335449,22.31999969482422,21.600000381469727,22.13999938964844,13989548
2020-07-17,21.84000015258789,22.11000061035156,21.709999084472656,21.709999084472656,6797842
2020-07-20,21.489999771118164,21.71999931335449,20.799999237060547,21.0,11018800
2020-07-21,21.299999237060547,22.14999961853028,21.280000686645508,21.64999961853028,13720391
2020-07-22,20.559999465942383,21.43000030517578,20.420000076293945,21.31999969482422,15469289
2020-07-23,19.200000762939453,20.549999237060547,18.799999237060547,20.0,27336402
2020-07-24,17.80500030517578,18.280000686645508,17.19499969482422,17.415000915527344,39526976
2020-07-27,19.479999542236328,19.479999542236328,18.200000762939453,18.270000457763672,34806417
2020-07-28,18.63500022888184,20.200000762939453,18.51000022888184,20.0,27591696
2020-07-29,19.200000762939453,19.200000762939453,18.479999542236328,18.6299991607666,13989220
2020-07-30,17.959999084472656,19.295000076293945,17.924999237060547,19.200000762939453,17278744
2020-07-31,18.665000915527344,18.950000762939453,18.165000915527344,18.165000915527344,16518945
2020-08-03,18.8700008392334,18.90999984741211,18.375,18.670000076293945,6911062
2020-08-04,18.75,19.395000457763672,18.450000762939453,19.25,19867293
2020-08-05,18.52499961853028,18.565000534057617,17.959999084472656,18.309999465942383,10265324
2020-08-06,18.14999961853028,18.71500015258789,18.040000915527344,18.36000061035156,6591070
2020-08-07,18.25,18.39999961853028,17.895000457763672,18.0,6017126
2020-08-10,17.655000686645508,18.440000534057617,17.635000228881836,18.2549991607666,9077633
2020-08-11,18.375,18.56999969482422,17.600000381469727,17.600000381469727,10591598
2020-08-12,18.045000076293945,18.489999771118164,17.940000534057617,18.334999084472656,8316243
2020-08-13,18.725000381469727,18.725000381469727,17.799999237060547,18.020000457763672,17210984
2020-08-14,18.75,18.809999465942383,18.350000381469727,18.700000762939453,14608959
2020-08-17,18.834999084472656,19.125,18.3799991607666,18.795000076293945,5022490
2020-08-18,19.700000762939453,19.940000534057617,18.70499992370605,18.75,13275185
2020-08-19,20.100000381469727,20.36000061035156,19.725000381469727,19.799999237060547,8342567
2020-08-20,19.450000762939453,20.190000534057617,19.40999984741211,20.0,8512767
2020-08-21,20.31999969482422,20.5,19.71999931335449,20.040000915527344,14265571
2020-08-24,21.200000762939453,21.350000381469727,20.549999237060547,20.6299991607666,16940742
2020-08-25,19.94499969482422,21.299999237060547,19.920000076293945,21.200000762939453,14586069
2020-08-26,22.0,22.0,20.209999084472656,20.51000022888184,31664643
2020-08-27,21.020000457763672,21.84000015258789,20.850000381469727,21.799999237060547,16040344
2020-08-28,20.350000381469727,21.040000915527344,20.25,21.020000457763672,14758711
2020-08-31,21.299999237060547,21.520000457763672,20.71999931335449,20.729999542236328,12073250
2020-09-01,21.530000686645508,21.850000381469727,21.21999931335449,21.270000457763672,11586485
2020-09-02,22.5,22.86000061035156,21.89999961853028,21.979999542236328,23335079
2020-09-03,21.020000457763672,22.86000061035156,21.020000457763672,22.700000762939453,17824079
2020-09-04,20.5,21.31999969482422,19.61000061035156,20.5,20719740
2020-09-07,21.84000015258789,21.89999961853028,20.700000762939453,20.700000762939453,14071381
2020-09-08,22.75,22.989999771118164,21.290000915527344,22.049999237060547,25012071
2020-09-09,22.420000076293945,23.09000015258789,22.200000762939453,22.739999771118164,13558896
2020-09-10,21.25,22.739999771118164,20.770000457763672,22.420000076293945,25484995
2020-09-11,20.280000686645508,21.65999984741211,20.280000686645508,20.920000076293945,18641337
2020-09-14,18.799999237060547,20.8700008392334,18.53499984741211,20.5,38689977
2020-09-15,18.934999465942383,19.57999992370605,18.3799991607666,18.65999984741211,21794145
2020-09-16,18.565000534057617,18.799999237060547,17.764999389648438,18.709999084472656,30705021
2020-09-17,18.93000030517578,19.049999237060547,18.21999931335449,18.5,16723021
2020-09-18,18.71999931335449,19.190000534057617,18.34000015258789,19.104999542236328,19979488
2020-09-21,15.600000381469728,17.399999618530273,14.949999809265137,17.315000534057617,73874076
2020-09-22,17.635000228881836,17.684999465942383,15.949999809265137,16.0,39913385
2020-09-23,17.18000030517578,18.200000762939453,17.049999237060547,18.11000061035156,27799887
2020-09-24,15.260000228881836,16.010000228881836,15.010000228881836,15.25,50724287
2020-09-25,16.079999923706055,16.1200008392334,15.15999984741211,15.75,42713491
2020-09-28,17.145000457763672,17.145000457763672,16.520000457763672,16.799999237060547,23682363
2020-09-29,16.709999084472656,17.584999084472656,16.420000076293945,17.25,23164860
2020-09-30,16.959999084472656,17.049999237060547,15.970000267028809,16.079999923706055,20899575
2020-10-01,17.635000228881836,17.829999923706055,16.899999618530273,17.399999618530273,19030339
2020-10-02,17.290000915527344,17.545000076293945,16.7549991607666,17.469999313354492,15770520
2020-10-05,17.985000610351562,18.104999542236328,17.420000076293945,17.579999923706055,16677638
2020-10-06,18.94499969482422,19.020000457763672,18.13999938964844,18.350000381469727,23587398
2020-10-07,18.905000686645508,19.09000015258789,18.2549991607666,19.020000457763672,17365932
2020-10-08,19.84000015258789,19.96500015258789,18.95499992370605,19.0,13870984
2020-10-09,19.625,20.280000686645508,19.479999542236328,20.020000457763672,19612728
2020-10-12,21.18000030517578,21.31999969482422,19.875,19.89999961853028,30737990
2020-10-13,20.040000915527344,21.299999237060547,20.040000915527344,21.059999465942383,16376475
2020-10-14,20.07999992370605,20.559999465942383,19.76000022888184,20.100000381469727,15668691
2020-10-15,18.959999084472656,19.4950008392334,18.354999542236328,19.200000762939453,33365691
2020-10-16,19.51000022888184,19.64999961853028,19.200000762939453,19.25,12953639
2020-10-19,18.80500030517578,19.700000762939453,18.53499984741211,19.51000022888184,17207666
2020-10-20,18.26000022888184,19.18000030517578,18.209999084472656,18.71999931335449,17667495
2020-10-21,18.14999961853028,18.56999969482422,17.5,18.5,18716317
2020-10-22,17.584999084472656,17.850000381469727,17.094999313354492,17.56999969482422,12507112
2020-10-23,18.420000076293945,18.6299991607666,17.610000610351562,17.649999618530273,12180841
2020-10-26,17.110000610351562,18.049999237060547,17.110000610351562,17.799999237060547,9073509
2020-10-27,17.68000030517578,17.704999923706055,16.959999084472656,17.309999465942383,15235946
2020-10-28,16.514999389648438,17.350000381469727,16.5,17.100000381469727,15444119
2020-10-29,17.09000015258789,17.209999084472656,16.700000762939453,16.75,12246944
2020-10-30,18.07999992370605,18.354999542236328,17.100000381469727,17.104999542236328,16366617
2020-11-02,18.200000762939453,18.545000076293945,17.75,18.43000030517578,12352384
2020-11-03,18.864999771118164,19.07999992370605,18.40999984741211,18.600000381469727,9936384
2020-11-04,19.795000076293945,19.799999237060547,18.100000381469727,18.25,20360572
2020-11-05,18.81999969482422,19.5,18.600000381469727,19.049999237060547,21225294
2020-11-06,18.96999931335449,19.045000076293945,18.420000076293945,18.850000381469727,12773568
2020-11-09,19.02499961853028,20.11000061035156,18.850000381469727,19.479999542236328,23010315
2020-11-10,18.89999961853028,19.309999465942383,18.655000686645508,19.14999961853028,17815697
2020-11-11,19.315000534057617,19.489999771118164,18.520000457763672,18.90999984741211,14602044
2020-11-12,19.8700008392334,20.020000457763672,19.34000015258789,19.52499961853028,15452231
2020-11-13,19.475000381469727,19.989999771118164,19.43000030517578,19.799999237060547,7977653
2020-11-16,19.540000915527344,19.729999542236328,19.299999237060547,19.450000762939453,14395773
2020-11-17,20.479999542236328,20.57999992370605,19.479999542236328,19.600000381469727,23068833
2020-11-18,20.920000076293945,21.229999542236328,20.34000015258789,20.600000381469727,22320239
2020-11-19,22.3700008392334,22.940000534057617,21.530000686645508,21.700000762939453,39408122
2020-11-20,22.88999938964844,23.0,22.489999771118164,22.5,19069970
2020-11-23,22.420000076293945,22.93000030517578,21.979999542236328,22.8799991607666,17220786
2020-11-24,23.07999992370605,23.440000534057617,22.780000686645508,23.0,15532909
2020-11-25,22.13999938964844,23.200000762939453,21.63999938964844,23.190000534057617,13207529
2020-11-26,23.39999961853028,23.39999961853028,22.59000015258789,22.63999938964844,22003273
2020-11-27,24.18000030517578,24.18000030517578,23.18000030517578,23.34000015258789,18026257
2020-11-30,24.40999984741211,26.200000762939453,23.989999771118164,24.299999237060547,32170941
2020-12-01,24.36000061035156,25.0,22.920000076293945,24.76000022888184,16372701
2020-12-02,23.3799991607666,24.15999984741211,23.1299991607666,24.0,15233455
2020-12-03,22.5,23.700000762939453,22.25,23.270000457763672,13804085
2020-12-04,23.520000457763672,23.600000381469727,22.01000022888184,22.200000762939453,14836597
2020-12-07,23.6200008392334,23.700000762939453,23.13999938964844,23.5,6805942
2020-12-08,23.709999084472656,24.1200008392334,23.5,23.86000061035156,6832389
2020-12-09,25.229999542236328,25.39999961853028,24.01000022888184,24.100000381469727,15447998
2020-12-10,23.989999771118164,25.0,23.38999938964844,25.0,13219315
2020-12-11,24.65999984741211,24.65999984741211,23.780000686645508,24.030000686645508,11208138
2020-12-14,24.350000381469727,24.75,23.8700008392334,24.75,8612703
2020-12-15,24.559999465942383,24.559999465942383,23.8799991607666,24.25,6614778
2020-12-16,24.61000061035156,25.3700008392334,24.520000457763672,24.68000030517578,7559708
2020-12-17,24.84000015258789,25.299999237060547,24.34000015258789,25.0,8226230
2020-12-18,25.209999084472656,25.239999771118164,24.450000762939453,24.540000915527344,10548744
2020-12-21,24.940000534057617,25.0,24.32999992370605,24.700000762939453,7637754
2020-12-22,26.600000381469727,26.600000381469727,25.0,25.0,13725827
2020-12-23,26.71999931335449,27.450000762939453,26.31999969482422,26.950000762939453,11019436
2020-12-28,28.89999961853028,29.0,27.600000381469727,27.89999961853028,14592515
2020-12-29,28.3799991607666,30.209999084472656,27.64999961853028,29.8799991607666,17086531
2020-12-30,28.959999084472656,28.959999084472656,27.920000076293945,28.39999961853028,9053860
2021-01-04,30.13999938964844,30.71999931335449,29.489999771118164,29.5,17074549
2021-01-05,29.950000762939453,30.25,29.299999237060547,30.06999969482422,15690993
2021-01-06,29.780000686645508,30.3700008392334,29.209999084472656,30.200000762939453,11982614
2021-01-07,32.81999969482422,33.0,30.200000762939453,30.209999084472656,20575777
2021-01-08,34.56999969482422,35.150001525878906,33.400001525878906,33.91999816894531,26905077
2021-01-11,32.650001525878906,33.540000915527344,31.600000381469727,33.04999923706055,19466861
2021-01-12,32.810001373291016,33.40999984741211,32.09000015258789,32.68000030517578,11522326
2021-01-13,33.63999938964844,33.81999969482422,32.650001525878906,33.060001373291016,14755605
2021-01-14,33.279998779296875,34.47999954223633,32.13999938964844,33.97999954223633,18030145
2021-01-15,33.18000030517578,34.08000183105469,32.31999969482422,32.38999938964844,36214299
2021-01-18,30.940000534057617,32.0,30.39999961853028,31.81999969482422,31245224
2021-01-19,32.5,32.5,31.200000762939453,31.71999931335449,19805570
2021-01-20,31.920000076293945,32.79999923706055,31.32999992370605,32.79999923706055,13834390
2021-01-21,32.40999984741211,32.790000915527344,31.1299991607666,32.0,15337270
2021-01-22,33.31999969482422,33.58000183105469,32.45000076293945,32.70000076293945,20561315
2021-01-25,33.7599983215332,33.869998931884766,32.68000030517578,33.619998931884766,18993675
2021-01-26,33.75,34.029998779296875,32.81999969482422,33.099998474121094,16581873
2021-01-27,31.059999465942383,34.959999084472656,30.700000762939453,33.86000061035156,27790056
2021-01-28,31.200000762939453,31.540000915527344,27.989999771118164,30.89999961853028,29716684
2021-01-29,30.76000022888184,31.1299991607666,29.100000381469727,29.40999984741211,13193785
2021-02-01,30.790000915527344,31.38999938964844,30.51000022888184,30.88999938964844,9161315
2021-02-02,31.170000076293945,31.709999084472656,31.0,31.09000015258789,8280207
2021-02-03,32.290000915527344,32.939998626708984,31.299999237060547,31.57999992370605,11109301
2021-02-04,33.09000015258789,33.20000076293945,32.400001525878906,32.619998931884766,14426799
2021-02-05,32.900001525878906,33.54999923706055,32.83000183105469,33.45000076293945,10099977
2021-02-08,32.900001525878906,33.380001068115234,32.599998474121094,33.20000076293945,8280036
2021-02-09,31.809999465942383,32.849998474121094,31.600000381469727,32.79999923706055,8564158
2021-02-10,32.41999816894531,32.72999954223633,31.68000030517578,31.89999961853028,8895209
2021-02-11,32.16999816894531,32.63999938964844,31.799999237060547,32.400001525878906,8003077
2021-02-12,31.540000915527344,32.4900016784668,31.0,32.040000915527344,11987138
2021-02-15,31.049999237060547,31.450000762939453,30.670000076293945,31.18000030517578,9300149
2021-02-16,32.099998474121094,32.099998474121094,30.1299991607666,30.5,8672850
2021-02-17,30.39999961853028,31.64999961853028,30.39999961853028,31.1299991607666,13091101
2021-02-18,26.93000030517578,30.75,26.06999969482422,29.63999938964844,37168803
2021-02-19,28.170000076293945,28.299999237060547,25.559999465942383,26.0,24066978
2021-02-22,27.040000915527344,28.5,26.989999771118164,28.38999938964844,12521648
2021-02-23,25.21999931335449,27.0,23.51000022888184,26.989999771118164,31947287
2021-02-24,25.88999938964844,26.96999931335449,25.25,25.25,17457679
2021-02-25,24.979999542236328,26.39999961853028,24.8700008392334,25.799999237060547,18655833
2021-02-26,25.21999931335449,25.57999992370605,23.25,23.670000076293945,18848337
2021-03-01,25.989999771118164,26.5,25.51000022888184,26.25,13491057
2021-03-02,26.46999931335449,26.799999237060547,25.89999961853028,25.959999084472656,9010543
2021-03-03,24.209999084472656,26.700000762939453,24.209999084472656,26.64999961853028,16006612
2021-03-04,22.88999938964844,24.950000762939453,22.809999465942383,23.520000457763672,17688733
2021-03-05,22.440000534057617,23.790000915527344,22.299999237060547,23.0,18979560
2021-03-08,22.540000915527344,22.75,21.100000381469727,22.559999465942383,22338793
2021-03-09,24.3799991607666,24.38999938964844,22.100000381469727,22.799999237060547,26858153
2021-03-10,23.700000762939453,25.38999938964844,23.57999992370605,25.38999938964844,30773216
2021-03-11,23.96999931335449,24.459999084472656,23.64999961853028,23.81999969482422,13994265
2021-03-12,23.100000381469727,24.1200008392334,22.86000061035156,24.1200008392334,14801014
2021-03-15,22.799999237060547,23.40999984741211,22.26000022888184,23.14999961853028,11289010
2021-03-16,22.850000381469727,23.09000015258789,22.299999237060547,23.0,8883351
2021-03-17,21.549999237060547,22.8799991607666,21.309999465942383,22.489999771118164,18774297
2021-03-18,22.209999084472656,22.700000762939453,21.6299991607666,21.75,12339439
2021-03-19,21.850000381469727,22.530000686645508,21.40999984741211,21.96999931335449,15527651
2021-03-22,23.290000915527344,23.459999084472656,21.75,21.959999084472656,13953089
2021-03-23,22.350000381469727,23.39999961853028,22.170000076293945,23.309999465942383,9492156
2021-03-24,21.790000915527344,22.530000686645508,21.700000762939453,22.229999542236328,7651531
2021-03-25,21.540000915527344,22.40999984741211,21.0,22.40999984741211,11764037
2021-03-26,22.200000762939453,22.39999961853028,21.75,21.989999771118164,9909483
2021-03-29,22.89999961853028,23.40999984741211,22.15999984741211,22.34000015258789,12479742
2021-03-30,23.61000061035156,24.13999938964844,23.280000686645508,23.559999465942383,25370437
2021-03-31,25.190000534057617,25.229999542236328,23.88999938964844,23.989999771118164,11542456
2021-04-06,26.290000915527344,27.1299991607666,25.350000381469727,26.799999237060547,24089064
2021-04-07,24.690000534057617,26.559999465942383,24.690000534057617,26.420000076293945,16983015
2021-04-08,25.280000686645508,25.600000381469727,24.700000762939453,24.96999931335449,9396467
2021-04-09,25.32999992370605,26.350000381469727,25.299999237060547,26.280000686645508,9681351
2021-04-12,24.46999931335449,25.489999771118164,24.46999931335449,25.39999961853028,6659410
2021-04-13,25.06999969482422,25.190000534057617,24.200000762939453,24.5,8650902
2021-04-14,25.059999465942383,25.39999961853028,24.600000381469727,25.239999771118164,5926215
2021-04-15,25.26000022888184,25.299999237060547,24.59000015258789,25.040000915527344,5210463
2021-04-16,26.059999465942383,26.200000762939453,24.959999084472656,25.26000022888184,29356434
2021-04-19,24.56999969482422,26.5,24.559999465942383,26.280000686645508,8276884
2021-04-20,23.739999771118164,25.290000915527344,23.709999084472656,24.51000022888184,6993002
2021-04-21,23.5,23.979999542236328,22.850000381469727,23.59000015258789,9376729
2021-04-22,25.280000686645508,25.770000457763672,23.93000030517578,24.0,22794423
2021-04-23,25.309999465942383,25.489999771118164,24.600000381469727,25.280000686645508,8494101
2021-04-26,25.850000381469727,26.06999969482422,24.959999084472656,25.5,13025845
2021-04-27,25.989999771118164,26.100000381469727,25.39999961853028,25.8799991607666,12027131
2021-04-28,25.059999465942383,26.049999237060547,24.850000381469727,26.049999237060547,8180049
2021-04-29,24.89999961853028,25.450000762939453,24.850000381469727,24.920000076293945,5789058
2021-04-30,24.18000030517578,24.799999237060547,23.51000022888184,24.799999237060547,14064261
2021-05-03,23.920000076293945,24.190000534057617,23.600000381469727,24.049999237060547,9434260
2021-05-04,20.1299991607666,23.13999938964844,19.7450008392334,23.0,53925747
2021-05-05,19.44499969482422,21.32999992370605,19.32999992370605,20.5,29688399
2021-05-06,17.5,19.625,17.104999542236328,19.39999961853028,43950520
2021-05-07,19.450000762939453,19.450000762939453,17.600000381469727,17.7549991607666,38110392
2021-05-10,17.670000076293945,20.0,17.5,19.670000076293945,39797176
2021-05-11,16.725000381469727,17.200000762939453,16.235000610351562,17.0,32859337
2021-05-12,16.31999969482422,17.68000030517578,16.299999237060547,17.0,25717548
2021-05-14,17.045000076293945,17.149999618530273,15.850000381469728,16.84000015258789,17763865
2021-05-18,17.100000381469727,17.700000762939453,16.864999771118164,17.334999084472656,16605444
2021-05-19,16.420000076293945,16.780000686645508,16.190000534057617,16.75,14899970
2021-05-20,17.264999389648438,17.5,16.700000762939453,16.899999618530273,12913174
2021-05-21,18.100000381469727,18.375,17.299999237060547,17.540000915527344,13579819
2021-05-25,17.0049991607666,17.799999237060547,16.614999771118164,17.5,24535190
2021-05-26,17.684999465942383,17.774999618530273,17.010000228881836,17.135000228881836,15975626
2021-05-27,17.524999618530273,18.64999961853028,17.329999923706055,17.700000762939453,14688986
2021-05-28,18.290000915527344,18.44499969482422,17.600000381469727,18.0,11449175
2021-05-31,18.100000381469727,18.489999771118164,17.704999923706055,18.3700008392334,7636217
2021-06-01,17.139999389648438,17.8700008392334,16.645000457763672,17.579999923706055,24819445
2021-06-02,16.860000610351562,17.280000686645508,16.700000762939453,17.0,10918299
2021-06-03,16.81999969482422,17.53499984741211,16.670000076293945,16.905000686645508,9175875
2021-06-04,16.799999237060547,16.899999618530273,16.040000915527344,16.889999389648438,16315529
2021-06-07,16.389999389648438,16.795000076293945,16.1200008392334,16.700000762939453,8469017
2021-06-08,17.31999969482422,17.584999084472656,16.405000686645508,16.549999237060547,14465906
2021-06-09,17.325000762939453,17.450000762939453,16.725000381469727,17.399999618530273,8142213
2021-06-10,16.649999618530273,17.399999618530273,16.360000610351562,17.3799991607666,14855613
2021-06-11,16.549999237060547,16.899999618530273,16.385000228881836,16.8700008392334,9009711
2021-06-14,17.5,17.575000762939453,16.6299991607666,16.6299991607666,10485263
2021-06-15,17.655000686645508,18.739999771118164,17.655000686645508,18.0,16038377
2021-06-16,17.875,18.0,17.165000915527344,17.739999771118164,7926119
2021-06-17,17.28499984741211,17.475000381469727,16.934999465942383,17.1299991607666,10725134
2021-06-18,17.399999618530273,17.934999465942383,17.149999618530273,17.28499984741211,13297814
2021-06-21,17.899999618530273,17.94499969482422,16.950000762939453,17.350000381469727,12397583
2021-06-22,18.200000762939453,18.44499969482422,17.600000381469727,18.25,14430139
2021-06-23,17.94499969482422,18.48500061035156,17.834999084472656,18.209999084472656,10545157
2021-06-24,18.559999465942383,18.559999465942383,17.440000534057617,18.155000686645508,11048535
2021-06-25,18.895000457763672,18.96999931335449,18.02499961853028,18.420000076293945,18319386
2021-06-28,19.89999961853028,20.200000762939453,18.95499992370605,19.0049991607666,13271500
2021-06-29,21.450000762939453,21.450000762939453,20.25,20.450000762939453,16472285
2021-06-30,20.07999992370605,21.450000762939453,19.77499961853028,21.39999961853028,15052599
2021-07-01,20.06999969482422,20.63999938964844,20.01000022888184,20.239999771118164,9024511
2021-07-02,20.489999771118164,20.6200008392334,19.82999992370605,20.0,5540697
2021-07-05,19.295000076293945,20.309999465942383,19.21999931335449,20.0,12824168
2021-07-06,20.25,20.34000015258789,18.979999542236328,19.309999465942383,9230914
2021-07-07,19.350000381469727,20.15999984741211,19.295000076293945,20.07999992370605,8506839
2021-07-08,18.64999961853028,19.299999237060547,18.25,19.100000381469727,11275993
2021-07-09,18.559999465942383,19.084999084472656,18.459999084472656,18.924999237060547,6019378
2021-07-12,19.05500030517578,19.45499992370605,18.549999237060547,18.65999984741211,4935986
2021-07-13,19.030000686645508,19.39999961853028,18.71999931335449,19.39999961853028,4959652
2021-07-14,19.239999771118164,19.295000076293945,18.549999237060547,18.88999938964844,6535966
2021-07-15,18.440000534057617,18.9950008392334,18.14999961853028,18.895000457763672,6598219
2021-07-16,17.389999389648438,17.959999084472656,17.209999084472656,17.5,10860836
2021-07-19,16.815000534057617,17.25,16.3799991607666,17.21500015258789,12293589
2021-07-20,17.40999984741211,17.635000228881836,16.94499969482422,16.959999084472656,6964190
2021-07-21,18.05500030517578,18.1299991607666,17.53499984741211,17.649999618530273,6185376
2021-07-22,18.415000915527344,18.739999771118164,18.075000762939453,18.200000762939453,6601887
2021-07-23,17.854999542236328,18.780000686645508,17.684999465942383,18.700000762939453,5691338
2021-07-26,17.174999237060547,17.895000457763672,17.05500030517578,17.799999237060547,6003741
2021-07-27,17.204999923706055,17.489999771118164,16.989999771118164,17.155000686645508,4665373
2021-07-28,17.03499984741211,17.55500030517578,16.81999969482422,17.274999618530273,7933665
2021-07-29,16.975000381469727,17.639999389648438,16.899999618530273,17.1200008392334,7315641
2021-07-30,16.885000228881836,17.045000076293945,16.549999237060547,16.735000610351562,7713377
2021-08-02,17.06999969482422,17.354999542236328,16.950000762939453,16.96500015258789,5037302
2021-08-03,16.809999465942383,17.06999969482422,16.739999771118164,17.06999969482422,3224997
2021-08-04,15.475000381469728,16.899999618530273,15.350000381469728,16.59000015258789,14747678
2021-08-05,14.28499984741211,15.399999618530272,14.005000114440918,15.210000038146973,22288494
2021-08-06,14.9399995803833,15.18000030517578,14.079999923706056,14.289999961853027,15127052
2021-08-09,15.109999656677246,15.220000267028809,14.40999984741211,14.890000343322754,9551733
2021-08-10,15.475000381469728,15.949999809265137,15.1850004196167,15.600000381469728,10002383
2021-08-11,14.845000267028809,15.630000114440918,14.8149995803833,15.539999961853027,8811000
2021-08-12,14.779999732971191,15.039999961853027,14.55500030517578,15.0,7050358
2021-08-13,14.675000190734863,15.149999618530272,14.625,14.96500015258789,4458707
2021-08-16,14.020000457763672,14.449999809265137,14.005000114440918,14.425000190734863,7373270
2021-08-17,13.40999984741211,14.0,13.199999809265137,14.0,14090007
2021-08-18,14.539999961853027,14.59000015258789,13.65999984741211,13.699999809265137,13626540
2021-08-19,14.005000114440918,14.09000015258789,13.010000228881836,13.449999809265137,24306995
2021-08-20,13.510000228881836,14.699999809265137,13.204999923706056,13.954999923706056,17915037
2021-08-23,13.845000267028809,13.9399995803833,13.104999542236328,13.510000228881836,11285503
2021-08-24,14.619999885559082,14.699999809265137,13.975000381469728,14.125,9211699
2021-08-25,15.095000267028809,15.279999732971191,14.649999618530272,14.649999618530272,9785320
2021-08-26,14.8100004196167,15.119999885559082,14.649999618530272,15.119999885559082,4963710
2021-08-27,14.404999732971191,14.720000267028809,14.029999732971191,14.699999809265137,6676660
2021-08-30,14.140000343322754,14.630000114440918,14.140000343322754,14.399999618530272,5471104
2021-08-31,14.28499984741211,14.484999656677246,13.84000015258789,14.210000038146973,8836345
2021-09-01,14.75,14.75,14.354999542236328,14.5,7777932
2021-09-02,15.104999542236328,15.25,14.645000457763672,14.770000457763672,7491125
2021-09-03,14.8100004196167,15.19499969482422,14.760000228881836,15.095000267028809,6914578
2021-09-06,14.954999923706056,15.220000267028809,14.864999771118164,14.914999961853027,4923362
2021-09-07,15.1850004196167,15.270000457763672,14.9399995803833,15.0,4634634
2021-09-08,14.579999923706056,15.300000190734863,14.5600004196167,15.300000190734863,8610031
2021-09-09,14.30500030517578,14.574999809265137,13.899999618530272,14.5,8777980
2021-09-10,13.9350004196167,14.529999732971191,13.81999969482422,14.30500030517578,4944704
2021-09-13,13.449999809265137,13.975000381469728,13.3100004196167,13.869999885559082,6895322
2021-09-14,14.029999732971191,14.085000038146973,13.31999969482422,13.404999732971191,7888651
2021-09-15,13.260000228881836,14.029999732971191,13.25,13.925000190734863,8562208
2021-09-16,13.154999732971191,13.65999984741211,12.94499969482422,13.25,9547752
2021-09-17,12.720000267028809,13.574999809265137,12.704999923706056,13.199999809265137,26532987
2021-09-20,13.109999656677246,13.1899995803833,12.44499969482422,12.600000381469728,11699732
2021-09-21,12.619999885559082,13.31999969482422,12.619999885559082,13.050000190734863,7754783
2021-09-22,13.28499984741211,13.28499984741211,12.710000038146973,12.720000267028809,6818774
2021-09-23,13.875,13.960000038146973,13.199999809265137,13.300000190734863,7204751
2021-09-24,14.380000114440918,14.824999809265137,14.050000190734863,14.079999923706056,10453517
2021-09-27,14.06999969482422,14.765000343322754,13.739999771118164,14.539999961853027,6858380
2021-09-28,13.625,14.260000228881836,13.625,14.199999809265137,6734504
2021-09-29,13.729999542236328,13.895000457763672,13.600000381469728,13.800000190734863,5862722
2021-09-30,13.0649995803833,13.9399995803833,13.0,13.75,9422912
2021-10-01,13.010000228881836,13.404999732971191,12.5649995803833,12.699999809265137,7965070
2021-10-04,12.515000343322754,13.244999885559082,12.515000343322754,12.975000381469728,7759884
2021-10-05,12.489999771118164,12.779999732971191,12.255000114440918,12.505000114440918,8434066
2021-10-06,12.06999969482422,12.375,11.890000343322754,12.329999923706056,10793364
2021-10-07,12.425000190734863,12.779999732971191,12.15999984741211,12.239999771118164,9190786
2021-10-08,12.505000114440918,12.670000076293944,12.265000343322754,12.5,6822915
2021-10-11,13.015000343322754,13.015000343322754,12.270000457763672,12.515000343322754,7462968
2021-10-12,13.364999771118164,13.364999771118164,12.5600004196167,12.75,6534785
2021-10-13,13.920000076293944,14.079999923706056,13.119999885559082,13.479999542236328,9888492
2021-10-14,14.229999542236328,14.520000457763672,13.859999656677246,14.100000381469728,10315480
2021-10-15,13.625,13.899999618530272,13.324999809265137,13.699999809265137,12608985
2021-10-18,12.994999885559082,13.300000190734863,12.8100004196167,13.220000267028809,8630887
2021-10-19,13.359999656677246,13.550000190734863,13.020000457763672,13.300000190734863,7591905
2021-10-20,13.8100004196167,14.130000114440918,13.350000381469728,13.404999732971191,9720857
2021-10-21,16.75,16.75,14.239999771118164,14.489999771118164,37445364
2021-10-22,15.625,16.575000762939453,14.6899995803833,16.55500030517578,18888026
2021-10-25,15.260000228881836,15.604999542236328,15.125,15.5,5051697
2021-10-26,16.860000610351562,17.040000915527344,15.300000190734863,15.300000190734863,14237206
2021-10-27,17.415000915527344,17.549999237060547,16.6200008392334,17.049999237060547,10554312
2021-10-28,17.485000610351562,17.725000381469727,16.905000686645508,17.56999969482422,6300671
2021-10-29,17.829999923706055,18.01499938964844,17.454999923706055,17.575000762939453,7244594
2021-11-01,19.2450008392334,19.2450008392334,18.200000762939453,18.25,9374338
2021-11-02,18.5,20.049999237060547,17.774999618530273,19.70499992370605,15405068
2021-11-03,17.80500030517578,18.73500061035156,17.360000610351562,18.600000381469727,7759051
2021-11-04,19.01000022888184,19.20499992370605,18.010000228881836,18.39999961853028,7886337
2021-11-05,19.09499931335449,19.545000076293945,18.63999938964844,19.299999237060547,5783039
2021-11-08,19.395000457763672,19.395000457763672,18.549999237060547,19.0,4986668
2021-11-09,19.57999992370605,20.14999961853028,19.420000076293945,19.8700008392334,10539184
2021-11-10,20.200000762939453,20.200000762939453,19.280000686645508,19.565000534057617,8775534
2021-11-11,19.895000457763672,20.13999938964844,19.530000686645508,20.030000686645508,3692697
2021-11-12,19.8799991607666,20.440000534057617,19.850000381469727,20.09000015258789,6486025
2021-11-15,19.670000076293945,20.18000030517578,19.540000915527344,20.18000030517578,3902664
2021-11-16,18.940000534057617,19.850000381469727,18.88999938964844,19.700000762939453,5866588
2021-11-17,19.700000762939453,19.700000762939453,18.700000762939453,18.89999961853028,4650195
2021-11-18,18.5,19.75,18.270000457763672,19.540000915527344,7193833
2021-11-19,19.100000381469727,19.1299991607666,18.13500022888184,18.5,8954729
2021-11-22,18.895000457763672,19.440000534057617,18.815000534057617,19.1200008392334,4420161
2021-11-23,17.43000030517578,18.315000534057617,17.274999618530273,18.290000915527344,11790613
2021-11-24,16.969999313354492,17.799999237060547,16.700000762939453,17.5,8810584
2021-11-25,18.780000686645508,18.78499984741211,17.450000762939453,17.5,9369329
2021-11-26,17.989999771118164,18.350000381469727,17.469999313354492,17.899999618530273,9390571
2021-11-29,18.415000915527344,18.575000762939453,17.6200008392334,18.0,5867424
2021-11-30,18.96999931335449,18.96999931335449,17.604999542236328,18.0,7709765
2021-12-01,18.415000915527344,18.475000381469727,17.655000686645508,18.1200008392334,7987396
2021-12-02,17.71500015258789,18.14999961853028,17.049999237060547,18.0,6620689
2021-12-03,17.190000534057617,18.32999992370605,17.190000534057617,17.979999542236328,5051257
2021-12-06,16.434999465942383,17.485000610351562,16.209999084472656,17.399999618530273,7931654
2021-12-07,17.56999969482422,17.610000610351562,16.649999618530273,16.649999618530273,5588072
2021-12-08,17.114999771118164,17.989999771118164,16.94499969482422,17.774999618530273,4099028
2021-12-09,17.049999237060547,17.25,16.799999237060547,17.165000915527344,3223264
2021-12-10,16.5,17.0,16.329999923706055,16.709999084472656,4055977
2021-12-13,15.359999656677246,16.700000762939453,15.359999656677246,16.655000686645508,7772301
2021-12-14,15.300000190734863,15.800000190734863,15.100000381469728,15.5,6331099
2021-12-15,14.989999771118164,15.449999809265137,14.970000267028809,15.210000038146973,4786792
2021-12-16,15.505000114440918,16.40999984741211,15.4399995803833,15.619999885559082,9641285
2021-12-17,14.800000190734863,15.375,14.600000381469728,15.274999618530272,9842913
2021-12-20,14.8100004196167,14.960000038146973,14.255000114440918,14.489999771118164,6111961
2021-12-21,14.854999542236328,15.260000228881836,14.779999732971191,15.050000190734863,3815935
2021-12-22,15.454999923706056,15.470000267028809,14.739999771118164,15.0,5313788
2021-12-23,15.18000030517578,15.675000190734863,14.989999771118164,15.5,2594674
2021-12-27,16.030000686645508,16.19499969482422,15.699999809265137,15.78499984741211,6087864
2021-12-28,15.380000114440918,16.125,15.3149995803833,16.0,4580774
2021-12-29,14.895000457763672,15.449999809265137,14.880000114440918,15.31999969482422,4171578
2021-12-30,15.210000038146973,15.279999732971191,14.84000015258789,14.899999618530272,4141988
2022-01-03,16.3700008392334,16.469999313354492,15.40999984741211,15.40999984741211,6103111
2022-01-04,15.654999732971191,16.700000762939453,15.55500030517578,16.5,5790367
2022-01-05,15.649999618530272,15.824999809265137,15.130000114440918,15.649999618530272,5777698
2022-01-06,14.335000038146973,15.199999809265137,14.255000114440918,15.0,19442472
2022-01-07,14.399999618530272,14.78499984741211,14.050000190734863,14.5,7600500
2022-01-10,13.725000381469728,14.729999542236328,13.725000381469728,14.600000381469728,8925166
2022-01-11,14.0,14.354999542236328,13.850000381469728,14.100000381469728,5035636
2022-01-12,13.954999923706056,14.470000267028809,13.81999969482422,14.380000114440918,4143991
2022-01-13,13.875,14.140000343322754,13.875,14.100000381469728,3491014
2022-01-14,13.5,13.925000190734863,13.5,13.800000190734863,7264436
2022-01-17,13.925000190734863,14.130000114440918,13.479999542236328,13.600000381469728,4114290
2022-01-18,12.93000030517578,13.850000381469728,12.845000267028809,13.81999969482422,9741972
2022-01-19,12.765000343322754,12.920000076293944,12.454999923706056,12.800000190734863,8860316
2022-01-20,13.449999809265137,13.600000381469728,12.81999969482422,13.199999809265137,7214981
2022-01-21,12.914999961853027,13.19499969482422,12.869999885559082,13.19499969482422,5458573
2022-01-24,12.114999771118164,12.899999618530272,11.80500030517578,12.850000381469728,9390080
2022-01-25,10.914999961853027,12.425000190734863,10.755000114440918,12.3100004196167,16130266
2022-01-26,12.0,12.079999923706056,11.020000457763672,11.154999732971191,10592389
2022-01-27,11.385000228881836,11.800000190734863,11.364999771118164,11.550000190734863,9471555
2022-01-28,11.3149995803833,11.670000076293944,10.5,11.5,13471249
2022-01-31,11.899999618530272,11.899999618530272,11.300000190734863,11.800000190734863,5790962
2022-02-01,12.095000267028809,12.579999923706056,11.96500015258789,12.40999984741211,7401120
2022-02-02,12.609999656677246,12.75,11.949999809265137,12.045000076293944,6477799
2022-02-03,11.824999809265137,12.5,11.800000190734863,12.5,4470954
2022-02-04,12.550000190734863,12.6850004196167,12.0600004196167,12.399999618530272,10041297
2022-02-07,12.989999771118164,12.989999771118164,12.295000076293944,12.75,6215722
2022-02-08,12.399999618530272,12.78499984741211,12.375,12.664999961853027,5007936
2022-02-09,13.21500015258789,13.220000267028809,12.385000228881836,12.550000190734863,6476999
2022-02-10,12.789999961853027,13.449999809265137,12.454999923706056,13.449999809265137,5782214
2022-02-11,12.6850004196167,13.15999984741211,12.425000190734863,12.600000381469728,4284393
2022-02-14,11.970000267028809,12.300000190734863,11.654999732971191,12.149999618530272,9285707
2022-02-15,12.720000267028809,12.720000267028809,12.010000228881836,12.010000228881836,6849797
2022-02-16,12.449999809265137,13.300000190734863,12.34000015258789,12.619999885559082,8657987
2022-02-17,13.140000343322754,13.234999656677246,12.449999809265137,12.494999885559082,11553312
2022-02-18,12.925000190734863,13.095000267028809,12.640000343322754,13.0600004196167,5929349
2022-02-21,12.100000381469728,12.5,11.949999809265137,12.390000343322754,7558979
2022-02-22,11.864999771118164,12.15999984741211,11.100000381469728,11.21500015258789,8529553
2022-02-23,11.979999542236328,12.039999961853027,11.614999771118164,11.699999809265137,6239334
2022-02-24,12.649999618530272,12.649999618530272,10.585000038146973,12.0,15062824
2022-02-25,13.46500015258789,13.75,12.199999809265137,12.5,13195030
2022-02-28,16.014999389648438,16.014999389648438,13.199999809265137,13.279999732971191,24169095
2022-03-01,14.835000038146973,16.5,14.010000228881836,16.5,21440913
2022-03-02,15.43000030517578,15.5600004196167,14.399999618530272,14.5,12609530
2022-03-03,14.59000015258789,15.375,14.59000015258789,15.199999809265137,7196458
2022-03-04,13.399999618530272,14.850000381469728,13.399999618530272,14.399999618530272,10863842
2022-03-07,14.399999618530272,14.720000267028809,12.585000038146973,13.020000457763672,11097957
2022-03-08,16.889999389648438,16.889999389648438,14.645000457763672,14.699999809265137,22389451
2022-03-09,18.065000534057617,18.86000061035156,16.889999389648438,17.5,30065944
2022-03-10,17.125,18.700000762939453,17.125,17.899999618530273,16448198
2022-03-11,17.950000762939453,18.424999237060547,17.610000610351562,18.0,13185149
2022-03-14,16.920000076293945,18.4950008392334,16.545000076293945,18.450000762939453,12064738
2022-03-15,15.71500015258789,16.479999542236328,15.364999771118164,16.364999771118164,9505675
2022-03-16,16.725000381469727,16.725000381469727,15.84000015258789,15.899999618530272,8409994
2022-03-17,16.799999237060547,17.440000534057617,16.424999237060547,17.049999237060547,6865848
2022-03-18,16.954999923706055,17.135000228881836,16.06999969482422,16.985000610351562,4945195
2022-03-21,16.809999465942383,17.049999237060547,16.375,17.0,3824915
2022-03-22,17.565000534057617,17.565000534057617,16.719999313354492,17.0,5518354
2022-03-23,16.809999465942383,17.59000015258789,16.579999923706055,17.360000610351562,5644998
2022-03-24,15.30500030517578,15.800000190734863,14.899999618530272,15.5,28866481
2022-03-25,14.449999809265137,15.5,14.449999809265137,15.300000190734863,11817090
2022-03-28,14.595000267028809,15.199999809265137,14.5,14.640000343322754,7875133
2022-03-29,14.460000038146973,15.029999732971191,14.300000190734863,14.800000190734863,6920571
2022-03-30,14.989999771118164,15.3100004196167,14.5,14.664999961853027,7535886
2022-03-31,14.949999809265137,15.010000228881836,14.760000228881836,15.010000228881836,3884057
2022-04-01,14.925000190734863,15.399999618530272,14.869999885559082,14.979999542236328,5118572
2022-04-04,15.300000190734863,15.300000190734863,14.779999732971191,15.109999656677246,4778800
2022-04-05,15.84000015258789,16.639999389648438,15.350000381469728,15.40999984741211,13853759
2022-04-06,15.19499969482422,16.059999465942383,14.949999809265137,16.014999389648438,9447877
2022-04-07,15.145000457763672,15.494999885559082,14.80500030517578,15.199999809265137,6624518
2022-04-08,15.039999961853027,15.345000267028809,14.979999542236328,15.3100004196167,3647447
2022-04-11,15.5,15.619999885559082,14.869999885559082,15.015000343322754,5905657
2022-04-12,15.0649995803833,15.609999656677246,14.920000076293944,15.5,4950607
2022-04-13,15.385000228881836,15.479999542236328,15.100000381469728,15.25,3983137
2022-04-19,15.300000190734863,15.515000343322754,15.020000457763672,15.5,4722735
2022-04-20,16.135000228881836,16.579999923706055,15.199999809265137,15.350000381469728,11833235
2022-04-21,15.699999809265137,16.469999313354492,15.664999961853027,16.15999984741211,4763359
2022-04-22,15.229999542236328,15.494999885559082,14.984999656677246,15.18000030517578,16350806
2022-04-25,14.479999542236328,15.125,14.175000190734863,14.859999656677246,8929067
2022-04-26,14.050000190734863,14.8100004196167,13.984999656677246,14.75,8114416
2022-04-27,13.899999618530272,14.31999969482422,13.734999656677246,14.265000343322754,5483920
2022-04-28,13.074999809265137,14.164999961853027,13.074999809265137,14.164999961853027,8060002
2022-04-29,13.609999656677246,13.729999542236328,13.220000267028809,13.289999961853027,4781642
2022-05-02,13.15999984741211,13.449999809265137,12.770000457763672,13.260000228881836,5093700
2022-05-03,13.5,13.630000114440918,13.039999961853027,13.25,3677614
2022-05-04,13.550000190734863,13.890000343322754,13.335000038146973,13.630000114440918,2743745
2022-05-05,13.3100004196167,14.15999984741211,13.210000038146973,14.100000381469728,4510574
2022-05-06,12.96500015258789,13.265000343322754,12.635000228881836,13.005000114440918,11066777
2022-05-09,12.354999542236328,12.9399995803833,12.244999885559082,12.925000190734863,5786539
2022-05-10,11.890000343322754,12.4350004196167,11.520000457763672,12.289999961853027,11093911
2022-05-11,12.43000030517578,12.835000038146973,11.104999542236328,11.239999771118164,15106913
2022-05-12,11.75,11.949999809265137,11.199999809265137,11.81999969482422,14184493
2022-05-13,13.119999885559082,13.119999885559082,11.875,12.354999542236328,10088859
2022-05-16,13.03499984741211,13.449999809265137,12.829999923706056,13.260000228881836,5907074
2022-05-18,13.895000457763672,14.220000267028809,13.56999969482422,13.56999969482422,7973750
2022-05-19,13.984999656677246,13.984999656677246,13.145000457763672,13.30500030517578,7150799
2022-05-20,13.4350004196167,14.109999656677246,13.399999618530272,14.039999961853027,6930536
2022-05-23,14.015000343322754,14.06999969482422,13.600000381469728,13.699999809265137,4978122
2022-05-24,13.614999771118164,14.100000381469728,13.470000267028809,14.100000381469728,3585458
2022-05-25,13.229999542236328,13.649999618530272,13.154999732971191,13.55500030517578,4417531
2022-05-27,14.600000381469728,14.600000381469728,13.71500015258789,13.835000038146973,10440887
2022-05-30,14.744999885559082,15.029999732971191,14.44499969482422,14.899999618530272,4750480
2022-05-31,14.625,14.770000457763672,14.210000038146973,14.59000015258789,6291493
2022-06-01,14.295000076293944,14.585000038146973,14.06999969482422,14.399999618530272,3033627
2022-06-02,14.119999885559082,14.635000228881836,13.869999885559082,14.600000381469728,3095176
2022-06-03,14.039999961853027,14.369999885559082,13.970000267028809,14.359999656677246,2697581
2022-06-07,13.96500015258789,14.255000114440918,13.725000381469728,14.255000114440918,3234023
2022-06-08,14.244999885559082,14.454999923706056,13.850000381469728,14.199999809265137,3765245
2022-06-09,13.024999618530272,14.050000190734863,12.94499969482422,14.050000190734863,8573483
2022-06-10,12.600000381469728,13.239999771118164,12.600000381469728,12.795000076293944,5479762
2022-06-13,12.114999771118164,12.420000076293944,11.949999809265137,12.1899995803833,6021465
2022-06-14,11.760000228881836,12.510000228881836,11.604999542236328,12.420000076293944,7306664
2022-06-15,12.425000190734863,12.5,11.84000015258789,12.100000381469728,5639116
2022-06-16,12.114999771118164,12.6850004196167,12.0600004196167,12.5,5166523
2022-06-17,12.550000190734863,12.645000457763672,12.010000228881836,12.100000381469728,8262794
2022-06-20,13.350000381469728,13.350000381469728,12.720000267028809,12.720000267028809,3182832
2022-06-21,13.539999961853027,13.545000076293944,12.984999656677246,13.265000343322754,3868330
2022-06-22,13.649999618530272,13.649999618530272,12.9350004196167,13.210000038146973,3710161
2022-06-23,12.59000015258789,13.640000343322754,12.364999771118164,13.640000343322754,6928983
2022-06-24,13.220000267028809,13.30500030517578,12.744999885559082,13.050000190734863,5108164
2022-06-27,13.329999923706056,13.579999923706056,13.140000343322754,13.25,3738798
2022-06-28,13.390000343322754,13.595000267028809,13.039999961853027,13.595000267028809,3425191
2022-06-29,12.395000457763672,13.175000190734863,12.395000457763672,13.175000190734863,5362088
2022-06-30,11.96500015258789,12.494999885559082,11.96500015258789,12.199999809265137,6509555
2022-07-01,12.619999885559082,12.8149995803833,11.9350004196167,12.104999542236328,5863148
2022-07-04,12.604999542236328,12.895000457763672,12.5,12.699999809265137,3525252
2022-07-05,12.699999809265137,12.81999969482422,12.454999923706056,12.5,3656538
2022-07-06,12.800000190734863,13.005000114440918,12.550000190734863,12.670000076293944,4644615
2022-07-07,13.30500030517578,13.369999885559082,12.850000381469728,12.899999618530272,4641841
2022-07-08,13.574999809265137,13.600000381469728,13.079999923706056,13.199999809265137,4394554
2022-07-11,13.899999618530272,14.234999656677246,13.1850004196167,13.25,6070100
2022-07-12,13.704999923706056,13.9399995803833,13.220000267028809,13.75,3946529
2022-07-13,13.354999542236328,13.850000381469728,13.244999885559082,13.5,2930456
2022-07-14,13.390000343322754,14.145000457763672,13.289999961853027,13.675000190734863,4437482
2022-07-15,13.234999656677246,13.765000343322754,13.050000190734863,13.300000190734863,8228263
2022-07-18,15.760000228881836,16.0,14.050000190734863,14.21500015258789,20795454
2022-07-19,16.565000534057617,16.885000228881836,15.324999809265137,15.550000190734863,13725798
2022-07-20,15.96500015258789,17.024999618530273,15.604999542236328,16.799999237060547,10308621
2022-07-21,16.079999923706055,16.44499969482422,15.760000228881836,16.06999969482422,3912691
2022-07-22,16.084999084472656,16.260000228881836,15.829999923706056,16.114999771118164,3804363
2022-07-25,15.369999885559082,16.0,15.100000381469728,16.0,4317192
2022-07-26,15.085000038146973,15.739999771118164,14.899999618530272,15.279999732971191,4201510
2022-07-27,15.414999961853027,15.449999809265137,14.914999961853027,15.0,3045156
2022-07-28,17.014999389648438,17.100000381469727,15.770000457763672,15.84000015258789,16843908
2022-07-29,16.530000686645508,16.924999237060547,16.084999084472656,16.899999618530273,7550762
2022-08-01,15.619999885559082,16.510000228881836,15.539999961853027,16.485000610351562,4417288
2022-08-02,16.045000076293945,16.149999618530273,15.154999732971191,15.510000228881836,5661299
2022-08-03,15.9399995803833,16.350000381469727,15.899999618530272,16.06999969482422,3182656
2022-08-04,16.204999923706055,16.325000762939453,15.68000030517578,15.994999885559082,4256795
2022-08-05,16.614999771118164,16.725000381469727,16.31999969482422,16.420000076293945,5352471
2022-08-08,16.799999237060547,16.94499969482422,16.059999465942383,16.770000457763672,5754005
2022-08-09,16.395000457763672,16.639999389648438,16.31999969482422,16.639999389648438,3947568
2022-08-10,16.200000762939453,16.350000381469727,15.55500030517578,16.299999237060547,4668439
2022-08-11,16.46500015258789,16.479999542236328,15.229999542236328,15.734999656677246,11300870
2022-08-12,15.225000381469728,16.280000686645508,15.21500015258789,16.049999237060547,13160081
2022-08-15,15.729999542236328,15.729999542236328,14.649999618530272,15.199999809265137,7056383
2022-08-16,15.850000381469728,16.15999984741211,15.399999618530272,15.619999885559082,6312786
2022-08-17,15.6899995803833,15.984999656677246,15.579999923706056,15.649999618530272,4241638
2022-08-18,15.229999542236328,15.614999771118164,15.229999542236328,15.600000381469728,4310036
2022-08-19,15.100000381469728,15.460000038146973,14.949999809265137,15.005000114440918,3608683
2022-08-22,14.505000114440918,15.050000190734863,14.475000381469728,14.989999771118164,5498988
2022-08-23,15.085000038146973,15.210000038146973,14.25,14.354999542236328,3126240
2022-08-24,15.154999732971191,15.260000228881836,14.795000076293944,15.0,2856444
2022-08-25,15.81999969482422,15.890000343322754,15.1899995803833,15.1899995803833,5441883
2022-08-26,15.494999885559082,15.81999969482422,15.44499969482422,15.8149995803833,3025736
2022-08-29,14.585000038146973,15.140000343322754,13.904999732971191,14.800000190734863,7951464
2022-08-30,14.890000343322754,15.100000381469728,14.510000228881836,14.68000030517578,3414593
2022-08-31,14.704999923706056,15.100000381469728,14.300000190734863,15.005000114440918,6637575
2022-09-01,14.145000457763672,14.699999809265137,14.079999923706056,14.364999771118164,4067702
2022-09-02,14.024999618530272,14.369999885559082,13.899999618530272,14.369999885559082,3438599
2022-09-05,13.824999809265137,13.989999771118164,13.510000228881836,13.75,2846525
2022-09-06,13.9350004196167,14.30500030517578,13.6850004196167,13.710000038146973,2886227
2022-09-07,13.524999618530272,13.8100004196167,13.03499984741211,13.5600004196167,6046270
2022-09-08,13.65999984741211,13.90999984741211,13.204999923706056,13.824999809265137,4836290
2022-09-09,14.40999984741211,14.40999984741211,13.149999618530272,13.1899995803833,21341124
2022-09-12,14.244999885559082,14.350000381469728,14.010000228881836,14.274999618530272,4372688
2022-09-13,13.960000038146973,14.640000343322754,13.779999732971191,14.229999542236328,8539446
2022-09-14,13.045000076293944,14.100000381469728,12.850000381469728,13.69499969482422,14374776
2022-09-15,12.854999542236328,13.210000038146973,12.6850004196167,13.19499969482422,7007783
2022-09-16,12.5,12.880000114440918,12.25,12.779999732971191,19060620
2022-09-19,12.255000114440918,12.470000267028809,12.05500030517578,12.359999656677246,6986728
2022-09-20,11.899999618530272,12.5,11.8100004196167,12.3149995803833,9254538
2022-09-21,12.265000343322754,12.380000114440918,11.765000343322754,11.949999809265137,7109949
2022-09-22,11.90999984741211,12.15999984741211,11.854999542236328,12.0,6241787
2022-09-23,11.619999885559082,11.979999542236328,11.5,11.899999618530272,9032574
2022-09-26,12.100000381469728,12.15999984741211,11.489999771118164,11.545000076293944,5648044
2022-09-27,12.260000228881836,12.454999923706056,11.890000343322754,12.039999961853027,6145588
2022-09-28,12.085000038146973,12.454999923706056,11.699999809265137,12.010000228881836,9592017
2022-09-29,11.699999809265137,12.460000038146973,11.699999809265137,12.460000038146973,5981627
2022-09-30,12.100000381469728,12.19499969482422,11.635000228881836,11.755000114440918,6046823
2022-10-03,12.154999732971191,12.19499969482422,11.720000267028809,12.154999732971191,5246365
2022-10-04,12.875,13.125,12.550000190734863,12.699999809265137,8912336
2022-10-05,12.3149995803833,13.0600004196167,12.3149995803833,13.0,5705604
2022-10-06,11.875,12.69499969482422,11.770000457763672,12.510000228881836,6275973
2022-10-07,11.550000190734863,11.93000030517578,11.345000267028809,11.399999618530272,7937383
2022-10-10,11.204999923706056,11.574999809265137,10.739999771118164,11.5,9436642
2022-10-11,10.78499984741211,11.109999656677246,10.664999961853027,10.914999961853027,8632953
2022-10-12,10.324999809265137,10.899999618530272,10.30500030517578,10.890000343322754,7966138
2022-10-13,10.489999771118164,10.69499969482422,9.82800006866455,10.350000381469728,11437906
2022-10-14,10.65999984741211,11.039999961853027,10.44499969482422,10.774999618530272,8817660
2022-10-17,10.984999656677246,11.739999771118164,10.869999885559082,11.604999542236328,13756737
2022-10-18,11.640000343322754,11.760000228881836,11.234999656677246,11.30500030517578,8290463
2022-10-19,11.494999885559082,12.015000343322754,11.255000114440918,11.729999542236328,6360830
2022-10-20,11.5649995803833,11.899999618530272,10.5,10.84000015258789,13168860
2022-10-21,12.050000190734863,12.239999771118164,11.244999885559082,11.244999885559082,29581520
2022-10-24,12.229999542236328,12.600000381469728,11.899999618530272,12.104999542236328,10130423
2022-10-25,12.44499969482422,12.5,11.8100004196167,12.46500015258789,8353360
2022-10-26,12.739999771118164,12.739999771118164,12.18000030517578,12.449999809265137,5152893
2022-10-27,12.390000343322754,12.574999809265137,11.725000381469728,12.515000343322754,9539673
2022-10-28,12.380000114440918,12.529999732971191,12.0,12.104999542236328,5137628
2022-10-31,12.704999923706056,12.765000343322754,12.255000114440918,12.4399995803833,5124236
2022-11-01,13.050000190734863,13.234999656677246,12.649999618530272,12.795000076293944,6809503
2022-11-02,12.78499984741211,13.279999732971191,12.75,13.130000114440918,5537476
2022-11-03,12.720000267028809,13.0,12.329999923706056,12.539999961853027,8818883
2022-11-04,12.68000030517578,13.095000267028809,12.654999732971191,12.875,7503418
2022-11-07,12.9350004196167,13.095000267028809,12.350000381469728,12.399999618530272,4666451
2022-11-08,12.904999732971191,13.0,12.614999771118164,12.979999542236328,4773454
2022-11-09,12.635000228881836,13.15999984741211,12.579999923706056,12.8100004196167,4088951
2022-11-10,13.6899995803833,13.6899995803833,12.279999732971191,12.524999618530272,9397662
2022-11-11,13.645000457763672,13.8100004196167,13.25,13.770000457763672,6190635
2022-11-14,13.84000015258789,13.850000381469728,13.369999885559082,13.640000343322754,4621641
2022-11-15,14.3100004196167,14.3100004196167,13.670000076293944,13.899999618530272,6127779
2022-11-16,14.079999923706056,14.739999771118164,14.06999969482422,14.595000267028809,9147283
2022-11-17,13.720000267028809,14.1850004196167,13.625,14.135000228881836,3300271
2022-11-18,14.015000343322754,14.170000076293944,13.664999961853027,13.899999618530272,3596701
2022-11-21,14.0600004196167,14.164999961853027,13.81999969482422,14.100000381469728,3172331
2022-11-22,14.05500030517578,14.1899995803833,13.699999809265137,14.100000381469728,5355234
2022-11-23,14.649999618530272,14.649999618530272,14.06999969482422,14.140000343322754,3946017
2022-11-24,15.354999542236328,15.354999542236328,14.399999618530272,14.640000343322754,7754546
2022-11-25,14.854999542236328,15.460000038146973,14.720000267028809,15.449999809265137,4075139
2022-11-28,14.994999885559082,15.164999961853027,14.5,14.75,4540256
2022-11-29,14.579999923706056,15.0,14.359999656677246,15.0,3643178
2022-11-30,15.0,15.0,14.4399995803833,14.4399995803833,6760655
2022-12-01,15.0,15.335000038146973,14.895000457763672,15.19499969482422,4432332
2022-12-02,15.1899995803833,15.28499984741211,14.729999542236328,15.15999984741211,3583572
2022-12-05,15.5600004196167,15.5600004196167,15.18000030517578,15.25,3936680
2022-12-06,15.324999809265137,15.479999542236328,15.130000114440918,15.4399995803833,2363881
2022-12-07,14.399999618530272,15.145000457763672,14.149999618530272,15.140000343322754,6567896
2022-12-08,14.850000381469728,14.850000381469728,14.25,14.364999771118164,2812992
2022-12-09,14.80500030517578,14.970000267028809,14.539999961853027,14.795000076293944,2470062
2022-12-12,15.5,15.5,14.69499969482422,14.739999771118164,4727898
2022-12-13,15.484999656677246,15.645000457763672,14.885000228881836,15.350000381469728,7412130
2022-12-14,15.43000030517578,15.630000114440918,15.100000381469728,15.265000343322754,5033723
2022-12-15,14.8100004196167,15.329999923706056,14.645000457763672,15.239999771118164,5997487
2022-12-16,14.640000343322754,14.920000076293944,14.399999618530272,14.664999961853027,9062213
2022-12-19,15.130000114440918,15.234999656677246,14.6850004196167,14.699999809265137,5824387
2022-12-20,13.229999542236328,14.574999809265137,13.21500015258789,14.53499984741211,12260552
2022-12-21,13.59000015258789,13.6899995803833,13.260000228881836,13.335000038146973,6295365
2022-12-22,13.510000228881836,13.829999923706056,13.460000038146973,13.645000457763672,3815134
2022-12-23,13.545000076293944,13.625,13.270000457763672,13.505000114440918,2952419
2022-12-27,13.649999618530272,13.975000381469728,13.55500030517578,13.55500030517578,2524423
2022-12-28,13.654999732971191,13.885000228881836,13.449999809265137,13.59000015258789,2281204
2022-12-29,13.94499969482422,13.94499969482422,13.449999809265137,13.475000381469728,2265313
2022-12-30,13.854999542236328,13.90999984741211,13.699999809265137,13.80500030517578,2420712
2023-01-02,14.085000038146973,14.234999656677246,13.989999771118164,14.0,1990033
2023-01-03,14.229999542236328,14.475000381469728,13.989999771118164,14.0,3499879
2023-01-04,14.895000457763672,15.010000228881836,14.335000038146973,14.640000343322754,6471611
2023-01-05,15.06999969482422,15.234999656677246,14.890000343322754,15.100000381469728,3366042
2023-01-06,16.290000915527344,16.350000381469727,15.4399995803833,15.550000190734863,15388320
2023-01-09,16.764999389648438,16.979999542236328,16.18000030517578,16.485000610351562,8263726
2023-01-10,16.204999923706055,16.65999984741211,15.890000343322754,16.600000381469727,6173760
2023-01-11,16.989999771118164,16.989999771118164,16.299999237060547,16.479999542236328,5901555
2023-01-12,17.190000534057617,17.549999237060547,16.799999237060547,16.899999618530273,9017957
2023-01-13,16.979999542236328,17.399999618530273,16.825000762939453,17.309999465942383,6331324
2023-01-16,16.110000610351562,16.78499984741211,15.9350004196167,16.780000686645508,9174909
2023-01-17,16.459999084472656,16.579999923706055,15.829999923706056,16.0,4338786
2023-01-18,16.420000076293945,16.55500030517578,15.979999542236328,16.225000381469727,4719180
2023-01-19,15.649999618530272,16.229999542236328,15.649999618530272,16.100000381469727,5035916
2023-01-20,15.725000381469728,15.850000381469728,15.420000076293944,15.675000190734863,6258462
2023-01-23,16.28499984741211,16.28499984741211,15.899999618530272,15.949999809265137,3113068
2023-01-24,16.225000381469727,16.5,15.970000267028809,16.5,2988604
2023-01-25,15.859999656677246,16.30500030517578,15.859999656677246,16.274999618530273,2546388
2023-01-26,16.020000457763672,16.219999313354492,15.9350004196167,16.200000762939453,2026227
2023-01-27,16.03499984741211,16.135000228881836,15.8149995803833,15.84000015258789,2058147
2023-01-30,16.334999084472656,16.364999771118164,15.8149995803833,15.949999809265137,2985414
2023-01-31,16.959999084472656,16.959999084472656,16.149999618530273,16.239999771118164,5322541
2023-02-01,17.364999771118164,17.450000762939453,17.0,17.079999923706055,6289401
2023-02-02,18.184999465942383,18.184999465942383,17.040000915527344,17.46500015258789,10498525
2023-02-03,17.69499969482422,17.975000381469727,17.43000030517578,17.799999237060547,4879516
2023-02-06,17.799999237060547,17.899999618530273,17.450000762939453,17.5049991607666,4223051
2023-02-07,18.239999771118164,18.88500022888184,18.0,18.34000015258789,7914118
2023-02-08,18.86000061035156,18.95499992370605,18.38999938964844,18.5,8011345
2023-02-09,18.48500061035156,18.924999237060547,18.3700008392334,18.895000457763672,4764575
2023-02-10,18.1299991607666,18.26000022888184,17.649999618530273,18.25,6386946
2023-02-13,17.649999618530273,17.989999771118164,17.405000686645508,17.579999923706055,4415184
2023-02-14,17.469999313354492,17.774999618530273,17.200000762939453,17.674999237060547,3902646
2023-02-15,17.235000610351562,17.549999237060547,17.110000610351562,17.2450008392334,4206902
2023-02-16,17.639999389648438,17.75,17.375,17.459999084472656,3241250
2023-02-17,17.065000534057617,17.299999237060547,16.93000030517578,17.299999237060547,5588424
2023-02-20,17.165000915527344,17.31999969482422,16.864999771118164,16.969999313354492,2651387
2023-02-21,17.0,17.28499984741211,16.94499969482422,17.104999542236328,2035764
2023-02-22,16.399999618530273,17.020000457763672,16.325000762939453,16.864999771118164,3043406
2023-02-23,16.540000915527344,16.735000610351562,16.200000762939453,16.71500015258789,3508840
2023-02-24,15.539999961853027,16.454999923706055,15.505000114440918,16.204999923706055,4743567
2023-02-27,15.65999984741211,16.09000015258789,15.510000228881836,15.699999809265137,4399148
2023-02-28,15.739999771118164,16.489999771118164,15.30500030517578,16.15999984741211,8481044
2023-03-01,15.43000030517578,16.0,15.140000343322754,16.0,8833183
2023-03-02,15.470000267028809,15.69499969482422,15.045000076293944,15.149999618530272,4853253
2023-03-03,16.0049991607666,16.049999237060547,15.494999885559082,15.505000114440918,3487249
2023-03-06,16.360000610351562,16.510000228881836,16.125,16.479999542236328,3505006
2023-03-07,14.989999771118164,15.449999809265137,14.774999618530272,15.199999809265137,24176972
2023-03-08,14.949999809265137,14.994999885559082,14.765000343322754,14.885000228881836,6832325
2023-03-09,15.024999618530272,15.149999618530272,14.645000457763672,14.90999984741211,5878190
2023-03-10,14.729999542236328,15.015000343322754,14.704999923706056,14.704999923706056,5224499
2023-03-13,14.31999969482422,14.904999732971191,14.050000190734863,14.895000457763672,9753462
2023-03-14,14.779999732971191,14.93000030517578,14.170000076293944,14.170000076293944,6299726
2023-03-15,14.239999771118164,15.0,14.114999771118164,15.0,8086429
2023-03-16,14.25,14.640000343322754,13.8149995803833,14.550000190734863,5909842
2023-03-17,14.15999984741211,15.100000381469728,14.140000343322754,14.765000343322754,11938193
2023-03-20,14.454999923706056,14.5649995803833,13.630000114440918,14.0600004196167,5225473
2023-03-21,14.630000114440918,14.779999732971191,14.484999656677246,14.760000228881836,4208657
2023-03-22,14.595000267028809,14.71500015258789,14.359999656677246,14.710000038146973,2928872
2023-03-23,14.630000114440918,14.699999809265137,14.30500030517578,14.414999961853027,3205382
2023-03-24,13.760000228881836,14.5,13.760000228881836,14.46500015258789,6818092
2023-03-27,13.8149995803833,14.029999732971191,13.789999961853027,14.029999732971191,2905610
2023-03-28,13.079999923706056,14.0600004196167,13.05500030517578,14.050000190734863,6685517
2023-03-29,13.460000038146973,13.460000038146973,13.104999542236328,13.19499969482422,4093358
2023-03-30,13.979999542236328,13.989999771118164,13.645000457763672,13.65999984741211,4137709
2023-03-31,14.19499969482422,14.199999809265137,13.829999923706056,14.020000457763672,2385945
2023-04-03,13.925000190734863,14.274999618530272,13.824999809265137,14.274999618530272,3170874
2023-04-04,13.649999618530272,14.05500030517578,13.649999618530272,14.05500030517578,3211825
2023-04-05,13.329999923706056,13.649999618530272,13.3100004196167,13.5,3037966
2023-04-11,13.300000190734863,13.585000038146973,13.170000076293944,13.550000190734863,6201747
2023-04-12,13.625,13.71500015258789,13.3100004196167,13.399999618530272,4415342
2023-04-13,13.170000076293944,13.494999885559082,13.09000015258789,13.470000267028809,3234160
2023-04-14,13.4399995803833,13.635000228881836,13.15999984741211,13.21500015258789,4938622
2023-04-17,13.31999969482422,13.68000030517578,13.1850004196167,13.600000381469728,3327936
2023-04-18,13.364999771118164,13.484999656677246,13.234999656677246,13.345000267028809,2301569
2023-04-19,13.265000343322754,13.270000457763672,12.979999542236328,13.199999809265137,4304209
2023-04-20,13.199999809265137,13.454999923706056,13.024999618530272,13.270000457763672,3624118
2023-04-21,13.130000114440918,13.295000076293944,12.970000267028809,13.1899995803833,8908907
2023-04-24,12.850000381469728,13.1850004196167,12.850000381469728,13.074999809265137,4270884
2023-04-25,12.3149995803833,12.774999618530272,12.30500030517578,12.75,6895515
2023-04-26,12.0,12.539999961853027,11.960000038146973,12.3149995803833,8331602
2023-04-27,14.03499984741211,14.21500015258789,13.31999969482422,13.994999885559082,15952256
2023-04-28,14.604999542236328,14.604999542236328,14.149999618530272,14.420000076293944,9131698
2023-05-02,14.199999809265137,14.664999961853027,14.149999618530272,14.649999618530272,4349817
2023-05-03,13.904999732971191,14.19499969482422,13.789999961853027,14.19499969482422,3747686
2023-05-04,14.135000228881836,14.1899995803833,13.75,13.81999969482422,2980435
2023-05-05,14.529999732971191,14.529999732971191,14.095000267028809,14.19499969482422,2037413
2023-05-08,14.545000076293944,14.649999618530272,14.40999984741211,14.649999618530272,1544559
2023-05-09,14.114999771118164,14.645000457763672,13.890000343322754,14.645000457763672,4645399
2023-05-10,14.40999984741211,14.4350004196167,14.020000457763672,14.140000343322754,2583134
2023-05-11,14.369999885559082,14.529999732971191,14.19499969482422,14.380000114440918,3016615
2023-05-12,14.494999885559082,14.5649995803833,14.335000038146973,14.404999732971191,2950481
2023-05-15,14.44499969482422,14.710000038146973,14.375,14.454999923706056,2744415
2023-05-16,14.68000030517578,14.925000190734863,14.520000457763672,14.550000190734863,3500942
2023-05-19,15.149999618530272,15.229999542236328,14.640000343322754,15.0,7905083
2023-05-22,14.845000267028809,15.300000190734863,14.699999809265137,15.270000457763672,2765879
2023-05-23,14.994999885559082,15.1850004196167,14.84000015258789,14.914999961853027,3343220
2023-05-24,14.399999618530272,14.899999618530272,14.399999618530272,14.670000076293944,3762297
2023-05-25,14.59000015258789,14.725000381469728,14.34000015258789,14.53499984741211,1951482
2023-05-26,14.640000343322754,14.744999885559082,14.510000228881836,14.675000190734863,1684839
2023-05-30,14.239999771118164,14.675000190734863,14.1899995803833,14.65999984741211,2900612
2023-05-31,14.06999969482422,14.300000190734863,13.729999542236328,13.9350004196167,8267542
2023-06-01,14.010000228881836,14.31999969482422,14.0,14.0,1782875
2023-06-02,13.760000228881836,14.359999656677246,13.645000457763672,14.149999618530272,4546992
2023-06-05,13.40999984741211,13.850000381469728,13.40999984741211,13.850000381469728,2712056
2023-06-06,13.399999618530272,13.609999656677246,13.18000030517578,13.244999885559082,2024055
2023-06-07,13.614999771118164,13.640000343322754,13.239999771118164,13.399999618530272,3818614
2023-06-08,13.300000190734863,13.630000114440918,13.260000228881836,13.600000381469728,2018727
2023-06-09,13.630000114440918,13.645000457763672,13.30500030517578,13.324999809265137,2019107
2023-06-12,13.475000381469728,13.614999771118164,13.34000015258789,13.5649995803833,3930283
2023-06-13,13.520000457763672,13.859999656677246,13.399999618530272,13.800000190734863,3905390
2023-06-14,13.539999961853027,13.640000343322754,13.260000228881836,13.359999656677246,5985389
2023-06-15,13.600000381469728,13.640000343322754,13.295000076293944,13.364999771118164,2998055
2023-06-16,14.125,14.220000267028809,13.670000076293944,13.850000381469728,13117494
2023-06-19,13.699999809265137,13.869999885559082,13.5649995803833,13.845000267028809,2794818
2023-06-20,13.979999542236328,13.979999542236328,13.5649995803833,13.614999771118164,3042117
2023-06-21,13.59000015258789,13.850000381469728,13.479999542236328,13.850000381469728,4414800
2023-06-22,12.895000457763672,13.4350004196167,12.895000457763672,13.399999618530272,7692053
2023-06-23,11.960000038146973,12.770000457763672,11.795000076293944,12.5,20463744
2023-06-26,11.90999984741211,12.220000267028809,11.850000381469728,12.149999618530272,5132264
2023-06-27,11.779999732971191,12.015000343322754,11.720000267028809,11.949999809265137,5414992
2023-06-28,12.154999732971191,12.199999809265137,11.869999885559082,11.899999618530272,3780619
2023-06-29,12.5600004196167,12.65999984741211,12.225000381469728,12.225000381469728,5350023
2023-06-30,12.59000015258789,13.15999984741211,12.515000343322754,13.0,6341059
2023-07-03,12.760000228881836,12.854999542236328,12.345000267028809,12.574999809265137,5717382
2023-07-04,12.604999542236328,12.68000030517578,12.324999809265137,12.5,2691626
2023-07-05,12.085000038146973,12.5,12.050000190734863,12.399999618530272,5161421
2023-07-06,11.664999961853027,12.109999656677246,11.664999961853027,12.020000457763672,11085293
2023-07-07,12.130000114440918,12.300000190734863,11.65999984741211,11.824999809265137,6593780
2023-07-10,12.050000190734863,12.079999923706056,11.824999809265137,11.859999656677246,4034067
2023-07-11,12.1850004196167,12.59000015258789,12.125,12.529999732971191,5061979
2023-07-12,12.4350004196167,12.484999656677246,12.225000381469728,12.260000228881836,4542464
2023-07-13,12.885000228881836,12.93000030517578,12.494999885559082,12.699999809265137,6826792
2023-07-14,12.670000076293944,13.005000114440918,12.574999809265137,12.729999542236328,5427316
2023-07-17,12.5649995803833,12.604999542236328,12.31999969482422,12.460000038146973,3288180
2023-07-18,13.9399995803833,14.0600004196167,12.9399995803833,13.1899995803833,16841693
2023-07-19,13.479999542236328,13.65999984741211,13.109999656677246,13.234999656677246,6529302
2023-07-20,13.454999923706056,13.609999656677246,13.1899995803833,13.210000038146973,3658529
2023-07-21,13.90999984741211,13.90999984741211,13.199999809265137,13.359999656677246,4999459
2023-07-24,13.765000343322754,13.949999809265137,13.550000190734863,13.574999809265137,2875992
2023-07-25,13.84000015258789,13.845000267028809,13.420000076293944,13.670000076293944,2875769
2023-07-26,14.0600004196167,14.0600004196167,13.520000457763672,13.579999923706056,4116346
2023-07-27,13.845000267028809,14.0600004196167,13.795000076293944,14.050000190734863,4012793
2023-07-28,13.579999923706056,13.760000228881836,13.489999771118164,13.760000228881836,2366158
2023-07-31,13.774999618530272,13.850000381469728,13.46500015258789,13.755000114440918,2784234
2023-08-01,13.53499984741211,13.859999656677246,13.529999732971191,13.859999656677246,1878060
2023-08-02,12.914999961853027,13.5,12.914999961853027,13.5,4812541
2023-08-03,12.779999732971191,13.0,12.670000076293944,12.800000190734863,2678258
2023-08-04,12.795000076293944,12.975000381469728,12.699999809265137,12.93000030517578,3375759
2023-08-07,12.279999732971191,12.710000038146973,12.279999732971191,12.630000114440918,3849741
2023-08-08,12.350000381469728,12.4399995803833,12.260000228881836,12.289999961853027,2449013
2023-08-09,12.199999809265137,12.550000190734863,12.199999809265137,12.550000190734863,2273287
2023-08-10,12.109999656677246,12.3149995803833,11.890000343322754,12.114999771118164,4194787
2023-08-11,12.119999885559082,12.18000030517578,11.93000030517578,11.954999923706056,2734697
2023-08-14,12.095000267028809,12.30500030517578,11.984999656677246,12.05500030517578,2925338
2023-08-15,11.954999923706056,12.234999656677246,11.93000030517578,12.149999618530272,2744274
2023-08-16,11.885000228881836,11.979999542236328,11.795000076293944,11.9399995803833,5177199
2023-08-17,11.515000343322754,11.904999732971191,11.5,11.78499984741211,7966112
2023-08-18,11.55500030517578,11.55500030517578,11.199999809265137,11.260000228881836,5660394
2023-08-21,11.43000030517578,11.649999618530272,11.375,11.5600004196167,2994689
2023-08-22,11.649999618530272,11.864999771118164,11.300000190734863,11.300000190734863,3620376
2023-08-23,11.914999961853027,11.979999542236328,11.649999618530272,11.649999618530272,2391070
2023-08-24,11.529999732971191,12.0,11.510000228881836,11.914999961853027,3878625
2023-08-25,11.56999969482422,11.600000381469728,11.34000015258789,11.425000190734863,3109291
2023-08-28,11.779999732971191,11.824999809265137,11.4350004196167,11.600000381469728,2207927
2023-08-29,11.81999969482422,11.899999618530272,11.604999542236328,11.84000015258789,2490753
2023-08-30,11.550000190734863,11.81999969482422,11.354999542236328,11.774999618530272,4904436
2023-08-31,11.6899995803833,11.704999923706056,11.375,11.380000114440918,3744247
2023-09-01,11.390000343322754,11.55500030517578,11.300000190734863,11.460000038146973,3595318
2023-09-04,11.420000076293944,11.595000267028809,11.31999969482422,11.31999969482422,3620019
2023-09-05,11.274999618530272,11.460000038146973,11.19499969482422,11.350000381469728,4077848
2023-09-06,10.800000190734863,11.270000457763672,10.720000267028809,11.039999961853027,8023210
2023-09-07,10.420000076293944,10.619999885559082,10.234999656677246,10.399999618530272,8053691
2023-09-08,10.260000228881836,10.524999618530272,10.140000343322754,10.5,4831982
2023-09-11,10.510000228881836,10.595000267028809,10.25,10.295000076293944,3326177
2023-09-12,10.520000457763672,10.630000114440918,10.260000228881836,10.55500030517578,6224851
2023-09-13,10.4399995803833,10.460000038146973,10.300000190734863,10.43000030517578,3677258
2023-09-14,10.845000267028809,10.854999542236328,10.395000457763672,10.479999542236328,4875914
2023-09-15,10.649999618530272,10.975000381469728,10.510000228881836,10.975000381469728,13725027
2023-09-18,10.399999618530272,10.725000381469728,10.375,10.510000228881836,3566489
2023-09-19,10.375,10.489999771118164,10.300000190734863,10.300000190734863,3838458
2023-09-20,10.369999885559082,10.579999923706056,10.300000190734863,10.395000457763672,4353834
2023-09-21,9.916000366210938,10.345000267028809,9.850000381469728,10.300000190734863,6195581
2023-09-22,9.946000099182127,10.05500030517578,9.432000160217283,9.555999755859377,7499935
2023-09-25,9.15999984741211,9.784000396728516,8.869999885559082,9.784000396728516,12153293
2023-09-26,8.149999618530273,9.003999710083008,8.109999656677246,9.0,18784906
2023-09-27,8.454000473022461,8.600000381469727,7.992000102996826,8.300000190734863,14082098
2023-09-28,8.163999557495117,8.34000015258789,8.029999732971191,8.34000015258789,8244136
2023-09-29,8.394000053405762,8.62600040435791,8.27400016784668,8.442000389099121,8133721
2023-10-02,8.211999893188477,8.75,8.180000305175781,8.564000129699707,7947824
2023-10-03,7.684000015258789,8.0600004196167,7.668000221252441,7.961999893188477,13417779
2023-10-04,7.679999828338623,7.926000118255615,7.510000228881836,7.697999954223633,8797485
2023-10-05,7.592000007629394,8.02400016784668,7.544000148773193,7.75,11167665
2023-10-06,7.406000137329102,7.705999851226807,7.343999862670898,7.519999980926514,7161061
2023-10-09,7.6479997634887695,7.722000122070312,7.389999866485596,7.429999828338623,4884567
2023-10-10,8.156000137329102,8.156000137329102,7.607999801635742,7.642000198364258,6777304
2023-10-11,8.234000205993652,8.350000381469727,8.10200023651123,8.350000381469727,6515246
2023-10-12,7.861999988555908,8.069999694824219,7.769999980926514,7.907999992370605,6471469
2023-10-13,7.605999946594238,7.777999877929687,7.438000202178955,7.75,7263848
2023-10-16,7.8979997634887695,7.923999786376953,7.409999847412109,7.409999847412109,5288640
2023-10-17,7.915999889373779,8.199999809265137,7.769999980926514,8.088000297546387,6714079
2023-10-18,7.728000164031982,7.880000114440918,7.513999938964844,7.716000080108643,6091302
2023-10-19,7.645999908447266,7.927999973297119,7.572000026702881,7.599999904632568,4649183
2023-10-20,7.427999973297119,7.75600004196167,7.26200008392334,7.75600004196167,28289868
2023-10-23,7.131999969482422,7.392000198364258,6.955999851226807,7.392000198364258,9136948
2023-10-24,7.415999889373779,7.572000026702881,7.131999969482422,7.165999889373779,7525067
2023-10-25,6.880000114440918,7.191999912261963,6.679999828338623,7.099999904632568,22399839
2023-10-26,7.099999904632568,7.26800012588501,6.699999809265137,6.880000114440918,9638353
2023-10-27,7.1479997634887695,7.283999919891357,7.044000148773193,7.090000152587891,5660818
2023-10-30,6.906000137329102,7.191999912261963,6.820000171661377,7.0980000495910645,6206944
2023-10-31,7.320000171661377,7.320000171661377,6.869999885559082,6.941999912261963,7639400
2023-11-01,7.3979997634887695,7.533999919891357,7.21999979019165,7.25,8223471
2023-11-02,8.192000389099121,8.192000389099121,7.5,7.5,11397580
2023-11-03,8.699999809265137,8.770000457763672,8.204000473022461,8.270000457763672,11275271
2023-11-06,8.53600025177002,9.067999839782717,8.53600025177002,9.001999855041504,8149389
2023-11-07,8.154000282287598,8.399999618530273,8.052000045776367,8.399999618530273,7600848
2023-11-08,8.053999900817871,8.359999656677246,8.052000045776367,8.149999618530273,6704565
2023-11-09,8.086000442504883,8.168000221252441,7.757999897003174,7.829999923706055,5535023
2023-11-10,7.498000144958496,7.947999954223633,7.302000045776367,7.914000034332275,10390239
2023-11-13,7.519999980926514,7.622000217437744,7.449999809265137,7.585999965667725,4601102
2023-11-14,8.270000457763672,8.326000213623047,7.619999885559082,7.642000198364258,8198505
2023-11-15,8.362000465393066,8.772000312805176,8.137999534606934,8.503999710083008,8019409
2023-11-16,8.170000076293945,8.399999618530273,8.109999656677246,8.289999961853027,5566629
2023-11-17,8.32800006866455,8.5,8.116000175476074,8.116000175476074,8676105
2023-11-20,8.501999855041504,8.529999732971191,8.095999717712402,8.312000274658203,4893604
2023-11-21,8.081999778747559,8.668000221252441,8.038000106811523,8.600000381469727,4372219
2023-11-22,8.083999633789062,8.20199966430664,7.894000053405762,7.903999805450439,2750138
2023-11-23,7.872000217437744,8.220000267028809,7.84600019454956,8.1899995803833,2434142
2023-11-24,7.811999797821045,7.909999847412109,7.699999809265137,7.863999843597412,4211598
2023-11-27,7.8379998207092285,7.940000057220459,7.630000114440918,7.650000095367432,4224385
2023-11-28,7.151999950408936,7.723999977111816,7.130000114440918,7.625999927520752,7413980
2023-11-29,7.547999858856201,7.618000030517578,7.193999767303467,7.193999767303467,7740865
2023-11-30,7.921999931335449,8.005999565124512,7.504000186920166,7.636000156402588,11120259
2023-12-01,7.964000225067139,8.064000129699707,7.639999866485596,7.880000114440918,4527557
2023-12-04,8.163999557495117,8.307999610900879,7.980000019073486,7.980000019073486,7304395
2023-12-05,8.208000183105469,8.293999671936035,7.9120001792907715,8.017999649047852,3982608
2023-12-06,7.978000164031982,8.026000022888184,7.472000122070312,7.909999847412109,8754666
2023-12-07,7.576000213623047,7.860000133514404,7.519999980926514,7.794000148773193,4296316
2023-12-08,7.659999847412109,7.671999931335449,7.458000183105469,7.576000213623047,4192256
2023-12-11,7.446000099182129,7.6020002365112305,7.297999858856201,7.507999897003174,3851782
2023-12-12,7.375999927520752,7.564000129699707,7.263999938964844,7.5,6251975
2023-12-13,6.693999767303467,7.151999950408936,6.300000190734863,7.130000114440918,24862941
2023-12-14,7.222000122070312,7.539999961853027,7.0,7.0,14981097
2023-12-15,7.49399995803833,7.684000015258789,7.25,7.458000183105469,27897542
2023-12-18,7.179999828338623,7.769999980926514,7.170000076293945,7.447999954223633,9249334
2023-12-19,7.177999973297119,7.380000114440918,7.072000026702881,7.159999847412109,5848213
2023-12-20,6.9679999351501465,7.173999786376953,6.920000076293945,7.104000091552734,6395826
2023-12-21,7.0,7.130000114440918,6.820000171661377,6.861999988555908,6104711
2023-12-22,6.76800012588501,6.9679999351501465,6.75,6.826000213623047,3972704
2023-12-27,7.081999778747559,7.210000038146973,6.809999942779541,6.809999942779541,6689614
2023-12-28,7.130000114440918,7.242000102996826,7.035999774932861,7.065999984741211,3801058
2023-12-29,6.889999866485596,7.079999923706055,6.860000133514404,7.03000020980835,4802435
2024-01-02,6.912000179290772,6.966000080108643,6.736000061035156,6.800000190734863,5155454
2024-01-03,6.745999813079834,6.8979997634887695,6.644000053405762,6.872000217437744,7005435
2024-01-04,6.745999813079834,6.834000110626221,6.639999866485596,6.72599983215332,4359755
2024-01-05,6.570000171661377,6.78000020980835,6.460000038146973,6.748000144958496,9230146
2024-01-08,6.484000205993652,6.618000030517578,6.354000091552734,6.480000019073486,5085658
2024-01-09,6.349999904632568,6.539999961853027,6.2820000648498535,6.484000205993652,4412981
2024-01-10,6.291999816894531,6.677999973297119,6.25,6.309999942779541,6258308
2024-01-11,6.151999950408936,6.420000076293945,6.136000156402588,6.349999904632568,4131264
2024-01-12,5.941999912261963,6.245999813079834,5.840000152587891,6.118000030517578,8991491
2024-01-15,5.935999870300293,5.955999851226807,5.802000045776367,5.814000129699707,7044627
2024-01-16,5.498000144958496,5.73199987411499,5.380000114440918,5.699999809265137,13100395
2024-01-17,5.210000038146973,5.427999973297119,5.177999973297119,5.289999961853027,9453487
2024-01-18,5.441999912261963,5.550000190734863,5.070000171661377,5.110000133514404,11155607
2024-01-19,5.093999862670898,5.625999927520752,5.061999797821045,5.521999835968018,33055656
2024-01-22,5.21999979019165,5.294000148773193,4.9730000495910645,5.173999786376953,6707087
2024-01-23,5.400000095367432,5.441999912261963,5.124000072479248,5.130000114440918,6548586
2024-01-24,5.552000045776367,5.75,5.526000022888184,5.5980000495910645,12464699
2024-01-25,5.277999877929688,5.409999847412109,5.170000076293945,5.329999923706055,6127252
2024-01-26,5.22599983215332,5.349999904632568,5.170000076293945,5.309999942779541,9022931
2024-01-29,5.230000019073486,5.242000102996826,5.03000020980835,5.230000019073486,5602485
2024-01-30,5.142000198364258,5.328000068664551,5.104000091552734,5.277999877929688,5251723
2024-01-31,5.335999965667725,5.335999965667725,5.03000020980835,5.03000020980835,8034213
2024-02-01,5.260000228881836,5.400000095367432,5.202000141143799,5.25,7407159
2024-02-02,5.432000160217285,5.946000099182129,5.432000160217285,5.5,19598594
2024-02-05,5.2820000648498535,5.513999938964844,5.170000076293945,5.480000019073486,8247254
2024-02-06,4.860000133514404,5.190000057220459,4.767000198364258,5.102000236511231,20414731
2024-02-07,4.8460001945495605,5.004000186920166,4.789999961853027,4.849999904632568,10612329
2024-02-08,4.89900016784668,4.989999771118164,4.671000003814697,4.736000061035156,6670115
2024-02-09,4.860000133514404,4.927999973297119,4.664999961853027,4.800000190734863,7149558
2024-02-12,4.986999988555908,5.130000114440918,4.869999885559082,4.869999885559082,6153371
2024-02-13,4.800000190734863,5.0920000076293945,4.796999931335449,4.980000019073486,6843668
2024-02-14,4.829999923706055,4.849999904632568,4.730999946594238,4.75,6599872
2024-02-15,4.744999885559082,4.942999839782715,4.723999977111816,4.85699987411499,7929757
2024-02-16,4.824999809265137,4.938000202178955,4.785999774932861,4.789999961853027,4420583
2024-02-19,4.804999828338623,4.912000179290772,4.76800012588501,4.809000015258789,5773093
2024-02-20,4.798999786376953,4.841000080108643,4.675000190734863,4.800000190734863,4410188
2024-02-21,4.78000020980835,4.853000164031982,4.599999904632568,4.599999904632568,8504789
2024-02-22,4.804999828338623,4.900000095367432,4.749000072479248,4.750999927520752,5638433
2024-02-23,4.513999938964844,4.829999923706055,4.513999938964844,4.750999927520752,8375683
2024-02-26,4.427999973297119,4.427999973297119,4.230000019073486,4.36899995803833,9221041
2024-02-27,4.561999797821045,4.624000072479248,4.349999904632568,4.349999904632568,5741646
2024-02-28,4.684999942779541,5.579999923706055,4.684999942779541,5.498000144958496,25595963
2024-02-29,4.923999786376953,5.015999794006348,4.301000118255615,4.550000190734863,20472653
2024-03-01,4.90399980545044,4.980999946594238,4.796000003814697,4.869999885559082,9265059
2024-03-04,4.788000106811523,5.052000045776367,4.788000106811523,4.935999870300293,6148301
2024-03-05,4.611999988555908,4.800000190734863,4.571000099182129,4.7179999351501465,5781611
2024-03-06,4.622000217437744,4.806000232696533,4.514999866485596,4.527999877929688,5002572
2024-03-07,4.730000019073486,4.76200008392334,4.531000137329102,4.602000236511231,4485244
2024-03-08,4.738999843597412,4.767000198364258,4.593999862670898,4.749000072479248,4487637
2024-03-11,4.670000076293945,4.817999839782715,4.5920000076293945,4.685999870300293,4685366
2024-03-12,4.663000106811523,4.783999919891357,4.605000019073486,4.696000099182129,4314457
2024-03-13,4.609000205993652,4.666999816894531,4.567999839782715,4.610000133514404,4280285
2024-03-14,4.800000190734863,4.947999954223633,4.681000232696533,4.830999851226807,9861381
2024-03-15,4.914999961853027,4.929999828338623,4.728000164031982,4.804999828338623,10751247
2024-03-18,4.724999904632568,5.064000129699707,4.724999904632568,4.881999969482422,7838130
2024-03-19,4.47599983215332,4.775000095367432,4.458000183105469,4.559999942779541,11377067
2024-03-20,4.7179999351501465,4.797999858856201,4.47599983215332,4.47599983215332,12533460
2024-03-21,4.886000156402588,4.998000144958496,4.73199987411499,4.8470001220703125,7442712
2024-03-22,4.840000152587891,5.073999881744385,4.7179999351501465,4.836999893188477,6743916
2024-03-25,4.839000225067139,4.915999889373779,4.756999969482422,4.756999969482422,4316929
2024-03-26,4.879000186920166,4.941999912261963,4.810999870300293,4.848999977111816,3842751
2024-03-27,4.828000068664551,4.86299991607666,4.729000091552734,4.860000133514404,3420054
2024-04-02,4.820000171661377,5.0960001945495605,4.814000129699707,4.827000141143799,8104910
2024-04-03,4.982999801635742,4.982999801635742,4.710000038146973,4.710000038146973,6446784
2024-04-04,5.400000095367432,5.447999954223633,4.877999782562256,4.960000038146973,13191209
2024-04-05,5.2820000648498535,5.440000057220459,5.196000099182129,5.328000068664551,7622490
2024-04-08,5.449999809265137,5.539999961853027,5.179999828338623,5.449999809265137,10465930
2024-04-09,6.2220001220703125,6.2220001220703125,5.521999835968018,5.558000087738037,14773148
2024-04-10,5.228000164031982,6.00600004196167,5.164000034332275,5.998000144958496,28284399
2024-04-11,5.190000057220459,5.363999843597412,5.150000095367432,5.2179999351501465,7884330
2024-04-12,5.322000026702881,5.4720001220703125,5.230000019073486,5.230000019073486,7290514
2024-04-15,5.0920000076293945,5.239999771118164,5.0920000076293945,5.159999847412109,4818336
2024-04-16,5.139999866485596,5.193999767303467,4.906000137329102,5.03000020980835,6603272
2024-04-17,4.650000095367432,5.099999904632568,4.611999988555908,4.909999847412109,21372058
2024-04-18,4.728000164031982,4.798999786376953,4.566999912261963,4.611000061035156,6117276
2024-04-19,4.738999843597412,4.777999877929688,4.63100004196167,4.763000011444092,14711155
2024-04-22,4.679999828338623,4.840000152587891,4.659999847412109,4.699999809265137,3931005
2024-04-23,4.631999969482422,4.765999794006348,4.519999980926514,4.659999847412109,6049307
2024-04-24,4.547999858856201,4.670000076293945,4.50600004196167,4.670000076293945,5086060
2024-04-25,4.565999984741211,4.631999969482422,4.499000072479248,4.547999858856201,4261088
2024-04-26,5.0,5.130000114440918,4.750999927520752,4.750999927520752,11316920
2024-04-29,5.139999866485596,5.25,4.9629998207092285,5.03000020980835,6450154
2024-04-30,5.245999813079834,5.3379998207092285,5.136000156402588,5.202000141143799,6147969
2024-05-02,5.176000118255615,5.228000164031982,5.021999835968018,5.085999965667725,4541040
2024-05-03,5.297999858856201,5.329999923706055,5.173999786376953,5.199999809265137,4337114
2024-05-06,5.400000095367432,5.51800012588501,5.335999965667725,5.349999904632568,5512165
2024-05-07,5.618000030517578,5.736000061035156,5.453999996185303,5.5,6670722
2024-05-08,5.326000213623047,5.599999904632568,5.234000205993652,5.5,7701343
2024-05-10,5.708000183105469,5.74399995803833,5.400000095367432,5.400000095367432,9081805
2024-05-13,5.688000202178955,5.7820000648498535,5.552000045776367,5.75,4379415
2024-05-14,6.131999969482422,6.3420000076293945,5.711999893188477,5.800000190734863,13057078
2024-05-15,6.107999801635742,6.369999885559082,6.085999965667725,6.156000137329102,8724077
2024-05-16,5.946000099182129,6.340000152587891,5.618000030517578,6.130000114440918,23754436
2024-05-21,6.25600004196167,6.306000232696533,5.800000190734863,5.9679999351501465,9211880
2024-05-22,6.234000205993652,6.420000076293945,6.107999801635742,6.25,7558152
2024-05-23,6.834000110626221,7.228000164031982,6.2820000648498535,6.360000133514404,21128094
2024-05-24,6.949999809265137,7.0,6.498000144958496,6.811999797821045,12136260
2024-05-27,7.407999992370605,7.599999904632568,7.199999809265137,7.257999897003174,9212165
2024-05-28,8.498000144958496,8.64799976348877,7.650000095367432,7.734000205993652,31662643
2024-05-29,7.875999927520752,8.699999809265137,7.627999782562256,8.5,21359526
2024-05-30,7.026000022888184,8.039999961853027,6.900000095367432,7.585999965667725,18678109
2024-05-31,8.0,8.0,6.946000099182129,7.019999980926514,25475549
2024-06-03,8.149999618530273,8.543999671936035,8.052000045776367,8.229999542236328,12082410
2024-06-04,7.071577072143555,7.516202926635742,6.971951007843018,7.379677772521973,10224936
2024-06-05,6.9737958908081055,7.307726860046387,6.938743114471436,7.204411029815674,6198089
2024-06-06,6.669384002685547,7.222859859466553,6.669384002685547,7.0106940269470215,9029720
2024-06-07,6.899999141693115,7.114009857177734,6.549465179443359,6.639865875244141,7104273
2024-06-10,7.133999824523926,7.730000019073486,6.926000118255615,7.25,8474065
2024-06-11,6.553999900817871,7.360000133514404,6.510000228881836,7.199999809265137,10149877
2024-06-12,6.576000213623047,6.7820000648498535,6.544000148773193,6.699999809265137,6612139
2024-06-13,6.46999979019165,6.599999904632568,6.3420000076293945,6.539999961853027,4646702
2024-06-14,6.105999946594238,6.526000022888184,6.105999946594238,6.406000137329102,5389000
2024-06-17,5.90399980545044,6.021999835968018,5.75,6.0,8514507
2024-06-18,6.081999778747559,6.081999778747559,5.802000045776367,5.90399980545044,4914515
2024-06-19,5.814000129699707,6.179999828338623,5.808000087738037,6.119999885559082,4771379
2024-06-20,5.71999979019165,5.929999828338623,5.71999979019165,5.815999984741211,3670367
2024-06-21,5.435999870300293,5.690000057220459,5.400000095367432,5.690000057220459,9932520
2024-06-24,5.65399980545044,5.769999980926514,5.21999979019165,5.429999828338623,6883172
2024-06-25,5.510000228881836,5.656000137329102,5.357999801635742,5.6479997634887695,4610633
2024-06-26,5.501999855041504,5.677999973297119,5.334000110626221,5.46999979019165,3786023
2024-06-27,5.473999977111816,5.52400016784668,5.374000072479248,5.415999889373779,2000447
2024-06-28,5.602000236511231,5.670000076293945,5.440000057220459,5.440000057220459,3134481
2024-07-01,6.090000152587891,6.127999782562256,5.552000045776367,5.5920000076293945,6651077
2024-07-02,5.941999912261963,6.25,5.823999881744385,6.099999904632568,3802824
2024-07-03,6.0,6.0,5.7820000648498535,6.0,2768873
2024-07-04,5.869999885559082,6.199999809265137,5.869999885559082,6.199999809265137,2557110
2024-07-05,5.886000156402588,6.050000190734863,5.886000156402588,5.978000164031982,2248414
2024-07-08,6.00600004196167,6.064000129699707,5.728000164031982,5.800000190734863,3083842
2024-07-09,5.90399980545044,6.1579999923706055,5.90399980545044,6.070000171661377,2607160
2024-07-10,5.860000133514404,5.986000061035156,5.642000198364258,5.935999870300293,2747896
2024-07-11,6.326000213623047,6.3979997634887695,5.920000076293945,5.953999996185303,8162176
2024-07-12,7.113999843597412,7.113999843597412,6.400000095367432,6.4079999923706055,8604992
2024-07-15,6.78000020980835,7.633999824523926,6.564000129699707,7.25,6557331
2024-07-16,6.783999919891357,7.099999904632568,6.7179999351501465,6.892000198364258,5450498
2024-07-17,6.306000232696533,6.550000190734863,6.099999904632568,6.199999809265137,7768421
2024-07-18,6.216000080108643,6.260000228881836,6.041999816894531,6.122000217437744,4501954
2024-07-19,5.866000175476074,6.25,5.802000045776367,6.110000133514404,7713888
2024-07-22,5.927999973297119,6.164000034332275,5.900000095367432,5.949999809265137,3102856
2024-07-23,5.826000213623047,6.119999885559082,5.826000213623047,5.929999828338623,2916182
2024-07-24,5.823999881744385,5.880000114440918,5.730000019073486,5.800000190734863,2030628
2024-07-25,5.952000141143799,5.9679999351501465,5.788000106811523,5.806000232696533,2308341
2024-07-26,6.072000026702881,6.23199987411499,5.900000095367432,5.900000095367432,3841598
2024-07-29,6.21999979019165,6.377999782562256,6.127999782562256,6.199999809265137,2687246
2024-07-30,6.118000030517578,6.349999904632568,6.118000030517578,6.21999979019165,1815246
2024-07-31,5.888000011444092,6.300000190734863,5.888000011444092,6.25,3778340
2024-08-01,6.124000072479248,6.170000076293945,5.947999954223633,6.010000228881836,2660512
2024-08-02,5.710000038146973,6.001999855041504,5.665999889373779,5.949999809265137,4168944
2024-08-05,5.380000114440918,5.5,5.122000217437744,5.400000095367432,6096943
2024-08-06,5.710000038146973,5.880000114440918,5.539999961853027,5.539999961853027,5341334
2024-08-07,5.5320000648498535,5.900000095367432,5.5320000648498535,5.777999877929688,2787885
2024-08-08,5.504000186920166,5.630000114440918,5.300000190734863,5.504000186920166,2254981
2024-08-09,5.630000114440918,5.714000225067139,5.541999816894531,5.550000190734863,2239445
2024-08-12,5.51800012588501,5.664000034332275,5.50600004196167,5.630000114440918,1951037
2024-08-13,5.585999965667725,5.642000198364258,5.48799991607666,5.510000228881836,1768742
2024-08-14,5.489999771118164,5.699999809265137,5.489999771118164,5.599999904632568,2036490
2024-08-15,5.682000160217285,5.682000160217285,5.4079999923706055,5.559999942779541,2275145
2024-08-16,5.673999786376953,5.691999912261963,5.526000022888184,5.679999828338623,1590107
2024-08-19,5.633999824523926,5.74399995803833,5.507999897003174,5.619999885559082,2807501
2024-08-20,5.742000102996826,5.75,5.624000072479248,5.624000072479248,2366844
2024-08-21,5.423999786376953,5.815999984741211,5.423999786376953,5.656000137329102,4731465
2024-08-22,5.3460001945495605,5.538000106811523,5.303999900817871,5.449999809265137,2713587
2024-08-23,5.395999908447266,5.453999996185303,5.199999809265137,5.25,2330757
2024-08-26,5.400000095367432,5.480000019073486,5.320000171661377,5.320000171661377,1560590
2024-08-27,5.349999904632568,5.455999851226807,5.3460001945495605,5.349999904632568,768583
2024-08-28,5.377999782562256,5.458000183105469,5.308000087738037,5.349999904632568,1796216
2024-08-29,5.297999858856201,5.418000221252441,5.283999919891357,5.363999843597412,1410222
2024-08-30,5.360000133514404,5.464000225067139,5.230000019073486,5.289999961853027,3257592
2024-09-02,5.659999847412109,5.659999847412109,5.300000190734863,5.300000190734863,2742547
2024-09-03,5.248000144958496,5.619999885559082,5.248000144958496,5.576000213623047,2152608
2024-09-04,5.352000236511231,5.3979997634887695,5.099999904632568,5.099999904632568,1844836
2024-09-05,5.303999900817871,5.455999851226807,5.254000186920166,5.254000186920166,1406604
2024-09-06,5.2220001220703125,5.329999923706055,5.197999954223633,5.25,2055428
2024-09-09,5.208000183105469,5.260000228881836,4.920000076293945,5.156000137329102,4062279
2024-09-10,4.964000225067139,5.288000106811523,4.964000225067139,5.208000183105469,2685580
2024-09-11,5.208000183105469,5.48799991607666,5.0879998207092285,5.0879998207092285,8202663
2024-09-12,5.610000133514404,5.613999843597412,5.21999979019165,5.21999979019165,7262707
2024-09-13,5.579999923706055,5.679999828338623,5.388000011444092,5.550000190734863,4455029
2024-09-16,5.427999973297119,5.638000011444092,5.420000076293945,5.5,2494563
2024-09-17,5.619999885559082,5.697999954223633,5.412000179290772,5.420000076293945,4176836
2024-09-18,5.576000213623047,5.696000099182129,5.455999851226807,5.599999904632568,3891516
2024-09-19,5.538000106811523,5.696000099182129,5.538000106811523,5.627999782562256,4177117
2024-09-20,4.925000190734863,5.527999877929688,4.925000190734863,5.5,23915578
2024-09-23,4.771999835968018,5.085999965667725,4.758999824523926,5.019999980926514,7643300
2024-09-24,4.809999942779541,4.9629998207092285,4.796000003814697,4.849999904632568,5950408
2024-09-25,4.840000152587891,4.9679999351501465,4.7829999923706055,4.800000190734863,4033085
2024-09-26,4.8460001945495605,4.931000232696533,4.826000213623047,4.840000152587891,3740134
2024-09-27,4.7210001945495605,4.927999973297119,4.5,4.760000228881836,9582545
2024-09-30,4.989999771118164,5.193999767303467,4.760000228881836,4.760000228881836,9352546
2024-10-01,4.690000057220459,4.800000190734863,4.510000228881836,4.52400016784668,14548249
2024-10-02,4.521999835968018,4.800000190734863,4.46999979019165,4.659999847412109,8235837
2024-10-03,4.537000179290772,4.590000152587891,4.392000198364258,4.5,4536495
2024-10-04,4.579999923706055,4.644999980926514,4.5,4.5,3123723
2024-10-07,4.699999809265137,4.8429999351501465,4.605999946594238,4.620999813079834,4798416
2024-10-08,4.508999824523926,4.716000080108643,4.508999824523926,4.640999794006348,3892646
2024-10-09,4.5,4.579999923706055,4.477000236511231,4.519999980926514,4546079
2024-10-10,4.196000099182129,4.52899980545044,4.102000236511231,4.443999767303467,10422772
2024-10-11,4.019999980926514,4.260000228881836,4.000999927520752,4.211999893188477,8785729
2024-10-14,4.039999961853027,4.179999828338623,4.034999847412109,4.105999946594238,6325160
2024-10-15,4.199999809265137,4.199999809265137,3.901000022888184,4.039999961853027,6853490
2024-10-16,4.289999961853027,4.289999961853027,3.921000003814697,3.950000047683716,15575781
2024-10-17,4.190000057220459,4.27400016784668,4.015999794006348,4.080999851226807,7627616
2024-10-18,4.269999980926514,4.289999961853027,4.0879998207092285,4.244999885559082,6486087
2024-10-21,4.197000026702881,4.380000114440918,4.0980000495910645,4.288000106811523,5512009
2024-10-22,4.449999809265137,4.526999950408936,4.0329999923706055,4.199999809265137,19223920
2024-10-23,4.610000133514404,4.636000156402588,4.38100004196167,4.480000019073486,10731191
2024-10-24,4.699999809265137,4.72599983215332,4.564000129699707,4.573999881744385,5868391
2024-10-25,4.613999843597412,4.730000019073486,4.5,4.730000019073486,3966681
2024-10-28,4.607999801635742,4.665999889373779,4.495999813079834,4.568999767303467,3466526
2024-10-29,4.489999771118164,4.675000190734863,4.4679999351501465,4.607999801635742,4001788
2024-10-30,4.232999801635742,4.392000198364258,4.163000106811523,4.300000190734863,5873555
2024-10-31,4.175000190734863,4.239999771118164,4.144000053405762,4.172999858856201,3145035
2024-11-01,4.275000095367432,4.315999984741211,4.175000190734863,4.175000190734863,2331699
2024-11-04,4.333000183105469,4.420000076293945,4.275000095367432,4.275000095367432,2749997
2024-11-05,4.427000045776367,4.427000045776367,4.289999961853027,4.3480000495910645,2529320
2024-11-06,3.982000112533569,4.300000190734863,3.9059998989105225,4.25,7693891
2024-11-07,3.806999921798706,4.162000179290772,3.806999921798706,4.010000228881836,8541919
2024-11-08,3.7260000705718994,3.8959999084472656,3.680000066757202,3.8510000705718994,5094584
2024-11-11,3.569999933242798,3.680000066757202,3.510999917984009,3.680000066757202,6302375
2024-11-12,3.450000047683716,3.61299991607666,3.3329999446868896,3.428999900817871,7021978
2024-11-13,3.5299999713897705,3.5840001106262207,3.428999900817871,3.428999900817871,5651394
2024-11-14,3.549000024795532,3.6059999465942383,3.5,3.500999927520752,4021956
2024-11-15,3.553999900817871,3.660000085830689,3.5,3.5,31811535
2024-11-18,3.5309998989105225,3.615000009536743,3.470000028610229,3.549999952316284,3660584
2024-11-19,3.444000005722046,3.5999999046325684,3.4100000858306885,3.5799999237060547,3269721
2024-11-20,3.0829999446868896,3.444000005722046,3.069000005722046,3.4089999198913574,8854918
2024-11-21,2.924000024795532,3.138999938964844,2.753000020980835,3.0450000762939453,11785890
2024-11-22,2.9609999656677246,3.0239999294281006,2.878000020980835,2.9230000972747803,5284095
2024-11-25,3.118000030517578,3.130000114440918,2.990999937057495,2.996000051498413,7730952
2024-11-26,3.108999967575073,3.2260000705718994,3.0799999237060547,3.118000030517578,6920866
2024-11-27,3.1059999465942383,3.122999906539917,3.0450000762939453,3.108999967575073,2711672
2024-11-28,2.9230000972747803,3.0969998836517334,2.9130001068115234,3.0840001106262207,3510317
2024-11-29,3.0299999713897705,3.0299999713897705,2.8970000743865967,2.900000095367432,5756885
2024-12-02,2.95199990272522,3.0460000038146973,2.890000104904175,3.0,4878944
2024-12-03,2.861000061035156,3.1559998989105225,2.8420000076293945,2.907000064849853,7346090
2024-12-04,3.0280001163482666,3.128999948501587,2.880000114440918,2.884999990463257,6758113
2024-12-05,3.063999891281128,3.2100000381469727,3.0169999599456787,3.068000078201294,5042443
2024-12-06,3.11299991607666,3.1459999084472656,3.026000022888184,3.063999891281128,5001014
2024-12-09,3.0989999771118164,3.219000101089477,3.069999933242798,3.119999885559082,6013883
2024-12-10,3.200000047683716,3.2300000190734863,3.117000102996826,3.11899995803833,4435501
2024-12-11,3.2149999141693115,3.246000051498413,3.0899999141693115,3.119999885559082,3417116
2024-12-12,3.1410000324249268,3.3299999237060547,3.1410000324249268,3.240999937057495,4622541
2024-12-13,3.032000064849853,3.194000005722046,3.0299999713897705,3.069999933242798,3931204
2024-12-16,2.9260001182556152,3.069999933242798,2.9260001182556152,3.0290000438690186,5230732
2024-12-17,2.990000009536743,3.0,2.880000114440918,2.900000095367432,4881093
2024-12-18,3.1530001163482666,3.190999984741211,3.065000057220459,3.065000057220459,6497398
2024-12-19,3.0420000553131104,3.0789999961853027,2.950000047683716,3.04099988937378,5523721
2024-12-20,3.0390000343322754,3.0390000343322754,2.869999885559082,3.0199999809265137,13777015
2024-12-23,2.8480000495910645,3.062000036239624,2.8480000495910645,2.984999895095825,7879429
2024-12-27,2.845999956130981,3.0309998989105225,2.845999956130981,2.869999885559082,6444680
2024-12-30,2.7039999961853027,2.868000030517578,2.7039999961853027,2.865999937057495,8178782
2025-01-02,2.799999952316284,2.888999938964844,2.680000066757202,2.700000047683716,6895484
2025-01-03,2.8570001125335693,2.884999990463257,2.789999961853028,2.822000026702881,3730207
2025-01-06,3.055000066757202,3.109999895095825,2.867000102996826,2.867000102996826,5984691
2025-01-07,3.1700000762939453,3.234999895095825,3.094000101089477,3.094000101089477,5560826
2025-01-08,2.865000009536743,3.1600000858306885,2.865000009536743,3.125999927520752,8270210
2025-01-09,3.013000011444092,3.013000011444092,2.836999893188477,2.9260001182556152,5553278
2025-01-10,2.825000047683716,2.9830000400543213,2.825000047683716,2.9749999046325684,4780102
2025-01-13,2.1010000705718994,2.9809999465942383,2.1010000705718994,2.9110000133514404,27927522
2025-01-14,2.2660000324249268,2.2980000972747803,2.119999885559082,2.2669999599456787,18471040
2025-01-15,2.25,2.2709999084472656,2.130000114440918,2.200000047683716,5932314
2025-01-16,2.174999952316284,2.3299999237060547,2.174999952316284,2.25,5125444
2025-01-17,2.250999927520752,2.299999952316284,2.1689999103546143,2.1700000762939453,9377250
2025-01-20,2.3289999961853027,2.3499999046325684,2.200999975204468,2.2100000381469727,3261330
2025-01-21,2.2660000324249268,2.3989999294281006,2.2290000915527344,2.2799999713897705,4323051
2025-01-22,2.2109999656677246,2.312000036239624,2.200000047683716,2.240000009536743,5568507
2025-01-23,2.2079999446868896,2.253000020980835,2.190000057220459,2.200000047683716,3091483
2025-01-24,2.2300000190734863,2.3010001182556152,2.2039999961853027,2.2070000171661377,4412758
2025-01-27,2.2260000705718994,2.2769999504089355,2.186000108718872,2.252000093460083,3469703
2025-01-28,2.338000059127808,2.38700008392334,2.200999975204468,2.200999975204468,7522372
2025-01-29,2.2780001163482666,2.38100004196167,2.26200008392334,2.338000059127808,2753729
2025-01-30,2.368000030517578,2.4089999198913574,2.259999990463257,2.259999990463257,5032325
2025-01-31,2.375,2.427000045776367,2.351999998092652,2.3989999294281006,2590743
2025-02-03,2.2330000400543213,2.3010001182556152,2.2090001106262207,2.2860000133514404,7053297
2025-02-04,2.302000045776367,2.309999942779541,2.2300000190734863,2.252000093460083,2504610
2025-02-05,2.309999942779541,2.414999961853028,2.24399995803833,2.302999973297119,7246361
2025-02-06,2.2790000438690186,2.3489999771118164,2.2769999504089355,2.309999942779541,2398662
2025-02-07,2.3410000801086426,2.3410000801086426,2.25,2.2799999713897705,2307291
2025-02-10,2.3399999141693115,2.3929998874664307,2.276000022888184,2.276000022888184,2449831
2025-02-11,2.2219998836517334,2.3580000400543213,2.194000005722046,2.3399999141693115,3733655
2025-02-12,2.2320001125335693,2.2690000534057617,2.174000024795532,2.2219998836517334,4283426
2025-02-13,2.3350000381469727,2.3499999046325684,2.2300000190734863,2.2320001125335693,2987966
2025-02-14,2.358999967575073,2.36899995803833,2.246000051498413,2.358999967575073,3154926
2025-02-17,2.440000057220459,2.4590001106262207,2.3320000171661377,2.358999967575073,4688811
2025-02-18,2.437999963760376,2.4560000896453857,2.36299991607666,2.436000108718872,2477957
2025-02-19,2.440000057220459,2.549999952316284,2.4130001068115234,2.4130001068115234,6316314
2025-02-20,2.424000024795532,2.4800000190734863,2.4100000858306885,2.450000047683716,2061792
2025-02-21,2.3570001125335693,2.440000057220459,2.319000005722046,2.400000095367432,3006249
2025-02-24,2.2799999713897705,2.3570001125335693,2.2790000438690186,2.3299999237060547,2726301
2025-02-25,2.220000028610229,2.3299999237060547,2.200000047683716,2.2799999713897705,4407155
2025-02-26,2.3580000400543213,2.559999942779541,2.2980000972747803,2.352999925613404,9249221
2025-02-27,2.4100000858306885,2.4100000858306885,2.299999952316284,2.3310000896453857,3488159
2025-02-28,2.2320001125335693,2.3980000019073486,2.2320001125335693,2.3980000019073486,50673590
2025-03-03,2.138999938964844,2.282000064849853,2.138999938964844,2.282000064849853,4800213
2025-03-04,2.138000011444092,2.289999961853028,2.0510001182556152,2.0999999046325684,6803957
2025-03-05,2.125999927520752,2.275000095367432,2.119999885559082,2.1700000762939453,4644667
2025-03-06,1.9924999475479128,2.25,1.9470000267028809,2.101999998092652,8399784
2025-03-07,1.976999998092652,2.0199999809265137,1.9520000219345093,2.0,3757539
2025-03-10,2.046999931335449,2.0840001106262207,1.9700000286102293,1.9700000286102293,4269092
2025-03-11,1.962000012397766,2.068000078201294,1.962000012397766,2.0380001068115234,2645999
2025-03-12,2.914999961853028,3.0,2.312000036239624,2.450000047683716,40369313
2025-03-13,3.259999990463257,3.61299991607666,2.816999912261963,3.032000064849853,40575411
2025-03-14,2.789999961853028,3.200000047683716,2.75,3.200000047683716,17831494
2025-03-17,3.200000047683716,3.2239999771118164,2.750999927520752,2.799000024795532,11419931
2025-03-18,3.2839999198913574,3.450000047683716,3.1710000038146973,3.299999952316284,12953968
2025-03-19,3.0299999713897705,3.2660000324249268,3.0209999084472656,3.25,5783988
2025-03-20,3.0220000743865967,3.150000095367432,2.9200000762939453,3.0420000553131104,6870576
2025-03-21,2.877000093460083,3.059999942779541,2.877000093460083,3.0,11861928
2025-03-24,2.8480000495910645,3.0439999103546143,2.799999952316284,2.930000066757202,5065204
2025-03-25,2.75,2.934000015258789,2.7309999465942383,2.8289999961853027,4551999
2025-03-26,2.5420000553131104,2.752000093460083,2.490000009536743,2.752000093460083,8407338
2025-03-27,2.526000022888184,2.5350000858306885,2.450999975204468,2.450999975204468,2786214
2025-03-28,2.430000066757202,2.640000104904175,2.430000066757202,2.640000104904175,4715797
2025-03-31,2.388000011444092,2.431999921798706,2.3359999656677246,2.385999917984009,2796701
2025-04-01,2.421999931335449,2.5280001163482666,2.3929998874664307,2.41599988937378,3891637
2025-04-02,2.351999998092652,2.6010000705718994,2.318000078201294,2.444000005722046,2540727
2025-04-03,2.3329999446868896,2.371999979019165,2.190000057220459,2.240000009536743,3859377
2025-04-04,2.177999973297119,2.308000087738037,2.1589999198913574,2.233999967575073,5901422
2025-04-07,2.3399999141693115,2.431999921798706,1.9789999723434448,2.0,7878180
2025-04-08,2.421999931335449,2.48799991607666,2.319999933242798,2.400000095367432,4649148
2025-04-09,2.322000026702881,2.380000114440918,2.247999906539917,2.338000059127808,4837192
2025-04-10,2.3299999237060547,2.687999963760376,2.328000068664551,2.619999885559082,4950953
2025-04-11,2.3420000076293945,2.3980000019073486,2.313999891281128,2.359999895095825,3220006
2025-04-14,2.303999900817871,2.424000024795532,2.2799999713897705,2.424000024795532,4304101
2025-04-15,2.3299999237060547,2.4059998989105225,2.313999891281128,2.3340001106262207,4557389
2025-04-16,2.2839999198913574,2.345999956130981,2.252000093460083,2.3399999141693115,4719769
2025-04-22,2.200000047683716,2.257999897003174,2.1700000762939453,2.25,6248002
2025-04-23,2.4660000801086426,2.4679999351501465,2.20199990272522,2.2300000190734863,7402060
2025-04-24,2.3540000915527344,2.4200000762939453,2.289999961853028,2.4140000343322754,34086168
2025-04-25,2.430000066757202,2.470000028610229,2.3299999237060547,2.3299999237060547,5282076
2025-04-28,2.431999921798706,2.470000028610229,2.3359999656677246,2.41599988937378,4564097
2025-04-29,2.3239998817443848,2.4179999828338623,2.315999984741211,2.3499999046325684,3827980
2025-04-30,2.2239999771118164,2.313999891281128,2.125999927520752,2.200000047683716,9821205
2025-05-02,2.21399998664856,2.289999961853028,2.150000095367432,2.184000015258789,6880014
2025-05-05,2.289999961853028,2.3320000171661377,2.211999893188477,2.211999893188477,3583232
2025-05-06,2.2179999351501465,2.299999952316284,2.180000066757202,2.2699999809265137,3013137
2025-05-07,2.21399998664856,2.2260000705718994,2.180000066757202,2.180000066757202,2348389
2025-05-08,2.253999948501587,2.315999984741211,2.16599988937378,2.23799991607666,2844778
2025-05-09,2.303999900817871,2.3559999465942383,2.247999906539917,2.25,4139197
2025-05-12,2.46399998664856,2.48799991607666,2.3239998817443848,2.3239998817443848,6247524
2025-05-13,2.4579999446868896,2.5480000972747803,2.4579999446868896,2.470000028610229,7352227
2025-05-14,2.407999992370605,2.490000009536743,2.4040000438690186,2.4560000896453857,2882790
2025-05-15,2.299999952316284,2.441999912261963,2.282000064849853,2.400000095367432,7847134
2025-05-16,2.364000082015991,2.364000082015991,2.289999961853028,2.309999942779541,6431610
2025-05-19,2.421999931335449,2.431999921798706,2.3299999237060547,2.371999979019165,2395144
2025-05-20,2.4719998836517334,2.539999961853028,2.384000062942505,2.400000095367432,4326998
2025-05-21,2.638000011444092,2.7699999809265137,2.4800000190734863,2.5,8392374
2025-05-22,2.434000015258789,2.638000011444092,2.4100000858306885,2.638000011444092,5984523
2025-05-23,2.4200000762939453,2.5,2.4040000438690186,2.4100000858306885,4143427
2025-05-26,2.351999998092652,2.4200000762939453,2.3299999237060547,2.4200000762939453,7679986
2025-05-27,2.368000030517578,2.4059998989105225,2.3499999046325684,2.351999998092652,4536162
2025-05-28,2.302000045776367,2.3980000019073486,2.289999961853028,2.351999998092652,7256760
2025-05-30,2.184000015258789,2.374000072479248,2.184000015258789,2.299999952316284,17305971
2025-06-02,2.24399995803833,2.253999948501587,2.1640000343322754,2.200000047683716,13680185
2025-06-03,2.2860000133514404,2.2860000133514404,2.200000047683716,2.2320001125335693,4775548
2025-06-04,2.388000011444092,2.5299999713897705,2.309999942779541,2.318000078201294,11613884
2025-06-05,2.378000020980835,2.461999893188477,2.378000020980835,2.4100000858306885,4782529
2025-06-06,2.385999917984009,2.4679999351501465,2.344000101089477,2.371999979019165,6079982
2025-06-10,2.486000061035156,2.5299999713897705,2.421999931335449,2.421999931335449,7810958
2025-06-11,2.5460000038146973,2.578000068664551,2.490000009536743,2.507999897003174,4893183
2025-06-12,2.4560000896453857,2.553999900817871,2.4560000896453857,2.549999952316284,3757460
2025-06-13,2.3239998817443848,2.430000066757202,2.319999933242798,2.430000066757202,4850418
2025-06-16,2.359999895095825,2.390000104904175,2.302000045776367,2.319999933242798,4909517
2025-06-17,2.3320000171661377,2.385999917984009,2.2939999103546143,2.3499999046325684,6582359
2025-06-18,2.3480000495910645,2.3499999046325684,2.2780001163482666,2.312000036239624,6295462
2025-06-19,2.4019999504089355,2.431999921798706,2.322000026702881,2.328000068664551,4240323
2025-06-20,2.440000057220459,2.4800000190734863,2.351999998092652,2.4100000858306885,6306259
2025-06-23,2.378000020980835,2.440000057220459,2.3399999141693115,2.440000057220459,3475202
2025-06-24,2.497999906539917,2.526000022888184,2.3940000534057617,2.3940000534057617,6077411
2025-06-25,2.4100000858306885,2.539999961853028,2.4100000858306885,2.490000009536743,3285580
2025-06-26,2.437999963760376,2.4660000801086426,2.4200000762939453,2.430000066757202,2261478
2025-06-27,2.5239999294281006,2.578000068664551,2.434000015258789,2.434000015258789,4538313
2025-06-30,2.513999938964844,2.5220000743865967,2.450000047683716,2.5199999809265137,4514624
2025-07-01,2.594000101089477,2.640000104904175,2.509999990463257,2.539999961853028,4602698
2025-07-02,2.630000114440918,2.6519999504089355,2.5439999103546143,2.5999999046325684,4726972
2025-07-03,2.6540000438690186,2.691999912261963,2.619999885559082,2.638000011444092,3763760
2025-07-04,2.75,2.8420000076293945,2.638000011444092,2.690000057220459,4276818
2025-07-07,2.776000022888184,2.8340001106262207,2.7260000705718994,2.759999990463257,4523155
2025-07-08,2.6679999828338623,2.776000022888184,2.6679999828338623,2.763999938964844,3200405
2025-07-09,2.7799999713897705,2.7860000133514404,2.6700000762939453,2.6700000762939453,2478970
2025-07-10,2.924000024795532,2.937999963760376,2.802000045776367,2.802000045776367,4045946
2025-07-11,2.802000045776367,2.937999963760376,2.7980000972747803,2.937999963760376,3187814
2025-07-14,2.6640000343322754,2.809999942779541,2.6519999504089355,2.7880001068115234,3316412
2025-07-15,2.7039999961853027,2.7799999713897705,2.674000024795532,2.674000024795532,4644121
2025-07-16,2.624000072479248,2.7780001163482666,2.486000061035156,2.532000064849853,11187149
2025-07-17,2.621999979019165,2.7219998836517334,2.503999948501587,2.503999948501587,2608231
2025-07-18,2.684000015258789,2.711999893188477,2.619999885559082,2.650000095367432,2321612
2025-07-21,2.7079999446868896,2.7860000133514404,2.6600000858306885,2.6600000858306885,2696781
2025-07-22,2.711999893188477,2.7739999294281006,2.680000066757202,2.7079999446868896,7122318
2025-07-23,2.789999961853028,2.7939999103546143,2.700000047683716,2.7100000381469727,2929908
2025-07-24,2.7100000381469727,2.8540000915527344,2.7100000381469727,2.818000078201294,3387738
2025-07-25,2.7660000324249268,2.7660000324249268,2.6600000858306885,2.7160000801086426,2229529
2025-07-28,2.75,2.9019999504089355,2.75,2.753999948501587,3408447
2025-07-29,2.6459999084472656,2.815999984741211,2.618000030517578,2.7720000743865967,4959007
2025-07-30,2.588000059127808,2.6540000438690186,2.549999952316284,2.549999952316284,2823374
2025-07-31,2.6559998989105225,2.6559998989105225,2.5899999141693115,2.5999999046325684,2558561
2025-08-01,2.4760000705718994,2.6559998989105225,2.461999893188477,2.6559998989105225,3608837
2025-08-04,2.50600004196167,2.562000036239624,2.4560000896453857,2.4600000381469727,2516999
2025-08-05,2.450000047683716,2.5460000038146973,2.369999885559082,2.5,4467638
2025-08-06,2.434000015258789,2.4800000190734863,2.4019999504089355,2.4679999351501465,1638361
2025-08-07,2.430000066757202,2.470000028610229,2.400000095367432,2.400000095367432,2684520
2025-08-08,2.444000005722046,2.486000061035156,2.4100000858306885,2.430000066757202,2529206
2025-08-11,2.4040000438690186,2.436000108718872,2.385999917984009,2.436000108718872,1738159
2025-08-12,2.3919999599456787,2.441999912261963,2.371999979019165,2.3919999599456787,1836207
2025-08-13,2.4179999828338623,2.4179999828338623,2.351999998092652,2.351999998092652,1733507
2025-08-14,2.407999992370605,2.440000057220459,2.390000104904175,2.440000057220459,1420176
2025-08-15,2.3919999599456787,2.444000005722046,2.369999885559082,2.400000095367432,1728371
2025-08-18,2.4539999961853027,2.5160000324249268,2.400000095367432,2.400000095367432,3137807
2025-08-19,2.490000009536743,2.539999961853028,2.436000108718872,2.436000108718872,2603478
2025-08-20,2.4600000381469727,2.502000093460083,2.45199990272522,2.45199990272522,2793039
2025-08-21,2.430000066757202,2.49399995803833,2.4200000762939453,2.4200000762939453,1612672
2025-08-22,2.4200000762939453,2.4800000190734863,2.378000020980835,2.430000066757202,3340149
2025-08-25,2.3980000019073486,2.4679999351501465,2.3980000019073486,2.4200000762939453,2286819
2025-08-26,2.450000047683716,2.4679999351501465,2.384000062942505,2.3959999084472656,3472947
2025-08-27,2.427999973297119,2.490000009536743,2.378000020980835,2.4100000858306885,3339794
2025-08-28,2.369999885559082,2.430000066757202,2.3340001106262207,2.400000095367432,3233726
2025-08-29,2.309999942779541,2.380000114440918,2.25600004196167,2.368000030517578,6163924
2025-09-01,2.2980000972747803,2.374000072479248,2.2980000972747803,2.302000045776367,2690949
2025-09-02,2.2699999809265137,2.3320000171661377,2.242000102996826,2.319999933242798,2884295
2025-09-03,2.20199990272522,2.312000036239624,2.20199990272522,2.2699999809265137,5257558
2025-09-04,2.200000047683716,2.2699999809265137,2.200000047683716,2.227999925613404,3907132
2025-09-05,2.2780001163482666,2.2980000972747803,2.200000047683716,2.200000047683716,2472420
2025-09-08,2.25,2.3299999237060547,2.25,2.282000064849853,3562495
2025-09-09,2.24399995803833,2.305999994277954,2.2160000801086426,2.2880001068115234,2223818
2025-09-10,2.252000093460083,2.257999897003174,2.196000099182129,2.2039999961853027,4534701
2025-09-11,2.121999979019165,2.282000064849853,2.0999999046325684,2.2079999446868896,7246034
2025-09-12,2.0999999046325684,2.1519999504089355,2.0859999656677246,2.119999885559082,6395389
2025-09-15,2.119999885559082,2.177999973297119,2.088000059127808,2.095999956130981,3173290
2025-09-16,2.109999895095825,2.1559998989105225,2.0999999046325684,2.118000030517578,5915558
2025-09-17,2.0999999046325684,2.1459999084472656,2.0999999046325684,2.111999988555908,6480333
2025-09-18,2.131999969482422,2.200000047683716,2.111999988555908,2.135999917984009,6360888
2025-09-19,2.052000045776367,2.187999963760376,2.052000045776367,2.109999895095825,44134392
2025-09-22,2.128000020980835,2.1480000019073486,2.075999975204468,2.075999975204468,6972202
2025-09-23,2.319999933242798,2.351999998092652,2.1480000019073486,2.1679999828338623,10238270
2025-09-24,2.180000066757202,2.3299999237060547,2.1600000858306885,2.305999994277954,6241182
2025-09-25,2.2100000381469727,2.2219998836517334,2.1540000438690186,2.200000047683716,5201407
2025-09-26,2.2679998874664307,2.299999952316284,2.1700000762939453,2.200000047683716,5870120
2025-09-29,2.1419999599456787,2.26200008392334,2.1419999599456787,2.25,4716819
2025-09-30,2.1519999504089355,2.2060000896453857,2.119999885559082,2.1419999599456787,6154724
2025-10-01,2.2160000801086426,2.2160000801086426,2.111999988555908,2.150000095367432,4364563
2025-10-02,2.25600004196167,2.3399999141693115,2.2239999771118164,2.2239999771118164,9681106
2025-10-03,2.253999948501587,2.2799999713897705,2.1679999828338623,2.25,7999511
2025-10-06,2.4200000762939453,2.5480000972747803,2.313999891281128,2.313999891281128,15376839
2025-10-07,2.5220000743865967,2.614000082015991,2.430000066757202,2.5280001163482666,7934146
2025-10-08,2.503999948501587,2.5799999237060547,2.440000057220459,2.5799999237060547,3369307
2025-10-09,2.680000066757202,2.680000066757202,2.5,2.5,6716654
2025-10-10,2.66599988937378,2.746000051498413,2.624000072479248,2.740000009536743,4974710
2025-10-13,2.609999895095825,2.6419999599456787,2.431999921798706,2.609999895095825,7257410
2025-10-14,2.5,2.5999999046325684,2.4739999771118164,2.5999999046325684,3026741
2025-10-15,2.720000028610229,2.757999897003174,2.5220000743865967,2.526000022888184,8128591
2025-10-16,2.71399998664856,2.75,2.6679999828338623,2.71399998664856,2858486
2025-10-17,2.5859999656677246,2.650000095367432,2.450000047683716,2.650000095367432,6285224
2025-10-20,2.431999921798706,2.578000068664551,2.431999921798706,2.578000068664551,3018758
2025-10-21,2.390000104904175,2.46399998664856,2.380000114440918,2.430000066757202,2073794
2025-10-22,2.2980000972747803,2.374000072479248,2.2920000553131104,2.319999933242798,3699370
2025-10-23,2.312000036239624,2.3399999141693115,2.240000009536743,2.309999942779541,3702798
2025-10-24,2.344000101089477,2.344000101089477,2.289999961853028,2.319999933242798,2571108
2025-10-27,2.315999984741211,2.388000011444092,2.299999952316284,2.359999895095825,3680103
2025-10-28,2.312000036239624,2.322000026702881,2.2679998874664307,2.315999984741211,2857121
2025-10-29,2.2980000972747803,2.378000020980835,2.252000093460083,2.303999900817871,4859197
2025-10-30,2.302000045776367,2.302000045776367,2.236000061035156,2.26200008392334,3308362
2025-10-31,2.2160000801086426,2.2939999103546143,2.200000047683716,2.2939999103546143,4858961
2025-11-03,2.211999893188477,2.246000051498413,2.180000066757202,2.246000051498413,4485434
2025-11-04,2.1080000400543213,2.25,2.094000101089477,2.200000047683716,4993294
2025-11-05,2.1700000762939453,2.1700000762939453,2.059999942779541,2.0859999656677246,4689346
2025-11-06,2.624000072479248,2.696000099182129,2.3980000019073486,2.5,17392839
2025-11-07,2.4800000190734863,2.690000057220459,2.4100000858306885,2.601999998092652,6372702
2025-11-10,2.75600004196167,2.7679998874664307,2.5199999809265137,2.5199999809265137,9679780
2025-11-11,2.681999921798706,2.844000101089477,2.681999921798706,2.720000028610229,5651893
2025-11-12,2.5999999046325684,2.740000009536743,2.549999952316284,2.700000047683716,5125413
2025-11-13,2.594000101089477,2.684000015258789,2.5739998817443848,2.5999999046325684,2050838
2025-11-14,2.4019999504089355,2.562000036239624,2.4019999504089355,2.559999942779541,3939214
2025-11-17,2.359999895095825,2.440000057220459,2.351999998092652,2.4200000762939453,1891489
2025-11-18,2.303999900817871,2.368000030517578,2.303999900817871,2.359999895095825,3379859
2025-11-19,2.351999998092652,2.4100000858306885,2.299999952316284,2.299999952316284,1741625
2025-11-20,2.4100000858306885,2.4200000762939453,2.312000036239624,2.3540000915527344,2315359
2025-11-21,2.303999900817871,2.3499999046325684,2.2920000553131104,2.3499999046325684,5738627
2025-11-24,2.2920000553131104,2.3580000400543213,2.2679998874664307,2.299999952316284,3960279
2025-11-25,2.380000114440918,2.380000114440918,2.282000064849853,2.289999961853028,6214876
2025-11-26,2.388000011444092,2.434000015258789,2.345999956130981,2.3919999599456787,3577937
2025-11-27,2.3940000534057617,2.4119999408721924,2.3580000400543213,2.380000114440918,3102427
2025-11-28,2.388000011444092,2.450000047683716,2.388000011444092,2.3919999599456787,2455068
2025-12-01,2.344000101089477,2.400000095367432,2.299999952316284,2.400000095367432,2548308
2025-12-02,2.3919999599456787,2.440000057220459,2.3420000076293945,2.3499999046325684,4384743
2025-12-03,2.388000011444092,2.4579999446868896,2.344000101089477,2.344000101089477,2405405
2025-12-04,2.318000078201294,2.427999973297119,2.2720000743865967,2.400000095367432,5322508
2025-12-05,2.319999933242798,2.359999895095825,2.308000087738037,2.309999942779541,2090920
2025-12-08,2.3359999656677246,2.359999895095825,2.303999900817871,2.303999900817871,1994732
2025-12-09,2.2939999103546143,2.381999969482422,2.2679998874664307,2.322000026702881,4527482
2025-12-10,2.2799999713897705,2.319999933242798,2.25600004196167,2.319999933242798,2514245
2025-12-11,2.2860000133514404,2.315999984741211,2.259999990463257,2.289999961853028,3172340
2025-12-12,2.380000114440918,2.4679999351501465,2.3299999237060547,2.3299999237060547,8654439
2025-12-15,2.388000011444092,2.450000047683716,2.351999998092652,2.4019999504089355,3307463
2025-12-16,2.3399999141693115,2.388000011444092,2.3299999237060547,2.388000011444092,1730006
2025-12-17,2.303999900817871,2.359999895095825,2.2960000038146973,2.3499999046325684,2814511
2025-12-18,2.325999975204468,2.3399999141693115,2.289999961853028,2.299999952316284,3433931
2025-12-19,2.328000068664551,2.3399999141693115,2.2860000133514404,2.312000036239624,2916685
2025-12-22,2.2679998874664307,2.378000020980835,2.259999990463257,2.351999998092652,4050838
2025-12-23,2.2799999713897705,2.289999961853028,2.2260000705718994,2.25600004196167,4846291
2025-12-29,2.236000061035156,2.276000022888184,2.21399998664856,2.252000093460083,5600978
2025-12-30,2.2320001125335693,2.252000093460083,2.200000047683716,2.200000047683716,2870386
2026-01-02,2.319999933242798,2.319999933242798,2.220000028610229,2.220000028610229,3864294
2026-01-05,2.263999938964844,2.359999895095825,2.259999990463257,2.309999942779541,3893339
2026-01-06,2.289999961853028,2.325999975204468,2.259999990463257,2.2880001068115234,2813814
2026-01-07,2.303999900817871,2.3559999465942383,2.2679998874664307,2.305999994277954,2130409
2026-01-08,2.236000061035156,2.299999952316284,2.236000061035156,2.263999938964844,2550879
2026-01-09,2.233999967575073,2.259999990463257,2.2300000190734863,2.23799991607666,1507649
2026-01-12,2.257999897003174,2.2679998874664307,2.220000028610229,2.247999906539917,1214821
2026-01-13,2.289999961853028,2.289999961853028,2.240000009536743,2.25,2253688
2026-01-14,2.257999897003174,2.3299999237060547,2.2300000190734863,2.2939999103546143,4163913
2026-01-15,2.259999990463257,2.289999961853028,2.242000102996826,2.2660000324249268,1919796
2026-01-16,2.305999994277954,2.305999994277954,2.240000009536743,2.259999990463257,2511410
2026-01-19,2.252000093460083,2.302000045776367,2.240000009536743,2.299999952316284,3166316
2026-01-20,2.220000028610229,2.253999948501587,2.2079999446868896,2.233999967575073,2347210
2026-01-21,2.236000061035156,2.246000051498413,2.200000047683716,2.220000028610229,1405436
2026-01-22,2.2060000896453857,2.257999897003174,2.20199990272522,2.20199990272522,2308977
2026-01-23,2.299999952316284,2.299999952316284,2.211999893188477,2.211999893188477,3663210
2026-01-26,2.312000036239624,2.325999975204468,2.2739999294281006,2.2980000972747803,2272053
2026-01-27,2.246000051498413,2.3359999656677246,2.24399995803833,2.315999984741211,2752930
2026-01-28,2.242000102996826,2.2699999809265137,2.227999925613404,2.236000061035156,1538844
2026-01-29,2.180000066757202,2.257999897003174,2.180000066757202,2.25,2730715
2026-01-30,2.197999954223633,2.2239999771118164,2.171999931335449,2.2100000381469727,2910311
2026-02-02,2.190000057220459,2.2100000381469727,2.1540000438690186,2.2100000381469727,3731412
2026-02-03,2.1640000343322754,2.197999954223633,2.1600000858306885,2.16599988937378,2150942
2026-02-04,2.134000062942505,2.1760001182556152,2.119999885559082,2.1640000343322754,2960893
2026-02-05,2.0980000495910645,2.135999917984009,2.0799999237060547,2.1040000915527344,4436179
2026-02-06,2.125999927520752,2.131999969482422,2.0739998817443848,2.101999998092652,2850651
2026-02-09,2.1760001182556152,2.187999963760376,2.1459999084472656,2.150000095367432,2626002
2026-02-10,2.194000005722046,2.21399998664856,2.111999988555908,2.111999988555908,2801204
2026-02-11,2.1700000762939453,2.220000028610229,2.1700000762939453,2.200000047683716,2376018
2026-02-12,2.111999988555908,2.200000047683716,2.111999988555908,2.200000047683716,1787417
2026-02-13,2.0799999237060547,2.118000030517578,2.049999952316284,2.0999999046325684,5625942
2026-02-16,2.095999956130981,2.101999998092652,2.0380001068115234,2.0999999046325684,2263480
2026-02-17,2.078000068664551,2.0899999141693115,2.053999900817871,2.088000059127808,2635320
2026-02-18,2.128000020980835,2.128000020980835,2.068000078201294,2.068000078201294,1803650
2026-02-19,2.0799999237060547,2.125999927520752,2.072000026702881,2.115999937057495,2115999
2026-02-20,2.1040000915527344,2.114000082015991,2.069999933242798,2.069999933242798,1739502
2026-02-23,2.0339999198913574,2.0799999237060547,2.0299999713897705,2.072000026702881,4126335
2026-02-24,2.0299999713897705,2.049999952316284,2.007999897003174,2.0220000743865967,5502210
2026-02-25,2.0239999294281006,2.0480000972747803,2.0199999809265137,2.0480000972747803,2433577
2026-02-26,2.052000045776367,2.059999942779541,1.919000029563904,1.945000052452088,7044780
2026-02-27,2.039999961853028,2.072000026702881,1.9800000190734863,2.062000036239624,5032843
2026-03-02,2.026000022888184,2.032000064849853,1.940999984741211,1.991000056266785,3604298
2026-03-03,1.98199999332428,2.0299999713897705,1.962000012397766,2.0299999713897705,2987338
2026-03-04,2.053999900817871,2.0999999046325684,2.013999938964844,2.095999956130981,10795229
2026-03-05,2.150000095367432,2.200000047683716,2.0460000038146973,2.0460000038146973,10154789
2026-03-06,2.130000114440918,2.181999921798706,2.114000082015991,2.171999931335449,3823402
2026-03-09,2.026000022888184,2.130000114440918,2.0239999294281006,2.130000114440918,2860491
2026-03-10,2.119999885559082,2.138000011444092,2.0480000972747803,2.0899999141693115,2927790
2026-03-11,2.1059999465942383,2.140000104904175,2.075999975204468,2.111999988555908,2003385
2026-03-12,2.0899999141693115,2.140000104904175,2.0840001106262207,2.109999895095825,1625453
2026-03-13,2.094000101089477,2.124000072479248,2.069999933242798,2.094000101089477,2794636
2026-03-16,2.240000009536743,2.289999961853028,2.0799999237060547,2.111999988555908,9283287
2026-03-17,2.302000045776367,2.3320000171661377,2.2160000801086426,2.299999952316284,7164736
2026-03-18,2.3959999084472656,2.440000057220459,2.3299999237060547,2.3499999046325684,5999434
2026-03-19,2.259999990463257,2.3919999599456787,2.259999990463257,2.361999988555908,5527499
2026-03-20,2.135999917984009,2.338000059127808,2.135999917984009,2.338000059127808,50238384
2026-03-23,2.138000011444092,2.2239999771118164,2.072000026702881,2.1080000400543213,7128123
2026-03-24,2.111999988555908,2.220000028610229,2.0999999046325684,2.180000066757202,3358317
2026-03-25,2.130000114440918,2.196000099182129,2.130000114440918,2.1459999084472656,4284207
2026-03-26,2.111999988555908,2.140000104904175,2.0920000076293945,2.119999885559082,3019137
2026-03-27,2.095999956130981,2.115999937057495,2.059999942779541,2.111999988555908,4725846
2026-03-30,2.0999999046325684,2.140000104904175,2.0920000076293945,2.094000101089477,2673971
2026-03-31,2.111999988555908,2.131999969482422,2.069999933242798,2.119999885559082,3128207
2026-04-01,2.140000104904175,2.150000095367432,2.0999999046325684,2.0999999046325684,1654775
2026-04-07,2.095000028610229,2.180000066757202,2.0899999141693115,2.1700000762939453,3780765
2026-04-08,2.125,2.180000066757202,2.115000009536743,2.140000104904175,3517369
2026-04-09,2.140000104904175,2.164999961853028,2.1050000190734863,2.125,2915974
2026-04-10,2.0999999046325684,2.174999952316284,2.095000028610229,2.1549999713897705,3740927
2026-04-13,2.0999999046325684,2.109999895095825,2.065000057220459,2.0850000381469727,3187169
2026-04-14,2.1700000762939453,2.1700000762939453,2.119999885559082,2.130000114440918,3134984
2026-04-15,2.380000114440918,2.3949999809265137,2.1600000858306885,2.1600000858306885,5940653
2026-04-16,2.190000057220459,2.400000095367432,2.190000057220459,2.3949999809265137,5253677
2026-04-17,2.4200000762939453,2.5,2.2049999237060547,2.2100000381469727,11176176
2026-04-20,2.430000066757202,2.5299999713897705,2.430000066757202,2.440000057220459,6724549
2026-04-21,2.5199999809265137,2.595000028610229,2.4800000190734863,2.5,4893571
2026-04-22,2.200000047683716,2.444999933242798,2.1700000762939453,2.4049999713897705,8421872
2026-04-23,2.2049999237060547,2.325000047683716,2.200000047683716,2.2300000190734863,5746730
2026-04-24,2.3499999046325684,2.440000057220459,2.2249999046325684,2.25,6053029
2026-04-27,2.470000028610229,2.6050000190734863,2.434999942779541,2.434999942779541,10366244
2026-04-28,2.440000057220459,2.549999952316284,2.359999895095825,2.490000009536743,8161283
2026-04-29,2.565000057220459,2.615000009536743,2.430000066757202,2.4549999237060547,9048088
2026-04-30,2.9600000381469727,3.180000066757202,2.5850000381469727,2.609999895095825,19906667
2026-05-04,3.4200000762939453,3.4200000762939453,3.0450000762939453,3.069999933242798,17403766
2026-05-05,3.400000095367432,3.515000104904175,3.180000066757202,3.5,16780312
2026-05-06,3.2149999141693115,3.4600000381469727,3.2049999237060547,3.315000057220459,17088488
2026-05-07,2.930000066757202,3.174999952316284,2.9100000858306885,3.1549999713897705,10335591
2026-05-08,2.880000114440918,2.934999942779541,2.7799999713897705,2.890000104904175,4428292
2026-05-11,2.940000057220459,2.970000028610229,2.7300000190734863,2.940000057220459,6520393
2026-05-12,2.990000009536743,3.130000114440918,2.900000095367432,3.015000104904175,9111132
2026-05-13,3.025000095367432,3.119999885559082,2.9649999141693115,3.069999933242798,5205111
2026-05-15,3.220000028610229,3.384999990463257,2.9649999141693115,3.039999961853028,11355977
2026-05-18,3.4100000858306885,3.515000104904175,3.125,3.25,11665620
2026-05-19,3.005000114440918,3.4049999713897705,3.005000114440918,3.359999895095825,8769925
2026-05-20,2.9749999046325684,3.095000028610229,2.9049999713897705,3.025000095367432,5640467
2026-05-21,3.109999895095825,3.109999895095825,2.9549999237060547,2.984999895095825,4648176
2026-05-22,3.575000047683716,3.660000085830689,3.164999961853028,3.220000028610229,21222967
2026-05-26,3.630000114440918,3.954999923706055,3.444999933242798,3.785000085830689,18718455
2026-05-27,3.615000009536743,3.7799999713897705,3.5899999141693115,3.630000114440918,10898709
2026-05-28,3.690000057220459,3.8450000286102295,3.625,3.680000066757202,6162124
2026-05-29,3.8450000286102295,3.890000104904175,3.700000047683716,3.765000104904175,12186815
2026-06-01,3.4749999046325684,3.799999952316284,3.4200000762939453,3.799999952316284,8805593
2026-06-02,3.634999990463257,3.634999990463257,3.4749999046325684,3.4800000190734863,4636816
2026-06-03,3.434999942779541,3.634999990463257,3.4100000858306885,3.5350000858306885,4660934
2026-06-04,3.1449999809265137,3.369999885559082,3.119999885559082,3.369999885559082,10445835
2026-06-05,2.9749999046325684,3.190000057220459,2.934999942779541,3.190000057220459,7952332
2026-06-08,2.950000047683716,3.095000028610229,2.8499999046325684,2.8949999809265137,8914271
2026-06-09,2.8399999141693115,3.069999933242798,2.805000066757202,3.005000114440918,9128532
2026-06-10,2.650000095367432,2.809999942779541,2.5899999141693115,2.809999942779541,5707156
2026-06-11,2.5999999046325684,2.6449999809265137,2.555000066757202,2.630000114440918,5512189
2026-06-12,2.650000095367432,2.6700000762939453,2.5799999237060547,2.630000114440918,5216883
2026-06-15,2.5850000381469727,2.700000047683716,2.569999933242798,2.690000057220459,2888068
2026-06-16,2.375,2.565000057220459,2.365000009536743,2.555000066757202,7972931
2026-06-17,2.434999942779541,2.434999942779541,2.3299999237060547,2.375,3073461
2026-06-18,2.4649999141693115,2.4800000190734863,2.384999990463257,2.430000066757202,3573576
2026-06-19,2.4649999141693115,2.525000095367432,2.430000066757202,2.450000047683716,6536986
2026-06-22,2.509999990463257,2.549999952316284,2.450000047683716,2.5,3488860
2026-06-23,2.4649999141693115,2.4649999141693115,2.380000114440918,2.444999933242798,2735587
2026-06-24,2.390000104904175,2.4800000190734863,2.365000009536743,2.470000028610229,4354651
2026-06-25,2.3550000190734863,2.424999952316284,2.3550000190734863,2.400000095367432,2085438
2026-06-26,2.3299999237060547,2.3550000190734863,2.2850000858306885,2.345000028610229,2226381
2026-06-29,2.315000057220459,2.4100000858306885,2.315000057220459,2.325000047683716,2464940
2026-06-30,2.365000009536743,2.400000095367432,2.289999961853028,2.315000057220459,2873629
2026-07-01,2.375,2.444999933242798,2.3499999046325684,2.369999885559082,3381810
2026-07-02,2.3299999237060547,2.3949999809265137,2.325000047683716,2.3949999809265137,4393671
2026-07-03,2.3350000381469727,2.400000095367432,2.315000057220459,2.400000095367432,1354115
2026-07-06,2.390000104904175,2.424999952316284,2.3350000381469727,2.365000009536743,3658395
2026-07-07,2.255000114440918,2.400000095367432,2.255000114440918,2.400000095367432,3482464
2026-07-08,2.2799999713897705,2.299999952316284,2.2300000190734863,2.259999990463257,2768186
2026-07-09,2.240000009536743,2.319999933242798,2.240000009536743,2.2799999713897705,2042359
2026-07-10,2.200000047683716,2.2799999713897705,2.200000047683716,2.2300000190734863,3172302
2026-07-13,2.220000028610229,2.2850000858306885,2.200000047683716,2.234999895095825,2995619
2026-07-14,2.174999952316284,2.244999885559082,2.174999952316284,2.234999895095825,2567187
2026-07-15,2.2149999141693115,2.244999885559082,2.150000095367432,2.180000066757202,4510113
2026-07-16,2.174999952316284,2.240000009536743,2.150000095367432,2.220000028610229,2345844
2026-07-17,2.119999885559082,2.1549999713897705,2.1050000190734863,2.150000095367432,2794650
2026-07-20,2.164999961853028,2.220000028610229,2.115000009536743,2.115000009536743,1837847
2026-07-21,2.184999942779541,2.2300000190734863,2.164999961853028,2.2300000190734863,1117079
2026-07-22,2.174999952316284,2.220000028610229,2.1700000762939453,2.200000047683716,1340113
2026-07-23,2.2049999237060547,2.220000028610229,2.150000095367432,2.164999961853028,2507700
2026-07-24,2.130000114440918,2.2100000381469727,2.115000009536743,2.2100000381469727,2284929
2026-07-27,2.130000114440918,2.190000057220459,2.119999885559082,2.150000095367432,1895290
2026-07-28,2.115000009536743,2.150000095367432,2.0999999046325684,2.109999895095825,2427746
2026-07-29,2.140000104904175,2.1700000762939453,2.115000009536743,2.150000095367432,1981747
2026-07-30,2.150000095367432,2.164999961853028,2.119999885559082,2.125,1497154
2026-07-31,2.140000104904175,2.220000028610229,2.140000104904175,2.200000047683716,2195248
2026-08-03,2.150000095367432,2.1700000762939453,2.1050000190734863,2.1700000762939453,2954297
2026-08-04,2.150000095367432,2.190000057220459,2.134999990463257,2.150000095367432,2044030
2026-08-05,2.1549999713897705,2.194999933242798,2.125,2.150000095367432,3669277
2026-08-06,2.190000057220459,2.190000057220459,2.134999990463257,2.140000104904175,1781903
2026-08-07,2.1600000858306885,2.200000047683716,2.150000095367432,2.150000095367432,2554368
2026-08-10,2.2049999237060547,2.2249999046325684,2.1549999713897705,2.180000066757202,1263290
2026-08-11,2.244999885559082,2.255000114440918,2.184999942779541,2.194999933242798,1419182
2026-08-12,2.240000009536743,2.2950000762939453,2.2100000381469727,2.240000009536743,2774201
2026-08-13,2.2100000381469727,2.259999990463257,2.2049999237060547,2.220000028610229,2915063
2026-08-14,2.180000066757202,2.220000028610229,2.174999952316284,2.2149999141693115,2421874
2026-08-17,2.140000104904175,2.200000047683716,2.140000104904175,2.190000057220459,3040397
2026-08-18,2.130000114440918,2.150000095367432,2.109999895095825,2.150000095367432,1805904
2026-08-19,2.0899999141693115,2.130000114440918,2.0850000381469727,2.119999885559082,1797324
2026-08-20,2.1449999809265137,2.1449999809265137,2.095000028610229,2.0999999046325684,1398732
2026-08-21,2.125,2.150000095367432,2.115000009536743,2.1449999809265137,984097
2026-08-24,2.059999942779541,2.125,2.059999942779541,2.125,1707028
2026-08-25,2.125,2.134999990463257,2.069999933242798,2.0799999237060547,1680278
2026-08-26,2.140000104904175,2.140000104904175,2.095000028610229,2.0999999046325684,1430927
2026-08-27,2.130000114440918,2.1449999809265137,2.109999895095825,2.109999895095825,1301013
2026-08-28,2.109999895095825,2.150000095367432,2.109999895095825,2.109999895095825,1444899
2026-08-31,2.075000047683716,2.109999895095825,2.069999933242798,2.109999895095825,2212282
2026-09-01,2.065000057220459,2.0850000381469727,2.0450000762939453,2.069999933242798,1785096
2026-09-02,2.069999933242798,2.0799999237060547,2.0399999618530273,2.059999942779541,1254932
2026-09-03,2.0450000762939453,2.1449999809265137,2.0450000762939453,2.0799999237060547,2681426
2026-09-04,2.0850000381469727,2.0950000286102295,2.055000066757202,2.0799999237060547,773472
