Date,Close,High,Low,Open,Volume
1999-01-22,0.0375590771436691,0.0447126609211988,0.0355316785597156,0.0400626474254058,2714688000
1999-01-25,0.0414939075708389,0.0419700791782115,0.0375590700123355,0.0405397290694262,510480000
1999-01-26,0.0382742546498775,0.0428052237897426,0.0376781206424106,0.041970089686728,343200000
1999-01-27,0.038155198097229,0.0393474623285208,0.0362468446238538,0.0383932838861766,244368000
1999-01-28,0.0380352400243282,0.0383932846525165,0.0377971542306283,0.0381551988588167,227520000
1999-01-29,0.0362468361854553,0.0381551892145587,0.0362468361854553,0.0380352304103915,244032000
1999-02-01,0.0369629524648189,0.0372010383735657,0.0362468628624162,0.0362468628624162,154704000
1999-02-02,0.0341013222932815,0.0372010263214648,0.0330281024697946,0.0362468511194417,264096000
1999-02-03,0.0348164997994899,0.0352935891386061,0.0333852351934557,0.0336242386847656,75120000
1999-02-04,0.0367239490151405,0.037678124440327,0.0348165055744793,0.0352935949927299,181920000
1999-02-05,0.0377971678972244,0.0381552126548736,0.0363668173312526,0.0373200784940248,136848000
1999-02-08,0.0364858545362949,0.0381552084413305,0.0364858545362949,0.0380352495767149,154080000
1999-02-09,0.0350545831024646,0.0374391117493848,0.034577493844411,0.0372010225307184,86976000
1999-02-10,0.0346974432468414,0.0360087484115995,0.0341013095416241,0.0350545735663753,148224000
1999-02-11,0.0376781299710273,0.0391084807920816,0.034816510685128,0.034816510685128,132240000
1999-02-12,0.0398245602846145,0.0400626461257827,0.0381552064660028,0.0381552064660028,109728000
1999-02-16,0.0400626361370086,0.0422090787462646,0.0360087543435525,0.040539725343871,211008000
1999-02-17,0.0379161946475505,0.039585548099246,0.0372010196377601,0.0391084588782935,67728000
1999-02-18,0.038512323051691,0.0395855425314064,0.0374391035719756,0.0391084533775581,70704000
1999-02-19,0.0398245602846145,0.0405397354515972,0.0376781171401883,0.0381552064660028,75360000
1999-02-22,0.0400626361370086,0.0410168145507334,0.0379161935277526,0.040539725343871,205248000
1999-02-23,0.0419700779020786,0.0428052117705985,0.0386322885352897,0.0410168170729843,138096000
1999-02-24,0.0453087799251079,0.0500787507074663,0.0442355603782685,0.0481703973840288,612768000
1999-02-25,0.043878436088562,0.048647493298907,0.0431623433923448,0.0472171397818227,149136000
1999-02-26,0.0418510288000106,0.0457858654952204,0.041493898467178,0.0443555157002504,172608000
1999-03-01,0.0420900508761405,0.0438784495857973,0.0400626520577633,0.0429242707928853,92160000
1999-03-02,0.0417319908738136,0.0422090800959312,0.0410168158622765,0.041970076663233,55248000
1999-03-03,0.038870383054018,0.0419700873199148,0.0386322972041458,0.0419700873199148,61392000
1999-03-04,0.0380352400243282,0.0410168165996911,0.0376781096281217,0.040777813162696,57360000
1999-03-05,0.0401816852390766,0.0403007264376711,0.0383932870395929,0.0383932870395929,78768000
1999-03-08,0.0407778210937976,0.0419700855807774,0.0383932921198381,0.0391084672833312,75888000
1999-03-09,0.0420900508761405,0.0426861849164643,0.0406587860980871,0.0406587860980871,143184000
1999-03-10,0.0413739420473575,0.042686164979987,0.0407778082854567,0.042686164979987,235344000
1999-03-11,0.0395855456590652,0.0413739436005937,0.0395855456590652,0.0406587686348889,54288000
1999-03-12,0.038870383054018,0.0398245617405301,0.0381552078608898,0.0398245617405301,90768000
1999-03-15,0.040539726614952,0.0410168158367731,0.03958554817131,0.0398245516038596,108816000
1999-03-16,0.0392284169793129,0.0412549007821585,0.0388703723651081,0.0407778115700966,79152000
1999-03-17,0.0394665114581584,0.0403007277528369,0.0385123329063047,0.0395855526606378,51360000
1999-03-18,0.0399436056613922,0.040539736213335,0.0386322965177145,0.039585557543777,46320000
1999-03-19,0.0400626361370086,0.0412549003325399,0.0398245503552021,0.0398245503552021,105312000
1999-03-22,0.038870383054018,0.0410168262769144,0.038870383054018,0.0408968674141236,36672000
1999-03-23,0.0364858545362949,0.0391084694988325,0.035770679332287,0.0391084694988325,163968000
1999-03-24,0.0362468361854553,0.0364858361507264,0.0348164830868941,0.0362468361854553,60864000
1999-03-25,0.0367239490151405,0.0381552138585776,0.0360087702982778,0.0361278149475839,40320000
1999-03-26,0.0399436056613922,0.040062646878556,0.0372010285133775,0.0372010285133775,88272000
1999-03-29,0.0411358810961246,0.0420900566076547,0.0404207023145453,0.0411358810961246,65952000
1999-03-30,0.0376781299710273,0.0416129694889551,0.0374391298163064,0.0412549246674538,69504000
1999-03-31,0.0403007306158542,0.0407778199256741,0.0370819853562597,0.0388703803298419,153600000
1999-04-01,0.039108470082283,0.0405397381551773,0.0383932948676055,0.0403007346545919,30432000
1999-04-05,0.0379161946475505,0.039585548099246,0.0376781088587125,0.0386322873006175,98640000
1999-04-06,0.0369629524648189,0.0383933032047769,0.0362468628624162,0.038274261956061,69696000
1999-04-07,0.0400626361370086,0.0403007219188151,0.0369629327572773,0.0372010185390837,89280000
1999-04-08,0.0407778210937976,0.0419700855807774,0.0398245600902981,0.040300731770311,130128000
1999-04-09,0.0400626361370086,0.0410168145507334,0.0398245503552021,0.0410168145507334,48624000
1999-04-12,0.0383932925760746,0.0395855570772223,0.0376781174040828,0.0395855570772223,33312000
1999-04-13,0.0368429832160472,0.0391084675816262,0.0362468526736675,0.0391084675816262,36144000
1999-04-14,0.0357706733047962,0.0375590715408842,0.0357706733047962,0.0367239376129838,48288000
1999-04-15,0.0367239490151405,0.0367239490151405,0.0357706844109805,0.0367239490151405,35856000
1999-04-16,0.0379161946475505,0.0385123284685787,0.0364858446279696,0.0364858446279696,38928000
1999-04-19,0.0362468361854553,0.0383932749480791,0.0357706613071021,0.0383932749480791,31296000
1999-04-20,0.0355316847562789,0.0376781249333505,0.0351736365713345,0.036246860071185,67680000
1999-04-21,0.0361278131604194,0.0362468578038365,0.0352935932468325,0.0355316825336668,37488000
1999-04-22,0.0345774963498115,0.0362468500522825,0.0342203659072486,0.0362468500522825,227184000
1999-04-23,0.03290905803442,0.0345774975633461,0.0326700579693275,0.0344584529412092,126048000
1999-04-26,0.0312397051602602,0.0333852304138632,0.0305236124323534,0.0329090553751083,123504000
1999-04-27,0.0345774963498115,0.034816496406516,0.0314777924128879,0.0319548817055103,226944000
1999-04-28,0.0343394093215465,0.0348164951861323,0.0332661861559615,0.0348164951861323,120096000
1999-04-29,0.0343394093215465,0.0345774951378051,0.0336242342293884,0.034458450524019,48144000
1999-04-30,0.0348164997994899,0.0362468535846487,0.034458455089934,0.0346974585812439,99312000
1999-05-03,0.0350545831024646,0.0351736243004843,0.0341013188183917,0.0351736243004843,33840000
1999-05-04,0.0331471487879753,0.0350545884688449,0.0324319736130852,0.0350545884688449,96048000
1999-05-05,0.0338623188436031,0.0338623188436031,0.031477790192134,0.0333852295846393,144576000
1999-05-06,0.0332066677510738,0.0343394115928168,0.0321929685309908,0.0336242364533557,35616000
1999-05-07,0.0333852246403694,0.0336242280561302,0.0321929604912062,0.0321929604912062,25008000
1999-05-10,0.0333852246403694,0.0341013138331252,0.0331471388678222,0.0331471388678222,19680000
1999-05-11,0.0351736322045326,0.0362468555711426,0.0341013264814767,0.0348165017075939,171744000
1999-05-12,0.0362468361854553,0.0363667949896225,0.035054572231727,0.0355316613418309,168480000
1999-05-13,0.0362468361854553,0.0372010109943507,0.0361277916130389,0.0362468361854553,69936000
1999-05-14,0.0343394093215465,0.0362468487817621,0.0338623200456471,0.0362468487817621,28464000
1999-05-17,0.0360087491571903,0.0360087491571903,0.0337432656889866,0.0338623102684004,35760000
1999-05-18,0.0376781299710273,0.038155219459309,0.0352936001734097,0.0363668238167534,151536000
1999-05-19,0.0360087491571903,0.0407778052524252,0.0354126188509423,0.0393474554811016,451728000
1999-05-20,0.0331471487879753,0.0362468529748244,0.0318358396544384,0.0362468529748244,178176000
1999-05-21,0.0324319638311862,0.0326700496031771,0.0314777854567998,0.0326700496031771,303504000
1999-05-24,0.0323120132088661,0.0333852330359893,0.0318358381327116,0.032670057895284,162624000
1999-05-25,0.0325510092079639,0.0329090538496639,0.0321929645662639,0.0324319680122784,130080000
1999-05-26,0.0324319638311862,0.0341013137534437,0.0324319638311862,0.0324319638311862,104736000
1999-05-27,0.0321929715573787,0.0326700609096838,0.0321929715573787,0.0326700609096838,82320000
1999-05-28,0.0325510092079639,0.0326700538149629,0.0321929645662639,0.0326700538149629,88656000
1999-06-01,0.0326700545847415,0.0326700545847415,0.0319548795165068,0.0324319687764471,98544000
1999-06-02,0.0314778015017509,0.0326700662558526,0.0314778015017509,0.0326700662558526,130128000
1999-06-03,0.0323120132088661,0.0325510132734169,0.0319548827545787,0.0323120132088661,41568000
1999-06-04,0.0325510092079639,0.0326700538149629,0.0323120091732629,0.0325510092079639,78912000
1999-06-07,0.03290905803442,0.0333852331116536,0.0326700579693275,0.0327295785747389,125136000
1999-06-08,0.0337432697415351,0.0343394035306912,0.0329090501762703,0.0330280947699812,153312000
1999-06-09,0.0343394093215465,0.0350545844137046,0.0338623200456471,0.0338623200456471,95184000
1999-06-10,0.0344584472477436,0.0345774918502111,0.0341013168516544,0.0343394060565894,36096000
1999-06-11,0.0337432697415351,0.0345774893068,0.0325510055745361,0.0344584447130891,61008000
1999-06-14,0.0324319638311862,0.0338623137495544,0.0321929604159838,0.0338027897480719,51648000
1999-06-15,0.0324319638311862,0.0326700496031771,0.031954874643993,0.0324319638311862,49296000
1999-06-16,0.0333852246403694,0.0343394030169854,0.0324319639069671,0.032909049683962,64416000
1999-06-17,0.0324319638311862,0.0336242279775635,0.0324319638311862,0.0331471387903703,74928000
1999-06-18,0.0312397051602602,0.0326700553293289,0.0312397051602601,0.0326700553293289,158736000
1999-06-21,0.03290905803442,0.03290905803442,0.0313285314767261,0.0321929686599612,83472000
1999-06-22,0.0323120132088661,0.0329090579598348,0.0315968346568469,0.0329090579598348,193056000
1999-06-23,0.03290905803442,0.03290905803442,0.031596834728458,0.0319548828270013,210912000
1999-06-24,0.0321929715573787,0.0331471502619889,0.0319548857029908,0.0331471502619889,115200000
1999-06-25,0.0326700545847415,0.0330280992348779,0.0319548795165068,0.0319548795165068,73536000
1999-06-28,0.0331471487879753,0.033743279335308,0.0324319736130852,0.033743279335308,109152000
1999-06-29,0.0335051864385604,0.033981358025926,0.0331471418103978,0.0336242310410585,92688000
1999-06-30,0.0364858545362949,0.0364858545362949,0.0338623253415458,0.0345775005455537,269232000
1999-07-01,0.0345774963498115,0.036485850108987,0.0326700568227366,0.036485850108987,88992000
1999-07-02,0.0370819829404354,0.0370819829404354,0.034339409525887,0.0350545846223008,224880000
1999-07-06,0.0372010096907615,0.0374390988272513,0.036723924008688,0.0374390988272513,198096000
1999-07-07,0.0364858545362949,0.0374391190051111,0.0364858545362949,0.0374391190051111,63120000
1999-07-08,0.0373200662434101,0.0379161966851609,0.0355316715068442,0.0367239358016593,186048000
1999-07-09,0.0404802113771438,0.0407778178002865,0.0372010246282349,0.0372010246282349,211728000
1999-07-12,0.0423281416296958,0.04411653698997,0.0412549181557505,0.042924272279349,401040000
1999-07-13,0.0424471721053123,0.0430433060151503,0.0405397325806153,0.0428052167795294,138864000
1999-07-14,0.0407778210937976,0.0434013535512374,0.0405397352537912,0.0424471749042641,137952000
1999-07-15,0.0410168245434761,0.0424471748692835,0.0410168245434761,0.0411358691690382,137040000
1999-07-16,0.0418510288000106,0.042209073364663,0.0410168093211438,0.0417319842186288,103872000
1999-07-19,0.0407778210937976,0.0420900444385973,0.0405397352537912,0.0419700855807774,43632000
1999-07-20,0.0400626361370086,0.0407778111256775,0.0386322861596709,0.0407778111256775,178752000
1999-07-21,0.038870383054018,0.0395855582471462,0.0376781185176337,0.0395855582471462,112080000
1999-07-22,0.0370819829404354,0.0386322919798315,0.0367239382761915,0.0386322919798315,213264000
1999-07-23,0.0370819829404354,0.038155202701093,0.0369629383259408,0.0369629383259408,80256000
1999-07-26,0.0372010096907615,0.0380352290775698,0.0372010096907615,0.0380352290775698,60528000
1999-07-27,0.0373200662434101,0.0374391108498831,0.0367239358016593,0.037201021636937,98592000
1999-07-28,0.0379161946475505,0.038393283868503,0.0370819784489977,0.0372010196377601,244224000
1999-07-29,0.0382742546498775,0.0383932958758696,0.0369629454089516,0.0372010312722501,388800000
1999-07-30,0.0383932925760746,0.0393474712343866,0.0381552067332389,0.0382742513603137,452304000
1999-08-02,0.0387513451278209,0.038870386357216,0.0381552111033123,0.038393296973417,313344000
1999-08-03,0.0377971678972244,0.0387513467036236,0.0374391231395752,0.0387513467036236,255216000
1999-08-04,0.0377971678972244,0.0381552126548736,0.0376781232516739,0.0380352537770107,89952000
1999-08-05,0.0383932925760746,0.0383932925760746,0.0372010280749268,0.0377971620311577,240576000
1999-08-06,0.0383932925760746,0.0385123372031494,0.0381552067332389,0.0382742513603137,183984000
1999-08-09,0.0383932925760746,0.0388703819052306,0.0381552067332389,0.0385123372031494,31056000
1999-08-10,0.039108470082283,0.0407778240122233,0.0383932948676055,0.0386322983681909,212064000
1999-08-11,0.0417319908738136,0.0422090800959312,0.039347462406504,0.0398245516286217,197712000
1999-08-12,0.0437584817409515,0.044831701546451,0.0417319975702192,0.0419700833978424,239616000
1999-08-13,0.0432823002338409,0.0442355644572247,0.0429242556079152,0.0434013448355952,84672000
1999-08-16,0.0416129529476165,0.0436394371181962,0.0401816884630209,0.0436394371181962,223440000
1999-08-17,0.0417319908738136,0.0424471658853507,0.0406587712405252,0.0417319908738136,193536000
1999-08-18,0.0426861755549907,0.0431623472034038,0.0404206879457204,0.041254907679513,279888000
1999-08-19,0.0517471991479396,0.05413264208613,0.0441165237596387,0.0456668327703168,1966992000
1999-08-20,0.0512710250914096,0.0522242860060858,0.0493626713865947,0.0518671589850097,353088000
1999-08-23,0.0481704100966453,0.0505549390011778,0.0465010563347831,0.0505549390011778,507984000
1999-08-24,0.04793231934309,0.0484094051923968,0.0450707014227203,0.0474552300824696,398064000
1999-08-25,0.0476933121681213,0.0485284460141972,0.0457858729178888,0.0480513567908187,350352000
1999-08-26,0.0469781346619129,0.0484093988447882,0.0462629596864349,0.0476933096373909,275376000
1999-08-27,0.0496016666293144,0.0515091059171942,0.0476933131094487,0.0479323165474957,552384000
1999-08-30,0.049422200769186,0.0513900788365795,0.0473361957096249,0.0504359001089838,158640000
1999-08-31,0.0536555647850036,0.0538936506513777,0.0486475062102832,0.049601681551616,786864000
1999-09-01,0.0511510595679283,0.0536555468394281,0.0503168399653985,0.0536555468394281,565344000
1999-09-02,0.0505549348890781,0.0507939349348455,0.0484094062242688,0.0494817117349873,341088000
1999-09-03,0.0509129948914051,0.0522243008430895,0.0505549501252197,0.051509125543053,258864000
1999-09-07,0.0506748966872692,0.0517472022604877,0.0504358932162576,0.0517472022604877,124416000
1999-09-08,0.0505549348890781,0.0511510653610655,0.0505549348890781,0.0507939349348455,170064000
1999-09-09,0.04983976110816,0.051390070162276,0.0488855825416234,0.0510320254946325,209472000
1999-09-10,0.0505549348890781,0.0512710242056354,0.0503168456640557,0.050674893733648,167424000
1999-09-13,0.0488855876028537,0.0507939415221892,0.0484094125023686,0.0507939415221892,174432000
1999-09-14,0.0474552400410175,0.048885590479687,0.0472171507711067,0.048885590479687,250368000
1999-09-15,0.0478132739663124,0.0484094044160325,0.0465010508154695,0.0468590954603741,212736000
1999-09-16,0.0466200932860374,0.0476933129395203,0.0460239594523361,0.047217137940408,158112000
1999-09-17,0.0465010553598403,0.0467400588313508,0.0448317016329779,0.0463224901359498,171648000
1999-09-20,0.0448316931724548,0.0462629608011293,0.0448316931724548,0.0456668269943386,229104000
1999-09-21,0.040539726614952,0.0441165193136924,0.039943596204152,0.043878433524421,737328000
1999-09-22,0.0414939075708389,0.0417319933745252,0.0381552004592282,0.0405397290694262,375984000
1999-09-23,0.0380352400243282,0.0417319916240858,0.0376781096281217,0.0416129470215792,379584000
1999-09-24,0.0345774963498115,0.0391084647532883,0.0319548817055103,0.038155203811458,684912000
1999-09-27,0.0367239490151405,0.0374391243206884,0.0345775054548407,0.0368429902531318,432000000
1999-09-28,0.0400626361370086,0.040539725343871,0.0367239327435346,0.0367834533361579,413184000
1999-09-29,0.0368429832160472,0.0424471752280247,0.0362468526736675,0.0408968660313937,594048000
1999-09-30,0.0367239490151405,0.0393474785823762,0.0362468595968899,0.0381552138585776,342528000
1999-10-01,0.0364858545362949,0.0374391190051111,0.0345775005455537,0.0361278098181852,347760000
1999-10-04,0.0372010096907615,0.0377971433523924,0.036723924008688,0.0376780987841475,177600000
1999-10-05,0.0407778210937976,0.0410168245772778,0.0372010276328583,0.0372010276328583,478080000
1999-10-06,0.0456668436527252,0.0476933281841584,0.0405397403610583,0.0408968708717169,1508736000
1999-10-07,0.0426861755549907,0.0475742743928704,0.0424471720873714,0.0475742743928704,487296000
1999-10-08,0.0448316931724548,0.0461439162038968,0.0410168147824986,0.0426861681943249,398928000
1999-10-11,0.0436394400894641,0.0453087939266398,0.0424471755834084,0.0451897492990749,544464000
1999-10-12,0.0430432893335819,0.0443555120832978,0.0429242447619075,0.0438784229761677,322992000
1999-10-13,0.0418510288000106,0.0425662036974956,0.0410168093211438,0.0425662036974956,280368000
1999-10-14,0.0410168245434761,0.0419700855461901,0.0405397352203826,0.0419700855461901,192336000
1999-10-15,0.0407778210937976,0.0410168245772778,0.0388703814433247,0.038989426068985,210720000
1999-10-18,0.0386322923004627,0.0408968622229936,0.038393288837416,0.0408968622229936,215184000
1999-10-19,0.0370819829404354,0.0398245563549837,0.0363668078440216,0.0398245563549837,308928000
1999-10-20,0.0383932925760746,0.0388703819052306,0.037081986859166,0.0376781174040828,348720000
1999-10-21,0.0401816852390766,0.0401816852390766,0.0372010227103749,0.0382742458409983,382128000
1999-10-22,0.0411358810961246,0.0423281459278114,0.0400626575132012,0.0400626575132012,286752000
1999-10-25,0.039108470082283,0.0414939168704401,0.039108470082283,0.0408968686464034,213840000
1999-10-26,0.0429242812097072,0.044355549746414,0.0405397512923659,0.0407778372265653,481248000
1999-10-27,0.0410168245434761,0.0434013535154705,0.0403007317370993,0.0431623500321873,214128000
1999-10-28,0.039108470082283,0.0419700885845322,0.038870384225237,0.0412549133698547,222768000
1999-10-29,0.0422090925276279,0.0429242677498031,0.0393474739953782,0.0395855598549202,330528000
1999-11-01,0.0448316931724548,0.0465010465842811,0.0414939039920568,0.0414939039920568,782544000
1999-11-02,0.0476933121681213,0.0479323156014511,0.0453087836945104,0.0456668283172079,837504000
1999-11-03,0.0523433238267898,0.0536555468789994,0.0492436203804868,0.049601664998479,2011680000
1999-11-04,0.0556820295751094,0.0571132937861235,0.0529403708023473,0.0529403708023473,1260336000
1999-11-05,0.0538936555385589,0.0577094498402816,0.0512710401963183,0.0572323638320093,616368000
1999-11-08,0.0554439537227153,0.0569942628080857,0.0505549372305547,0.052224287522636,470016000
1999-11-09,0.054608829319477,0.0555630081319762,0.0524633034568033,0.0553249222506679,272352000
1999-11-10,0.0541326403617858,0.0548478154221705,0.0530594206551949,0.0547882948235786,144048000
1999-11-11,0.0579475238919258,0.0608091386015026,0.05294038041293,0.0541326448263497,562704000
1999-11-12,0.0610481463372707,0.0610481463372707,0.0569942669309234,0.0604520192058646,501504000
1999-11-15,0.0598558895289897,0.0633136386396994,0.0589017108060104,0.0614648018056549,362208000
1999-11-16,0.0655791163444519,0.0667713773290052,0.0610481411714818,0.0612862304046075,723792000
1999-11-17,0.0680826902389526,0.0715404390079361,0.0658172025227756,0.0667713811514544,786384000
1999-11-18,0.0683208033442497,0.070110120193081,0.0677246759614545,0.0695130717551021,235968000
1999-11-19,0.0817946344614029,0.0846562557779877,0.0763094878695514,0.076548491320277,2165184000
1999-11-22,0.0816756188869476,0.0839411002241917,0.0767865978061161,0.0838815796065027,540192000
1999-11-23,0.0758333206176757,0.0766675369291832,0.0724946132622171,0.0733288295737245,553248000
1999-11-24,0.073447898030281,0.0763095134848141,0.0678446157689181,0.0754752969412748,406848000
1999-11-26,0.0729717090725898,0.0734478876022064,0.0705862657313348,0.0727327055755701,71760000
1999-11-29,0.0703481584787368,0.0736868582886855,0.0686788051624495,0.0727326799241779,298608000
1999-11-30,0.0660552829504013,0.0717785186714448,0.0660552829504013,0.0705862509551917,314688000
1999-12-01,0.0693939700722694,0.0703481482986985,0.0660552639228368,0.0660552639228368,223536000
1999-12-02,0.0745210945606231,0.0754752730956618,0.0696329891491533,0.0696329891491533,309888000
1999-12-03,0.0727326944470405,0.0765484944350999,0.0717785227146352,0.0752362712167404,342768000
1999-12-06,0.0747601017355918,0.0751172253545042,0.0729717000089705,0.0729717000089705,178608000
1999-12-07,0.0722556263208389,0.075475293207676,0.0693940110078638,0.0753562451529444,186384000
1999-12-08,0.0754752904176712,0.0761904656614039,0.071778537684152,0.0720175343718185,201696000
1999-12-09,0.0732097923755645,0.077263675059516,0.0705862599831484,0.0753562320450046,214944000
1999-12-10,0.072374626994133,0.0748791172072817,0.0710633252433798,0.0745210726566972,98304000
1999-12-13,0.0721365809440612,0.0740440173581427,0.0705862682057686,0.0715404469402455,183840000
1999-12-14,0.0709443166851997,0.0740440212707042,0.0702291414183304,0.0722556259873851,273888000
1999-12-15,0.0686788186430931,0.0708252581516358,0.0670094649991361,0.0704672134895225,205968000
1999-12-16,0.068201720714569,0.0701100776715094,0.0679636383279208,0.0690368579997151,132576000
1999-12-17,0.0717785432934761,0.0728517633590759,0.069752058631615,0.0701101033975928,262080000
1999-12-20,0.077740766108036,0.0791418133055715,0.0693940035324626,0.0718984880567077,402432000
1999-12-21,0.0810794532299041,0.0811984944188832,0.0748791320441006,0.0777407463204352,388368000
1999-12-22,0.082986906170845,0.083941077910123,0.0782178486481013,0.0813175525092063,251184000
1999-12-23,0.0884720385074615,0.0887101208758597,0.0827488033619743,0.083105933737198,280224000
1999-12-27,0.0851333364844322,0.0904985273222673,0.084179158025839,0.0903794793087963,202416000
1999-12-28,0.0848943442106247,0.0882330516114043,0.0846562617976313,0.085133347678345,179184000
1999-12-29,0.08775594830513,0.0887101198770891,0.0846562449875739,0.0847157655790034,132144000
1999-12-30,0.0884720385074615,0.089068172305638,0.0863255925057803,0.0877559492931578,139776000
1999-12-31,0.0895443707704544,0.0896643262226247,0.0879949723333301,0.0882925822058771,127344000
2000-01-03,0.0893062576651573,0.0908565699205864,0.0841791561461253,0.0901413949142576,300912000
2000-01-04,0.0869217440485954,0.0879949638572153,0.0825098167829873,0.0877559672080989,300480000
2000-01-05,0.0840600878000259,0.0858484818540377,0.0828678205489352,0.0844181323034936,188352000
2000-01-06,0.0785750076174736,0.0840601564640324,0.0753562545610753,0.0840601564640324,120480000
2000-01-07,0.0798872113227844,0.080721427720369,0.0770255895462918,0.0782178574728057,71184000
2000-01-10,0.082509808242321,0.0858485153537165,0.0786949295235835,0.0801252796322767,239856000
2000-01-11,0.0791710913181305,0.082986890618569,0.0791710913181305,0.0820327122354827,148128000
2000-01-12,0.0771446302533149,0.0792910768351927,0.0760714103736901,0.0791711145640127,123552000
2000-01-13,0.0803633704781532,0.0810794597790522,0.0760713990103255,0.0770255775310408,132192000
2000-01-14,0.0838211253285408,0.0871598327655059,0.0813175552781854,0.0815565587484962,604560000
2000-01-18,0.087398812174797,0.0877559425224668,0.0810794437186957,0.0848943217591945,261648000
2000-01-19,0.0865636840462684,0.0877559516749812,0.085848509044482,0.0877559516749812,164688000
2000-01-20,0.0863256081938743,0.0920488443794546,0.0856104330815288,0.0872797867726071,179568000
2000-01-21,0.0853714495897293,0.0864446695396304,0.0832250028672984,0.0860866248122516,544272000
2000-01-24,0.0815565735101699,0.0881140273084701,0.0810794807153044,0.0881140273084701,256944000
2000-01-25,0.080840453505516,0.0827488104803367,0.0782178425414315,0.0819136731873658,237120000
2000-01-26,0.0775017738342285,0.0829869290217805,0.0760714232409067,0.0808404820768386,232464000
2000-01-27,0.073447898030281,0.0780979088648545,0.0705862757531186,0.0780979088648545,458208000
2000-01-28,0.0713023468852043,0.0729717005963308,0.0684407321693611,0.0724946147125486,194448000
2000-01-31,0.0707062110304832,0.0732097807595017,0.0667713701822616,0.0716594684477909,182400000
2000-02-01,0.072374626994133,0.07297167492991,0.0682017047114304,0.0708252360899709,92976000
2000-02-02,0.0744020193815231,0.0758332900729933,0.0723746218510468,0.0727326663761879,149040000
2000-02-03,0.0755943357944488,0.078336909924469,0.0751172429799346,0.0767865970693197,108240000
2000-02-04,0.0773827210068702,0.0779788549777266,0.0758333294091136,0.0779788549777266,123696000
2000-02-07,0.0726136639714241,0.077740766880574,0.0724946227509621,0.077740766880574,217488000
2000-02-08,0.0760714039206504,0.0786949362002874,0.0724946141134324,0.0744020502233199,468816000
2000-02-09,0.0779788345098495,0.0802443217573202,0.0778597933224141,0.0789330129411185,589056000
2000-02-10,0.0939562693238258,0.0953875335067011,0.0827488025638956,0.0827488025638956,970080000
2000-02-11,0.0953875333070755,0.0987262400432956,0.0884720374690315,0.09860627780595,423792000
2000-02-14,0.1106488928198814,0.1106488928198814,0.0946714535693829,0.0956256320589402,650112000
2000-02-15,0.1063568890094757,0.1110069035557373,0.1018259224441895,0.1108878623973866,450480000
2000-02-16,0.1112450286746025,0.1149417874994285,0.1063569299309154,0.1075491977271128,1019568000
2000-02-17,0.1151798740029335,0.1158959633627265,0.1094566376946452,0.1111259914215149,535776000
2000-02-18,0.1285346895456314,0.1302040362645121,0.1126762914286277,0.1135105076720619,960864000
2000-02-22,0.1249569803476333,0.1261492481316219,0.1201879228569337,0.1244808155358994,542496000
2000-02-23,0.1256730556488037,0.1269843644893762,0.1219763109196649,0.1235266163715031,511392000
2000-02-24,0.1244807913899421,0.1272224500349111,0.1192337279959002,0.1263882338988655,244320000
2000-02-25,0.1167301833629608,0.1245998663560579,0.1116030876356544,0.1245998663560579,278736000
2000-02-28,0.1158959716558456,0.1173263220135548,0.113987621143537,0.1161340540896519,517872000
2000-02-29,0.122095376253128,0.1235266407983446,0.115179878649873,0.115179878649873,306048000
2000-03-01,0.1185185760259628,0.122095365732578,0.1166111331470975,0.122095365732578,383568000
2000-03-02,0.1105298548936843,0.1194727504136445,0.1101727312769577,0.1194727504136445,191040000
2000-03-03,0.112318255007267,0.1135105159780835,0.1096956370126237,0.1106489013436059,273696000
2000-03-06,0.11160309612751,0.12161921956526,0.1106489174257644,0.1130343607688143,432096000
2000-03-07,0.1589392721652984,0.1664509036695315,0.13688055614792,0.1430808785596711,1952208000
2000-03-08,0.1602505445480346,0.1616818087573086,0.1473737241789974,0.1588495045736668,668736000
2000-03-09,0.1913410425186157,0.20603647968142,0.1616818615000823,0.1621580400416575,952944000
2000-03-10,0.2251136153936386,0.2766227257750159,0.1998361461289716,0.2012674107296649,2161200000
2000-03-13,0.2847313582897186,0.2861617083509531,0.2022206385530609,0.2041289954924446,2415168000
2000-03-14,0.2100902944803238,0.283181022841995,0.2060364126826749,0.283181022841995,1567776000
2000-03-15,0.201505422592163,0.2309567315451252,0.1945899276111614,0.2251437455389086,995616000
2000-03-16,0.1796555370092392,0.2150983899111768,0.1767050918344845,0.2079438827315365,750384000
2000-03-17,0.1905360668897628,0.2041289759771752,0.1754825836440718,0.1755128078778612,557616000
2000-03-20,0.1904170513153076,0.2043670858212002,0.1843357709160639,0.1980477230282437,365280000
2000-03-21,0.1809970885515213,0.1924435479805319,0.1659738254637264,0.1907742010095406,536640000
2000-03-22,0.1823092252016067,0.1879124968066629,0.1793276426714379,0.1824282663581518,230592000
2000-03-23,0.1855279803276062,0.1955440993074083,0.1802818453239366,0.1806398830603328,309408000
2000-03-24,0.1777783185243606,0.1926825388995858,0.1716970379048157,0.1843357775938355,231600000
2000-03-27,0.1660928130149841,0.1831434690818215,0.1645434219898712,0.1774202275711465,388944000
2000-03-28,0.1536931097507476,0.1621579974303881,0.1507115263125572,0.1603695959066704,393312000
2000-03-29,0.143557995557785,0.1578660858327508,0.1373576720977756,0.1542892815881408,469440000
2000-03-30,0.142722800374031,0.1559585869665713,0.1344959952546464,0.1392650522380572,361920000
2000-03-31,0.1611745357513427,0.1676431645602721,0.1497582874553035,0.1524706367300188,962976000
2000-04-03,0.1485660374164581,0.160250593767449,0.1443921989238651,0.1597139803918345,329952000
2000-04-04,0.1430808752775192,0.1590583097291542,0.108741463846389,0.1564347910174817,513792000
2000-04-05,0.1749167144298553,0.1860051355357692,0.1371195479457427,0.1445121379754749,639600000
2000-04-06,0.183024451136589,0.1923244690402961,0.1743205534138195,0.183024451136589,404592000
2000-04-07,0.1956632137298584,0.2003132304016553,0.1840976994793764,0.1922054649405158,318576000
2000-04-10,0.1783744543790817,0.2105674173727336,0.1746776956060509,0.1990019041210264,395280000
2000-04-11,0.1677622497081756,0.1812361241664692,0.1526199421524134,0.1659436368911412,457584000
2000-04-12,0.1503544300794601,0.1716970570586323,0.1497582961298006,0.168001225791483,313440000
2000-04-13,0.1439151018857956,0.156911881277929,0.1414115384375074,0.151546689203827,313296000
2000-04-14,0.1312469989061355,0.1451082120706898,0.1249569344624086,0.1347340561367614,421920000
2000-04-17,0.1379537582397461,0.1430808672230719,0.1201879230092784,0.1201879230092784,294096000
2000-04-18,0.162397027015686,0.1712199679420865,0.147373763445848,0.1518443042240688,477504000
2000-04-19,0.1546463370323181,0.1697895500259567,0.1526198535179325,0.167524069940557,278352000
2000-04-20,0.1538121551275253,0.1618008782532809,0.1516657157350313,0.1588202089660049,153936000
2000-04-24,0.1461806148290634,0.1514276669281975,0.1385499271434143,0.1449883467422829,205968000
2000-04-25,0.1621580272912979,0.1669279994863284,0.1523809147039607,0.1527389525802814,249696000
2000-04-26,0.1604886502027511,0.1774202539688424,0.160250554172705,0.1734854267695594,254112000
2000-04-27,0.1736045181751251,0.1752738653379936,0.1489231810055468,0.1497583117031088,280992000
2000-04-28,0.1700276881456375,0.1831435066433572,0.1700276881456375,0.1763470510576505,179040000
2000-05-01,0.1755128353834152,0.1802818927367178,0.171338984027632,0.1764660928567465,119424000
2000-05-02,0.1687163710594177,0.1857670298004415,0.1638273448818576,0.1755128263171563,234000000
2000-05-03,0.16597381234169,0.1731283060352563,0.1526198972806588,0.1676431591807013,329184000
2000-05-04,0.1680012196302414,0.175035758263211,0.1641854194111668,0.1656157696869265,241200000
2000-05-05,0.1757509410381317,0.1798048238535285,0.165019642929855,0.1672851238841481,170592000
2000-05-08,0.1693125665187835,0.1774203199632059,0.1690735561678425,0.1712199962931039,185136000
2000-05-09,0.1669279634952545,0.1736044630863788,0.1621579923286699,0.1721741130633046,176832000
2000-05-10,0.1504734605550766,0.1653776815292866,0.149042196096845,0.1652586403233336,274080000
2000-05-11,0.1569118052721023,0.1596543777059226,0.1505924444031779,0.1526198419963268,245904000
2000-05-12,0.1521428078413009,0.1697896023421871,0.1521428078413009,0.1612047582656051,187824000
2000-05-15,0.1626351028680801,0.1652586350569364,0.1440350378379654,0.1514276274865098,282096000
2000-05-16,0.1793277263641357,0.1844548357358464,0.1678812533901547,0.1697896106481225,366432000
2000-05-17,0.2108055055141449,0.2186751880842946,0.1887477049875013,0.1888667461932253,1290624000
2000-05-18,0.1964973658323288,0.2154554641897292,0.1951860571659719,0.21199771653124,509904000
2000-05-19,0.1948280781507492,0.2012673970685171,0.1893438452523838,0.190774195523805,521184000
2000-05-22,0.2074677050113678,0.2074677050113678,0.1756318679814504,0.1926825267681939,517152000
2000-05-23,0.2057983726263046,0.2249945591387846,0.1988828752171834,0.2022206684797729,778560000
2000-05-24,0.2031747698783874,0.2088980110967334,0.1759898687315882,0.2055593047587095,739632000
2000-05-25,0.2003132700920105,0.2184371618739768,0.1978096926182745,0.2061555558038605,569184000
2000-05-26,0.2013269513845443,0.206870705440307,0.1888667713601428,0.2013269513845443,183456000
2000-05-30,0.2096132338047027,0.214859370023128,0.2057983482767172,0.2067516057200781,303648000
2000-05-31,0.2177210003137588,0.221298704073235,0.2088980608694742,0.2088980608694742,469536000
2000-06-01,0.223802238702774,0.2261867738489641,0.2181980516734346,0.2241602901255676,418992000
2000-06-02,0.2509880661964416,0.2537297248384371,0.2284522500162559,0.2284522500162559,592176000
2000-06-05,0.256382554769516,0.268991968626236,0.2406139102414844,0.2506300166185083,491904000
2000-06-06,0.2435954809188842,0.2668455444614995,0.2422832442945601,0.2573074312240156,375888000
2000-06-07,0.2327452003955841,0.2438336359231508,0.2291674960450806,0.2418071516080941,332352000
2000-06-08,0.2345335781574249,0.2389454984480592,0.2251135900316119,0.2387065154524505,460704000
2000-06-09,0.2412100732326507,0.2518223431661072,0.2353678025343725,0.2389455066395878,467280000
2000-06-12,0.2347716838121414,0.2443107277321088,0.2294065054778134,0.2422833155473776,380016000
2000-06-13,0.2421642541885376,0.2422832953948131,0.2270219507613898,0.228214218578851,447840000
2000-06-14,0.2419261485338211,0.2480065009527445,0.2387367068921786,0.2466952193454948,275088000
2000-06-15,0.2482455372810363,0.2482455372810363,0.2282142206124302,0.2412100709330105,338592000
2000-06-16,0.2856844961643219,0.2861615886108489,0.2472912170089225,0.2473507648706272,987840000
2000-06-19,0.3035694658756256,0.3267013880562955,0.2778148989971264,0.284969404742411,1052160000
2000-06-20,0.2995156049728393,0.3123933401785256,0.2957007468931801,0.3088165644805395,610272000
2000-06-21,0.32992023229599,0.3357634309859543,0.2948656522526337,0.2948656522526337,614880000
2000-06-22,0.3119162917137146,0.3352863295225277,0.3088166082173086,0.3284898734459969,614352000
2000-06-23,0.2824658751487732,0.3073853021468026,0.2823459333651285,0.3035695159964063,607392000
2000-06-26,0.3165662884712219,0.3183546900302824,0.2835381969855516,0.2880691581289035,618288000
2000-06-27,0.2718535959720611,0.3190707261895825,0.2635068224756884,0.3138236627699634,604608000
2000-06-28,0.261361300945282,0.2880691261796636,0.2537297296013241,0.2775768276697923,586608000
2000-06-29,0.2236832231283188,0.2568303695529894,0.2193903443624993,0.2568303695529894,1184880000
2000-06-30,0.2425222396850586,0.2465761074461729,0.2227290109940004,0.2341754666474669,1209192000
2000-07-03,0.2332222312688827,0.2518222936260916,0.2308367954723969,0.2441916226697874,232680000
2000-07-05,0.2081828713417053,0.2327451457709368,0.2012673615161131,0.2322680531389447,777936000
2000-07-06,0.2208216339349746,0.2284523064334597,0.2034129350776377,0.2084209894661749,603936000
2000-07-07,0.222013920545578,0.2327452053617091,0.2174829448426447,0.2289294184965222,346560000
2000-07-10,0.2334603667259216,0.2389455139669915,0.2160525816604828,0.2181981071108683,351264000
2000-07-11,0.2522993981838226,0.2642229480933127,0.2277370960529856,0.2303606416342443,755304000
2000-07-12,0.2594529390335083,0.2725687546920633,0.2544457867368603,0.2627916318588349,388152000
2000-07-13,0.2837772667407989,0.2852076172745375,0.264461121264027,0.2649382140677899,458736000
2000-07-14,0.2816308438777923,0.2949847485814951,0.2747153451210741,0.2895005009634614,280200000
2000-07-17,0.2785311341285705,0.2861618082076191,0.2775769485032872,0.2859237257400819,105552000
2000-07-18,0.2730458676815033,0.2861616843208904,0.2632687441171182,0.2632687441171182,183672000
2000-07-19,0.2556380927562713,0.2651762068034072,0.2501529464758449,0.2632687641113258,189504000
2000-07-20,0.2625536024570465,0.2689920064727727,0.2546839204414441,0.2553990955027406,142992000
2000-07-21,0.2658923268318176,0.270899452915191,0.2594529948519709,0.26326878106864,251928000
2000-07-24,0.2432375252246856,0.2680379175141906,0.2327452226542799,0.2661304742333474,281112000
2000-07-25,0.2341755181550979,0.2489606971918482,0.2336984254775402,0.2470532543589216,335304000
2000-07-26,0.2167677283287048,0.2341755111068712,0.2103293243592286,0.2341755111068712,380064000
2000-07-27,0.2012673765420913,0.212713848119835,0.1984057620589689,0.2098522336367126,331560000
2000-07-28,0.2060364931821823,0.2210597586343666,0.190774231033944,0.2022207059096782,512664000
2000-07-31,0.2289294153451919,0.2294065080927687,0.2060364683525701,0.217482941848881,371232000
2000-08-01,0.2243984192609787,0.2308368374278399,0.2227290723805213,0.2289293944887496,350616000
2000-08-02,0.2289294153451919,0.2326252603533909,0.2177210379292056,0.2212987423067982,345432000
2000-08-03,0.2389454394578933,0.2441916020519498,0.2060363947376135,0.2060363947376135,368664000
2000-08-04,0.2432375252246856,0.2480065700750394,0.2394217380759922,0.2446688035934598,194784000
2000-08-07,0.2623146176338196,0.2644610709032325,0.2439526612612041,0.2449068466870261,246936000
2000-08-08,0.2565913200378418,0.2708994036606458,0.2556380627423391,0.2565913200378418,128112000
2000-08-09,0.2489607185125351,0.2615994455212926,0.2453839422310068,0.259930112236042,136248000
2000-08-10,0.2518224120140075,0.2575456430685381,0.2384685064158048,0.2432375517869526,156432000
2000-08-11,0.2458610236644745,0.2542068992092168,0.2341755534544392,0.2522994560887646,131928000
2000-08-14,0.2482455372810363,0.2513452480585858,0.2403758546042953,0.2489607124024153,108576000
2000-08-15,0.2716750800609588,0.2766226856103878,0.2487226157405574,0.2494377908209701,443328000
2000-08-16,0.2785311341285705,0.2863998906751563,0.2701843568917759,0.2863998906751563,266232000
2000-08-17,0.2837772667407989,0.2852076172745375,0.2737611560754615,0.2747153416829871,129816000
2000-08-18,0.2937924563884735,0.2971311779050853,0.2821079135388461,0.2825849790189171,204720000
2000-08-21,0.298323392868042,0.3097698795742262,0.2976082177125998,0.3045237153053081,464472000
2000-08-22,0.2701843082904815,0.2890233852157968,0.2675616901090649,0.2828230628124324,658872000
2000-08-23,0.2859236299991607,0.2863997947747925,0.2604071691883517,0.2658923155901739,352800000
2000-08-24,0.293554276227951,0.2964159040214416,0.2790081094742083,0.2842542451589063,332616000
2000-08-25,0.2861617505550384,0.2966540515185016,0.2847314002828511,0.2904546298358497,153048000
2000-08-28,0.2976080775260925,0.3014238896867108,0.2842541813603789,0.287592901016299,189264000
2000-08-29,0.2968931794166565,0.2995157988213675,0.2937925664752804,0.2988006233362493,149376000
2000-08-30,0.2995156049728393,0.3035695006019111,0.2904545836012774,0.2935542939491914,178080000
2000-08-31,0.3028543293476105,0.3147778794204853,0.2980852586369524,0.304046597025275,388896000
2000-09-01,0.3033314347267151,0.311916264511587,0.2999927139382112,0.3090546636801325,204144000
2000-09-05,0.3038085103034973,0.3107240345073313,0.3016620844611438,0.3104859248141992,246144000
2000-09-06,0.2828230261802673,0.305000766862374,0.280438490732414,0.305000766862374,230136000
2000-09-07,0.2980852425098419,0.2985623351305447,0.275192301605176,0.2871158783234646,239760000
2000-09-08,0.280438482761383,0.3014239824135909,0.2794842974584509,0.2947465683380811,222648000
2000-09-11,0.2689920663833618,0.2785311109180713,0.2584997914708872,0.2768617501517199,285888000
2000-09-12,0.2673227190971374,0.2833001409656133,0.2632688225532843,0.2692301622126442,125976000
2000-09-13,0.2672036588191986,0.2716155792883649,0.2608842680800767,0.2666075248957862,239976000
2000-09-14,0.2646999955177307,0.2804384281041657,0.2613612754854358,0.2685148802314338,216336000
2000-09-15,0.2704828977584839,0.274238264025115,0.2613614242906099,0.2632688677334574,242592000
2000-09-18,0.2546839118003845,0.2728078106725149,0.2518223110655138,0.2711384503346067,163488000
2000-09-19,0.2625536024570465,0.2632687775183429,0.2403758344101156,0.2429993801379136,301104000
2000-09-20,0.2539688050746918,0.260407237894259,0.2499149355619603,0.2553991555334839,227568000
2000-09-21,0.2648786902427673,0.2706614413880187,0.2556381761590667,0.2558762586192886,346824000
2000-09-22,0.2694691717624664,0.2728078934513603,0.2384684831796589,0.2387065656384942,387264000
2000-09-25,0.2887852787971496,0.2928391752053066,0.275669458689168,0.2778149841682552,467568000
2000-09-26,0.2957007586956024,0.2990394521451738,0.2785310447938696,0.2918849452959017,337344000
2000-09-27,0.3119162917137146,0.325747313572679,0.2933162531090185,0.2933162531090185,676128000
2000-09-28,0.3214553296566009,0.3233627725803953,0.3014240132575698,0.3090546855395859,333816000
2000-09-29,0.3123933672904968,0.3243169455403547,0.3071472308337997,0.3123933672904968,373872000
2000-10-02,0.3050007224082947,0.3290859296532996,0.297131068856579,0.3166852882601454,340584000
2000-10-03,0.2885463237762451,0.3090547362399636,0.2861617877609821,0.3066702002247007,300264000
2000-10-04,0.285207450389862,0.289977420468351,0.2770996883931897,0.2809155007129797,419568000
2000-10-05,0.2785311341285705,0.2873540763004397,0.272568893077417,0.2873540763004397,525048000
2000-10-06,0.2611224055290222,0.2811537246404749,0.2573075191648633,0.2792462814583954,1027176000
2000-10-09,0.2668456435203552,0.2708995130345609,0.2365601039336192,0.2544458979459905,665256000
2000-10-10,0.2465761005878448,0.2685148807203336,0.2441915929586727,0.2556380482937647,415944000
2000-10-11,0.2487225532531738,0.2623145332944709,0.2222519123171668,0.2315528429540422,535776000
2000-10-12,0.2389454394578933,0.2689919560059811,0.2365600038628171,0.2542068073724438,401616000
2000-10-13,0.2484835833311081,0.2556380898394361,0.238050832004495,0.2406139290965707,578976000
2000-10-16,0.2427604794502258,0.2484837109881738,0.2370372479122778,0.2484837109881738,339216000
2000-10-17,0.2251136153936386,0.2427604116027476,0.2224910107374845,0.2418071539828905,463248000
2000-10-18,0.2215367704629898,0.2344145054015919,0.200551271724906,0.2105673924018705,416952000
2000-10-19,0.2429993152618408,0.2460990249514189,0.2322680079888189,0.2358448102176481,294888000
2000-10-20,0.2656533420085907,0.2718536643073059,0.2356068165394259,0.2372761771164247,387360000
2000-10-23,0.2596920728683471,0.2694691730648842,0.2513452958962859,0.2677998395028846,182112000
2000-10-24,0.2513452470302582,0.2627917058539135,0.2503919894981067,0.2584997545563491,193968000
2000-10-25,0.2294065207242965,0.248006561890319,0.2277371599545802,0.2444297851932233,385512000
2000-10-26,0.2391835749149322,0.2480064863929981,0.2146212733692432,0.2308368008977623,265776000
2000-10-27,0.2336984276771545,0.2453244029256393,0.2251135839679895,0.2394216841071071,210960000
2000-10-30,0.2172448188066482,0.2350701734704683,0.217005808538815,0.2298835578707614,192120000
2000-10-31,0.2370966374874115,0.2408529026733679,0.2189141471212404,0.2258296431029094,299256000
2000-11-01,0.2370371520519256,0.2403758457074254,0.2232061580371862,0.2313139228285126,304536000
2000-11-02,0.2551610469818115,0.2613613694259865,0.2413300517809834,0.2453839481695467,192888000
2000-11-03,0.2718535959720611,0.2766226389156857,0.2499148413139993,0.2518222838322207,268632000
2000-11-06,0.2928391695022583,0.3052388863316486,0.2766227108890595,0.2782920714807793,635040000
2000-11-07,0.2730458676815033,0.2880691268681091,0.2632687441171182,0.2880691268681091,258240000
2000-11-08,0.2649382650852203,0.2761466459795146,0.2608843672889285,0.2761466459795146,187080000
2000-11-09,0.2372760772705078,0.2613612533134662,0.2255905990845391,0.2489606139342324,564528000
2000-11-10,0.2243984192609787,0.2575455687998433,0.2184371074434843,0.2453839348741206,805248000
2000-11-13,0.2253525853157043,0.2499148749937056,0.2060364318871648,0.2131909387891803,530040000
2000-11-14,0.2666074335575104,0.2685148758834754,0.2384683609955075,0.2403757760309709,470736000
2000-11-15,0.2630901932716369,0.2701842511446231,0.2511071231200551,0.2618384050518682,423864000
2000-11-16,0.2465761005878448,0.2623145332029357,0.2441915929586727,0.2556380482937647,235536000
2000-11-17,0.2418070435523986,0.2611222773898301,0.2336983535738934,0.2484835280615831,178776000
2000-11-20,0.2232061922550201,0.2329832917276851,0.2205826596469828,0.2328642505065056,298752000
2000-11-21,0.2189141809940338,0.2346526179885497,0.2074677224738157,0.2327451750974543,382512000
2000-11-22,0.2074677050113678,0.2165287265988991,0.1984057555465818,0.2098522267486113,409752000
2000-11-24,0.219390332698822,0.2274990107853362,0.2098522188197208,0.2098522188197208,165072000
2000-11-27,0.211997777223587,0.2365600692634902,0.2032343575720468,0.2351297190138093,363864000
2000-11-28,0.19619981944561,0.217482924690016,0.1914902823503178,0.215217443871104,382344000
2000-11-29,0.1840977221727371,0.1993590831645846,0.1693125533811597,0.1991209870644496,636408000
2000-11-30,0.1545273214578628,0.1683583138908588,0.138788886364141,0.1683583138908588,981624000
2000-12-01,0.1697895526885986,0.186005077985239,0.1631121398520322,0.1640663249779225,784080000
2000-12-04,0.1724121570587158,0.1764660380793157,0.1592963425877265,0.1708627661915166,474264000
2000-12-05,0.1836206018924713,0.191251273856195,0.1674050726042534,0.1845747736079871,997224000
2000-12-06,0.1573889553546905,0.1850509573129231,0.1564347836120703,0.1800438037199192,950928000
2000-12-07,0.1545273214578628,0.1628740819325675,0.1416505006485869,0.1497582645126911,785184000
2000-12-08,0.1898209601640701,0.190774217830687,0.1545868866264308,0.1705048023259003,853392000
2000-12-11,0.1898209601640701,0.193635832940257,0.1788515788525854,0.1836206371728775,757632000
2000-12-12,0.1845747679471969,0.1883896398734041,0.1783744463374786,0.1850509463809226,409512000
2000-12-13,0.1702666729688644,0.1869592799005499,0.1669279660070808,0.1838586689657084,675072000
2000-12-14,0.1585812270641327,0.1705047786164417,0.154527344526886,0.1690735141445649,569016000
2000-12-15,0.1428427249193191,0.1578659804378279,0.1421266358916859,0.1485659517502456,1094424000
2000-12-18,0.1475523263216018,0.1526199012164404,0.1454653936931178,0.1488041011024942,658872000
2000-12-19,0.1364034414291381,0.1631121698025573,0.1335418270483528,0.1497582695544737,946200000
2000-12-20,0.1216192319989204,0.1483270551203621,0.1149418156910926,0.1294879885178081,1105392000
2000-12-21,0.1063568890094757,0.1364034013547759,0.1049256251235791,0.1199497955279589,845256000
2000-12-22,0.1337808221578598,0.14594246822626,0.1149417757473711,0.1149417757473711,949080000
2000-12-26,0.1282956600189209,0.136880515650704,0.1197108180323896,0.1354501657688864,343824000
2000-12-27,0.1368805766105651,0.1421267279969002,0.1216192288956065,0.1268653666366836,339456000
2000-12-28,0.1375956982374191,0.1411734016045164,0.1292498523736017,0.1313962915474749,419232000
2000-12-29,0.1250164806842804,0.1418885762579816,0.1220953459445381,0.1373576155528597,495168000
2001-01-02,0.1142266020178794,0.1275805098874995,0.1137495161614157,0.1259111630945892,290808000
2001-01-03,0.1492811739444732,0.1504734416085822,0.1077872681939285,0.11064888934061,910368000
2001-01-04,0.1664509177207946,0.170266718339988,0.1426037978703687,0.1466576809346928,815448000
2001-01-05,0.1415305137634277,0.1657356593720534,0.1383117629813448,0.1650195702861613,432768000
2001-01-08,0.1550045013427734,0.1612048260362502,0.1375957819358039,0.1375957819358039,573768000
2001-01-09,0.1581041812896728,0.1612048072132394,0.1495193209611602,0.157150923472648,302904000
2001-01-10,0.1690735071897506,0.1697895965122848,0.1464195734294446,0.1499963631138499,392928000
2001-01-11,0.1831435114145279,0.1902980050159602,0.1621580102379105,0.1650196248320702,447648000
2001-01-12,0.1793277263641357,0.1974516144540911,0.1774202833383104,0.1862432239043139,669000000
2001-01-16,0.1652586311101913,0.1802818924528099,0.1623970029401035,0.1802818924528099,414984000
2001-01-17,0.1712199598550796,0.1831435254787469,0.1705047847096356,0.1778973749284256,592584000
2001-01-18,0.2040694653987884,0.20889804283203,0.1674050528037254,0.1712199243957124,948168000
2001-01-19,0.1986438781023025,0.217482927296073,0.1955441672666306,0.2098522547682835,1018704000
2001-01-22,0.1907741725444793,0.2003132011529082,0.1852899403067063,0.1926825295344243,377712000
2001-01-23,0.2097927033901214,0.2136671093970506,0.1874363745291422,0.1883896319432399,433632000
2001-01-24,0.2088980227708816,0.2117596367173488,0.1967363784111092,0.2096131976995336,451728000
2001-01-25,0.1879125386476516,0.2022206229620608,0.1836205745628643,0.2017444445846042,440016000
2001-01-26,0.1938748210668563,0.196140301921341,0.1761089848026282,0.1774202802222594,259248000
2001-01-29,0.1948280781507492,0.195067074802317,0.1812360799984955,0.1879125807488384,354168000
2001-01-30,0.1991209387779235,0.2032938622237185,0.1941128848327973,0.1979286846828781,243720000
2001-01-31,0.196974515914917,0.2069906382932697,0.1926825509093863,0.1993590515961727,358344000
2001-02-01,0.1979881674051284,0.1993589966810326,0.188389606132957,0.1969744616566174,371856000
2001-02-02,0.1788515746593475,0.2026977662886994,0.1774202963767466,0.1981668041671767,320520000
2001-02-05,0.1786125153303146,0.1798047829665999,0.1681202299158783,0.1786125153303146,367584000
2001-02-06,0.1795667260885238,0.1831435158600273,0.1748571891139791,0.1752738333317937,250440000
2001-02-07,0.1712199598550796,0.1798048179420739,0.1616818441999574,0.1783744676511858,720384000
2001-02-08,0.1702666729688644,0.1819512262805012,0.1695505837145866,0.1721741156540716,384288000
2001-02-09,0.1690735071897506,0.1700276925619217,0.1628740995478565,0.1688354247853684,259608000
2001-02-12,0.1645435243844986,0.169073573336035,0.1564348422391086,0.1671661297227689,354336000
2001-02-13,0.1695506870746612,0.1774203598133278,0.1657357993786468,0.167643243226654,467736000
2001-02-14,0.1819512695074081,0.1869593243172409,0.1602505901549013,0.1674050984188043,690888000
2001-02-15,0.2153364717960357,0.2189141756706627,0.2055593603520225,0.2069906247482845,1108512000
2001-02-16,0.2270219922065735,0.232745222635652,0.2041290568450017,0.2043671393010171,1081176000
2001-02-20,0.2043671458959579,0.2260678275679479,0.2041290634322595,0.2212987689188203,701304000
2001-02-21,0.2136671245098114,0.2222519681715941,0.1945899807006393,0.1967364201740984,646512000
2001-02-22,0.2227291017770767,0.228929424703645,0.2060364767751776,0.2124748957918036,815304000
2001-02-23,0.2073477506637573,0.2251135857513128,0.2003132125009394,0.2215367960688405,1034664000
2001-02-26,0.2026977390050888,0.2069906317523343,0.1938748126235406,0.201267388792483,751824000
2001-02-27,0.1905360668897628,0.2055593259016645,0.1893437993269702,0.197689644976014,533832000
2001-02-28,0.1705048084259033,0.2003132558699362,0.1669280179690348,0.1891048774779458,784056000
2001-03-01,0.1839776784181594,0.1869592476477996,0.1526198544271728,0.1683582870078203,915288000
2001-03-02,0.1662723571062088,0.1829054479966758,0.1640663966079112,0.1707428981275507,1413504000
2001-03-05,0.1678812056779861,0.1721740974675369,0.1588201852629386,0.1597734425662345,742296000
2001-03-06,0.1840977221727371,0.190059048674594,0.1734854778388822,0.1764661342671819,834408000
2001-03-07,0.1988828927278518,0.1993590712544163,0.1848128863737414,0.188151594162413,938280000
2001-03-08,0.2055593729019165,0.2077058125113268,0.1931596427740551,0.1931596427740551,829344000
2001-03-09,0.1910132318735122,0.195782290627317,0.1731283507257449,0.1948281186417337,1216776000
2001-03-12,0.1840977221727371,0.1931596742078503,0.1759899557121694,0.1845748149600098,762144000
2001-03-13,0.2060364931821823,0.2088981221350594,0.1855280795785195,0.1864822651886627,1082352000
2001-03-14,0.2177210003137588,0.2184370896048698,0.1967364142916744,0.1967364142916744,1351128000
2001-03-15,0.2284522950649261,0.2431779538880986,0.2227290658291529,0.2310758409216927,1875984000
2001-03-16,0.2274990230798721,0.2336984167337513,0.2181980768445138,0.2248754910353702,1225200000
2001-03-19,0.2406139820814132,0.2422833154489925,0.213965669786405,0.2263058801459874,943896000
2001-03-20,0.2181981354951858,0.2527765692226121,0.2155755169777517,0.2377523764321232,1990560000
2001-03-21,0.2344146072864532,0.2408530136155062,0.2174829830890288,0.218675251245334,1877352000
2001-03-22,0.2580225765705108,0.2589767616646444,0.2346525466521487,0.2365599889633652,1697760000
2001-03-23,0.2556380927562713,0.2675616427245469,0.2427603575033371,0.2627916714689965,1509672000
2001-03-26,0.2694691717624664,0.2708995222705447,0.2556381746702517,0.2556381746702517,1542960000
2001-03-27,0.2596920728683471,0.2735230700274108,0.2484836669887649,0.2642230353378678,1702152000
2001-03-28,0.2598703801631927,0.2666073102987277,0.2518221420271211,0.2525373165840839,1433280000
2001-03-29,0.2637459635734558,0.2728079165256815,0.2522995016115759,0.2576051603767022,1632960000
2001-03-30,0.2477089166641235,0.2668455952490313,0.2460991040709945,0.2618384416697111,1423176000
2001-04-02,0.2372760772705078,0.2530145085218098,0.2341754398419523,0.2470531717391942,1265160000
2001-04-03,0.2451449632644653,0.2515842966794808,0.2334603929086519,0.2336984753595963,1991616000
2001-04-04,0.2198674827814102,0.2363220114001901,0.2053212979064476,0.2358449186416074,3362472000
2001-04-05,0.2401376962661743,0.2439525809589647,0.22797515188759,0.2344144686404229,1724760000
2001-04-06,0.2391835749149322,0.2518222995446799,0.2329832264974027,0.2370371220247856,1547664000
2001-04-09,0.2275557965040207,0.2497234799504939,0.2237784627941449,0.2438097907405424,1097160000
2001-04-10,0.2490367293357849,0.2564009375550901,0.2308753029360949,0.2330116860895048,1186416000
2001-04-11,0.2640700042247772,0.2739524422547923,0.2567827295716157,0.2643749483387377,1426872000
2001-04-12,0.268037885427475,0.2794843449162967,0.2542261026741867,0.259186562605488,1440264000
2001-04-16,0.261513352394104,0.2688015558144132,0.2567058562714286,0.2632687871159192,764112000
2001-04-17,0.2743332684040069,0.2764320986236013,0.2575454375683982,0.2576598939110066,1112448000
2001-04-18,0.2947850525379181,0.3220276408154072,0.2858943500553182,0.2858943500553182,2301864000
2001-04-19,0.3201192915439605,0.325194207478844,0.2951284437295789,0.2964635500560615,1632264000
2001-04-20,0.3317946195602417,0.3433555593649681,0.30790997036084,0.3162658860720713,1773840000
2001-04-23,0.3142815232276916,0.3248892061146521,0.3109620699281314,0.3245833614237913,1239000000
2001-04-24,0.2920379638671875,0.3368696767670299,0.2871159829180452,0.3134043908284984,1828320000
2001-04-25,0.305467814207077,0.3158841108208912,0.2916945119014427,0.292800705452473,1423728000
2001-04-26,0.2813926339149475,0.3121067045211261,0.2785310062306875,0.3121067045211261,1486008000
2001-04-27,0.3014240860939026,0.3026831886698087,0.2865812106274842,0.292266889617486,915672000
2001-04-30,0.3178299367427826,0.3355719576611913,0.3030639999218429,0.3096269296076419,1583280000
2001-05-01,0.347514659166336,0.3483543604887887,0.3138235846395696,0.3189745023296149,1867368000
2001-05-02,0.3395406603813171,0.356557435195359,0.334999629846153,0.356557435195359,1547784000
2001-05-03,0.3380526900291443,0.3395782840503552,0.3272160929355791,0.3292764444761207,960504000
2001-05-04,0.3427072763442993,0.3480871089034468,0.3266062309936015,0.3281317977199011,953520000
2001-05-07,0.3580840826034546,0.3605638625083477,0.3374035216293967,0.3414097964716725,975600000
2001-05-08,0.3321765065193176,0.3635398490749201,0.3291244180596478,0.3633869130722734,1620144000
2001-05-09,0.3166093826293945,0.3285896994002143,0.3143960947552869,0.3216073671334582,1319040000
2001-05-10,0.3059640526771545,0.3296197600694358,0.3021867197042453,0.3257664230482536,998904000
2001-05-11,0.2981421947479248,0.3071473569305162,0.2920380148851812,0.3052014609535443,921216000
2001-05-14,0.3006988167762756,0.3042472113674233,0.2882606188973819,0.299020286379937,702432000
2001-05-15,0.3114968240261078,0.324316893444133,0.2998974315983922,0.3033313958205002,1242600000
2001-05-16,0.3261859118938446,0.3281318070905633,0.3024157144026711,0.3043616095993898,957096000
2001-05-17,0.3319476246833801,0.3414866403156908,0.3222181212926882,0.3272545575851654,919056000
2001-05-18,0.3292764127254486,0.3395782513063222,0.3227903872937477,0.3308413867999097,575832000
2001-05-21,0.3441568911075592,0.3510247664387198,0.3219507390377313,0.3285521498228276,1064688000
2001-05-22,0.3544585704803467,0.3578925068514,0.3357632950733973,0.3491931959199646,1049976000
2001-05-23,0.3514451682567596,0.3815493914295778,0.3472099530235449,0.3683859473180695,2244912000
2001-05-24,0.3566335141658783,0.3656762242305432,0.3386250259806326,0.349117298706516,1680576000
2001-05-25,0.3498800098896026,0.3546499802863004,0.343393985434978,0.3494606094544598,947952000
2001-05-29,0.3355345427989959,0.347972741111851,0.3308030496500584,0.347896737025796,920568000
2001-05-30,0.3292764127254486,0.3442712904847822,0.3258424756286595,0.3276363624686029,3308904000
2001-05-31,0.3266437947750091,0.3338550669501843,0.3195854586289501,0.3319091715747259,1262928000
2001-06-01,0.3447291553020477,0.3475147792319653,0.3269871327060017,0.3288955032855994,1022472000
2001-06-04,0.3393877744674682,0.3467895330702051,0.3348476438491639,0.3449580944350291,621552000
2001-06-05,0.3572058379650116,0.3607542592153811,0.3384336514195629,0.3390059607012455,987168000
2001-06-06,0.3587324023246765,0.3634254426931226,0.3533140892812142,0.3585419145435352,698976000
2001-06-07,0.3789927065372467,0.3800228689482056,0.3529332108043512,0.3555658996255548,1141152000
2001-06-08,0.3691486418247223,0.3784202926664241,0.3652183989148188,0.3778479833648681,712680000
2001-06-11,0.3583504855632782,0.3701027880079144,0.3526272294113931,0.3696824868959574,581928000
2001-06-12,0.3702934086322784,0.3756347910177168,0.3500716247707653,0.3508344220866423,1102728000
2001-06-13,0.3578550517559051,0.3786491617041373,0.3546500274809091,0.3730019100777956,938712000
2001-06-14,0.3570912182331085,0.3631963208140836,0.3481629682823625,0.353237881878906,946152000
2001-06-15,0.362662672996521,0.3689582400584491,0.3463702354687406,0.3529331949978331,1094544000
2001-06-18,0.3483161032199859,0.3676221762080938,0.3443483082531285,0.361746938129809,856656000
2001-06-19,0.3292764127254486,0.3631579581623756,0.3222180780895359,0.35487897376794,1513128000
2001-06-20,0.3434324860572815,0.347209819555065,0.3164948464331364,0.323209784563238,1759200000
2001-06-21,0.3499185144901275,0.3559851394160557,0.3329017377329679,0.3420589306036665,1484568000
2001-06-22,0.3483544588088989,0.3574731718176828,0.3437758761434801,0.3481630704948025,761184000
2001-06-25,0.3476677536964416,0.3536958998928302,0.3375179217586794,0.3522463371580172,640032000
2001-06-26,0.3577021956443786,0.3594191781912969,0.3386250635993156,0.3399601700152789,757920000
2001-06-27,0.3466376364231109,0.356748062969933,0.340571009344003,0.3559852657630838,895752000
2001-06-28,0.3507197797298431,0.3557946951856924,0.3472098384178411,0.3512921162499366,909336000
2001-06-29,0.3538864552974701,0.3594192252119754,0.3480111894156623,0.3519790120194907,730920000
2001-07-02,0.3382046818733215,0.3427457131517473,0.33309224194981,0.3398841124115739,1040016000
2001-07-03,0.3425167798995971,0.346065173338252,0.334160863664615,0.3358778185479781,406296000
2001-07-05,0.3176778852939605,0.3405323424657507,0.3172575570008904,0.3384335392124814,1020096000
2001-07-06,0.3079099953174591,0.3153502060567356,0.3018048907285948,0.3129079786457469,802824000
2001-07-09,0.2978371083736419,0.3112679405531066,0.2949370280246069,0.3039037335858884,1014072000
2001-07-10,0.3002793490886688,0.3058111897613912,0.2966540233462203,0.3018049158094997,1221744000
2001-07-11,0.2997069954872131,0.3045145184978023,0.29043537320662,0.2991346862640873,904632000
2001-07-12,0.3154261410236358,0.3176394278922532,0.3061929460413384,0.3138236155527775,981552000
2001-07-13,0.3089018166065216,0.3165334184232957,0.302377336450232,0.3130994800625898,690144000
2001-07-16,0.2840628623962402,0.3090546342438088,0.2825372958356583,0.3054302094688617,1191696000
2001-07-17,0.2999359667301178,0.3027206630674021,0.2766226938915217,0.2792938617077199,1169904000
2001-07-18,0.2895572483539581,0.3008892515412277,0.2834146179620841,0.2928007257470719,840984000
2001-07-19,0.2942126095294952,0.3064603121317249,0.2892521521585772,0.2937547295538714,840024000
2001-07-20,0.2857422530651092,0.2934113753359708,0.2766226133262614,0.2868868985874842,742464000
2001-07-23,0.2586902379989624,0.2865436177624882,0.2583468414747106,0.2861617689055121,1547976000
2001-07-24,0.2762034237384796,0.2764323366207811,0.2566299531946585,0.2621626967799462,1365312000
2001-07-25,0.2735321521759033,0.2762417723142356,0.2643374336096425,0.2757069874839362,1245888000
2001-07-26,0.3014240860939026,0.303331529478613,0.2695644271698326,0.2709380134639242,1714152000
2001-07-27,0.3090546429157257,0.3123741236728348,0.291884929918544,0.3008516351839657,1094688000
2001-07-30,0.3016904294490814,0.3106955868368956,0.2983709487661586,0.3094364847670308,582288000
2001-07-31,0.3086729049682617,0.3100089394837273,0.2911222374899442,0.3021108730359506,1187760000
2001-08-01,0.3275220692157745,0.3291245685343366,0.3125647357430417,0.3147395718413873,1204944000
2001-08-02,0.3353055417537689,0.336487711999263,0.3204626708502111,0.3316802160288525,1097928000
2001-08-03,0.3326729238033294,0.3378238173272409,0.3256905638706521,0.3319476783881461,820344000
2001-08-06,0.3427457809448242,0.34614126655394,0.3267582889624589,0.3303066833150876,1292568000
2001-08-07,0.3376710414886474,0.3443484598438551,0.3336647651348825,0.342669028228714,1088616000
2001-08-08,0.3290861546993255,0.3433942483819049,0.3275981116463922,0.3347333826079104,1125696000
2001-08-09,0.3233241736888885,0.3340078305102898,0.3174489115612847,0.327559358765116,1643616000
2001-08-10,0.3229433596134186,0.32736900691052,0.3132514081735993,0.3231722724046479,1036488000
2001-08-13,0.336487740278244,0.3401506180506364,0.3235916912929313,0.3284752190303326,1514784000
2001-08-14,0.3275594711303711,0.3325199028894995,0.3234011892507351,0.3303835474012395,2321160000
2001-08-15,0.327941358089447,0.3388915116539164,0.3250412774182458,0.3349621693820833,1816392000
2001-08-16,0.3417531549930572,0.3422494875675489,0.3206156695959863,0.3219132243651502,1026096000
2001-08-17,0.3196238279342651,0.337441853156286,0.3169142082850008,0.3330922106158108,1668840000
2001-08-20,0.3174106478691101,0.3208445859680398,0.3076811429435522,0.3176011083670274,1183320000
2001-08-21,0.3107331991195678,0.3266062610199465,0.310237794469767,0.3182118635181111,1186656000
2001-08-22,0.323515772819519,0.323859169407197,0.3061931438254772,0.3162275943796636,1498104000
2001-08-23,0.3163419663906097,0.3265677753278983,0.3147779199323444,0.322408592336405,1013592000
2001-08-24,0.3253845572471618,0.3319090336874281,0.3178683440136747,0.319738234536457,1110936000
2001-08-27,0.3366406559944153,0.3409518468802316,0.3168767328459058,0.3180973827372853,1279608000
2001-08-28,0.3322526216506958,0.3432037054810588,0.3296584124545014,0.3357250396638726,1178760000
2001-08-29,0.3215697705745697,0.3352670680458927,0.3187841737458885,0.3331682641652344,1435800000
2001-08-30,0.3205395042896271,0.3227903430558649,0.3081004114253438,0.3155406210939716,1431312000
2001-08-31,0.3232098519802093,0.326148385102663,0.3142055933064521,0.3184023281737477,887904000
2001-09-04,0.300737202167511,0.3223325636994218,0.2984854623019229,0.3223325636994218,1856136000
2001-09-05,0.3071472644805908,0.3094365563868466,0.2882605926087242,0.3004698492464543,2395584000
2001-09-06,0.2945937216281891,0.3105812425896025,0.2932201626807372,0.3010806772183684,1950768000
2001-09-07,0.2976841926574707,0.3021867991979304,0.2884510219527698,0.2899775165877773,1970256000
2001-09-10,0.2890617549419403,0.2997069618272893,0.283071134542977,0.2951659311279417,1872360000
2001-09-17,0.2593770027160644,0.2776913637501488,0.2580794208393124,0.2710524013937971,1138596000
2001-09-18,0.2437337189912796,0.266320783037632,0.2378575558608414,0.2644133408433117,894372000
2001-09-19,0.2407577633857727,0.2479305565564661,0.2064943452617262,0.2451074074305187,1561908000
2001-09-20,0.2203829884529113,0.2361791033153055,0.2136671217458341,0.2278607379368604,1470696000
2001-09-21,0.2058075517416,0.2158044491850344,0.1984818088989103,0.2033653372650465,1226304000
2001-09-24,0.2289294153451919,0.232287349221913,0.2122935689378886,0.2221375435131545,1507500000
2001-09-25,0.220001146197319,0.2395361432052346,0.2193143532347354,0.2296161794472152,941724000
2001-09-26,0.212064579129219,0.2235879674944356,0.2098522061305921,0.2228242563626002,430812000
2001-09-27,0.2003132700920105,0.2136671888121384,0.1946660433523805,0.2113018787441742,907296000
2001-09-28,0.209623321890831,0.2198482164484191,0.1972611300834891,0.2060364482508332,1044876000
2001-10-01,0.1918428689241409,0.2129043789655595,0.1884849347153066,0.2094704406706129,972804000
2001-10-02,0.1822277903556823,0.1991685649731227,0.1729176877242331,0.1915378929871316,1123032000
2001-10-03,0.2180937081575393,0.2296161845351557,0.1813120771309659,0.1813120771309659,1798824000
2001-10-04,0.2464040070772171,0.2579273969090706,0.221756557231206,0.2296921731011686,1980576000
2001-10-05,0.2510594427585602,0.2570876139357344,0.2334318813531759,0.2426650488092384,1078212000
2001-10-08,0.2567058801651001,0.2662448965203628,0.2411386626439661,0.2411386626439661,765900000
2001-10-09,0.2455651462078094,0.2625059161319554,0.2382394204011119,0.257392549421395,917556000
2001-10-10,0.261361300945282,0.2632687434879421,0.2396130337296533,0.2412155321716513,968124000
2001-10-11,0.289671778678894,0.2904355038619646,0.2738756440312695,0.2753261351329381,918000000
2001-10-12,0.3085208535194397,0.3090547105242149,0.2813542399843434,0.2823459772072006,1253100000
2001-10-15,0.3071472644805908,0.3166853803653883,0.2911221938462878,0.2995156637779575,908568000
2001-10-16,0.3380526900291443,0.3404939897815939,0.3004313591654853,0.306765377088761,1383852000
2001-10-17,0.3182117640972137,0.3456832846741927,0.3166852698302134,0.3455303486972146,1695540000
2001-10-18,0.331642746925354,0.334770840365553,0.3174491136814142,0.3182119108734629,1020864000
2001-10-19,0.3385105431079864,0.34339407049326,0.3227904186223219,0.3269111489965095,1059264000
2001-10-22,0.3465231955051422,0.3510248758027421,0.3285137725533456,0.335992466424087,970824000
2001-10-23,0.3404180705547333,0.3572059130794975,0.3327104648231768,0.3509488255410308,953028000
2001-10-24,0.3554512560367584,0.3562900569698413,0.3304210333857257,0.3342368462457437,1212144000
2001-10-25,0.3762838840484619,0.3826169736714135,0.3418675528335257,0.3472098333112882,1152396000
2001-10-26,0.34942227602005,0.3849063267045814,0.3472098888490534,0.3736887803541006,1097124000
2001-10-29,0.3210349380970001,0.3567479204772697,0.3206540172297497,0.3506437440865717,1004796000
2001-10-30,0.3205010890960693,0.3353055060989749,0.3079099866749779,0.315159709476622,1153380000
2001-10-31,0.327064037322998,0.3414865778846462,0.3224085228173912,0.3324814208513144,989292000
2001-11-01,0.354993462562561,0.3576637023793956,0.326224354175718,0.3312608175432567,1093776000
2001-11-02,0.3599529862403869,0.3643026292836511,0.3403419725803622,0.3533909562911708,1087248000
2001-11-05,0.3612505495548248,0.3762069763998492,0.3589612579413228,0.3662110088701837,933456000
2001-11-06,0.3860509097576141,0.387730340259738,0.3586563168968427,0.3605637595838452,1415376000
2001-11-07,0.3863567113876343,0.4012371315030189,0.380862423414649,0.3830747826881954,1419144000
2001-11-08,0.3796409666538238,0.3963528032162364,0.3681945069933374,0.3911643582690652,1915188000
2001-11-09,0.4059677720069885,0.4062736167210115,0.3891039305780641,0.3964296578742869,2270484000
2001-11-12,0.4168804585933685,0.4272583037745195,0.3920800686167019,0.404442261565935,1458636000
2001-11-13,0.4134465754032135,0.4182541000684872,0.4074944046072095,0.4181780959802226,1446516000
2001-11-14,0.4019239544868469,0.4204672255457348,0.3907064103719064,0.4164985037291924,1150224000
2001-11-15,0.4040603935718536,0.4095547103858844,0.3923089901466354,0.39734542675828,874944000
2001-11-16,0.4005503356456756,0.4087148629034495,0.3951320244764348,0.4044421252045637,496128000
2001-11-19,0.3917742073535919,0.4082571305922974,0.3701028393266161,0.4045182486219137,1943052000
2001-11-20,0.3807856738567352,0.4005505305222596,0.376436029402458,0.3936826536214954,937884000
2001-11-21,0.3759020268917084,0.3858989221560219,0.3647605131274853,0.3743755323088931,728412000
2001-11-23,0.3811674416065216,0.3815493177281199,0.3708656284489574,0.3773516550562462,254016000
2001-11-26,0.408409982919693,0.4089438397995807,0.3865087514013804,0.3875773930383624,1215780000
2001-11-27,0.4127598106861114,0.4219930117464613,0.4006265554068653,0.4081812258479445,1183992000
2001-11-28,0.3919271826744079,0.4142862465466179,0.3910114494634981,0.407494374354731,740844000
2001-11-29,0.4090967178344726,0.422527548360031,0.4074942194377449,0.4203902652463026,5135472000
2001-11-30,0.4169564545154571,0.4199325394611597,0.4029157588499535,0.4089439328180723,1034028000
2001-12-03,0.4106232225894928,0.4132934345561898,0.4032974691504237,0.4081809954841034,851496000
2001-12-04,0.4436651468276977,0.4441230270006752,0.4126836774790207,0.4126836774790207,1384644000
2001-12-05,0.4794541299343109,0.4803698356806548,0.4467941584451114,0.4471750793727941,1707036000
2001-12-06,0.4718993902206421,0.4769358529308697,0.4599190768200013,0.4757152032202056,1138944000
2001-12-07,0.4574770033359527,0.4726632466348757,0.4493124456087504,0.4683896066854003,807036000
2001-12-10,0.4620554149150848,0.4725101341117476,0.4513726562665771,0.4551875412467726,695868000
2001-12-11,0.4786153733730316,0.4895270478514314,0.4654895105136275,0.4701449989144894,792252000
2001-12-12,0.4934960603713989,0.4937249733058178,0.4729683994104372,0.4822785078690849,1004628000
2001-12-13,0.4793022871017456,0.489985051457915,0.4773939157148922,0.4838039673120621,881400000
2001-12-14,0.5008974671363831,0.5032627900726999,0.4770128142627383,0.4792252011904813,754680000
2001-12-17,0.5189068913459778,0.5261556867378274,0.4970816356042791,0.4970816356042791,1080960000
2001-12-18,0.5055520534515381,0.5147092192613734,0.5012792879656922,0.5075364007811424,886968000
2001-12-19,0.4917404055595398,0.5073836011604941,0.4898329623653646,0.4972346956060458,854652000
2001-12-20,0.4723573625087738,0.5026529401644521,0.4706028555955346,0.4937246859459474,951228000
2001-12-21,0.4928089380264282,0.4960139352930977,0.4770888412491369,0.4826591068494427,723972000
2001-12-24,0.5050942301750183,0.507612434681833,0.4923510903389856,0.4925800577167104,265308000
2001-12-26,0.5174565315246582,0.5260798427852338,0.5075365387719881,0.5076125155635441,642156000
2001-12-27,0.5294375419616699,0.5318028097788937,0.5211960832317355,0.5219588527655004,730152000
2001-12-28,0.5166937708854675,0.5360767518337587,0.5115813290653557,0.532565935909313,757680000
2001-12-31,0.5105124115943909,0.5234853887758074,0.5093677387425307,0.520509304858178,737580000
2002-01-02,0.5135645270347595,0.5223407716225658,0.4998287788337921,0.512725726049484,1298904000
2002-01-03,0.5472171902656555,0.5494305049898742,0.514328308280687,0.5146331978284043,1414752000
2002-01-04,0.5312690734863281,0.5544669334125751,0.5219589711632219,0.5544669334125751,936288000
2002-01-07,0.5169986486434937,0.534168366408137,0.5098258282496315,0.533405541958872,973068000
2002-01-08,0.523103654384613,0.5355418495904107,0.5141754006804465,0.5159308353699121,774360000
2002-01-09,0.5159308314323425,0.5398914613470406,0.5086050764621132,0.5303533740055323,1141188000
2002-01-10,0.503568708896637,0.5202036415867614,0.4990661561859276,0.5131837573016079,992508000
2002-01-11,0.4812856912612915,0.507078666182475,0.479302216658676,0.5069257847195711,1380852000
2002-01-14,0.45602747797966,0.483575045496418,0.45602747797966,0.480217984280638,1369560000
2002-01-15,0.4986081719398498,0.4989131160775034,0.4744946064573878,0.4750284633770924,1838808000
2002-01-16,0.47914919257164,0.4950213529584127,0.4773177810530094,0.4918163555102995,1115388000
2002-01-17,0.4959370493888855,0.4960139540435082,0.4770888592841375,0.4950213436467951,1121544000
2002-01-18,0.4868568181991577,0.4902907831750789,0.4769359533834008,0.4772417708475999,803676000
2002-01-22,0.4746465682983398,0.4927319862610045,0.4691522254168138,0.4914353051849851,1085028000
2002-01-23,0.4835748970508575,0.4870088073115561,0.469458171329928,0.4789202822890857,889164000
2002-01-24,0.5008974671363831,0.505933930445148,0.4780805281098915,0.4883823675111328,1137684000
2002-01-25,0.4995999336242676,0.5120390569971431,0.4876196182963955,0.4937246690051486,817752000
2002-01-28,0.5188300609588623,0.5189070202086115,0.5043315386974276,0.5093679484927152,924288000
2002-01-29,0.49341881275177,0.5215771036147682,0.4853302338707271,0.5200515096750403,1381932000
2002-01-30,0.4993709623813629,0.4997528111450016,0.4841855968191474,0.4960139026248792,1218456000
2002-01-31,0.5016602873802185,0.5097496852074822,0.4849483989406452,0.5058578950106831,973980000
2002-02-01,0.4893748760223388,0.5061627378776065,0.486474823469788,0.5008213861217263,688272000
2002-02-04,0.4663290977478027,0.5002106438251068,0.4655663280868398,0.4883063064988353,1104864000
2002-02-05,0.4617506265640259,0.4672449164356113,0.4435891993504913,0.4632002440471074,1474620000
2002-02-06,0.4732729792594909,0.4814384075953276,0.4647265754702235,0.4739597721148661,1242528000
2002-02-07,0.4579347372055053,0.4738837452794432,0.4557223505040154,0.4738837452794432,964476000
2002-02-08,0.4404602646827698,0.4635821551421032,0.4229856281799312,0.4609879186038156,1871292000
2002-02-11,0.4648027122020721,0.465489505213163,0.4381708845387461,0.4397733833709507,1249224000
2002-02-12,0.4746465682983398,0.4834228127844444,0.4525173251093982,0.4577827006501868,1216500000
2002-02-13,0.4685425162315368,0.488840326281438,0.4639639323348217,0.4807517458032915,1230432000
2002-02-14,0.4743416607379913,0.4841856197178452,0.4665580804974599,0.472510194776033,1225692000
2002-02-15,0.4376370012760162,0.455187665681155,0.43305841757883,0.452517425582383,3988548000
2002-02-19,0.4086389541625976,0.4232904375476091,0.4052810206522658,0.4189407941950099,1972524000
2002-02-20,0.4300055503845215,0.4345841353842281,0.4006265695415968,0.401389366845836,1838736000
2002-02-21,0.400626540184021,0.424282288043839,0.4000926830850955,0.4241302798626196,1531044000
2002-02-22,0.3809385001659393,0.3971924817312212,0.3758260326563025,0.3926138984497907,2585616000
2002-02-25,0.4107753038406372,0.4137513882939205,0.3826169852145387,0.382693917155941,1599564000
2002-02-26,0.4197034835815429,0.4269532334607732,0.4086388759138309,0.4197804155144532,1902672000
2002-02-27,0.4055868089199066,0.43107398574454,0.4044421632190865,0.4292425471651266,1723224000
2002-02-28,0.3892558813095093,0.4101653736025901,0.3858219172967311,0.402915624147305,1585440000
2002-03-01,0.4268773198127746,0.4273351727080527,0.3918511230305828,0.3929957689140331,1311396000
2002-03-04,0.4506859481334686,0.4555694755889699,0.4240532220974501,0.4281739525308961,1484724000
2002-03-05,0.4495412111282348,0.4615975279563599,0.4433601303770058,0.4437410512268621,1379448000
2002-03-06,0.4354235529899597,0.4405360190792013,0.4260374489545624,0.4361103457494646,1446060000
2002-03-07,0.4319136440753937,0.4430542552651316,0.4198563994557879,0.4416046928838985,1346532000
2002-03-08,0.4448097050189972,0.4539668973162608,0.4380178353186682,0.4401551184608772,1270356000
2002-03-11,0.4396204054355621,0.444809777564157,0.432294677693484,0.4399262774587081,810540000
2002-03-12,0.4165754020214081,0.4284797107552093,0.4135993180153318,0.4261904195644589,1255032000
2002-03-13,0.4090208411216736,0.4156598041043245,0.407494346303428,0.412683719132137,1031616000
2002-03-14,0.3863567113876343,0.4059677220169774,0.3855170098754561,0.4059677220169774,1139460000
2002-03-15,0.4026868641376495,0.4031447444043843,0.3817013857021992,0.3891040471560602,1248288000
2002-03-18,0.4026868641376495,0.4188648726775381,0.3981082797944245,0.4100126209192218,1236996000
2002-03-19,0.3941404223442077,0.4063496784725027,0.3917741985827968,0.4055868813978796,846072000
2002-03-20,0.354993462562561,0.3884171582296927,0.3536958807487633,0.3876534333457015,2292588000
2002-03-21,0.3738417029380798,0.3781153422747723,0.3514826151150373,0.361021658224333,1721712000
2002-03-22,0.3706367015838623,0.3805566935550117,0.3678135526924537,0.3805566935550117,1249140000
2002-03-25,0.3514825999736786,0.369339107599636,0.3510247471015921,0.3688812547275494,884160000
2002-03-26,0.3586563766002655,0.3675846038607577,0.3458363313790604,0.3478197784578619,1123512000
2002-03-27,0.3472098708152771,0.36033485948166,0.341104792718419,0.353162040185199,1068012000
2002-03-28,0.3385105431079864,0.3517884399623648,0.3195094172034888,0.349575152409287,3124080000
2002-04-01,0.3329392969608307,0.3355344331161805,0.309512498312309,0.3197383057606163,2365344000
2002-04-02,0.32423996925354,0.3410287334461089,0.3223325266637658,0.3229433154668353,1438008000
2002-04-03,0.3303450644016266,0.334541798562977,0.3189746111264553,0.3256904774048946,1094640000
2002-04-04,0.3287425935268402,0.3399601390364777,0.3233243085266968,0.3278268877789352,1130964000
2002-04-05,0.3212639689445495,0.3362212985110235,0.3179069356987314,0.3308790169258939,1026900000
2002-04-08,0.3320236206054687,0.3320236206054687,0.3063075282404797,0.3063835323083984,1151316000
2002-04-09,0.3110388815402984,0.3380525436949405,0.3102751842734884,0.3353054003998827,1380768000
2002-04-10,0.293869286775589,0.3159224981255182,0.2716631394365136,0.31355720278018,3689724000
2002-04-11,0.2809723615646362,0.2952428965151726,0.2777673641184292,0.2915031142430471,1437288000
2002-04-12,0.2799046039581299,0.2895196220857992,0.2711283595117169,0.2872303307558539,1376880000
2002-04-15,0.2911980450153351,0.2960055664102587,0.2846351169260484,0.2853219095953944,1157208000
2002-04-16,0.3038652241230011,0.3073760926578045,0.2979130564179861,0.3042470728306294,854856000
2002-04-17,0.3074522912502289,0.31195487219573,0.2978372408287967,0.3074522912502289,944484000
2002-04-18,0.3023397326469421,0.3076051093516019,0.2957007972087916,0.3043231797310726,693156000
2002-04-19,0.2817359864711761,0.2957007003670695,0.28135413775955,0.292113827745918,1125672000
2002-04-22,0.283109575510025,0.2888328033215371,0.2785309932608154,0.2786069973113366,808176000
2002-04-23,0.2716631591320038,0.2886039322756792,0.2691449276149485,0.2853220032157004,773508000
2002-04-24,0.2478545159101486,0.2788360131467349,0.2471677502184595,0.274791286615233,1582956000
2002-04-25,0.2574694454669952,0.2624289749287196,0.2467857613752561,0.2468617654117215,1168296000
2002-04-26,0.2317524701356887,0.260597575443163,0.2317524701356887,0.260292631375284,1191120000
2002-04-29,0.2703655660152435,0.2742573558672493,0.2504487093605269,0.2591480219823965,3930852000
2002-04-30,0.2656340599060058,0.2804384776733318,0.2598348271753606,0.2767756004091353,1776504000
2002-05-01,0.2704415619373321,0.2741813435602283,0.2544934275499118,0.2612843967772789,1718904000
2002-05-02,0.2595299184322357,0.2784541410018596,0.2594530137731162,0.2717392016849706,1125084000
2002-05-03,0.2499149143695831,0.2618192542158117,0.2486173323750561,0.259834879185462,852756000
2002-05-06,0.2403758764266967,0.2548744527404523,0.2383915286381497,0.2434279655402919,1102044000
2002-05-07,0.2464040070772171,0.2508305821016844,0.2343476881996194,0.2457172141457752,1412448000
2002-05-08,0.2747152745723724,0.278988913780255,0.2548744191880661,0.2631927848100808,1688688000
2002-05-09,0.2629638910293579,0.2795227909375264,0.2625060108277321,0.2738755653967934,1230840000
2002-05-10,0.2432759404182434,0.2693739108572004,0.2403758596648447,0.2683812730934227,1321548000
2002-05-13,0.2580034136772156,0.258843142658417,0.2437338065848323,0.2457941581900894,800892000
2002-05-14,0.283643513917923,0.2865435946217019,0.2697548271970483,0.2744863467854284,1526112000
2002-05-15,0.2892138957977295,0.2945561781458675,0.2754021108156224,0.2792939295022574,1504548000
2002-05-16,0.2897486388683319,0.2957008088186887,0.2834146200663016,0.2892907586486794,985560000
2002-05-17,0.2989059090614319,0.2997447105428252,0.2902065912640826,0.2976083266162272,934404000
2002-05-20,0.3021107912063598,0.3040942108120153,0.2950139762390811,0.2963875348424032,953412000
2002-05-21,0.2790649831295013,0.3101993954749558,0.2787600661954444,0.3060026599411447,1382604000
2002-05-22,0.2903583645820617,0.2920377946512203,0.2808202530192945,0.2812781057349752,1547988000
2002-05-23,0.2726549208164215,0.2918089850039058,0.2640316102463494,0.2911981960543175,2556780000
2002-05-24,0.2673134803771972,0.2688390742404249,0.2611323991051469,0.2674654884953,737784000
2002-05-28,0.2567058801651001,0.2698317703663221,0.2513644993113366,0.2696788343378304,1367088000
2002-05-29,0.2663976848125458,0.2674653982066317,0.2486931933825778,0.2525850092498308,1311012000
2002-05-30,0.2625059783458709,0.2688390955280075,0.2558670437299211,0.2609794837750742,1066080000
2002-05-31,0.2553322613239288,0.2651762205942938,0.254874408465181,0.2640315748021702,674112000
2002-06-03,0.2402998954057693,0.2502958927938195,0.2372469054122912,0.2491512466930198,901248000
2002-06-04,0.2524330914020538,0.2537297452366334,0.2383914708438231,0.2387733196105488,1095432000
2002-06-05,0.2487702667713165,0.2530430058218894,0.2399940200985767,0.2529670017452704,1114308000
2002-06-06,0.2488462626934051,0.2522041963727759,0.2460991179487081,0.2461751220228364,739356000
2002-06-07,0.2464809417724609,0.249533030381353,0.2285475298644049,0.2286244481628586,1371300000
2002-06-10,0.24442058801651,0.2567058756554441,0.2438098263716996,0.2497619687764393,749148000
2002-06-11,0.2334320098161697,0.2495330859844267,0.2328212208073733,0.2484644440110364,859308000
2002-06-12,0.2132861614227295,0.2319814551256073,0.2035182066479108,0.2278607249971621,2267544000
2002-06-13,0.2110729068517685,0.218856501836194,0.2043579537129848,0.214888707092343,1265892000
2002-06-14,0.2150407135486602,0.2166432123658186,0.1964214211569446,0.203289310267603,1116444000
2002-06-17,0.2169490456581115,0.2226722745501493,0.2132092499541145,0.2198481981979291,1054140000
2002-06-18,0.2158044427633285,0.2220615434621333,0.2117597157640815,0.2142779342479356,1008300000
2002-06-19,0.1819989085197448,0.205273706863409,0.1803963957817476,0.205273706863409,2593620000
2002-06-20,0.1803203523159027,0.1873402492480708,0.1779541422981357,0.1823807175889434,1425048000
2002-06-21,0.1729177087545395,0.1863485434556127,0.1692548443909474,0.1794046499342937,1484364000
2002-06-24,0.1761227399110794,0.1815410398084557,0.1633026927350919,0.1684920661425952,1379592000
2002-06-25,0.1615481823682785,0.1793277633879293,0.1604795402899023,0.1793277633879293,1172232000
2002-06-26,0.1531537622213363,0.1585720607720022,0.1392650628433515,0.143233785083944,2067828000
2002-06-27,0.1303368210792541,0.1600216349751438,0.1282004518531336,0.1588009851141159,3182808000
2002-06-28,0.1311004757881164,0.1365178576996927,0.1253772356351897,0.1282003965792307,1991184000
2002-07-01,0.1307946592569351,0.1343055281912445,0.1280475151152897,0.1304897287952295,1164372000
2002-07-02,0.1225532293319702,0.1297269489700411,0.1191962101794055,0.1292690961012,1368180000
2002-07-03,0.1331609040498733,0.1333898304911405,0.1217144318887115,0.1217904359584414,1073304000
2002-07-05,0.1449123173952102,0.144988321470538,0.1385782987714129,0.1426990295987442,739524000
2002-07-08,0.1492619663476944,0.1544513387458832,0.1430808704517748,0.1432337928260379,1587180000
2002-07-09,0.1419361978769302,0.1515512295799285,0.1387311873092641,0.1496437870144042,1075080000
2002-07-10,0.1380444467067718,0.1465148359591502,0.137052723020251,0.1453701898692551,926988000
2002-07-11,0.1520851105451584,0.1526198953684346,0.1360600551670256,0.1372816329512414,1143948000
2002-07-12,0.1519330739974975,0.1608613262391966,0.1488040675757962,0.1602505374613002,1344900000
2002-07-15,0.167042464017868,0.1671184680921535,0.1454461723921425,0.1523140615585934,1495272000
2002-07-16,0.1625398993492126,0.1781831097924692,0.1598687582033943,0.1629217618973119,1773432000
2002-07-17,0.14872807264328,0.1621579899182764,0.1423940553567664,0.1590298975366121,1922364000
2002-07-18,0.1449123173952102,0.1549092002848265,0.1445304549090257,0.1462858897892353,1243188000
2002-07-19,0.1383493542671203,0.1460569586850189,0.1373576443908261,0.1404866515655268,845772000
2002-07-22,0.1319393068552017,0.1416312707179909,0.1262929967291035,0.1377394672075525,1290744000
2002-07-23,0.122095376253128,0.1335418493315132,0.1175937107878473,0.1327030481557827,1409652000
2002-07-24,0.129878968000412,0.131863315445982,0.1203408534489065,0.1204168575147541,1175100000
2002-07-25,0.1149225383996963,0.1252243639200687,0.1107258109502669,0.1248425151365168,1796448000
2002-07-26,0.1122513934969902,0.1210276246976934,0.109123301052875,0.1182804804347948,1221900000
2002-07-29,0.1153804138302803,0.1175167831637546,0.1116415389386805,0.1169069084959832,1227720000
2002-07-30,0.1237747967243194,0.129574030032029,0.1144646939268677,0.114846542738357,1818012000
2002-07-31,0.084474928677082,0.0920296024203344,0.0834832121716658,0.090198163880409,4837140000
2002-08-01,0.0763864442706108,0.0851617730564009,0.0763095259340644,0.0851617730564009,1725708000
2002-08-02,0.0713499635457992,0.079362490979803,0.0694416065066473,0.0788277129961776,1795260000
2002-08-05,0.0656267330050468,0.0704342498529705,0.0647870176334207,0.0702813274757819,1330716000
2002-08-06,0.0690606608986854,0.0716548896636808,0.0676101704559954,0.0686788121258892,1168800000
2002-08-07,0.0674581751227378,0.0727995565612056,0.0648630313712443,0.0721127702870573,892980000
2002-08-08,0.0718838423490524,0.0731044924726802,0.0663895317991266,0.0681449668409848,755424000
2002-08-09,0.0702053159475326,0.0724946074921973,0.0687548186306763,0.06997638269949,581304000
2002-08-12,0.0702053159475326,0.0728755420465472,0.0676101728583439,0.0694416047295503,592800000
2002-08-13,0.0687548667192459,0.0740971647630708,0.0686788626016199,0.0706632182216739,654420000
2002-08-14,0.0734103173017501,0.0740201850249096,0.0694415957077971,0.0700523776628521,632688000
2002-08-15,0.0785227939486503,0.0800492957242662,0.0753937863133197,0.0761574977285672,1140120000
2002-08-16,0.0815748572349548,0.0843220082859737,0.072036743436878,0.0743260348422893,1657428000
2002-08-19,0.0965321958065033,0.1026363732868529,0.0849328012806177,0.0850857304746926,2243928000
2002-08-20,0.0922585427761077,0.0992024287635783,0.091037892857324,0.0972949926997929,1429488000
2002-08-21,0.097142070531845,0.0983636415936833,0.0919536189163835,0.0964552843371709,1194876000
2002-08-22,0.0938610360026359,0.0980577700363099,0.093250254007421,0.0942428915871246,1358496000
2002-08-23,0.0876799449324607,0.0918006750894091,0.0871460880277273,0.0911898930670897,919932000
2002-08-26,0.0883667394518852,0.0899692448951865,0.0842460092197884,0.0893584628617284,698568000
2002-08-27,0.0833302736282348,0.0903510828887489,0.0827964099952206,0.0898932233052661,686712000
2002-08-28,0.0781409293413162,0.0830253715031342,0.0778359988073999,0.082872442297475,700356000
2002-08-29,0.0791335627436637,0.0827195153313718,0.0765384194235073,0.0771492083349013,815520000
2002-08-30,0.0770731940865516,0.0816517769787966,0.0755466927709361,0.078369847932004,1065888000
2002-09-03,0.0723416805267334,0.0737912566966836,0.0711210239450012,0.07341032216658,847284000
2002-09-04,0.0718838423490524,0.0744780649931902,0.0687548347866842,0.0725706286093074,930552000
2002-09-05,0.069136694073677,0.0715019974174122,0.0686788410463139,0.0711970599873294,714312000
2002-09-06,0.0706631615757942,0.0726466081958312,0.0695945199771562,0.0720367404557739,746460000
2002-09-09,0.0705862566828727,0.07279954435688,0.0679920275985308,0.0701283969693212,578040000
2002-09-10,0.0806591361761093,0.0843220064380722,0.0701283850257942,0.0702053101385376,2317632000
2002-09-11,0.0846278741955757,0.0908089634052735,0.0831773767204182,0.0831773767204182,1657536000
2002-09-12,0.0819567367434501,0.0870691847520204,0.0810410171849413,0.0825675189189883,1294932000
2002-09-13,0.0806591361761093,0.0850087924801195,0.0801252724823573,0.0811169958116829,796872000
2002-09-16,0.0755466744303703,0.0797434007112162,0.0736392322172476,0.0794384703084875,925464000
2002-09-17,0.0744020193815231,0.0808120390930005,0.0739441666786674,0.0789046037738002,884052000
2002-09-18,0.0723416805267334,0.0747069759853152,0.0701283863647841,0.0732573929927384,811692000
2002-09-19,0.0698994845151901,0.0732574187338984,0.0695185430286048,0.070739193216622,618492000
2002-09-20,0.0702813193202018,0.0718838247502186,0.0687548179539041,0.0704342416796451,687312000
2002-09-23,0.0672292411327362,0.0698234703623358,0.0667713813935479,0.0691366773422395,521676000
2002-09-24,0.0677630975842475,0.0709681085876848,0.0652448727036533,0.0664655225830539,624444000
2002-09-25,0.07150200009346,0.0728755728722162,0.0689077701389512,0.0717309266157094,896616000
2002-09-26,0.0676870793104171,0.0736392403785663,0.0666184377895511,0.072875529294224,739560000
2002-09-27,0.0653208792209625,0.0692896016179029,0.0652448751509919,0.067534166861425,650688000
2002-09-30,0.0653208792209625,0.0681449557626863,0.0637183736591338,0.0650919527789702,584124000
2002-10-01,0.0688317269086837,0.06944159462231,0.0634894333789442,0.0658556428756878,888360000
2002-10-02,0.0687548667192459,0.0728755930172377,0.0687548667192459,0.0693656491808466,749100000
2002-10-03,0.0653977990150451,0.069060669928882,0.0652448766395345,0.0679160240475506,590568000
2002-10-04,0.0621158480644226,0.0673052187129345,0.061048120855608,0.0652448541089786,529788000
2002-10-07,0.0590637773275375,0.0624977215984813,0.0586059244591971,0.0612770717150021,493068000
2002-10-08,0.0573083572089672,0.061200154874912,0.0549430577779828,0.0610481467195941,714252000
2002-10-09,0.0562406107783317,0.0601324139680737,0.0552479732939219,0.0564695405783938,573132000
2002-10-10,0.0591397769749164,0.060971208568,0.055705833356774,0.055705833356774,538032000
2002-10-11,0.0672292411327362,0.0682969687618691,0.0610481448876366,0.0614290863193012,994140000
2002-10-14,0.0652448832988739,0.0672292447451542,0.0638713108301311,0.0652448832988739,611484000
2002-10-15,0.0720367655158042,0.075088854796235,0.0710441276285477,0.0724946253017437,852768000
2002-10-16,0.0660076737403869,0.0677631087194818,0.0648630277400111,0.0671523265633911,578124000
2002-10-17,0.0710441023111343,0.0744020351919587,0.0699763749534751,0.0717308883339847,585792000
2002-10-18,0.0717308893799781,0.0724946005245583,0.067992015109824,0.0706631620067492,498372000
2002-10-21,0.0782178416848182,0.0808120636698921,0.069136666098557,0.0707391715137868,930624000
2002-10-22,0.0808120593428611,0.085466652981291,0.0745549671976331,0.0746309712565812,1272168000
2002-10-23,0.0840931013226509,0.0852377472900782,0.0808880898848031,0.0820327358522304,925428000
2002-10-24,0.079820342361927,0.0866882232798966,0.0785987715662947,0.0857725040048002,1055172000
2002-10-25,0.0847038477659225,0.0850857032790791,0.079056617563391,0.0801252590030583,745956000
2002-10-28,0.0851617604494094,0.0892824854016575,0.0846278965124374,0.0885956990467211,1070544000
2002-10-29,0.0814228728413581,0.0859245386721341,0.0771492192565553,0.0853146707291271,772728000
2002-10-30,0.0857725068926811,0.0885196579878376,0.083712141865657,0.0840170791645174,1139496000
2002-10-31,0.0908089578151702,0.0914188256465784,0.0861534562078656,0.0863823826441728,1255476000
2002-11-01,0.1075967997312545,0.1088943746243633,0.0892824477924206,0.0894353769685947,2128836000
2002-11-04,0.119348257780075,0.1259872084451479,0.1137779423956488,0.1140828729983597,2688132000
2002-11-05,0.1146176010370254,0.1210276223884903,0.1095042403221275,0.1190432614673498,2034540000
2002-11-06,0.1234689429402351,0.1236218789622023,0.1138539160969948,0.1185094247853254,1646016000
2002-11-07,0.1110307574272155,0.1202639283646288,0.1103439644540712,0.1202639283646288,1660560000
2002-11-08,0.0866882503032684,0.0994313785460843,0.0840171025264337,0.0938610639231897,3798900000
2002-11-11,0.0799723789095878,0.0837881728928385,0.0779889315372558,0.082567522717827,1378452000
2002-11-12,0.0870691463351249,0.090045230175848,0.0811939037566208,0.081880696533788,1381188000
2002-11-13,0.0898163318634033,0.0923345571050479,0.0833303048594752,0.0850088146689698,1802112000
2002-11-14,0.0957684963941574,0.0975999284873966,0.0928693298729938,0.0957684963941574,1138728000
2002-11-15,0.1027893051505088,0.1061472389436712,0.0995842937429157,0.1007289396995378,2054328000
2002-11-18,0.1066050827503204,0.1114125991428481,0.1062992380249144,0.111030750352103,1982472000
2002-11-19,0.1081306710839271,0.1135489695763358,0.1048496560548321,0.1059943018526481,1971948000
2002-11-20,0.1135489717125892,0.1144646910971208,0.1099621050646793,0.1114126024411176,1292796000
2002-11-21,0.1231640130281448,0.1288112520806482,0.1178986364485111,0.118127562898657,2053920000
2002-11-22,0.1199590414762497,0.1224012700989033,0.1144647366287953,0.1156853870012845,1251900000
2002-11-25,0.1243086531758308,0.1273607418950368,0.1206457892071082,0.1255293030880481,1230084000
2002-11-26,0.1209507212042808,0.1273607434623698,0.1205697866217069,0.124919443607892,1084332000
2002-11-27,0.1303368210792541,0.132474104537407,0.1244615703267875,0.1260640826270131,1088556000
2002-11-29,0.1307187527418136,0.1356792015058762,0.1297270286820459,0.133770843267887,519396000
2002-12-02,0.1297269165515899,0.1394179648954844,0.1291161414684163,0.1376625306357467,1167504000
2002-12-03,0.1211796626448631,0.12758968569631,0.1209507361741521,0.1272847551460937,1046220000
2002-12-04,0.1066810935735702,0.1144646949594742,0.1062992447586362,0.1126332629512408,2206548000
2002-12-05,0.1076728180050849,0.1143117735913394,0.1050785889310202,0.1135489765415977,1594872000
2002-12-06,0.107825756072998,0.1098861216643925,0.101339728739055,0.1030182386339537,1159224000
2002-12-09,0.0992024168372154,0.1059942938690056,0.0983636226539118,0.1043157844478062,969792000
2002-12-10,0.1075208112597465,0.1095042582740977,0.1004240026922202,0.1017206567187323,1389888000
2002-12-11,0.1069100350141525,0.109886113107941,0.1031711598189925,0.1067571058074404,1364208000
2002-12-12,0.1051545888185501,0.1121753997664167,0.1049256623831022,0.1108778247536457,1302552000
2002-12-13,0.1010338515043258,0.1032471387810084,0.100271054588498,0.1032471387810084,707724000
2002-12-16,0.1069860309362411,0.1075968130165026,0.1018735769025405,0.1045447242567334,1056972000
2002-12-17,0.1068340465426445,0.1125572771061215,0.1059943310105037,0.1088944122745478,1077744000
2002-12-18,0.0986685752868652,0.1036290216586514,0.098439648822183,0.1034760924488448,1126836000
2002-12-19,0.0965321958065033,0.1020265054425896,0.0955395580949554,0.0969131372096338,1100604000
2002-12-20,0.0978288128972053,0.1006528813435481,0.0930212915557495,0.0995842400399183,804576000
2002-12-23,0.0985156446695327,0.1008818547188652,0.0972949947253367,0.0975999252420483,498648000
2002-12-24,0.0965321958065033,0.1010338677310417,0.0959974177998482,0.0990504207721,300336000
2002-12-26,0.0947767794132232,0.0995842966657135,0.0939370639709326,0.0981347133049409,719760000
2002-12-27,0.0911899209022522,0.0975999445151802,0.0903511264350068,0.0973710180244166,702528000
2002-12-30,0.0879849046468734,0.0925634956342916,0.0859245390436667,0.0915717719899625,784740000
2002-12-31,0.0878328680992126,0.0900452411521346,0.0853906475865197,0.0870691569486344,825396000
2003-01-02,0.0939370319247245,0.0950056734714449,0.0884427303169865,0.0915717366722651,1302540000
2003-01-03,0.0939370319247245,0.0972949714935241,0.0923345267205821,0.094242883423128,1037496000
2003-01-06,0.1015686467289924,0.1030942271753033,0.0961503411097094,0.0962263520027639,1033428000
2003-01-07,0.1012627780437469,0.1059182858303131,0.1001181323751397,0.1035520693809612,1498272000
2003-01-08,0.0911899209022522,0.1015686677576308,0.0905031346073324,0.0986685865280932,1852524000
2003-01-09,0.0927924215793609,0.0950057095666962,0.0918767020226225,0.0940139859280756,1436076000
2003-01-10,0.0943949073553085,0.095768486398849,0.0903511021677196,0.0915717520251055,924492000
2003-01-13,0.0936321094632148,0.0988214810694598,0.0931742498197652,0.0979817658420463,849120000
2003-01-14,0.0943188965320587,0.0952346158288121,0.0914957414041213,0.0939370409439856,868524000
2003-01-15,0.091418869793415,0.0951586674614661,0.091418869793415,0.0943949558383469,904584000
2003-01-16,0.0852377638220787,0.0911899281007094,0.0840171135404829,0.0900452819112762,2039976000
2003-01-17,0.0820327028632164,0.0840930675050722,0.0809649756347613,0.0829484151753325,1058832000
2003-01-21,0.0799723789095878,0.0853146746971181,0.0797434455981134,0.083559246403993,967356000
2003-01-22,0.0800492763519287,0.082109641504747,0.0795144983732759,0.0797434248024214,550992000
2003-01-23,0.0822616517543792,0.0835592267648406,0.0800492784131818,0.0821856476867167,918456000
2003-01-24,0.0776070579886436,0.0819567216808324,0.0762334857259544,0.0815748660537874,897108000
2003-01-27,0.0764624252915382,0.0798963701831578,0.0745549889381574,0.0759285614367025,889116000
2003-01-28,0.0792095959186554,0.0806591796651269,0.0729525004631598,0.0754707195826238,1785480000
2003-01-29,0.0808120593428611,0.0814228481555425,0.0770731918074794,0.0770731918074794,1022040000
2003-01-30,0.0775310397148132,0.0831013522808817,0.0766913313691471,0.0824145662753747,743064000
2003-01-31,0.0787517204880714,0.0808880900400125,0.0745549854617563,0.0752417716790049,949656000
2003-02-03,0.0802782401442527,0.0818038210761736,0.0785988089130786,0.0802013149946261,755556000
2003-02-04,0.0766913443803787,0.0801252818131315,0.0755466985694611,0.0797434261912682,627720000
2003-02-05,0.0773781239986419,0.0805071306682346,0.07707319352411,0.0783698473601001,581508000
2003-02-06,0.0779889002442359,0.082872420039668,0.0766913322720795,0.0827194976977085,1226184000
2003-02-07,0.0744780451059341,0.0798963501267281,0.0743260369818704,0.0795144945299723,915156000
2003-02-10,0.0753937661647796,0.0759285441299352,0.0711970318993586,0.0744020427622678,982632000
2003-02-11,0.0740202143788337,0.0782178640331071,0.0736392729002796,0.0760045691401124,850716000
2003-02-12,0.0744020193815231,0.0771491765344061,0.0734103031132838,0.0740201707185704,641400000
2003-02-13,0.0753177776932716,0.0760805680077016,0.0736392678505448,0.0756996333778984,889164000
2003-02-14,0.0918767228722572,0.0919536480264483,0.0835592613601289,0.085619627419036,3548844000
2003-02-18,0.097142070531845,0.0989735094811467,0.0942429107803826,0.0953875567123821,1740516000
2003-02-19,0.0980577766895294,0.0986685587261858,0.0954635478227999,0.0965321895346011,1141212000
2003-02-20,0.0980577766895294,0.1010338611666564,0.0976768353111494,0.098439632299927,978132000
2003-02-21,0.0981346815824508,0.0983636148000676,0.0946238196129497,0.0979817592418261,913260000
2003-02-24,0.0993553474545478,0.1029422140631682,0.0967611253418541,0.0972949890958613,1137012000
2003-02-25,0.098744586110115,0.0992024458933863,0.094623854883302,0.0961503566307413,1239204000
2003-02-26,0.0939370319247245,0.0990503990355553,0.0937081055338296,0.0974478938314128,746892000
2003-02-27,0.0959214344620704,0.0963792942659224,0.0933272048660866,0.0948527924498672,675312000
2003-02-28,0.0963032469153404,0.0965321733031062,0.0901981566261208,0.0929453073924397,1653336000
2003-03-03,0.0947007685899734,0.0992024339191247,0.0934791975530015,0.0974479201353767,702036000
2003-03-04,0.0939370319247245,0.0959213926802766,0.0930213127158929,0.0950056734714449,538392000
2003-03-05,0.0954635366797447,0.0959974003573208,0.0927923898280423,0.0930213162275795,522156000
2003-03-06,0.0938610360026359,0.0956164705193614,0.0934791804181472,0.0947007512312035,548064000
2003-03-07,0.095310628414154,0.0956164799692803,0.0915717536550404,0.0924114621439712,581148000
2003-03-10,0.0926403850317001,0.0947767540503717,0.0924874626825655,0.0943188944122852,344796000
2003-03-11,0.0933271795511245,0.0948527667210902,0.09225853782879,0.0933271795511245,417144000
2003-03-12,0.0959214344620704,0.096150360952682,0.0932502865476996,0.0940900020692913,493920000
2003-03-13,0.1054604575037956,0.1060703254319599,0.0982867230232278,0.0987445827911095,1362732000
2003-03-14,0.1024074330925941,0.1068340148799522,0.1016446429285058,0.1058413772355818,1094220000
2003-03-17,0.1083595678210258,0.1104199324215507,0.1004999717544056,0.100728898122186,1307808000
2003-03-18,0.1075208112597465,0.1091993209321337,0.1053075235657648,0.1079786709774301,932280000
2003-03-19,0.1080546602606773,0.1088174503933004,0.1042388674883533,0.1077497229604475,712992000
2003-03-20,0.1090463697910308,0.1113356609529281,0.1052314917349011,0.1080546465454623,780060000
2003-03-21,0.1080546602606773,0.1131671068820509,0.1031711400555004,0.1127861723430413,1681800000
2003-03-24,0.1040099635720253,0.1068340405916934,0.1030182399209919,0.1036290289256226,839016000
2003-03-25,0.1069860309362411,0.1085885365023403,0.103933942176472,0.1043157978141311,672828000
2003-03-26,0.1099621057510376,0.1117935445315321,0.1085125294202304,0.1093522379197868,1107840000
2003-03-27,0.1068340465426445,0.1108018487774018,0.1065281949071748,0.108512556552011,1392732000
2003-03-28,0.1024843528866767,0.1072149510013258,0.1008049291182195,0.1068340164410364,1290684000
2003-03-31,0.0982866957783699,0.1005759939831899,0.0978288429600323,0.0993553374103935,680508000
2003-04-01,0.1011867672204971,0.1022554087600716,0.0981346791705099,0.1003470520702867,533808000
2003-04-02,0.1049256399273872,0.1066810674353651,0.1032471307027998,0.1046207026667756,771900000
2003-04-03,0.1062992215156555,0.1068339994086746,0.1040868417630662,0.1068339994086746,702780000
2003-04-04,0.1021785289049148,0.1067571129952043,0.1017206691313602,0.1066051048330384,513840000
2003-04-07,0.103247158229351,0.1098861070780265,0.1022554347223497,0.1090463985372431,671256000
2003-04-08,0.1022554486989975,0.1046967489416613,0.1015686624400342,0.1041628919019212,475032000
2003-04-09,0.1017206311225891,0.1053835011197355,0.1015686230172222,0.1026363503275322,694260000
2003-04-10,0.1022554486989975,0.1032471723415511,0.1012628108242164,0.103094243122328,364104000
2003-04-11,0.1011107414960861,0.1042388329281012,0.1001181042217698,0.1034000321895482,374184000
2003-04-14,0.1028653234243393,0.1031711750603185,0.0992793700835158,0.0995843074872074,445776000
2003-04-15,0.1023314297199249,0.1036290046858768,0.0996602825455926,0.1021785073577926,490212000
2003-04-16,0.1023314297199249,0.1049256585971804,0.1014917144309754,0.1046967253473656,671988000
2003-04-17,0.1041628643870353,0.1043917908053421,0.1009578535949805,0.1030942158897283,520740000
2003-04-21,0.1068340465426445,0.1071389771231991,0.103323183062576,0.1043158210011372,597144000
2003-04-22,0.108207568526268,0.1082835725777782,0.1045446985856594,0.1062992186839079,787392000
2003-04-23,0.1106488928198814,0.1113356789147247,0.1072149487004111,0.1080546639779324,606204000
2003-04-24,0.1073679029941558,0.1107258370123274,0.1059183195787946,0.1107258370123274,660912000
2003-04-25,0.1034000590443611,0.1085885161770754,0.1024074215122393,0.1067570776885493,884652000
2003-04-28,0.1065281480550766,0.1084365047735321,0.1034000559055959,0.104620705568505,674988000
2003-04-29,0.1098100990056991,0.1113356862465193,0.1081306751626884,0.1089703904955074,670344000
2003-04-30,0.1093522235751152,0.1121753854435822,0.1087414415919284,0.1091993012269907,466620000
2003-05-01,0.1100390702486038,0.1111067981570388,0.1079787042946089,0.1085885723440862,733368000
2003-05-02,0.1213324889540672,0.122095285486911,0.1108777540299315,0.1114885357015154,1691088000
2003-05-05,0.1243086531758308,0.1300318960363568,0.1202639267518967,0.1224772280140969,1576164000
2003-05-06,0.1244615986943245,0.1276666103800141,0.1224772507931331,0.123697900932374,1143864000
2003-05-07,0.1224771961569786,0.1255292704370653,0.1203408273969504,0.1226301184875993,897372000
2003-05-08,0.1225532293319702,0.1274376573353266,0.119425136613826,0.1209507170005174,1957452000
2003-05-09,0.1630736887454986,0.1642952525777204,0.1396468936303367,0.1436916190209869,9230856000
2003-05-12,0.1584951430559158,0.1671184526356935,0.1571984754618162,0.1634555751136239,3007860000
2003-05-13,0.1555190086364746,0.1579612218489677,0.1521619905687082,0.1530776960104862,1824108000
2003-05-14,0.1553670763969421,0.1579612989616619,0.1533827149366231,0.1560538558135439,965580000
2003-05-15,0.1607084572315216,0.1610133877830915,0.1568166526311321,0.157656368083455,1105656000
2003-05-16,0.1622349619865417,0.1650581248349406,0.1584951789631709,0.1587241054488501,1028916000
2003-05-19,0.1530778110027313,0.1616242059641377,0.1511694667657232,0.1600977106919675,1220484000
2003-05-20,0.1541455388069152,0.1552901851129799,0.1526199577688762,0.1533067510106191,884124000
2003-05-21,0.1595637649297714,0.1596397689875613,0.1533826701150578,0.154222385323735,905472000
2003-05-22,0.1600976139307022,0.1615481042262208,0.15605380254267,0.1597926834825935,888816000
2003-05-23,0.1592587977647781,0.1633026087660884,0.1585720186482956,0.1602505209454587,867612000
2003-05-27,0.1733755618333816,0.1739863371012015,0.1545273435408913,0.1575794323515601,1677408000
2003-05-28,0.1729177087545395,0.1747491477589636,0.1686449696625001,0.1728417046771829,1235556000
2003-05-29,0.1847460120916366,0.1906221773573074,0.1724598382541102,0.1728416870663249,2297736000
2003-05-30,0.1997024714946746,0.2032133417934696,0.1972611710978632,0.2022207038560118,2142312000
2003-06-02,0.1886377930641174,0.2051207131151728,0.1874171432941853,0.2048917730570445,1566144000
2003-06-03,0.1925296485424041,0.1982528786327091,0.184212182215376,0.186501474251498,1596804000
2003-06-04,0.1971082240343094,0.1972611464214299,0.1889427662242995,0.1919188511998086,1175604000
2003-06-05,0.2027554214000702,0.2034422143429204,0.191918824319652,0.1945139743121391,1204404000
2003-06-06,0.1965742856264114,0.2117596211125372,0.1950477777933314,0.2106909796643022,1378836000
2003-06-09,0.1942081153392791,0.2003892108701928,0.1912320307897369,0.1953527611436794,720588000
2003-06-10,0.1970322132110595,0.197184221360805,0.1920717670109845,0.1942081364871879,563304000
2003-06-11,0.1971842050552368,0.1989396397797765,0.1923006775660029,0.1958106327830185,943836000
2003-06-12,0.1942081153392791,0.2006950556006583,0.1935982543424279,0.1985577721250508,1046688000
2003-06-13,0.1790987998247146,0.1911560480906252,0.1778021457421811,0.1858146672686248,1826808000
2003-06-16,0.1829145401716232,0.1852038312861952,0.1692547838891278,0.1812360241540838,1904868000
2003-06-17,0.1872642189264297,0.1884848686832262,0.1816169808541086,0.1871112965755039,999852000
2003-06-18,0.1944370418787002,0.1981768376696901,0.1839062895561877,0.1854327978037488,1122072000
2003-06-19,0.1826096922159195,0.1962685414563214,0.1816170542365047,0.1952768177092303,1190532000
2003-06-20,0.1807012856006622,0.1846700079779547,0.1778021328806559,0.1845930896762844,937848000
2003-06-23,0.1742912381887436,0.1814649706367589,0.1707052930193061,0.1805492513604487,734784000
2003-06-24,0.1739103198051452,0.1770384124493861,0.1683390989848966,0.173223526872855,1008816000
2003-06-25,0.1750549674034118,0.1814649893534751,0.1736813951698995,0.1743681881092828,1060620000
2003-06-26,0.1752838790416717,0.1776491881580234,0.1700945073981486,0.1755888231590126,960540000
2003-06-27,0.1721548736095428,0.1789467574757958,0.1713151720154368,0.1773442452896116,709104000
2003-06-30,0.1748260706663131,0.1778781597948131,0.1724598603616552,0.1744442218051494,544128000
2003-07-01,0.1819989085197448,0.1822278350122422,0.1710102867820356,0.1726127995200328,977016000
2003-07-02,0.1814649850130081,0.1860435817572907,0.1789467670375931,0.1836773582658781,846828000
2003-07-03,0.1794046610593795,0.1840592629364337,0.1768864425060809,0.1772673771486552,420912000
2003-07-07,0.1911560148000717,0.1921477381773819,0.1817699225184842,0.18184592658034,832200000
2003-07-08,0.1890196055173874,0.1915378365110003,0.1854327467249947,0.1858905994627877,602856000
2003-07-09,0.1933693289756775,0.1964974218963784,0.1886378230329004,0.1889427535545232,755352000
2003-07-10,0.1854328066110611,0.1897824636058308,0.1821517914054426,0.1873402495144509,644568000
2003-07-11,0.1864245235919952,0.1887907335305502,0.1848220112576075,0.1876460877110966,495000000
2003-07-14,0.1849749684333801,0.1923006970579291,0.1840592489439974,0.1911560511075148,694344000
2003-07-15,0.178946778178215,0.1885618114719271,0.1771913434358427,0.1877220961354209,1143456000
2003-07-16,0.1767334789037704,0.1831435006769756,0.1724598263109627,0.1823037853958305,880476000
2003-07-17,0.1678812056779861,0.173604447361048,0.1655919144628621,0.1713920744313331,853764000
2003-07-18,0.1622349619865417,0.1651341289194153,0.1562058731706054,0.1646002582183244,1280832000
2003-07-21,0.1597927212715149,0.1636845118265435,0.1559769211432598,0.1631506548581307,985140000
2003-07-22,0.162463828921318,0.1655159171366572,0.161548109668999,0.164295267425956,582444000
2003-07-23,0.1646001785993576,0.1655919017920993,0.1574273750568459,0.1623108875594056,605328000
2003-07-24,0.1581901758909225,0.1687969308228303,0.1568166038426457,0.1675762811188611,1116828000
2003-07-25,0.1607084572315216,0.1616241631184304,0.1526199174791729,0.1584951693035787,1002084000
2003-07-28,0.155747964978218,0.1623869125805986,0.1550611721194277,0.1620059780610315,703752000
2003-07-29,0.1455230563879013,0.1538405200427779,0.140104758593677,0.1416312666349119,2794788000
2003-07-30,0.1439206451177597,0.1466677908845553,0.1430049253137409,0.1449883731265911,788724000
2003-07-31,0.1456751227378845,0.1494149195184718,0.1441495419639301,0.1472776354761293,897600000
2003-08-01,0.1504825800657272,0.1517041439468375,0.1443014856577568,0.1457519895743582,767556000
2003-08-04,0.1561298221349716,0.1588769800727738,0.149414870113564,0.1503305894261647,1428852000
2003-08-05,0.1556719988584518,0.1638374565153464,0.1543744305274295,0.1601745785694796,1063488000
2003-08-06,0.1493379175662994,0.1556719335947978,0.1455990371118652,0.1536115690253457,1025868000
2003-08-07,0.1472775638103485,0.1510933628209048,0.1452941173712227,0.148956994050409,1040340000
2003-08-08,0.1182804927229881,0.1268268841652422,0.1164490539272848,0.1262930135749943,3767580000
2003-08-11,0.1246905103325843,0.1262930089866636,0.1194251342201739,0.1201879175756037,1675752000
2003-08-12,0.1272087544202804,0.1275136849785358,0.1242326692868074,0.1262930348680382,764160000
2003-08-13,0.1280475705862045,0.1301079364076267,0.124537628008551,0.1277426399924012,693552000
2003-08-14,0.1236218884587287,0.1256062498704968,0.122248302368619,0.123774810847188,1527696000
2003-08-15,0.1232400089502334,0.1240037202002086,0.1220953631299505,0.1228590743799256,217716000
2003-08-18,0.1269028186798095,0.1269028186798095,0.1230110167833102,0.1252243031735378,717684000
2003-08-19,0.1365948319435119,0.1373576289283468,0.1296500253781005,0.1297269436744676,1403976000
2003-08-20,0.1346864551305771,0.1372046727262418,0.1317103711069039,0.1346864551305771,870348000
2003-08-21,0.1383493542671203,0.1396469361897973,0.1358311360173031,0.1379684196704541,644748000
2003-08-22,0.1393420249223709,0.1486512015505547,0.1392650929614579,0.1466677542333535,1002396000
2003-08-25,0.1385782808065414,0.1420122181690668,0.1373576309535581,0.1420122181690668,434028000
2003-08-26,0.1363658756017685,0.1388840930156476,0.1326260807436327,0.1368237283514734,768984000
2003-08-27,0.1404866427183151,0.141936219050269,0.1358311274632746,0.1372816316725414,567816000
2003-08-28,0.136823758482933,0.1426230050505463,0.1352212598608109,0.141860208065074,828312000
2003-08-29,0.1386551856994629,0.1392650466283556,0.1360600360041275,0.1365948207520839,532884000
2003-09-02,0.1374336779117584,0.1423181073121632,0.1367468847668051,0.1410965428459062,711456000
2003-09-03,0.1347634196281433,0.1398758742710333,0.1340766402185009,0.1394940254105014,849972000
2003-09-04,0.1360600739717483,0.1392650854903362,0.1343055668764105,0.1352972904818084,740064000
2003-09-05,0.1425470113754272,0.1457520224985171,0.1346864848849893,0.1362889972691617,1198740000
2003-09-08,0.1491090059280395,0.1507884225654015,0.1430808339444804,0.1448362682787861,1508712000
2003-09-09,0.1582661867141723,0.1638374207241073,0.1430048444824414,0.1449882911741788,2489436000
2003-09-10,0.1474305540323257,0.1578853047816732,0.1462099038695267,0.1537645734426501,1380624000
2003-09-11,0.1455230563879013,0.1537645159864123,0.1396469057916498,0.1494148597861431,2612736000
2003-09-12,0.1476594656705856,0.150864477095842,0.1426990329689171,0.1443015318589171,1162404000
2003-09-15,0.1452172547578811,0.1496438305589843,0.144683397741191,0.1488801191959557,596028000
2003-09-16,0.1497198343276977,0.1501777009097938,0.1455230992363712,0.1455230992363712,620736000
2003-09-17,0.1514752954244613,0.1543744626390196,0.1494149295626464,0.1506355798393742,902784000
2003-09-18,0.1526198983192443,0.1526959023895455,0.1489570342956754,0.1506355371121458,603492000
2003-09-19,0.1513982862234115,0.155367007381097,0.150024714355108,0.1543743699757782,648096000
2003-09-22,0.1454461812973022,0.14872811111027,0.1442255312280814,0.1484222663301377,735504000
2003-09-23,0.1468197554349899,0.1476594708869271,0.1437676799335816,0.1456751094316228,628932000
2003-09-24,0.1356790959835052,0.1449882827825741,0.1354501695864626,0.1436916290420144,1600668000
2003-09-25,0.1337707787752151,0.1391890780772168,0.1331609176907475,0.1367468637523201,736776000
2003-09-26,0.1286582946777343,0.133770748030322,0.1269028737957015,0.1333898134981238,895908000
2003-09-29,0.1217144578695297,0.126521968743357,0.1198061003397227,0.122172310849796,1944996000
2003-09-30,0.1218663826584816,0.1259871112424402,0.120187866999548,0.1206457333117926,1020888000
2003-10-01,0.1228590831160545,0.1243086595420691,0.1217904412874348,0.1220953718117742,877224000
2003-10-02,0.1247665137052536,0.1265219347134775,0.1217144251326985,0.1220953596922808,857628000
2003-10-03,0.1280475705862045,0.1312525825700548,0.1259872047647823,0.128200492999269,862812000
2003-10-06,0.1270557940006256,0.1295740117817135,0.125987152372962,0.1282764437458152,377028000
2003-10-07,0.1282004415988922,0.1282004415988922,0.1253003613715964,0.1270557958953956,510588000
2003-10-08,0.123697854578495,0.1293450786586965,0.1229350576893744,0.1282004330316927,739440000
2003-10-09,0.1254532933235168,0.1303368206280076,0.124461569895882,0.1255292973892294,852408000
2003-10-10,0.1276665776968002,0.1285822970361772,0.1259111567271414,0.1274376512732694,413976000
2003-10-13,0.12896329164505,0.1316344329153989,0.1281244902996461,0.1291162140597745,434904000
2003-10-14,0.1313294619321823,0.1317103965033458,0.1268268827085873,0.1275896660829688,623556000
2003-10-15,0.1296500563621521,0.1352972961458,0.1288112687577617,0.1328550680149123,703488000
2003-10-16,0.1312525272369384,0.1317103800507858,0.127818590197325,0.129802937446563,446088000
2003-10-17,0.1271318048238754,0.1330079559181408,0.1269797966982612,0.1304897380030625,459696000
2003-10-20,0.1299559026956558,0.1301079108465309,0.1264450329301659,0.1272087442583821,467388000
2003-10-21,0.1339236497879028,0.1364418808695516,0.1304897131986555,0.1323211515043545,758724000
2003-10-22,0.1316343992948532,0.1349154145666879,0.130947619952506,0.1318633257423022,620952000
2003-10-23,0.1310236603021621,0.1335418792118574,0.1294980657609857,0.12972699227182,451524000
2003-10-24,0.1305658370256424,0.1317104836054685,0.1285054704529025,0.1297270353834723,447084000
2003-10-27,0.1312525272369384,0.1327790216723292,0.130336807963991,0.1312525272369384,254460000
2003-10-28,0.1394939571619033,0.1402576545093218,0.1323971445509783,0.1330079195825641,956064000
2003-10-29,0.1394939571619033,0.1411733735860783,0.1352972240970802,0.1353732281391243,494004000
2003-10-30,0.1368997395038604,0.1431568378687887,0.1366708131171273,0.1430808338171642,581256000
2003-10-31,0.1349154263734817,0.1392650838366843,0.1327790567971883,0.1381204378540129,598152000
2003-11-03,0.1374336779117584,0.1400288150226636,0.1336187911539612,0.1342286659774072,773724000
2003-11-04,0.1378914415836334,0.1407915210501805,0.1369757225319969,0.1404096587416965,700896000
2003-11-05,0.1384263038635254,0.1397998763889554,0.1328550681564595,0.1350683561646632,882024000
2003-11-06,0.1386551856994629,0.1411734034594803,0.1361369542941926,0.1404866242405226,1175280000
2003-11-07,0.16597381234169,0.1683391081162826,0.1617770777451485,0.1652870193721455,4292820000
2003-11-10,0.1655159443616867,0.168796959518473,0.1645242208896276,0.1665076678337457,1210056000
2003-11-11,0.1613952219486236,0.164600233196698,0.1584951548696049,0.1617770844227163,799140000
2003-11-12,0.1635315418243408,0.1640663265143662,0.1600976051657771,0.1608613162373232,617664000
2003-11-13,0.163608506321907,0.1658978117195463,0.1626158685884418,0.1635315880184464,580332000
2003-11-14,0.1539165079593658,0.1640663232804576,0.1534586552053493,0.1640663232804576,888420000
2003-11-17,0.152314007282257,0.1541454319148033,0.1495668498655613,0.151017353675543,599880000
2003-11-18,0.1501016765832901,0.1579612750448927,0.1495668917624025,0.1560538321855788,991428000
2003-11-19,0.1542984247207641,0.154909200018772,0.1506355468159803,0.1511694174519034,567552000
2003-11-20,0.1501777023077011,0.155214139240843,0.1495669133302444,0.1518562053262647,738852000
2003-11-21,0.1507884562015533,0.1522380461887274,0.14788838928565,0.1520091061054696,543240000
2003-11-24,0.1598686873912811,0.1602505361249865,0.1511693752631315,0.1522380168236258,940644000
2003-11-25,0.1626158654689788,0.1639894514102639,0.1587240750226842,0.1605555002023062,822804000
2003-11-26,0.1627688556909561,0.1658209318111116,0.1597167659255411,0.1652870746798308,430032000
2003-11-28,0.1620059758424759,0.1631506214946163,0.1606324037889578,0.1626927686918611,206136000
2003-12-01,0.1642952859401703,0.1655159357884248,0.1619290760768187,0.1638374330850422,526980000
2003-12-02,0.163608506321907,0.1669655256470226,0.1626158685884418,0.1633026615722591,574740000
2003-12-03,0.1619290858507156,0.1694077498633321,0.161548137624543,0.1640663694155077,710028000
2003-12-04,0.1610902398824691,0.1653629773580547,0.1572744409303242,0.162463811793512,521952000
2003-12-05,0.1559009253978729,0.1617770911642109,0.154603357066192,0.157274497805642,559848000
2003-12-08,0.1570455878973007,0.1586481005796441,0.1545273692767695,0.1559009418293086,340980000
2003-12-09,0.1488800793886184,0.1582661849109406,0.1488040753300382,0.156740604702423,598128000
2003-12-10,0.152162030339241,0.1530008177256012,0.1488040835168044,0.1488800875795662,568656000
2003-12-11,0.1598686873912811,0.161777044118424,0.1517801503906825,0.1520850808385139,694872000
2003-12-12,0.1590299606323242,0.1630737739028215,0.1564348235132034,0.1620060460761987,700692000
2003-12-15,0.1558249145746231,0.1639134535771886,0.1553670616736102,0.1636845134814267,622752000
2003-12-16,0.1579612791538238,0.1589530026435238,0.1521620457697308,0.1549091903821682,601728000
2003-12-17,0.154909148812294,0.1571984399234122,0.1523140130371996,0.1566636688773745,499116000
2003-12-18,0.1584191918373108,0.1600217048371589,0.1550612570521282,0.1552141794828747,436728000
2003-12-19,0.1607844531536102,0.164829179940666,0.1590299324903404,0.1623869520196511,916956000
2003-12-22,0.1610133796930313,0.1613952285374572,0.1568166447519354,0.1584191436187656,371184000
2003-12-23,0.1675763130187988,0.1691788254178875,0.1603265753620332,0.1604034936647866,722760000
2003-12-24,0.1663556843996048,0.1680342010844464,0.1658978314527693,0.1675003304119502,210852000
2003-12-26,0.1735285371541977,0.1745202609591623,0.1669655767602209,0.1676523699542862,363960000
2003-12-29,0.1808542013168335,0.1814649765012584,0.1759706743110875,0.1768094753239551,756624000
2003-12-30,0.1812360435724258,0.1846699806122093,0.1787938298639666,0.1789467522125701,550884000
2003-12-31,0.1770384311676025,0.1819988772909427,0.1741392646458457,0.1811591619065188,497268000
2004-01-02,0.1761227399110794,0.1823038370092,0.1761227399110794,0.179862536648219,436416000
2004-01-05,0.1818459331989288,0.183067497270233,0.1771913323903889,0.1787938446620736,575292000
2004-01-06,0.1892486065626144,0.1917668247230809,0.1804723606295367,0.1813120759754717,1093344000
2004-01-07,0.1909270733594894,0.1918427926028908,0.1858146202875327,0.1871112876874746,673032000
2004-01-08,0.1916139125823974,0.1942081349516039,0.1897824736523055,0.1932924154865579,433752000
2004-01-09,0.1943610310554504,0.1967263402951847,0.1887907245892414,0.1903163185517277,766584000
2004-01-12,0.1965742856264114,0.1971841464580092,0.1932163395444525,0.1950477777933314,541980000
2004-01-13,0.1864245235919952,0.197490047216499,0.1843641583879279,0.1955816901476237,865800000
2004-01-14,0.1850509643554687,0.1900113967843178,0.1832964437624639,0.1873402561554205,544872000
2004-01-15,0.18535678088665,0.1868823611511507,0.1803963355678871,0.1836773503902035,609204000
2004-01-16,0.1881799846887588,0.1897824836026671,0.1855088302278431,0.1872642651757013,451728000
2004-01-20,0.1934452950954437,0.1937502255357321,0.18833284227706,0.1904692111133135,487764000
2004-01-21,0.1845170855522155,0.1926056242115254,0.1842121550418522,0.1918428271743244,494460000
2004-01-22,0.1802434772253036,0.1884849402932774,0.178031103281587,0.1855088548914804,605724000
2004-01-23,0.1761996448040008,0.1829146121013576,0.175817795939216,0.1793277380415194,482472000
2004-01-26,0.1831435114145279,0.1839062947987785,0.1759706922360031,0.1773442645121487,393684000
2004-01-27,0.1726887375116348,0.1823806876133538,0.1713151654371158,0.1794806074718339,934104000
2004-01-28,0.1722308695316314,0.1776491810145886,0.1713151639202286,0.1749020232446222,615204000
2004-01-29,0.1671944558620453,0.1736044778481735,0.1613952091070364,0.1727656767711786,929700000
2004-01-30,0.1697895526885986,0.1736044374379965,0.1658208313771756,0.1668134688209465,466464000
2004-02-02,0.1725367605686187,0.1758937798944758,0.1694077534569023,0.1711631882459359,560844000
2004-02-03,0.1719259619712829,0.1750549689067396,0.1696366703473511,0.1720788843375264,418032000
2004-02-04,0.1672714054584503,0.1708573516888784,0.1670424789829524,0.1694837791906341,436800000
2004-02-05,0.1697895526885986,0.1716969950632976,0.1671184128947567,0.1681870543877098,331980000
2004-02-06,0.1736813932657241,0.1761226929761229,0.1710862433147896,0.1720019626755097,471132000
2004-02-09,0.1724598556756973,0.1778021508843426,0.172383851598407,0.1749780740706427,373992000
2004-02-10,0.1787938922643661,0.1789468146663407,0.1729177258200447,0.1729946441371617,509700000
2004-02-11,0.1850509643554687,0.1856617396353583,0.1804723671103097,0.1810831560354548,737808000
2004-02-12,0.179480642080307,0.1850509628006376,0.176657493329245,0.1840592392869958,974892000
2004-02-13,0.177802175283432,0.1823038414535313,0.1732235771480606,0.1747491715867412,1747500000
2004-02-17,0.1797855347394943,0.1803203057887396,0.1760466539730044,0.1784888674307593,575976000
2004-02-18,0.1797855347394943,0.1812360249677297,0.1785648714812887,0.1803203057887396,320244000
2004-02-19,0.1797095239162445,0.1852038251378699,0.1793276615690443,0.1819988149548175,631032000
2004-02-20,0.1842121183872223,0.1846699711777013,0.1784119583483795,0.179404595860932,618120000
2004-02-23,0.177802175283432,0.1842121990276938,0.1753599469853832,0.1839063405669676,853332000
2004-02-24,0.1707053631544113,0.1769624646649324,0.1687970055271824,0.1747491764460502,708384000
2004-02-25,0.171697124838829,0.1749781416149633,0.169865685129037,0.1717731289454581,652512000
2004-02-26,0.1728416681289672,0.1745201843915786,0.1707052990346932,0.1742152402692087,344976000
2004-02-27,0.1697895526885986,0.1733755110586197,0.1671944169439388,0.1732234893150043,595548000
2004-03-01,0.1723078191280365,0.1726127496191193,0.169102808223842,0.1693317346501587,506628000
2004-03-02,0.1691028177738189,0.1737574052087982,0.1684160248108289,0.1725367552982595,813348000
2004-03-03,0.1668895035982132,0.1686449381977625,0.1641423592493785,0.1686449381977625,552492000
2004-03-04,0.1705524325370788,0.1708573631140619,0.1671944983253903,0.1685680709154849,413352000
2004-03-05,0.16933174431324,0.1732235347184731,0.1661267332261485,0.1667365942431165,354888000
2004-03-08,0.1634556055068969,0.1716970678187337,0.1621580370847315,0.1694077757643917,465168000
2004-03-09,0.1623109281063079,0.1649820821609713,0.1595637836302016,0.1648291597955355,371232000
2004-03-10,0.1599456816911697,0.1651341411558148,0.1588010355326977,0.1633796201665856,481692000
2004-03-11,0.1587241142988205,0.1634556212584551,0.1578083946597881,0.1578083946597881,526872000
2004-03-12,0.1620820015668869,0.1640663626785829,0.159105917015363,0.1608613516950775,377952000
2004-03-15,0.1584191918373108,0.1617771402677535,0.1574274816185374,0.1610903470327814,421224000
2004-03-16,0.165211021900177,0.1659738189699683,0.1593348563865856,0.160403498211883,597504000
2004-03-17,0.169254794716835,0.1708572931414512,0.1671944298528625,0.1678812090440185,524592000
2004-03-18,0.1711631417274475,0.1732234928288846,0.1678811994875799,0.1683390659008726,528048000
2004-03-19,0.1691788434982299,0.1720019924901097,0.168187119899993,0.1702474854074406,452964000
2004-03-22,0.1678812056779861,0.1691787872697356,0.1640663343557853,0.1665845519633712,576708000
2004-03-23,0.1685680598020553,0.1720019978735266,0.1666606166246684,0.1701705724225627,576036000
2004-03-24,0.1761227399110794,0.1789468170434688,0.1678812771135852,0.1682631396527221,787344000
2004-03-25,0.1863485425710678,0.1872642620689332,0.1778021501953871,0.1781070807355352,997128000
2004-03-26,0.185814619064331,0.188713784887201,0.1832964013954938,0.185814619064331,551604000
2004-03-29,0.1938271224498748,0.1963453397327494,0.1881038951500461,0.1884848296004414,985764000
2004-03-30,0.1996264159679412,0.2005421353501687,0.1923766786227743,0.1925296146348742,724956000
2004-03-31,0.2014578878879547,0.2035942575056503,0.1995504447421786,0.2006181724349264,604752000
2004-04-01,0.1978709250688552,0.2058074389152087,0.1928344770670685,0.2016867099724059,1319508000
2004-04-02,0.200695052742958,0.2035182148870685,0.1961164695905517,0.2022206467359117,649740000
2004-04-05,0.2078678905963897,0.2087076059671025,0.1996264292531264,0.1996264292531264,576744000
2004-04-06,0.1994734406471252,0.205196681855391,0.1984057134135502,0.2037470922768456,624096000
2004-04-07,0.198405772447586,0.201076012380464,0.1948949165861222,0.2010000083106284,447864000
2004-04-08,0.2040520459413528,0.2060364067719081,0.2013049018562754,0.2028313962424829,447096000
2004-04-12,0.2002372443675995,0.206570349348399,0.1990156800105919,0.205654629785444,443784000
2004-04-13,0.1955816894769668,0.2022206515813376,0.1945899796734122,0.2020686434466669,442704000
2004-04-14,0.1965742856264114,0.2002371484789185,0.1923766244660148,0.194589925053737,512016000
2004-04-15,0.1862725019454956,0.1947428885822037,0.1854327866893867,0.1939031733260948,828084000
2004-04-16,0.1801673918962478,0.1855856895282422,0.1797855431620191,0.1855087712422628,654864000
2004-04-19,0.1799385100603103,0.1812360783377456,0.1767334988126656,0.1800145141332212,522804000
2004-04-20,0.1723078191280365,0.1823807046932529,0.1722308871859984,0.1803963436306618,513804000
2004-04-21,0.1725367605686187,0.1785649204684612,0.1712391923173161,0.1729946134610946,688812000
2004-04-22,0.1735285371541977,0.1764286187068381,0.167347439343387,0.1709343004448335,695520000
2004-04-23,0.177344262599945,0.1803203472038835,0.1751309750172871,0.1756648456025542,443928000
2004-04-26,0.1703994423151016,0.1784888801090544,0.169941575870458,0.177725182622128,429912000
2004-04-27,0.1689498573541641,0.1769623907323978,0.1683390821937117,0.1723838080278373,494568000
2004-04-28,0.1682631224393844,0.1716210562938702,0.1669655404282402,0.169025905916838,468768000
2004-04-29,0.163608506321907,0.1684160299181178,0.1613952186408863,0.1672713840419257,645048000
2004-04-30,0.1565877348184585,0.1636845377059843,0.1559769458040872,0.1626928276843927,512928000
2004-05-03,0.154603362083435,0.1598687390702226,0.151856203533489,0.1582662265047733,610668000
2004-05-04,0.1644472628831863,0.1664316235802572,0.1564347439212373,0.1568165926387675,772380000
2004-05-05,0.16582091152668,0.1672714160755568,0.1632266887599335,0.1646002613453616,464280000
2004-05-06,0.1671944558620453,0.168492024036412,0.1606324257421696,0.1641423672347718,711348000
2004-05-07,0.1684920340776443,0.1752839052669871,0.1675763146471605,0.1720788940829213,956772000
2004-05-10,0.1619290858507156,0.1657448722202033,0.1583431265094328,0.1639894511136618,669072000
2004-05-11,0.1658977717161178,0.1675002700982694,0.1633026221946068,0.1639894150128157,399936000
2004-05-12,0.163608506321907,0.165211018735729,0.1578852769409467,0.1649820922895416,482328000
2004-05-13,0.1641423851251602,0.1671184700099327,0.1617770891833332,0.1622349420985647,347952000
2004-05-14,0.1641423851251602,0.1677292453076223,0.1633026697245989,0.1648291781432633,459000000
2004-05-17,0.1615481823682785,0.1639134924427454,0.1591059676159203,0.1617771225183244,308340000
2004-05-18,0.1641423851251602,0.1660498281517556,0.16238695024888,0.1629977391918255,204420000
2004-05-19,0.1637605279684066,0.1701705645070141,0.1629217404179509,0.1678052548429669,498276000
2004-05-20,0.1613952219486236,0.1662027456433629,0.1605555065727727,0.1634555872970468,421488000
2004-05-21,0.1617771089076995,0.163531616120496,0.1595638208463369,0.1633026896349688,282096000
2004-05-24,0.16124227643013,0.1630737150648368,0.1593348337334097,0.1614712028481549,301620000
2004-05-25,0.1682631224393844,0.169025905916838,0.158648088041013,0.1619291035852287,681264000
2004-05-26,0.171697124838829,0.1739864176534382,0.1672714616553901,0.1682631856169152,524568000
2004-05-27,0.1722308695316314,0.177115310506659,0.1720019431287807,0.1745201744958963,556548000
2004-05-28,0.178946778178215,0.179938501653441,0.1729946088627126,0.1743681947941392,637980000
2004-06-01,0.1787938922643661,0.1806253178042801,0.1756648845978021,0.1758938110846342,318420000
2004-06-02,0.1774202436208725,0.1839832008615243,0.1772673212727094,0.1831434856492814,643800000
2004-06-03,0.1688738763332367,0.1778781342678407,0.1683391051579128,0.1774962718162208,700824000
2004-06-04,0.1671944558620453,0.1726887584722617,0.1670424477282978,0.1723078239058499,649608000
2004-06-07,0.1712391972541809,0.1731466265957113,0.1678052458805895,0.1699416153202135,571956000
2004-06-08,0.1681871265172958,0.1705524226651413,0.1656688943284155,0.1702474921058083,615000000
2004-06-09,0.1603265851736068,0.1694077622292883,0.1597927281821063,0.169178835771196,498336000
2004-06-10,0.1587241142988205,0.1632266947600116,0.1572745239289302,0.1629217641728556,564516000
2004-06-14,0.1537644863128662,0.1578852153169014,0.152542922610001,0.1578852153169014,424752000
2004-06-15,0.156053826212883,0.1584191218567473,0.1546033356973543,0.1563587703524976,394584000
2004-06-16,0.1536116749048233,0.1565877606281555,0.1530008857897782,0.1555960367978449,252576000
2004-06-17,0.150559514760971,0.1563587610733537,0.1497958035770968,0.1526198797882021,482376000
2004-06-18,0.1507884562015533,0.1549851907352738,0.1488040950376624,0.1513983308601066,534336000
2004-06-21,0.1481172740459442,0.1533826488647007,0.1471255508590852,0.1510173537910685,266568000
2004-06-22,0.152314007282257,0.1530007864024928,0.147964351606427,0.1489569890243339,430308000
2004-06-23,0.154909148812294,0.1555190233218154,0.1514752121456166,0.1518561466278252,264660000
2004-06-24,0.1535356342792511,0.1595638083882732,0.1523909882957267,0.1590299377292194,590652000
2004-06-25,0.1545273214578628,0.1563587600580095,0.1527718869182953,0.154603325518442,329124000
2004-06-28,0.1532298028469085,0.157274516474238,0.1526199280562457,0.1567406594139428,299376000
2004-06-29,0.1584951430559158,0.1587240694897315,0.153535611585001,0.1541454725871445,363852000
2004-06-30,0.156205877661705,0.1586481059256918,0.1542984479916976,0.1542984479916976,329268000
2004-07-01,0.1490330249071121,0.1581901909616971,0.1488040848395445,0.1579612645393832,505620000
2004-07-02,0.1469726711511612,0.1507115391957449,0.1458280253060563,0.1506355351264456,294948000
2004-07-06,0.1383493542671203,0.1467437380375569,0.1367468554659427,0.1452172433092894,575388000
2004-07-07,0.1390361785888672,0.1430049020334251,0.1383493854363435,0.1401048206562008,344136000
2004-07-08,0.1347634196281433,0.1400287966616844,0.1345344931582625,0.1377395046723633,430056000
2004-07-09,0.12896329164505,0.134763440842844,0.1264450591441669,0.1346105184281196,1114500000
2004-07-12,0.1259871572256088,0.1289632415830489,0.1243086409540454,0.1253772826228698,676044000
2004-07-13,0.1257582604885101,0.1297269697444777,0.1243846743715122,0.1275136818227848,567108000
2004-07-14,0.1201879382133483,0.1246905317434795,0.1177457238412615,0.1213325842043131,901608000
2004-07-15,0.119348257780075,0.1227061922750825,0.1185854605118624,0.1214086236616851,611352000
2004-07-16,0.115838274359703,0.1231640164868854,0.115838274359703,0.1230110941051227,464700000
2004-07-19,0.1171358674764633,0.1184325216777721,0.114540716964137,0.1161432296033716,461088000
2004-07-20,0.1195011213421821,0.119958974136928,0.1159142484583629,0.1170588940904798,341544000
2004-07-21,0.1122513934969902,0.1214854911716788,0.1118704521384003,0.1213325551728581,613416000
2004-07-22,0.1146176010370254,0.1152274756209716,0.1098860890827752,0.1135489594011304,521460000
2004-07-23,0.1115645840764045,0.1155333054063023,0.1108017940629155,0.1153803830753957,371496000
2004-07-26,0.1084365546703338,0.1140068629406798,0.1073679126229714,0.113015139214235,503208000
2004-07-27,0.1120224595069885,0.112328311034694,0.1056124380763084,0.1089703779668145,789888000
2004-07-28,0.1091993153095245,0.112175399909917,0.1060703083412863,0.1117935442837035,505116000
2004-07-29,0.1163721606135368,0.1191962377142272,0.1101910635847962,0.1107258416993075,747360000
2004-07-30,0.1176696792244911,0.1198060480802735,0.1146935952151558,0.1149225216054312,403956000
2004-08-02,0.1191961914300918,0.1196540442269136,0.115762240872919,0.1177456874617138,420984000
2004-08-03,0.1130151227116584,0.1198060870375987,0.1120994100301689,0.1197300829600839,741540000
2004-08-04,0.1142357736825943,0.1153044155187381,0.1116415445140112,0.1117935526611924,507816000
2004-08-05,0.1111067682504654,0.1159911967258514,0.1091233211579987,0.1154564255058232,859920000
2004-08-06,0.0719598457217216,0.0778360050897886,0.0709681220870829,0.0771492188363066,5088948000
2004-08-09,0.0751648545265197,0.0768442785841143,0.0725706251822622,0.0737912752482465,1579212000
2004-08-10,0.081117033958435,0.0818807454723748,0.0780649442450407,0.0793625197037916,2051916000
2004-08-11,0.0787517204880714,0.0800492888450014,0.0782178566581291,0.0800492888450014,963816000
2004-08-12,0.0769202709197998,0.0792095625447983,0.076767348553485,0.0789806361113494,654384000
2004-08-13,0.0801252722740173,0.0806591359663812,0.0780649073306063,0.0787517001934942,815700000
2004-08-16,0.0793625190854072,0.0813459598387263,0.078751736819066,0.0792095898437594,531732000
2004-08-17,0.0837121307849884,0.084169990377347,0.0803541981272417,0.0811169881554715,744912000
2004-08-18,0.0892824381589889,0.0892824381589889,0.0834062810321695,0.0840930738463278,872424000
2004-08-19,0.0889775231480598,0.090351102191969,0.0876039441041506,0.0887485967187218,724404000
2004-08-20,0.0942429080605506,0.095539562105267,0.0882138201647358,0.0885196717430965,1199040000
2004-08-23,0.0963032469153404,0.0972949701636226,0.095234605383227,0.0957684690333517,800028000
2004-08-24,0.0927164033055305,0.0981347020894515,0.0908849712950165,0.0976768423811662,939420000
2004-08-25,0.0966842100024223,0.0973710030140977,0.0930213389564555,0.0947767738163065,721308000
2004-08-26,0.0969131216406822,0.0975239036189012,0.0957684759736495,0.0965321802987493,612720000
2004-08-27,0.098744586110115,0.1001181654599289,0.0969131537996585,0.0969900721145879,565128000
2004-08-30,0.0954635366797447,0.0988974804311867,0.0953875326238692,0.0983636167536105,628056000
2004-08-31,0.0950817018747329,0.0963032728948105,0.0921056239177998,0.0958454131731375,587064000
2004-09-01,0.0969131216406822,0.0982866937120708,0.0926403836663129,0.0938610333908209,591744000
2004-09-02,0.1008818447589874,0.1016446417367592,0.0964552698461563,0.0973709891832334,770088000
2004-09-03,0.0978288128972053,0.099813166378738,0.0969900121640635,0.0978288128972053,715056000
2004-09-07,0.0959974452853202,0.1005000327310924,0.0947007909237804,0.0984396668804755,727332000
2004-09-08,0.0940139517188072,0.0969131174978547,0.0937850253242373,0.0960743165604403,834984000
2004-09-09,0.1034000590443611,0.1050785683664552,0.0958453923357567,0.0963032519578882,1299324000
2004-09-10,0.1073679029941558,0.1079017668538075,0.1013397286228749,0.1016446660049134,1039344000
2004-09-13,0.109428234398365,0.1115646035350017,0.1070629388413575,0.107214946966942,967752000
2004-09-14,0.1098861247301101,0.1106489219121592,0.107596832596971,0.1084365480952737,683556000
2004-09-15,0.103781022131443,0.1068340251917619,0.1024074429771422,0.1065281736174169,1163904000
2004-09-16,0.1076728180050849,0.1087414598022938,0.1051545930018417,0.1055364486427579,810024000
2004-09-17,0.1120993867516517,0.1127092545320951,0.1075968010662116,0.1085125203801713,1003800000
2004-09-20,0.1119464784860611,0.1151514966836426,0.1085125406511657,0.1098861130560726,794628000
2004-09-21,0.1149225383996963,0.1158382577398687,0.1130911065419784,0.114464685552237,503904000
2004-09-22,0.1095811948180198,0.1146176389056101,0.1090464167074103,0.1118704869648673,625920000
2004-09-23,0.1105729416012764,0.1111837239240058,0.1076728598305809,0.1108778722351031,578664000
2004-09-24,0.1072149574756622,0.1111836798867626,0.1056124519081159,0.1110307575141953,476316000
2004-09-27,0.1053075194358825,0.1075968111118928,0.1034000765681446,0.1063761612050599,406020000
2004-09-28,0.1068340465426445,0.1077497593392234,0.1036290346980457,0.1050786113912957,474840000
2004-09-29,0.109428234398365,0.1124803228617385,0.1053835151360952,0.1067570873035736,537228000
2004-09-30,0.1108018308877945,0.1133200560227195,0.1085885431068191,0.1106489085060643,619680000
2004-10-01,0.1153804138302803,0.1159911890848751,0.1108018235973675,0.1113356873727165,590412000
2004-10-04,0.1186614036560058,0.1201878979954663,0.1161431860475934,0.1163721124401306,673932000
2004-10-05,0.1159911826252937,0.1188143447711901,0.1149225409020303,0.1157622561965794,633180000
2004-10-06,0.116449050605297,0.1169829075350607,0.113091110439155,0.115762257665187,498504000
2004-10-07,0.1171358674764633,0.12125658502323,0.1165250784780946,0.1185854440741065,798072000
2004-10-08,0.1107258349657058,0.116372153536564,0.1097331971143243,0.1159142869445437,693420000
2004-10-11,0.1108777895569801,0.1130910764315914,0.1088943500995362,0.1108777895569801,373848000
2004-10-12,0.1092752963304519,0.110115011473672,0.105383499985278,0.1071389275009576,827232000
2004-10-13,0.1085885316133499,0.1140068301479604,0.1076728122389139,0.1125572470195551,672816000
2004-10-14,0.1053075194358825,0.1095811722805252,0.1045447224061498,0.1095811722805252,513264000
2004-10-15,0.1024074330925941,0.1056893691064986,0.0998132042328785,0.1055364399227733,1280484000
2004-10-18,0.1042388901114463,0.1053075320082053,0.1009578745754435,0.1017975831836934,573972000
2004-10-19,0.1035520806908607,0.1076728110060114,0.1027892905133303,0.1066050835102989,618480000
2004-10-20,0.1047736629843711,0.1052315227160741,0.1026363792967557,0.1032471614088605,540204000
2004-10-21,0.1071389615535736,0.1085125407827745,0.1050025920450641,0.1058413932230228,1013964000
2004-10-22,0.1013397052884101,0.1083595948581703,0.1010338605672012,0.1081306684332697,686460000
2004-10-25,0.1017975658178329,0.1040099390796634,0.1002710644270931,0.1004999976765479,529164000
2004-10-26,0.1105729416012764,0.1159143173753679,0.1081307197201741,0.1117935920142895,2455776000
2004-10-27,0.1136249527335167,0.1156853175194932,0.108588510785394,0.108588510785394,1074036000
2004-10-28,0.1124043464660644,0.1144647120470456,0.1113357045187143,0.112099415907846,561552000
2004-10-29,0.1104199886322021,0.1128622099888237,0.1094282649656487,0.1113357082147326,742860000
2004-11-01,0.1127861812710762,0.112862185338499,0.1104968896373847,0.1119464659559715,653892000
2004-11-02,0.1143887266516685,0.1167540231772543,0.1115646492202247,0.1124803689219446,1095756000
2004-11-03,0.1154564246535301,0.1194251472734435,0.1148465499500849,0.1190432847927205,910356000
2004-11-04,0.117593728005886,0.1190433046968771,0.113853938038158,0.1162961594887923,995544000
2004-11-05,0.1346104443073272,0.1432337518548501,0.1330839500523675,0.1358310939012459,3849012000
2004-11-08,0.1360600739717483,0.1378915130238719,0.1325501319036231,0.1331609208801475,718620000
2004-11-09,0.135221242904663,0.1372046758321738,0.1339236612896827,0.1339996653445699,615936000
2004-11-10,0.135221242904663,0.1365178966424922,0.1344575317829431,0.1350683069177375,645912000
2004-11-11,0.1378914415836334,0.1378914415836334,0.135144284428724,0.1360600034803605,507000000
2004-11-12,0.1381203979253769,0.1404096892289182,0.1367468258723026,0.1400287547146907,647076000
2004-11-15,0.1401807516813278,0.1411733891412464,0.1359080141036697,0.1367468149990607,536472000
2004-11-16,0.1397229582071304,0.1421651726976877,0.1371287219059735,0.1406386777733745,472728000
2004-11-17,0.1420891433954239,0.1458280250794525,0.1405626487420503,0.1419362210249907,602772000
2004-11-18,0.1439206451177597,0.1451412955638743,0.1403337700040907,0.1433098559558367,532524000
2004-11-19,0.1446833610534668,0.1566636885748,0.1435387017087376,0.1549091682891225,2126052000
2004-11-22,0.1488040387630462,0.1488040387630462,0.1438436084905381,0.1452171802443548,733788000
2004-11-23,0.1494148969650268,0.1510174094613802,0.1463618937681313,0.1475834580106961,676896000
2004-11-24,0.1500247120857238,0.1524669253686415,0.1488800529599934,0.1492619152942474,428580000
2004-11-26,0.1515512317419052,0.1529248038204277,0.1494148627436251,0.1507115165323426,350760000
2004-11-29,0.1485752314329147,0.153764605859227,0.147277662679539,0.1526959636406686,704388000
2004-11-30,0.1459809094667434,0.1493379278219987,0.1451411943507003,0.1491859197231879,576540000
2004-12-01,0.1496438682079315,0.1496438682079315,0.1462099293748053,0.1472776573220721,514572000
2004-12-02,0.1516272723674774,0.1527719183165073,0.1470486885713577,0.1481933345203876,758652000
2004-12-03,0.1581901758909225,0.160250540785964,0.1547562389476042,0.1552900958048088,1347312000
2004-12-06,0.1657448858022689,0.1670424677776329,0.1561298516690285,0.1589530142024888,970500000
2004-12-07,0.1740623265504837,0.1904692435671122,0.1720019614152731,0.1754358987588727,2927052000
2004-12-08,0.1761227399110794,0.1793277517050762,0.1747491673265829,0.1765046024502162,872724000
2004-12-09,0.1745201498270034,0.1763515744361849,0.1696366237741995,0.1729945562210897,869964000
2004-12-10,0.177878126502037,0.1797855692769735,0.1768094847848515,0.1785649057842739,652848000
2004-12-13,0.1729946583509445,0.1774963247213699,0.1721549427742225,0.1752070323744388,738024000
2004-12-14,0.1765045374631881,0.1766574598108898,0.1728416603928183,0.1731465908562865,512988000
2004-12-15,0.1781070977449417,0.1786409684444835,0.1755128750350073,0.1782600201457024,432768000
2004-12-16,0.1804723739624023,0.1897064734631197,0.1801674434269381,0.1832964507217798,1524036000
2004-12-17,0.1759707331657409,0.1845931306947345,0.1739103674496663,0.1838303334878072,1214244000
2004-12-20,0.1740623265504837,0.180778206752825,0.1731466071964729,0.1780310486907929,898728000
2004-12-21,0.1753598898649215,0.1765805533228179,0.1697895834744453,0.1740623217573197,899400000
2004-12-22,0.1755888015031814,0.1797095309929824,0.175206939140944,0.1788698158631011,421824000
2004-12-23,0.1760466992855072,0.1780310604871457,0.1737574075714188,0.1745971229160131,366972000
2004-12-27,0.1745201498270034,0.1792516541420924,0.1736044306997874,0.1784888573391355,308208000
2004-12-28,0.1736045181751251,0.1762756592112173,0.1729177250723411,0.1749020866509067,291612000
2004-12-29,0.1751309633255005,0.1772673324654917,0.1726127454069603,0.1730705982484208,294732000
2004-12-30,0.174444168806076,0.1766574560473958,0.1736813719024357,0.1752069520644638,259812000
2004-12-31,0.1797855347394943,0.180701240273233,0.176275580356439,0.1769623731519945,575964000
2005-01-03,0.1799385100603103,0.1886378243545951,0.1791757129895986,0.1860436020318404,1066716000
2005-01-04,0.1714681088924408,0.1815409947543285,0.168720950759969,0.1812360642542647,790224000
2005-01-05,0.1730706095695495,0.1751309747814046,0.1687209527101344,0.1696366720982093,724812000
2005-01-06,0.1713921129703521,0.1781830698573211,0.1701705488027017,0.176122704571368,563568000
2005-01-07,0.1681101769208908,0.1730706090033088,0.16559194520061,0.1717730408159522,763092000
2005-01-10,0.1684920340776443,0.170170550563708,0.1675003105757573,0.1686449564525483,579552000
2005-01-11,0.1633026301860809,0.1678052087541063,0.1607844124715018,0.1668894895000996,1093380000
2005-01-12,0.1619290858507156,0.1653630234072076,0.1579612776964371,0.1647531487396532,1057800000
2005-01-13,0.163608506321907,0.1678812450770272,0.1587240780674908,0.162310938070891,898764000
2005-01-14,0.1641423851251602,0.167042465934775,0.1625398726313381,0.1666606034494453,573912000
2005-01-18,0.1667365729808807,0.1671184353870979,0.1619290637859241,0.1623109125468883,464556000
2005-01-19,0.1629217118024826,0.1678812294340426,0.1622349188826599,0.1675002948806236,336492000
2005-01-20,0.1633026301860809,0.1672713518929735,0.1596397668153065,0.1596397668153065,640080000
2005-01-21,0.163608506321907,0.1668135175042958,0.1629977310547083,0.1635315880184464,596352000
2005-01-24,0.1570455878973007,0.1650581240185031,0.1561298683138555,0.1626928277984199,463704000
2005-01-25,0.1597927212715149,0.1620060089719158,0.1568166365092539,0.1577323559472769,439704000
2005-01-26,0.161853015422821,0.1640663021499555,0.1576562825477794,0.1603265077382594,429120000
2005-01-27,0.1748260706663131,0.175588867801704,0.1611663091417571,0.1621580327474075,1002912000
2005-01-28,0.1745971292257309,0.176199628025403,0.1707813290568215,0.1755128486735102,671052000
2005-01-31,0.1749021112918853,0.1781831275762211,0.1724598963975654,0.1760467575276165,562968000
2005-02-01,0.1781830936670303,0.1789468050488555,0.1736814279084177,0.1747491556133335,507180000
2005-02-02,0.1881039589643478,0.1895535353227518,0.1799385020099876,0.18520387837021,2035404000
2005-02-03,0.1861196160316467,0.1874171843782892,0.18352537992527,0.1861196160316467,690120000
2005-02-04,0.1968032717704773,0.1973371287182196,0.1861195967385944,0.1861956008076805,806448000
2005-02-07,0.1944370418787002,0.2006950557117131,0.1926825350764779,0.1970321918646565,521628000
2005-02-08,0.1963454037904739,0.199473496552478,0.1926056215520381,0.1932163967964068,455772000
2005-02-09,0.1894775629043579,0.1974900851808122,0.1884849250292775,0.1968793098264769,783756000
2005-02-10,0.1939031481742859,0.1948948714259211,0.1897824185995623,0.1904692114104335,602376000
2005-02-11,0.1995504051446914,0.2009999950589813,0.1919957375536494,0.192682530478382,556512000
2005-02-14,0.1953527778387069,0.2002372198494564,0.1945899944114348,0.1994735085448108,432900000
2005-02-15,0.1971082240343094,0.2033653245273978,0.196345426917792,0.1966503711051185,748500000
2005-02-16,0.1964213699102401,0.1993214499063793,0.1929114290196209,0.1964973739640786,466464000
2005-02-17,0.1946660131216049,0.1991685929959561,0.1931404188618391,0.1990925889171494,1017408000
2005-02-18,0.2157274633646011,0.2159563897718989,0.2038231264420791,0.2096232867864361,3132120000
2005-02-22,0.2184746265411377,0.2235110761659219,0.2123704494321561,0.2142778922053669,1420800000
2005-02-23,0.2113778293132782,0.2176358435354825,0.2078678876132525,0.2149647029620215,1107840000
2005-02-24,0.2169490456581115,0.2172539761496128,0.2084786587107433,0.2084786587107433,695496000
2005-02-25,0.2200772166252136,0.2212218628111563,0.2148887570360488,0.217254053499865,525132000
2005-02-28,0.2212218195199966,0.2212987378292197,0.21710108859889,0.2190094459053285,758064000
2005-03-01,0.2206878960132599,0.2258772675763298,0.2184746086965384,0.2222144041044606,737148000
2005-03-02,0.2142018377780914,0.2194672125921085,0.2129042699397461,0.2182456488009548,947460000
2005-03-03,0.2113018482923507,0.2150407304916907,0.2081728408399122,0.2136671580194377,761292000
2005-03-04,0.210386112332344,0.2137440457759216,0.2086306776031034,0.2119126069778896,593124000
2005-03-07,0.2125224322080612,0.2169490203202145,0.2098522064067352,0.2113017825073452,511176000
2005-03-08,0.2017628252506256,0.2124465021641493,0.2003892527274845,0.2119886492048546,1332384000
2005-03-09,0.1964973658323288,0.2042049679971951,0.1958875049630868,0.2004660872226501,910140000
2005-03-10,0.1964213699102401,0.198863597119576,0.1932923635206994,0.1971081627356971,689280000
2005-03-11,0.191995769739151,0.1984817967045944,0.19024033480725,0.1981768661621593,732180000
2005-03-14,0.1974131613969802,0.1982528768521553,0.1945900123563085,0.195963584836594,572148000
2005-03-15,0.1934452950954437,0.2003131686124349,0.193292359114115,0.1984057261643642,378108000
2005-03-16,0.1901642680168151,0.1957345872857871,0.1900873497324438,0.1926824992356773,535356000
2005-03-17,0.1882559955120086,0.1914610070999134,0.1877981289164469,0.1907742140291992,442584000
2005-03-18,0.1844410747289657,0.1890196579581592,0.1810071373070706,0.1884088827277217,639012000
2005-03-21,0.1907741725444793,0.191232025395222,0.1832195049904479,0.1843641507625585,654456000
2005-03-22,0.1873402595520019,0.1926825545519107,0.1866534665414623,0.1909271196949628,622992000
2005-03-23,0.1913849860429763,0.1926825543430729,0.1867303846455291,0.1871113328941078,728784000
2005-03-24,0.1917667984962463,0.1971081782448613,0.1916138761446506,0.1919188066158837,865356000
2005-03-28,0.1896295100450515,0.1945899551274746,0.1877980715131252,0.1918427973295851,511188000
2005-03-29,0.1854328066110611,0.1915378983687239,0.1845930912647387,0.1894006147904213,587400000
2005-03-30,0.1854328066110611,0.1881039607905249,0.1790987884105693,0.1855088106813094,858708000
2005-03-31,0.1813120692968368,0.1856617261293801,0.1804723539818328,0.1843641579457945,518316000
2005-04-01,0.1795566231012344,0.1845930725593879,0.1784888956523628,0.1835253451105163,510756000
2005-04-04,0.1784888952970504,0.1790987699054457,0.1745201869409225,0.1785648993594458,421428000
2005-04-05,0.1753598898649215,0.1823037820712164,0.1742912481782049,0.1785649006930754,430128000
2005-04-06,0.1780310869216919,0.1816170331654596,0.1774202979287637,0.1786409616824024,567468000
2005-04-07,0.1813120692968368,0.1831435080616723,0.1758937707149987,0.178946773596006,506352000
2005-04-08,0.178946778178215,0.1861195974090963,0.1785649157220144,0.182074870974686,621540000
2005-04-11,0.1754358857870102,0.1808541974453843,0.1749020289070497,0.1802434086287809,328380000
2005-04-12,0.1775731891393661,0.177878119620111,0.1710102315466753,0.1749020352431307,512232000
2005-04-13,0.1701705902814865,0.178260031610598,0.169025930492277,0.1778021786111209,498408000
2005-04-14,0.1687969267368316,0.1721548595426694,0.1681870658381933,0.1705523611326795,352080000
2005-04-15,0.1629217118024826,0.1678812294340426,0.1613952036022623,0.166660579600226,630156000
2005-04-18,0.1617771089076995,0.1654399736119071,0.1610133974891819,0.1619291170765482,473100000
2005-04-19,0.1674233675003051,0.1686449314998544,0.1636844862601713,0.1644472832028878,365460000
2005-04-20,0.1623109281063079,0.1713151858334867,0.1621580057408722,0.1702474583263051,564672000
2005-04-21,0.1713151484727859,0.1719259235692891,0.1641423310574412,0.1655919070460657,538152000
2005-04-22,0.1697126626968383,0.1713920932039337,0.1677292159423382,0.1702474474709985,336276000
2005-04-25,0.1723837852478027,0.1736813531005703,0.1703234205739713,0.171163135674888,318168000
2005-04-26,0.1716210693120956,0.1760467311695435,0.1681102128029337,0.1724598705765244,353148000
2005-04-27,0.1650580614805221,0.1677292014894472,0.1616241109323597,0.1671184263513186,609348000
2005-04-28,0.1655919104814529,0.1678051975898352,0.1629216848310156,0.1645241831849719,372948000
2005-04-29,0.1673474013805389,0.1684920473474781,0.1596398101536899,0.1671944789935913,478356000
2005-05-02,0.1667365729808807,0.1712391653514911,0.1642183551783085,0.1693317227200709,334908000
2005-05-03,0.16582091152668,0.1699416429282219,0.1651341320565948,0.1668895535361609,439512000
2005-05-04,0.1710862517356872,0.172307829528295,0.1660498154717138,0.1665845866534091,468816000
2005-05-05,0.174444168806076,0.1765805377592162,0.1711631542041439,0.1720788598069755,619272000
2005-05-06,0.1768095046281814,0.1768864229339662,0.1724598474381695,0.1765045741014168,355728000
2005-05-09,0.1800914406776428,0.1813120907058976,0.176504580437109,0.1775732223125875,745332000
2005-05-10,0.1730706095695495,0.1778781329456294,0.1710862484255778,0.1778021288777462,735120000
2005-05-11,0.1701705902814865,0.1747491748572911,0.169865646047347,0.1739863776236745,555420000
2005-05-12,0.1739103198051452,0.1761996113857736,0.1700185159309245,0.1701705377075009,835584000
2005-05-13,0.1932924091815948,0.1943610509924588,0.1816170102622934,0.1896295450861448,2650320000
2005-05-16,0.1939792037010193,0.1952767719696095,0.190927114852117,0.1910031189245098,664104000
2005-05-17,0.196116492152214,0.1970322116170924,0.1926825543928617,0.1928345625413775,639804000
2005-05-18,0.1975660771131515,0.1980239436879454,0.1935982821987804,0.1956586476722123,550056000
2005-05-19,0.1971842050552368,0.1988636357111886,0.1949718316871063,0.1980239203832127,452880000
2005-05-20,0.200695052742958,0.2007710568084723,0.1946659790763396,0.1969552706525428,517008000
2005-05-23,0.2053496539592743,0.2074100191104511,0.2014578500858836,0.2020686389523824,703668000
2005-05-24,0.2082497179508209,0.2090125012430831,0.2033652768045999,0.2043579143849457,522192000
2005-05-25,0.2055786103010177,0.2088596257853147,0.2035942489267506,0.207791898137558,535272000
2005-05-26,0.2113778293132782,0.2129803417271395,0.2070281722545906,0.2074100347208665,788784000
2005-05-27,0.2100042402744293,0.2119886013513553,0.2077918670015574,0.2119886013513553,322740000
2005-05-31,0.2067992240190506,0.2108439501340084,0.2033652867522061,0.2090885155302803,763176000
2005-06-01,0.2087075859308242,0.2125224578369218,0.2029843570170283,0.2054256567128657,796632000
2005-06-02,0.2164911478757858,0.2164911478757858,0.2079438438666465,0.2079438438666465,684348000
2005-06-03,0.2159563899040222,0.2177118107502798,0.2136670985391374,0.2157274634965843,559620000
2005-06-06,0.2138960510492324,0.2162622609933169,0.211912604140178,0.2120646122757251,512892000
2005-06-07,0.2087075859308242,0.2159564088304534,0.207943874705885,0.2124464537717623,974136000
2005-06-08,0.2072571069002151,0.2121415350264094,0.2050447335093689,0.2092414544377019,618720000
2005-06-09,0.2159563899040222,0.2160333081944631,0.2054256387093501,0.2056545651167881,619908000
2005-06-10,0.2135150879621505,0.2159564012171765,0.2120645975058435,0.2157274747977459,465096000
2005-06-13,0.218245729804039,0.2242748179001766,0.2130572713432953,0.2136671460560495,1409916000
2005-06-14,0.2053496539592743,0.2219085655890801,0.1984817655735999,0.2183226200875802,2408412000
2005-06-15,0.2047388851642608,0.2056546046151398,0.1966503597751707,0.2040520921647877,1669788000
2005-06-16,0.2058075517416,0.2071811242604615,0.2016868205397585,0.2046629057016726,489240000
2005-06-17,0.2053496539592743,0.2087075872638394,0.2048157833904488,0.208325738471558,456348000
2005-06-20,0.2084786891937255,0.2098522615996025,0.2019917481311555,0.2053496818924923,606060000
2005-06-21,0.2104621529579162,0.2114547908302087,0.2078679166799044,0.2098522781922643,428172000
2005-06-22,0.2102332115173339,0.2141250162034533,0.2076389889008322,0.2126754396160589,700668000
2005-06-23,0.2135150879621505,0.2161093235741269,0.2090885131174862,0.2098522243155017,836976000
2005-06-24,0.2067232877016067,0.2132093155800642,0.2055786415708764,0.2131333114917996,475632000
2005-06-27,0.2050447314977646,0.2071050830844063,0.2032132927038,0.2054256660729415,354588000
2005-06-28,0.2063414454460144,0.207715018118109,0.2035942864565665,0.2058835787918104,262308000
2005-06-29,0.2044339030981063,0.2067991983794364,0.2027553869978439,0.2064182638778794,283572000
2005-06-30,0.2039000540971756,0.2077149394870661,0.2022975555272384,0.2058074967921208,593232000
2005-07-01,0.2048157602548599,0.2051207043602762,0.2006950304179757,0.2032132617878786,315168000
2005-07-05,0.2080208212137222,0.208859622385552,0.2035942456126963,0.2055786069546624,388440000
2005-07-06,0.2135911434888839,0.2145068493287432,0.2063414053291554,0.2087076155274053,703632000
2005-07-07,0.212064579129219,0.2136670912168727,0.2095463614431945,0.2102331406419726,465900000
2005-07-08,0.2147358059883117,0.2154225854211512,0.2106150748102469,0.2133622198321187,408132000
2005-07-11,0.2179407775402069,0.2201540651181219,0.2157274899622918,0.2166431957043833,399492000
2005-07-12,0.2167200744152069,0.2183985767646432,0.2122934867014528,0.2177877880306747,564252000
2005-07-13,0.2170250862836837,0.2182457363325962,0.2133622082595169,0.2176358616015984,594780000
2005-07-14,0.2074100226163864,0.2235879999594021,0.2071050784713695,0.2193143472214908,1871496000
2005-07-15,0.2051967084407806,0.20740999570552,0.2016107496986797,0.206799206907945,1223352000
2005-07-18,0.2000842541456222,0.204662836763083,0.1980238892387144,0.2045868327064488,1044900000
2005-07-19,0.20283143222332,0.20328929874889,0.1997793571413998,0.2013049375663233,517896000
2005-07-20,0.2058835178613662,0.2067232331852907,0.1977189889228455,0.2004661334540277,526500000
2005-07-21,0.2023735344409942,0.204128968793913,0.1981768007989345,0.2032132495912046,594528000
2005-07-22,0.1971082240343094,0.206265405425432,0.1956586475240058,0.2033653245273978,699264000
2005-07-25,0.198252871632576,0.2043579640209106,0.1939792182665752,0.1948189336996423,974952000
2005-07-26,0.2023735344409942,0.2026784648828563,0.1966503064806317,0.1974130897012221,759492000
2005-07-27,0.2064943164587021,0.2074100358939082,0.1992445786941032,0.2026785163421848,807828000
2005-07-28,0.2080967724323272,0.209088495735338,0.2032892634429348,0.2061124115943914,411240000
2005-07-29,0.2064943164587021,0.2094704012118082,0.2048157999639824,0.2072571135182156,351660000
2005-08-01,0.209623321890831,0.2105390413186254,0.2063413924129032,0.2077149647319672,389040000
2005-08-02,0.2124464660882949,0.2131332590558687,0.2095463991373023,0.2098522438797167,422652000
2005-08-03,0.2124464660882949,0.2144308272761957,0.2105390368472905,0.2124464660882949,518256000
2005-08-04,0.2102332115173339,0.2117597200637216,0.2097753585637938,0.2108440005113843,356424000
2005-08-05,0.215575486421585,0.2160333529766262,0.2084786844483769,0.2099282608972424,684096000
2005-08-08,0.2163381874561309,0.2210697050602076,0.2148116933786114,0.2170249801611432,725544000
2005-08-09,0.2158044427633285,0.2171780152413165,0.2134382187941651,0.2166432303396416,291900000
2005-08-10,0.212599366903305,0.2177878104613774,0.2103860796410996,0.2167200967359422,440556000
2005-08-11,0.215575486421585,0.2159564346702406,0.2105390498329226,0.2125994152174684,701556000
2005-08-12,0.228547528386116,0.2305318758336899,0.2204589901149867,0.2282425842451325,2295420000
2005-08-15,0.2343477010726928,0.2367129968459903,0.2264111705347371,0.2293112374924636,882804000
2005-08-16,0.2303790003061294,0.2341947870323972,0.2287004836992358,0.2321344352220609,637488000
2005-08-17,0.2303790003061294,0.2332030771043761,0.2292343543469398,0.2293872630875959,607572000
2005-08-18,0.2244268059730529,0.2297690869256967,0.2234350825077257,0.2286244547363576,822732000
2005-08-19,0.2228242605924606,0.2254954143181428,0.2221374813806454,0.2248086214610749,422232000
2005-08-22,0.2209928482770919,0.2260292979872522,0.2183986261782893,0.2224433524525022,547224000
2005-08-23,0.2224433720111847,0.223588017912513,0.2200011578303458,0.220763941257022,254460000
2005-08-24,0.2225953489542007,0.2273268542744417,0.2199251229285724,0.2209928367298252,514620000
2005-08-25,0.2241218537092209,0.2253425172134886,0.2216796397591629,0.2235879967842069,296484000
2005-08-26,0.2206878960132599,0.224350773130382,0.2185515269873385,0.224350773130382,323436000
2005-08-29,0.221069797873497,0.221298724322863,0.2168721488993591,0.2186275700671237,343392000
2005-08-30,0.2290053814649582,0.2295401662682902,0.2203829862600403,0.2206879167560615,948852000
2005-08-31,0.2341187596321106,0.2370179123409922,0.2277847415104291,0.2284715344756255,906804000
2005-09-01,0.2341947257518768,0.2363310810800785,0.2322103785376487,0.2334319288409833,556884000
2005-09-02,0.2303790003061294,0.2346526399579706,0.2296162031956388,0.2346526399579706,469800000
2005-09-06,0.2322872728109359,0.2335079224731034,0.2277086903766404,0.2312186312559557,423096000
2005-09-07,0.2396890223026275,0.240299783760653,0.2313715592387436,0.2319814201101688,588012000
2005-09-08,0.2425123453140258,0.2454884313997282,0.2382396046214388,0.2382396046214388,646116000
2005-09-09,0.2456412613391876,0.2461751456641295,0.241138681309581,0.2451074043047596,454236000
2005-09-12,0.2448015362024307,0.2466329751305411,0.2419023833071416,0.2458701780469962,556584000
2005-09-13,0.2522040903568268,0.2534247398356786,0.2436567876643751,0.2436567876643751,854724000
2005-09-14,0.2491512596607208,0.2536538402119901,0.2480065862098281,0.2502959058210964,503448000
2005-09-15,0.2535778284072876,0.2564009777384314,0.251440544332024,0.2529670393617736,759756000
2005-09-16,0.2537297010421753,0.257087633537124,0.2516693227425131,0.2557140480040158,519828000
2005-09-19,0.2501439452171325,0.2542646503458147,0.2487703586472236,0.2534249482642458,428316000
2005-09-20,0.2550273537635803,0.2578505299678096,0.2517463519254429,0.2520512688190799,522192000
2005-09-21,0.2528140246868133,0.2590720383260163,0.2506016650891958,0.254035602397948,625656000
2005-09-22,0.2460231631994247,0.2534248971735457,0.2415205554089878,0.2534248971735457,739152000
2005-09-23,0.2496090680360794,0.2517463517942131,0.2434279580428344,0.2454883371374202,314640000
2005-09-26,0.251669317483902,0.253424751680546,0.2470147314774811,0.2515173093924383,406776000
2005-09-27,0.2525089979171753,0.2549511971084987,0.2506015559938288,0.2527379105971339,404160000
2005-09-28,0.254035621881485,0.2547224148540113,0.2503727442216845,0.2532718969615076,353556000
2005-09-29,0.2593010365962982,0.2594530447589858,0.2520512842756304,0.2541116634976389,513372000
2005-09-30,0.2615902721881866,0.2639555678120099,0.2589191318405666,0.259452988759181,458832000
2005-10-03,0.2687631547451019,0.2706705979676431,0.2625060401547536,0.2646424235036848,549888000
2005-10-04,0.2652531266212463,0.2743333601280009,0.2646423378133278,0.2699077134007536,514476000
2005-10-05,0.2564769387245178,0.265558102114897,0.2548744398761529,0.265558102114897,599184000
2005-10-06,0.2555613815784454,0.2601399679750067,0.2478546730367524,0.2561721435861406,685512000
2005-10-07,0.2522802054882049,0.2586142241386163,0.2502958577867852,0.2560190874903175,551952000
2005-10-10,0.2458702027797699,0.2540356610582081,0.2457941986979348,0.2535778081027515,459216000
2005-10-11,0.2428180426359176,0.2489222193093202,0.2399939664781298,0.2467858366160971,540048000
2005-10-12,0.2457172721624374,0.2494570824289831,0.241825481019381,0.2421313258179185,657660000
2005-10-13,0.24442058801651,0.2455652339355574,0.2350344805641167,0.2451833851002497,509304000
2005-10-14,0.24442058801651,0.2492281117927136,0.240375861324046,0.2461751222840034,311256000
2005-10-17,0.2467859089374542,0.2492281370488431,0.2445726209492795,0.2445726209492795,243912000
2005-10-18,0.2427411079406738,0.2481594195518527,0.2411386094375439,0.2477015667353164,299832000
2005-10-19,0.24068084359169,0.2410626924874343,0.2328212296496826,0.2396131294552478,635952000
2005-10-20,0.2423603236675262,0.2473967620692468,0.2399940990246336,0.2410627412547978,359520000
2005-10-21,0.2437337189912796,0.2472436593349472,0.2420542889229436,0.2464808625745179,298368000
2005-10-24,0.2503727078437805,0.2503727078437805,0.2436568418155465,0.2458701291386009,291012000
2005-10-25,0.2519751787185669,0.2527379755667191,0.2476255364857649,0.2486932501234561,334680000
2005-10-26,0.245107352733612,0.2525851157331938,0.2447255039423806,0.2520512315205824,415344000
2005-10-27,0.2399940639734268,0.2463280838627902,0.2392312667260481,0.2455652866154115,227784000
2005-10-28,0.2473966926336288,0.2478545455797326,0.2346526504799247,0.2406048206508142,464640000
2005-10-31,0.2560190856456756,0.2577745205206131,0.2483884129582433,0.2483884129582433,432420000
2005-11-01,0.252890944480896,0.2579273801670421,0.2509065698809429,0.2560190369182293,400488000
2005-11-02,0.2675425112247467,0.2678474281511248,0.2518223830421042,0.2529670291213199,523668000
2005-11-03,0.2644135057926178,0.2708995337686863,0.2622771495530943,0.2693739665866317,465072000
2005-11-04,0.2599108815193176,0.2651762583712934,0.2571637366849644,0.2645663972941023,570276000
2005-11-07,0.2587661743164062,0.2622001113691925,0.2576984605679602,0.2612844057379851,370824000
2005-11-08,0.2539587020874023,0.2599878036979284,0.2528140561752506,0.2597588635992936,538968000
2005-11-09,0.2654050886631012,0.2670845188013997,0.2515933115485368,0.2544933912135716,818880000
2005-11-10,0.2555613815784454,0.2805915985207986,0.2506018467071113,0.2746394525795855,2503620000
2005-11-11,0.2597588002681732,0.2628108884274994,0.2566298074669756,0.2577744531000542,545928000
2005-11-14,0.2652531266212463,0.2670845651678082,0.2558670211266828,0.2598348150399162,493668000
2005-11-15,0.2658629417419433,0.2693738101134092,0.2650241409034897,0.2668555791344821,496200000
2005-11-16,0.2649472653865814,0.2676184329017336,0.2597588215241266,0.2661688430519973,455280000
2005-11-17,0.2766996324062347,0.2769285724990222,0.2640315957449885,0.2671606165196504,703260000
2005-11-18,0.2761647999286651,0.2799046089743209,0.2707474161999275,0.2776152903128431,465768000
2005-11-21,0.2810492217540741,0.2815070745165611,0.274639201207748,0.2764706122576961,454704000
2005-11-22,0.2885271310806274,0.2912742766137569,0.2802856671907199,0.2824989555874727,731700000
2005-11-23,0.2876883149147033,0.2918850507401643,0.2861618198022234,0.2888329611022915,411948000
2005-11-25,0.2905114889144897,0.2909693419270482,0.2870775230940076,0.2890618984949828,116676000
2005-11-28,0.2890617549419403,0.2937923454818951,0.2838723837396695,0.2912741142276444,424524000
2005-11-29,0.2707474529743194,0.2796757069080973,0.2695259024775233,0.2719681028843013,1043136000
2005-11-30,0.2758599519729614,0.2772335107641368,0.2687631360350942,0.2688391401127685,575448000
2005-12-01,0.2791408002376556,0.2804383815275869,0.2751730074994302,0.2781490908449534,562032000
2005-12-02,0.2792178988456726,0.2811253420244852,0.2754780886917976,0.2804385489515748,334476000
2005-12-05,0.274028480052948,0.2798277132903746,0.2731127470116216,0.2798277132903746,387708000
2005-12-06,0.2751731276512146,0.278912009328023,0.2741044858791332,0.2744863346884432,375252000
2005-12-07,0.275630921125412,0.277920212314254,0.2708994027652962,0.2762417098875114,352668000
2005-12-08,0.2734177410602569,0.2777674123967005,0.2702896477263851,0.2741814388133504,386664000
2005-12-09,0.2773094773292541,0.2776913534208267,0.270441602430879,0.2742573886811302,262896000
2005-12-12,0.2813540697097778,0.2819648582995352,0.2776151898937492,0.2780730698347237,281136000
2005-12-13,0.2850171029567718,0.2874593307881865,0.2798277304142867,0.2818880821249618,443412000
2005-12-14,0.2823459208011627,0.2842542640848282,0.2789888882433957,0.2828806782860173,287472000
2005-12-15,0.2787599861621856,0.2842542749871438,0.2758599057425586,0.2821169915582006,332724000
2005-12-16,0.2812013626098633,0.2824229133744191,0.2770806312210626,0.2797517722977409,1065600000
2005-12-19,0.2765467762947082,0.2838725338945915,0.2758600103989228,0.2818121543356799,292296000
2005-12-20,0.2763937413692474,0.2804384672566988,0.2727308642411052,0.2762417332510833,304356000
2005-12-21,0.2758599519729614,0.2799806829275129,0.2733417199200375,0.2776913909850412,289380000
2005-12-22,0.2842542827129364,0.2845592268582465,0.2755549690948892,0.2756309731618919,318336000
2005-12-23,0.2864666581153869,0.2868485068990747,0.2831096254731476,0.2850170682180784,214536000
2005-12-27,0.2882219851016998,0.2913510046799394,0.2852459287764607,0.2861616342164574,367968000
2005-12-28,0.2908933460712433,0.2918090521222848,0.2863907653284648,0.2882221774305479,264420000
2005-12-29,0.2844062745571136,0.2916560250945992,0.2831856247495065,0.2907402921243287,310464000
2005-12-30,0.2789888381958008,0.2828806275402772,0.2778441926656311,0.2828037229053198,229608000
2006-01-03,0.2916560769081116,0.2937924327750116,0.2796757331371548,0.2805914389795958,472812000
2006-01-04,0.2998214662075043,0.3002793463565035,0.2908163080071294,0.2938693244661053,510072000
2006-01-05,0.3066123723983764,0.3071471570884275,0.2993635509543417,0.2998974077673025,646092000
2006-01-06,0.311648964881897,0.3127936109130813,0.2979901171763034,0.3101233705649605,623388000
2006-01-09,0.3203482031822204,0.3220276064327547,0.3108100889394521,0.3114968545606893,560484000
2006-01-10,0.3204251825809479,0.3204251825809479,0.3147779565465938,0.3188226836067185,339660000
2006-01-11,0.3320236206054687,0.3338550320919659,0.3201962141454113,0.3207300710849544,626304000
2006-01-12,0.3272930979728699,0.3370601557329045,0.32492690097482,0.3319477139951223,495504000
2006-01-13,0.3243929743766784,0.3292004708459295,0.3198143634256358,0.3265293301816621,421296000
2006-01-17,0.3241640031337738,0.3243169391443627,0.3156936023431655,0.3199672687104406,329232000
2006-01-18,0.3258425295352936,0.3269111713514236,0.3113439818124784,0.3143200665801535,459948000
2006-01-19,0.3439279198646545,0.3484304989387878,0.3295823094599186,0.3301921704463579,914760000
2006-01-20,0.3343129754066467,0.3484305767689857,0.3342369713243706,0.3444627816069704,461604000
2006-01-23,0.3362212479114532,0.3390443964343479,0.332329457656872,0.3369080408482637,334884000
2006-01-24,0.3378997147083282,0.3449205247585192,0.3360683034589085,0.3369840090836184,388896000
2006-01-25,0.3349237442016601,0.3417916200305885,0.3308790173238916,0.3395783321653034,400236000
2006-01-26,0.3463701903820038,0.3466751345582817,0.3376708758805208,0.3398072317072064,448836000
2006-01-27,0.3529331982135772,0.3568249894485124,0.3479727376872461,0.3508728188841302,385044000
2006-01-30,0.3489644229412079,0.3548405612528944,0.3473618968272716,0.3544587124188113,315780000
2006-01-31,0.3430890440940857,0.349117215844157,0.3404179043154933,0.3472097734803476,384456000
2006-02-01,0.3433180749416351,0.3446916608639364,0.3356104709349652,0.3369080527884115,450852000
2006-02-02,0.3328632712364197,0.3466750503686034,0.3323294143787432,0.3464461103226445,473736000
2006-02-03,0.3359154164791107,0.3400361469725737,0.3296583303150012,0.3307269720889872,504252000
2006-02-06,0.345378428697586,0.3457593769215685,0.3335501214309538,0.3349997114311885,363468000
2006-02-07,0.3330922424793243,0.3460651945761324,0.3329393064753053,0.3460651945761324,399408000
2006-02-08,0.3427072763442993,0.3427072763442993,0.3340839668273028,0.3340839668273028,393072000
2006-02-09,0.3369080722332001,0.3491173283520138,0.3347707885707266,0.3437759476600698,437100000
2006-02-10,0.3349996507167816,0.3396551379115156,0.3271400399476332,0.3381286435317897,414996000
2006-02-13,0.3361442685127258,0.3385104642352108,0.3316425909752789,0.3339318820619229,280740000
2006-02-14,0.336755096912384,0.3379757467476627,0.3323294498347713,0.3361443353466191,342348000
2006-02-15,0.3432411849498749,0.3441569181068424,0.3352286631016011,0.3360683921804236,493296000
2006-02-16,0.3601819276809692,0.3609456526092941,0.3472858789511093,0.3496511747618238,1305888000
2006-02-17,0.3622423410415649,0.3870436315941077,0.3601819619056874,0.3866617827389169,2356956000
2006-02-21,0.3545357286930084,0.3620903989894007,0.3514067070854051,0.3614796099107676,684060000
2006-02-22,0.353924810886383,0.3567479593437851,0.3411047673316878,0.3494991365167632,939756000
2006-02-23,0.3485065102577209,0.3552224042665609,0.347514800460098,0.3528561807050182,385128000
2006-02-24,0.3484305143356323,0.354229774871994,0.3465991028313375,0.3500330403376543,416412000
2006-02-27,0.3625481724739074,0.3647605596846845,0.3474388351956682,0.3511017131087298,666468000
2006-02-28,0.3596480786800384,0.3639977494561758,0.3561381369217557,0.3609456605978784,563316000
2006-03-01,0.3733078241348266,0.3754441797395109,0.3586563414205059,0.3609456330361333,703932000
2006-03-02,0.3738417029380798,0.3791070794201726,0.3690341793477972,0.3729259698639491,545460000
2006-03-03,0.3751392364501953,0.3816252898041731,0.369720951543363,0.3704077444877188,595800000
2006-03-06,0.3743755519390106,0.3849832366262149,0.3725441131202103,0.3824650048390507,529020000
2006-03-07,0.3679655492305755,0.3773516566180758,0.360563816783739,0.3744525037420903,606204000
2006-03-08,0.3661340773105621,0.3699498908231765,0.3530091164911691,0.3680424480055178,670800000
2006-03-09,0.3680424988269806,0.3767418136267763,0.3678135587175731,0.3705607035779,536700000
2006-03-10,0.3616325855255127,0.3723153507203159,0.3583506547877817,0.3676607340781859,521580000
2006-03-13,0.3659820854663849,0.3677365923511731,0.3625481478896853,0.3652952924929429,372132000
2006-03-14,0.3761309087276459,0.3776574030741058,0.3649133653441184,0.3662869509961435,627792000
2006-03-15,0.3821591734886169,0.3826939583364153,0.3754442068768079,0.376893796933988,510600000
2006-03-16,0.3691871166229248,0.3833038154019884,0.3678895347238418,0.3828459625086215,568416000
2006-03-17,0.3721630871295929,0.3731547966834481,0.3619372541413928,0.3674315690468389,618588000
2006-03-20,0.3693390488624573,0.3755201298789012,0.3689581007057518,0.3754441258229928,293772000
2006-03-21,0.3875774443149566,0.3945213507620159,0.3774285677006457,0.3875774443149566,1235472000
2006-03-22,0.3764359354972839,0.3795649289313269,0.3679655342669422,0.3777334900898879,1158576000
2006-03-23,0.383456826210022,0.3849833486074115,0.3734599548042197,0.3777335952931071,661992000
2006-03-24,0.3964296877384186,0.3971164806939759,0.3838385836184015,0.3844484446284087,687936000
2006-03-27,0.4071124494075775,0.4074182941453835,0.3954370510062724,0.3967346328523028,651444000
2006-03-28,0.4133704006671905,0.4187877842667756,0.4044421481589498,0.4052809491257463,795204000
2006-03-29,0.4355767071247101,0.4363395043128123,0.4116911204146994,0.415125058641658,987096000
2006-03-30,0.4385526776313782,0.4409179732484074,0.4281739337039985,0.4360344460076358,1063308000
2006-03-31,0.4369502067565918,0.444351938800733,0.434279038956472,0.4382468607445473,835560000
2006-04-03,0.4418336153030395,0.4479387193824626,0.4337450919704637,0.4392394072788032,968916000
2006-04-04,0.4625133275985718,0.4632001204719218,0.4419865824964387,0.4424444353151699,1200612000
2006-04-05,0.4662532210350036,0.4685425129674128,0.4518306491122113,0.4616746371701855,1112976000
2006-04-06,0.4671688079833984,0.4706787490659678,0.4586214762218595,0.4650315247496719,789312000
2006-04-07,0.4659471809864044,0.469305113597068,0.4567900165581307,0.465184411436747,682674000
2006-04-10,0.4578588306903839,0.467626814832311,0.4543488886564724,0.4648796426356476,634230000
2006-04-11,0.4467172920703888,0.4593853572758811,0.4439701471376119,0.4593853572758811,702072000
2006-04-12,0.4647266864776611,0.467168914376751,0.447175121313231,0.4496173492123209,598308000
2006-04-13,0.4517536461353302,0.4599950789241583,0.4499222075298661,0.4548066351054126,738360000
2006-04-17,0.452975183725357,0.4642687591600679,0.4493123066177278,0.4509908364675381,443868000
2006-04-18,0.4422917664051056,0.4450389120974044,0.4302344868425461,0.4448859760190077,1165488000
2006-04-19,0.4450387954711914,0.4499223237211799,0.4334393993058364,0.4395444782359057,517476000
2006-04-20,0.4444279670715332,0.4523644843761762,0.4337452056250058,0.441070961289031,552684000
2006-04-21,0.428402841091156,0.4476329050377253,0.4232143701100752,0.4458014664775035,770016000
2006-04-24,0.4415287673473358,0.4458015057797411,0.4235193515607889,0.4311500232967861,676848000
2006-04-25,0.4412229359149933,0.4422915776713072,0.4288607446390376,0.4364923171917508,719766000
2006-04-26,0.4381708204746246,0.4496172780175376,0.4334393014536674,0.4429023122050743,330528000
2006-04-27,0.4451915919780731,0.4493122944998895,0.4270292423375793,0.4364922522594461,462966000
2006-04-28,0.4459545016288757,0.4516017549058195,0.4416808617747076,0.4454966486816262,284736000
2006-05-01,0.4715946018695831,0.4802939444620891,0.4490065981415943,0.4490065981415943,902472000
2006-05-02,0.4709837734699249,0.4807517020485728,0.4628952483089658,0.4751044767695203,539700000
2006-05-03,0.4740367531776428,0.4792252248741169,0.4651845305593737,0.4656423561494223,378114000
2006-05-04,0.4709837734699249,0.4761731185685689,0.4622844321093052,0.4647266598685592,511128000
2006-05-05,0.4773938655853271,0.4790733239255463,0.4668631105237344,0.4734260974981567,338184000
2006-05-08,0.4752573370933532,0.4865509125563756,0.4708316903374851,0.4761730427273032,503622000
2006-05-09,0.4607588350772857,0.4770888758956357,0.4601480734625294,0.4746466481519116,561648000
2006-05-10,0.4505330920219421,0.460605992845583,0.4459544808908237,0.4552645846033328,753264000
2006-05-11,0.4345078766345978,0.459385189871722,0.430997935845721,0.4551115243485495,1201110000
2006-05-12,0.401847094297409,0.4262665341502059,0.3928428358916141,0.4241301783880471,1568172000
2006-05-15,0.4076473116874695,0.4111572539184532,0.3975744100786719,0.4010843523096557,553380000
2006-05-16,0.3969635367393493,0.4100885248290951,0.3943693282733099,0.4099365166956639,497532000
2006-05-17,0.3809385001659393,0.3978792746815375,0.3739176892311744,0.3955899830408223,841074000
2006-05-18,0.3636927604675293,0.3876534166547739,0.3632349076239689,0.383990566615783,686730000
2006-05-19,0.3713234364986419,0.3800227497945027,0.3633869201859463,0.3670497975601534,932808000
2006-05-22,0.3662870228290558,0.3701028091502059,0.3562141230833082,0.3693391115338888,734886000
2006-05-23,0.3623192906379699,0.3826171032842944,0.3607927956148281,0.3739177873096478,532314000
2006-05-24,0.3670498132705688,0.3778864104381328,0.3572827584394786,0.3655242192389403,579522000
2006-05-25,0.3650663793087005,0.3794119906261888,0.3630820044606924,0.3739177014254943,423666000
2006-05-26,0.3658290803432464,0.3688811683004788,0.3620132676662599,0.3664398417950277,294642000
2006-05-30,0.3505668938159942,0.3665919353536848,0.3504148856801825,0.366439927217873,448788000
2006-05-31,0.3507197797298431,0.3586563232051453,0.3485834242336596,0.3552983900190692,598422000
2006-06-01,0.3690341711044311,0.3690341711044311,0.3491933155653087,0.3546876320158316,537126000
2006-06-02,0.3636927604675293,0.3768177479605601,0.3600298831380309,0.3749863092958109,673710000
2006-06-05,0.3484305143356323,0.3684233777733353,0.3473618725688507,0.3617084387753356,581052000
2006-06-06,0.3391204178333282,0.3531620401444092,0.3296583341155015,0.3528561954000624,824130000
2006-06-07,0.3330162763595581,0.343394093409295,0.330421112543848,0.3427833044913885,565380000
2006-06-08,0.3269112110137939,0.3334741702643058,0.313786247680759,0.329200503068136,730572000
2006-06-09,0.3258425295352936,0.3368311355210496,0.3230953848614822,0.3311848380290925,433824000
2006-06-12,0.3078339993953705,0.3244689279653,0.306002560758016,0.3201961897296327,463230000
2006-06-13,0.3031024634838104,0.3139381587000737,0.3002023833338377,0.3076810461757206,532548000
2006-06-14,0.3119547963142395,0.3128705021837684,0.3017289592626181,0.3049339843869952,480492000
2006-06-15,0.3392732739448547,0.3403419154794734,0.3208060085752185,0.323401144421061,837336000
2006-06-16,0.3305739760398865,0.3378997026476034,0.3273689518867884,0.3369839970555781,503448000
2006-06-19,0.3206541240215301,0.3359154706676293,0.3198903989878383,0.3342369676053739,388044000
2006-06-20,0.3156176507472992,0.3227904709146227,0.3105812138253894,0.3118018639001294,535818000
2006-06-21,0.3191275298595428,0.3241639653572329,0.3142440030641137,0.3142440030641137,441174000
2006-06-22,0.3098174333572387,0.3235531816341607,0.3076810506824136,0.3226374759985682,532338000
2006-06-23,0.3099704682826996,0.3163804922135431,0.3063076169583011,0.3092076710411559,335202000
2006-06-26,0.3070703148841858,0.3128704762704676,0.3055447480494462,0.3095125426804836,281736000
2006-06-27,0.2973032891750335,0.309207601042839,0.2931825584887326,0.3089017562877055,608514000
2006-06-28,0.313786119222641,0.3186696182446267,0.2918088862913028,0.2995924924639124,833376000
2006-06-29,0.3279799222946167,0.3279799222946167,0.3041712635219949,0.3052389778160179,687666000
2006-06-30,0.3249268531799316,0.3363733130999783,0.3224855530378157,0.3311848680351538,468240000
2006-07-03,0.3296583294868469,0.332710390908147,0.3273690105157767,0.3324054740454177,174696000
2006-07-05,0.3148539662361145,0.3273690686319624,0.3148539662361145,0.324469014833788,459708000
2006-07-06,0.3050869107246399,0.3179069573804359,0.3018819127059481,0.3148539675273105,470634000
2006-07-07,0.2956237494945526,0.3078339289087277,0.2922667177009893,0.3072231402103858,541230000
2006-07-10,0.2828038334846496,0.2985239602736429,0.2802095973393137,0.2963875770612998,449922000
2006-07-11,0.2922668755054474,0.293334616925646,0.2777674246031714,0.2818881287054456,600582000
2006-07-12,0.2782252132892608,0.2945560996246064,0.2779202691391709,0.291198166207418,461034000
2006-07-13,0.2710523903369903,0.2808203457135877,0.2696788044460498,0.2739524708399026,540582000
2006-07-14,0.2696787416934967,0.2776152564655657,0.2620480715828307,0.2760887622087996,572148000
2006-07-17,0.2718151807785034,0.2748681699286414,0.2670845895095017,0.2684581480767279,502806000
2006-07-18,0.2866195738315582,0.2895196542837726,0.2710523855985754,0.2811252849448623,979332000
2006-07-19,0.2991346716880798,0.3027975214929227,0.2832616129806119,0.2853988962257752,1055550000
2006-07-20,0.2931825220584869,0.3098174508821225,0.2927246692147922,0.3044760708900818,505602000
2006-07-21,0.2712053656578064,0.2844832930895298,0.2690680816426322,0.2832617150328463,633918000
2006-07-24,0.2985239326953888,0.3053918079273515,0.2797517185622824,0.2812782132538871,983178000
2006-07-25,0.3090546429157257,0.3122596399981024,0.2977610944858148,0.3021867686330556,574104000
2006-07-26,0.3090546429157257,0.312717520116019,0.2998974499149924,0.3090546429157257,495318000
2006-07-27,0.3134803473949432,0.3258425397504133,0.3078340497259755,0.3130224944833728,694338000
2006-07-28,0.3459883332252502,0.3465991221500021,0.3197383549119965,0.321569793808881,815298000
2006-07-31,0.3378997147083282,0.3458362576737347,0.3369840090836184,0.3423253887100441,594762000
2006-08-01,0.3243169784545898,0.3343898518447407,0.3182118726009578,0.3337790628961553,600966000
2006-08-02,0.3491933941841125,0.3508728252399235,0.3307270482999915,0.3314898182184158,756774000
2006-08-03,0.3711705803871155,0.3806335925940299,0.3430891624137484,0.3479726903123803,890568000
2006-08-04,0.3661340773105621,0.3815492849136666,0.356671966702313,0.3809384960376255,818232000
2006-08-07,0.3618613183498382,0.3664399013227678,0.3548405078881294,0.3597240349884433,436146000
2006-08-08,0.3714763522148132,0.3792599320967411,0.3638447531624523,0.364760486101242,619806000
2006-08-09,0.3713234364986419,0.3891799432300202,0.3685762921132406,0.3788020999621886,584706000
2006-08-10,0.368729293346405,0.3708656767035656,0.3609457110863678,0.3672027984103042,1072140000
2006-08-11,0.3571297526359558,0.3664398533656887,0.3406468615486759,0.3418675111946932,1603272000
2006-08-14,0.3552984893321991,0.3652184550733404,0.3533141141167611,0.3615555767343137,809412000
2006-08-15,0.3894850611686706,0.3914694368859682,0.3609458068813498,0.3644557500621361,902172000
2006-08-16,0.4174143075942993,0.4190937384304258,0.3815493346602136,0.3916222081673002,1029246000
2006-08-17,0.4108522236347198,0.4230615060316796,0.406731493262177,0.4122258095224037,814224000
2006-08-18,0.4175671339035034,0.4197034892256285,0.3969634847974327,0.4113100487601641,665898000
2006-08-21,0.4021529257297516,0.4120728896044869,0.4012372199625392,0.4113101198544247,500220000
2006-08-22,0.4015421867370605,0.4126837297981018,0.4006264808560342,0.4009314250509018,473928000
2006-08-23,0.4012370705604553,0.4087148039251383,0.3923848238889142,0.4045940749260313,485412000
2006-08-24,0.4053580164909363,0.4074943725301396,0.395894976081828,0.4023049993674378,260802000
2006-08-25,0.4041363596916199,0.4113101066207311,0.3983371265369474,0.4023049209256109,238314000
2006-08-28,0.4180250465869903,0.4299293849513748,0.4100885299119711,0.4108522275167581,764562000
2006-08-29,0.4369502067565918,0.4389336537119643,0.4189407900398696,0.4219928787745521,727962000
2006-08-30,0.4459545016288757,0.4505331129729116,0.4383238284019886,0.4393915697479466,681564000
2006-08-31,0.4442758858203888,0.4468701213880278,0.4346608672066065,0.444885746773787,511278000
2006-09-01,0.4256558120250702,0.441223031350313,0.4239773088982859,0.4377130617600137,605742000
2006-09-05,0.4349659085273742,0.4366444116228302,0.420772302959941,0.4270293902571828,549354000
2006-09-06,0.4131415486335754,0.4279450407002631,0.4120729068046072,0.4273351796513854,493572000
2006-09-07,0.4213829934597015,0.4306921957463684,0.4020000179608343,0.4064256653713094,742836000
2006-09-08,0.4227565824985504,0.4299294018507266,0.4134464795569138,0.4280979630080241,447978000
2006-09-11,0.4293185472488403,0.4342029747096743,0.4085628894163572,0.4132934802952642,598266000
2006-09-12,0.4406130313873291,0.4433602030966903,0.4262664931403285,0.4273351348572796,498432000
2006-09-13,0.4441230297088623,0.449922263071064,0.4403072160280634,0.4416808019743521,476286000
2006-09-14,0.4424444735050201,0.4502280812573229,0.4366443126076279,0.4419866206467689,428814000
2006-09-15,0.4511438310146332,0.453280214086779,0.4418337277700407,0.4439701108421866,649764000
2006-09-18,0.4682365953922272,0.4690002930200766,0.4509909034980401,0.452364462149673,793896000
2006-09-19,0.45602747797966,0.4685426093967846,0.4522116904446913,0.4651846748844246,708054000
2006-09-20,0.4726631641387939,0.473273052444657,0.4610637697323947,0.4619794754874927,511884000
2006-09-21,0.468847393989563,0.4769359187406228,0.4644216921720703,0.4722053273584448,539106000
2006-09-22,0.4549587666988373,0.4703739499714675,0.4497703214719929,0.467473896213159,653334000
2006-09-25,0.4712894558906555,0.4732729296048569,0.4493122505674767,0.4618264741845559,684486000
2006-09-26,0.4613687396049499,0.4720524288518278,0.4554165699934728,0.4708317788757515,516120000
2006-09-27,0.4599951803684234,0.4746466924432821,0.455569532522837,0.4599951803684234,578142000
2006-09-28,0.4512958228588104,0.4531272616949523,0.440002300264147,0.441986647827865,647346000
2006-09-29,0.4516016840934753,0.4578587702069726,0.449159456411253,0.4543488286367264,373890000
2006-10-02,0.4401553571224212,0.4523646168893374,0.4364924782174254,0.4494645625768138,647442000
2006-10-03,0.4319136440753937,0.435270676195242,0.4222986266094996,0.4319136440753937,907692000
2006-10-04,0.4743416607379913,0.4744945967423247,0.4313029201851666,0.4325235972975557,1460382000
2006-10-05,0.4609108567237854,0.4772417713169834,0.4596902067548267,0.4725102517091722,662682000
2006-10-06,0.4720523357391357,0.4769358625575355,0.4603009348578071,0.4616745205865951,593610000
2006-10-09,0.5024240612983704,0.5086811207821158,0.4696102222892256,0.4709838083511591,932304000
2006-10-10,0.4909775853157043,0.5018132282558342,0.485330305226428,0.4998288805964511,624648000
2006-10-11,0.4937246739864349,0.502424015193029,0.4809046295532042,0.4883823929631263,481944000
2006-10-12,0.4957080781459808,0.5059338852781645,0.4885352599059764,0.4964717756623726,414720000
2006-10-13,0.5153958201408386,0.5182958720547888,0.4859408596516004,0.4940293807831762,584190000
2006-10-16,0.5144802927970886,0.525468869644015,0.5053230726499671,0.5170754015995481,478968000
2006-10-17,0.4947923719882965,0.5095968180704941,0.4899088991715585,0.5060868765644814,526506000
2006-10-18,0.4816674292087555,0.5074603981895452,0.4781574877697354,0.5021181174398849,822750000
2006-10-19,0.4908247590065002,0.4944876376741504,0.4760203628572887,0.4798361230035496,473040000
2006-10-20,0.4851772785186767,0.4949452045692286,0.4781573969736243,0.4946402604869964,359478000
2006-10-23,0.4819722771644592,0.4958609614675372,0.480751627413009,0.4841095604307483,280248000
2006-10-24,0.4960139989852905,0.501508343097689,0.4815145501907001,0.4828881362187998,519288000
2006-10-25,0.5005925893783569,0.5082232894190306,0.4923511276806956,0.5007445975298056,389436000
2006-10-26,0.5164647102355957,0.5181431857484614,0.5018131996746037,0.5018131996746037,366690000
2006-10-27,0.4941825270652771,0.5279111391003224,0.4883823661876595,0.5164646812305268,566988000
2006-10-30,0.5001348257064819,0.5089861222802159,0.4921983072059547,0.4975396614435489,479592000
2006-10-31,0.5321848392486572,0.5321848392486572,0.5085282232088015,0.5111233325161993,996174000
2006-11-01,0.491129457950592,0.5300474083718685,0.483803704274184,0.5251638818799728,1176540000
2006-11-02,0.4877725839614868,0.5041025726687187,0.4810567159103195,0.4934189367623158,862944000
2006-11-03,0.4975396692752838,0.4981504855985774,0.4853303837624733,0.4932669569689602,548070000
2006-11-06,0.5126491189002991,0.51951699698629,0.4926562465158393,0.4989133627283174,739602000
2006-11-07,0.5204322934150696,0.5259265800658147,0.513564366875395,0.5164644734378925,553254000
2006-11-08,0.5280640721321106,0.5344740666706603,0.515548972611315,0.5167696224568543,648324000
2006-11-09,0.5385947823524475,0.5524825387690065,0.5340161995863291,0.5388997264660577,1207758000
2006-11-10,0.525621771812439,0.5366104025331799,0.5123438498475031,0.5340161671938721,1317192000
2006-11-13,0.5494305491447449,0.550957016503547,0.5265375777581194,0.5266905137734004,852282000
2006-11-14,0.5549249649047852,0.555993606919968,0.5356948667346395,0.5474462719725431,628530000
2006-11-15,0.5457677841186523,0.5608771232432563,0.5427156674867536,0.5532464223057825,491892000
2006-11-16,0.5527884364128113,0.5547718558971012,0.5433253984506148,0.548056917431713,457182000
2006-11-17,0.5543140172958374,0.5558405392224888,0.5456147308171662,0.5489726642400582,361608000
2006-11-20,0.5595034956932068,0.5625555575185559,0.54332551577227,0.5474462195103933,608634000
2006-11-21,0.5508042573928833,0.5620978379886415,0.5469884971279932,0.5611821319385191,387384000
2006-11-22,0.5602661371231079,0.5608769532477741,0.5498883214963061,0.5527884290799014,240258000
2006-11-24,0.5643868446350098,0.5656084221954039,0.552482508267904,0.5575189708649892,144336000
2006-11-27,0.5388998985290527,0.5685077599667809,0.5350840841862144,0.5610300497838694,585294000
2006-11-28,0.5489727854728699,0.5538563140235557,0.5286740456124804,0.5370684443753456,480966000
2006-11-29,0.5570613741874695,0.5637772432643916,0.5518729008409251,0.5540093117785481,579792000
2006-11-30,0.5645397901535034,0.5691183727441539,0.550346162290083,0.5570611001865133,583632000
2006-12-01,0.5424097776412964,0.559045582221116,0.5375262497708205,0.558282812424754,785010000
2006-12-04,0.5643868446350098,0.5714076543919935,0.5474460456708188,0.5494304474117262,621570000
2006-12-05,0.5585876703262329,0.5617926675015158,0.5523305573974651,0.5584347343234205,663354000
2006-12-06,0.5578248500823975,0.5604190857233686,0.5501932779899036,0.5604190857233686,478242000
2006-12-07,0.5443941354751587,0.5608770589172435,0.5395106075135253,0.5578249426353866,486894000
2006-12-08,0.5425626039505005,0.5500412949613448,0.5326426677722206,0.5404262483465342,564858000
2006-12-11,0.551872730255127,0.5584347879423374,0.5414939855959342,0.5427155634002149,515484000
2006-12-12,0.5462254285812378,0.5495833616117124,0.5388997288713583,0.5477519503294955,568116000
2006-12-13,0.5526355504989624,0.5570611978761761,0.5506512029575734,0.5506512029575734,491952000
2006-12-14,0.562403678894043,0.5694236192008824,0.5566035702236188,0.5570613959771761,715380000
2006-12-15,0.5723235011100769,0.5723235011100769,0.5625555176039541,0.5660663872867815,746094000
2006-12-18,0.5822434425354004,0.5891113174065312,0.5726283958834102,0.5729342133253588,688356000
2006-12-19,0.5906378626823425,0.5936899790116993,0.5740020575330912,0.574765755232985,545622000
2006-12-20,0.5839226841926575,0.5946054417542946,0.5834648041622851,0.5875855606926289,306594000
2006-12-21,0.5788862109184265,0.5888061987764339,0.5723232821377933,0.5871276692377468,367920000
2006-12-22,0.5651507377624512,0.5799542587046441,0.5624035654709898,0.5779707841542248,370170000
2006-12-26,0.5649976134300232,0.5732390729768101,0.5627083221437496,0.5682026648956139,228192000
2006-12-27,0.572476327419281,0.5744597468110041,0.5674398645454749,0.5674398645454749,264954000
2006-12-28,0.5683556795120239,0.5736970875268412,0.5657605702206493,0.5730862713050818,213912000
2006-12-29,0.5648447275161743,0.5802599342662654,0.5642348938416847,0.5683555966898853,386094000
2007-01-03,0.5506511926651001,0.5726284034596966,0.5309632189434845,0.5657605284976989,1154820000
2007-01-04,0.548056960105896,0.5506511959249537,0.5346260996710721,0.5486677217052071,797298000
2007-01-05,0.513717532157898,0.5372212650890681,0.5100546545618729,0.535083981551761,1243344000
2007-01-08,0.5175333023071289,0.5274532379124697,0.5066966785666789,0.5155489549513663,657270000
2007-01-09,0.5074602365493774,0.5218058697533962,0.5068494751673807,0.5182959294323894,764166000
2007-01-10,0.5324894189834595,0.5372209354448314,0.4944871895826651,0.5021178296639409,1108746000
2007-01-11,0.530505359172821,0.5366104640094852,0.5218060186996428,0.5324897065492382,924504000
2007-01-12,0.537679135799408,0.5398154914218186,0.5201275724478593,0.5225698000946942,698190000
2007-01-16,0.5385947823524475,0.5421047234861383,0.5324896778448847,0.541799779372528,711864000
2007-01-17,0.5273003578186035,0.5343211682862439,0.5253168837540775,0.5311161165376739,707934000
2007-01-18,0.4836519360542297,0.522721968540963,0.4770890032847233,0.522721968540963,1501638000
2007-01-19,0.4865509271621704,0.4966237986000216,0.4751044153606412,0.4784623484656674,942606000
2007-01-22,0.4865509271621704,0.4990660260436093,0.4847194612582798,0.4911295100503767,730644000
2007-01-23,0.4867039620876312,0.4944875991173607,0.4752575012568885,0.484261733873762,630354000
2007-01-24,0.5018131732940674,0.5083761584814858,0.4906716595233086,0.4929609511054871,685722000
2007-01-25,0.4842617809772491,0.5082234015484535,0.481820480403438,0.506391934888772,616284000
2007-01-26,0.4802937507629394,0.4931137920683266,0.4715944116788167,0.4883822738072437,829584000
2007-01-29,0.460606038570404,0.4784624954889863,0.4564852799561719,0.4781576058545708,1258284000
2007-01-30,0.4694583415985107,0.4725104041537585,0.459537473572257,0.463658178295844,636174000
2007-01-31,0.4677786827087402,0.4722052571644993,0.4613686343658246,0.4671687945079948,467976000
2007-02-01,0.4737310111522674,0.4761732395319261,0.46243748560259,0.4633531916150056,650898000
2007-02-02,0.4860930740833282,0.4883823656547895,0.4723573246545606,0.4763260195200707,586590000
2007-02-05,0.4940295219421386,0.498150278947379,0.4876195282642211,0.4883822978627301,579906000
2007-02-06,0.5115809440612793,0.5179909360061813,0.4976922643073646,0.5051708975353834,775386000
2007-02-07,0.531574010848999,0.5327946606883619,0.5126488623043968,0.5157018514282012,761058000
2007-02-08,0.5247058868408203,0.532184519502921,0.518906656658523,0.5234852375815554,726276000
2007-02-09,0.4983032941818237,0.5317270209594198,0.4963189464915809,0.5273004453728212,937956000
2007-02-12,0.5092917680740356,0.5201274623632566,0.4966237348200322,0.5019660145613261,789360000
2007-02-13,0.5189068913459778,0.5230275942079926,0.5123439064030363,0.5175333055316346,849732000
2007-02-14,0.5120391249656677,0.5265376466877898,0.510817547019167,0.5234855848669406,1081848000
2007-02-15,0.5150912404060364,0.5176854768495028,0.506849777503002,0.5117333061650318,488682000
2007-02-16,0.4993709623813629,0.5135645363649509,0.4978453685002216,0.5129547027119872,915060000
2007-02-20,0.503797709941864,0.5065448278259526,0.4966239612609434,0.5001348315153813,625578000
2007-02-21,0.4963188767433166,0.5050182173697721,0.4912824135079469,0.4996768099989809,655332000
2007-02-22,0.4995238780975342,0.5121910403545907,0.4983032282495644,0.5041024612287623,655452000
2007-02-23,0.4983032941818237,0.5045604081344517,0.4981504127350097,0.5042554639561762,403050000
2007-02-26,0.490671694278717,0.5034917389631933,0.4899089245167288,0.499676853113862,494070000
2007-02-27,0.4758681356906891,0.4967767014125721,0.4751043836215162,0.4853301903757217,714630000
2007-02-28,0.4731211066246032,0.483345988577307,0.4686945308228469,0.4744946927286834,780048000
2007-03-01,0.4673208594322204,0.4760202001164049,0.4567901073308477,0.4628952123155938,837228000
2007-03-02,0.4543488025665283,0.46884737605888,0.4534330695776491,0.4632001512819834,682728000
2007-03-05,0.4389336407184601,0.4552645268613902,0.4374080466896903,0.4464123044880932,663558000
2007-03-06,0.4648795425891876,0.4699160056721676,0.4467171916028871,0.4485486302430156,805974000
2007-03-07,0.4517536461353302,0.4647265977913882,0.4497701994082664,0.4625902423560079,811656000
2007-03-08,0.4703738987445831,0.4755623706968819,0.4609108594725258,0.4612167315198715,770622000
2007-03-09,0.4656423330307007,0.4822781902450541,0.460300980164307,0.4769359095013781,555306000
2007-03-12,0.4628951847553253,0.4696101230341453,0.4596901330945469,0.4603009492103448,428010000
2007-03-13,0.443360298871994,0.4609109103066031,0.4430544267909135,0.4581637925848219,617070000
2007-03-14,0.4412229359149933,0.4471750778266675,0.4279450116053506,0.444580869319761,971610000
2007-03-15,0.4367972612380981,0.4441230163438364,0.4300822950169414,0.440155194642077,655752000
2007-03-16,0.4326763749122619,0.437865745222847,0.4296242873436993,0.437102047890849,525648000
2007-03-19,0.4348128736019134,0.4418336566201705,0.4334392878237546,0.4349657823103896,461508000
2007-03-20,0.4326763749122619,0.4433600595724453,0.4309978727537236,0.4334391716577835,656490000
2007-03-21,0.4574009776115417,0.464573770421242,0.4416808507262854,0.4502281575113285,1268376000
2007-03-22,0.4674738049507141,0.4702209221323887,0.4557224027642105,0.4578587583623096,810954000
2007-03-23,0.4622843861579895,0.4722053043507652,0.4589273808299743,0.4639638439897597,524640000
2007-03-26,0.4632000923156738,0.4670158506290583,0.4548065975179133,0.4625902041252324,447336000
2007-03-27,0.4545007944107055,0.4630480719821306,0.4540429415779242,0.4621323663165678,469020000
2007-03-28,0.4458015263080597,0.4545008401687593,0.4450387292753668,0.4506859544184794,459504000
2007-03-29,0.4380179047584533,0.4531272403311187,0.4308450857701525,0.4525173793327183,719016000
2007-03-30,0.4392394423484802,0.4471750303299666,0.4369501509431836,0.4439700332787538,581244000
2007-04-02,0.438781589269638,0.441833650322179,0.4316078430641477,0.4381708004501441,400830000
2007-04-03,0.4371021389961242,0.443665068794147,0.4329814091976659,0.4387815693816822,473724000
2007-04-04,0.4361864626407623,0.4400022761217632,0.43496581277609,0.4364923073696432,361692000
2007-04-05,0.4715946018695831,0.4720524821148306,0.438017990775421,0.438017990775421,1332900000
2007-04-09,0.4630480706691742,0.4769358820602334,0.4621323650062078,0.4715944749201483,640950000
2007-04-10,0.4583166539669037,0.467778764863817,0.4574009209182996,0.4624373571688387,794220000
2007-04-11,0.4500751793384552,0.4638109571599298,0.4485486846394004,0.4592323736496084,810150000
2007-04-12,0.4628951847553253,0.4642687705269428,0.444733734767035,0.4476329144313045,743640000
2007-04-13,0.4667108654975891,0.4676266255798784,0.4557222903201561,0.4613685860045441,638694000
2007-04-16,0.464268684387207,0.4690001477779627,0.458316516868563,0.4654893339340925,671838000
2007-04-17,0.4686944186687469,0.4868567420031816,0.466405127236761,0.476020173083507,1059108000
2007-04-18,0.474494606256485,0.4786153092367396,0.4654894481362514,0.4679316211252247,683802000
2007-04-19,0.4810566008090973,0.4838037724702382,0.4693051990569918,0.4706787848875624,568056000
2007-04-20,0.4867039620876312,0.4883824925214477,0.4802939658548275,0.4880775483035264,590052000
2007-04-23,0.4787673354148865,0.4853302662125324,0.4773937495093497,0.4844145604691807,595272000
2007-04-24,0.4967769086360931,0.501202557075259,0.4836519169130735,0.486856915141427,1028088000
2007-04-25,0.5053232908248901,0.5080704635132283,0.4937248207408114,0.4960141131207479,509640000
2007-04-26,0.5115809440612793,0.5153958280615942,0.5007443243343999,0.5053229056038996,500070000
2007-04-27,0.5047134160995483,0.515549115333635,0.4966239614541183,0.5099018889326539,554058000
2007-04-30,0.5019660592079163,0.51799109868391,0.5018131232144702,0.511581104725917,563388000
2007-05-01,0.5073074698448181,0.5144802880682089,0.5031867126293379,0.5111232283673515,544554000
2007-05-02,0.5013554692268372,0.5120391600189008,0.4987612328758267,0.5099018760501891,659658000
2007-05-03,0.5108174681663513,0.514175401539454,0.5051711164626664,0.506086876778227,500250000
2007-05-04,0.5144802927970886,0.5170754015995481,0.5086810056778751,0.513564532575668,405246000
2007-05-07,0.504255473613739,0.5277582811056023,0.5036447119491145,0.5219590472480198,557100000
2007-05-08,0.5080703496932983,0.5092919275794087,0.4914354182675681,0.5012024740920574,737100000
2007-05-09,0.510359525680542,0.5132596331227044,0.4986081248352743,0.5044073572613998,417870000
2007-05-10,0.5008974671363831,0.5192117997776862,0.4964718199846312,0.5124968610457714,802584000
2007-05-11,0.5363057255744934,0.5414941442564762,0.5198227985736622,0.52791132601177,1530630000
2007-05-14,0.530963122844696,0.5392045822236788,0.525926714866046,0.5341681742450288,731568000
2007-05-15,0.5262327194213867,0.5356948318399218,0.5250111960166207,0.5324898338806789,621360000
2007-05-16,0.5329476594924927,0.5329476594924927,0.5166176725862358,0.5266905456746044,523104000
2007-05-17,0.5240954756736755,0.5341684051471641,0.5210434135208794,0.5314212326396615,443664000
2007-05-18,0.5344738364219666,0.5359994297476078,0.5236372715596667,0.5280638446448097,604266000
2007-05-21,0.5361528396606445,0.549430769481316,0.5303536040646141,0.5329478409387725,645768000
2007-05-22,0.5390528440475464,0.543936373066822,0.5279113263645953,0.5366106701801399,401736000
2007-05-23,0.5247058868408203,0.5425623306082508,0.5231793657138698,0.539357334878326,448248000
2007-05-24,0.5057809352874756,0.528673848411868,0.503644579965725,0.527148309175698,607800000
2007-05-25,0.513717532157898,0.5163117679852693,0.5079182989018867,0.5094438929606045,308976000
2007-05-29,0.519212007522583,0.520890538198356,0.5100548375380036,0.5115813600216643,316242000
2007-05-30,0.5204322934150696,0.5204322934150696,0.5066964949167149,0.513106541493413,331650000
2007-05-31,0.5286739468574524,0.5318789989564956,0.5218060716412519,0.5242482993991526,481572000
2007-06-01,0.5323365926742554,0.5425623969733709,0.5314208872938397,0.534625883415793,429084000
2007-06-04,0.5352368354797363,0.5382888964253929,0.5253168459817001,0.5274532013140429,322002000
2007-06-05,0.5511091351509094,0.5520248410905488,0.5358477879448146,0.536763493884454,698586000
2007-06-06,0.5552300214767456,0.5640822478571924,0.545005081877023,0.5472943745432689,950736000
2007-06-07,0.5492776036262512,0.560876997843651,0.5491255954909234,0.5526355370200168,791862000
2007-06-08,0.5578248500823975,0.5585876743474556,0.5379839961728515,0.5446989892811495,533268000
2007-06-11,0.5598082542419434,0.5631661870247823,0.5547717917157501,0.5578247804061064,434634000
2007-06-12,0.5540090799331665,0.5646927130003877,0.5537041358088655,0.5569091329413083,526770000
2007-06-13,0.567287027835846,0.5674399638579787,0.5529405155069594,0.5601142083195744,587232000
2007-06-14,0.5773598551750183,0.5794962105653536,0.5639289963923968,0.5646926939121734,508548000
2007-06-15,0.6036109328269958,0.6081895173493509,0.5837700724105936,0.5839230084646627,1081998000
2007-06-18,0.6039157509803772,0.6118522681493667,0.5990322232469582,0.6097149845108922,685662000
2007-06-19,0.6077314615249634,0.6091049926967487,0.59597913256102,0.6000998352384003,491952000
2007-06-20,0.6083413362503052,0.6135307354967804,0.6042206332946888,0.6104786196699911,822792000
2007-06-21,0.6559589505195618,0.6613012883567428,0.6153624445694613,0.6200939659625032,1297326000
2007-06-22,0.6657265424728394,0.6695423554548473,0.6463435704997648,0.65626443318034,882618000
2007-06-25,0.6481751203536987,0.6629795128983772,0.6411552368468715,0.6471074064099558,819702000
2007-06-26,0.6181092858314514,0.648327954507605,0.6165827640603357,0.6464964886169519,868482000
2007-06-27,0.634745180606842,0.6355080049563587,0.6150572605213989,0.6181093766347805,613140000
2007-06-28,0.6408494114875793,0.6477173419307104,0.6303186575828125,0.6365766996466099,597534000
2007-06-29,0.6304715275764465,0.6452759196489034,0.6301665834187217,0.6451230382123923,516570000
2007-07-02,0.6567225456237793,0.6570274352528632,0.6374924482556913,0.6394759228566425,563850000
2007-07-03,0.6577900052070618,0.6629793491309753,0.6509221315417612,0.6562644114503061,238770000
2007-07-05,0.6648109555244446,0.666947311213612,0.6547380283525317,0.6579430804059693,373290000
2007-07-06,0.6680159568786621,0.670610192756544,0.6626746036860386,0.6638952536160396,282720000
2007-07-09,0.6873989701271057,0.6906040223749622,0.6703052853638406,0.6704582213901088,536784000
2007-07-10,0.6941141486167908,0.6982348532001459,0.6765625789893236,0.6838883366719963,552654000
2007-07-11,0.691061794757843,0.6986924940816376,0.6814467479170363,0.6939609747298182,582612000
2007-07-12,0.7043395638465881,0.7051023334151401,0.6910616423480823,0.6959451687600353,438732000
2007-07-13,0.7000661492347717,0.710749784316908,0.6993033248415341,0.7023554411298465,372630000
2007-07-16,0.7127332091331482,0.7156332624864141,0.7005239261142069,0.7006768621331754,541710000
2007-07-17,0.70968097448349,0.729979707134222,0.7090702129680284,0.7156331429181746,643812000
2007-07-18,0.6967079639434814,0.7015923634484693,0.6829721629508931,0.6994550804771955,550656000
2007-07-19,0.6959453821182251,0.7101390135174267,0.6910618542091134,0.7066290716438867,407376000
2007-07-20,0.6883147954940796,0.7029662537688751,0.6849568614840512,0.7005240256670786,505650000
2007-07-23,0.6951825022697449,0.7093761314221217,0.6843458784318571,0.6858724002534266,360474000
2007-07-24,0.6768683195114136,0.6982347737378795,0.6725946793475205,0.692435539170214,457560000
2007-07-25,0.6736631989479065,0.6866352519579224,0.6580959821177933,0.6770202046634107,437196000
2007-07-26,0.6770200729370117,0.686483110245979,0.6574850925638467,0.6664893218969743,710268000
2007-07-27,0.6753420829772949,0.7064764783710095,0.6750371386514594,0.6753420829772949,615480000
2007-07-30,0.6942668557167053,0.6953345696189125,0.6776309976407654,0.6777839336572251,538158000
2007-07-31,0.698387622833252,0.7315054781211379,0.6974719169864004,0.7217384221236001,711492000
2007-08-01,0.6931982636451721,0.7052554846082852,0.6608431788135756,0.6883147357429851,705828000
2007-08-02,0.6901461482048035,0.7017446156801781,0.6808360447170644,0.7011347819055788,468606000
2007-08-03,0.6492437124252319,0.6928932436419003,0.6489387682811472,0.6878567802634453,623412000
2007-08-06,0.6547379493713379,0.6596214763512023,0.6364236179313324,0.6547379493713379,524724000
2007-08-07,0.6651161313056946,0.6759527052969927,0.6460389666825764,0.6547382563630709,565764000
2007-08-08,0.6957923173904419,0.7165489309502796,0.6719836973081464,0.6771730417316525,660744000
2007-08-09,0.7040338516235352,0.7234168814426393,0.6844988682473175,0.7005239100296774,1251834000
2007-08-10,0.6713739037513733,0.6759524872814333,0.6316921915186001,0.6463437024796093,1141014000
2007-08-13,0.6640481352806091,0.6812938818337736,0.6501594489411985,0.6767152983932807,700410000
2007-08-14,0.6898403167724609,0.7005240069245591,0.666642452578253,0.6686268003823282,1092174000
2007-08-15,0.6606901288032532,0.6959452610662514,0.65977442313249,0.6861773336506761,695142000
2007-08-16,0.6497014164924622,0.6588585804579707,0.6181091680628561,0.6541270625059763,780030000
2007-08-17,0.6880086660385132,0.6886194275143406,0.6469543057563435,0.6677108625821616,728712000
2007-08-20,0.6852614879608154,0.6959451742961308,0.6768680206846082,0.6884665392804029,519684000
2007-08-21,0.7223482728004456,0.7278425621759024,0.6791574917076948,0.6893824273856618,715338000
2007-08-22,0.7388309836387634,0.7431046218220524,0.725705998304862,0.7406623947117283,566154000
2007-08-23,0.7325740456581116,0.7510413150756646,0.7293690482288566,0.742341973960808,667986000
2007-08-24,0.7363898754119873,0.7377634614653076,0.7250954240882346,0.7304377601493064,361644000
2007-08-27,0.7530248761177063,0.7608085129401805,0.7330320088870528,0.7363899429617634,635946000
2007-08-28,0.707086980342865,0.7585191720201903,0.7054075221843297,0.7554670556481675,560022000
2007-08-29,0.747225284576416,0.7481409900645531,0.7203645538703921,0.7218901474865882,538560000
2007-08-30,0.7429517507553101,0.7614190174010873,0.7397467538070971,0.7400525712100405,465660000
2007-08-31,0.7808019518852234,0.7837011312902197,0.7543981709133201,0.7585189278596538,720834000
2007-09-04,0.804915726184845,0.8082736596210598,0.7721028184881391,0.784312101155808,683268000
2007-09-05,0.7988107204437256,0.8241458679838622,0.7982008866451239,0.8014058844661113,656274000
2007-09-06,0.8023213744163513,0.8160571224506995,0.7989634414654053,0.8087314229143203,425496000
2007-09-07,0.7730184197425842,0.7881277536375888,0.7580610939642806,0.7800383019405588,602304000
2007-09-10,0.7751548886299133,0.8035421493212783,0.7687448937143905,0.7898063991471415,872112000
2007-09-11,0.7916377782821655,0.7975899473636346,0.776299530006698,0.7845409906901923,405424000
2007-09-12,0.7605034112930298,0.8040000068681489,0.7527198306629206,0.8001081619720763,554452000
2007-09-13,0.7607321739196777,0.7758415066197973,0.7552378860053635,0.7749258010642461,452864000
2007-09-14,0.7382972836494446,0.7540934133557451,0.7360079918621991,0.7531777075570512,487308000
2007-09-17,0.7366948127746582,0.7472255663112709,0.7286823185061639,0.7394419848558698,374828000
2007-09-18,0.801253080368042,0.8126995420285215,0.7433339243268783,0.7444785977834435,844740000
2007-09-19,0.7866013050079346,0.8241456732864465,0.778817670534464,0.8085785135015309,521360000
2007-09-20,0.7820229530334473,0.7955297936821322,0.7733236643162629,0.7870594178156273,324172000
2007-09-21,0.7895774245262146,0.8012528502738184,0.7820227565416541,0.7898063919003963,457532000
2007-09-24,0.8097232580184937,0.8218565098619907,0.7886617518944562,0.7943850086120399,456360000
2007-09-25,0.8200250864028931,0.8234589967188997,0.8026264582803375,0.8049157500180153,360748000
2007-09-26,0.8394840359687805,0.8413154474010842,0.8220854090378283,0.8241457332539158,518032000
2007-09-27,0.8420022130012512,0.8516172591612738,0.8330739597513026,0.8474965017008292,378280000
2007-09-28,0.8296400904655457,0.8500148022474991,0.8278086244218655,0.8470387176849095,404292000
2007-10-01,0.8646661639213562,0.8687869211369892,0.8358210817359721,0.8367367873679978,398200000
2007-10-02,0.8564246892929077,0.864208323483343,0.8438336142625462,0.8626057704286867,284960000
2007-10-03,0.8200250864028931,0.841315505021399,0.8065182487762877,0.841315505021399,467196000
2007-10-04,0.8236880302429199,0.8284955269037874,0.7955296795691971,0.8191094463998962,378976000
2007-10-05,0.845436155796051,0.8500147386913813,0.827808562526117,0.8367368155463153,344840000
2007-10-08,0.8591722249984741,0.8605458112956959,0.8413157122966591,0.8513886420889294,252484000
2007-10-09,0.8440626859664917,0.8630638130505417,0.831471553984088,0.8591720225129678,403008000
2007-10-10,0.8449786305427551,0.8497861282275697,0.8246039117273889,0.8497861282275697,389136000
2007-10-11,0.8074340224266052,0.8477256258937992,0.7982768547061588,0.837194872099081,529104000
2007-10-12,0.8271219730377197,0.8271219730377197,0.8037711726967525,0.8163623060458013,409952000
2007-10-15,0.8330740332603455,0.8438337534135828,0.8259772453380576,0.8298690357845393,355900000
2007-10-16,0.8406288027763367,0.8555092279678904,0.8291823428524593,0.83215842789077,276360000
2007-10-17,0.905186653137207,0.9077048572227748,0.8724497817007839,0.873365487315444,717944000
2007-10-18,0.9045000076293944,0.9081628852657498,0.8795467117240572,0.9022107159293,340620000
2007-10-19,0.855967104434967,0.9028976172071008,0.8557381370307775,0.9024397369797478,505768000
2007-10-22,0.8964874148368835,0.8983188808545547,0.8436047409860313,0.8504726157450107,537656000
2007-10-23,0.9008371233940125,0.9081628786130588,0.8763417078405416,0.9081628786130588,294292000
2007-10-24,0.8703896403312683,0.8813782198638257,0.8275798317239924,0.8813782198638257,565500000
2007-10-25,0.7943850755691528,0.8516174292449042,0.7689738965643765,0.8436048800811298,806192000
2007-10-26,0.787517249584198,0.8250616838344184,0.7760707890398697,0.8195673391083174,616580000
2007-10-29,0.7689740061759949,0.772636884756379,0.7453942901297493,0.7605036301606879,813896000
2007-10-30,0.7971321940422058,0.8133861495155039,0.7623348821240437,0.7751549271735702,525212000
2007-10-31,0.8099522590637207,0.8104100846883009,0.7769864125289098,0.801939710242308,455188000
2007-11-01,0.8099522590637207,0.8262062149378125,0.7863724928050866,0.7973611265103647,587236000
2007-11-02,0.8410865664482117,0.8470387356999836,0.8097232214801855,0.8211696798178166,491844000
2007-11-05,0.8410865664482117,0.8612323658710537,0.828724347778755,0.8339897240721672,436636000
2007-11-06,0.8676422238349915,0.8745100977541459,0.8452071362838143,0.8490989806275776,554620000
2007-11-07,0.8264350891113281,0.8706184800979768,0.8195672138345107,0.8671845697500786,546768000
2007-11-08,0.7746970653533936,0.8333029984353224,0.7511173007782382,0.8184225750783835,996824000
2007-11-09,0.7637082934379578,0.796674131619397,0.7474543416825326,0.7909508761141992,871056000
2007-11-12,0.6874749064445496,0.7689737503570453,0.6874749064445496,0.7634794616048027,715732000
2007-11-13,0.7481412291526794,0.7488280221335157,0.6874749706873122,0.6986925165996107,726696000
2007-11-14,0.7364657521247864,0.7744680005209187,0.7325739621783165,0.7671423007432747,666720000
2007-11-15,0.7266218066215515,0.7385261440227023,0.7096810061858336,0.7316582696561185,496436000
2007-11-16,0.7428760528564453,0.7449364323541277,0.7266220934797115,0.7325742645301039,423592000
2007-11-19,0.6927403807640076,0.7360080131698659,0.6888485900711239,0.7323451352880272,568412000
2007-11-20,0.6874749064445496,0.706933911727469,0.6664134025497683,0.7057892386727017,622628000
2007-11-21,0.6801491379737854,0.696403145704457,0.6709919720447929,0.6730523507531205,648452000
2007-11-23,0.691824734210968,0.6948008193336244,0.6762575155246865,0.6849568580619982,141976000
2007-11-26,0.6757994294166565,0.7055602715773109,0.6744258982700974,0.6913666433607689,385896000
2007-11-27,0.7048735022544861,0.706933880914653,0.680149122075522,0.6854144978197177,458856000
2007-11-28,0.752032995223999,0.7621058669162385,0.7236457369353951,0.7270797014787805,574548000
2007-11-29,0.7582142353057861,0.7806493294626637,0.7476834812795804,0.750888479135984,489084000
2007-11-30,0.7220432162284851,0.7829384338117324,0.7197539247966794,0.7829384338117324,652656000
2007-12-03,0.7325740456581116,0.7460808829168507,0.7213565000747002,0.7325740456581116,490688000
2007-12-04,0.7318870425224304,0.7382970355401918,0.7176934163789549,0.735778831794786,371712000
2007-12-05,0.7698894739151001,0.7840831035536424,0.7504305227617126,0.7598166018721103,666704000
2007-12-06,0.7854568362236023,0.7879750410597574,0.7611903300065708,0.7680582060351064,371152000
2007-12-07,0.7756125926971436,0.789577252495841,0.7676000462909847,0.7886615469416818,320292000
2007-12-10,0.7840833067893982,0.7932404754894915,0.7758418440431082,0.7781311362181315,336360000
2007-12-11,0.7849987149238586,0.8154463493393257,0.7831673037110684,0.8007948413129629,582436000
2007-12-12,0.8120124936103821,0.826206123439948,0.7962163651102063,0.8181935755058818,617504000
2007-12-13,0.7898063063621521,0.8074338448900084,0.76645551197692,0.8021684691503873,500364000
2007-12-14,0.8028551936149597,0.8115545330438271,0.7808779868749375,0.7861433621658287,354016000
2007-12-17,0.7618770003318787,0.8019396313349044,0.7600455342706957,0.7943849634624424,507408000
2007-12-18,0.7813359498977661,0.7898063228959501,0.7657687351213898,0.7735523152190709,396896000
2007-12-19,0.7886616587638855,0.7959874133978723,0.7753837898934262,0.7785887870779148,253536000
2007-12-20,0.8051446676254272,0.8069761337751183,0.7845410418632914,0.8012528771062369,279940000
2007-12-21,0.804915726184845,0.8218564736258495,0.7975899710087798,0.8147596858234868,433408000
2007-12-24,0.8191094398498535,0.8230012306272002,0.8049158082175701,0.8108679780821091,104008000
2007-12-26,0.830098032951355,0.830098032951355,0.8126994032815756,0.8207119523664974,215340000
2007-12-27,0.8044578433036804,0.8333029837442119,0.8023975190144428,0.8287243458388586,241368000
2007-12-28,0.7964454293251038,0.8126993853756223,0.7895774990716182,0.8030843376017665,262064000
2007-12-31,0.7788175344467163,0.8044576156391595,0.7785886217195883,0.7900350767910356,276236000
2008-01-02,0.7556959986686707,0.784083207114075,0.7453941579001554,0.7811071222067717,483964000
2008-01-03,0.7497435212135315,0.7751546343247491,0.7469963502475614,0.7600453031739165,475308000
2008-01-04,0.6867884993553162,0.7309719107164245,0.6822099137260977,0.7273090312968407,736092000
2008-01-07,0.6158199906349182,0.6970899176873077,0.6032288605699108,0.6913666618629372,1006800000
2008-01-08,0.6288691759109497,0.6705343166869159,0.6048315799991528,0.6192541266300244,1106956000
2008-01-09,0.6613768339157104,0.6616058012387704,0.6279531720116418,0.6373392494079052,741036000
2008-01-10,0.6476410627365112,0.6579428998780924,0.6348210217834122,0.6432913933139766,554432000
2008-01-11,0.6192538142204285,0.6455806891001309,0.6146752320310024,0.6323028225831974,572612000
2008-01-14,0.6604611277580261,0.6613768333064022,0.6183381267226604,0.6284109969168105,539188000
2008-01-15,0.6119281053543091,0.6428335619127488,0.6011683882640494,0.6352788959669302,725692000
2008-01-16,0.5427916049957275,0.5805649462750069,0.5302004730422941,0.5734681582029384,1464472000
2008-01-17,0.5334053039550781,0.5659132585802257,0.5320317184138318,0.5512618068292733,1133900000
2008-01-18,0.5686604380607605,0.5716365219170775,0.515548863275571,0.5350078101272538,920428000
2008-01-22,0.5402734279632568,0.5535513549197437,0.5111994236903354,0.5144044217208568,709092000
2008-01-23,0.5501173734664917,0.5663713289507244,0.51325973710168,0.518296146337403,929880000
2008-01-24,0.5922400951385498,0.5924690624348468,0.5556114408030788,0.5608768153219028,597092000
2008-01-25,0.5711790323257446,0.6286403703901762,0.5684319139057645,0.6149046145471498,688012000
2008-01-28,0.5643109083175659,0.5748416607878073,0.5521776571558988,0.5691184589728611,577608000
2008-01-29,0.5817095041275024,0.5839988502263911,0.559503381862231,0.5743838040189163,414484000
2008-01-30,0.5766729712486267,0.5853722553092159,0.5601900540400329,0.5723233019278304,530476000
2008-01-31,0.5629372596740723,0.5734680099495767,0.5455385813223634,0.5640818779661019,588708000
2008-02-01,0.6149045825004578,0.6181095811139221,0.5569854216750961,0.5617929195952927,593104000
2008-02-04,0.5956742167472839,0.6316161424687532,0.5924692195591571,0.6281821779236068,565128000
2008-02-05,0.5583587288856506,0.583998871221012,0.5581298160999384,0.5837699038542827,494928000
2008-02-06,0.5565273761749268,0.5798781747935878,0.546225535596363,0.5643109575208062,557380000
2008-02-07,0.5620216131210327,0.5778177417264966,0.528826857228814,0.5405022827368174,664128000
2008-02-08,0.5720946788787842,0.5764442958209977,0.5494306698863387,0.5567563721254005,393932000
2008-02-11,0.5739259123802185,0.5862881299937819,0.570034122335935,0.5769019967519085,503732000
2008-02-12,0.5952161550521851,0.6034576128655844,0.5794200321249194,0.5826250829164067,609688000
2008-02-13,0.6185672879219055,0.620398754335302,0.5933850750311902,0.5997950710255063,742312000
2008-02-14,0.5176093578338623,0.6009396787264715,0.5162358264001073,0.6004817985278714,2184296000
2008-02-15,0.5098258852958679,0.529513810158694,0.5015844220299135,0.5155491433848208,817364000
2008-02-19,0.5022711753845215,0.5201276868093353,0.4979215039480622,0.5192119262893219,558608000
2008-02-20,0.4986081719398498,0.5059339267756445,0.4855592154856662,0.487619594267174,759016000
2008-02-21,0.4873906672000885,0.506162881405707,0.4844145824633067,0.5036446768518996,644272000
2008-02-22,0.5109702348709106,0.5118859403020396,0.4876194461816244,0.4912822679061401,723052000
2008-02-25,0.5107414126396179,0.5164646687264588,0.4972345763059667,0.5105124998620691,671784000
2008-02-26,0.5150912404060364,0.5228748230329453,0.499981900847312,0.5077654834742209,565420000
2008-02-27,0.523103654384613,0.5272243574736803,0.5093678500653473,0.5125729020024193,537816000
2008-02-28,0.5034156441688538,0.5194407389409774,0.5034156441688538,0.518525033274831,503608000
2008-02-29,0.4896802306175232,0.5018134890969114,0.4876199051036636,0.4951745775372846,540576000
2008-03-03,0.4839567542076111,0.4924271281885352,0.4775467045862222,0.4889931632876089,449028000
2008-03-04,0.47914919257164,0.4816674516360311,0.4603769788910902,0.4807516912956965,778888000
2008-03-05,0.4846436381340027,0.4960900989833846,0.4786914675761179,0.4837278776012276,644656000
2008-03-06,0.454195886850357,0.4818963538853602,0.4535090939006447,0.4786913565073814,1075284000
2008-03-07,0.4475569128990173,0.4651844788088242,0.434965782696081,0.4459543870595755,767500000
2008-03-10,0.4219167828559875,0.4475568661211181,0.4212299900380816,0.4420625508683742,776100000
2008-03-11,0.4358815550804138,0.4402311982911119,0.4175671946240025,0.4349658220478132,857940000
2008-03-12,0.423977255821228,0.4438941168097842,0.4203143779337779,0.4400023261109382,743320000
2008-03-13,0.4509908854961395,0.457400907486091,0.4148200451749483,0.4173382495810126,1220528000
2008-03-14,0.419398546218872,0.4537379410573631,0.4161935222067578,0.4532800882814906,1154972000
2008-03-17,0.4088678061962127,0.4230614336384722,0.3962766771550298,0.4010841996487633,800952000
2008-03-18,0.434279054403305,0.4349658473951506,0.4065786129594501,0.4184829247529003,1075256000
2008-03-19,0.4042893350124359,0.4301583384599407,0.4042893350124359,0.4242061960048276,880476000
2008-03-20,0.423977255821228,0.4248929616478347,0.4017711029756434,0.4090968314600319,633460000
2008-03-24,0.4585456252098083,0.4610638300108067,0.4317608872400493,0.4333633861662325,887440000
2008-03-25,0.4651845097541809,0.4738837959672457,0.4562562561753129,0.4606059265723537,735388000
2008-03-26,0.4503040611743927,0.462208398593574,0.4452676254227043,0.4590034014671832,721652000
2008-03-27,0.4438941180706024,0.4560273704054179,0.4365683622748945,0.4434362651559986,601308000
2008-03-28,0.4505330920219421,0.4622084917316927,0.4473280669592104,0.4519066507998165,561788000
2008-03-31,0.4530512392520904,0.4638109317441474,0.4473280101778086,0.4553405308818031,569992000
2008-04-01,0.4807517528533935,0.4818964261348714,0.4599192121921434,0.4665581753140467,676872000
2008-04-02,0.4661001563072204,0.4821251954093843,0.4624372793105238,0.4821251954093843,616536000
2008-04-03,0.4574009776115417,0.462895294712639,0.4438941386172096,0.4622085016636878,841984000
2008-04-04,0.4299293756484985,0.4505330272600663,0.4287847298528841,0.448243708378329,1535528000
2008-04-07,0.4402312040328979,0.4468701662664327,0.4367972665195036,0.4404601441166614,729496000
2008-04-08,0.4377129375934601,0.4519065666900003,0.4349657932585032,0.4349657932585032,639476000
2008-04-09,0.4464123845100403,0.4509909685906743,0.4386287751986541,0.4427495063293275,675232000
2008-04-10,0.4551115930080414,0.4695341622288911,0.4416047567629082,0.451219775619634,1092184000
2008-04-11,0.4242061376571655,0.4491594318456729,0.4214589659736543,0.4464122874526696,1106280000
2008-04-14,0.4100125432014465,0.4235193808280518,0.4074943113737969,0.4226036477586746,780004000
2008-04-15,0.4148200452327728,0.4164225439078569,0.4031446470605012,0.4120728734577615,439916000
2008-04-16,0.4313030242919922,0.4367973416325489,0.4230615892169283,0.4306162585036224,646836000
2008-04-17,0.4253508746623993,0.4269533736278305,0.4111572422215445,0.411386182341112,596968000
2008-04-18,0.4354235529899597,0.4422914532945075,0.429471412752087,0.4383996367541467,573540000
2008-04-21,0.4548827111721039,0.4578587959657704,0.4319897659157132,0.4319897659157132,679892000
2008-04-22,0.4464123845100403,0.451448821540635,0.4367973361082977,0.4466412973397637,587668000
2008-04-23,0.4679316580295563,0.4729681216968701,0.4466412393602622,0.4525934088086275,1020496000
2008-04-24,0.4567141830921173,0.4729681669394091,0.4498463072057427,0.4706788749772841,655764000
2008-04-25,0.4612926840782165,0.4624373024952526,0.446641175356863,0.4610637167299992,552208000
2008-04-28,0.4530512392520904,0.4661002233738602,0.4512198004902185,0.4592323484847219,535700000
2008-04-29,0.4624373316764831,0.468160587865857,0.4480147893932398,0.4480147893932398,573408000
2008-04-30,0.4704500436782837,0.4754864541190877,0.4647267854906921,0.4679317838768465,1068320000
2008-05-01,0.49219810962677,0.4933427279604463,0.4738837250588705,0.4761730163072318,1014624000
2008-05-02,0.5155490040779114,0.5155490040779114,0.4981503762357568,0.5057050443064426,1131016000
2008-05-05,0.5027287602424622,0.5144041269114057,0.5015840875555669,0.512114836118613,943392000
2008-05-06,0.5157778859138489,0.5169225044050243,0.4935717086262737,0.5013553436065347,729036000
2008-05-07,0.5038736462593079,0.5240194486960589,0.4995239750659707,0.5171515726660129,715632000
2008-05-08,0.502500057220459,0.5093679332106421,0.4809807233674237,0.5077654342710354,1360000000
2008-05-09,0.5157778859138489,0.5363815099841526,0.50295784224279,0.5038735479519336,2030352000
2008-05-12,0.5011262893676758,0.5224167572551682,0.4960898815499951,0.5224167572551682,1006652000
2008-05-13,0.4908247590065002,0.5036448070527585,0.48716188033885,0.5036448070527585,854108000
2008-05-14,0.5052471160888672,0.5182960720843756,0.4908245742873022,0.4970056558335423,751148000
2008-05-15,0.5443941354751587,0.5466834273653913,0.5018132408196022,0.504102532709835,1165464000
2008-05-16,0.5588166117668152,0.5599612848629997,0.5409601044496616,0.5535512356026046,1091556000
2008-05-19,0.5471410751342773,0.5794200606991913,0.5432492314513295,0.5590453551575856,1158532000
2008-05-20,0.5329476594924927,0.5384419489424189,0.5267665770386979,0.5322608664886241,771404000
2008-05-21,0.5285979509353638,0.5549248322679551,0.527453277816938,0.5343212073654561,1066660000
2008-05-22,0.5414180159568787,0.5457676866446337,0.5276822654933561,0.5361526394877596,693108000
2008-05-23,0.5290561318397522,0.5448522696185873,0.5212724921205113,0.5405025966256365,802672000
2008-05-27,0.5347790122032166,0.5354658051314267,0.5198985897270229,0.5299715162867615,832856000
2008-05-28,0.5398154258728027,0.5508040025522576,0.5336343446679829,0.5494304714030842,751736000
2008-05-29,0.5384417772293091,0.5409599810530715,0.5285978200878675,0.5400442755336129,693460000
2008-05-30,0.5654555559158325,0.5672869673145378,0.5521776322416647,0.5537801308607857,830244000
2008-06-02,0.567744791507721,0.572094461377288,0.5592744191066237,0.5654555001944241,734660000
2008-06-03,0.5485146641731262,0.5704919248100149,0.541875758014719,0.5695761646810562,840696000
2008-06-04,0.5549249649047852,0.5560695837157765,0.5334055745316252,0.5363816598536469,831724000
2008-06-05,0.568889319896698,0.5803358292337797,0.5624793270656937,0.574154694542595,827860000
2008-06-06,0.5508042573928833,0.5627085997875847,0.5475992589269365,0.5620218066047338,784876000
2008-06-09,0.5423336625099182,0.5551537057919983,0.5313450851715722,0.5475990384040049,637916000
2008-06-10,0.5102835297584534,0.5283689470974265,0.5068495655759229,0.5276821542609205,1225208000
2008-06-11,0.4864750504493713,0.522645899512661,0.4857882573397238,0.5102837327010681,999428000
2008-06-12,0.4894511103630066,0.5070786537142559,0.4853303519186971,0.4974636598395897,825992000
2008-06-13,0.4878486096858978,0.4958611045535648,0.4734260643430694,0.4901379017310923,705748000
2008-06-16,0.4812095165252685,0.4871616851527764,0.4773177265567471,0.4825831022979262,630496000
2008-06-17,0.4695342779159546,0.4883064401215077,0.4683896045916496,0.488077527289058,687912000
2008-06-18,0.4557984471321106,0.4807517169556763,0.4482437514072366,0.4647266742787597,1065272000
2008-06-19,0.4546537101268768,0.4647266090558312,0.4436651055182481,0.458316614717096,784928000
2008-06-20,0.4523643553256988,0.4574008177305423,0.4443518362331796,0.44458077626631,741008000
2008-06-23,0.4429783225059509,0.4562562461913062,0.4390865323446614,0.4557983933412441,776616000
2008-06-24,0.4576298296451568,0.4681606095127042,0.4404601421546661,0.4404601421546661,1078928000
2008-06-25,0.4601481258869171,0.468160675129348,0.4528223969889806,0.4647267098594416,900976000
2008-06-26,0.4365683495998382,0.4498462747714277,0.4365683495998382,0.4464123370758304,845532000
2008-06-27,0.4413757920265198,0.4438940234558544,0.4283268366438443,0.4383997077801713,584140000
2008-06-30,0.4285558462142944,0.4402312457833039,0.4255797612956731,0.4363394550238048,653940000
2008-07-01,0.4292427003383636,0.4297005533239731,0.4157358598745304,0.4235194697919553,881464000
2008-07-02,0.4127598106861114,0.4299295311197558,0.4120730175022827,0.4271823856749593,763196000
2008-07-03,0.2859327793121338,0.3005842617462372,0.2838724278136779,0.2971503243884719,2987520000
2008-07-07,0.2770045399665832,0.2921138745406867,0.2692209326169968,0.2902824359119307,2202692000
2008-07-08,0.2754021286964416,0.2857039718581696,0.2701367506819419,0.2788360946106964,1805288000
2008-07-09,0.2705945372581482,0.2802095566156715,0.2705945372581482,0.2760888262365875,1413168000
2008-07-10,0.2699077129364013,0.2751730885147684,0.2648712501193946,0.2719680642411727,1056992000
2008-07-11,0.2671605944633484,0.2737995291199597,0.2591480466539259,0.2644134227387426,807760000
2008-07-14,0.2550273537635803,0.271281337259343,0.2531959147753868,0.2692209854541955,882316000
2008-07-15,0.2577745020389557,0.2630398784088585,0.2449544575983671,0.2527380384648253,1122484000
2008-07-16,0.2591480612754822,0.2660159363934767,0.2515933931875861,0.2586902083923845,1034392000
2008-07-17,0.2600637972354889,0.2632687947434624,0.249990897242339,0.2632687947434624,862080000
2008-07-18,0.2646422982215881,0.2662447964761488,0.2509065248225637,0.2582322779128438,899720000
2008-07-21,0.2662447094917297,0.2726547277062663,0.2639554192215733,0.2687629397050989,571636000
2008-07-22,0.2605217099189758,0.264871354291063,0.2554852724116863,0.2637267081625646,555924000
2008-07-23,0.2683051526546478,0.2710522961918492,0.2612083401672532,0.2623529855819621,594876000
2008-07-24,0.2525089979171753,0.2680761790646975,0.2518222052963074,0.2655579485516807,705628000
2008-07-25,0.2646422982215881,0.2655580037126223,0.2497618793135201,0.2550272541132208,1039600000
2008-07-28,0.2639556527137756,0.272654968893786,0.2600638612699732,0.2612085074175926,734808000
2008-07-29,0.266702651977539,0.273341612372894,0.2614372771234305,0.2644133609357963,764636000
2008-07-30,0.2628108859062195,0.2724259309642417,0.2568587177551109,0.2719680508829992,588492000
2008-07-31,0.2618952691555023,0.2676184992072193,0.2591480968982673,0.2621241819832628,487236000
2008-08-01,0.2481594383716583,0.2559430460050884,0.2449544411223393,0.255027313012063,881060000
2008-08-04,0.2422073483467102,0.2495331055156672,0.2415205552008058,0.2481595192238585,522052000
2008-08-05,0.2561720311641693,0.2561720311641693,0.2440387770798964,0.2467859222541336,685844000
2008-08-06,0.2630398571491241,0.2653291486648791,0.2486172878512584,0.2568587482241795,814864000
2008-08-07,0.2589190900325775,0.2724259244233331,0.2559430060284786,0.2607505284420617,819232000
2008-08-08,0.2518224120140075,0.2632688741230686,0.2509066786709717,0.2609795817012564,853764000
2008-08-11,0.2570877373218536,0.2632688201351016,0.252738066238077,0.2536537993933255,1196436000
2008-08-12,0.2534247934818268,0.2598348147421958,0.2497619163929,0.2591480218767088,1410868000
2008-08-13,0.2806673645973205,0.2847880943174103,0.2669316170573575,0.2735705780759756,2095260000
2008-08-14,0.2976080775260925,0.3088256188438027,0.2786069583883377,0.2786069583883377,1635304000
2008-08-15,0.2966924905776977,0.3063075376290629,0.2946321116564723,0.302873572760354,777652000
2008-08-18,0.3026446402072906,0.3053917846324247,0.2955478254260617,0.2987528227069668,893968000
2008-08-19,0.3072233498096466,0.3090547892771218,0.2964636531721746,0.2964636531721746,1014140000
2008-08-20,0.3223325312137604,0.3232482368474447,0.3095124885991452,0.3118017799738617,1143692000
2008-08-21,0.3118018507957458,0.3191276066911973,0.3053918280324819,0.3166093746908218,1021560000
2008-08-22,0.311572790145874,0.3177538977025704,0.3049338571359797,0.3140910211719727,459264000
2008-08-25,0.3069942891597748,0.3170671886324344,0.3060785834306733,0.3097414609280965,471600000
2008-08-26,0.2996686995029449,0.3088258701744016,0.2964636733936223,0.308596957281928,613112000
2008-08-27,0.3019578754901886,0.3056207532595941,0.2900535363848761,0.2928007083571856,454620000
2008-08-28,0.300813227891922,0.3056207515256777,0.2978371431324784,0.3024157266730037,365192000
2008-08-29,0.2893667221069336,0.2976081547688581,0.288450989173049,0.2966924491254796,516004000
2008-09-02,0.2820409834384918,0.2966924655785895,0.2781491933025545,0.2941742339838907,693928000
2008-09-03,0.2669317722320556,0.279293968578806,0.2644135394696101,0.2781493222850617,714856000
2008-09-04,0.2632687985897064,0.2667027362372078,0.2616662998123078,0.2639555915773088,716128000
2008-09-05,0.2671605944633484,0.2678473601039915,0.2607505725901153,0.2609794853734937,791100000
2008-09-08,0.2561720311641693,0.2696788714808186,0.2518223869125033,0.2696788714808186,1314840000
2008-09-09,0.2474727630615234,0.2708235697688311,0.2465570569238145,0.2552563743941329,1098296000
2008-09-10,0.2477015852928161,0.2554851929190948,0.2460990866696289,0.2504487296883524,644284000
2008-09-11,0.2357973009347915,0.2408337653084017,0.2280137051875235,0.2335080088706102,1066976000
2008-09-12,0.2332791537046432,0.2353395061555158,0.220001237346757,0.233737006772557,1209200000
2008-09-15,0.2129043191671371,0.2284715208352306,0.2101571611156192,0.2250375698595197,863984000
2008-09-16,0.2195432931184768,0.22114580558089,0.2014578713519524,0.2053496756361653,1240840000
2008-09-17,0.2289294153451919,0.2339658522215533,0.2124464913272632,0.2145068568295043,1392580000
2008-09-18,0.2493040859699249,0.2614373367148883,0.2312186662435054,0.2316765190981155,1611060000
2008-09-19,0.2612083554267883,0.2632687063774282,0.2495329605984932,0.2612083554267883,1107344000
2008-09-22,0.25571408867836,0.266702692819587,0.2543405029267668,0.2591480257668367,700072000
2008-09-23,0.2483884543180465,0.2630399410674877,0.2474727210452911,0.2536538319422127,821468000
2008-09-24,0.2575456202030182,0.2625820576257543,0.2438098668916382,0.2451834258484666,866036000
2008-09-25,0.2625820338726043,0.2687631441359954,0.2531959257093549,0.2575455969054639,588328000
2008-09-26,0.2676184177398681,0.2694498562570009,0.2513644384247591,0.2561719338304143,646852000
2008-09-29,0.2312186658382415,0.2637266278162056,0.2289293742786952,0.260521630549044,975240000
2008-09-30,0.2451832592487335,0.2474725499117452,0.2323632206196689,0.2348814512651807,659044000
2008-10-01,0.2383154481649398,0.2458701147416912,0.233965778419293,0.2415204449960444,557208000
2008-10-02,0.2135911434888839,0.2399180138709816,0.2124464838985479,0.2399180138709816,787728000
2008-10-03,0.2067232877016067,0.2232062138165359,0.205349715073782,0.2170251165234374,915828000
2008-10-06,0.1797095239162445,0.1973370731004073,0.167347335933649,0.1968792203507931,1677440000
2008-10-07,0.1657448858022689,0.1865774665802513,0.1643713133961649,0.1861196136599686,1059984000
2008-10-08,0.1691788434982299,0.1790228044531151,0.1581902229100903,0.1597927354804413,1219456000
2008-10-09,0.1584191918373108,0.1778782061390912,0.1565877659528189,0.1753599733743671,909636000
2008-10-10,0.1559009253978729,0.1678052514374694,0.1437676728978575,0.144683392384789,1200252000
2008-10-13,0.1842881590127945,0.1845170854534633,0.1671184576385506,0.1691788228950803,916536000
2008-10-14,0.1801673918962478,0.1923006408844653,0.1751309429984821,0.1911559952684166,1209012000
2008-10-15,0.1607084572315216,0.179938526471228,0.1607084572315216,0.1790228069390625,854064000
2008-10-16,0.1762756556272506,0.1771913751972588,0.1579613051628595,0.1655159745588551,1019820000
2008-10-17,0.1751309633255005,0.1852038622901684,0.1680341624113405,0.1712391732373251,839416000
2008-10-20,0.1785648763179779,0.1824566795227883,0.1742152203338965,0.1810831075397236,595764000
2008-10-21,0.1648291647434234,0.1769624161084967,0.1639134453421482,0.1751309773059463,659116000
2008-10-22,0.1586479991674423,0.1694076735158405,0.1542983441604409,0.1625397878527733,600996000
2008-10-23,0.1497198343276977,0.1620820273654434,0.1433098113404051,0.1581902228212813,832192000
2008-10-24,0.1513223201036453,0.1591059141685306,0.1366708376854165,0.1373576306143271,798336000
2008-10-27,0.1595637649297714,0.1689498567092408,0.1455990631727136,0.1504065859103528,698936000
2008-10-28,0.1836013495922088,0.1838302760123626,0.165058077590441,0.168034161988201,849920000
2008-10-29,0.1895535588264465,0.2014578853118618,0.1815410232496678,0.1824567427708931,977284000
2008-10-30,0.1975660771131515,0.2014578815952464,0.1854328243825855,0.2003132356261461,657176000
2008-10-31,0.200542151927948,0.2044339562128161,0.1909271180876169,0.1913849846392073,608672000
2008-11-03,0.1932164132595062,0.2085546905664684,0.190011401923832,0.2048918126712661,723924000
2008-11-04,0.2055786103010177,0.2055786103010177,0.1945900036593431,0.1998553805179072,619560000
2008-11-05,0.194818913936615,0.2037471543855857,0.194818913936615,0.1980239250779449,787620000
2008-11-06,0.174444168806076,0.1902402814884556,0.1739863023594078,0.1833724075957038,797936000
2008-11-07,0.1996264159679412,0.2076389503284902,0.1854327996565526,0.1987106965857139,1132068000
2008-11-10,0.186806321144104,0.208325686665592,0.1824566654944497,0.2071810275149191,576396000
2008-11-11,0.1785648763179779,0.1854327635238049,0.1767334515556422,0.1840591915407402,576484000
2008-11-12,0.1680342108011245,0.1771913794294069,0.1659738451307095,0.1730706480885768,646092000
2008-11-13,0.1817699372768402,0.1819988637129775,0.1570455546878969,0.1602505657295835,797228000
2008-11-14,0.1641423851251602,0.1753599180008911,0.163455592107057,0.1744442121704281,741024000
2008-11-17,0.1607084572315216,0.1668895401944398,0.1591059446389177,0.162539882650596,388224000
2008-11-18,0.1554429978132248,0.1648291009892825,0.1501776235264241,0.1639133819421976,564488000
2008-11-19,0.1426229923963546,0.157961252561907,0.1419361995362356,0.1540694490966537,500220000
2008-11-20,0.1350683569908142,0.1485751967834728,0.1334658579755535,0.1414783803423713,847036000
2008-11-21,0.1460569351911544,0.1460569351911544,0.1316343800742062,0.1394179873129892,599064000
2008-11-24,0.1556719988584518,0.1575034378313852,0.1465148176390407,0.1549852058322878,600308000
2008-11-25,0.1600216180086136,0.1629977022183072,0.1554430353138558,0.1625398357616798,528256000
2008-11-26,0.1742152571678161,0.1746731236891445,0.1563587766768664,0.1572744824290138,600792000
2008-11-28,0.1710102558135986,0.1739863406128952,0.1687209640126798,0.1714681223609356,175248000
2008-12-01,0.1563588082790374,0.1657449032976392,0.1561298681494741,0.1641424042622404,547112000
2008-12-02,0.1650580614805221,0.1671184263513186,0.1572744547929565,0.159334819663753,479988000
2008-12-03,0.1735285371541977,0.1737574636704663,0.1572745361749713,0.1586481225631021,584632000
2008-12-04,0.1620820015668869,0.1785649093483772,0.1581901976421823,0.1700945222030233,466292000
2008-12-05,0.1684920340776443,0.169178827061821,0.154298417018283,0.1570455616644793,438484000
2008-12-08,0.1629977077245712,0.1751309577336565,0.1591059041154055,0.1716970205965855,707992000
2008-12-09,0.1787938922643661,0.1852039157672091,0.1591059551369153,0.1609373943220869,829760000
2008-12-10,0.1957346647977829,0.2003132489794012,0.1792517399115455,0.1822278250877003,961124000
2008-12-11,0.187493160367012,0.2014578499098686,0.1852038687888721,0.194589975175449,582700000
2008-12-12,0.1968793123960495,0.1980239584504823,0.1783360217527744,0.1819989000431653,679268000
2008-12-15,0.1904692500829696,0.1991685637757894,0.1842881544658858,0.1980239179554317,476996000
2008-12-16,0.2032892704010009,0.2037471232174704,0.190469227796821,0.1923006527079518,521940000
2008-12-17,0.2133621871471405,0.2163382718359758,0.1968792786051569,0.1996264232061934,674180000
2008-12-18,0.1936742663383484,0.2126754065726839,0.1911560345493641,0.2119886136038237,550808000
2008-12-19,0.195047840476036,0.2037471544860413,0.1943610475006785,0.1961924863381286,593120000
2008-12-22,0.1836013495922088,0.1984817579357553,0.1765045486959199,0.1980239050954477,522464000
2008-12-23,0.1810831129550933,0.1886377795557524,0.1783359552615572,0.184745976234556,377452000
2008-12-24,0.1767334789037704,0.1817699284813613,0.1730706015217938,0.1774202581789506,146616000
2008-12-26,0.1719259619712829,0.1790227769216751,0.167118452290077,0.1767334852977433,226156000
2008-12-29,0.1774202436208725,0.1774202436208725,0.162997702637218,0.1742152329972545,460168000
2008-12-30,0.1836013495922088,0.1863485075698151,0.1755888293700511,0.1797095595138337,409860000
2008-12-31,0.1847460120916366,0.1893246091361833,0.1781070634336125,0.1813120745421677,441580000
2009-01-02,0.1993974596261978,0.2007710316708904,0.1840591997989145,0.1847459789986346,497124000
2009-01-05,0.2030603289604187,0.2076389113671772,0.1957345889224539,0.1971081609154311,705736000
2009-01-06,0.2099281996488571,0.2158803676110047,0.204433898108164,0.2090124804511996,657904000
2009-01-07,0.1973371505737304,0.2051207595349757,0.190240334651788,0.2051207595349757,870096000
2009-01-08,0.1923006922006607,0.1948189241441696,0.1803963664298864,0.1948189241441696,1014496000
2009-01-09,0.1815410107374191,0.1923006904910337,0.1810831578309911,0.1923006904910337,761352000
2009-01-12,0.1742152571678161,0.1824567180991805,0.1716970390589013,0.1815409987017783,645532000
2009-01-13,0.1751309633255005,0.1817699250434535,0.1650580780060862,0.1682630888320708,1824424000
2009-01-14,0.1673474013805389,0.1710102657456932,0.1648291829823238,0.1689499002761513,974908000
2009-01-15,0.173299565911293,0.1760467106880293,0.1648291778333871,0.1682631156269354,998204000
2009-01-16,0.1829145401716232,0.184517038493723,0.1723837901283908,0.1781070179148208,831324000
2009-01-20,0.1650580614805221,0.183143478876818,0.1636844758031563,0.1824566860381351,705788000
2009-01-21,0.1730706095695495,0.1742152553933296,0.1620820042031591,0.1682630998387242,648472000
2009-01-22,0.1698655784130096,0.1744441748110408,0.1636844835096071,0.1675762870366204,547656000
2009-01-23,0.1765045374631881,0.1817699130179052,0.1648291406805766,0.1650580670861615,633616000
2009-01-26,0.1824567764997482,0.1877221544862058,0.1744442530870356,0.177420325024602,581748000
2009-01-27,0.1932164132595062,0.194589999292835,0.1847460251834205,0.1854328182000849,725300000
2009-01-28,0.2012289315462112,0.2044339426131123,0.1936742635774624,0.2000842857112647,723752000
2009-01-29,0.1895535588264465,0.1968793013509921,0.1886378393052212,0.1945900093705572,413128000
2009-01-30,0.1819989085197448,0.1932164431046935,0.1797096163042557,0.1881800056887205,506760000
2009-02-02,0.1918428689241409,0.1939032346301605,0.178336028589708,0.179251748197412,577992000
2009-02-03,0.1941321194171905,0.1957346317977343,0.1870353042159701,0.1923006805952133,396948000
2009-02-04,0.1996264159679412,0.2094703890929451,0.1945899798335722,0.1945899798335722,779232000
2009-02-05,0.2142779231071472,0.216567214999854,0.1923006963757009,0.1943610618081882,919192000
2009-02-06,0.2259532660245895,0.227326838086777,0.2113017852104145,0.2149646622365845,1157880000
2009-02-09,0.2229772508144378,0.2282426279340912,0.2167961678002855,0.2250376163675742,716128000
2009-02-10,0.2133621871471405,0.2257243787875694,0.2092414566003309,0.2227482940987341,1129664000
2009-02-11,0.1865774393081665,0.2035182132064835,0.1799384910629487,0.1964213984626536,1983400000
2009-02-12,0.1904692500829696,0.1916138959033272,0.1799384976194759,0.1824567156952118,1024020000
2009-02-13,0.1902403235435485,0.1925296289924656,0.1847460204857096,0.186119606484111,764304000
2009-02-17,0.1792516559362411,0.1874931145184248,0.1785648631726422,0.1831434588545503,779576000
2009-02-18,0.1840591728687286,0.1900113266216897,0.179022724581415,0.1792516509478269,646252000
2009-02-19,0.1698655784130096,0.1893245824028233,0.1698655784130096,0.1877220702521992,743988000
2009-02-20,0.1742152571678161,0.1769624153600225,0.1659738098817065,0.1675763085932192,770056000
2009-02-23,0.1662027388811111,0.178107063940288,0.1650580930280319,0.1771913445287736,679548000
2009-02-24,0.1810831129550933,0.181312039351575,0.1668894853397017,0.1671184253814355,659524000
2009-02-25,0.1831435114145279,0.1886378141643653,0.1744441975901807,0.1806252796554636,702360000
2009-02-26,0.1890956759452819,0.1955056983961303,0.1868063841621583,0.1895535424890599,1117556000
2009-02-27,0.1895535588264465,0.1939032163183241,0.182914609354134,0.1842881818133436,755444000
2009-03-02,0.1735285371541977,0.1888668047778305,0.1728417439601323,0.1849750130654848,700064000
2009-03-03,0.1803963631391525,0.1872642521881383,0.1710102558378499,0.176733498986214,1041372000
2009-03-04,0.1936742663383484,0.1991685691534655,0.1836013664729213,0.1852038788518435,1108668000
2009-03-05,0.1890956759452819,0.1987107096215545,0.1881799701482368,0.190927114829883,955252000
2009-03-06,0.192071720957756,0.1989396085305564,0.1865774190866672,0.1890956367977176,974756000
2009-03-09,0.1900113821029663,0.2051207313766742,0.1895535292364544,0.1906981750479885,682768000
2009-03-10,0.2071810513734817,0.2108439283288429,0.1950478021606655,0.1968792406383461,1254800000
2009-03-11,0.2129043191671371,0.2712812947206662,0.2037471393073314,0.2071810766377883,864916000
2009-03-12,0.2254954427480697,0.2277847343665875,0.209470387773191,0.2122175322573106,1604604000
2009-03-13,0.2243507504463195,0.2275557607771169,0.2186275089408054,0.2222903856875747,1195156000
2009-03-16,0.2156515121459961,0.226869059659728,0.2138200866777342,0.2266401331818524,699344000
2009-03-17,0.2264111787080764,0.2268690316072138,0.2135911337891658,0.2163382784745007,1005384000
2009-03-18,0.2335080057382583,0.2401469690096355,0.2227483249937856,0.2229772514680814,1359560000
2009-03-19,0.2307608276605606,0.2351104709841277,0.2291583289250627,0.2351104709841277,822648000
2009-03-20,0.2181696742773056,0.2344236673109214,0.2122175058924247,0.2341947272613085,1093672000
2009-03-23,0.2339658290147781,0.2344237091958141,0.2200011521106817,0.2250375884874852,816048000
2009-03-24,0.2238929569721222,0.2303029933672853,0.222748311027157,0.2282426142920409,1114868000
2009-03-25,0.2275557965040207,0.2380865346912093,0.2188564696872504,0.2307608073380138,1243852000
2009-03-26,0.2417494356632232,0.2422072885506192,0.2287004646293775,0.2312186828005654,1333664000
2009-03-27,0.2394601106643676,0.2451833391878886,0.2357972334931118,0.2392311706072243,731892000
2009-03-30,0.2241218537092209,0.2332790473450349,0.220916842759313,0.2303029628247089,780052000
2009-03-31,0.2257243990898132,0.2312187024313131,0.224121886557362,0.2275558380853986,805272000
2009-04-01,0.2314475923776626,0.2335079437445824,0.2145068058079886,0.222977192270199,887920000
2009-04-02,0.2422073483467102,0.246557020077093,0.2367130577605092,0.240146996199514,1002860000
2009-04-03,0.2591480612754822,0.2598348542453836,0.2383154958346946,0.2424362263635933,1003208000
2009-04-06,0.2598347961902618,0.2621240873847617,0.2513644242287133,0.254798361020463,887288000
2009-04-07,0.2509065866470337,0.2575455486096563,0.2493040879976104,0.2547984041691438,607804000
2009-04-08,0.2612083554267883,0.2618951481738353,0.2515933115491331,0.2536536897902739,731652000
2009-04-09,0.275630921125412,0.2765466266847473,0.2657869635552907,0.267847314709047,904412000
2009-04-13,0.266702651977539,0.2724259068723976,0.2607505116433092,0.2721969668520226,767628000
2009-04-14,0.2683051526546478,0.2747151724351172,0.2618951328741783,0.2630397782888872,711960000
2009-04-15,0.2607506811618805,0.2618953274269063,0.2497620442690086,0.2589192416797352,1045368000
2009-04-16,0.2673895061016083,0.2705945306697531,0.2554851954111615,0.2655580673898838,1038772000
2009-04-17,0.2692208886146545,0.2717391197289195,0.2609794297775168,0.2673894502852347,695764000
2009-04-20,0.2529669106006622,0.2612083694259139,0.2515933250329528,0.2589190783400665,590660000
2009-04-21,0.2522802054882049,0.262810959058909,0.2458701827621465,0.2495330606886118,932184000
2009-04-22,0.2598347961902618,0.2703655466011624,0.2458701089876115,0.2499908385958119,916404000
2009-04-23,0.25571408867836,0.2646423414827033,0.2477015688052474,0.2623530500903854,753952000
2009-04-24,0.2616662383079529,0.2634976767475782,0.2520511933225459,0.2582323014675944,759508000
2009-04-27,0.2522802054882049,0.2655581038585021,0.2506777066293183,0.2582323752960832,787024000
2009-04-28,0.2529669106006622,0.2582322855562118,0.2467858028364722,0.2490751212128221,634392000
2009-04-29,0.2490751892328262,0.255256271394507,0.2460991045503844,0.2541116255389917,859668000
2009-04-30,0.2628108859062195,0.2701366124295424,0.2518222824759829,0.2538826336795566,1110276000
2009-05-01,0.2671605944633484,0.2733416762626948,0.2618952183785317,0.2621241311619099,840548000
2009-05-04,0.2815831303596496,0.2836434818150654,0.2680762939936216,0.2717391713482581,927704000
2009-05-05,0.2701367139816284,0.2772335304227299,0.2644134837196157,0.2754020912807829,837076000
2009-05-06,0.2646422982215881,0.2756309005665067,0.2593769234218874,0.2731126695304102,935088000
2009-05-07,0.2456412613391876,0.2705945884091452,0.2422073232559121,0.2705945884091452,1289196000
2009-05-08,0.2117596417665481,0.2403757955587959,0.2085546313410342,0.2403757955587959,2930564000
2009-05-11,0.2158804386854171,0.2211458155715311,0.2064943308758004,0.2083257698740808,1038596000
2009-05-12,0.2055786103010177,0.2206879478446343,0.2014578793990757,0.2206879478446343,1201384000
2009-05-13,0.1923006922006607,0.2053496775381927,0.1906981933686602,0.2042050316166906,1305608000
2009-05-14,0.195047840476036,0.1991685710376712,0.1906981834710334,0.1920717557764934,1017864000
2009-05-15,0.2000842541456222,0.2069521280718134,0.1941320858267212,0.1964213771354516,780308000
2009-05-18,0.2122175693511963,0.213591155478602,0.2046629002314919,0.2051207668223794,938320000
2009-05-19,0.2163381874561309,0.2188564046324262,0.2101570940467701,0.2135910439265815,859768000
2009-05-20,0.2227482497692108,0.2346525725101966,0.2193143128786816,0.2202300321118732,1309436000
2009-05-21,0.2213747352361679,0.2243508201056583,0.2151936390407468,0.2200011628522707,965600000
2009-05-22,0.2248086929321289,0.22801370454196,0.2172540236836168,0.2213747548455792,718260000
2009-05-26,0.2369419038295745,0.2387733426055933,0.2204589957811695,0.2227482874285657,865540000
2009-05-27,0.2373997718095779,0.244496587284366,0.2335079812194244,0.235797273012516,814152000
2009-05-28,0.2406047582626342,0.2426651096311143,0.2303029468392212,0.241062611090018,995288000
2009-05-29,0.2387734204530716,0.2412916530024322,0.2305319569192712,0.2408337999817807,834232000
2009-06-01,0.2504487335681915,0.2518223194324925,0.2406047743153894,0.2415204800312512,1022764000
2009-06-02,0.2483884543180465,0.255943124188327,0.2438098698258179,0.2504488064233429,907984000
2009-06-03,0.2406047582626342,0.2460990740627584,0.2346525896351264,0.2451833411174845,735688000
2009-06-04,0.2493040859699249,0.249761938824535,0.2410626254249099,0.241291565497469,673180000
2009-06-05,0.2479305267333984,0.2538826963538793,0.244954469213669,0.2538826963538793,559992000
2009-06-08,0.2465569078922271,0.2499908447687702,0.2403757996820462,0.2460990551001223,473948000
2009-06-09,0.2600637972354889,0.2628109418552533,0.2481594583989927,0.249990897242339,725032000
2009-06-10,0.2683051526546478,0.2699076507771403,0.2557140258023511,0.2614372528758953,833320000
2009-06-11,0.2648712396621704,0.2792938073881838,0.2632687412338926,0.2689919693995307,835156000
2009-06-12,0.2634977698326111,0.2644134757306602,0.2550273674683443,0.2609795376772053,595000000
2009-06-15,0.2591480612754822,0.2621241459513818,0.2545694778634857,0.2586902083923845,445164000
2009-06-16,0.2520512342453003,0.2623530737294748,0.2483883840618575,0.2591480491171403,594912000
2009-06-17,0.2582323551177978,0.260750586906782,0.2460991036362998,0.2559430634152703,799016000
2009-06-18,0.2531958818435669,0.2621241355158182,0.250448737363839,0.257316612208413,566376000
2009-06-19,0.2559430599212646,0.2623530820589373,0.2525091224143517,0.2557141198379333,747564000
2009-06-22,0.2415204793214798,0.2568587546959022,0.240604773608309,0.2568587546959022,574864000
2009-06-23,0.2403758764266967,0.2442676946283873,0.2309897683845808,0.243809841690104,589764000
2009-06-24,0.2483884543180465,0.2541116849333323,0.2433519895441821,0.2433519895441821,515096000
2009-06-25,0.2614375054836273,0.2618953859243264,0.2435810143026622,0.246099247564404,870444000
2009-06-26,0.2648712396621704,0.2657869725429752,0.2580033658634047,0.2602926571296599,513956000
2009-06-29,0.2648712396621704,0.2696787622375082,0.262124095600765,0.2655580325001478,510056000
2009-06-30,0.2584611475467682,0.2676183373828275,0.2536536535846462,0.2639554614484037,589844000
2009-07-01,0.2596060037612915,0.263039969796028,0.255256358934824,0.2600638840929358,696420000
2009-07-02,0.2495330274105072,0.2543405233460321,0.246099090046343,0.2511355260556822,552312000
2009-07-06,0.2415204793214798,0.2495330271190112,0.2373997490311948,0.2493040870454644,752456000
2009-07-07,0.2309897392988205,0.2438098109900662,0.2303029736231283,0.2424362250576625,1072996000
2009-07-08,0.2314475923776626,0.2330500909175454,0.2222904130296435,0.2323632980317366,1205860000
2009-07-09,0.2364840358495712,0.2403758259434019,0.2346525971905604,0.2353393900990029,714564000
2009-07-10,0.2373997718095779,0.2390022978971507,0.2314476295218464,0.2364840660085456,520008000
2009-07-13,0.2401468753814697,0.2422072264921019,0.2277846868461671,0.2422072264921019,556012000
2009-07-14,0.2451832592487335,0.2460989918882366,0.2392310926087041,0.241978263236716,452568000
2009-07-15,0.2552562057971954,0.2602926408090668,0.2518222691131236,0.2541115602358381,1022808000
2009-07-16,0.2685341536998749,0.2694498867071797,0.2566298429289788,0.2580034015041735,952076000
2009-07-17,0.2763177752494812,0.2772334810119931,0.2657870225280458,0.2685341671060912,850356000
2009-07-20,0.2797517478466034,0.2827278328834249,0.2749442237647753,0.2786071018547884,782756000
2009-07-21,0.274028480052948,0.2802095620972361,0.2676184579257009,0.2790649162634602,941296000
2009-07-22,0.2808963060379028,0.2834145373489706,0.2667026783435274,0.2685341168160762,600908000
2009-07-23,0.2976080775260925,0.298523810222303,0.2783780183916603,0.2813541018959711,1046120000
2009-07-24,0.2966924905776977,0.2976081963490135,0.2866195906406747,0.2884510294738162,650592000
2009-07-27,0.2980660498142242,0.3024156927739491,0.2911981479827779,0.2939453196315594,677484000
2009-07-28,0.2985239326953888,0.3017289302207673,0.2934874690262079,0.2960057008607983,563180000
2009-07-29,0.2925718426704407,0.2969215145391456,0.2895957571372252,0.2950900751886655,373972000
2009-07-30,0.2948611080646515,0.3015000716915542,0.292342875776772,0.2976082531938285,468444000
2009-07-31,0.2960056960582733,0.3001264265886965,0.2879931750843154,0.2948610502048507,541560000
2009-08-03,0.30401811003685,0.3074520736790868,0.2973791773396926,0.3031024045925869,471900000
2009-08-04,0.3060786426067352,0.3113440197933281,0.298295033242485,0.2987528861955552,695380000
2009-08-05,0.3067653775215149,0.3090546691433501,0.3005842683101528,0.3042471458212926,610768000
2009-08-06,0.3003554046154022,0.3134043635346151,0.2985239655604834,0.3079100736603717,957588000
2009-08-07,0.3138623237609863,0.3257666397162673,0.3095126514856297,0.3166094693982788,1401872000
2009-08-10,0.3035603165626526,0.3207300289629655,0.301728878026172,0.3161514462670168,693312000
2009-08-11,0.2964635193347931,0.3060785653757303,0.2948610207581392,0.3014999824192867,481884000
2009-08-12,0.3074522912502289,0.3106572898636933,0.2964636543998722,0.2966925945681995,634940000
2009-08-13,0.3166093826293945,0.3177540286054453,0.3042471897137382,0.3097415067730897,564028000
2009-08-14,0.3072233498096466,0.3166094600238823,0.3031026178304573,0.3161516069796434,427148000
2009-08-17,0.2944032251834869,0.2987528689219328,0.2911982001162789,0.2978371630687376,465032000
2009-08-18,0.3051629066467285,0.3085968719899447,0.294174299419978,0.294403239539697,636200000
2009-08-19,0.3017289340496063,0.3035603729261388,0.2976082034000359,0.3005842881630873,552996000
2009-08-20,0.3136331737041473,0.315006759248853,0.2996684873981464,0.3003552801704993,819840000
2009-08-21,0.3188985288143158,0.319356381537351,0.3097413651916104,0.3161513851856042,607324000
2009-08-24,0.3099704682826996,0.3205012238326937,0.3081390289752418,0.3170672853651544,461456000
2009-08-25,0.3127176165580749,0.3159226146288725,0.3063075931259648,0.311572943200773,444088000
2009-08-26,0.3163803517818451,0.3170671446286097,0.3108860635887377,0.3120307092365105,434308000
2009-08-27,0.3207301199436188,0.3221036787677337,0.3143200968928755,0.317754034888933,551072000
2009-08-28,0.3372130990028381,0.344080976111973,0.3289716355556692,0.329429488571508,883992000
2009-08-31,0.3324054777622223,0.3349237095552005,0.3280558071462153,0.3333211835284818,431796000
2009-09-01,0.3211879432201385,0.3415626564892498,0.3193565043332899,0.3321765492507197,736856000
2009-09-02,0.3257665038108825,0.3289715284593977,0.3198143346711465,0.3216457734287967,404656000
2009-09-03,0.3335501551628113,0.3340080080892452,0.3248508403985172,0.325766546251385,534020000
2009-09-04,0.345912367105484,0.3482016591551405,0.3321765875170305,0.3321765875170305,513048000
2009-09-08,0.3555273413658142,0.3555273413658142,0.3456833813924975,0.3484305260316647,549712000
2009-09-09,0.3653712868690491,0.3660580798242688,0.349804098142941,0.3548405343303706,571684000
2009-09-10,0.377046674489975,0.3775045546407441,0.3623951919280719,0.3665159222514356,607952000
2009-09-11,0.373612642288208,0.3775044588390445,0.3708654985332951,0.3761308733163373,712732000
2009-09-14,0.3674317002296448,0.3710945781410195,0.364226675234564,0.3681184932493415,490516000
2009-09-15,0.374986320734024,0.3795649038903038,0.3674316530680607,0.3708655904352705,546136000
2009-09-16,0.3649135529994964,0.3747575157932184,0.3594192621469865,0.3740707226140251,707064000
2009-09-17,0.3488883376121521,0.363997671092408,0.3427072292762715,0.363997671092408,923096000
2009-09-18,0.3484305143356323,0.3548405364721924,0.3456833697886807,0.3523223320085323,604740000
2009-09-21,0.3468279540538788,0.3527801222577132,0.3413336659353428,0.3443097227467555,588776000
2009-09-22,0.347514659166336,0.351406447875416,0.3447675158005441,0.3493460971736965,361388000
2009-09-23,0.3420205116271972,0.3525512648276281,0.3415626587251157,0.3495751800283315,478936000
2009-09-24,0.3374419212341308,0.3477437614214455,0.3362972753567081,0.3477437614214455,552876000
2009-09-25,0.3319476246833801,0.3372130010625421,0.3294293928918866,0.3356104750367682,377556000
2009-09-28,0.3395023047924042,0.3479726789421121,0.333092282333797,0.333092282333797,467708000
2009-09-29,0.3333210945129394,0.345683282799099,0.3326343017264023,0.3415625533703791,470928000
2009-09-30,0.3440808653831482,0.3482015957806385,0.3326343799276712,0.3401890477746519,875956000
2009-10-01,0.3195854425430298,0.3429362404542229,0.3193565024495826,0.3429362404542229,999960000
2009-10-02,0.3170672357082367,0.3239351115677153,0.3145490036435561,0.3163804426641863,612476000
2009-10-05,0.3154646456241607,0.3216457266531451,0.3099703301502264,0.3205010810073886,754276000
2009-10-06,0.3207301199436188,0.3262244098211054,0.3170672418316188,0.3193565338289905,761272000
2009-10-07,0.3182117640972137,0.321874640784945,0.3147778274364042,0.3184407041241354,459608000
2009-10-08,0.3202722668647766,0.3209590326312826,0.3088257795923183,0.3200433267489324,1241524000
2009-10-09,0.3243929743766784,0.3248508272846293,0.3179829517938323,0.3184408047017832,618540000
2009-10-12,0.3207301199436188,0.3269112028784195,0.3186697407716763,0.3188986808876188,499008000
2009-10-13,0.3195854425430298,0.3262243777668721,0.3166093577807688,0.3225615273052907,602124000
2009-10-14,0.3191275298595428,0.3319475722995772,0.3175250040866594,0.3319475722995772,1101948000
2009-10-15,0.309741348028183,0.3216456546199568,0.3076809699529441,0.3186695711493887,1092196000
2009-10-16,0.3026446402072906,0.3067653704902459,0.2971503240665142,0.3058496374881957,1018832000
2009-10-19,0.3136331737041473,0.3161514047726071,0.3026445712180075,0.3051627749959653,695588000
2009-10-20,0.3138623237609863,0.321188054557273,0.3113440910073314,0.3188987619777759,660180000
2009-10-21,0.3063075244426727,0.3175250424656767,0.3047049984760931,0.3127175464374645,503956000
2009-10-22,0.3083679676055908,0.3099704667577889,0.2994397112596011,0.304705089008695,379328000
2009-10-23,0.3010420799255371,0.3124885354285792,0.2992106415869498,0.3124885354285792,429528000
2009-10-26,0.2971504628658294,0.3079101601001093,0.2955479634768477,0.3033315748227207,481652000
2009-10-27,0.2870774269104004,0.3001264107846944,0.2841013696806223,0.2957767676869353,591836000
2009-10-28,0.2751731276512146,0.2870774389407163,0.2737995417256719,0.2806674167723663,773632000
2009-10-29,0.2873065173625946,0.2886801039495162,0.2770046998322507,0.2795229055209101,637100000
2009-10-30,0.2737994790077209,0.2870773731812609,0.2724259206873223,0.2859327276023437,604144000
2009-11-02,0.2763177752494812,0.2822699445773376,0.2685341671060912,0.2733416905855529,593136000
2009-11-03,0.2749440968036651,0.2763176822757669,0.2646422876344035,0.2673894312881065,876472000
2009-11-04,0.2742573320865631,0.2799805872780249,0.2731126865063714,0.2770045033114258,916840000
2009-11-05,0.2808963060379028,0.2836434501014739,0.2765466362542861,0.2774623691358129,955156000
2009-11-06,0.3012711107730865,0.3074522210004038,0.2948610877202658,0.2985239658334529,1641112000
2009-11-09,0.3081390559673309,0.3124887281148764,0.3051629702433303,0.3053919104107608,818124000
2009-11-10,0.3005842268466949,0.3092835392677622,0.2966924370845216,0.3092835392677622,781472000
2009-11-11,0.3090546429157257,0.3163803700258058,0.3051628256564741,0.3056207057743906,871512000
2009-11-12,0.3081390559673309,0.3170673131393329,0.3072233498786474,0.311801934903104,505864000
2009-11-13,0.3104282319545746,0.3120307579440121,0.3065364416027459,0.3079100275106898,388524000
2009-11-16,0.3147779107093811,0.3184407883661089,0.3115728859371168,0.3131754119685039,402820000
2009-11-17,0.3143199980258941,0.3150067908671828,0.3083678297887322,0.3150067908671828,350124000
2009-11-18,0.3095124959945678,0.3124885803109105,0.3042471202488088,0.3113439345962023,455516000
2009-11-19,0.2971504628658294,0.3028736944625651,0.2916561714491716,0.3028736944625651,833840000
2009-11-20,0.2953189313411712,0.2966925174128927,0.2895957015265192,0.2902824945623799,426748000
2009-11-23,0.2976080775260925,0.3051627426399587,0.2962345194175253,0.2996684556246919,390924000
2009-11-24,0.2957766950130462,0.2982948987649309,0.2909691729468547,0.296234547759707,418504000
2009-11-25,0.2992106676101684,0.3033313974077559,0.2971502890661222,0.2992106676101684,441760000
2009-11-27,0.2928007841110229,0.2962347226743325,0.2868486130184124,0.2884511122231867,279932000
2009-11-30,0.2989817559719085,0.2992106960398348,0.2907402955936667,0.2939453200920974,509836000
2009-12-01,0.3049339056015014,0.3083678426607812,0.298981737115881,0.300584235618777,461936000
2009-12-02,0.3140911757946014,0.3147779688934997,0.3037893611826723,0.3056208003495627,602292000
2009-12-03,0.3166093826293945,0.3234772584856993,0.3161515296970767,0.3177540286054453,660036000
2009-12-04,0.3264532089233398,0.3278267944446384,0.317524957615902,0.3225614196669958,824564000
2009-12-07,0.3683474063873291,0.3765888680499401,0.3456834004604047,0.3628531168059296,2732184000
2009-12-08,0.3504909574985504,0.3639977972083745,0.3484305782425529,0.3623952709124272,1075512000
2009-12-09,0.3591901957988739,0.3619373402599956,0.3507197950488614,0.3541537597383992,671588000
2009-12-10,0.3527801036834717,0.363997646663082,0.3516354581115014,0.3617083555191415,417012000
2009-12-11,0.3482016026973724,0.3562141235720121,0.3472858696516793,0.3557562706944203,416744000
2009-12-14,0.3587324023246765,0.3598770483138472,0.3493462942972712,0.3532380852023492,405488000
2009-12-15,0.3582744598388672,0.3642266011205503,0.3552983755527725,0.3562140811990295,446152000
2009-12-16,0.3871195912361145,0.3912403217443519,0.3690341704751029,0.3710945493744764,1683400000
2009-12-17,0.3852880597114563,0.4001684794357045,0.3795648318523235,0.3882641436563059,1016132000
2009-12-18,0.3850592970848083,0.3898667939863563,0.3804806857220506,0.3884932351389913,812828000
2009-12-21,0.3987949192523956,0.400397417696995,0.3868906100047226,0.387348462804536,427792000
2009-12-22,0.4093257188796997,0.4134464491500948,0.3983371139221488,0.3987949667765242,793044000
2009-12-23,0.4150490164756775,0.4161936624463074,0.4079522005415671,0.4132175774645671,442196000
2009-12-24,0.4141332507133484,0.4168803951873987,0.4125307520443614,0.4161936022462589,136812000
2009-12-28,0.4074943363666534,0.4171093840870283,0.4033736055279944,0.4134465061658844,465760000
2009-12-29,0.4125308096408844,0.4136754556057603,0.4052050536332682,0.4061207867794764,475848000
2009-12-30,0.427411139011383,0.4299293706486524,0.4134464495510857,0.4164225340431746,704008000
2009-12-31,0.4276401400566101,0.433821222704237,0.4271822871365103,0.4283269330820158,700340000
2010-01-04,0.4232904016971588,0.4262664861397517,0.414591088438236,0.4237482545443636,800204000
2010-01-05,0.4294716119766235,0.4340501961099146,0.4216880025757202,0.4216880025757202,728648000
2010-01-06,0.4322186410427093,0.433134346707496,0.4251218266238386,0.4292425566963924,649168000
2010-01-07,0.4237483143806457,0.431760863145444,0.4205433167071357,0.4299294242075047,547792000
2010-01-08,0.4246640503406524,0.4276401352234333,0.4177961747452404,0.4203143794225845,478168000
2010-01-11,0.4187118411064148,0.428784740737833,0.4127596719019172,0.4269533019602561,556612000
2010-01-12,0.4045182168483734,0.4141332637458927,0.3958189029980276,0.412530765026476,627432000
2010-01-13,0.4100125432014465,0.4113861291602573,0.391469269210052,0.4072653985743352,508868000
2010-01-14,0.4036024212837219,0.4079520635957751,0.3967345477654251,0.4049760069035826,608524000
2010-01-15,0.3916980922222137,0.4040602811462477,0.3864327169744124,0.4006263443268778,818192000
2010-01-19,0.3990239799022674,0.4015421847076192,0.3875774927042104,0.3887221386949648,545328000
2010-01-20,0.3974213898181915,0.3990239157801363,0.3887220762283132,0.3939874523977534,719728000
2010-01-21,0.390324592590332,0.4042892820061929,0.3866617151824153,0.3971924672622948,608632000
2010-01-22,0.3768177330493927,0.3928427729734282,0.3745284416316733,0.3857459586622956,1067916000
2010-01-25,0.3832278251647949,0.3905535535946514,0.3802517403147094,0.3829988850645917,643676000
2010-01-26,0.3710944354534149,0.3839144759233471,0.3708654954380406,0.381396244916235,714636000
2010-01-27,0.3811674416065216,0.3825410276104012,0.3667448977278294,0.3708656284489574,812504000
2010-01-28,0.3683474063873291,0.3855171227328539,0.3630820296190227,0.3841435366922482,687764000
2010-01-29,0.3523223996162414,0.3765889069002902,0.3468280821775154,0.3724681756438743,774700000
2010-02-01,0.3793359696865082,0.3800227626286799,0.3507197972264161,0.3536958817821545,949832000
2010-02-02,0.3832278251647949,0.3880353489449724,0.3768178025547288,0.3779624484747223,849812000
2010-02-03,0.3864328265190124,0.3880353526547333,0.3779624520881826,0.3797938910357837,562296000
2010-02-04,0.3639978170394897,0.3829989478861533,0.359877085593506,0.3829989478861533,783480000
2010-02-05,0.3713234364986419,0.3722391694874476,0.3571298071414707,0.3635398561915868,604856000
2010-02-08,0.3706367015838623,0.3795649563468125,0.3633109729794884,0.3701788486630599,445160000
2010-02-09,0.3676606714725494,0.3784203668132419,0.3639978202695724,0.3765889275664953,930144000
2010-02-10,0.3747574687004089,0.3781914068743413,0.3674317393874561,0.3699499716312124,535828000
2010-02-11,0.3919271826744079,0.3960479138972161,0.377962490000034,0.3807096350517347,695980000
2010-02-12,0.3971925377845764,0.405205059657838,0.3848303448058079,0.3891800159113148,780212000
2010-02-16,0.4045182168483734,0.4061207428582997,0.3976503418018651,0.4024578652506247,457024000
2010-02-17,0.408409982919693,0.4097835413810787,0.396734585900131,0.4095546286161008,876560000
2010-02-18,0.3816253840923309,0.3880354076725276,0.3710946291183995,0.3859750283304025,1515508000
2010-02-19,0.3795649111270904,0.3841434943706655,0.3777334723715586,0.3800227639933461,510548000
2010-02-22,0.3802517056465149,0.3868906677514989,0.377733473935916,0.3811674113828187,458084000
2010-02-23,0.3710944354534149,0.3829987431523512,0.3672026189350596,0.381396244916235,489764000
2010-02-24,0.3788781464099884,0.3825410241939471,0.3731549169291221,0.3742995628252953,445868000
2010-02-25,0.3754441440105438,0.3763598769439547,0.3607926626905244,0.370178768337576,576972000
2010-02-26,0.3708656132221222,0.3763599297215466,0.3685763215033228,0.3736127578265794,393396000
2010-03-01,0.3857458829879761,0.3875773212209675,0.3681183479877483,0.3710944317050467,555868000
2010-03-02,0.3855171799659729,0.3939875556991722,0.3827700347674374,0.3891800584243641,538648000
2010-03-03,0.3807096481323242,0.3898668168129621,0.3775046500103071,0.3878064647760247,399300000
2010-03-04,0.3813962638378143,0.3852880532587452,0.3765887416004568,0.3823119693637383,557396000
2010-03-05,0.3930718302726745,0.3958189753352256,0.3786492845811383,0.3786492845811383,632832000
2010-03-08,0.3873485326766968,0.3944453478707361,0.3857460066525197,0.3933007020194723,439312000
2010-03-09,0.4017710387706756,0.4056628288475946,0.3910113469296841,0.3912402869950058,830832000
2010-03-10,0.4026868641376495,0.4070365356380225,0.400397571966037,0.4006265120994044,418520000
2010-03-11,0.3935296535491943,0.4008554095507394,0.3919271546577985,0.3994818234778216,540660000
2010-03-12,0.394903153181076,0.3990238832073233,0.3928427745226991,0.3978792374939494,520352000
2010-03-15,0.3928427398204803,0.3983370551336321,0.3891798902355499,0.394445265510048,358904000
2010-03-16,0.4065785408020019,0.4088678321748551,0.3923849124579078,0.3926138525113954,664988000
2010-03-17,0.4143621027469635,0.4198564181800052,0.4088678146044264,0.4088678146044264,651168000
2010-03-18,0.3997107148170471,0.4150489634041108,0.396047837263192,0.4150489634041108,740964000
2010-03-19,0.394903153181076,0.406807463142063,0.3898666902098258,0.4056628174286891,584612000
2010-03-22,0.4013132154941559,0.4029157141979379,0.3898667299044759,0.3898667299044759,435336000
2010-03-23,0.4095547199249267,0.4116150717216068,0.4015421709731956,0.4042893430894518,493612000
2010-03-24,0.3958188891410827,0.4072653744417176,0.3951320962023735,0.406120728640705,436252000
2010-03-25,0.3969635367393493,0.404060351653962,0.3960478310105969,0.4015421199641295,495184000
2010-03-26,0.3969635367393493,0.4045182045183382,0.3937585393982068,0.4003974741579344,344676000
2010-03-29,0.4019999802112579,0.4029156858946631,0.3939874326741798,0.3994817486461328,394456000
2010-03-30,0.4036024212837219,0.4086388564057055,0.3967345477654251,0.4065785052664178,324104000
2010-03-31,0.3983372449874878,0.4038315629193187,0.3962768655291073,0.4020001236087084,389840000
2010-04-01,0.3942164480686188,0.4047472018925701,0.3900957171248764,0.4001686180196369,339664000
2010-04-05,0.4001685082912445,0.4008553011419646,0.3962766912339988,0.3967345713281489,413636000
2010-04-06,0.390324592590332,0.3960478214836344,0.3834566906278612,0.3951320884864012,809260000
2010-04-07,0.3928427398204803,0.3994817007458924,0.3846012804960048,0.3878063045846359,817468000
2010-04-08,0.3864328265190124,0.3933007293951448,0.3843724747595309,0.3903246445166068,1037600000
2010-04-09,0.3889511227607727,0.3903247090210983,0.3834568050099862,0.3855171844004747,817572000
2010-04-12,0.3960478603839874,0.3976503591734101,0.3887221048486085,0.389408897841364,546460000
2010-04-13,0.4042893350124359,0.4056628937526105,0.396047873409342,0.3976503722514681,648696000
2010-04-14,0.4093257188796997,0.4150489477856628,0.4029156970469194,0.4129885962957194,900720000
2010-04-15,0.4123017489910126,0.4148199802937137,0.4065785208398778,0.4106992505667957,957596000
2010-04-16,0.3905535340309143,0.3971924964086226,0.38185422001663,0.3955899976590068,1917736000
2010-04-19,0.3887220621109009,0.3898667078761429,0.3756731058452431,0.3875774163456588,1094492000
2010-04-20,0.3900956809520721,0.3955899974644223,0.385059244616967,0.3914692669027871,678188000
2010-04-21,0.3800227642059326,0.3926138954233164,0.3754441809597962,0.3921560425568046,895908000
2010-04-22,0.3816253840923309,0.3827700301855619,0.3685763967970851,0.3738417742840508,656932000
2010-04-23,0.3763599693775177,0.3813964062314491,0.3697210063191651,0.3804806730731352,752916000
2010-04-26,0.3800227642059326,0.384601347452069,0.3761309739048185,0.3768177668498407,491092000
2010-04-27,0.3692632019519806,0.3811675162516532,0.3681185558214252,0.3772757248658682,606704000
2010-04-28,0.3699499368667602,0.3752153136967684,0.3623952408454113,0.3690342037321215,672164000
2010-04-29,0.3811674416065216,0.3816253218014889,0.3656002518214334,0.371094568546441,987128000
2010-04-30,0.3596480786800384,0.3772756472988145,0.3594191658753012,0.3765888543035812,1068048000
2010-05-03,0.3557562530040741,0.3635398606981246,0.3502619368746545,0.3614794819156518,1078972000
2010-05-04,0.3376710414886474,0.3509489462092176,0.3326345751083958,0.3502621528582265,1311376000
2010-05-05,0.3319476246833801,0.3404179985330704,0.3278268941566225,0.3308029788309758,1330840000
2010-05-06,0.3250797986984253,0.3365262872038269,0.2985239977636845,0.3296584104748957,1002888000
2010-05-07,0.3195854425430298,0.3280558166429181,0.3081389563903698,0.3280558166429181,1153712000
2010-05-10,0.3333210945129394,0.3429361389434533,0.3296582451355793,0.3388154095147334,979156000
2010-05-11,0.3296583294868469,0.336297264444269,0.3271400977220264,0.3301161823648571,829124000
2010-05-12,0.3360684216022491,0.3378998334954934,0.3298873109457463,0.331947690261419,901236000
2010-05-13,0.3353816270828247,0.3500331132006049,0.3321766017021313,0.3346948339804965,1252000000
2010-05-14,0.2966924905776977,0.3136332656711188,0.2884510294738162,0.3127175598998031,2493068000
2010-05-17,0.2973793148994446,0.3010421929518469,0.2879932069467342,0.2971503747872271,856060000
2010-05-18,0.2875353693962097,0.3017289748502417,0.2859328431059766,0.2998975357260569,674112000
2010-05-19,0.2921138703823089,0.2925717232103535,0.2841013503747569,0.2861617017462105,826520000
2010-05-20,0.2852459847927093,0.2921138588128887,0.2749441464719347,0.2836434590222631,1129136000
2010-05-21,0.2914270758628845,0.2994395958255634,0.2770045344719613,0.2770045344719613,1069600000
2010-05-24,0.2829568088054657,0.2939454455259173,0.282041102724021,0.2905115067847209,664564000
2010-05-25,0.2905114889144897,0.2918850479521651,0.27128138948186,0.2740285621382457,966652000
2010-05-26,0.2918849885463714,0.30791005904856,0.2909692827076233,0.3021868293301041,995028000
2010-05-27,0.3090546429157257,0.3090546429157257,0.2985238914327623,0.2992106843191306,713560000
2010-05-28,0.300813227891922,0.3085968362851213,0.2962346443513967,0.3085968362851213,545116000
2010-06-01,0.2879931330680847,0.3001263828023075,0.2877641930145971,0.2966924457430278,527492000
2010-06-02,0.2911980450153351,0.2916559249885642,0.286619463607026,0.2884509016284492,649088000
2010-06-03,0.2907403111457824,0.2914271040957914,0.2843302890965473,0.2852460221267289,586360000
2010-06-04,0.2770045399665832,0.2873063515515155,0.2754020141098549,0.2822699157903167,671456000
2010-06-07,0.2632687985897064,0.2799806612228261,0.2621241527072059,0.2781492223527232,577248000
2010-06-08,0.2559430599212646,0.2621241419756061,0.2493040977002606,0.2621241419756061,967636000
2010-06-09,0.2497619390487671,0.2641845086607457,0.2488462333387247,0.2573166066733953,697152000
2010-06-10,0.2598347961902618,0.2609794417875117,0.2541115682040123,0.254798361020463,611768000
2010-06-11,0.2657870054244995,0.2669316511992356,0.2564008991554602,0.2570876920784035,442104000
2010-06-14,0.2600637972354889,0.2701366699381286,0.2593770042579202,0.2696788170499196,375080000
2010-06-15,0.2728838920593261,0.2742574509766896,0.2625820500812669,0.2630399303442366,528632000
2010-06-16,0.2694499492645263,0.2735706805278244,0.2657870709659248,0.2710524482862215,366480000
2010-06-17,0.2797517478466034,0.280438540899795,0.2692209938057006,0.2788360419693567,859068000
2010-06-18,0.2815831303596496,0.285017067645681,0.2792938388356287,0.2813541902910444,932832000
2010-06-21,0.2749440968036651,0.2882219896354802,0.2724258931588126,0.2875352241899299,579836000
2010-06-22,0.2646422982215881,0.2818119808572416,0.2632687126945352,0.2783780443301109,818164000
2010-06-23,0.2676184177398681,0.2703655618703148,0.2596058708160989,0.2671605649332113,614060000
2010-06-24,0.2543405294418335,0.2673895135708102,0.2534248237056462,0.2660159276760204,725028000
2010-06-25,0.253653734922409,0.2564008791088901,0.2495330049974346,0.2561719390556392,507220000
2010-06-28,0.2541115880012512,0.2577744651140186,0.2495330052555449,0.2554851737411654,372008000
2010-06-29,0.2399180829524994,0.2488463402692151,0.2383155836260693,0.2486174000980737,660808000
2010-06-30,0.233736902475357,0.2428940689096405,0.233736902475357,0.240375837224009,623072000
2010-07-01,0.2376286685466766,0.239231167051342,0.22732684371221,0.2344236715373458,737008000
2010-07-02,0.2346525490283966,0.2390022183620959,0.2266400304189786,0.2385443656139438,737096000
2010-07-06,0.2321343421936035,0.2412915061973625,0.2300739639184569,0.233736840436161,712020000
2010-07-07,0.2433519810438156,0.2447255672597108,0.2325923133210205,0.2330501662961471,608412000
2010-07-08,0.2360261678695678,0.2451833332868063,0.2330500836508642,0.2449544205256787,783272000
2010-07-09,0.2369419038295745,0.2385444298151591,0.2339658192298577,0.2371708439105178,571516000
2010-07-12,0.2412915676832199,0.244267652200907,0.2367129845146269,0.2369418972987516,565396000
2010-07-13,0.2499909698963165,0.2515934691160318,0.2438098858828327,0.2451834449466524,723316000
2010-07-14,0.2525089979171753,0.2628108053587052,0.2488461221328773,0.2609793674665563,1355664000
2010-07-15,0.2454123795032501,0.2529670496987052,0.242436293997099,0.2527381095480331,953088000
2010-07-16,0.2300740629434585,0.2460991341378072,0.2291583570651589,0.2454123410838259,1288604000
2010-07-19,0.2394601106643676,0.2403758163119285,0.2316765034980754,0.2332790293170663,798440000
2010-07-20,0.2454123795032501,0.2467859385357309,0.2312187451339936,0.2332791246184909,1160988000
2010-07-21,0.2373997718095779,0.2479305249740034,0.2351104800164863,0.2477016121690007,624940000
2010-07-22,0.2412915676832199,0.2438097993421493,0.2385444232401658,0.2399179818164386,462612000
2010-07-23,0.2371708303689956,0.241291560557133,0.234881538852309,0.2410626204892614,817604000
2010-07-26,0.2415204793214798,0.2424362123251588,0.2328211658843243,0.236484043318024,683548000
2010-07-27,0.2394601106643676,0.2426651077213369,0.2364840263740355,0.2422072548975564,683472000
2010-07-28,0.2319054454565048,0.2396890526866112,0.2312186525699503,0.2355683226577909,1320808000
2010-07-29,0.2090125232934951,0.2197722021922426,0.2076389510380872,0.2151936189107129,2664476000
2010-07-30,0.210386112332344,0.2140489762831533,0.2042050166229271,0.2074100276968557,984288000
2010-08-02,0.2101572006940841,0.2149647247783179,0.2092414811711226,0.2140490052553564,917020000
2010-08-03,0.2046628594398498,0.2087835897102449,0.2030603608042817,0.2085546632830572,955444000
2010-08-04,0.2133621871471405,0.2140489801200271,0.2055785925838639,0.2064943119992944,855496000
2010-08-05,0.2161093205213546,0.216567173353748,0.2101571518287207,0.2140489554850778,800504000
2010-08-06,0.2186275869607925,0.22091687892186,0.2133622099922347,0.2151936490191913,739904000
2010-08-09,0.2206878960132599,0.2211457624755266,0.2154225203913365,0.2209168224217667,466456000
2010-08-10,0.2115307450294494,0.2174829002854218,0.2106150256873182,0.2170250474369831,772560000
2010-08-11,0.2032892704010009,0.2071810602767501,0.2026024775310438,0.2071810602767501,796148000
2010-08-12,0.2051207572221756,0.2096993410452199,0.198023941380252,0.1996264402602151,1343584000
2010-08-13,0.2149646878242492,0.2179407723509484,0.2113018103620798,0.2117596768674781,1797392000
2010-08-16,0.2094704061746597,0.2163382816335392,0.2067232478039545,0.2119886244471977,814008000
2010-08-17,0.2122175693511963,0.2161093739700845,0.2094704243868984,0.2115307899327502,481224000
2010-08-18,0.2133621871471405,0.2151936259780014,0.2101571760157613,0.2115307619615345,352920000
2010-08-19,0.2261821776628494,0.2268689704717374,0.2145067817832628,0.2156514273679084,1615100000
2010-08-20,0.2282425761222839,0.2337368921135912,0.2243507860183417,0.2245797124399994,1305308000
2010-08-23,0.2248086929321289,0.2346526542383408,0.2241218998567161,0.2289294240940913,748620000
2010-08-24,0.2225193977355957,0.224808689761003,0.2170250941455668,0.2174829470925455,641332000
2010-08-25,0.2270979434251785,0.2289293821942417,0.2188564826096488,0.2200011420742541,757532000
2010-08-26,0.2243507504463195,0.232592209481299,0.2243507504463195,0.2300739783065822,657596000
2010-08-27,0.2316765487194061,0.2335079876625156,0.2200011629815361,0.2257243926221837,1060416000
2010-08-30,0.2206878960132599,0.2307607944400927,0.2206878960132599,0.2289293558815316,602804000
2010-08-31,0.2135911434888839,0.2243508235597902,0.2129043504637335,0.2174829342440538,931488000
2010-09-01,0.2151935994625091,0.2195432559159114,0.2140489537455745,0.2167961116533696,851440000
2010-09-02,0.2190854102373123,0.2197721895027348,0.2138200343094708,0.2158803993962459,596292000
2010-09-03,0.2266401052474975,0.2273268845964758,0.2216036551287129,0.2243508134603923,566484000
2010-09-07,0.2287004888057708,0.233965852148457,0.2254954773194256,0.2259533302552221,899820000
2010-09-08,0.2362551093101501,0.237857635285105,0.2266400899129655,0.2291583216246012,1224156000
2010-09-09,0.2330500781536102,0.2394600992525767,0.2300739940051073,0.2392311592063438,697748000
2010-09-10,0.2305318564176559,0.2353393792649268,0.2284715050776862,0.2346525863881015,609292000
2010-09-13,0.2435809075832367,0.2465569926912479,0.2346526522592029,0.2346526522592029,1015792000
2010-09-14,0.2412915676832199,0.2444965649850316,0.239231188883048,0.2415204804673445,698536000
2010-09-15,0.2417494356632232,0.2419783757521763,0.2357972662555453,0.2390022910483373,555572000
2010-09-16,0.2419783771038055,0.244038728753851,0.2385444394933895,0.2385444394933895,365280000
2010-09-17,0.2415204793214798,0.2444965638250472,0.2408337136818558,0.2442676510420086,416884000
2010-09-20,0.2451832592487335,0.2460989918882366,0.2392310926087041,0.2415203832717158,443168000
2010-09-21,0.2584611475467682,0.2625818761503706,0.2438096983900674,0.2438096983900674,1779624000
2010-09-22,0.2607506811618805,0.2630399736919322,0.255943155932564,0.2575456552454963,999996000
2010-09-23,0.2660160362720489,0.2742575004241924,0.2614374511409736,0.2637267437065113,1240872000
2010-09-24,0.2806673645973205,0.2815830974742874,0.269907701149117,0.2719680523639097,1086976000
2010-09-27,0.2747152745723724,0.282956708248085,0.2710523969672715,0.2827277954543347,999504000
2010-09-28,0.274028480052948,0.2779202704296842,0.2692209566348854,0.274944185803765,723192000
2010-09-29,0.271968126296997,0.279980675163982,0.2689920413962047,0.2715102733793009,974904000
2010-09-30,0.2673895061016083,0.2786070511543529,0.2651002145345797,0.2754020265862081,787632000
2010-10-01,0.2598347961902618,0.2717391322340638,0.2577744450314135,0.2712812521627609,999120000
2010-10-04,0.2573165893554687,0.2616662594116988,0.2520512136508251,0.2573165893554687,749500000
2010-10-05,0.2591480612754822,0.2632687918043809,0.2584612683055807,0.2628109389212832,753588000
2010-10-06,0.2467859089374542,0.2602927485252683,0.2442677040346684,0.2591481024902254,1057604000
2010-10-07,0.2449543923139572,0.2481593889246647,0.2376286389914786,0.2479304488993988,761488000
2010-10-08,0.2486173063516616,0.250677685243465,0.240604785450282,0.2440387229794447,706932000
2010-10-11,0.2474727630615234,0.2518224354419431,0.2463281167441268,0.2497620556963166,442680000
2010-10-12,0.2522802054882049,0.2534248514289114,0.2433519507763875,0.2454123298439663,605208000
2010-10-13,0.2596060037612915,0.263268882671331,0.2536538596456264,0.2564010051828964,968732000
2010-10-14,0.2554851174354553,0.260292611884632,0.2543404447107943,0.2598347591690675,599172000
2010-10-15,0.2584611475467682,0.2625818761503706,0.2554850915518581,0.2596057928649634,639940000
2010-10-18,0.2600637972354889,0.2612084431012665,0.2541116278172408,0.2586902112803516,448156000
2010-10-19,0.2584611475467682,0.26029258551398,0.2522800682866131,0.2543404189431658,866136000
2010-10-20,0.2584611475467682,0.2655579594357777,0.2541115062538249,0.258690087526606,763532000
2010-10-21,0.2538826763629913,0.2591480525679697,0.2499908860516626,0.2586901997002561,1014428000
2010-10-22,0.2701367139816284,0.2721970932502617,0.2527380830689041,0.2554852554270818,1322676000
2010-10-25,0.2726549208164215,0.2747152998931388,0.2696788358992822,0.2721970678962105,673136000
2010-10-26,0.27173912525177,0.2758598547540889,0.2671605429804163,0.2694498341160932,675248000
2010-10-27,0.275630921125412,0.2765466266847473,0.2685341075238003,0.2692209003385536,496796000
2010-10-28,0.2758599519729614,0.2802095957474525,0.2733417199200375,0.2792938898866689,704448000
2010-10-29,0.2751731276512146,0.2781492122962174,0.2724259830906387,0.275402040445132,554664000
2010-11-01,0.275630921125412,0.281354149097517,0.27334162993657,0.2770045067549186,473920000
2010-11-02,0.2813540697097778,0.2859326507955551,0.2751729907020776,0.2767754886240005,581036000
2010-11-03,0.2834146022796631,0.2852460411717972,0.2758599339061789,0.2831856621842047,671748000
2010-11-04,0.2838723957538605,0.2891377712325442,0.2834145429493021,0.2861616870671573,700016000
2010-11-05,0.2886799275875091,0.2911981317377327,0.2845591976347272,0.2859327560919838,735116000
2010-11-08,0.2898246347904205,0.2923428394750866,0.2861617568793457,0.2884510487511395,605156000
2010-11-09,0.2882219851016998,0.2921138014479357,0.2866194869364557,0.289824510557444,633964000
2010-11-10,0.2916560769081116,0.2916560769081116,0.2861617599819296,0.290282490853938,521016000
2010-11-11,0.2886799275875091,0.2934874231236664,0.2808963205010307,0.2847881103990169,1089980000
2010-11-12,0.3035603165626526,0.3131753620565491,0.2982949410042105,0.2996685267291973,2142560000
2010-11-15,0.2998974025249481,0.3092835068109329,0.2992106370376096,0.304933864702112,733548000
2010-11-16,0.2909693717956543,0.2989818958547404,0.2905115187360962,0.2948611637376778,739356000
2010-11-17,0.2957766950130462,0.299210631548754,0.2879930891578077,0.2907402329282735,551764000
2010-11-18,0.3049339056015014,0.3079099898443117,0.2996685299858381,0.2996685299858381,993120000
2010-11-19,0.3147779107093811,0.3159225565657948,0.3037893050297074,0.3042471579141709,716484000
2010-11-22,0.3150068819522857,0.3168382936712736,0.3099704178535314,0.3127175900130384,462668000
2010-11-23,0.3076810836791992,0.3145489585541949,0.3053917920542007,0.3113439611954005,457832000
2010-11-24,0.3152357637882232,0.3163804096453428,0.3106571803597452,0.310886120447373,397784000
2010-11-26,0.3113439977169037,0.3168382873451918,0.3113439977169037,0.3150068756627705,143104000
2010-11-29,0.3147779107093811,0.3159225565657948,0.308596828542849,0.3099703871962395,468192000
2010-11-30,0.311572790145874,0.3131753156845739,0.3058495626233785,0.3099702918976755,720936000
2010-12-01,0.3253085613250732,0.3273689123032571,0.3172960428469117,0.3177538955875635,626536000
2010-12-02,0.3292003571987152,0.3312607355089731,0.3250796278687012,0.3253085678888972,529316000
2010-12-03,0.3385865986347198,0.3385865986347198,0.3269111986817984,0.3275979917302961,606044000
2010-12-06,0.3321765065193176,0.3404179668046944,0.3308029479987597,0.3397311738991618,438424000
2010-12-07,0.3429362177848816,0.3509487384587291,0.3392733402749192,0.3399601332193507,1026812000
2010-12-08,0.345912367105484,0.3495752180106262,0.3399601968601712,0.3424784290309991,613252000
2010-12-09,0.340188980102539,0.3424782985706388,0.3328632537923318,0.3376707761814853,942408000
2010-12-10,0.3422494530677795,0.3454544506854501,0.3392733682567934,0.3401890740645533,451900000
2010-12-13,0.3335501551628113,0.3443098217413141,0.332634422019431,0.3436230559969194,609108000
2010-12-14,0.334007978439331,0.3461412300105784,0.3335501255535408,0.3399601478261346,755160000
2010-12-15,0.3266823589801788,0.3388156145843645,0.326224478651685,0.3346948826615536,624176000
2010-12-16,0.327140063047409,0.3319475859832255,0.3262243300979405,0.3301161473747951,631872000
2010-12-17,0.3289715647697449,0.3308030037295408,0.3234772478903571,0.3273690386233535,593156000
2010-12-20,0.3275979161262512,0.3317186461757296,0.3273689760660832,0.3301161476260731,344088000
2010-12-21,0.3404180705547333,0.3404180705547333,0.3305741086832838,0.3308030488184051,466952000
2010-12-22,0.3440808653831482,0.3445387182516451,0.3365261975361674,0.3397311949061549,477988000
2010-12-23,0.3415627181529999,0.3440809504883577,0.3401891319172564,0.3440809504883577,273784000
2010-12-27,0.3433942496776581,0.3459124826899374,0.3344659913263683,0.3406471037582316,255500000
2010-12-28,0.3420205116271972,0.3456833894248717,0.3399601599225747,0.3433940976239529,194260000
2010-12-29,0.3420205116271972,0.3445387435244123,0.3388155140221153,0.3417915988214119,177660000
2010-12-30,0.3431651592254638,0.345225538230791,0.340418014508872,0.3415626604149945,174488000
2010-12-31,0.3525513112545013,0.3530091915073913,0.342936289882559,0.3433941428449344,391252000
2011-01-03,0.3621662259101867,0.3656001627931677,0.3548404720607571,0.3552983521442247,817448000
2011-01-04,0.3610216081142425,0.3644555452619511,0.3530090881029226,0.3628530467177884,651384000
2011-01-05,0.3887220621109009,0.3891799422494039,0.3639977081235711,0.367660558198041,1428216000
2011-01-06,0.4425205290317535,0.4427494691327568,0.3976503706044829,0.3987950165284767,3493312000
2011-01-07,0.4548827111721039,0.456256297166261,0.4276401224184004,0.4374840826018308,2579984000
2011-01-10,0.4722812473773956,0.4731969530007401,0.4432072254143838,0.4466411624376838,1750348000
2011-01-11,0.4649557173252105,0.4832701115242183,0.4548828414515343,0.4786915266197257,2711088000
2011-01-12,0.5345497727394104,0.5350075980244139,0.4635817229514799,0.4651842206109579,3431896000
2011-01-13,0.5354657173156738,0.5457675549683211,0.5123438380739355,0.528826756485768,2695192000
2011-01-14,0.5400445461273193,0.5489728022228775,0.5231037944955159,0.5263087927100141,1595352000
2011-01-18,0.5274533033370972,0.5363815576011346,0.5144043457255923,0.532718679858374,1813348000
2011-01-19,0.5130310654640198,0.5402736700946739,0.5118864461891542,0.5276825851658848,1197896000
2011-01-20,0.5134887099266052,0.5164647950869418,0.498837196958478,0.5079944198540718,1111408000
2011-01-21,0.508681058883667,0.5263086535651069,0.5077653531474797,0.5189828985135729,739244000
2011-01-24,0.5661422610282898,0.5734680146489352,0.5260796380208349,0.5320317514339762,2056900000
2011-01-25,0.5487437844276428,0.5695763234187401,0.5450809066340049,0.563624153826706,1086856000
2011-01-26,0.5617926120758057,0.5723233628250833,0.5505750684880091,0.5544668581856101,1074660000
2011-01-27,0.5601903796195984,0.5711789610911618,0.5494307110092239,0.5698054293429927,657396000
2011-01-28,0.5439362525939941,0.5709499295147178,0.5311162071554324,0.5615638491851563,1094796000
2011-01-31,0.5475989580154419,0.555153624294396,0.5359235894847886,0.5448518413746446,750160000
2011-02-01,0.5601903796195984,0.5643110840261759,0.5487439178446218,0.5524067965288214,654104000
2011-02-02,0.5856015682220459,0.599108409612041,0.5569853862372812,0.5569853862372812,1606616000
2011-02-03,0.5746130347251892,0.5865173790371158,0.5620218971198018,0.5865173790371158,1030776000
2011-02-04,0.587661623954773,0.5922402066084759,0.5803359244574546,0.5826252157843061,872900000
2011-02-07,0.5631662607192993,0.5821673858267744,0.5611058819733759,0.579649181524656,934236000
2011-02-08,0.5464544892311096,0.5675159954777904,0.5439362300618186,0.56385311770693,1076584000
2011-02-09,0.533176600933075,0.5540091958134672,0.5233326401236756,0.5485148514874582,1277520000
2011-02-10,0.5224167108535767,0.531344961984185,0.5173802489022331,0.5212720380814978,1042352000
2011-02-11,0.5372971296310425,0.5542379281512577,0.5121149264675963,0.5205852984372001,1359276000
2011-02-14,0.5290561318397522,0.5608773203188254,0.5269957518039782,0.5437075958494743,1287828000
2011-02-15,0.516235888004303,0.5318030524800722,0.5139465413191296,0.5299716406291685,886980000
2011-02-16,0.5352368354797363,0.5427915023063434,0.5212721201979117,0.5231035860055497,1318364000
2011-02-17,0.5878906846046448,0.5954453526404385,0.5176093260112716,0.5201275850772157,3470096000
2011-02-18,0.5867459774017334,0.5940717322174683,0.5775888111725727,0.5846855986258674,1394412000
2011-02-22,0.5313451290130615,0.5691184690697211,0.5295136629182126,0.5675159703498651,1396648000
2011-02-23,0.5061626434326172,0.5363813021950427,0.4986079787420108,0.5313448954553018,1491604000
2011-02-24,0.5185250043869019,0.527453202360691,0.5050181691754372,0.5086809916359606,1246120000
2011-02-25,0.5292845964431763,0.5379838804795061,0.5251638398620175,0.5324895929522976,775652000
2011-02-28,0.5187540054321289,0.5382130123251867,0.5068496666663975,0.5379840449466781,903696000
2011-03-01,0.4956322014331817,0.5263087591045889,0.4956322014331817,0.5196697956691538,988448000
2011-03-02,0.4750284552574157,0.5043314195187019,0.4635819976352763,0.4949452860618368,1718140000
2011-03-03,0.4777756929397583,0.488764327779407,0.4633531472371769,0.4860171554242375,1593704000
2011-03-04,0.4752573370933532,0.4830409168534457,0.4699919614718762,0.4782334213394495,959760000
2011-03-07,0.4686183929443359,0.4802938175943629,0.4567140828131725,0.4786913190308325,1019140000
2011-03-08,0.4475569128990173,0.4761730558818122,0.4377129269643279,0.4736548516736302,1947184000
2011-03-09,0.4381708204746246,0.4505330109952751,0.4342790030776282,0.4461833407546637,1318976000
2011-03-10,0.4102415144443512,0.4313029945722526,0.409783634229637,0.4280979968123264,1722736000
2011-03-11,0.413217544555664,0.4246640306408703,0.4042893176120055,0.4136754247398602,1486832000
2011-03-14,0.4166514575481415,0.4269532691792261,0.4097835558369113,0.4164225174845812,1003360000
2011-03-15,0.4042893350124359,0.4111572105848436,0.3894089106483742,0.3962767862207819,1256280000
2011-03-16,0.4013132154941559,0.4200854289372032,0.3960478392184355,0.4006264225381037,1476520000
2011-03-17,0.4088678061962127,0.4127595958246854,0.3937584731791965,0.4120728029983657,1238516000
2011-03-18,0.4033734500408172,0.4166513705641351,0.4029155972997894,0.4152777850505502,886960000
2011-03-21,0.4065785408020019,0.416193559109884,0.4024578108727651,0.4120728291806472,751832000
2011-03-22,0.3994818329811096,0.4093257939631657,0.3976503939371552,0.4054340030513332,718332000
2011-03-23,0.4077232182025909,0.4088678639780521,0.3900956514280822,0.3987949647796889,782396000
2011-03-24,0.4402312040328979,0.4452676675516172,0.4155068484783568,0.4164225542323915,1780592000
2011-03-25,0.4264954328536987,0.4452676454961503,0.4258086399269369,0.44412299971505,1196392000
2011-03-28,0.4422917664051056,0.449617497348076,0.4326767155462786,0.4365685075512453,1204284000
2011-03-29,0.4388577342033386,0.4438941714506558,0.4329055637261815,0.4422916724115797,715764000
2011-03-30,0.4223746359348297,0.4441229296344613,0.4168803206782214,0.4422914912155919,1176320000
2011-03-31,0.4226036965847015,0.4276401608218949,0.4148201146935155,0.423061576817547,655112000
2011-04-01,0.4166514575481415,0.4285557677526267,0.4109282015736984,0.4280979149160133,850072000
2011-04-04,0.4017710387706756,0.4177961064995021,0.3987949543740292,0.4166514607539079,924328000
2011-04-05,0.4024578630924225,0.4109282368129247,0.4015421300501596,0.4077232393912782,821076000
2011-04-06,0.3997107148170471,0.4058917968099821,0.3962767500537397,0.4054339439383775,856984000
2011-04-07,0.4143621027469635,0.4168803340650874,0.3990238566660847,0.400626355100116,1021208000
2011-04-08,0.4017710387706756,0.4175671664341803,0.4006263930250814,0.4175671664341803,746552000
2011-04-11,0.396505743265152,0.4054339982650872,0.3921560994663078,0.4033736191310194,546208000
2011-04-12,0.3976504206657409,0.4003975657710689,0.3852882267559925,0.3926139834242205,840756000
2011-04-13,0.4065785408020019,0.4090967449378369,0.3967345824406323,0.401771018002808,749588000
2011-04-14,0.4237483143806457,0.42397725448183,0.4006264557814993,0.4029157476312955,1254704000
2011-04-15,0.4283269047737121,0.4335922812331486,0.4184829175443442,0.4205432964843899,969720000
2011-04-18,0.4141332507133484,0.4210011255437285,0.4074942886696757,0.4182539810696782,743584000
2011-04-19,0.4125308096408844,0.4159647475355123,0.4013132628107924,0.4143622213522759,659860000
2011-04-20,0.4251217842102051,0.4338210963197912,0.4182539105379798,0.4276400154728892,650516000
2011-04-21,0.423977255821228,0.4324476575246423,0.4230615499946213,0.4297004854637989,421300000
2011-04-25,0.4306161403656006,0.4377129274590508,0.4255796773625309,0.4258086174228547,619612000
2011-04-26,0.4418336153030395,0.4461832850001213,0.4299293064040601,0.4342789488106378,676000000
2011-04-27,0.4418336153030395,0.444122933816059,0.4326764504129778,0.444122933816059,450004000
2011-04-28,0.4466412365436554,0.4555694906599,0.4367972766521338,0.4418337129971767,684000000
2011-04-29,0.4578588306903839,0.4679317044431066,0.4489305756322537,0.4496173686814195,836000000
2011-05-02,0.4516776502132416,0.4677026905414179,0.4493883587377878,0.4674737777681768,613824000
2011-05-03,0.430158257484436,0.4477858233010425,0.4246639689769915,0.4464122648194346,808000000
2011-05-04,0.4269533157348633,0.4363394227161963,0.4189407947036555,0.4315318991812677,639356000
2011-05-05,0.4271822869777679,0.4322187236780179,0.4177961793119065,0.4235194090373069,544000000
2011-05-06,0.4422917664051056,0.4464124985888142,0.4326767155462786,0.4361106544842823,841080000
2011-05-09,0.4521355628967285,0.4544248546752022,0.4425205155947304,0.4436651614839672,706328000
2011-05-10,0.4528223574161529,0.4562562950954493,0.448243746553247,0.4557984421963119,690976000
2011-05-11,0.4548827111721039,0.4596902075706321,0.4487016287794185,0.455111651267967,616000000
2011-05-12,0.4693050980567932,0.4697629780954471,0.4521354153223262,0.4532800608379573,1224000000
2011-05-13,0.4180250465869903,0.4406890502048677,0.4148200492061232,0.4395444043844853,2025192000
2011-05-16,0.4052050411701202,0.4177961736869949,0.4049761283584933,0.4168804405689524,728188000
2011-05-17,0.4036024212837219,0.4040602740601743,0.391927025386416,0.4038313613171998,1420364000
2011-05-18,0.4129886329174042,0.4164225705654858,0.4038314658558531,0.4052050245407795,658844000
2011-05-19,0.407036542892456,0.416422651879558,0.4008554593770426,0.4161937117421103,650884000
2011-05-20,0.4141332507133484,0.4150489564411956,0.4042892913317018,0.4061207300779049,575820000
2011-05-23,0.4136755168437958,0.4166516022511375,0.402915821348751,0.4081811990247379,588000000
2011-05-24,0.415277898311615,0.4319897325958047,0.4145911053675096,0.4157357511775156,720372000
2011-05-25,0.4203144013881683,0.4230615736023094,0.4090968542884605,0.4132175853191591,545312000
2011-05-26,0.4308450818061828,0.4345079592720708,0.4191696837628596,0.4203143295596361,706436000
2011-05-27,0.4464123845100403,0.4470991502897243,0.4322187520276637,0.4326766049776243,658824000
2011-05-31,0.4587744772434234,0.4590034446175575,0.4441230214446898,0.4551116269389947,1200716000
2011-06-01,0.4381708204746246,0.4574008855210228,0.4372550874968871,0.4567140926103466,762208000
2011-06-02,0.4361104667186737,0.4420626358980725,0.4308450904892837,0.4388576385187095,607592000
2011-06-03,0.4226036965847015,0.4349658897707488,0.4205433446989503,0.4310740988251558,549300000
2011-06-06,0.4136755168437958,0.4258087713257176,0.4132176365576535,0.4219169799271243,435988000
2011-06-07,0.4134465754032135,0.4191698060568649,0.4116151361359417,0.4168805137954043,433956000
2011-06-08,0.4022289216518402,0.4139043200450976,0.3990239242410096,0.411386115591019,569288000
2011-06-09,0.3976504206657409,0.4029157980370866,0.3832278747496253,0.4020000920988156,741632000
2011-06-10,0.3919271826744079,0.4008554382055782,0.3887221573719951,0.3983372059887191,493548000
2011-06-13,0.3891798853874206,0.3969634645376265,0.3864327141198151,0.3919270293645225,574760000
2011-06-14,0.3923849761486053,0.4010842902355938,0.3907824773855967,0.3926139162392538,534576000
2011-06-15,0.383914589881897,0.3894088789767539,0.375902041741924,0.3871195873054786,935916000
2011-06-16,0.3706367015838623,0.390095709977827,0.3651424119532099,0.3841435401358602,1024908000
2011-06-17,0.3619374930858612,0.3752154227172417,0.3504910302558987,0.3749864825444344,1467884000
2011-06-20,0.3575877845287323,0.366287100190411,0.3548406121057172,0.3587324306081501,745960000
2011-06-21,0.3653712868690491,0.3681184586899281,0.3555273272855903,0.3589612647711799,704276000
2011-06-22,0.3603347837924957,0.3676605102771068,0.3596479909647656,0.3628530150640046,651720000
2011-06-23,0.3710944354534149,0.3736126391700257,0.3525511402136369,0.3557561639763706,744024000
2011-06-24,0.3603347837924957,0.3724680327807132,0.3580454925603982,0.3692630359719784,529052000
2011-06-27,0.3527801036834717,0.3626240610605165,0.3401889751012957,0.360334769916576,1142152000
2011-06-28,0.354840487241745,0.3589612171357185,0.3502619045352201,0.352780135940011,692200000
2011-06-29,0.3603347837924957,0.3639976606800533,0.344767597956132,0.3571297596932568,960544000
2011-06-30,0.3649135529994964,0.3688053446275675,0.3557563833849678,0.3612506742374777,652300000
2011-07-01,0.3697210252285003,0.3710946113909666,0.3575877717617621,0.3649135009503825,540804000
2011-07-05,0.3635398745536804,0.3726970411612109,0.3603348498667392,0.369263103683387,535296000
2011-07-06,0.3587324023246765,0.3639977793329645,0.3543827311915199,0.3633109862813595,529580000
2011-07-07,0.3601058721542358,0.3623951635668872,0.3536958507407108,0.3605637522691712,986136000
2011-07-08,0.3532381653785705,0.3575878374989938,0.350262079673127,0.3550696048350372,619516000
2011-07-11,0.3408757746219635,0.3479725882242736,0.339960069062538,0.3465990298851354,714388000
2011-07-12,0.3362972140312195,0.3424783224745541,0.3305739856877655,0.3392732982279167,867604000
2011-07-13,0.3356105089187622,0.3431651777654242,0.3324055111246692,0.3408758858294971,634368000
2011-07-14,0.3223325312137604,0.3390443637072926,0.3207300327095599,0.33698401238625,1088996000
2011-07-15,0.3227904438972473,0.3262243815962007,0.3161515085954749,0.324164029893033,827736000
2011-07-18,0.3159225583076477,0.3221036405082594,0.3118018277437365,0.3202722289603079,818200000
2011-07-19,0.3255377113819122,0.3262244772907498,0.3168383672440884,0.3168383672440884,602224000
2011-07-20,0.3214169144630432,0.3285137033128703,0.3205011812856209,0.3266822915390526,662956000
2011-07-21,0.3365262448787689,0.3388155368338207,0.3170672359703158,0.3218747599921296,1143420000
2011-07-22,0.3433942496776581,0.3445388960849627,0.3351527846288556,0.339502457350927,737192000
2011-07-25,0.3378997147083282,0.3395022404873289,0.3330922192428431,0.3381286547597585,566920000
2011-07-26,0.3296583294868469,0.3365262045285288,0.3248508060414657,0.3282847435623067,698276000
2011-07-27,0.3172959983348846,0.3266821010087689,0.3163802656915437,0.3250795757055466,652212000
2011-07-28,0.3166093826293945,0.3232483183742841,0.311115065570043,0.3161515296970767,648176000
2011-07-29,0.3166093826293945,0.3195854676252291,0.3118018586137761,0.3134043575221446,677656000
2011-08-01,0.3335501551628113,0.3344658610156791,0.3211879624060211,0.323935107255137,1019620000
2011-08-02,0.3301161229610443,0.3520933300558707,0.3301161229610443,0.3312607685953477,1356432000
2011-08-03,0.3390444219112396,0.3401890677950999,0.3275979630726366,0.3308029879217518,765236000
2011-08-04,0.3067653775215149,0.3328633183847416,0.3067653775215149,0.3328633183847416,979732000
2011-08-05,0.2964635193347931,0.3177539628308642,0.2884509991610168,0.3138621727759886,1270588000
2011-08-08,0.2731127142906189,0.2921138656034265,0.2712812757178959,0.2820409670987034,1084180000
2011-08-09,0.2960056960582733,0.2964635489415403,0.2747152777265118,0.2783781280831581,1329832000
2011-08-10,0.2824988067150116,0.2955477888791751,0.280896308272721,0.2873063293323881,1140052000
2011-08-11,0.3069942891597748,0.3111150195217488,0.2824988470654604,0.2824988470654604,1078792000
2011-08-12,0.2948611080646515,0.3401891255033912,0.2900535836207052,0.3397312725302809,3195784000
2011-08-15,0.3060786426067352,0.3067654356815976,0.2962346813084118,0.2978371802894147,864152000
2011-08-16,0.2973793148994446,0.3067654228521549,0.2918849978208411,0.3026446918658306,716868000
2011-08-17,0.2932586073875427,0.3033315091926965,0.2893668162019102,0.2982950446448621,553328000
2011-08-18,0.2733416557312011,0.2827277614074003,0.2701366313900693,0.2799806171796489,802564000
2011-08-19,0.2685341536998749,0.2836434890605753,0.2667027149757736,0.2687630937743281,761332000
2011-08-22,0.2733416557312011,0.2792938243000845,0.2703655714467595,0.2760887999589526,611876000
2011-08-23,0.3028734922409057,0.3031024322681256,0.2795227010845932,0.2799805811390329,938312000
2011-08-24,0.2985239326953888,0.3031025161833639,0.2907403243915248,0.302186810401973,687500000
2011-08-25,0.2857038974761963,0.297837149579321,0.2852460445703354,0.2925717729356429,690968000
2011-08-26,0.2978371083736419,0.300813192785764,0.2795227490583927,0.2845592121976026,732660000
2011-08-29,0.3058497011661529,0.30699434718915,0.2992107651489756,0.3063075814077629,601528000
2011-08-30,0.3131754696369171,0.3156936746104259,0.3017289816745034,0.3037893609697542,684760000
2011-08-31,0.3047050237655639,0.3186697147242922,0.3021868191485958,0.3154647171061469,705808000
2011-09-01,0.30401811003685,0.3154645918331389,0.3037891973210343,0.3088256318454813,762312000
2011-09-02,0.2957766950130462,0.301270982553978,0.2934873766987394,0.2971502532530283,471356000
2011-09-06,0.3017289340496063,0.3024157270396198,0.2834145998653029,0.2861617445348463,696248000
2011-09-07,0.3262243568897247,0.3351526106051324,0.3172961304648258,0.3262243568897247,1606620000
2011-09-08,0.3246218562126159,0.330802965396991,0.3193564800472821,0.3230193575424296,880164000
2011-09-09,0.3177539408206939,0.3305739831269205,0.3150067966952183,0.32187467065416,869828000
2011-09-12,0.3253085613250732,0.3280557050594855,0.3134042263251179,0.3134042263251179,916480000
2011-09-13,0.3326343894004822,0.3342369154216218,0.3230193697261929,0.3280558060041054,853836000
2011-09-14,0.3498042225837707,0.3541538946538605,0.3411049057341102,0.341333845897464,1547192000
2011-09-15,0.354840487241745,0.3594190972387754,0.3516354902633798,0.3575876586980644,752908000
2011-09-16,0.353924810886383,0.3685762931332502,0.3520933721942111,0.3555273095080929,1391588000
2011-09-19,0.346599131822586,0.3504909225305051,0.3376708771850535,0.3479726905656983,968204000
2011-09-20,0.3376710414886474,0.3523225329111999,0.3360685418633514,0.3509489462092176,792436000
2011-09-21,0.3312608003616333,0.3454544021299908,0.3310318602966166,0.3395022606351349,715252000
2011-09-22,0.3092836439609527,0.3186697524091524,0.3033315009247286,0.3182118994510604,1314632000
2011-09-23,0.3156937062740326,0.3246219628679134,0.3056208307886733,0.3074522701379707,1011440000
2011-09-26,0.3163803517818451,0.320501081571928,0.3021867512075638,0.3195853759699117,972124000
2011-09-27,0.3168383836746216,0.327140227618162,0.3143201782004178,0.3243930819687941,781388000
2011-09-28,0.3072233498096466,0.3255377171938791,0.3021869117419794,0.3175251661123602,1236532000
2011-09-29,0.2996686995029449,0.3179830681363795,0.291885088057894,0.3127176895421877,866416000
2011-09-30,0.2863907217979431,0.2964635959904266,0.2859328415515004,0.2948610969994198,677784000
2011-10-03,0.2703655660152435,0.2916560084014943,0.2703655660152435,0.2827277557275338,949896000
2011-10-04,0.2953189313411712,0.2953189313411712,0.2625820240527465,0.2637266700156769,1361548000
2011-10-05,0.3058497011661529,0.3085968734537569,0.2886800108211974,0.2946321537664736,856708000
2011-10-06,0.3179830014705658,0.3188987074295232,0.306994366219983,0.3074522464899773,773192000
2011-10-07,0.3239351809024811,0.3287427059493191,0.3127176588472171,0.3193565960161662,806976000
2011-10-10,0.3383576869964599,0.3383576869964599,0.3287426388648665,0.3294294319157679,534376000
2011-10-11,0.3346948027610779,0.34110482563404,0.3335501567941386,0.3356105086184242,816080000
2011-10-12,0.334465891122818,0.3413337947995946,0.3342369782842515,0.3411048546705132,612064000
2011-10-13,0.353924810886383,0.354611603807261,0.3319476011613363,0.3328633068621683,854832000
2011-10-14,0.3598770201206207,0.3637688107208108,0.3511777058263359,0.3601059329262137,702452000
2011-10-17,0.3420205116271972,0.3557562897232211,0.34018907272836,0.3557562897232211,611780000
2011-10-18,0.35438272356987,0.3552984567158199,0.338128739957012,0.3401890917770024,590916000
2011-10-19,0.3472858071327209,0.3610215820213046,0.3463701015423842,0.3548404737697654,557568000
2011-10-20,0.3298872113227844,0.3392733172484606,0.3168382281357451,0.3378997314528227,990308000
2011-10-21,0.3314897716045379,0.339502320516789,0.3259954819801217,0.3340080036018607,628428000
2011-10-24,0.3438519239425659,0.3491173001357109,0.33217652574431,0.3328633186895913,535256000
2011-10-25,0.3308030068874359,0.3417916134605985,0.3301162138596422,0.3390444413494238,577996000
2011-10-26,0.3346948027610779,0.3390444465192419,0.3250797548063783,0.3372130348045491,503116000
2011-10-27,0.3491172790527344,0.3525512162812588,0.3392733202061963,0.3470569276318226,577732000
2011-10-28,0.3571297526359558,0.3603347766718597,0.3452254439223928,0.3461411494809347,490156000
2011-10-31,0.3388153910636902,0.3477436422214566,0.3388153910636902,0.3456832639740485,519984000
2011-11-01,0.3218747079372406,0.3273689968246011,0.31866968334419,0.3264532911068771,790824000
2011-11-02,0.3163803517818451,0.3266821899023049,0.309741417940965,0.3250796641630191,961608000
2011-11-03,0.3353816270828247,0.3360684201851529,0.3113440322444273,0.3198144077317685,749372000
2011-11-04,0.3392732739448547,0.3404179195316189,0.3271400252670533,0.3324054004242694,654840000
2011-11-07,0.3374419212341308,0.342478384927199,0.3296583401838607,0.3367551282495751,613536000
2011-11-08,0.3452255427837372,0.3472858945257259,0.336297288223926,0.3417916050200817,549728000
2011-11-09,0.3278269469738006,0.341562699415661,0.326453360813409,0.3372130553919442,532244000
2011-11-10,0.3312608003616333,0.3392733205701182,0.3230193400881316,0.3358393833379104,990484000
2011-11-11,0.3429362177848816,0.345683362272099,0.3221036258261657,0.3406469261637823,1751560000
2011-11-14,0.3362972140312195,0.3463701122900017,0.335381508412469,0.3429361752839294,500292000
2011-11-15,0.3406470417976379,0.3431652470613556,0.3321766380918547,0.3330923714254487,505660000
2011-11-16,0.3337790071964264,0.3431651132863278,0.3326343614435363,0.3342368873299883,512420000
2011-11-17,0.3218747079372406,0.334007958794879,0.3159225389005098,0.333092253077155,657504000
2011-11-18,0.3188985288143158,0.3237060506324362,0.3154645924558013,0.3237060506324362,501352000
2011-11-21,0.3349237442016601,0.3381287420056216,0.3090547124974149,0.3138622364938698,1330788000
2011-11-22,0.3452255427837372,0.3470569817157891,0.3367551411343112,0.338586580066363,1287480000
2011-11-23,0.3305739760398865,0.344080810910541,0.3303450359966278,0.3415625795967142,825340000
2011-11-25,0.3214169144630432,0.3337790803888796,0.3205011812856209,0.3262244113050848,406620000
2011-11-28,0.3395023047924042,0.3445387412632701,0.3319476364408497,0.3319476364408497,690616000
2011-11-29,0.3413336277008056,0.3456832696998788,0.3358393129072116,0.3390443094022654,623440000
2011-11-30,0.3578166365623474,0.3587323696445696,0.3486594694831889,0.3516355542420175,730324000
2011-12-01,0.3621662259101867,0.3630819314961132,0.3532379736401335,0.3548404720607571,529760000
2011-12-02,0.3598770201206207,0.3674316885154078,0.3564430824221276,0.3660581025198062,546464000
2011-12-05,0.35438272356987,0.3662870634336315,0.3514066386039296,0.3658292105059127,644696000
2011-12-06,0.3493463397026062,0.3571299225244119,0.345683461144982,0.3564431566740594,573832000
2011-12-07,0.3472858071327209,0.3498040384419039,0.339960080538513,0.347056894380389,510016000
2011-12-08,0.3362972140312195,0.3495751092461338,0.3351525683625287,0.3438518809026799,491488000
2011-12-09,0.3411048650741577,0.343852010254347,0.3292005238091449,0.3337791082062988,555840000
2011-12-12,0.3326343894004822,0.3351526211846933,0.3264533072734755,0.3337790352495764,573208000
2011-12-13,0.3234773278236389,0.3411049014657331,0.3214169755413124,0.3369841696105615,516596000
2011-12-14,0.3108859956264496,0.3225613895975946,0.3074520594338186,0.320729951503425,636020000
2011-12-15,0.3081390559673309,0.3182119593954471,0.307452290046078,0.3161516070506494,435148000
2011-12-16,0.3092836439609527,0.3166094004524813,0.3079100850866769,0.310657230125743,619116000
2011-12-19,0.3012711107730865,0.3143200969947446,0.3001264647740297,0.3106572188815576,463276000
2011-12-20,0.3182117640972137,0.3193564096508169,0.3081388668512041,0.3081388668512041,445208000
2011-12-21,0.3140911757946014,0.3198144061345621,0.3079100924855469,0.3163804679305857,548424000
2011-12-22,0.3275979161262512,0.3285136217859101,0.3150068132081546,0.3150068132081546,576560000
2011-12-23,0.3243929743766784,0.3296583510443917,0.3216458023479506,0.3292004708459295,248948000
2011-12-27,0.3218747079372406,0.326911143965739,0.3209589749290083,0.3230193537296497,195712000
2011-12-28,0.3138623237609863,0.3225616410211794,0.3136333835868285,0.3218748477892262,233960000
2011-12-29,0.3198142945766449,0.3205010874359754,0.3124885677549651,0.3170671504298281,211112000
2011-12-30,0.3172959983348846,0.3221034923730591,0.3168381183679654,0.3186695563641498,186956000
2012-01-03,0.3214169144630432,0.3296583766072765,0.3207301214026049,0.3273690573089775,468044000
2012-01-04,0.3250797986984253,0.326453384960418,0.3186697749599861,0.3216458603339596,347372000
2012-01-05,0.336755096912384,0.3383576228240589,0.3221036146704804,0.3234772005117709,563548000
2012-01-06,0.3328632712364197,0.3367550609841863,0.328971481488653,0.3365261482287324,533252000
2012-01-09,0.3328632712364197,0.3392732923277144,0.3305739799388504,0.3330922112823786,508244000
2012-01-10,0.3314897716045379,0.3381287344654289,0.3292004797126125,0.3378997943600316,546328000
2012-01-11,0.3248507082462311,0.3314896412050243,0.3234771227352043,0.3285135574581337,484272000
2012-01-12,0.3227904438972473,0.3257665286944425,0.3156936284032057,0.3255376158888188,652364000
2012-01-13,0.3143199980258941,0.3211878718577712,0.3127174995898905,0.3205010790164826,504300000
2012-01-17,0.3095124959945678,0.319127541830522,0.3090546431667859,0.319127541830522,627176000
2012-01-18,0.3200432360172272,0.3225614674155461,0.3138621548374053,0.3154646533224695,632676000
2012-01-19,0.3285136520862579,0.3289715322488264,0.319356485483034,0.322790422959243,608312000
2012-01-20,0.3255377113819122,0.3319477357583747,0.324393065146491,0.3280559167255275,546272000
2012-01-23,0.334465891122818,0.3346948312518993,0.32164584428559,0.3257665755754501,562792000
2012-01-24,0.3420205116271972,0.3433940976239529,0.3319476386193589,0.3321765514251442,730920000
2012-01-25,0.3399601578712463,0.3408758636698841,0.3232482950767656,0.332863342415016,1274152000
2012-01-26,0.336755096912384,0.3488883748325988,0.3349236855113404,0.3449965573791116,799672000
2012-01-27,0.3413336277008056,0.3431650386748355,0.3319475236516459,0.3346946674031922,449996000
2012-01-30,0.3388153910636902,0.3404178892846736,0.3303449926418474,0.335381454608511,399076000
2012-01-31,0.3381286561489105,0.33996009469636,0.332176487692326,0.3397311546439892,357900000
2012-02-01,0.3417915105819702,0.3456833001806966,0.3372129281621735,0.3420204233286577,428020000
2012-02-02,0.3546115756034851,0.3559851340454881,0.3401890072836606,0.3436229716149324,696236000
2012-02-03,0.3621662259101867,0.3651423100002045,0.359190141820169,0.3598769346548661,495232000
2012-02-06,0.359419047832489,0.3607926060813317,0.3562140240041856,0.3603347533317174,278868000
2012-02-07,0.3603347837924957,0.3623951349851818,0.3539247628845219,0.359876931004177,410296000
2012-02-08,0.3733838498592376,0.3804806379050163,0.3585034262040333,0.360334865060867,847612000
2012-02-09,0.373154878616333,0.3800227532882299,0.3724680856910417,0.377962401802864,561944000
2012-02-10,0.3639978170394897,0.3708656936859574,0.3619374376712399,0.3694921074404575,440268000
2012-02-13,0.3697210252285003,0.3745285495066182,0.3621663559159641,0.3731549633441519,610668000
2012-02-14,0.3717813789844513,0.3749864042822424,0.3665160017234843,0.3697210270212754,453756000
2012-02-15,0.370178759098053,0.3868906186332455,0.3692630534780038,0.3752152218798394,1110856000
2012-02-16,0.376588761806488,0.379564845861178,0.3433940117078742,0.3447675973609631,1888588000
2012-02-17,0.3628531098365783,0.3793360055547001,0.3594191720915317,0.3768178009159726,1020360000
2012-02-21,0.3646845519542694,0.3736127792534202,0.3619373799017508,0.3626241729148804,518176000
2012-02-22,0.3621662259101867,0.3717812437244326,0.3617083731172235,0.3628530187448838,492432000
2012-02-23,0.3642266988754272,0.3662870780682505,0.3571298826954476,0.362853140037392,323968000
2012-02-24,0.3614794015884399,0.3658290709689692,0.3598769033074037,0.3653711909253857,366668000
2012-02-27,0.3541538119316101,0.3585034556952033,0.349117347838381,0.3569009567975907,745268000
2012-02-28,0.3509488403797149,0.3582745975271532,0.3472859618059958,0.3541538659543484,699884000
2012-02-29,0.3468279540538788,0.3580454976241045,0.3465990413017341,0.3520933294202701,689196000
2012-03-01,0.3491172790527344,0.3532380091850651,0.3468279875670514,0.348201573374664,449944000
2012-03-02,0.3520933985710144,0.3571298348839068,0.3479726680275533,0.3479726680275533,684076000
2012-03-05,0.340188980102539,0.3502618776582645,0.3376707761814853,0.349575084846885,514848000
2012-03-06,0.3369840681552887,0.3390444198173083,0.3310318986797714,0.336297275171112,471400000
2012-03-07,0.3390444219112396,0.3404180078880762,0.3342369255733327,0.3388155091087739,441984000
2012-03-08,0.340188980102539,0.3436229441594369,0.3381286289589039,0.3399600673590816,430852000
2012-03-09,0.3392732739448547,0.3436229435488608,0.3374418355479313,0.3411047123417782,367836000
2012-03-12,0.334007978439331,0.3429362325195364,0.3330922726677505,0.340646940800075,299948000
2012-03-13,0.3385865986347198,0.3404180376672093,0.3337790745857492,0.335381600795748,553288000
2012-03-14,0.3289715647697449,0.3392733782167711,0.3278269188311864,0.3385865851955337,735708000
2012-03-15,0.3337790071964264,0.3356104458591519,0.3287425713418115,0.3298872170947016,382380000
2012-03-16,0.3342368304729461,0.3356103887684537,0.3321764520939306,0.3340078904451102,428340000
2012-03-19,0.3351526260375976,0.337670857858272,0.333550127283764,0.3360683591044384,405400000
2012-03-20,0.3296583294868469,0.3333211798014382,0.3266822448440161,0.3333211798014382,449616000
2012-03-21,0.3310318887233734,0.3340079733716208,0.3259954524750753,0.3296583300868427,467840000
2012-03-22,0.3305739760398865,0.3333211201064672,0.327597891930047,0.3285135975220724,425372000
2012-03-23,0.3330922424793243,0.3340079481679137,0.3273689864088643,0.3296583052113528,315456000
2012-03-26,0.3369840681552887,0.3385865669246939,0.3330922776323014,0.336297275171112,288600000
2012-03-27,0.3392732739448547,0.3433940035153066,0.3376707755814855,0.3383575683916447,419968000
2012-03-28,0.3470570743083954,0.3516356592148065,0.3411049030138534,0.343623135628587,892448000
2012-03-29,0.3486593961715698,0.351406540259581,0.3422493751058736,0.3465990449281876,372700000
2012-03-30,0.3525513112545013,0.3546116905209626,0.3465991681625915,0.3516356053297504,527240000
2012-04-02,0.3509488403797149,0.3546117189534341,0.3459124028087387,0.3516356335236019,407776000
2012-04-03,0.3452255427837372,0.3539248572431,0.3433941038516853,0.3534670043327149,430476000
2012-04-04,0.3353816270828247,0.3443098555415463,0.33332124777584,0.3399602113776594,495896000
2012-04-05,0.3349237442016601,0.3399601810181051,0.3337790709396595,0.3358394500626455,369424000
2012-04-09,0.3305739760398865,0.3317186216751705,0.3241639550241948,0.3296582704478611,365504000
2012-04-10,0.3241640031337738,0.3337790224390357,0.3225615044646482,0.3292004392183864,470360000
2012-04-11,0.3282847702503204,0.3353815859532001,0.3273690371293457,0.3285136830626803,372960000
2012-04-12,0.3360684216022491,0.3378998334954934,0.3273690786567626,0.3287426648672111,384868000
2012-04-13,0.3241640031337738,0.3349236955347067,0.3239350630565379,0.3330922567883452,311324000
2012-04-16,0.3202722668647766,0.3273690556792745,0.3150068898149792,0.3264533497969242,463468000
2012-04-17,0.320959061384201,0.3250797928049571,0.3198144152834641,0.3211880015205547,460696000
2012-04-18,0.3175250887870788,0.3205011737856602,0.3136332979230168,0.3188986748758126,400764000
2012-04-19,0.3127176165580749,0.3253087232927318,0.3111150902321612,0.3134043823657352,667188000
2012-04-20,0.3065364360809326,0.3154646897407196,0.3058496431393323,0.3145489567217496,509592000
2012-04-23,0.3028734922409057,0.3042470778232192,0.295547766146407,0.3012709939218752,706244000
2012-04-24,0.2934875786304474,0.3063076553912068,0.2918850792692976,0.3037894226161711,730440000
2012-04-25,0.2994396686553955,0.3017289606301062,0.2923428526175871,0.2978371697312006,727112000
2012-04-26,0.2996686995029449,0.302186932353804,0.2971504666520859,0.2992108464274763,539208000
2012-04-27,0.2971504628658294,0.3010422821840264,0.2939454640878658,0.2992108426149669,475356000
2012-04-30,0.2976080775260925,0.2992106029218361,0.2934873486193928,0.2955477267179922,262268000
2012-05-01,0.3028734922409057,0.3060785161694696,0.2960056189103439,0.2960056189103439,408680000
2012-05-02,0.2941742539405823,0.3028735677872822,0.2925717552218371,0.3017289219466772,684008000
2012-05-03,0.2891376912593841,0.2966923559618052,0.2873062532572066,0.2948609179596278,419536000
2012-05-04,0.2806673645973205,0.2889088240375002,0.2806673645973205,0.2873063256159387,545092000
2012-05-07,0.285474956035614,0.2905114198479341,0.2831856642265634,0.2857038961327235,604440000
2012-05-08,0.2852459847927093,0.2870773960323528,0.2779202306721136,0.2829566661621441,462312000
2012-05-09,0.2863907217979431,0.2886800138680997,0.2774624663500237,0.2802096113761088,520608000
2012-05-10,0.2843302190303802,0.2895955939622484,0.2797516368792779,0.2891377412052386,597092000
2012-05-11,0.3024158477783203,0.3131755452397868,0.3012712014348044,0.3079101666015094,1435140000
2012-05-14,0.3005842268466949,0.3051628094587824,0.2937163529285637,0.2998974339967808,437472000
2012-05-15,0.2976080775260925,0.3072231207385581,0.2962345194175253,0.3005841610304033,599940000
2012-05-16,0.2916560769081116,0.3015000375216562,0.2907403437751585,0.2980660996767345,470484000
2012-05-17,0.2895956933498382,0.2955478631052229,0.2895956933498382,0.2928007183298576,335364000
2012-05-18,0.2765467762947082,0.2916561445218379,0.2751732172126189,0.2902825581492302,567288000
2012-05-21,0.2813540697097778,0.2827276549517094,0.2751729907020776,0.2770044285944877,416260000
2012-05-22,0.2779202759265899,0.2815831535833237,0.273799545385392,0.2811253006988594,410140000
2012-05-23,0.2847880721092224,0.2852459521572519,0.270823385616378,0.2749441150151274,496000000
2012-05-24,0.2772333920001983,0.2868484358720033,0.2751730410508121,0.286390583137751,520420000
2012-05-25,0.2838723957538605,0.2861616870671573,0.2770045218139699,0.2770045218139699,391752000
2012-05-29,0.2911980450153351,0.2930294830367582,0.2873062562763719,0.2884509016284492,310000000
2012-05-30,0.2877641320228576,0.2900534229104946,0.2827276975281565,0.2879930720278214,379792000
2012-05-31,0.2845593094825744,0.2889089539093016,0.2808964309091603,0.2877643077664243,358192000
2012-06-01,0.2742573320865631,0.281354145599953,0.2737994793125871,0.2786070016655935,440984000
2012-06-04,0.2685341536998749,0.2772334671714748,0.2662448621173753,0.2756309685218268,432856000
2012-06-05,0.2763177752494812,0.2770045682166199,0.2671606084623234,0.2671606084623234,365224000
2012-06-06,0.283643513917923,0.2843303069109622,0.2763177856700294,0.2783781373586364,368968000
2012-06-07,0.2721970677375793,0.2893667842048363,0.2719681276323513,0.2877642580492638,526780000
2012-06-08,0.2774624824523926,0.278378188417392,0.2726549579098561,0.2731128108923559,370308000
2012-06-11,0.2806673645973205,0.2914270553360285,0.279980599052726,0.2863906200294763,839080000
2012-06-12,0.2863907217979431,0.2891378668240282,0.2834146366486366,0.2838724896045651,496128000
2012-06-13,0.278836041688919,0.2868485636235652,0.2774624555839173,0.2861617705710643,494276000
2012-06-14,0.2754021286964416,0.2806675067109414,0.272654983255556,0.278378214295117,589884000
2012-06-15,0.2813540697097778,0.281583009680265,0.2749440507315904,0.2774622812449663,385288000
2012-06-18,0.2838723957538605,0.2861616870671573,0.2770045218139699,0.2792938131272667,304424000
2012-06-19,0.3031024634838104,0.3074521334154284,0.2941742108602823,0.2955477965840576,960476000
2012-06-20,0.3079099953174591,0.3136332238513232,0.3042471181395835,0.3060785567285213,972720000
2012-06-21,0.2939453423023224,0.3076810924435803,0.2932585493371575,0.3076810924435803,516376000
2012-06-22,0.2976080775260925,0.3010420410237581,0.2934873486193928,0.2976080775260925,865360000
2012-06-25,0.2882219851016998,0.2987527341141615,0.287077339656454,0.2978370286741648,494616000
2012-06-26,0.2914270758628845,0.2934874272227994,0.2857038473181139,0.28982457732845,437152000
2012-06-27,0.300813227891922,0.3028735795689541,0.2916560608108715,0.2916560608108715,506064000
2012-06-28,0.3031024634838104,0.3049339020186756,0.2955477965840576,0.2980660279808104,545896000
2012-06-29,0.3163803517818451,0.3170671446286097,0.3099703306962166,0.3101992707419731,616508000
2012-07-02,0.3079099953174591,0.3182118066784145,0.3053917638463563,0.3179828939113637,581684000
2012-07-03,0.3159225583076477,0.3166093512833846,0.3076810971798253,0.3079100372685743,219284000
2012-07-05,0.3127176165580749,0.3152358215306974,0.3079100921613636,0.3138622626248619,280076000
2012-07-06,0.3067653775215149,0.3113439607651853,0.3033314400887621,0.3104282277421459,382760000
2012-07-09,0.3026446402072906,0.3063075176344749,0.3001264085647879,0.3049339317766537,306336000
2012-07-10,0.2934875786304474,0.3083680078140393,0.2911982860315133,0.2994397503038841,512028000
2012-07-11,0.2886799275875091,0.2980660331860399,0.2873063418397465,0.2944031560523435,485216000
2012-07-12,0.2838723957538605,0.2859327470196255,0.2813541643930319,0.2854748942150672,472160000
2012-07-13,0.2875353693962097,0.2889089282714626,0.2822699921481214,0.2841014312723061,324260000
2012-07-16,0.2884511053562164,0.2907403976772564,0.28295678741141,0.2857039600290718,334460000
2012-07-17,0.2831855714321136,0.2909691774066546,0.2783780492922353,0.2893666791235292,447476000
2012-07-18,0.2989817559719085,0.3031024861610294,0.2811252766793896,0.2824988352154249,616008000
2012-07-19,0.3019578754901886,0.3058496660636127,0.2989817907138604,0.3010421696930925,403036000
2012-07-20,0.2932586073875427,0.3021868631210096,0.2900535820125103,0.3001264838176641,451000000
2012-07-23,0.2971504628658294,0.2992108426149669,0.2822700607143167,0.2854750594922803,451584000
2012-07-24,0.2939453423023224,0.2994396314426217,0.2905114047670079,0.297608192632352,351164000
2012-07-25,0.2996686995029449,0.3026447854292726,0.2916561751654203,0.2930297343918261,415044000
2012-07-26,0.3010420799255371,0.3085967460156454,0.2987527615344261,0.3051627820742302,338440000
2012-07-27,0.3085968494415283,0.3095125552724684,0.2998975075950387,0.3021868267534124,376516000
2012-07-30,0.3051629066467285,0.3124886629915713,0.3026447017823883,0.3085968719899447,363552000
2012-07-31,0.3099704682826996,0.3143201400492263,0.3047050905077025,0.3051629435119377,387788000
2012-08-01,0.3065364360809326,0.3147778967991192,0.305162850197732,0.3118018122458569,335912000
2012-08-02,0.3076810836791992,0.3122596669291963,0.2998974757798988,0.3049339391873027,367912000
2012-08-03,0.3140911757946014,0.3172962011592883,0.3051629200899539,0.3124886767575154,326548000
2012-08-06,0.3207301199436188,0.3223326188836762,0.3166093888902471,0.3170672418316188,360324000
2012-08-07,0.3239351809024811,0.3273691195672172,0.3221037414898514,0.324621974093532,407340000
2012-08-08,0.3257665038108825,0.3292004412475359,0.3227904192410145,0.3237061522650941,517064000
2012-08-09,0.336755096912384,0.3374418898330293,0.3257664920535832,0.3262243449038441,822300000
2012-08-10,0.3346948027610779,0.3484305543643486,0.3303451317124012,0.3456834095017969,1278744000
2012-08-13,0.3390444219112396,0.3392733620042159,0.3337790453873802,0.3351526313642167,447244000
2012-08-14,0.334007978439331,0.340646940800075,0.3326343924914502,0.3401890606237748,388828000
2012-08-15,0.3314897716045379,0.3378997943600316,0.3298872727382925,0.3351526495478235,594404000
2012-08-16,0.3383576869964599,0.3395023329844579,0.3333212228168584,0.3344658688048564,371008000
2012-08-17,0.3353816270828247,0.3383577123325703,0.3324055418330791,0.3383577123325703,309864000
2012-08-20,0.3353816270828247,0.3358394800542051,0.3303451625260944,0.334236981009116,314392000
2012-08-21,0.334465891122818,0.338586622412678,0.3310319529296871,0.3365262704130054,340248000
2012-08-22,0.3351526260375976,0.3365262119926037,0.3312608355524274,0.3324054814180958,313556000
2012-08-23,0.3275979161262512,0.334694730505381,0.3262243303462562,0.3344657904452129,379040000
2012-08-24,0.3342368304729461,0.3358393287962897,0.3269110770682281,0.3275978698612332,347724000
2012-08-27,0.3285136520862579,0.3349237014571256,0.3282847392954828,0.3340079684224977,340944000
2012-08-28,0.327140063047409,0.3303450601442823,0.3253086244389787,0.3259954173284534,310764000
2012-08-29,0.3278269469738006,0.329887298923874,0.3262244206898389,0.3269112137700348,250412000
2012-08-30,0.3216458857059479,0.3282848501085842,0.3200433864675592,0.327140203896804,307488000
2012-08-31,0.3211879432201385,0.3262243796910892,0.3179829456360364,0.3239350879051561,485064000
2012-09-04,0.30401811003685,0.3170670900058492,0.3010420536977451,0.3159224445552704,694452000
2012-09-05,0.3049339056015014,0.3095124883472077,0.3017288813052036,0.3051628183644833,480256000
2012-09-06,0.3143199980258941,0.3225614575403486,0.3069942441061548,0.307223184150086,657296000
2012-09-07,0.3067653775215149,0.3088257290649631,0.2964635379327476,0.3063075246552496,781064000
2012-09-10,0.30401811003685,0.3104281300181917,0.3033313445989028,0.3060784882221921,371108000
2012-09-11,0.3076810836791992,0.3124886070078997,0.3026446475623042,0.3037892933748035,382808000
2012-09-12,0.311115026473999,0.3127175524715,0.3072232361025879,0.310199320724435,322608000
2012-09-13,0.3131754696369171,0.3150069088025239,0.3072232991713238,0.313862262735334,433836000
2012-09-14,0.3168383836746216,0.3223327022638778,0.3129465917304736,0.3129465917304736,339468000
2012-09-17,0.3081390559673309,0.3175251661836747,0.3047051171989884,0.3175251661836747,493348000
2012-09-18,0.3101992607116699,0.3138621375823055,0.3044760326578669,0.3047049454057166,359952000
2012-09-19,0.3138623237609863,0.3182119687458228,0.3072233589061325,0.310886237949536,451936000
2012-09-20,0.311572790145874,0.3147778139327724,0.3090545864102769,0.3131753156845739,320596000
2012-09-21,0.3129464387893677,0.3147778774240712,0.310886087381893,0.3120307331172693,340136000
2012-09-24,0.3127176165580749,0.3131754695266868,0.3074522391927518,0.3079100921613636,357832000
2012-09-25,0.3069942891597748,0.3182118344390656,0.306536436295224,0.3168382485549047,481544000
2012-09-26,0.3017289340496063,0.3060786047926847,0.298066083587052,0.3058496646991767,436812000
2012-09-27,0.30401811003685,0.3044759900494817,0.299897380956666,0.3024156118641396,558888000
2012-09-28,0.3053918480873108,0.3097415193471884,0.2987528847823967,0.3026447030913698,485508000
2012-10-01,0.3003554046154022,0.3085968667172805,0.2992107586173921,0.3067654276623616,504236000
2012-10-02,0.3014999032020569,0.3024156086365468,0.2980659668869697,0.3024156086365468,295492000
2012-10-03,0.2985239326953888,0.3031025161833639,0.2969214339326995,0.302186810401973,430872000
2012-10-04,0.3118018507957458,0.3136332897696087,0.2976082192161928,0.2992107453748928,502608000
2012-10-05,0.3044761419296264,0.3159226021451894,0.3033314959080702,0.3127176042010373,483068000
2012-10-08,0.3014999032020569,0.3047048995132717,0.2992106123253321,0.3033313413615367,240596000
2012-10-09,0.2950899004936218,0.3019577735242107,0.2941741677152424,0.3010420680363329,366360000
2012-10-10,0.2900534272193908,0.2950898890794113,0.2889087817585681,0.2937163036102239,326568000
2012-10-11,0.2916560769081116,0.2937164286988598,0.2893667850114971,0.2928007228564188,320516000
2012-10-12,0.2891376912593841,0.2918848346174016,0.2873062532572066,0.2895955439373041,260696000
2012-10-15,0.2928007841110229,0.2930296969742662,0.286161819847647,0.2895957584109566,249580000
2012-10-16,0.3012711107730865,0.3021868439466399,0.2925717957221522,0.2953189406617859,367696000
2012-10-17,0.2989817559719085,0.3003553417984513,0.2946320857148613,0.2976081701453657,391752000
2012-10-18,0.2944032251834869,0.2982950159953352,0.2932585792217367,0.2982950159953352,254772000
2012-10-19,0.2772333920001983,0.2921138105421583,0.2756308937850645,0.2900534323022711,709412000
2012-10-22,0.274028480052948,0.2799806493047865,0.2717391883853961,0.2783781233050927,480840000
2012-10-23,0.2822698950767517,0.2841013335711129,0.2708234113096206,0.2715102041563191,573948000
2012-10-24,0.2786071300506592,0.2852460938493766,0.2758599848503866,0.2841014477417201,332916000
2012-10-25,0.278836041688919,0.2838724785897368,0.2776913956982553,0.2808963935559085,307356000
2012-10-26,0.2758599519729614,0.2808963887882965,0.2758599519729614,0.2792938898866689,389376000
2012-10-31,0.2742573320865631,0.2792937944718092,0.2735705665708507,0.2770045033114258,347112000
2012-11-01,0.2873065173625946,0.2875354575572557,0.275402173050668,0.2756311132453291,473220000
2012-11-02,0.2859327793121338,0.2907403025292084,0.2841013678870655,0.2902824496729413,256700000
2012-11-05,0.2980660498142242,0.2992106955710473,0.2852460064216021,0.2852460064216021,444840000
2012-11-06,0.2978371083736419,0.2987528140586761,0.2928006725249394,0.2987528140586761,350804000
2012-11-07,0.2886799275875091,0.2973792403121586,0.2873063418397465,0.2955478017453104,324620000
2012-11-08,0.2902825772762298,0.2994397475889404,0.2895957840446725,0.2918850766228501,839024000
2012-11-09,0.2790649831295013,0.2953189687798988,0.2781492771592744,0.2918850304557739,846280000
2012-11-12,0.2728838920593261,0.2806674744625978,0.2701367196435689,0.279522828386204,643624000
2012-11-13,0.2708234786987304,0.2776913815841539,0.2705945658865404,0.2715102717163239,492120000
2012-11-14,0.2641845047473907,0.2751731095576663,0.2639555646780173,0.2724259651777243,619300000
2012-11-15,0.2653291225433349,0.2726548492144347,0.2634976840529338,0.265786975343309,466688000
2012-11-16,0.2605217099189758,0.2662449405614676,0.2552563322697801,0.2653292345748754,624552000
2012-11-19,0.2678472995758056,0.2687630323739062,0.2621240719270602,0.2653290957846589,404092000
2012-11-20,0.264736920595169,0.2679625955935891,0.2619720249204334,0.2668105648846421,336976000
2012-11-21,0.2723402082920074,0.2730314044383473,0.2645063864566798,0.2647368034831707,422312000
2012-11-23,0.2741835713386535,0.2774092461952329,0.2721098996737862,0.2734923474503644,276932000
2012-11-26,0.2790220081806183,0.2797132318820121,0.274183497204002,0.2746443038494078,364600000
2012-11-27,0.280174195766449,0.2843215128357939,0.2755660717930847,0.2778701337797669,451404000
2012-11-28,0.2824781537055969,0.2838606013750319,0.2755659702915727,0.2790220619985848,398332000
2012-11-29,0.2774091958999634,0.2843213785964966,0.2764875825270546,0.2829389585371334,488688000
2012-11-30,0.2757963836193084,0.2792524752790437,0.2741835463380803,0.2771788038032576,460504000
2012-12-03,0.2707274854183197,0.2792525353184834,0.270036288911025,0.2792525353184834,391380000
2012-12-04,0.2787916362285614,0.2792524429031195,0.2695753654045402,0.2711882299653513,528068000
2012-12-05,0.2755659222602844,0.2783307896506611,0.2716490245017032,0.2764875630347904,633024000
2012-12-06,0.2760267853736877,0.2778700398331545,0.2739531412733977,0.2748747547698431,412896000
2012-12-07,0.2755659222602844,0.2776395934029949,0.27234024821594,0.2762571459745213,338288000
2012-12-10,0.2847822606563568,0.2868559324940996,0.2748747906757983,0.2755660146217125,513644000
2012-12-11,0.2914640605449676,0.2951505700091227,0.2850126827159863,0.2857039066738379,816724000
2012-12-12,0.2884687483310699,0.2939985120153349,0.2873167176635036,0.2923856745740576,399404000
2012-12-13,0.288699209690094,0.2942289467551316,0.2859343411575752,0.2880079856903188,377556000
2012-12-14,0.2900814116001129,0.2930766950306567,0.2877773516483962,0.2898510220848779,338660000
2012-12-17,0.2889295518398285,0.2910032234979616,0.2845518463391763,0.2893903860749096,445232000
2012-12-18,0.2893903851509094,0.2926160599867141,0.2880079373832347,0.2889295509172996,416436000
2012-12-19,0.2914640605449676,0.2949201528676455,0.2903120297707417,0.2914640605449676,458544000
2012-12-20,0.2912335991859436,0.2928464363795607,0.2880078973321358,0.2926160192947982,334332000
2012-12-21,0.2845517992973327,0.2873166669178476,0.2813260975179215,0.2873166669178476,462172000
2012-12-24,0.2822477221488952,0.2852430066767249,0.2813260813506401,0.2843213658784697,127376000
2012-12-26,0.2820174396038055,0.2861647565077782,0.2808654086564011,0.2815566327181606,196740000
2012-12-27,0.280174195766449,0.2829390921237358,0.2769485199717282,0.2824782577531311,299804000
2012-12-28,0.2787916362285614,0.2831693408367211,0.2771787716677503,0.2776396058088802,220600000
2012-12-31,0.2824781537055969,0.2836301842746009,0.2771788075948633,0.2778700314295808,326460000
2013-01-02,0.2930766940116882,0.2933071109926832,0.2882381846098425,0.2893902145816954,478836000
2013-01-03,0.2933072447776794,0.2965329191835565,0.2898511532857081,0.2930768276915852,298888000
2013-01-04,0.3029843270778656,0.3039059405017167,0.2928464420826328,0.2937680555064839,524968000
2013-01-07,0.2942289113998413,0.3036755741729428,0.292155267116272,0.3027539605950405,610732000
2013-01-08,0.2877773940563202,0.2958416325422652,0.2857037507808201,0.2949199919458254,466424000
2013-01-09,0.2813261151313782,0.2914640003300824,0.2794828882466815,0.2900815526999854,695020000
2013-01-10,0.2817868888378143,0.2852429797046845,0.28017402446002,0.2838605323713089,506368000
2013-01-11,0.2813261151313782,0.2831693694826493,0.2785612473377586,0.2829389798553495,513172000
2013-01-14,0.2810957133769989,0.2831693572661084,0.2778700115347944,0.2831693572661084,305684000
2013-01-15,0.2760267853736877,0.2797132942926212,0.2744139480216204,0.2797132942926212,375888000
2013-01-16,0.2785612940788269,0.2808653555378812,0.2755660086887405,0.2755660086887405,337376000
2013-01-17,0.2822477221488952,0.2833997525467858,0.2787916309552236,0.2794828546872722,580736000
2013-01-18,0.2804045975208282,0.282247852502055,0.276948504730997,0.282247852502055,397088000
2013-01-22,0.2790220081806183,0.282708516277005,0.2776395882444008,0.2801740385274179,308224000
2013-01-23,0.2794829308986664,0.2801741273526241,0.276487645554061,0.2799437376901644,421808000
2013-01-24,0.2808654010295868,0.2820174319457081,0.277178891111365,0.2785613391973441,396980000
2013-01-25,0.2859343588352203,0.2861647485383344,0.279943787088916,0.2813262077073515,393920000
2013-01-28,0.2905423641204834,0.2923856183273149,0.2866254386310016,0.2873166623918851,422492000
2013-01-29,0.2843213975429535,0.2900815501739064,0.2831693670167629,0.2893903538314515,388872000
2013-01-30,0.2838606238365173,0.2884687464771676,0.2829390102950183,0.2845518477259303,287592000
2013-01-31,0.2824781537055969,0.2870863034481883,0.2806349267684507,0.2838606013750319,470544000
2013-02-01,0.2850126326084137,0.2859342735457105,0.2824781543640667,0.2847822155074456,288816000
2013-02-04,0.280174195766449,0.2891600539944605,0.279943806047732,0.2833998990277552,511744000
2013-02-05,0.2866254448890686,0.2882383095218686,0.2806349029192864,0.2815565163095381,367296000
2013-02-06,0.2843213975429535,0.2866254585953346,0.2781004381948391,0.2797132754381911,530688000
2013-02-07,0.2831692993640899,0.2857037769028208,0.2804044322551086,0.2833997164009083,440000000
2013-02-08,0.2850126326084137,0.2873166937517926,0.2831693782003954,0.2850126326084137,307232000
2013-02-11,0.2882383465766907,0.2912336316799307,0.2845518376086142,0.2873167056013833,408308000
2013-02-12,0.2863951623439789,0.2896208378823557,0.2852431314421895,0.2857039383095886,277804000
2013-02-13,0.2850126326084137,0.2919248160385505,0.2840910191376923,0.2866254699154639,856396000
2013-02-14,0.2933072447776794,0.2935376618637736,0.2776396245207616,0.2810957160127328,882096000
2013-02-15,0.2933072447776794,0.2946896923610974,0.2868558684993517,0.2926160209859704,733860000
2013-02-19,0.2893903851509094,0.2937680906375839,0.2875471306162022,0.2935377009873563,433552000
2013-02-20,0.2852430045604706,0.2949200543376416,0.2843213637690531,0.2903119327802677,713012000
2013-02-21,0.2831692993640899,0.2880078374047332,0.2824780757202026,0.2847821362221151,580408000
2013-02-22,0.2884687483310699,0.2886991654512142,0.2833998188870936,0.285012656328371,370148000
2013-02-25,0.283399760723114,0.2914639737410073,0.2829389540439773,0.2891599128787521,644444000
2013-02-26,0.2867611050605774,0.2883838366715234,0.2830519805483505,0.2839792754939448,487504000
2013-02-27,0.2920930981636047,0.2941794920433199,0.2860657749134339,0.2867612395400056,476980000
2013-02-28,0.2934840321540832,0.2978885954683212,0.2900067366001832,0.2911658351181499,591392000
2013-03-01,0.2946431934833526,0.2955704614413633,0.2888476996580503,0.2913977003601267,389396000
2013-03-04,0.2934840321540832,0.2962658630701856,0.2902385397227234,0.2925567367586568,353680000
2013-03-05,0.2967294454574585,0.2971930792571708,0.2937157843067026,0.2951067133409234,366168000
2013-03-06,0.2964977025985718,0.3013658999369858,0.295106773281831,0.2985840689385935,342928000
2013-03-07,0.2958021759986877,0.3011340337495742,0.2941794438923528,0.2981203726177616,314824000
2013-03-08,0.297193169593811,0.2985840990508271,0.2951068030433789,0.2964977325003951,246464000
2013-03-11,0.2944112420082092,0.2955703402981989,0.2918612147161987,0.2941794389312611,299748000
2013-03-12,0.2953385710716247,0.2962658387558625,0.2911658112223824,0.2939476419101819,310856000
2013-03-13,0.2953385710716247,0.3004385986051048,0.292556712748739,0.2953385710716247,485840000
2013-03-14,0.2955703735351562,0.2981204011139179,0.2937158105356101,0.2971931057966018,383304000
2013-03-15,0.2930203974246979,0.2955703975757812,0.291861271275002,0.2955703975757812,355776000
2013-03-18,0.2909340858459472,0.2937159175411908,0.2888477189832887,0.2911659166685076,298312000
2013-03-19,0.2890793681144714,0.2925566627891788,0.2869930023636796,0.2911657615003448,355480000
2013-03-20,0.2925566434860229,0.29348393858581,0.2893111797244674,0.2918611790699525,340588000
2013-03-21,0.2879201769828796,0.2913974705355265,0.2874565433695412,0.2909338369221881,339032000
2013-03-22,0.2893112003803253,0.2904702986115052,0.2876884683836898,0.2888475666148697,232476000
2013-03-25,0.2876885533332824,0.291165849053609,0.2856021593200326,0.2909340182848846,362076000
2013-03-26,0.2897749245166778,0.2900067552892466,0.2872248965587829,0.288383995151446,232540000
2013-03-27,0.2932521402835846,0.2948748723435477,0.2879202826850633,0.2886157471779284,254944000
2013-03-28,0.2974248826503753,0.2976567133464753,0.2904702933883517,0.2925566591129263,349276000
2013-04-01,0.2876885533332824,0.2967295111520955,0.2856021593200326,0.2967295111520955,442828000
2013-04-02,0.284674733877182,0.2886156613175858,0.2828201716596171,0.2879201970316146,371524000
2013-04-03,0.28119757771492,0.285833971710584,0.2791111838358184,0.2842112117040312,353156000
2013-04-04,0.2839793264865875,0.2849065939636111,0.2793429338313093,0.2802702013083329,294676000
2013-04-05,0.2888475656509399,0.2888475656509399,0.2791111184334559,0.2798065828968592,551352000
2013-04-08,0.2881522178649902,0.2890794857682726,0.2828203583333843,0.2890794857682726,326660000
2013-04-09,0.292788416147232,0.2948747813469041,0.2862974622753674,0.2883838274750394,380584000
2013-04-10,0.2974248826503753,0.297888516407494,0.2923248560519075,0.2930203205051261,384688000
2013-04-11,0.2960339784622192,0.2978885412806276,0.2851384599023097,0.2932521480521484,969220000
2013-04-12,0.3034523427486419,0.3066978081632317,0.2948749899734806,0.2974250182528681,770548000
2013-04-15,0.297193169593811,0.3034523245152915,0.2953386338312457,0.3025250289989167,430420000
2013-04-16,0.3004384934902191,0.3025248588673372,0.2983521004780244,0.2999748598103124,468844000
2013-04-17,0.2964977025985718,0.300902266043102,0.2946431393879472,0.2981204350447097,532948000
2013-04-18,0.2907020449638366,0.2990475616542434,0.2907020449638366,0.2971929993191445,402548000
2013-04-19,0.2913975715637207,0.2923248667469654,0.2867611785527435,0.2904703040155582,303028000
2013-04-22,0.2918610870838165,0.2944111132606872,0.2888474549557869,0.2911656505220072,245568000
2013-04-23,0.2995112538337707,0.3025248868494488,0.2939475662550468,0.2944111999778374,376948000
2013-04-24,0.3097114861011505,0.3122615145097228,0.3002068649074847,0.3004386957210259,556556000
2013-04-25,0.3122614920139313,0.3129569567693573,0.3085523650750545,0.3113342240967586,353224000
2013-04-26,0.3108704388141632,0.3122613677715934,0.3092477067872161,0.3117977339974774,324332000
2013-04-29,0.3145796358585357,0.3157387343751149,0.3099432417922191,0.3113341710661496,269712000
2013-04-30,0.3192160725593567,0.3192160725593567,0.3131887484141002,0.3152751426036546,276712000
2013-05-01,0.3164340853691101,0.3213023084444222,0.3152749872688052,0.3192159152828262,341316000
2013-05-02,0.3201431632041931,0.3210704304938688,0.3143476459209589,0.3162022081353848,323480000
2013-05-03,0.3215342462062835,0.323852443378218,0.3203751476203163,0.3222297108848819,293864000
2013-05-06,0.3206068873405456,0.3233887176298209,0.318752324602668,0.3215341548919433,217116000
2013-05-07,0.3164340853691101,0.3213023084444222,0.3134204247813015,0.3206068440572235,448068000
2013-05-08,0.3222295641899109,0.3240841266101871,0.3157386095364827,0.3168977075947706,334032000
2013-05-09,0.3224613964557647,0.3238522975515659,0.3159704417701262,0.3164340754687266,566800000
2013-05-10,0.337066113948822,0.3384570429948027,0.3291842287467381,0.3291842287467381,861136000
2013-05-13,0.3301114439964294,0.3361387648883591,0.3287205152874988,0.3347478361794285,289812000
2013-05-14,0.3349798321723938,0.3377616633281546,0.3308070716212071,0.3340525366970795,454140000
2013-05-15,0.3407753407955169,0.3419344394661782,0.3333570871952112,0.3333570871952112,313172000
2013-05-16,0.3391525149345398,0.3437889083424209,0.3379933889474849,0.34031161328651,308368000
2013-05-17,0.3447161614894867,0.3470343580960469,0.3382252054641014,0.340775232785351,312116000
2013-05-20,0.3440206348896026,0.345411563656529,0.3421660724120603,0.3433251705061395,236380000
2013-05-21,0.3476320505142212,0.3490300444237196,0.342040130427126,0.3460010761367725,357784000
2013-05-22,0.3355161845684051,0.3490300230215891,0.3341181907446302,0.3490300230215891,480404000
2013-05-23,0.3408753275871277,0.3420403138780589,0.3306234315616547,0.3315554094842141,393884000
2013-05-24,0.3387783765792846,0.341807346857205,0.335050408887157,0.3390113849758429,283304000
2013-05-28,0.3385452926158905,0.3422732594758971,0.3352833424449806,0.3413412816486261,279300000
2013-05-29,0.3364483714103699,0.3385453356761775,0.3350503767161882,0.3364483714103699,335052000
2013-05-30,0.3408753275871277,0.3443702864599212,0.3350503683570076,0.335982374055031,284504000
2013-05-31,0.3371472656726837,0.3439041731525127,0.3371472656726837,0.3390112487698471,577508000
2013-06-03,0.3366812765598297,0.3401762344482832,0.3296913330074664,0.3376132542199014,444468000
2013-06-04,0.3371472656726837,0.3448361785888226,0.3350502742725788,0.3387782404669056,363676000
2013-06-05,0.3299244344234466,0.3392443247563041,0.3289924287248824,0.3366813715800468,464520000
2013-06-06,0.3320213556289673,0.3345843362486869,0.3296913833475715,0.3299243916858952,341044000
2013-06-07,0.3366812765598297,0.3387782401827193,0.3329533103686301,0.3343512768587378,274584000
2013-06-10,0.3364483714103699,0.3385453356761775,0.3338853903961917,0.335749374063279,224148000
2013-06-11,0.3301573991775512,0.3366813271038214,0.3301573991775512,0.3320213547775195,296336000
2013-06-12,0.3273613750934601,0.3345842994822667,0.3254973919180786,0.3317883386069233,312588000
2013-06-13,0.3348172903060913,0.3364482650835609,0.3259633915170982,0.3261963720421904,236256000
2013-06-14,0.3343512415885925,0.3364482327657304,0.3320212699087416,0.3359822439848509,236012000
2013-06-17,0.3376132249832153,0.3406421937793298,0.3350502449767829,0.3369142279109652,255336000
2013-06-18,0.3355161845684051,0.3429720868191608,0.3327201969208552,0.3392441218060592,486772000
2013-06-19,0.3457683026790619,0.3606801459959279,0.3373803890773579,0.3385453755345131,1159588000
2013-06-20,0.3364483714103699,0.3434382893303486,0.3341183987703769,0.342972300357443,628696000
2013-06-21,0.3359823822975158,0.3394773412560494,0.3303904312985832,0.3383123549365383,714228000
2013-06-24,0.3289924561977386,0.3352834049181209,0.324099530029678,0.3310894483630215,580772000
2013-06-25,0.3313223123550415,0.3331862675445496,0.3278273269360778,0.3324872982362112,457360000
2013-06-26,0.3294583559036255,0.3355162940834096,0.3280603616235348,0.335050277473075,579752000
2013-06-27,0.3264293670654297,0.3308563023921353,0.3229344093520973,0.3303903135854487,808036000
2013-06-28,0.3271283507347107,0.3303903000230707,0.3222353990267169,0.3264293536656468,431536000
2013-07-01,0.328526496887207,0.3301575001994257,0.3264295323078815,0.3294585027478275,199524000
2013-07-02,0.3282933831214905,0.3331863077475216,0.3252644139098763,0.3266623804706891,256392000
2013-07-03,0.3292253911495209,0.3331863384331367,0.3254974244264352,0.3254974244264352,140388000
2013-07-05,0.3317882716655731,0.3324872686872442,0.3280603060669617,0.330157297131975,184684000
2013-07-08,0.3301573991775512,0.3343513270529402,0.3282934158021226,0.3327203520152378,262084000
2013-07-09,0.3317882716655731,0.3338852349551346,0.3299242888662674,0.3308562663781943,157364000
2013-07-10,0.3362151980400085,0.337147203303907,0.3308562580428088,0.3317882633067073,208468000
2013-07-11,0.3408753275871277,0.3413413165484073,0.33738034093887,0.3380793382685215,239832000
2013-07-12,0.3411084115505218,0.3443703908189273,0.339011446701561,0.3401764333455331,216360000
2013-07-15,0.3404092490673065,0.3418072434728785,0.3350503075465592,0.3418072434728785,201332000
2013-07-16,0.3422731757164001,0.3441371586902582,0.3401762122304688,0.3418071869167992,162560000
2013-07-17,0.3404092490673065,0.3434382184290732,0.3394772713138979,0.3422732323495828,166100000
2013-07-18,0.3390112221240997,0.3411081855839303,0.3345842591443569,0.3399431997117013,344488000
2013-07-19,0.3317882716655731,0.338545178065673,0.3282933143326693,0.3369142035320749,480532000
2013-07-22,0.3315552771091461,0.3373802062381705,0.330157310783452,0.3343512375359872,292384000
2013-07-23,0.3310893476009369,0.335749291738315,0.3294583727079461,0.335749291738315,246792000
2013-07-24,0.3310893476009369,0.3350502945626167,0.3306233587422906,0.3341183168453243,284252000
2013-07-25,0.3322543203830719,0.3366812838022832,0.3285263541116789,0.3308563260874353,243320000
2013-07-26,0.3308563232421875,0.332953314667609,0.3282933707561701,0.3282933707561701,227360000
2013-07-29,0.3301573991775512,0.3343513270529402,0.3292253936021067,0.3301573991775512,179540000
2013-07-30,0.3357492089271545,0.3401761714310464,0.3310892659391322,0.3313222741987137,266076000
2013-07-31,0.3364483714103699,0.339710321996174,0.3338853903961917,0.3341183987703769,270160000
2013-08-01,0.3411084115505218,0.3418074090919996,0.3336525025841947,0.3376134516186054,277648000
2013-08-02,0.3439041376113891,0.3446031346725189,0.338079208394397,0.3404091800811938,209628000
2013-08-05,0.3455351591110229,0.3467001450188128,0.3411081959961485,0.3429721790037032,185188000
2013-08-06,0.3404092490673065,0.3464671877908398,0.3397102518645205,0.3457681905880538,206608000
2013-08-07,0.3401762247085571,0.343671182496945,0.3383122416663258,0.338545222186945,244380000
2013-08-08,0.3425061404705047,0.344137114949534,0.3380791779983384,0.3420401517301322,345696000
2013-08-09,0.3376132249832153,0.3427391572206262,0.3287593268774398,0.328992307384554,906224000
2013-08-12,0.3348172903060913,0.3397102146385003,0.3054596054343572,0.3238664001385321,257568000
2013-08-13,0.3359823822975158,0.3373803492156504,0.3331863929103171,0.3352833849507162,197468000
2013-08-14,0.3501951694488525,0.3522921333721309,0.3350503219872742,0.3352833303233986,828508000
2013-08-15,0.3525252342224121,0.3553211961123553,0.3450692988152736,0.3464672936479789,723616000
2013-08-16,0.3539231121540069,0.3588160369014033,0.3511271234121138,0.351826120597587,660456000
2013-08-19,0.348331093788147,0.3529910370721966,0.3480980855137633,0.3518260512511842,393432000
2013-08-20,0.3500874936580658,0.3524292137829621,0.3477457735331695,0.3482141119750476,234192000
2013-08-21,0.3484483361244201,0.3524292552217206,0.3470432927180745,0.3479799697119655,261540000
2013-08-22,0.3503216207027435,0.35360001718608,0.3482140561787403,0.3482140561787403,129016000
2013-08-23,0.3503216207027435,0.35360001718608,0.3496190991947425,0.3507899590695771,245120000
2013-08-26,0.3510242402553558,0.3519609452406478,0.349619224650685,0.3505559017204656,300152000
2013-08-27,0.3465749323368072,0.3500875127153618,0.3454040722106224,0.3477457924629921,277464000
2013-08-28,0.3465749323368072,0.3498533295239219,0.3451698890191825,0.3472774539956196,318824000
2013-08-29,0.3458723723888397,0.3491507971285298,0.3444673292267576,0.3454040339733137,276216000
2013-08-30,0.3454040288925171,0.3470432272804979,0.3437648305045363,0.3461065504632242,378120000
2013-09-03,0.34563809633255,0.3505557181627146,0.3435305600713348,0.3463406177247874,284680000
2013-09-04,0.3489165902137756,0.3510241268979436,0.3451698273135854,0.3456381656972336,222080000
2013-09-05,0.3498532176017761,0.3512582604699112,0.3472773428975264,0.3475114980985499,174904000
2013-09-06,0.3484483361244201,0.3519609167247751,0.3458724325179562,0.3500875348214839,226756000
2013-09-09,0.3543025255203247,0.3543025255203247,0.3503216076770066,0.351258284375846,246408000
2013-09-10,0.361795961856842,0.3620301449498176,0.3552391423239791,0.3568783681438166,292132000
2013-09-11,0.3678846657276153,0.3688213707508255,0.3587519383077571,0.3613278422271944,396164000
2013-09-12,0.3676503598690033,0.3723337993208184,0.3660111337284671,0.3660111337284671,303808000
2013-09-13,0.3699921667575836,0.3716313653687807,0.3662454031472693,0.3688213066187988,159696000
2013-09-16,0.3702262341976166,0.3756121951412761,0.3688212191137278,0.3730363201963962,231412000
2013-09-17,0.3713972568511963,0.3744414994072402,0.3699922411514544,0.3716314400922432,168608000
2013-09-18,0.3746755719184875,0.3756122487748278,0.3697579486339384,0.371631330262124,268168000
2013-09-19,0.3730364143848419,0.377017333334259,0.371397187833163,0.3763148116571835,227572000
2013-09-20,0.3697579205036163,0.3763147417456858,0.3690553989570548,0.3739730218674826,356036000
2013-09-23,0.3662452399730682,0.3725678763224637,0.3641376759129396,0.3695236357348302,271244000
2013-09-24,0.3676503598690033,0.3690553749552472,0.364371935503432,0.3664795000060495,229732000
2013-09-25,0.3681186437606811,0.3709287014328666,0.3653085581729987,0.3669477840709791,233156000
2013-09-26,0.3669478595256805,0.3697579177756923,0.3648402949015447,0.3690553962343136,148816000
2013-09-27,0.3648402690887451,0.3671819887839931,0.3627327325292222,0.3641377475970705,151920000
2013-09-30,0.3643719553947449,0.3669478584000639,0.3589859941480339,0.3610935587657048,226640000
2013-10-01,0.3641377389431,0.3664794864981955,0.3620302024336641,0.3648402604180786,226976000
2013-10-02,0.3639035224914551,0.3653085372894791,0.3603909436231518,0.3603909436231518,162036000
2013-10-03,0.3601569235324859,0.3674162676452834,0.3585177249018405,0.3641378424684844,436768000
2013-10-04,0.3650744259357452,0.3681186669034543,0.3587517608814652,0.3596884654414135,246228000
2013-10-07,0.3650744259357452,0.3676503285812295,0.3617960018491744,0.3636693830535721,169952000
2013-10-08,0.3620302379131317,0.3692895806735035,0.3592201796533275,0.3641377746291092,290712000
2013-10-09,0.3564100861549377,0.3646061334438437,0.3545367326305615,0.3643719502955455,275860000
2013-10-10,0.3603910505771637,0.3613277273871593,0.3564101043459233,0.3589860074466666,223484000
2013-10-11,0.3573467135429382,0.3592200945776274,0.3535999514735598,0.3547708111308035,213704000
2013-10-14,0.3627327084541321,0.3627327084541321,0.3564100433642063,0.3564100433642063,166628000
2013-10-15,0.3608593940734863,0.3648403124453894,0.3606252109099315,0.3627327756354125,208820000
2013-10-16,0.3653087615966797,0.3667138051729252,0.3624987023597011,0.3629670409132788,210072000
2013-10-17,0.3660111129283905,0.3669478175148221,0.3624985335391458,0.3624985335391458,213324000
2013-10-18,0.3702262341976166,0.3713970940586077,0.3639035965313645,0.3653086116152533,255068000
2013-10-21,0.3711629509925842,0.3749096859211738,0.3699920910932433,0.3746755306906068,195008000
2013-10-22,0.3692896366119385,0.3713971736471567,0.3660112115493126,0.3711630183740808,179452000
2013-10-23,0.3629668951034546,0.3685870392352189,0.361796035232108,0.3685870392352189,252216000
2013-10-24,0.3603910505771637,0.3662453504283953,0.3596885290119151,0.3639036304879026,236436000
2013-10-25,0.3568784594535827,0.3624985759679839,0.3557075995201239,0.3622644207305939,330492000
2013-10-28,0.3561760485172272,0.3580494305756214,0.3512584241033812,0.3564102038273318,394024000
2013-10-29,0.3566442131996155,0.3573467346184942,0.3524291126018411,0.3557075365847758,387952000
2013-10-30,0.3564100861549377,0.3594543275053024,0.353365844804573,0.3578151292137221,204032000
2013-10-31,0.3557076454162597,0.3594543809374589,0.3550051237824392,0.356878505500792,293368000
2013-11-01,0.3573467135429382,0.3589859114799802,0.3547708111308035,0.3575808687250892,206136000
2013-11-04,0.347043365240097,0.3585178143483898,0.3463408433901175,0.3585178143483898,410264000
2013-11-05,0.3465749323368072,0.3482141309303646,0.3411889701732554,0.3449357337432499,422368000
2013-11-06,0.3489165902137756,0.3491507733633509,0.3430622906294174,0.3465748703800324,198044000
2013-11-07,0.3407205045223236,0.3486823392421979,0.3400179831257472,0.3477456626570939,553076000
2013-11-08,0.3643719553947449,0.3655428153216167,0.3498532699691321,0.3512583130475794,734532000
2013-11-11,0.3674161434173584,0.3683528200565945,0.3622643660705628,0.3629668595922406,297624000
2013-11-12,0.3681186437606811,0.3711628845370058,0.3639035432946544,0.369055320346244,316032000
2013-11-13,0.3781881928443908,0.3781881928443908,0.3664795912981746,0.3671820850585411,332792000
2013-11-14,0.3798273801803589,0.3821691004199511,0.3767831382857874,0.3770173214759496,307980000
2013-11-15,0.3786565065383911,0.3817007483242499,0.3749097431226409,0.3812324098761576,450332000
2013-11-18,0.369523674249649,0.3737387748937438,0.368586997624516,0.3704603787902801,316948000
2013-11-19,0.3635200262069702,0.3710541070716999,0.3630491514154282,0.36775795546422,206716000
2013-11-20,0.3581049740314483,0.3646973067507204,0.3573986476567599,0.3637555288955718,204776000
2013-11-21,0.3609302341938019,0.3616365605346942,0.3569277556843331,0.3585758317686213,213568000
2013-11-22,0.357398509979248,0.3614009871383871,0.3566921838766514,0.3614009871383871,158668000
2013-11-25,0.3651681542396545,0.3656390290985444,0.357398620834557,0.357398620834557,248208000
2013-11-26,0.3682287335395813,0.3722312103164568,0.3668160814693059,0.3691704828753125,753176000
2013-11-27,0.3696414828300476,0.3708186838426691,0.3656389769337859,0.3679933789590288,181272000
2013-11-29,0.3672871589660644,0.3705833395947477,0.3649327562598738,0.3696415897389492,116964000
2013-12-02,0.3708187043666839,0.3734085298977807,0.3651681223533419,0.3658744486133456,373872000
2013-12-03,0.3705833256244659,0.3757630057694824,0.3682289230070318,0.3708187771128866,290560000
2013-12-04,0.3757629990577698,0.3764693254437225,0.3686997913316273,0.3696415692017951,493176000
2013-12-05,0.3696414828300476,0.3764692374765775,0.3691705799716502,0.3764692374765775,271812000
2013-12-06,0.3642262816429138,0.3741147626102855,0.3632845041761714,0.3741147626102855,281000000
2013-12-09,0.3581049740314483,0.3654036331254089,0.3573986476567599,0.3642264318564921,385220000
2013-12-10,0.3663453459739685,0.3679934219709321,0.3576340630757126,0.3581049379224609,524268000
2013-12-11,0.3628137111663818,0.3675225153602749,0.3621073849239605,0.367051640554223,414156000
2013-12-12,0.3557505011558532,0.3635200336078769,0.3550441749208172,0.3616365063366762,258724000
2013-12-13,0.3536315262317657,0.3590466566693586,0.3531606514256026,0.3564568312021181,184588000
2013-12-16,0.3541023731231689,0.3571631012219747,0.353631498354126,0.3538669497719898,237620000
2013-12-17,0.3557505011558532,0.3566922507581103,0.3508062455772873,0.3538669738846526,274104000
2013-12-18,0.3606947362422943,0.3614010624921632,0.3519834540050774,0.3564568348764554,426232000
2013-12-19,0.3621073961257934,0.3625782709464119,0.3578694666068514,0.3602238687766317,258544000
2013-12-20,0.36940598487854,0.3696414362780864,0.3618718768932457,0.3628136544247488,382080000
2013-12-23,0.3715249598026275,0.3745856878659379,0.3684642598060016,0.3715249598026275,168568000
2013-12-24,0.3724668323993683,0.3736440336419274,0.3686997771965024,0.3736440336419274,79600000
2013-12-26,0.3689351677894592,0.3750566244672715,0.3679933901108105,0.3738794234189758,168920000
2013-12-27,0.3710540533065796,0.37176037942489,0.3686996516233326,0.370818629978264,210976000
2013-12-30,0.3759983479976654,0.3762337994176669,0.3708186693577963,0.3712895441311144,248180000
2013-12-31,0.3771755397319793,0.3790590668458327,0.3743502630945415,0.3767046649701871,235776000
2014-01-02,0.373408555984497,0.3762338612218907,0.3701124039631239,0.3748212086031938,260092000
2014-01-03,0.3689351677894592,0.3748211730309376,0.3677579667411635,0.3741148467886229,259332000
2014-01-06,0.3738793730735779,0.3767046495957074,0.3691705414477844,0.3727021441171171,409492000
2014-01-07,0.3800009489059448,0.3814136017507102,0.3750567200826542,0.3776465462091319,333288000
2014-01-08,0.3851805925369262,0.3870641199910626,0.3800008850213789,0.3814135376286536,308192000
2014-01-09,0.3708187043666839,0.3800008615466693,0.369641503288907,0.3792945352866655,292172000
2014-01-10,0.3703478276729584,0.3745857574659963,0.3670516756487564,0.3719959317517489,218492000
2014-01-13,0.3616365194320678,0.3727022039593824,0.3609301931714547,0.3703478018017969,243332000
2014-01-14,0.3729376494884491,0.3736439757378627,0.3618719370699068,0.3635200410074342,241828000
2014-01-15,0.3769400119781494,0.3783526640441138,0.3729375352134884,0.3745856105793279,175044000
2014-01-16,0.3781172633171081,0.3788235894446854,0.3752919868734814,0.3769400624600401,220652000
2014-01-17,0.3764693140983581,0.3825907718365477,0.3741149115939301,0.3781173902381194,340400000
2014-01-21,0.3778819441795349,0.380236346542853,0.373879465775232,0.3769401663941936,246076000
2014-01-22,0.3774110674858093,0.3790591435187835,0.3729376861772335,0.3785882686617466,337940000
2014-01-23,0.3759983479976654,0.3802362770908983,0.3731730712910718,0.3762337994176669,185028000
2014-01-24,0.3663453459739685,0.3743503306354465,0.3663453459739685,0.3729376780285124,246696000
2014-01-27,0.3639909029006958,0.3715249838047978,0.3618719242276543,0.3663453049373956,233812000
2014-01-28,0.3675223588943481,0.3677578102304785,0.3618717794272952,0.3632844313107272,167996000
2014-01-29,0.3639909029006958,0.3682288321800926,0.3637554514703513,0.3661098535070511,162944000
2014-01-30,0.3701123297214508,0.3708186558891156,0.3649326232030313,0.3661098241269114,202896000
2014-01-31,0.3696414828300476,0.3717604334260918,0.3646972273503632,0.3649326507128759,335348000
2014-02-03,0.3646971583366394,0.3727021124809676,0.3632845061621435,0.3722312377783625,431728000
2014-02-04,0.3668162226676941,0.3675225489747176,0.3625782928922422,0.3644618203554086,280692000
2014-02-05,0.3635200262069702,0.3654035534398241,0.3606947213243463,0.3642263524276262,214676000
2014-02-06,0.3682287335395813,0.3691704828753125,0.3635199307275681,0.3639908053954337,168380000
2014-02-07,0.3736439347267151,0.3741148094857452,0.3658744029693239,0.3691705543492188,157248000
2014-02-10,0.3748211860656738,0.3797654418671313,0.372937658709562,0.3731731101540839,324372000
2014-02-11,0.382590651512146,0.3835324009910612,0.3750565714807757,0.3769400704386061,235384000
2014-02-12,0.3962462842464447,0.3990715895073982,0.3837679462328658,0.3837679462328658,744528000
2014-02-13,0.4087246656417846,0.4110790962980402,0.3990716318645929,0.4061348396332812,902836000
2014-02-14,0.4216738939285278,0.4226156437063584,0.4047221733940421,0.4049576248718456,817536000
2014-02-18,0.4214383363723755,0.4233218635206344,0.4179067334943968,0.4219092392094538,428988000
2014-02-19,0.4270889461040497,0.4308560006500666,0.4195548370120159,0.4214383642850244,450340000
2014-02-20,0.4421572685241699,0.4430990184091221,0.4273245254026543,0.428030823783021,398088000
2014-02-21,0.4388610422611236,0.4471014791996289,0.4360357648326975,0.4414508962760846,451052000
2014-02-24,0.4452177882194519,0.4485139393322269,0.4339166545851518,0.4379191318125734,403112000
2014-02-25,0.4432076513767242,0.4465187149077921,0.4384775847838451,0.4446266826319563,242184000
2014-02-26,0.4424981474876404,0.4488837315118866,0.4410791162851769,0.4422616328894232,360884000
2014-02-27,0.4375314712524414,0.4469916020276033,0.4363489549055462,0.4424980511867669,388848000
2014-02-28,0.4346934556961059,0.4394235212799601,0.4283078446031709,0.4351664566158084,321692000
2014-03-03,0.4325648248195648,0.4325648248195648,0.421212663995865,0.424996727001568,375948000
2014-03-04,0.4370585083961487,0.4398965422370513,0.433983959987914,0.4346934754964938,260344000
2014-03-05,0.4408425986766815,0.4410791132732836,0.4346935292926411,0.43658553329178,241472000
2014-03-06,0.4346934556961059,0.4439170723072557,0.4339839402198448,0.4415520395153286,290144000
2014-03-07,0.4342204928398132,0.4372950415771406,0.430909457703257,0.4365855259926159,268452000
2014-03-10,0.4278350174427032,0.4346936322408716,0.4259429848020559,0.4328015996002242,300888000
2014-03-11,0.4320918023586273,0.4358758651748733,0.4285442540409246,0.429963256451961,297220000
2014-03-12,0.4332744479179382,0.4358759954055717,0.4283078675118801,0.4299633849160941,239428000
2014-03-13,0.4195572733879089,0.4358760182981628,0.4174287267334839,0.434220472613582,385172000
2014-03-14,0.4214493036270141,0.4252333680092782,0.4153002342476093,0.4153002342476093,460048000
2014-03-17,0.4214493036270141,0.4257063690087064,0.420976302627586,0.4226318202222942,299656000
2014-03-18,0.4313823878765106,0.4342204215552794,0.4212127413502924,0.4231047732006098,293904000
2014-03-19,0.4389503896236419,0.4472280306550619,0.4335108098342669,0.4346933541473911,366168000
2014-03-20,0.4391870498657226,0.442971113981889,0.4346934983970155,0.4365855022616811,191800000
2014-03-21,0.4384776055812835,0.4465187360866297,0.436112572172668,0.4429711859737064,566116000
2014-03-24,0.4363490343093872,0.4422616171197951,0.4299634223194116,0.4387140674335504,306096000
2014-03-25,0.4363490343093872,0.4415521015438625,0.4330379710195075,0.4410791005577136,304424000
2014-03-26,0.4264158010482788,0.4486471255993628,0.4226317374075029,0.4403695110544027,557756000
2014-03-27,0.4207398593425751,0.4290174763578371,0.4160097642832885,0.4254699262084391,540728000
2014-03-28,0.423341304063797,0.4259428516556419,0.4188477526161566,0.4200302691227375,398820000
2014-03-31,0.4235778748989105,0.4278349405266766,0.4212128415716428,0.4240508759256798,273404000
2014-04-01,0.4410790503025055,0.4462821169441591,0.431855405253132,0.4370585000882011,656272000
2014-04-02,0.43824103474617,0.4420250705550524,0.4363490027450205,0.441079068651186,239948000
2014-04-03,0.4429709315299988,0.4536135757556049,0.438950354490045,0.4391868689724209,599548000
2014-04-04,0.4292538166046142,0.4479375900510038,0.4273617849881758,0.4453360430542246,368032000
2014-04-07,0.4306729435920715,0.4389505596361348,0.4271253938589015,0.4294904270143482,428576000
2014-04-08,0.4460456371307373,0.4472281535754672,0.429963379650311,0.4306728951558322,470692000
2014-04-09,0.4455725848674774,0.4519581958922609,0.4420250357174485,0.4481741321881977,421968000
2014-04-10,0.4346934556961059,0.4498296542870735,0.4332744247435837,0.4436805859441118,372748000
2014-04-11,0.4285443723201751,0.4380045037784009,0.4228682765291904,0.4313824061189598,353112000
2014-04-14,0.4332744479179382,0.4349299653221521,0.4285443820810891,0.4313824159445153,290184000
2014-04-15,0.4363490343093872,0.4387140674335504,0.4294904213332627,0.4337474865954402,304636000
2014-04-16,0.4372949004173279,0.4389504174512012,0.4318553202831069,0.4384774166120102,235136000
2014-04-17,0.4389503896236419,0.4429709669854028,0.4346933541473911,0.4356393557658005,153532000
2014-04-21,0.4424981474876404,0.4436806640918867,0.4363490498681916,0.4391870840796988,117004000
2014-04-22,0.4462821781635284,0.4491202405332142,0.4408425962128566,0.4432076293919818,255120000
2014-04-23,0.4514853358268738,0.4526678525791249,0.4462822395622303,0.4469917552522656,261580000
2014-04-24,0.4555056989192962,0.4602357639737174,0.4545596971857766,0.4545596971857766,391492000
2014-04-25,0.4429709315299988,0.4588166688206259,0.4420249017939013,0.4545596054917023,313600000
2014-04-28,0.4410790503025055,0.4488836643616937,0.4356394690980158,0.4465186315069952,226788000
2014-04-29,0.4420250952243805,0.4436806409386674,0.4370585426617744,0.4427346107885865,171300000
2014-04-30,0.4368220567703247,0.441788637852599,0.4358760547515201,0.4413156368431967,305740000
2014-05-01,0.4391870498657226,0.4443901168803882,0.4356395003293483,0.4434441149480554,198104000
2014-05-02,0.4358761012554168,0.4413156839274459,0.4332745531360133,0.4413156839274459,156376000
2014-05-05,0.4406059980392456,0.4439170323727187,0.4349299029331901,0.4354029038103417,239260000
2014-05-06,0.4316188991069793,0.4486471292418938,0.4304363827338128,0.4448630937638096,416188000
2014-05-07,0.4320918023586273,0.43563935067633,0.4273617379350237,0.4316188015549485,293900000
2014-05-08,0.4375314712524414,0.4443900547870683,0.4283078268306104,0.43043637317107,432728000
2014-05-09,0.4268887937068939,0.4283078245931205,0.4188476938673786,0.4242872746733629,539532000
2014-05-12,0.4394236207008362,0.4403696227542768,0.427598425872301,0.4278349404823718,299856000
2014-05-13,0.4323284327983856,0.4406060764927958,0.4309094299142657,0.4335109492985274,221104000
2014-05-14,0.42807137966156,0.434220476910638,0.4278348932710066,0.4325649594030918,214320000
2014-05-15,0.4257063865661621,0.4294904511044928,0.4214493210088952,0.4271254178163913,325896000
2014-05-16,0.4247602522373199,0.4278348001929725,0.4223952196858044,0.4223952196858044,283960000
2014-05-19,0.4384776055812835,0.4408426389898991,0.427361954199475,0.4292539865650518,360076000
2014-05-20,0.4333691596984863,0.43978415192135,0.431230838398619,0.4385961893495878,256200000
2014-05-21,0.4333691596984863,0.438833793193245,0.4307556307113047,0.435032301634301,216712000
2014-05-22,0.4352700114250183,0.4376459371468559,0.432418906223467,0.432418906223467,130364000
2014-05-23,0.4393091201782226,0.4414474705199011,0.4350324478181372,0.4376459776835426,182656000
2014-05-27,0.4471496939659118,0.4471496939659118,0.4404970954777284,0.4419226624120792,209680000
2014-05-28,0.4509512484073639,0.4538023543416142,0.4445362529744815,0.4488129260374951,224676000
2014-05-29,0.4502384066581726,0.4545150791685071,0.4492880475773304,0.4507135861985937,171884000
2014-05-30,0.4514262974262237,0.4526142602487953,0.447862408958509,0.4502383346036521,239128000
2014-06-02,0.4500008225440979,0.4557030335679177,0.4461993296460368,0.4528519280560077,181500000
2014-06-03,0.4481000900268554,0.4514263751736218,0.4421602465677336,0.4509511956274085,243212000
2014-06-04,0.4485751390457153,0.4519014232245924,0.4466743930906722,0.4469119969562767,161236000
2014-06-05,0.4504759609699249,0.4519014994341646,0.4466744684187473,0.4492879980880906,188696000
2014-06-06,0.452139139175415,0.4561782076291258,0.4509511761994253,0.4526143187011566,161052000
2014-06-09,0.4526142477989197,0.4568909195071943,0.4485751799779308,0.4516638888963106,247456000
2014-06-10,0.4549902975559234,0.4571286481552988,0.4490504819853386,0.4509512286325807,217608000
2014-06-11,0.4609300494194031,0.4621180122963286,0.4533270643484645,0.4533270643484645,266228000
2014-06-12,0.4637811779975891,0.4659194999543511,0.4568909759707336,0.4609300726141495,337148000
2014-06-13,0.4642564058303833,0.468770682453702,0.4597421292070645,0.4685330785123213,227852000
2014-06-16,0.4628307521343231,0.4659194611773486,0.4587916841503366,0.4621179970902365,198620000
2014-06-17,0.4659194648265838,0.4678202110466612,0.4609300378625575,0.4633059635568372,157608000
2014-06-18,0.4654443264007568,0.4675826767081546,0.460454870673433,0.4647315429649576,215536000
2014-06-19,0.4547526836395263,0.4592669317637874,0.4514263702060903,0.4568910057355926,474592000
2014-06-20,0.449763149023056,0.4576037092100602,0.4461992606038057,0.4559405669457302,353148000
2014-06-23,0.4445361793041229,0.4447737549040274,0.4385963361341687,0.4438233958578667,414200000
2014-06-24,0.4376459121704101,0.4473872184033154,0.4357451660367619,0.4438233300239502,275780000
2014-06-25,0.4421601891517639,0.4423977930556533,0.4347948363336902,0.4388339044369266,215420000
2014-06-26,0.4362203776836395,0.4423977959930902,0.434794839220645,0.4421601920876232,256908000
2014-06-27,0.4366954863071441,0.4393089870573263,0.4331315701509634,0.4357450992244084,302820000
2014-06-30,0.4404971003532409,0.4416850633705911,0.4350324648087754,0.4350324648087754,180512000
2014-07-01,0.4454864859580993,0.4481000155125798,0.4385962845523181,0.4400218512771744,321180000
2014-07-02,0.4438233971595764,0.4457241435807439,0.4412098672900621,0.4438233971595764,179284000
2014-07-03,0.4478624165058136,0.4490503793484045,0.4397842521822341,0.4397842521822341,136892000
2014-07-07,0.444298505783081,0.4488127813533767,0.4435857224484799,0.4485751774674207,127496000
2014-07-08,0.4407347440719604,0.4450114169851389,0.436458071158782,0.4431106703211401,221940000
2014-07-09,0.4540399312973022,0.4559406779148357,0.441209912871407,0.4445362265329092,387668000
2014-07-10,0.451664000749588,0.4535647473487874,0.4419226921307371,0.4454865813830083,266308000
2014-07-11,0.4526142477989197,0.4540398144761002,0.4504759261064158,0.4521390683476151,191188000
2014-07-14,0.4583165049552917,0.459504467793841,0.4528518702333114,0.4545150125426268,272636000
2014-07-15,0.4602172970771789,0.4614052600342505,0.4559406247670673,0.4590293341201075,395440000
2014-07-16,0.4597420394420624,0.4656818819073593,0.4571285382135304,0.4621179934221419,319728000
2014-07-17,0.458554059267044,0.4633059387241766,0.4545149914679116,0.4545149914679116,324832000
2014-07-18,0.4381210803985595,0.4526142374326444,0.4374082970762942,0.4490503491445841,567816000
2014-07-21,0.4407347440719604,0.443823453860549,0.436458071158782,0.436458071158782,243364000
2014-07-22,0.4388338923454284,0.4464368488579019,0.4378835334025949,0.4440609231775497,298816000
2014-07-23,0.429567813873291,0.4393091215958497,0.4290926343480306,0.4390715459948553,297352000
2014-07-24,0.4302805662155151,0.4331316714842269,0.4271918570397151,0.4319437085953245,254576000
2014-07-25,0.422677606344223,0.429805383626255,0.421964822951366,0.4288549963280225,266132000
2014-07-28,0.4210143387317657,0.424578226552342,0.4138865630906133,0.424578226552342,330352000
2014-07-29,0.4224400520324707,0.4281422915214893,0.4210144850793979,0.4212520890126675,217972000
2014-07-30,0.429567813873291,0.4307557768480776,0.4238656029236238,0.4250535658984105,246184000
2014-07-31,0.4157874584197998,0.4276670887596278,0.4150746749347556,0.4243408035937851,401880000
2014-08-01,0.420301616191864,0.4226775415885412,0.4143617743769061,0.4157873409442184,219884000
2014-08-04,0.4193513095378876,0.4233903778229251,0.4172129875997118,0.4198264890437855,241724000
2014-08-05,0.4195889234542846,0.4257663421480204,0.4145994677152465,0.4181633565793392,298136000
2014-08-06,0.4191136956214905,0.4243407263549317,0.4136490609951924,0.4167377416627251,223456000
2014-08-07,0.414837121963501,0.4264791490026386,0.4119859878677107,0.4226776840803755,407696000
2014-08-08,0.4514262974262237,0.453802223071367,0.4328940717294533,0.4328940717294533,894348000
2014-08-11,0.4490503668785095,0.4538022181169169,0.4478624040689077,0.4519014719569004,344624000
2014-08-12,0.4490503668785095,0.4514262924977132,0.4440609117488748,0.4488127913105497,296152000
2014-08-13,0.451664000749588,0.4554654939479869,0.4469121484132264,0.4497632541503886,256596000
2014-08-14,0.4466744363307953,0.4533270336558158,0.4447736901917513,0.4533270336558158,255992000
2014-08-15,0.4523765742778778,0.4549900748557622,0.4438232327134577,0.4480999034956678,369796000
2014-08-18,0.458554059267044,0.4590292670390441,0.4497631403340458,0.4542773875819115,284076000
2014-08-19,0.4622530937194824,0.4646395296731851,0.4570029118624878,0.4586734397889282,248260000
2014-08-20,0.4593892693519592,0.4627302961856281,0.4581960515789108,0.4605824871250076,221468000
2014-08-21,0.4550937712192535,0.4605825797690352,0.4543778631702675,0.4581961437429181,272796000
2014-08-22,0.4553324282169342,0.4591507372550489,0.4517527741619122,0.4546164917162175,251224000
2014-08-25,0.456048309803009,0.4603438998414982,0.4550937184341458,0.4572415276776694,153380000
2014-08-26,0.4641622602939605,0.4651168233209463,0.4555710792568438,0.4572415787783495,269636000
2014-08-27,0.458912044763565,0.4648781343676403,0.4581961083213642,0.4612984806051952,182972000
2014-08-28,0.4627302885055542,0.4636848513287274,0.4565255448092624,0.4579574174925775,179704000
2014-08-29,0.4641622602939605,0.4651168233209463,0.459389359813348,0.4644008868264263,207932000
2014-09-02,0.4653554260730743,0.4653554260730743,0.4610598360366291,0.4653554260730743,192636000
2014-09-03,0.4696510434150696,0.4713215428462107,0.4646395166730865,0.4677418890158112,259456000
2014-09-04,0.478003591299057,0.4808673372557034,0.4686964738370784,0.4689351288163194,491832000
2014-09-05,0.4765717685222626,0.4796741413363892,0.4734693957081359,0.4775263316426565,253792000
2014-09-08,0.4722760319709778,0.4770489029985019,0.470366877870257,0.4760943401724192,319288000
2014-09-09,0.4663099348545074,0.4732306147898913,0.4658326534499942,0.470128242987723,198588000
2014-09-10,0.4679805040359497,0.4696510318746016,0.4636849138553116,0.4689350954364021,172376000
2014-09-11,0.4632077515125274,0.4663101245769238,0.4581962236047667,0.4646396247571924,250720000
2014-09-12,0.4562869668006897,0.4660713654061817,0.4558096853086423,0.4660713654061817,262536000
2014-09-15,0.4500822424888611,0.4584347680208528,0.4481730881061225,0.457718831571256,294152000
2014-09-16,0.4567642509937286,0.4591506867680036,0.4474571344049214,0.4488890072489098,219936000
2014-09-17,0.4570029973983764,0.4612985886087465,0.453423342797829,0.455571152627297,173584000
2014-09-18,0.4639235436916351,0.4644008251417324,0.4584347358941226,0.459866608692972,219604000
2014-09-19,0.4553324282169342,0.465832763847469,0.4546164917162175,0.4653554823298451,601316000
2014-09-22,0.4507981538772583,0.4646394868219332,0.450320843971689,0.4646394868219332,221464000
2014-09-23,0.4488890469074249,0.4539005454070238,0.4467412374516875,0.4484117369515537,196144000
2014-09-24,0.4515140652656555,0.4529459380961158,0.4481730665926591,0.4486503480532932,159592000
2014-09-25,0.4417296946048736,0.4522300296305773,0.4407751316246096,0.4510368116809674,298440000
2014-09-26,0.4426842331886291,0.4460252316692841,0.4412523604406018,0.443161514621786,241188000
2014-09-29,0.4419683516025543,0.4450707239754899,0.4348090438720381,0.4391046342000598,208540000
2014-09-30,0.4402978122234344,0.4434001843150082,0.4350476309383599,0.4400591572746374,277204000
2014-10-01,0.4360021948814392,0.4441160643507612,0.434808977109565,0.4410137209027329,350976000
2014-10-02,0.4340931475162506,0.4374341467197509,0.4240700930086242,0.435286365581581,288996000
2014-10-03,0.4350477159023285,0.4426843343725599,0.4350477159023285,0.4367182439730435,239140000
2014-10-06,0.4324224889278412,0.4402977309532833,0.4295587438650969,0.4367180780734053,199032000
2014-10-07,0.4278882145881653,0.4348088934018262,0.4274109332610111,0.4305133045603385,301896000
2014-10-08,0.4357635974884033,0.4379114068305195,0.4240700447108185,0.4274110719823682,260172000
2014-10-09,0.4274110198020935,0.434331700017036,0.423831366450813,0.4338543901446872,306956000
2014-10-10,0.4021148383617401,0.4255019454471849,0.4018762118293751,0.4240700724587498,691376000
2014-10-13,0.400683045387268,0.4128538820095922,0.4002057638125537,0.4047399814451878,397628000
2014-10-14,0.409990131855011,0.4212063759968553,0.403785386526214,0.4061718226605878,376620000
2014-10-15,0.4161947965621948,0.4183426058830253,0.4013989000735631,0.404023962423166,404428000
2014-10-16,0.4164335131645202,0.4212063855414215,0.4078423315066727,0.408796923051191,351116000
2014-10-17,0.4157175719738006,0.4262179081548097,0.414047072350261,0.4214450358312319,290716000
2014-10-20,0.4192971289157867,0.4231154372680103,0.4128537584638964,0.4157174755037858,200336000
2014-10-21,0.4371954202651977,0.4376727016925461,0.4212062790848572,0.4223994968775061,351092000
2014-10-22,0.4269338250160217,0.4379114422337264,0.4269338250160217,0.4364795692232217,239512000
2014-10-23,0.4364795684814453,0.4395819410332253,0.4312294148661201,0.4343317874179001,214476000
2014-10-24,0.4410138726234436,0.443638935555526,0.4364796264612849,0.4391047178419329,210156000
2014-10-27,0.4412524104118347,0.4429229098413439,0.4360022571554228,0.4407751289246263,145092000
2014-10-28,0.4517527520656585,0.4522300335599376,0.4395819174944623,0.4400591989887413,192580000
2014-10-29,0.4488890469074249,0.4524687008850931,0.4448320829738856,0.4498436099220453,168340000
2014-10-30,0.4460252523422241,0.4496049059296501,0.4402978179817656,0.4476957801085359,170260000
2014-10-31,0.4663099348545074,0.4665485897810415,0.4539004476458341,0.4562868831169552,256316000
2014-11-03,0.4741852581501007,0.4787195033846085,0.4717988222735891,0.4770489755122027,308732000
2014-11-04,0.4803899526596069,0.4820604519090665,0.4694123373942044,0.4772875806542926,360196000
2014-11-05,0.4803899526596069,0.4834923246649213,0.4768102992185266,0.4832536981713166,335652000
2014-11-06,0.4825379848480224,0.4832539215568938,0.4739467727901366,0.4813447380341904,394088000
2014-11-07,0.4722760319709778,0.4937539800433917,0.4675031609434536,0.4880265461897849,450800000
2014-11-10,0.4777650535106659,0.4808674265742412,0.4706057157378025,0.4717989339585187,293388000
2014-11-11,0.4720374345779419,0.4775262138389952,0.4679804711956926,0.4749011516812212,212992000
2014-11-12,0.4689350724220276,0.4715601346351811,0.4624916732430197,0.4703669167795956,204584000
2014-11-13,0.4665486216545105,0.4713214929228236,0.4627303132604373,0.4706055565428653,225328000
2014-11-14,0.4722760319709778,0.4722760319709778,0.4624916349851311,0.4670258795304123,160248000
2014-11-17,0.4701283276081085,0.4751398543789305,0.467025955247531,0.4701283276081085,158732000
2014-11-18,0.4813445508480072,0.4825377971978073,0.4691737168759214,0.4703669347771628,207772000
2014-11-19,0.4795471429824829,0.4831419744226554,0.4745144361041487,0.4817040418465864,240300000
2014-11-20,0.487455666065216,0.487934995921743,0.4747540248152175,0.4761919572468969,220968000
2014-11-21,0.490092009305954,0.4924885448738448,0.486017904554331,0.491769578489686,198976000
2014-11-24,0.4932074546813965,0.495364296448543,0.489372986785046,0.491290192164267,136004000
2014-11-25,0.492967814207077,0.4965626461023655,0.4912902450352472,0.4922488478280193,190240000
2014-11-26,0.5013555884361267,0.5018349182783591,0.4898521864636483,0.4900918799537144,219264000
2014-11-28,0.5025538206100464,0.5054296853491582,0.4984797169882373,0.5030331504458647,124832000
2014-12-01,0.4932074546813965,0.5032728686291694,0.4924884883797115,0.500397060560338,190060000
2014-12-02,0.493926465511322,0.4960833074729112,0.4881747345793146,0.4927281691878493,245952000
2014-12-03,0.5066279768943787,0.5068676132412214,0.4948849388306048,0.4963228711874585,284424000
2014-12-04,0.5020747780799866,0.5078264530570712,0.4987196391048477,0.5059092471106847,185332000
2014-12-05,0.5049506425857544,0.507586815038416,0.5020747765370871,0.5023144129951677,165680000
2014-12-08,0.498479962348938,0.5092644032910018,0.4944058567217817,0.5042316946582666,226944000
2014-12-09,0.4968025386333465,0.4980008355955072,0.4879353582375452,0.4953646051339314,239448000
2014-12-10,0.4857781529426574,0.4972815565764397,0.4852988801691091,0.4953642940685219,204364000
2014-12-11,0.4855386614799499,0.4920093029574812,0.4845800585088203,0.488654163989565,135652000
2014-12-12,0.4704404175281524,0.4833816987925684,0.4699610875362446,0.4790679288481101,323964000
2014-12-15,0.4690024554729461,0.4845799650155479,0.4675645227247192,0.4759523970951432,254696000
2014-12-16,0.4637300670146942,0.4759524099991232,0.4634904305961308,0.4685231667824152,185308000
2014-12-17,0.4826626181602478,0.4833815844090202,0.4577386358061666,0.4730764776938209,345596000
2014-12-18,0.4845799207687378,0.4944056984212436,0.4800264865277628,0.4886540250914331,226156000
2014-12-19,0.4893729984760284,0.491290203901051,0.4833816315314909,0.4879350658383066,325528000
2014-12-22,0.4980005919933319,0.4980005919933319,0.4872161531609829,0.4888937223770521,148976000
2014-12-23,0.4948850274085998,0.5042315322631534,0.4944056974912219,0.5018349969520814,109280000
2014-12-24,0.492967814207077,0.4968022825160799,0.4924885413796482,0.4960833161370221,45644000
2014-12-26,0.493446946144104,0.4960831170507674,0.4917693776455099,0.4929676163711235,52636000
2014-12-29,0.4927282035350799,0.4960833420540228,0.4896127014423708,0.4920092371184611,82944000
2014-12-30,0.4881747364997864,0.491769568346433,0.487455770130457,0.4893730328279732,112120000
2014-12-31,0.4805057942867279,0.491529867657585,0.4790678331671575,0.4888936389354846,166300000
2015-01-02,0.4824229180812835,0.4860177488504131,0.4747539838657382,0.4824229180812835,113680000
2015-01-05,0.4742747247219085,0.4838608933423253,0.472117854637909,0.4824229609070251,197952000
2015-01-06,0.4598955810070038,0.4754730608384445,0.4594162796490581,0.4749937594804989,197764000
2015-01-07,0.4586972892284393,0.4673248274940038,0.4572593566611941,0.4632506947431268,321808000
2015-01-08,0.4759523868560791,0.4788282522906651,0.4637300444659579,0.4639697094418256,283780000
2015-01-09,0.4778695106506347,0.4814643416140807,0.4711592071337853,0.4776298742990382,209540000
2015-01-12,0.4718782305717468,0.4793075011825574,0.4675644614612424,0.4790678362329364,190732000
2015-01-13,0.471159279346466,0.4850591897826908,0.4678041413582878,0.4754730485948054,236720000
2015-01-14,0.4730764925479889,0.4745144250906835,0.4649282843232606,0.4661265519191884,155260000
2015-01-15,0.4697213470935821,0.4793074877056299,0.4694816821506999,0.4764316512358061,188932000
2015-01-16,0.478348821401596,0.4788281226546108,0.4675643860795473,0.4690023184075401,181512000
2015-01-20,0.4797868728637695,0.4843402501825165,0.4737955057220701,0.4817040783518828,140308000
2015-01-21,0.4864969849586487,0.4876952808375838,0.4737953457589767,0.4771505113683134,144780000
2015-01-22,0.4948850274085998,0.4963229600228248,0.4824230209358617,0.4874557279477404,159712000
2015-01-23,0.4963230192661285,0.4972816220773986,0.4912902545156081,0.4953643593169428,120416000
2015-01-26,0.4941660761833191,0.4965626115675328,0.4910505744700502,0.4941660761833191,133240000
2015-01-27,0.4704404175281524,0.4869765308870827,0.4694817861132957,0.4864972008951749,357948000
2015-01-28,0.4627713859081268,0.4781092282905965,0.4625317209611534,0.4761919944216686,272728000
2015-01-29,0.4740352034568786,0.476671375469719,0.4608542291168455,0.4630111282934871,235340000
2015-01-30,0.4601351618766784,0.476191969697434,0.4594162242109922,0.4706799333238128,298200000
2015-02-02,0.4702006876468658,0.4721179216430518,0.4539042415327172,0.4630110815878845,259604000
2015-02-03,0.4819437563419342,0.4824230863242813,0.4711593459803733,0.4735558816162757,183468000
2015-02-04,0.4831419587135315,0.4886539953173033,0.4790678260701222,0.4805057871683904,181516000
2015-02-05,0.4910506010055542,0.4912902374155519,0.4831420280964926,0.483621300916488,140448000
2015-02-06,0.4888935089111328,0.4963228060674841,0.4867366106588478,0.4905710773947241,210524000
2015-02-09,0.4884145259857178,0.4898524018688995,0.4829024874967584,0.4860179899965148,273944000
2015-02-10,0.5020747780799866,0.5023144145388035,0.4867369019571939,0.4888938015003226,226204000
2015-02-11,0.4987195134162903,0.5032728906758857,0.4953643181488109,0.5032728906758857,320832000
2015-02-12,0.534428060054779,0.5392211322145408,0.5241229491974986,0.5272384518151364,676904000
2015-02-13,0.5346674919128418,0.5353864581754622,0.5250813512617784,0.5332295593876012,310084000
2015-02-17,0.5363451242446899,0.5389813532320439,0.5303538141981562,0.5337089523952481,203340000
2015-02-18,0.5301140546798706,0.5365847510033882,0.5291554520482807,0.5356260912338934,170948000
2015-02-19,0.5315519571304321,0.537782959590184,0.5291554221180584,0.5368243570128148,169432000
2015-02-20,0.5353865623474121,0.535626198768944,0.5272383526361649,0.5310728210702567,157752000
2015-02-23,0.5310729742050171,0.5351470802354081,0.5284367442563448,0.5351470802354081,125008000
2015-02-24,0.536726176738739,0.536726176738739,0.5283060356640529,0.5331175612375618,149356000
2015-02-25,0.5326365828514099,0.5369669918848806,0.5302308191743474,0.5345611708498876,123820000
2015-02-26,0.5340799689292908,0.5372074669557153,0.5297495605736622,0.5331176750806804,152864000
2015-02-27,0.5307116508483887,0.5338391473371359,0.5287870067395248,0.5326362375993593,157492000
2015-03-02,0.543703019618988,0.546589958509401,0.5285467051601628,0.529268439882766,301512000
2015-03-03,0.5335987210273743,0.5422594792072416,0.5319146926809991,0.5396131571426399,160344000
2015-03-04,0.5396133065223694,0.5408161596636569,0.5295090762890777,0.5316742807729108,226840000
2015-03-05,0.5499580502510071,0.5509203441557268,0.5381697921838979,0.5396132617199398,323056000
2015-03-06,0.5425000786781311,0.5494767509353804,0.5420189031551189,0.5468304289535931,257392000
2015-03-09,0.5439434051513672,0.5480332530602288,0.5415376426297501,0.5427405525695101,222388000
2015-03-10,0.5533263087272644,0.5569349838791009,0.5453872807511699,0.5463495750056777,527212000
2015-03-11,0.5504392981529236,0.560543471516007,0.5489958284273596,0.5533261802461192,262120000
2015-03-12,0.5453870296478271,0.549236262251567,0.5350422421193661,0.5451464705344432,406972000
2015-03-13,0.5461086630821228,0.5475521322106057,0.5352827019764097,0.5427406066876018,359288000
2015-03-16,0.5526042580604553,0.5559723720643522,0.5468304384733523,0.5504391115639873,236956000
2015-03-17,0.5593404173851013,0.5595809764669687,0.547552162004927,0.5514013941043626,299900000
2015-03-18,0.5501985549926758,0.5622273710072625,0.5451464694739251,0.5593404895785131,413844000
2015-03-19,0.5586189031600952,0.5605434912901187,0.548033553729097,0.5521233465238478,310756000
2015-03-20,0.5646330118179321,0.5680011254582651,0.5578968992530796,0.5631896000953971,462084000
2015-03-23,0.546349048614502,0.5550098032765823,0.5461084896221329,0.5477925172844971,426012000
2015-03-24,0.5388915538787842,0.548514608122667,0.5364857903178135,0.5446653749535283,330480000
2015-03-25,0.5061731934547424,0.5386510324831224,0.5044891072218936,0.5386510324831224,542552000
2015-03-26,0.5044888854026794,0.5066540890146661,0.4922195129839016,0.495828185670546,311920000
2015-03-27,0.514352560043335,0.5162771472658046,0.4991962492531869,0.5073758309855443,318288000
2015-03-30,0.5165178775787354,0.5191641999326196,0.5100222652153322,0.5167584366951103,253252000
2015-03-31,0.5035266876220703,0.5155555032700144,0.503045569410903,0.5150743850588471,357276000
2015-04-01,0.5054512619972229,0.5071352902171121,0.4967905044678577,0.5054512619972229,330768000
2015-04-02,0.5066542029380798,0.5097817008504344,0.5023238520983148,0.5083382314512062,192204000
2015-04-06,0.5213292837142944,0.5230133118560315,0.4991962440950537,0.504488887581111,515864000
2015-04-07,0.5259003639221191,0.5316741841383222,0.5184424578415175,0.5213293966285787,413964000
2015-04-08,0.5297494530677795,0.5316740977323395,0.5213293119037977,0.5263813966021867,366432000
2015-04-09,0.5420190095901489,0.5437030382145125,0.5254192251183777,0.5256597842481658,379432000
2015-04-10,0.5475522875785828,0.547792846715619,0.5405755563832069,0.5425002015532717,258728000
2015-04-13,0.5425000786781311,0.5494767509353804,0.540094258420982,0.5463492534305809,236724000
2015-04-14,0.5379290580749512,0.542500024332977,0.5326363572836632,0.5403348207331901,220276000
2015-04-15,0.5444249510765076,0.5485147444105442,0.536726482825414,0.5393728635505698,243560000
2015-04-16,0.5410566329956055,0.5458681590033155,0.5372074007178546,0.5412971920886167,155284000
2015-04-17,0.5340799689292908,0.5393726711335296,0.52950900145099,0.5297495605736622,293636000
2015-04-20,0.5314335823059082,0.5398537241614487,0.5304712312156339,0.5364856674192325,231624000
2015-04-21,0.5307116508483887,0.5379289372013684,0.5280652723684375,0.5379289372013684,230456000
2015-04-22,0.536726176738739,0.5374479113105562,0.5256596564480864,0.5338392958093792,207420000
2015-04-23,0.5345610976219177,0.5396132408022217,0.5208482522769378,0.5268626893246587,259380000
2015-04-24,0.5299901366233826,0.534561046395065,0.5239757001520234,0.5343204872907441,240960000
2015-04-27,0.5340799689292908,0.5434624630085645,0.5271032381505035,0.5316742056288043,248456000
2015-04-28,0.536726176738739,0.5386508213828881,0.528065419234841,0.5331175612375618,234484000
2015-04-29,0.5326365828514099,0.5381698450444465,0.5304713783346746,0.5328771420117371,195156000
2015-04-30,0.5340799689292908,0.5367262913524494,0.5287872667250519,0.5299901770542559,218844000
2015-05-01,0.5473117828369141,0.5489958116793874,0.5360046419035595,0.5384104055867971,256968000
2015-05-04,0.5439434051513672,0.5504390155818458,0.5422593771220255,0.5468303431204689,200720000
2015-05-05,0.5299901366233826,0.5427406868790634,0.5275843735064223,0.5420189522081836,292928000
2015-05-06,0.5316740274429321,0.5379290213994751,0.5246972990023341,0.5328768800110892,316484000
2015-05-07,0.5410566329956055,0.5427406613625125,0.5278249077954454,0.5295089361623526,534564000
2015-05-08,0.5011211037635803,0.5254193602154296,0.4929415176683961,0.5054515133607517,1146552000
2015-05-11,0.4963094890117645,0.5013616326585154,0.4902951087666791,0.4941442845917284,544144000
2015-05-12,0.5011211037635803,0.5052108968111725,0.4924603419271756,0.4927009584767548,388800000
2015-05-13,0.5040076971054077,0.5085786627527306,0.4991961724317726,0.5047294315422428,308524000
2015-05-14,0.5121874809265137,0.5148338606982016,0.5042484563272925,0.5054513666522273,293052000
2015-05-15,0.5124281644821167,0.5167585160312896,0.5093006660574084,0.5143527524244316,215824000
2015-05-18,0.5117063522338867,0.5148338501853483,0.5088194133993315,0.5112251766421542,324972000
2015-05-19,0.5085161328315735,0.5140750071263043,0.5075493269880694,0.5123831257118853,253808000
2015-05-20,0.5085161328315735,0.5148000826972192,0.5080327299098214,0.5087578054807365,196824000
2015-05-21,0.504890501499176,0.5109327756821644,0.5044070988201139,0.5087575500614809,239692000
2015-05-22,0.5041655898094177,0.5080326396259315,0.5029571691549286,0.5060991435293826,212592000
2015-05-26,0.5010237693786621,0.5051324930638298,0.4971567183739649,0.5017488450435074,259732000
2015-05-27,0.5278512239456177,0.5302681228323373,0.5027154294250017,0.504407252883364,432332000
2015-05-28,0.5351020097732544,0.536793833513536,0.5268845637137649,0.5278513119048652,327656000
2015-05-29,0.5348603129386902,0.5384856328971932,0.5341352374223052,0.5351019855696779,335168000
2015-06-01,0.5409024953842163,0.5462196962691965,0.5348602766554559,0.5382439237534351,372660000
2015-06-02,0.5302679538726807,0.5404189490118502,0.5297845511999978,0.5375186482225456,224304000
2015-06-03,0.5244676470756531,0.5358270675980333,0.5235008412931089,0.5317183447041994,250788000
2015-06-04,0.533893346786499,0.5355851697594342,0.5213254531322404,0.5213254531322404,323712000
2015-06-05,0.5380020141601562,0.5404189121117509,0.5266425419266086,0.5322014129776154,313320000
2015-06-08,0.5256761312484741,0.53993585559091,0.5196339113078978,0.5363105351512499,342812000
2015-06-09,0.5283347964286804,0.5322017897904504,0.5251928211046673,0.5261595694451098,256888000
2015-06-10,0.5189087986946106,0.5254344211194341,0.5160084964509445,0.5220507735841071,529460000
2015-06-11,0.5244676470756531,0.528092967078215,0.5189087731314252,0.5189087731314252,283052000
2015-06-12,0.5102076530456543,0.5242256379545565,0.5089991752720395,0.5210836648912281,323728000
2015-06-15,0.5092412829399109,0.5116581826555794,0.50368240783153,0.5075494012778519,306548000
2015-06-16,0.5155251026153564,0.5162501781890431,0.5031989331095359,0.5082744045019162,256892000
2015-06-17,0.5215672850608826,0.5244675868285038,0.5140749156590821,0.5152833363133138,233544000
2015-06-18,0.5302679538726807,0.5336515997112716,0.524467409917468,0.5259175603121202,299404000
2015-06-19,0.5285763740539551,0.5346185933127224,0.523742575597572,0.5302681977513468,355656000
2015-06-22,0.5264008641242981,0.5324431377542118,0.5184250952019115,0.5295428371921105,514236000
2015-06-23,0.5128663182258606,0.531476429915252,0.5087575967585978,0.5273677084479892,414064000
2015-06-24,0.5077909827232361,0.514800007130959,0.505374083716099,0.5121413778867158,253368000
2015-06-25,0.5116580128669739,0.5147999872170536,0.5077909630804593,0.5077909630804593,350460000
2015-06-26,0.5012653470039368,0.5080326993847187,0.4990901780453128,0.507549296492012,421296000
2015-06-29,0.4862804114818573,0.5005401284305435,0.4855553362451953,0.4954646017739097,391724000
2015-06-30,0.486038863658905,0.4913560648480489,0.4826552163673686,0.4891808383220236,315916000
2015-07-01,0.4930477142333984,0.5051322057345307,0.4886973203423512,0.4981232410002545,302892000
2015-07-02,0.4935312271118164,0.4966732013658212,0.4903892528578115,0.4928061516975526,145764000
2015-07-06,0.4874888658523559,0.4961897116767833,0.4838635470391634,0.4894224191596751,214776000
2015-07-07,0.4783046543598175,0.4865221264050535,0.4630781883101968,0.4845886306877766,594252000
2015-07-08,0.4749209880828857,0.4785463356179671,0.4710539391874517,0.4756460633522422,332492000
2015-07-09,0.469120591878891,0.484588793301394,0.4662203185180276,0.4824135666719625,357588000
2015-07-10,0.4773379564285278,0.4816883798708397,0.4739542809459717,0.4751627303015192,216708000
2015-07-13,0.4804799258708954,0.4831384971403784,0.4773379518145018,0.4821717491899673,212472000
2015-07-14,0.480721652507782,0.4816884293786081,0.4744377325000993,0.4812050553490491,249216000
2015-07-15,0.4773379564285278,0.4826551278305955,0.4729875329862159,0.4795131537438311,265732000
2015-07-16,0.487972229719162,0.487972229719162,0.4785463093581685,0.4802381323526957,282848000
2015-07-17,0.4850720763206482,0.4867638998296915,0.4787881275022493,0.4862805546119171,220372000
2015-07-20,0.4761295616626739,0.4870056359212811,0.4749211121685741,0.485072082156671,188412000
2015-07-21,0.4783046543598175,0.4850719758053936,0.475162680601689,0.475162680601689,149720000
2015-07-22,0.469120591878891,0.4749211674123296,0.4633200451571643,0.4749211674123296,356472000
2015-07-23,0.4749209880828857,0.4819299817926961,0.4691204147397347,0.4700871913694438,169916000
2015-07-24,0.4693622291088104,0.4787881234448219,0.467428704195557,0.4783047494194355,188844000
2015-07-27,0.4667035043239593,0.472020674809016,0.4613863338389027,0.4652533538227165,192420000
2015-07-28,0.4768546521663666,0.4799965979007885,0.4630783044496141,0.4679121025785211,198308000
2015-07-29,0.4826551675796509,0.4865222173605556,0.473954319978469,0.4758878448689214,232680000
2015-07-30,0.4838637113571167,0.4886975098318455,0.4814467833080406,0.4814467833080406,190180000
2015-07-31,0.4821718037128448,0.4860388247634681,0.4792715307219503,0.48579715215439,218340000
2015-08-03,0.4903893768787384,0.4908727221948779,0.4797550020073883,0.4860389232929135,397132000
2015-08-04,0.4923228621482849,0.4937730133104466,0.4867639877756163,0.4886975418663075,260100000
2015-08-05,0.4973982572555542,0.5048906260776274,0.4964314516588771,0.5044072232792888,234628000
2015-08-06,0.4942562282085418,0.4998151004664427,0.4860387272902939,0.4961897239402443,655676000
2015-08-07,0.5554041266441345,0.564829995517871,0.5288181712485023,0.5428362246479037,1405248000
2015-08-10,0.5747389793395996,0.5788477007617144,0.5481530399344301,0.5515367437144675,662304000
2015-08-11,0.571838915348053,0.5773977896056992,0.5662800410904069,0.5662800410904069,435008000
2015-08-12,0.5732889175415039,0.577397639599561,0.5626545747075083,0.5626545747075083,384048000
2015-08-13,0.5684552788734436,0.5752226317476572,0.5670051277130101,0.5740141532394871,276884000
2015-08-14,0.5689384341239929,0.5723220802763751,0.5645879825365857,0.5679716286889679,214652000
2015-08-17,0.5653131008148193,0.5679716719049196,0.5583040778062938,0.5679716719049196,273880000
2015-08-18,0.5601677894592285,0.5674489926734441,0.5557990328111836,0.5635656727193572,287084000
2015-08-19,0.5579832792282104,0.5657499173003543,0.551915582384502,0.5594395310999681,249248000
2015-08-20,0.5378387570381165,0.5543427949376699,0.5351689419510598,0.551673037716474,426932000
2015-08-21,0.5210921168327332,0.5429357331179584,0.5206066799911552,0.5339555855428424,382664000
2015-08-24,0.5026463270187378,0.529829513970781,0.4854141023143754,0.4919671806595185,682284000
2015-08-25,0.4922099113464355,0.5266743017242402,0.4922099113464355,0.5247326125128061,622684000
2015-08-26,0.5293439626693726,0.5298293993500911,0.504345159862452,0.508228479710627,614976000
2015-08-27,0.5492463111877441,0.5494890007588669,0.5317713890171778,0.5349265849053605,463764000
2015-08-28,0.5516730546951294,0.555070938147747,0.5453626666454895,0.549245986819565,320944000
2015-08-31,0.5456053018569946,0.5528865626260182,0.5434209814921445,0.5490032428378245,219352000
2015-09-01,0.5232763886451721,0.5388096717213952,0.5193931257419878,0.5298295249925065,353408000
2015-09-02,0.539052426815033,0.5392951163095612,0.5286160262939016,0.537596174116107,344044000
2015-09-03,0.540508508682251,0.5497314009498998,0.5395376931450933,0.5470615858903908,262556000
2015-09-04,0.527887761592865,0.5397804116960347,0.5276450721619421,0.5312856450892383,287972000
2015-09-08,0.5504595041275024,0.5526438826240913,0.5385669117775346,0.5407512324082595,238448000
2015-09-09,0.539537787437439,0.5567699542976146,0.5383242244045082,0.5521585652237407,289392000
2015-09-10,0.5480324029922485,0.5548282275034759,0.5339554329986196,0.5363825007813735,357076000
2015-09-11,0.549731433391571,0.5533720063372212,0.5397804144173426,0.5419647929042509,301584000
2015-09-14,0.5507020950317383,0.5540999775953299,0.5477895911967469,0.5524010363135341,192460000
2015-09-15,0.5567697882652283,0.559682292383038,0.5492458964486907,0.550944837895462,327976000
2015-09-16,0.5606533885002136,0.5638085835855874,0.55167324012872,0.5557992511174666,173508000
2015-09-17,0.5657503008842468,0.5754585761238035,0.5645367375463598,0.5703616911169168,268712000
2015-09-18,0.5652645826339722,0.5701187178377636,0.5545854967588023,0.557983379828285,326412000
2015-09-21,0.5710895657539368,0.5723031285567657,0.5630802364260153,0.5659927408601174,281840000
2015-09-22,0.5555564761161804,0.5625949915978048,0.5526439709883708,0.5587116707160165,228356000
2015-09-23,0.5582263469696045,0.5616242317296766,0.5538576462589239,0.5560419676813217,161632000
2015-09-24,0.5689051747322083,0.5747301250120773,0.5460906945151218,0.5548281488678515,382440000
2015-09-25,0.5730310678482056,0.5841955873846432,0.5674488080799867,0.5759435134669455,369692000
2015-09-28,0.5655073523521423,0.5766718764797061,0.5618667793651644,0.5730313034927281,395584000
2015-09-29,0.5754584074020386,0.5764292230681786,0.563565756360687,0.5715750868716107,380736000
2015-09-30,0.5982728004455566,0.5990009266184148,0.5774000044659308,0.580797888028692,556380000
2015-10-01,0.5866228342056274,0.5999716775827313,0.5696333024906363,0.5982727359844038,489296000
2015-10-02,0.6019135117530823,0.6019135117530823,0.5774000816330481,0.5834677812625,386144000
2015-10-05,0.6169611811637878,0.6244850733084079,0.6026414650698949,0.6057966587131546,482024000
2015-10-06,0.6249706745147705,0.627640432198176,0.6079811969673456,0.6104082651884064,453216000
2015-10-07,0.631523847579956,0.6378342374737104,0.6162333097088896,0.6264270209115604,310152000
2015-10-08,0.6351643204689026,0.6368632622666175,0.6181747867600234,0.6288539321540386,460068000
2015-10-09,0.6327371597290039,0.6378339843749296,0.6208445110226543,0.6317662863876172,423248000
2015-10-12,0.6395328640937805,0.6431734941073645,0.6288537791636857,0.6334651666930908,227588000
2015-10-13,0.6407467126846313,0.6446299759444146,0.6322519441056325,0.6344363230886683,298444000
2015-10-14,0.6640466451644897,0.674483046372812,0.6407467740451166,0.6414748425766411,612148000
2015-10-15,0.6657454371452332,0.6793370303847244,0.6584642326811345,0.6652600003679455,526048000
2015-10-16,0.6761817932128906,0.6824921815890053,0.6662307739021461,0.6679297735822172,448396000
2015-10-19,0.6749680638313293,0.6815211978976511,0.667201482862478,0.6783660044876688,294712000
2015-10-20,0.6739974021911621,0.6771525963208859,0.6669588877582505,0.6720557709725005,264824000
2015-10-21,0.6652598977088928,0.6822494300359326,0.6640463927517387,0.6781233627303719,386280000
2015-10-22,0.6892878413200378,0.6914722195400627,0.6720556785599044,0.6730264940357411,306884000
2015-10-23,0.6938992738723755,0.6985107196265973,0.684919129627634,0.6953555259911671,381776000
2015-10-26,0.6907442808151245,0.6960838541792463,0.6844338917118548,0.6943849121692695,247436000
2015-10-27,0.6902587413787842,0.6946274401220713,0.686860800283051,0.6873462369726868,208268000
2015-10-28,0.6958412528038025,0.6958412528038025,0.6844339783605791,0.6946276895768274,217036000
2015-10-29,0.6718129515647888,0.6917149298163737,0.6705994466498374,0.6846764740047672,327168000
2015-10-30,0.6885600686073303,0.6934142642093405,0.6739976553989587,0.6790945405280092,301160000
2015-11-02,0.6965689063072205,0.6972970322364352,0.6866179483843607,0.6907439567393476,190088000
2015-11-03,0.6917149424552917,0.6963263885212552,0.6839483604064611,0.6924430685639101,376768000
2015-11-04,0.6803078055381775,0.6948702135986926,0.6771526113384793,0.6897733881372721,442264000
2015-11-05,0.672541081905365,0.6856472938378919,0.6705994508828433,0.6837056049495115,478800000
2015-11-06,0.7657408714294434,0.7752064563886152,0.7237525785993283,0.7390431166618828,1172272000
2015-11-09,0.762342631816864,0.764527009912782,0.751663488591834,0.7582166228795879,492568000
2015-11-10,0.747780442237854,0.7565178992716859,0.7317617806534739,0.7523918312804256,552260000
2015-11-11,0.7404990792274475,0.7536052330406663,0.7378292642907862,0.7482656610332014,619896000
2015-11-12,0.7378292679786682,0.7455959076890996,0.7346740742129216,0.7388000834760077,291080000
2015-11-13,0.7232670783996582,0.7417128098334694,0.7196264468626477,0.738557615123352,292940000
2015-11-16,0.7378292679786682,0.7383147046602668,0.7269074345024903,0.7327324432182427,344280000
2015-11-17,0.7378292679786682,0.7441396555101614,0.7346740742129216,0.739770956839205,257048000
2015-11-18,0.7559795379638672,0.7569540979162264,0.7328348136786681,0.7408745557293257,350216000
2015-11-19,0.7581723928451538,0.765724856733772,0.7525689331582438,0.7586596729383805,254072000
2015-11-20,0.7647504806518555,0.7691358279567345,0.7591470200415826,0.7637759783904187,239744000
2015-11-23,0.7532999515533447,0.771084835720347,0.7506200558017281,0.771084835720347,242552000
2015-11-24,0.7593905329704285,0.7659684944891026,0.7498890071831893,0.7532997934394504,195428000
2015-11-25,0.758415937423706,0.7669429607519451,0.7557360423596741,0.7579287154587517,138300000
2015-11-27,0.7647504806518555,0.7671867653482519,0.7559798441277062,0.7598779112590625,86996000
2015-11-30,0.7727900147438049,0.776200858855014,0.7647502716345139,0.7654811626522307,327244000
2015-12-01,0.7978836894035339,0.7986145803161365,0.7788806418470365,0.7796115327596391,409496000
2015-12-02,0.7917930483818054,0.8073852542321404,0.7900876554048619,0.7991019003196742,294240000
2015-12-03,0.7900876402854919,0.8064107368258089,0.7861895743761049,0.7981273830718556,246656000
2015-12-04,0.8222464919090271,0.8237082736732612,0.7900875254382064,0.7900875254382064,458756000
2015-12-07,0.8066544532775879,0.8220030487638313,0.804218169201765,0.8220030487638313,333588000
2015-12-08,0.817617654800415,0.8210284406901469,0.7915494225209062,0.796665601355504,314488000
2015-12-09,0.7969090938568115,0.8222464894667237,0.7886257413315321,0.8173739223241379,372676000
2015-12-10,0.8034874200820923,0.8078727089588638,0.7966657886135978,0.7993456841446469,236596000
2015-12-11,0.7915493845939636,0.8010509089048878,0.7898439917308113,0.7954474503178496,227320000
2015-12-14,0.7934985160827637,0.7978838625098096,0.783996990243095,0.7922804030212047,275892000
2015-12-15,0.8032435774803162,0.8088470364426673,0.7981273985481837,0.8025126864777842,307296000
2015-12-16,0.80811607837677,0.8107960311921828,0.7978837213616605,0.8049489036571637,236356000
2015-12-17,0.7959349155426025,0.8176178655655317,0.7954476934816682,0.8093345096735921,254160000
2015-12-18,0.7830224633216858,0.7983710591579497,0.7820479612862522,0.7903313157158307,395896000
2015-12-21,0.8015381097793579,0.8022690007137525,0.784484123509853,0.7915493638186095,284216000
2015-12-22,0.8022691011428833,0.8103088443420631,0.7973965330273557,0.8039744941747585,130012000
2015-12-23,0.8054364919662476,0.8086036678982418,0.8020257049889027,0.8034874874322245,122524000
2015-12-24,0.80811607837677,0.8100651402503054,0.8017817289375573,0.8029998998692153,52448000
2015-12-28,0.8073851466178894,0.8073851466178894,0.7883821573465262,0.7995890737746361,142024000
2015-12-29,0.8205410838127136,0.8229773673455189,0.8056797136026946,0.8078723862078938,203660000
2015-12-30,0.8134760856628418,0.8268756781143984,0.8132324746629076,0.8198104363459195,180344000
2015-12-31,0.8030000329017639,0.8159123448714614,0.8030000329017639,0.8122579476422396,148528000
2016-01-04,0.788625955581665,0.7937421350456448,0.780586211803641,0.7866769514293674,358076000
2016-01-05,0.8012945055961609,0.8146940953924302,0.7917929814543838,0.8034871784178603,490272000
2016-01-06,0.7681611180305481,0.79179306738837,0.7591468148137606,0.7881386122889165,449344000
2016-01-07,0.7377074956893921,0.7540305919862935,0.7279623020184527,0.7489143551440721,645304000
2016-01-08,0.7218716740608215,0.7479399078476348,0.7204098919991024,0.7472090168167752,398472000
2016-01-11,0.723089873790741,0.7282061116204572,0.7101775608393636,0.7226026517687878,409372000
2016-01-12,0.7352712154388428,0.7459909119511958,0.7301550362526706,0.7360021064776666,469356000
2016-01-13,0.7128574848175049,0.7457473514486098,0.712126593729205,0.7408747248314103,481672000
2016-01-14,0.6984835863113403,0.7065233324540676,0.6777751351956817,0.6982399171564351,600236000
2016-01-15,0.6604772806167603,0.6785058305059188,0.6490267504689422,0.6704660866854342,841452000
2016-01-19,0.6658370494842529,0.693123453007633,0.6631570964745125,0.6741204033120533,457140000
2016-01-20,0.6694912910461426,0.6780183119509641,0.6443975663293173,0.6531681981473807,481180000
2016-01-21,0.6772875785827637,0.6877636054001625,0.6629134858193761,0.6768003566430096,481456000
2016-01-22,0.6931235790252686,0.6977525368058792,0.6887382322587106,0.6902000145142299,257996000
2016-01-25,0.6923927068710327,0.700919731538159,0.6909309245754565,0.6928799869980926,270728000
2016-01-26,0.699213981628418,0.7021375449714454,0.6867889535917084,0.6938541929469724,227944000
2016-01-27,0.6909308433532715,0.7004323690719649,0.6777749204108323,0.6982396958863596,231700000
2016-01-28,0.6833781599998474,0.6989703621043022,0.669978572290084,0.6965340787103068,276776000
2016-01-29,0.7135883569717407,0.7150501392285424,0.6865456175633166,0.6892255129770518,310504000
2016-02-01,0.7138319611549377,0.7174863583790052,0.7067667196133183,0.7128574591008928,289884000
2016-02-02,0.6836220026016235,0.7101775180218428,0.6787494341622583,0.7065231207351178,341908000
2016-02-03,0.6870327591896057,0.6931234985182904,0.6711969414890969,0.6889818213324466,326772000
2016-02-04,0.6872764825820923,0.7028686905292251,0.6804548516713719,0.6880073155971269,348140000
2016-02-05,0.6439105868339539,0.6902000509097878,0.6419615824475545,0.6826475863054845,600428000
2016-02-08,0.6144314408302307,0.637332499258142,0.6054171375780253,0.634165324188036,608852000
2016-02-09,0.6210094690322876,0.6468340943408806,0.604199089864045,0.6071226542709045,425372000
2016-02-10,0.6195476651191711,0.6429360052976926,0.6161368788210863,0.6249075136487315,335800000
2016-02-11,0.6163803935050964,0.6227147431178187,0.6037116942796519,0.6037116942796519,340144000
2016-02-12,0.6268565058708191,0.6280746770030194,0.602980886067181,0.6261256148086182,340816000
2016-02-16,0.6575536727905273,0.6585282328929546,0.6339217229757582,0.6358707270094238,485352000
2016-02-17,0.6738767623901367,0.6802111120071171,0.6631570669988213,0.6658370198894444,771468000
2016-02-18,0.7318603992462158,0.7547615153220816,0.7284496132622333,0.7291805042710285,1068660000
2016-02-19,0.7416055798530579,0.7481835993278476,0.7223589176635817,0.7279623770109684,525628000
2016-02-22,0.7679173946380615,0.7764444172097859,0.7508634075802021,0.752325189516565,449668000
2016-02-23,0.769866406917572,0.7771752580423027,0.7581722102666517,0.7618266648718097,369380000
2016-02-24,0.7752260565757751,0.7764442272532494,0.7455033774551886,0.7666990941757553,336852000
2016-02-25,0.7769319415092468,0.780830008828125,0.7630451238803025,0.7781501129588514,349616000
2016-02-26,0.7718154788017273,0.7825351164474326,0.7640193470127103,0.7805861125429736,361964000
2016-02-29,0.7668029069900513,0.7829409750654464,0.7663139099557753,0.7729158362962161,323344000
2016-03-01,0.8007906079292297,0.8007906079292297,0.7675363652566414,0.7687589742845073,348700000
2016-03-02,0.8054366707801819,0.8083708869026277,0.7949224740710561,0.7963895821322791,233812000
2016-03-03,0.7983455061912537,0.8078815891345004,0.7875867558340752,0.8044583768832215,302004000
2016-03-04,0.7959004044532776,0.8051919895714891,0.7897874750171056,0.8044584357072597,175304000
2016-03-07,0.7907654643058777,0.7968783932542789,0.7804957693233364,0.7914990181115743,239968000
2016-03-08,0.7763391733169556,0.7873424245150398,0.7738940128615173,0.7826966021605398,274940000
2016-03-09,0.7758498191833496,0.7844078476906454,0.7658246251212641,0.7831852971741161,222788000
2016-03-10,0.7746273279190063,0.7848970219833801,0.7589783174900795,0.7804956995427031,286084000
2016-03-11,0.7878312468528748,0.788075803652222,0.776828056392996,0.7861196407434983,277400000
2016-03-14,0.7897874712944031,0.792966185258675,0.7804958279227726,0.7841635972266308,190312000
2016-03-15,0.7858753800392151,0.7907657013449692,0.7719379701475386,0.7856308814630959,226216000
2016-03-16,0.8093488216400146,0.8120385387929443,0.7763391282588424,0.7800068978777372,363644000
2016-03-17,0.8025021553039551,0.8103266309812963,0.7914989080458275,0.8064144222912271,353680000
2016-03-18,0.8267094492912292,0.8374681423425968,0.8069036111746392,0.8120384883219416,545512000
2016-03-21,0.8291546702384949,0.829399168783409,0.8105714399889419,0.8193740288752798,337780000
2016-03-22,0.8276872634887695,0.8335556345281295,0.8174175704469897,0.8264647129084529,242012000
2016-03-23,0.841869592666626,0.8479824648444417,0.8276876266109763,0.8313553965554462,429008000
2016-03-24,0.8430919051170349,0.8445590126795074,0.8315996597063484,0.8342893180394088,244956000
2016-03-28,0.8516501784324646,0.8553178898370046,0.8406469276244011,0.8416249801124636,265388000
2016-03-29,0.8653431534767151,0.8672992586004952,0.8460263676161757,0.8479824727399558,261812000
2016-03-30,0.8743899464607239,0.8863712466158196,0.8680325195091544,0.8685215747735853,376700000
2016-03-31,0.8712112307548523,0.8802583158946172,0.8643648068535836,0.8783022114363137,379884000
2016-04-01,0.8839263319969177,0.8844153873969615,0.8592301710905477,0.8658320983564143,348292000
2016-04-04,0.8753682374954224,0.8959076314494242,0.8719450246021628,0.8912618092101592,393940000
2016-04-05,0.8741455078125,0.8822145412960943,0.8641203114344888,0.8675435819254155,339568000
2016-04-06,0.8753682374954224,0.875857292893269,0.8467598667061182,0.8631424355214795,453376000
2016-04-07,0.8663209676742554,0.8775687147842888,0.8626532570020155,0.8697441798476021,378104000
2016-04-08,0.8719449639320374,0.8790359460726987,0.86338687399714,0.8734120717262732,255936000
2016-04-11,0.8773244023323059,0.8917508661760932,0.8743901865345111,0.8770798454843415,387524000
2016-04-12,0.8763461709022522,0.8814809892027583,0.8592299933061446,0.8802583801042317,292764000
2016-04-13,0.8983526825904846,0.898597181111062,0.8802584512318127,0.8802584512318127,350716000
2016-04-14,0.9007977843284608,0.9047100518903122,0.8922396953933347,0.8959074644504491,416564000
2016-04-15,0.9078890085220336,0.9159580443091276,0.8976193107119433,0.9005535267426055,436972000
2016-04-18,0.9039766192436218,0.9061772809728568,0.8951740306239016,0.9061772809728568,307320000
2016-04-19,0.8878383636474609,0.909111247677567,0.8822144903835332,0.9073996416794856,309152000
2016-04-20,0.8912615776062012,0.8966409523957363,0.8853932058431129,0.8863712580874265,200172000
2016-04-21,0.8902836441993713,0.8956630197069602,0.8863713764026899,0.8915061950936509,178280000
2016-04-22,0.8868603110313416,0.8993306082823368,0.8839260960088923,0.8932177380485102,223540000
2016-04-25,0.8912615776062012,0.8961518971249759,0.884659652085576,0.8871048118449634,191972000
2016-04-26,0.8919951319694519,0.9069106473198884,0.888082864692334,0.8966409530046048,214536000
2016-04-27,0.9122902750968932,0.9127793305348556,0.888083167713692,0.8897947743007191,352396000
2016-04-28,0.8851486444473267,0.9120454599576572,0.8829480414833886,0.9066660851961496,381224000
2016-04-29,0.8687663078308105,0.8834372701585332,0.8592301648286241,0.881481165167059,321904000
2016-05-02,0.8802583813667297,0.8856377564729826,0.8729229016566815,0.8770796676626544,256076000
2016-05-03,0.8697442412376404,0.8739010074982783,0.8621642625620317,0.8702332965671565,224024000
2016-05-04,0.8499385714530945,0.8599637114693752,0.8411359824717941,0.8592301575294984,525764000
2016-05-05,0.8550735116004944,0.8650987113310686,0.8487160820877473,0.8570296751490788,246884000
2016-05-06,0.8638759255409241,0.8660765872225467,0.851894623003936,0.8536062293239032,183240000
2016-05-09,0.862653374671936,0.8697442984847576,0.8555623925618965,0.8660765873122248,333336000
2016-05-10,0.8792803883552551,0.880747496055635,0.8597191078094307,0.8680326403819633,269676000
2016-05-11,0.8817254900932312,0.8915061297191085,0.8770796687817762,0.8819700468919256,328176000
2016-05-12,0.8697442412376404,0.8919952385293785,0.8540952285569068,0.8880829707848916,670540000
2016-05-13,1.0020276308059692,1.0025166278740374,0.9536134232341086,0.958259186866849,2110256000
2016-05-16,1.0316139459609983,1.0465295209464924,0.9912687771363524,0.9944474909405496,973032000
2016-05-17,1.033814787864685,1.0411502103751782,1.0137643920408304,1.0269682458352691,628392000
2016-05-18,1.060222625732422,1.072203988310326,1.0269683720278864,1.0269683720278864,541072000
2016-05-19,1.0648682117462158,1.0724482486364455,1.0545985746132032,1.056065565694125,398880000
2016-05-20,1.083940863609314,1.0883421881323707,1.0697588956535535,1.0714705024245534,391084000
2016-05-23,1.085652232170105,1.0927431562948848,1.0790503051313265,1.0885864478749936,413636000
2016-05-24,1.1120058298110962,1.1154380486744306,1.0860198147270892,1.088961649811544,415788000
2016-05-25,1.1073477268218994,1.1200954801829472,1.098522224229054,1.1154377124167558,458076000
2016-05-26,1.1191152334213257,1.127205221088756,1.106122226467489,1.1093091948485132,309964000
2016-05-27,1.125243902206421,1.126959952906612,1.116663531808278,1.1203408835062765,277416000
2016-05-31,1.1453464031219482,1.1477979712616193,1.1294115609056956,1.1301470781064782,412524000
2016-06-01,1.1475528478622437,1.1585845538956248,1.1365210249316586,1.139953126839449,387132000
2016-06-02,1.155642867088318,1.1654489062041935,1.1424046090743991,1.153681565747377,329208000
2016-06-03,1.1394623517990112,1.1458362865525622,1.1193600141283744,1.1443654864375865,461076000
2016-06-06,1.1335790157318115,1.1512299063293878,1.1276953465668909,1.1424044025820066,322512000
2016-06-07,1.1357858180999756,1.1468176440452211,1.1352955510926603,1.140443705361179,193400000
2016-06-08,1.132108211517334,1.1401981989785477,1.1227924400414642,1.1360305800875965,234616000
2016-06-09,1.161526441574097,1.1632424926057685,1.125734386459558,1.12818595473178,472168000
2016-06-10,1.132598638534546,1.15809438853841,1.1311277208883834,1.147798081912487,400024000
2016-06-13,1.1470623016357422,1.1693710777740385,1.133824162752811,1.133824162752811,475588000
2016-06-14,1.1492689847946167,1.1546622714964516,1.1316180901646324,1.1443659650027995,298344000
2016-06-15,1.1610360145568848,1.1710871859129512,1.1460818242297717,1.1588296969339311,301036000
2016-06-16,1.165693998336792,1.1676551827110238,1.1411789014158864,1.1524558576892232,246456000
2016-06-17,1.1453464031219482,1.1674100487901755,1.1406885171743355,1.167164915355649,471000000
2016-06-20,1.1659390926361084,1.1808932837213355,1.1629972577249033,1.163732774901304,293768000
2016-06-21,1.1588298082351685,1.1740291334360928,1.1571136403781372,1.1708421649539564,212508000
2016-06-22,1.1578490734100342,1.1688808955767176,1.1558878891552715,1.1612811750801677,202620000
2016-06-23,1.1887383460998535,1.1899641303437931,1.1681456150111036,1.168881132316355,297880000
2016-06-24,1.1210767030715942,1.1610363847190444,1.1105352615267536,1.1399533847321328,1017684000
2016-06-27,1.1090643405914309,1.120341299478511,1.0926391107950857,1.1117609258945556,449088000
2016-06-28,1.125243902206421,1.131372587908711,1.1097993290075132,1.130146920906565,381920000
2016-06-29,1.1436303853988647,1.1524558906813664,1.1321082953610486,1.1350501304552156,318932000
2016-06-30,1.1524560451507568,1.159565383500222,1.136276066861361,1.1455917233785722,430940000
2016-07-01,1.143875241279602,1.1610358639000875,1.1399528733706112,1.1460816755134402,218488000
2016-07-05,1.160791277885437,1.1627524627647232,1.128431318236901,1.1375018421400616,371084000
2016-07-06,1.1681456565856934,1.175009978457726,1.146817524329838,1.1527011953923734,273104000
2016-07-07,1.1985443830490112,1.202712002708363,1.170597180365864,1.1759904673686554,395400000
2016-07-08,1.2465938329696655,1.2524775027835229,1.2066341620944834,1.2112920478809204,481932000
2016-07-11,1.2752766609191897,1.2845923164199633,1.2630190533537158,1.264489970937461,448776000
2016-07-12,1.2943987846374512,1.3061660112468023,1.273315666487226,1.2894957638087852,436760000
2016-07-13,1.2939079999923706,1.3042044223717473,1.291946815647747,1.2968498349579067,324604000
2016-07-14,1.3071461915969849,1.31891353191966,1.2899856817884263,1.3007723714518102,316892000
2016-07-15,1.2919464111328125,1.2978300792216788,1.2708634230105946,1.290475494110596,428616000
2016-07-18,1.2985663414001465,1.309843301459118,1.2936633203700392,1.3078821164265235,252992000
2016-07-19,1.3120495080947876,1.3171976617440169,1.2953791459818085,1.2978307145179488,382652000
2016-07-20,1.3292101621627808,1.3363196181588028,1.3110689972680676,1.3164622849672434,296460000
2016-07-21,1.3046947717666626,1.3304356539976323,1.300282019039214,1.3262680347166187,361308000
2016-07-22,1.340241551399231,1.340241551399231,1.2997916145881634,1.3093525193705244,315768000
2016-07-25,1.365001559257507,1.368188527002148,1.342447651664233,1.3483313203919314,312528000
2016-07-26,1.3882911205291748,1.395400456860547,1.375052981486102,1.3770141656226336,514508000
2016-07-27,1.374317646026611,1.402755228905256,1.3659825246717543,1.4003036607376609,446676000
2016-07-28,1.3772594928741455,1.3875557987130118,1.3730918737123918,1.3775046263135655,221916000
2016-07-29,1.399813532829285,1.4034907685485305,1.357647538097137,1.3824077711824565,409588000
2016-08-01,1.3907428979873655,1.4108453615736396,1.3816723753899294,1.4056972081701409,301120000
2016-08-02,1.3738268613815308,1.3980968159872391,1.3605887255779008,1.3973612990552815,282748000
2016-08-03,1.3775044679641724,1.3802011692822054,1.3645114619908725,1.372111182225298,299828000
2016-08-04,1.4030001163482666,1.4093740521897988,1.3814268579831026,1.3841234422180082,272712000
2016-08-05,1.426780104637146,1.427515504972511,1.412316179300096,1.4191803833523349,371588000
2016-08-08,1.4400181770324707,1.4498242157519516,1.4248187351892336,1.4463921138898534,305064000
2016-08-09,1.4436956644058228,1.457669324624708,1.440018428468251,1.4471277668671862,372344000
2016-08-10,1.4343794584274292,1.4586494187124417,1.4297215730922626,1.4564431011945995,375740000
2016-08-11,1.4635522365570068,1.4696810383618673,1.4390371462347364,1.4419789804528431,681064000
2016-08-12,1.5454329252243042,1.553768045224588,1.4863515681326909,1.51748573065931,1425744000
2016-08-15,1.5439622402191162,1.5567101139834318,1.5231243786349236,1.5471492086601952,573304000
2016-08-16,1.53464674949646,1.5442075389458834,1.52998886305344,1.5417560874426817,287652000
2016-08-17,1.4990997314453125,1.5380788746925789,1.4870873734162071,1.5346467723985489,595212000
2016-08-18,1.5223888158798218,1.5248402668590284,1.491009401686206,1.4968930710718065,331684000
2016-08-19,1.5263116359710691,1.537833727847247,1.5150346775756491,1.5216537491450015,291560000
2016-08-22,1.53268563747406,1.5348920726866182,1.512828421944416,1.5309695861405317,244748000
2016-08-23,1.545087814331055,1.5551575060453005,1.5406669312201948,1.5482806548367998,339764000
2016-08-24,1.5212644338607788,1.551228043593383,1.5141419969415018,1.550491288234533,298448000
2016-08-25,1.511195182800293,1.5224929213916605,1.4922838348259797,1.5217561658175558,406032000
2016-08-26,1.523475170135498,1.532071236216529,1.5030900795860624,1.5151246892121226,300024000
2016-08-29,1.5224924087524414,1.5357549415217528,1.5200364405530769,1.529614962467045,274652000
2016-08-30,1.5136510133743286,1.5286327615319657,1.509475714488128,1.5205278660220816,285544000
2016-08-31,1.5065284967422483,1.5207734898121148,1.502107729706434,1.5165983079324437,388544000
2016-09-01,1.55098295211792,1.556631763004792,1.5065287521657411,1.5077567952672823,428492000
2016-09-02,1.5357553958892822,1.555894903222981,1.5183176768881614,1.5541756898410024,323148000
2016-09-06,1.5502455234527588,1.5502455234527588,1.5332989797569865,1.5411582888306032,306812000
2016-09-07,1.5274046659469604,1.552947394457061,1.518563015292561,1.5453336695097946,397988000
2016-09-08,1.5384570360183716,1.5409131220073502,1.5084935364736374,1.5259312551223572,315808000
2016-09-09,1.4618287086486816,1.530106294825007,1.4490573447433823,1.5215102295474423,697760000
2016-09-12,1.4920381307601929,1.494985387278397,1.4077963203634616,1.4424264087834109,598260000
2016-09-13,1.4704245328903198,1.505545777872724,1.462074054116289,1.4883535330231878,471768000
2016-09-14,1.4834418296813965,1.4883538840665953,1.461583228656677,1.4738633060633668,319048000
2016-09-15,1.5396850109100342,1.5414042241812251,1.4824594512918472,1.48589799494685,515212000
2016-09-16,1.5433690547943115,1.5534387494658823,1.5256856342700935,1.5450882681013451,902444000
2016-09-19,1.5637540817260742,1.6028049329436205,1.5524563445561328,1.559578782660232,417128000
2016-09-20,1.549509048461914,1.5816830459064477,1.5409129825039676,1.5816830459064477,331112000
2016-09-21,1.5929808616638184,1.5959281178846565,1.5539300095192703,1.5541755946855702,336212000
2016-09-22,1.5969102382659912,1.6072256336159787,1.587823002803327,1.60231357962971,308732000
2016-09-23,1.5951907634735107,1.6035412421686868,1.588068327351545,1.598874891193142,276132000
2016-09-26,1.5802096128463743,1.586595296092364,1.560315807555083,1.5770167712233798,230040000
2016-09-27,1.6342421770095823,1.636698263017439,1.573332719633842,1.5740694751686228,402752000
2016-09-28,1.64013671875,1.6413647617756504,1.619260455764457,1.6366982919682818,319788000
2016-09-29,1.655363917350769,1.660521674209941,1.622207578185347,1.6374349122626854,336684000
2016-09-30,1.6828714609146118,1.6993268369125043,1.6546270609435088,1.6644511695127762,429932000
2016-10-03,1.681152105331421,1.70718612147165,1.6782049664951288,1.6828714355621224,242596000
2016-10-04,1.6774680614471436,1.711852440255309,1.6649422824633275,1.6836081583696108,281624000
2016-10-05,1.6757489442825315,1.7089053992941716,1.670591304732974,1.6917131503496974,305440000
2016-10-06,1.6538902521133425,1.6659247437328033,1.6273650661424728,1.6556094652018367,360212000
2016-10-07,1.64185631275177,1.6693638504948722,1.6371898418626318,1.6649429648452694,286260000
2016-10-10,1.6479960680007937,1.659293806448434,1.632523030015112,1.650452036995864,287876000
2016-10-11,1.6241724491119385,1.6450487113051613,1.61164666837348,1.6425927424597009,388540000
2016-10-12,1.6315405368804932,1.6401366032293374,1.604033007451571,1.617541128444415,419920000
2016-10-13,1.6050150394439695,1.6160671895456271,1.5644905671462903,1.6123831785492742,390116000
2016-10-14,1.6207340955734253,1.6357158458331835,1.6111555707075231,1.624663692748479,330636000
2016-10-17,1.611401081085205,1.6357157698977336,1.6091906974159291,1.620488435160517,195328000
2016-10-18,1.6359611749649048,1.6452941131856988,1.6271195241485708,1.6337507915389742,269372000
2016-10-19,1.632522702217102,1.6401364270870435,1.6165584970604223,1.6249090944597686,199060000
2016-10-20,1.6634689569473269,1.668872299435514,1.6283478163372562,1.6516800483494598,312084000
2016-10-21,1.6588023900985718,1.6617495290331177,1.6430837692554616,1.6575743472268194,279508000
2016-10-24,1.7366584539413452,1.738623252211229,1.669854375864407,1.670100078121677,339836000
2016-10-25,1.765148639678955,1.7757096225904412,1.725361028372623,1.733711510358669,397460000
2016-10-26,1.7722710371017456,1.791673670640554,1.7486931043872884,1.7504123176684094,333792000
2016-10-27,1.7359212636947632,1.789217095048004,1.7287988273527193,1.7857786694268385,388664000
2016-10-28,1.7329747676849363,1.7707975806487637,1.729781925980109,1.7442725062472009,290856000
2016-10-31,1.747710943222046,1.7592542670416176,1.7376411305553854,1.7386235884366263,252388000
2016-11-01,1.6958885192871094,1.7636749430259786,1.677222641541934,1.7540964189903154,473224000
2016-11-02,1.6887660026550293,1.7319921543866097,1.6858187464054135,1.7089055089523226,295848000
2016-11-03,1.669118046760559,1.698099209259769,1.6366984571326482,1.696625580902806,309664000
2016-11-04,1.6595392227172852,1.688029209681038,1.6352245348665824,1.6580655946251863,328780000
2016-11-07,1.750412106513977,1.7614642574808743,1.7069403751709045,1.708168417970028,487580000
2016-11-08,1.747710943222046,1.762692693957011,1.7315011494136885,1.757043766086984,429884000
2016-11-09,1.718238115310669,1.741324874960507,1.6877834501866065,1.700309112006742,456532000
2016-11-10,1.6644511222839355,1.7560610550611635,1.6396452664172936,1.755815469920792,869280000
2016-11-11,2.160569190979004,2.180217408756554,1.9279831846676527,1.9527891591575337,2175344000
2016-11-14,2.054222583770752,2.1659718763439955,2.0537314136089706,2.163515791309929,1348796000
2016-11-15,2.116851806640625,2.1477976415817674,2.06134535024858,2.0701871177568543,626092000
2016-11-16,2.2504594326019287,2.273300369603747,2.1207811294426584,2.1450958112850214,987984000
2016-11-17,2.269125938415528,2.32807059551804,2.226390839502222,2.267161022822012,832988000
2016-11-18,2.2929494380950928,2.316772721956208,2.254635341021684,2.269125920008733,576060000
2016-11-21,2.283616542816162,2.317264170985581,2.2693714316121825,2.3108784880174777,436436000
2016-11-22,2.3000717163085938,2.302282099901241,2.268880175283988,2.291475649989833,330368000
2016-11-23,2.311386823654175,2.3428709035564297,2.2818703667968405,2.30523741519893,443236000
2016-11-25,2.3160593509674072,2.339180554499836,2.2976113675795826,2.3224545924493034,195564000
2016-11-28,2.3148303031921387,2.3303263896242417,2.302285651205823,2.308926965148689,278736000
2016-11-29,2.2936766147613525,2.3229472335499066,2.275966835975484,2.312124369414611,444568000
2016-11-30,2.2678494453430176,2.3160597168553645,2.2653896825592708,2.302285186011915,440500000
2016-12-01,2.155686855316162,2.2671115815003606,2.0850933488844428,2.265389794381926,1035524000
2016-12-02,2.175610542297364,2.18421947782136,2.093702267896081,2.121496931691799,478292000
2016-12-05,2.259979009628296,2.2779348617376733,2.1891394128040225,2.2134905095513684,602284000
2016-12-06,2.2971203327178955,2.305483434201044,2.252353625376215,2.268095782265944,498796000
2016-12-07,2.3384432792663574,2.344100546808976,2.26539000319574,2.283591921965466,480804000
2016-12-08,2.299333333969116,2.376568143349458,2.288756777080217,2.34139442973912,381544000
2016-12-09,2.258502244949341,2.3187650179718173,2.2311994914465045,2.3170432311590567,382312000
2016-12-12,2.203650951385498,2.212505956665766,2.153226987173576,2.210046193880821,601332000
2016-12-13,2.242515087127685,2.270063923774405,2.2149664850569377,2.2159502966806155,387796000
2016-12-14,2.372387409210205,2.388621470939262,2.2523534989837994,2.276212685854675,983980000
2016-12-15,2.427976369857788,2.458230795617796,2.376076453599585,2.383455507456011,746548000
2016-12-16,2.469792366027832,2.4769253525647144,2.4038720574377184,2.455525923802098,1089528000
2016-12-19,2.4997997283935547,2.519969267160369,2.4351093276985667,2.452327432614922,744656000
2016-12-20,2.586873769760132,2.610486886330503,2.56104672558785,2.57236149544144,848056000
2016-12-21,2.6031081676483154,2.606059836922892,2.5509624014240577,2.598434710844899,576136000
2016-12-22,2.6345925331115723,2.677883292326866,2.6203260922532867,2.6274593126824293,718612000
2016-12-23,2.700265407562256,2.701741358901442,2.6139297606475167,2.616635358668206,647692000
2016-12-27,2.885727643966675,2.8867114552187307,2.735685402961697,2.756347081286045,1194272000
2016-12-28,2.687228918075561,2.949925485934489,2.6734546241878503,2.9418084578112524,2295764000
2016-12-29,2.7408509254455566,2.742326876986516,2.5285782705828,2.580232117574343,2175368000
2016-12-30,2.625490427017212,2.752903360393129,2.614667800094604,2.738882995208193,1212932000
2017-01-03,2.509145975112915,2.616389117628759,2.444455591542258,2.567932788817729,1501996000
2017-01-04,2.56768798828125,2.5949907490703388,2.4973403111099484,2.5433368963268674,1199220000
2017-01-05,2.5025055408477783,2.602861572203357,2.485533504587961,2.571131427124845,984296000
2017-01-06,2.535957098007202,2.564243661922508,2.489222550639794,2.529807691997884,822856000
2017-01-09,2.63877272605896,2.6564827344989066,2.545796002764757,2.545796002764757,916248000
2017-01-10,2.618849515914917,2.685753373251364,2.5981878373808738,2.65180953895212,880920000
2017-01-11,2.58662748336792,2.612208455253865,2.561784487287583,2.607289163893596,525664000
2017-01-12,2.544319868087769,2.5753122633363263,2.499553179206894,2.563751661955511,625616000
2017-01-13,2.544074535369873,2.5826918260995284,2.534973459927785,2.5482558506375472,457820000
2017-01-17,2.487009763717652,2.5384175499612605,2.4737273703081826,2.5334982579387613,580612000
2017-01-18,2.532267570495605,2.5391547178811065,2.4378148948752294,2.46560955449923,654424000
2017-01-19,2.58662748336792,2.618603698225352,2.5330060112038484,2.5352197040447653,644872000
2017-01-20,2.5583412647247314,2.6269671596843973,2.536449934280945,2.6092571453701883,492024000
2017-01-23,2.5849058628082275,2.604829568812421,2.5507159529062653,2.553175716032891,369904000
2017-01-24,2.6400034427642822,2.64615285093637,2.580232555872021,2.594990900909095,428052000
2017-01-25,2.6513187885284424,2.688460377476124,2.615407081482126,2.6823109679692965,522760000
2017-01-26,2.6970691680908203,2.704448224517779,2.6245077819271314,2.654024242210941,458800000
2017-01-27,2.749213695526123,2.752165363678077,2.6773903178389302,2.70395509663065,471996000
2017-01-30,2.706169605255127,2.730520698920901,2.654269913297215,2.7283070057832743,496004000
2017-01-31,2.685508251190185,2.706907676568061,2.661402992259005,2.679850983066644,362756000
2017-02-01,2.802835702896118,2.807017018212062,2.702233608258349,2.719943384550513,590004000
2017-02-02,2.8382554054260254,2.846864575777649,2.756347363205696,2.786847626321938,483240000
2017-02-03,2.8134117126464844,2.8507993496993125,2.8016052756107346,2.8397306537074014,372744000
2017-02-06,2.885481834411621,2.8859737400820658,2.8040654642674765,2.8040654642674765,506768000
2017-02-07,2.930248260498047,2.974276980660736,2.899993836123488,2.919671468556784,746224000
2017-02-08,2.9174587726593018,2.934676648276661,2.8626071717160606,2.9122934099740942,449580000
2017-02-09,2.8626062870025635,2.9285265689197137,2.8434207941446434,2.9236070433631984,842568000
2017-02-10,2.794719219207764,2.9688662859767034,2.769630149531176,2.94992662457062,1651092000
2017-02-13,2.665830373764038,2.80357382685647,2.6614027531545723,2.7890615525981803,1180724000
2017-02-14,2.675668954849243,2.709366956561339,2.6144221242131955,2.656237155985113,850632000
2017-02-15,2.681080102920532,2.70075773697465,2.65057984050942,2.6786205745956937,373020000
2017-02-16,2.63803505897522,2.6919025923167355,2.598925631838461,2.690672711037027,647176000
2017-02-17,2.637543201446533,2.641970821443127,2.577526489850848,2.624506880721197,563740000
2017-02-21,2.731997013092041,2.7359324941449144,2.661895157262874,2.662141227455666,551952000
2017-02-22,2.727809429168701,2.753422685299107,2.7088456328767934,2.7440639774920776,433772000
2017-02-23,2.474879026412964,2.6201849309070337,2.454930408929533,2.5982659723108745,1592888000
2017-02-24,2.498767614364624,2.5120667671893995,2.3569096710711235,2.390650196988915,1029904000
2017-02-27,2.5714213848114014,2.586444502442867,2.5012312973318016,2.516993322270125,715400000
2017-02-28,2.499261379241944,2.590878150026418,2.482021771643377,2.5810266772591937,625360000
2017-03-01,2.531522989273072,2.570435393398635,2.4901477182716323,2.556150953416088,504804000
2017-03-02,2.438182830810547,2.5327549662143096,2.435473817588905,2.5187169038556902,754332000
2017-03-03,2.4241459369659424,2.4325193605450544,2.369717626777475,2.427593858711233,864692000
2017-03-06,2.405427932739258,2.41601807620336,2.343857648007869,2.387941947448856,883568000
2017-03-07,2.431779861450196,2.4512361878841005,2.3926212976022034,2.405427928075357,603400000
2017-03-08,2.42734694480896,2.494828019677432,2.425130457726945,2.4800510476773274,638712000
2017-03-09,2.426853656768799,2.4492651361591053,2.398777536213795,2.4113380171908942,478060000
2017-03-10,2.441138505935669,2.4650278057918507,2.4229138487365125,2.453206463658558,499740000
2017-03-13,2.5083725452423096,2.518223777641832,2.450742730012748,2.451481637032486,774136000
2017-03-14,2.506647825241089,2.530536874539256,2.474384890378652,2.521178406239018,522016000
2017-03-15,2.525613307952881,2.536449598128122,2.470692479972147,2.5182249389639444,615036000
2017-03-16,2.5566439628601074,2.5571367242259133,2.522164759571124,2.53620282156962,523100000
2017-03-17,2.6123032569885254,2.613534690457664,2.5566435445942948,2.5741295240609903,1119688000
2017-03-20,2.6955459117889404,2.699486592574576,2.6137806608734,2.6297890600263,748568000
2017-03-21,2.6083638668060303,2.7081079133218533,2.600482970549627,2.67830781928776,913484000
2017-03-22,2.661559820175171,2.666239174110236,2.593339851969421,2.5972802987379087,616764000
2017-03-23,2.63742470741272,2.6736281129826005,2.6278198516807945,2.6536792593221348,533940000
2017-03-24,2.646782636642456,2.6916058315392983,2.6209232366280864,2.6837249386411863,439500000
2017-03-27,2.6659932136535645,2.6699336610431588,2.5509799228403383,2.6002361023902445,506644000
2017-03-28,2.6522014141082764,2.681755120542884,2.6418576520869608,2.667224530597137,432444000
2017-03-29,2.643580913543701,2.6719031786970144,2.641364427249672,2.659589078886729,349992000
2017-03-30,2.6943154335021973,2.709092404506817,2.645059254940107,2.6507236626285504,525532000
2017-03-31,2.6827399730682373,2.706383124345953,2.669687198599632,2.684710313965368,440808000
2017-04-03,2.66919493675232,2.700472604286781,2.6455517831303115,2.6832330004973897,445232000
2017-04-04,2.4820213317871094,2.571667745156867,2.4711850424843904,2.5465470107707486,1271280000
2017-04-05,2.463550329208374,2.5211801672131067,2.450497317812738,2.463303948480456,747048000
2017-04-06,2.481528043746948,2.493595763224328,2.4236518436158088,2.468721417195302,635120000
2017-04-07,2.470938205718994,2.505417643314233,2.455915090979284,2.487931661273729,429068000
2017-04-10,2.4078898429870605,2.4783260478446323,2.403703016436866,2.4716765893871786,756332000
2017-04-11,2.416510343551636,2.435720287237883,2.372918575364226,2.37784407548092,618148000
2017-04-12,2.396560907363892,2.4307939586101512,2.391389027812032,2.416509753401003,414092000
2017-04-13,2.351738452911377,2.3940987902732824,2.351738452911377,2.372426212469881,506892000
2017-04-17,2.443847417831421,2.444093563643144,2.359372899763019,2.364544780272681,497292000
2017-04-18,2.4453251361846924,2.451482304906776,2.403703709060082,2.4295631130769184,370116000
2017-04-19,2.454930305480957,2.4869466443917414,2.4482806100187,2.4628111998558007,380828000
2017-04-20,2.493842363357544,2.49852171711986,2.448280259342568,2.4694605416081967,404016000
2017-04-21,2.5041868686676025,2.506895882488209,2.471677763332268,2.483499106717471,341896000
2017-04-24,2.535463809967041,2.5485165835682904,2.514776288845689,2.535709955767849,371820000
2017-04-25,2.5795485973358154,2.594079188030505,2.528568456980275,2.549994889377937,388440000
2017-04-26,2.5618155002593994,2.5955557887595533,2.559845159856572,2.5930931568458986,327004000
2017-04-27,2.601713180541992,2.6100865995157867,2.5512255814348435,2.5692040877535467,319700000
2017-04-28,2.568711996078491,2.601713620877698,2.5630473540491034,2.5948177800126664,348248000
2017-05-01,2.6263415813446045,2.631513696847482,2.5724060534462483,2.579548274976923,307732000
2017-05-02,2.5485165119171143,2.6007283094700258,2.525858650666583,2.5994968758847645,629972000
2017-05-03,2.567480564117432,2.577085418222555,2.5268441912265933,2.541620925984009,336904000
2017-05-04,2.5576295852661133,2.584720424947022,2.5497484557177845,2.573637755333926,209788000
2017-05-05,2.5578746795654297,2.565016898904185,2.530537470407733,2.546053342410677,228428000
2017-05-08,2.531031847000122,2.5711754716447763,2.519702794098802,2.5696978916343647,365240000
2017-05-09,2.535217761993408,2.5842277930597977,2.528321920714676,2.536695576479981,847672000
2017-05-10,2.987143516540528,3.00019652625086,2.8080973259094417,2.814746786240692,2129096000
2017-05-11,3.1154568195343018,3.2122454712934965,2.9531576597837303,2.956605581256961,1939792000
2017-05-12,3.149688720703125,3.1918029050630983,3.0977235371048293,3.1186574389481483,962620000
2017-05-15,3.3078017234802246,3.310264591094834,3.1863851215693786,3.1908183302500723,1087540000
2017-05-16,3.3693718910217285,3.384887768573094,3.2844050750300413,3.3587817485335205,1120700000
2017-05-17,3.1455023288726807,3.321346974649912,3.141315501262564,3.302629558184894,1271368000
2017-05-18,3.277262687683105,3.2861288694259905,3.129001404949158,3.1893402471947496,1156032000
2017-05-19,3.3529508113861084,3.4076825960127173,3.333720635931605,3.378344405140926,1018372000
2017-05-22,3.424447536468506,3.438746789150751,3.3857405454738827,3.396588481417014,836608000
2017-05-23,3.378344774246216,3.4463899636458977,3.345801433016775,3.444171142220138,681248000
2017-05-24,3.416311025619507,3.4779461367383564,3.4042303613876435,3.475234035729919,815996000
2017-05-25,3.4086685180664062,3.45230619160989,3.36379811398494,3.4515665062632386,608228000
2017-05-26,3.496929883956909,3.5817397682319263,3.380316351858587,3.400532615005211,779140000
2017-05-30,3.5716323852539062,3.6066409505002266,3.526761974163199,3.5427870034216355,989652000
2017-05-31,3.558811664581299,3.624144736390993,3.5021072361841976,3.616501948228653,887316000
2017-06-01,3.559058427810669,3.5755767363194138,3.5136949745751664,3.574590410731282,503340000
2017-06-02,3.5413076877593994,3.582233264386071,3.535390674601021,3.556099985536012,487456000
2017-06-05,3.6490461826324463,3.661866301079444,3.5134490834452854,3.5250364710663,817376000
2017-06-06,3.6325278282165527,3.690464761877934,3.619214665484136,3.644361620023509,758728000
2017-06-07,3.676411628723145,3.695148758197688,3.64140306616516,3.656935048962533,612612000
2017-06-08,3.943168878555298,3.944648014346257,3.742238238657703,3.783410457164528,1161744000
2017-06-09,3.688244819641113,4.15420631413343,3.5193645226717947,4.06150724844924,3692928000
2017-06-12,3.6973679065704346,3.740019496893989,3.503587241795311,3.5965329768704746,1697532000
2017-06-13,3.732622861862183,3.815706975285945,3.590861901184096,3.806584815983754,1672504000
2017-06-14,3.7405130863189697,3.79820362393312,3.6611271427708174,3.735582397741018,1184640000
2017-06-15,3.756537437438965,3.7868617173314,3.611817965778073,3.623158946445584,963824000
2017-06-16,3.738046884536743,3.813981495632901,3.7040244112134193,3.766152579761607,924960000
2017-06-19,3.878575563430786,3.883752891801041,3.7784800780337946,3.782178035372912,778176000
2017-06-20,3.872904300689697,3.987545661232185,3.868713298754314,3.9207332138848434,1095444000
2017-06-21,3.931580066680908,3.93527825771783,3.838634361716914,3.9005161084001454,682652000
2017-06-22,3.904462099075317,3.9530307045409057,3.880547639090248,3.939717306100264,469132000
2017-06-23,3.792531967163086,3.927882626280343,3.7774927960440094,3.9121040049522513,1088588000
2017-06-26,3.751112937927246,3.860823361580767,3.656934494717069,3.825321524053628,1063960000
2017-06-27,3.613791227340698,3.74223882589248,3.608120853239874,3.733609944626142,999492000
2017-06-28,3.741251230239868,3.745935511774331,3.5933268719463807,3.6813418956965127,994948000
2017-06-29,3.616255760192871,3.7158579470741504,3.552155179939054,3.712899675787962,1064424000
2017-06-30,3.5639891624450684,3.647073275603063,3.5378558854453286,3.633513474335136,731060000
2017-07-03,3.4350485801696777,3.590862163638048,3.4165580902878263,3.5760698657803007,709072000
2017-07-05,3.526761293411255,3.555606434556356,3.4794254299964407,3.4984089623200343,820188000
2017-07-06,3.537362098693848,3.584204913575393,3.4456491197205783,3.497669261228092,746284000
2017-07-07,3.618228673934937,3.6364727612777545,3.571139437194877,3.5940678077019577,654972000
2017-07-10,3.789326906204224,3.7967230542961614,3.665563628924915,3.69169690496112,958492000
2017-07-11,3.843072891235352,3.8507156796058895,3.751113260868749,3.793025159267676,757956000
2017-07-12,4.006531238555908,4.018611675540575,3.859839747788932,3.90273776041498,1145208000
2017-07-13,3.9601800441741934,4.099968370615168,3.913830497181783,4.018610023184086,1369132000
2017-07-14,4.066684246063232,4.068163146180942,3.969547076805588,3.976450178149937,941948000
2017-07-17,4.049428462982178,4.129554332149248,3.987793323696368,4.100708944010895,930792000
2017-07-18,4.091587066650391,4.106132962625271,3.9766987997934153,3.988532828762602,776640000
2017-07-19,4.0703840255737305,4.127088232092777,4.058303592808117,4.100708310032903,687044000
2017-07-20,4.129552841186523,4.12979924622593,4.041044997461201,4.0908460892615714,699596000
2017-07-21,4.144345760345459,4.173930827871632,4.0947910661383045,4.109090554629179,648332000
2017-07-24,4.096270561218262,4.161110836425801,4.085669499746062,4.1514958655279095,652524000
2017-07-25,4.0765485763549805,4.0908480696194935,4.03291088108537,4.0733434283366,496556000
2017-07-26,4.123636722564697,4.189463090731363,4.088874324688348,4.133991379328136,640404000
2017-07-27,3.9875450134277344,4.160123509070221,3.8844910552305314,4.148535890229936,782856000
2017-07-28,4.052878379821777,4.077286114603497,3.9268965200926926,3.951796829812933,513348000
2017-07-31,4.006531238555908,4.102435518904243,3.9599352673293375,4.066440613126576,559672000
2017-08-01,4.055343151092529,4.057068926478595,3.9693007867762526,3.997159597940304,431384000
2017-08-02,4.052878379821777,4.090352634714849,3.9759581595657423,4.086408273297855,478444000
2017-08-03,4.104406833648682,4.1081047910442585,4.035375317419268,4.052386673820895,442420000
2017-08-04,4.122404098510742,4.192914512439405,4.104406652281488,4.127088146322244,589096000
2017-08-07,4.249125003814697,4.249617813880185,4.1418795645058974,4.151495003646262,717412000
2017-08-08,4.198585033416748,4.303610966622981,4.159384994714744,4.287092891726921,755336000
2017-08-09,4.243208885192871,4.245674346755499,4.133744837053488,4.152481968738491,530784000
2017-08-10,4.061507225036621,4.256767198133595,4.051398977240928,4.24443989463694,1328088000
2017-08-11,3.8450448513031006,3.919993124872822,3.7698501727080753,3.874136632401297,1497196000
2017-08-14,4.151741981506348,4.155439938462175,3.9249247068549793,3.936512093213958,1279020000
2017-08-15,4.116733551025391,4.183052728297874,4.082464434131405,4.156919681721959,764532000
2017-08-16,4.071615219116211,4.155192601385433,4.039318763786153,4.131771428854104,596632000
2017-08-17,3.980887889862061,4.080243646184611,3.978669304526737,4.063232767739227,525444000
2017-08-18,3.981628656387329,4.05213953083044,3.935772159101581,4.03512817752658,601204000
2017-08-21,3.923691987991333,4.017377404770563,3.879807903806571,4.006036658563477,623672000
2017-08-22,4.011043548583984,4.016965770877216,3.940964545650941,3.960211650440781,450456000
2017-08-23,4.091240882873535,4.102344993411134,3.969095666959945,3.977732615736085,579520000
2017-08-24,4.076187133789063,4.1277598342767945,4.049784463959073,4.123317814991696,469700000
2017-08-25,4.0421342849731445,4.110486210280681,4.035718349714156,4.100369063543062,357200000
2017-08-28,4.070758819580078,4.073966787887158,4.00561484814236,4.0611353853114665,389496000
2017-08-29,4.064096450805664,4.085811422734201,4.003887740004805,4.012030972141169,324096000
2017-08-30,4.088278293609619,4.099382399495223,4.053485302994044,4.083836274733328,384400000
2017-08-31,4.181059837341309,4.185007671842753,4.1011105408551645,4.108512965871701,612684000
2017-09-01,4.206228256225586,4.241761584966242,4.185007001893187,4.193643947450947,445432000
2017-09-05,4.093953609466553,4.159837911314532,4.035965916658152,4.154902648327941,695364000
2017-09-06,4.09148645401001,4.140591526330479,4.056693928407441,4.126773164882351,397672000
2017-09-07,4.110486507415772,4.142811396014369,4.0702650101349,4.108265497976526,352868000
2017-09-08,4.039174556732178,4.113695354563026,4.014992420170148,4.098890032067274,498856000
2017-09-11,4.170201301574707,4.180812163095212,4.079394541759088,4.084823518811162,567444000
2017-09-12,4.185255527496338,4.194878964163865,4.1201115398196215,4.194878964163865,411488000
2017-09-13,4.20400857925415,4.232878885290844,4.127760491849729,4.160085388556763,580960000
2017-09-14,4.18007230758667,4.258047676168205,4.140591144050647,4.165019896311736,513712000
2017-09-15,4.444350242614746,4.444350242614746,4.260269035104378,4.265450921166393,1364792000
2017-09-18,4.627937316894531,4.718004230469194,4.561559762772193,4.568468943563326,1684460000
2017-09-19,4.623002529144287,4.684691912364669,4.555637545702236,4.577599139328865,874280000
2017-09-20,4.5857415199279785,4.67408066041645,4.5455200190515335,4.626703357350354,724920000
2017-09-21,4.460388660430908,4.508259676079244,4.3826599154908985,4.482103158710042,1075600000
2017-09-22,4.416958808898926,4.498635851261387,4.407088754413602,4.449037544944452,491232000
2017-09-25,4.219553470611572,4.387348650945643,4.19882593035556,4.386114599843208,874580000
2017-09-26,4.24324369430542,4.409065028312072,4.203515891887457,4.3540381861429145,1125620000
2017-09-27,4.3362717628479,4.349596885542608,4.262737907253953,4.333557508023784,713720000
2017-09-28,4.335035800933838,4.347373487232075,4.287658031286867,4.343425182877306,435244000
2017-09-29,4.411284923553467,4.434973343384746,4.373777670504763,4.418934441495049,619092000
2017-10-02,4.416958808898926,4.490492620957392,4.367607595167218,4.461375230714244,503480000
2017-10-03,4.426088333129883,4.455946055341304,4.3819185398781375,4.42312698777207,390332000
2017-10-04,4.463104248046875,4.485312467525615,4.395739252874333,4.432259551065594,427848000
2017-10-05,4.460636615753174,4.4909880686783366,4.4307788775364605,4.487533477677364,437364000
2017-10-06,4.473714351654053,4.487039470734371,4.416960225862189,4.432999599030392,318800000
2017-10-09,4.574638366699219,4.607704072279075,4.491727716060073,4.510481343624446,563492000
2017-10-10,4.661989688873291,4.761186316278002,4.620781228656902,4.72367906821317,974876000
2017-10-11,4.711589336395264,4.7130700099361,4.632626983790919,4.678523627682139,529508000
2017-10-12,4.713809013366699,4.764640907580657,4.686665535841932,4.715042593866637,528292000
2017-10-13,4.801656246185303,4.811773398568141,4.729109825070181,4.775993432134938,628728000
2017-10-16,4.884070873260498,4.887032219208488,4.768341643047962,4.831511689209335,576640000
2017-10-17,4.879629611968994,4.908006668825775,4.84508371156119,4.863343620254945,478596000
2017-10-18,4.875437259674072,4.88925562713342,4.770318829886073,4.888515760864821,567316000
2017-10-19,4.880865097045898,4.88579989094498,4.74884982952765,4.797954441055817,570772000
2017-10-20,4.858656406402588,4.925033966777259,4.849772836939612,4.897890955677958,451620000
2017-10-23,4.851747989654541,4.906774827855026,4.831513686155317,4.88037167861789,428696000
2017-10-24,4.902579307556152,4.904306602980218,4.834967693347943,4.860877124708925,407244000
2017-10-25,4.778707027435303,4.915904650176435,4.717264726082027,4.863098355682998,828160000
2017-10-26,4.828797817230225,4.840395168035618,4.782407472703444,4.806342981512302,322744000
2017-10-27,4.981049060821533,4.9812956828707575,4.854955537058592,4.88086544246288,572192000
2017-10-30,5.029905319213867,5.085425382920258,4.965254595001695,4.9810473431084725,504056000
2017-10-31,5.103193759918213,5.129843531219708,5.056063063057213,5.06173866470539,411908000
2017-11-01,5.11281681060791,5.181168764657281,5.048659784302791,5.1658697271553615,502576000
2017-11-02,5.081724643707275,5.12786837054264,5.025217145580886,5.083205316935321,342308000
2017-11-03,5.149581909179688,5.149581909179688,5.066918376289856,5.112815001906573,353640000
2017-11-06,5.172778129577637,5.181414605792804,5.100478351361336,5.112816040053674,389944000
2017-11-07,5.231998443603516,5.253466787894444,5.183387568176141,5.195478631552166,427700000
2017-11-08,5.1611809730529785,5.231260214699131,5.113803663070127,5.22755853142906,522988000
2017-11-09,5.066425800323486,5.091348270892241,4.944281079402211,5.065192219688571,978564000
2017-11-10,5.333418369293213,5.39584810052816,5.222130648916055,5.257910610678226,1253256000
2017-11-13,5.246804237365723,5.3588317755040125,5.231505206357668,5.333416068450977,582376000
2017-11-14,5.285052299499512,5.300351333272847,5.212258813418393,5.255934905067065,529292000
2017-11-15,5.18141508102417,5.231260496305435,5.12762230156524,5.230026444931423,501948000
2017-11-16,5.22163724899292,5.285547657566101,5.212754148850714,5.255443295247785,441768000
2017-11-17,5.215467929840088,5.313924241864783,5.200415985373731,5.278637995891355,515664000
2017-11-20,5.282586097717285,5.294677165489488,5.194246469201468,5.231013387196668,396100000
2017-11-21,5.331195831298828,5.342793652522641,5.290481087341017,5.322312734237784,399176000
2017-11-22,5.307244777679443,5.358359259350775,5.274650158608363,5.358359259350775,356640000
2017-11-24,5.357370853424072,5.358358968719019,5.299095600004465,5.323541798471674,180752000
2017-11-27,5.287736415863037,5.3672476619487295,5.284526218948435,5.366013224432125,422896000
2017-11-28,5.203042030334473,5.3023076182987605,5.142050616355864,5.292924287611298,512752000
2017-11-29,4.850178241729736,5.188470622521679,4.722021874427324,5.185754483332419,1396788000
2017-11-30,4.956111431121826,5.004756565350237,4.855858700600845,4.918825384343876,823768000
2017-12-01,4.88129186630249,4.941789672100705,4.752641893589117,4.921541315397551,811548000
2017-12-04,4.609176635742188,4.945987858540212,4.555840071657967,4.9398142569824,1240844000
2017-12-05,4.635845184326172,4.758322042474608,4.459044114595156,4.50398499760678,981488000
2017-12-06,4.673377990722656,4.695107578798248,4.564235050733378,4.585471052136598,467032000
2017-12-07,4.740788459777832,4.780544315834879,4.694612681270943,4.740047608922165,542600000
2017-12-08,4.728442668914795,4.809682413084032,4.72004698635999,4.7906684951877,466876000
2017-12-11,4.80672025680542,4.809683661290111,4.726715400414755,4.742518654400664,372748000
2017-12-12,4.712392330169678,4.786471303083348,4.688934247785812,4.763260014025102,455016000
2017-12-13,4.597323417663574,4.754616951540734,4.589915379257983,4.753382513962944,554280000
2017-12-14,4.604485034942627,4.675353821963455,4.558309242815931,4.590903864201869,438164000
2017-12-15,4.730171203613281,4.7504195592405765,4.583495434913486,4.648437872128234,670036000
2017-12-18,4.886724472045898,4.889687404876546,4.74103634416411,4.770667556389095,477704000
2017-12-19,4.842522144317627,4.882524783767523,4.814125380435216,4.877339300040634,373100000
2017-12-20,4.859561443328857,4.890921146319655,4.804002339590581,4.881785084824168,288820000
2017-12-21,4.837090492248535,4.88795769218551,4.828694811516735,4.863017914232466,300904000
2017-12-22,4.821781635284424,4.8311649616097,4.722516093467407,4.800298843351743,466276000
2017-12-26,4.875365734100342,4.883020566518192,4.736591577211188,4.766470055877033,355080000
2017-12-27,4.868698120117188,4.9378383991714205,4.847462591054052,4.862031403609721,329488000
2017-12-28,4.874379634857178,4.9232715779048375,4.868206502493647,4.892405445107379,240248000
2017-12-29,4.778074264526367,4.900551069370233,4.778074264526367,4.900551069370233,279964000
2018-01-02,4.922528266906738,4.926232521257711,4.802768051762325,4.834374549026792,355616000
2018-01-03,5.246499061584473,5.2768715921266445,5.031177092524499,5.039819567643107,914704000
2018-01-04,5.2741546630859375,5.384285222335273,5.251931022416147,5.327738476561179,583268000
2018-01-05,5.318849086761475,5.356135123309925,5.212175519795842,5.288970616280123,580124000
2018-01-08,5.481822967529297,5.555901465342016,5.397373027882378,5.4423143725652325,881216000
2018-01-09,5.48034143447876,5.526764011442247,5.398854895983358,5.487255415261424,497000000
2018-01-10,5.523306369781494,5.526763359765202,5.333665036278787,5.387989231876989,582664000
2018-01-11,5.533184051513672,5.58726145673746,5.511700788622706,5.555901280923127,406032000
2018-01-12,5.506021976470947,5.555654749671344,5.46552573671378,5.521331639654908,359916000
2018-01-16,5.435153961181641,5.617881358656475,5.350704479564048,5.532444232660265,702348000
2018-01-17,5.548986911773682,5.558863824004988,5.355888591405077,5.449721377010482,538408000
2018-01-18,5.5420756340026855,5.596399855209979,5.49861597444898,5.529728898969357,408632000
2018-01-19,5.68208122253418,5.706280150869129,5.605286596963949,5.632201664257786,609380000
2018-01-22,5.770483016967773,5.7722115122356215,5.6324497178900605,5.689984119368288,550944000
2018-01-23,5.899379730224609,5.922096960023161,5.80529967214981,5.823819060815665,475228000
2018-01-24,5.822585105895996,5.938394759156828,5.767025993334276,5.902589945397093,579972000
2018-01-25,5.836166858673096,5.920122754728152,5.8213512508338745,5.8769098979758745,409884000
2018-01-26,6.008522987365723,6.008769780706532,5.867032691438194,5.879873009855168,516356000
2018-01-29,6.0954413414001465,6.12655472618599,5.94135800327913,5.9939537105676886,455116000
2018-01-30,5.993460178375244,6.0848241102499605,5.887033845900048,5.95370478502649,570832000
2018-01-31,6.069515228271484,6.15519962744378,6.036179754408111,6.068774377166113,478576000
2018-02-01,5.9386420249938965,6.096676898963478,5.878391479500944,5.889750096245417,519224000
2018-02-02,5.766285419464111,5.876169212246404,5.70825742887083,5.8522170708127845,718464000
2018-02-05,5.276871204376221,5.759123164476467,5.062042837691957,5.605286647689737,1165204000
2018-02-06,5.570224761962891,5.573187695324108,5.037351723344579,5.047229109841391,1114800000
2018-02-07,5.649735450744629,5.802090790643219,5.5978805855485,5.668996165660121,802932000
2018-02-08,5.371199607849121,5.808263563642714,5.3709523435207815,5.775175357693804,1144000000
2018-02-09,5.730727672576904,5.898886243549443,5.371199240991339,5.883082992680038,1674604000
2018-02-12,5.630722522735596,5.814684856532062,5.556644002443449,5.811721451971718,1093172000
2018-02-13,5.744309902191162,5.790485696666716,5.562076071001941,5.594423900668512,625524000
2018-02-14,5.961359024047852,5.99024985565589,5.692947269878567,5.704059091960149,744988000
2018-02-15,6.0868000984191895,6.1329758918394175,5.963829649192791,6.0445753538453975,698900000
2018-02-16,6.0211181640625,6.173226267124699,6.011981627170108,6.059639129879902,637656000
2018-02-20,6.150508403778076,6.219401436141514,6.039883740623566,6.043587996274106,686240000
2018-02-21,5.963580131530762,6.221868136653164,5.95987634843524,6.214954157019103,892292000
2018-02-22,5.983100414276123,6.069084984781661,5.917623728420351,5.997431333117807,534364000
2018-02-23,6.076498508453369,6.076498508453369,5.992243494996273,6.042895376009771,415300000
2018-02-26,6.092558860778809,6.127150250558239,6.030293887903493,6.122702853482647,469312000
2018-02-27,6.079710960388184,6.150129420626533,6.056732190844464,6.065873932299561,455436000
2018-02-28,5.979396343231201,6.130116339062658,5.9677832477313695,6.0905831790472815,523116000
2018-03-01,5.737502098083496,6.031035999276228,5.636445271654892,5.9771719199946896,1040120000
2018-03-02,5.844488143920898,5.850912528953584,5.481524056473077,5.63002056840413,913428000
2018-03-05,5.822497367858887,5.86203051741551,5.671035629274928,5.79432989276352,620776000
2018-03-06,5.983347892761231,6.002620574471278,5.864748442124549,5.907740731198539,636808000
2018-03-07,5.9754414558410645,6.02757595760045,5.879326406215545,5.880561610998472,581208000
2018-03-08,5.959135055541992,6.002868664310706,5.914907082010744,6.002868664310706,411912000
2018-03-09,6.06167459487915,6.074522423621407,5.990514815664968,6.006574837228999,505524000
2018-03-12,6.171131610870361,6.251186182577723,6.094783125334736,6.102937080439439,605060000
2018-03-13,6.120479583740234,6.288248784927967,6.079216858231815,6.213876817556124,619772000
2018-03-14,6.145928859710693,6.190650721838629,6.083663883882365,6.163471502138722,505496000
2018-03-15,6.16075325012207,6.241796067659434,6.118749218602539,6.159518045344583,401952000
2018-03-16,6.188921928405762,6.207947196072665,6.1395052448036775,6.177061886639468,399456000
2018-03-19,5.954686641693115,6.161000243993237,5.855853764205862,6.132091927764328,713772000
2018-03-20,6.166682720184326,6.205474556043408,5.957650839295235,5.957650839295235,554696000
2018-03-21,6.141481876373291,6.226478209071581,6.111090462200979,6.160259724929546,438688000
2018-03-22,5.97568941116333,6.124680299074687,5.9383801881357465,6.078228862529954,551196000
2018-03-23,5.756279468536377,5.991748800671801,5.745160740570835,5.989277919871422,735620000
2018-03-26,6.040671825408936,6.04190703031936,5.828675128842676,5.880562217983335,611424000
2018-03-27,5.572202205657959,6.177059899728876,5.4321066266287,6.121466266376863,1409000000
2018-03-28,5.469170093536377,5.66782412342045,5.3616893596201365,5.537858984553236,945904000
2018-03-29,5.722181797027588,5.81879073560349,5.453108871312396,5.537363877539234,916628000
2018-04-02,5.461757183074951,5.79778944981991,5.37404303062302,5.651763826874527,922092000
2018-04-03,5.568002223968506,5.691543432348143,5.469169351519257,5.628537623434345,667432000
2018-04-04,5.589993000030518,5.600370416788938,5.287563877461739,5.312519161276846,789168000
2018-04-05,5.469911098480225,5.661399892464157,5.398504383685218,5.6483046477489145,701240000
2018-04-06,5.293741703033447,5.475347468322936,5.264585964188444,5.367372361645052,662988000
2018-04-09,5.322404861450195,5.484491034825372,5.3023908598542535,5.356749317989374,499524000
2018-04-10,5.6312575340271,5.658189342678052,5.495361871773963,5.552438153600226,761676000
2018-04-11,5.589993000030518,5.657693626934737,5.557378126997672,5.616430906603208,460244000
2018-04-12,5.7965521812438965,5.814342236322028,5.638666561697009,5.682894517112316,593920000
2018-04-13,5.719958782196045,5.868455297300609,5.671777778510735,5.860054395742504,503036000
2018-04-16,5.7197113037109375,5.753067488839465,5.625572768210806,5.726629581698572,350792000
2018-04-17,5.86919641494751,5.890445614871483,5.716252507384096,5.771846152597597,447224000
2018-04-18,5.840287208557129,5.911446975099655,5.751337853833223,5.8187910634443485,391364000
2018-04-19,5.659174919128418,5.759490403833536,5.603828704820635,5.726134224486716,471996000
2018-04-20,5.651022911071777,5.7347835656376525,5.619890657406888,5.650528546341313,386200000
2018-04-23,5.531681060791016,5.719957640441089,5.5057375211040105,5.668811872382748,427508000
2018-04-24,5.4654645919799805,5.653246859552801,5.400234833211706,5.557379209219602,414596000
2018-04-25,5.353287696838379,5.474852388352471,5.196143359985117,5.43581313300979,588492000
2018-04-26,5.564790725708008,5.572944680228743,5.4489090917317045,5.514880154243845,375824000
2018-04-27,5.592217445373535,5.69030949968004,5.549966459538119,5.670542920771416,400848000
2018-04-30,5.556883811950684,5.658187570873458,5.537611601019302,5.608523949501842,327844000
2018-05-01,5.61223030090332,5.614948128368746,5.490171241475929,5.548730126055674,253788000
2018-05-02,5.591722965240479,5.65324615876647,5.565532003516295,5.608771714342306,268248000
2018-05-03,5.756774425506592,5.78296538981157,5.578380851702738,5.623597083286024,443144000
2018-05-04,5.906753063201904,5.909965255686521,5.710816861998181,5.7281125580347805,400660000
2018-05-07,6.144445896148682,6.201522160099138,6.001385051852191,6.011268575294066,687616000
2018-05-08,6.186944484710693,6.189662312359762,6.0957707218406165,6.144693033340903,506616000
2018-05-09,6.3198723793029785,6.322096312819888,6.17977682081492,6.206956031195762,596760000
2018-05-10,6.427355766296387,6.436497507612215,6.35496031956407,6.3727503800306735,994080000
2018-05-11,6.288988590240479,6.418954183886718,6.190403134889553,6.245749355437441,1214456000
2018-05-14,6.309497833251953,6.386835050417833,6.285778221318132,6.32704094891102,523140000
2018-05-15,6.067355632781982,6.2487144092462685,5.967040139842372,6.245996110622868,963528000
2018-05-16,6.078474998474121,6.140492554509258,5.991996051165664,6.028811375794899,553828000
2018-05-17,6.120479583740234,6.214123764289259,6.064144624607503,6.0802051164367485,519784000
2018-05-18,6.07674503326416,6.23561894338696,6.071803271734639,6.172366186643895,483716000
2018-05-21,6.0347418785095215,6.177802738024202,5.9420859571111215,6.17409665197543,640624000
2018-05-22,5.9966912269592285,6.073286655171677,5.9361558188208825,6.048084422250063,518264000
2018-05-23,6.120060443878174,6.12129688402957,5.939825949406634,5.940567719184721,442956000
2018-05-24,6.123769283294678,6.16604686288962,6.063196915090579,6.116352528081645,437372000
2018-05-25,6.163079261779785,6.179396782056297,6.100776259758787,6.136377907833108,292112000
2018-05-29,6.146020889282227,6.214010960221167,6.099293630790483,6.14503201996083,352684000
2018-05-30,6.254805088043213,6.263458284830537,6.154922204233035,6.179645825724187,390996000
2018-05-31,6.235025405883789,6.309443359324026,6.212279997982969,6.222910932089949,493868000
2018-06-01,6.3692731857299805,6.375454443154054,6.271120967026768,6.279774161543991,421968000
2018-06-04,6.548025131225586,6.570028768377533,6.371251906378245,6.403392278366956,642024000
2018-06-05,6.553464889526367,6.591044753875298,6.506490059090202,6.551239579835776,391712000
2018-06-06,6.555442810058594,6.558656989179558,6.447153833389016,6.463471356881197,371356000
2018-06-07,6.49981689453125,6.563603464769972,6.409575586291905,6.551736086222312,369448000
2018-06-08,6.484484672546387,6.527008872145472,6.408336095021519,6.427126022134033,360456000
2018-06-11,6.443444728851318,6.5134120623230585,6.430588485380875,6.471876724140297,265372000
2018-06-12,6.491902828216553,6.504017302235402,6.419710182965732,6.4698991897504765,319160000
2018-06-13,6.487452030181885,6.568297863054562,6.478304164945262,6.493385716880809,338208000
2018-06-14,6.598956108093262,6.655573003442621,6.51761559322839,6.53245004787599,430016000
2018-06-15,6.558161735534668,6.613047988906187,6.510939808543376,6.541844213493508,432260000
2018-06-18,6.553958892822266,6.571512382860502,6.486958168246381,6.514153722834688,356268000
2018-06-19,6.432319641113281,6.518110304281356,6.304993636426343,6.450862002192565,594932000
2018-06-20,6.485227584838867,6.538135626390589,6.435038580049156,6.473360210722888,369780000
2018-06-21,6.356666088104248,6.535417081326621,6.349001760839848,6.517121818613466,359516000
2018-06-22,6.204368114471436,6.390783883407651,6.189039933407088,6.377432969323854,434160000
2018-06-25,5.911888599395752,6.1017651569803375,5.823378441826234,6.098056779670731,665816000
2018-06-26,5.982845306396484,6.073333681598857,5.931420332231238,6.025122886209886,478884000
2018-06-27,5.827829837799072,6.092618597476486,5.822390348807067,6.0263596326929845,453892000
2018-06-28,5.9549078941345215,5.966775268239401,5.810275038522449,5.817939364650027,338012000
2018-06-29,5.857003211975098,6.032540013347362,5.85576677164779,6.019931340017258,392300000
2018-07-02,5.989026069641113,5.9927344469603625,5.767008669583508,5.787529237669018,357572000
2018-07-03,5.855519771575928,6.029573507698457,5.8471136748373285,6.023639820092612,222732000
2018-07-05,6.001140594482422,6.006084940429795,5.871836398792618,5.910652225971076,306216000
2018-07-06,6.114870548248291,6.123276646426896,5.955403668596883,5.976666013529852,296352000
2018-07-09,6.1623382568359375,6.198682150756022,6.083717724780583,6.189040085660409,303880000
2018-07-10,6.261230945587158,6.283234577958508,6.134399181102936,6.174698540714243,360016000
2018-07-11,6.119813919067383,6.203132167984538,6.109182513334937,6.168519385515629,367508000
2018-07-12,6.211291790008545,6.259255495078772,6.155169558300162,6.165059195931247,345508000
2018-07-13,6.164069175720215,6.229833938341683,6.122039163547,6.229833938341683,246988000
2018-07-16,6.136377334594727,6.189285838740548,6.124015763731801,6.136377334594727,197036000
2018-07-17,6.272109031677246,6.28719058108066,6.061711939069795,6.087177320561982,362136000
2018-07-18,6.222911357879639,6.27853938430519,6.171981050262644,6.264694270450621,277640000
2018-07-19,6.23106861114502,6.264692991141211,6.189039079277233,6.204120158833194,235752000
2018-07-20,6.202885627746582,6.2674139515510445,6.192007121605458,6.228598117488264,222352000
2018-07-23,6.166294574737549,6.178161950133588,6.014739146335825,6.176431310870159,301584000
2018-07-24,6.148987770080566,6.300790287758488,6.131433807610705,6.214257858821427,354620000
2018-07-25,6.227114677429199,6.239723823051808,6.1005299654223775,6.158383304050002,319112000
2018-07-26,6.300543785095215,6.33738188386494,6.190277059823228,6.207089255285769,325124000
2018-07-27,6.230821132659912,6.344054894173581,6.176923759751728,6.337132339081126,295420000
2018-07-30,6.035754203796387,6.250849079466511,6.000893848582832,6.24491539195008,340340000
2018-07-31,6.053802013397217,6.128467066105288,5.986554187543886,6.025370017799732,283988000
2018-08-01,6.093607425689697,6.140335158681855,6.029820870594712,6.085201800147668,283556000
2018-08-02,6.196209907531738,6.200165384823572,5.96356154089931,6.0224032739077815,269668000
2018-08-03,6.232800483703613,6.256535233913246,6.203874287394923,6.220686009156895,214288000
2018-08-06,6.280517578125,6.283978856839479,6.173712136898888,6.220192300082987,207508000
2018-08-07,6.352708339691162,6.371251168174037,6.3025198132827285,6.329221165634741,258132000
2018-08-08,6.389052867889404,6.43404995717187,6.319085532312254,6.353945886167342,262100000
2018-08-09,6.340593338012695,6.409571786528275,6.332929013559445,6.406852278799124,204280000
2018-08-10,6.299306869506836,6.331694815070367,6.247634793517938,6.258760398475284,256396000
2018-08-13,6.332188129425049,6.452839127921763,6.306228545338702,6.307959184277792,375208000
2018-08-14,6.463470458984375,6.477563142330335,6.354439727543762,6.437510873299413,466220000
2018-08-15,6.405370235443115,6.518109339713607,6.326749240272591,6.484237858456508,591136000
2018-08-16,6.364823818206787,6.477563403260773,6.304745648022211,6.47509099430112,801260000
2018-08-17,6.052812099456787,6.254308914377625,6.025863176630412,6.253567144663796,1143188000
2018-08-20,6.127479076385498,6.259997008578247,5.902000346212003,6.012267537774206,854388000
2018-08-21,6.262962818145752,6.267412965369303,6.124016555623853,6.143795354500337,673988000
2018-08-22,6.497836112976074,6.502780930675262,6.226866610640642,6.230327888717319,749856000
2018-08-23,6.597225666046143,6.662495759442093,6.445423137541601,6.459268251708762,720684000
2018-08-24,6.730238437652588,6.744825322111341,6.60118178731468,6.605631935332565,531512000
2018-08-27,6.8212199211120605,6.895390300265316,6.728506711388606,6.759905313460884,505776000
2018-08-28,6.783641338348389,6.838033400094436,6.663732080296084,6.815287517358268,475384000
2018-08-29,6.889021396636963,6.914005776022429,6.755193863373623,6.775972895121321,420108000
2018-08-30,6.872197151184082,6.968919163028118,6.835338919877067,6.857849528252209,346608000
2018-08-31,6.94319486618042,6.956058142533176,6.842267475775179,6.852162521502722,306592000
2018-09-04,7.017900943756104,7.055500891753382,6.901636512569428,6.9300840620367445,391720000
2018-09-05,6.887288570404053,7.03571095061915,6.80639850765602,7.000337059306588,393156000
2018-09-06,6.746288299560547,6.873436724894181,6.713388165606345,6.870962963208796,322796000
2018-09-07,6.7250142097473145,6.8504310381064135,6.609491955441947,6.654265952838491,295420000
2018-09-10,6.796008586883545,6.825693249881618,6.703739604745101,6.747524187778689,220140000
2018-09-11,6.748266696929932,6.837319746683039,6.728971547071906,6.749750576286906,243112000
2018-09-12,6.634476661682129,6.727982773823479,6.479127925219623,6.708440387526192,419092000
2018-09-13,6.712150096893311,6.802687490628975,6.68296037574801,6.700276232050866,305536000
2018-09-14,6.838062763214111,6.904110736928437,6.765583386637337,6.802441633296546,386936000
2018-09-17,6.776219367980957,6.8615624842390135,6.7569246897619335,6.812583141273332,205528000
2018-09-18,6.704235076904297,6.882836607123447,6.697556439574552,6.780178095532601,299520000
2018-09-19,6.727980136871338,6.745790930256051,6.635711177600333,6.685679915426539,224860000
2018-09-20,6.586980819702148,6.648328495095606,6.5330539563080166,6.606028262505605,430584000
2018-09-21,6.516974449157715,6.6443705539703535,6.483827087597518,6.598854386601227,435128000
2018-09-24,6.572632789611816,6.576095960818055,6.398978816525128,6.486053037634149,293912000
2018-09-25,6.639669418334961,6.664653789510304,6.553089676015421,6.638680008360933,280388000
2018-09-26,6.602813243865967,6.68494043101475,6.586981735698912,6.644619013107843,268548000
2018-09-27,6.614686489105225,6.659213250394395,6.583270710339509,6.637939279939521,214428000
2018-09-28,6.951605319976807,6.973868701782201,6.718582458478351,6.746535538948417,709396000
2018-10-01,7.15791130065918,7.224700961294527,6.990688734959713,7.029278557813436,622060000
2018-10-02,7.086671829223633,7.242020129938066,7.0644084415524535,7.130456428734034,383964000
2018-10-03,7.092854022979736,7.164343983919293,6.98895840006214,7.156922699488836,320552000
2018-10-04,6.908809661865234,7.0809792874879465,6.831877246390793,7.056737088541114,391220000
2018-10-05,6.675538539886475,6.946161760422033,6.618148512444637,6.884071917439042,426636000
2018-10-08,6.574363708496094,6.707696258236478,6.433609876142793,6.592421738214711,408612000
2018-10-09,6.568675518035889,6.648328460251058,6.500895969321754,6.55383295047159,273500000
2018-10-10,6.077645301818848,6.508564815620336,6.075418775025503,6.462800937723825,684940000
2018-10-11,5.816421031951904,6.1239024834928335,5.794899830998788,5.990569459579847,725436000
2018-10-12,6.098672389984131,6.172883826107944,5.928234312350573,6.073193540733258,608236000
2018-10-15,5.822605133056641,6.085312594288361,5.821615723066226,6.085312594288361,449760000
2018-10-16,6.081108570098877,6.092240260599139,5.885933370361248,5.935159948793996,408712000
2018-10-17,6.01258659362793,6.181293529998051,5.963607251808552,6.143198171812938,329668000
2018-10-18,5.925264358520508,6.120192305746902,5.864906095134859,6.081850186742388,524020000
2018-10-19,5.668989658355713,5.9999712224305055,5.632626353675516,5.980429307895091,613608000
2018-10-22,5.719700336456299,5.821122198384283,5.617041829694844,5.721184687713873,368844000
2018-10-23,5.468371868133545,5.545798757805471,5.360765373271096,5.452787124542647,626436000
2018-10-24,4.932814598083496,5.47653488638788,4.918961911989338,5.430029305408423,884288000
2018-10-25,5.141348361968994,5.188596121781388,4.791071657561693,4.835351186645003,951720000
2018-10-26,4.905108451843262,5.06713578411587,4.777217888420696,4.90560292094189,664784000
2018-10-29,4.591690540313721,5.049573219640273,4.353967419109413,5.046110048303205,758016000
2018-10-30,5.021621227264404,5.031516274262997,4.591691532162264,4.614697091794364,807192000
2018-10-31,5.215312480926514,5.258849837672039,5.0466055184262295,5.186122753346794,745772000
2018-11-01,5.395397186279297,5.404797289971184,5.125268412199563,5.251674635167855,566528000
2018-11-02,5.316486835479736,5.491625191679545,5.199975165957487,5.385997978722489,452960000
2018-11-05,5.238564968109131,5.326629086762901,5.078021475818935,5.303375822452559,379332000
2018-11-06,5.220999717712402,5.314753024589751,5.183893781444759,5.230647053540495,299012000
2018-11-07,5.288532257080078,5.378080230359152,5.223968655265801,5.287542847094588,483812000
2018-11-08,5.095584392547607,5.2301536072223564,5.042151998909643,5.229411431666337,511352000
2018-11-09,5.087667942047119,5.1779581003272765,4.973135585180833,5.006777887356519,413240000
2018-11-12,4.688658714294434,5.018403505298805,4.666889809413798,4.9963873659009055,617116000
2018-11-13,4.9303412437438965,5.051552728895751,4.7801872674293575,4.786371907222003,644712000
2018-11-14,4.877898216247559,5.117600165361843,4.770044960377225,5.103252538582947,526580000
2018-11-15,5.006531238555908,5.078516139035172,4.836092709345151,4.871961542286755,840708000
2018-11-16,4.0675129890441895,4.221624597657671,3.9977541439452753,4.040054850732546,1963520000
2018-11-19,3.5794506072998047,4.002948570717526,3.5777190216361867,4.002206866994581,1697820000
2018-11-20,3.68779969215393,3.815937534069152,3.2976964670712143,3.3162492087978794,1692032000
2018-11-21,3.579697608947754,3.841662911722066,3.552486945159913,3.824841761239901,1025496000
2018-11-23,3.586872100830078,3.7004150650183,3.532203292433255,3.5450665692220227,411968000
2018-11-26,3.7860050201416016,3.7963945343158647,3.625461547776604,3.7078359574340167,814832000
2018-11-27,3.802826642990112,3.883964182068924,3.7241628654717807,3.7600314644551855,738060000
2018-11-28,3.9596590995788574,3.96485385679333,3.787983933272836,3.9203270967711465,804524000
2018-11-29,3.896516084671021,3.9990298066187497,3.866306758938176,3.9618872084978345,549172000
2018-11-30,4.046820640563965,4.05746803205743,3.855906969630096,3.9061734352238338,729564000
2018-12-03,4.210496425628662,4.325391352126382,4.143639451874544,4.273886762475256,890804000
2018-12-04,3.890326499938965,4.1708775498111645,3.8752215979376574,4.165925076470357,812112000
2018-12-06,3.919545412063599,3.924497649233,3.734327113448237,3.749926979330201,692308000
2018-12-07,3.655088901519776,3.933906845454352,3.6058130711508896,3.9237544176548105,681676000
2018-12-10,3.760326623916626,3.78508851645278,3.606555786067368,3.610270140791863,629472000
2018-12-11,3.6694514751434326,3.860117226516072,3.5904612668197795,3.8519458337980015,671912000
2018-12-12,3.6870315074920654,3.783107160682332,3.5860033817538723,3.675145762294553,654136000
2018-12-13,3.686784505844116,3.797965080222705,3.6508800174820255,3.733832059604428,471384000
2018-12-14,3.6263656616210938,3.72887940230389,3.602841885900385,3.6451844460507377,471820000
2018-12-17,3.5552995204925537,3.66846090207032,3.4973568521781546,3.5964042029375345,662868000
2018-12-18,3.638498783111572,3.722441218861957,3.571889530987454,3.599127424706862,564372000
2018-12-19,3.4297564029693604,3.658307868542155,3.3782518207392216,3.604822250015897,745364000
2018-12-20,3.3453195095062256,3.511223601928458,3.285643523188255,3.421338281378698,749588000
2018-12-21,3.208386182785034,3.404747300038811,3.180900571285864,3.371814015403391,863740000
2018-12-24,3.1467292308807373,3.21853843325472,3.0828437015886583,3.132119766766623,463840000
2018-12-26,3.295795440673828,3.2967858408120705,3.081853425117454,3.19278626959552,695100000
2018-12-27,3.248005151748657,3.277967000968328,3.0996819782329377,3.2435481147353684,637044000
2018-12-28,3.309413433074951,3.4020226708663244,3.2267091387514832,3.2685564858572427,628728000
2018-12-31,3.3057005405426025,3.385185710467524,3.274995771165083,3.3527478587170454,465140000
2019-01-02,3.373051881790161,3.42901350076281,3.220271688741212,3.234881152570605,508752000
2019-01-03,3.169262409210205,3.34680449917898,3.161833936081145,3.3128808158221736,705552000
2019-01-04,3.3723087310791016,3.410441726444384,3.211604651292414,3.2423091748023234,585620000
2019-01-07,3.5508415699005127,3.5877366873539573,3.378251727789185,3.429508826663818,709160000
2019-01-08,3.4624414443969727,3.6345360652495455,3.389889336575069,3.632307311197659,786016000
2019-01-09,3.5305371284484863,3.5778321572029506,3.4631849627780333,3.513698909920698,617260000
2019-01-10,3.596155405044556,3.604821995452635,3.450803695822795,3.5112225828985,523156000
2019-01-11,3.685298442840576,3.7080792986049738,3.546137071809889,3.573870164315988,874764000
2019-01-14,3.725164890289306,3.750421983358888,3.609527289244213,3.633051063973084,730168000
2019-01-15,3.711050748825073,3.797221699312551,3.692726929675172,3.757850342602089,617012000
2019-01-16,3.685545921325684,3.771221671354495,3.6800984845296334,3.73828862403452,470104000
2019-01-17,3.756860256195069,3.796726816295886,3.625375064987964,3.652613195956674,493436000
2019-01-18,3.88586950302124,3.91186951761545,3.755127220207688,3.806631813109256,651336000
2019-01-22,3.683812379837036,3.867297332883879,3.653603052745523,3.85565930568807,661552000
2019-01-23,3.696689128875733,3.827679121889104,3.665489396631053,3.739031926253848,591020000
2019-01-24,3.90840220451355,3.925982869100889,3.7764218261033498,3.7811265808391865,708972000
2019-01-25,3.965602159500122,3.983678262350289,3.746460406726317,3.848974150204566,1154572000
2019-01-28,3.4173762798309326,3.5072616022722207,3.2437962272716665,3.3812240707918275,2511528000
2019-01-29,3.258652925491333,3.419604771292612,3.244043459339637,3.371319099478762,1153932000
2019-01-30,3.4020233154296875,3.4163850611148643,3.255185759523989,3.3346711511975444,974228000
2019-01-31,3.559508800506592,3.595165806236764,3.377014216677439,3.3988046746644693,842852000
2019-02-01,3.58377456665039,3.6347839467533984,3.530536904544244,3.5780794122343567,625048000
2019-02-04,3.693964719772339,3.731107318687224,3.5775842144138106,3.599622150139392,528592000
2019-02-05,3.7130320072174072,3.7496794138921903,3.672175045281719,3.7058510150750936,542424000
2019-02-06,3.788555860519409,3.852936604217907,3.7407656209787006,3.746213058882221,702464000
2019-02-07,3.650383949279785,3.74447880436431,3.6075461943366216,3.7422502861292273,637120000
2019-02-08,3.6689565181732178,3.6796039123093145,3.568918762209237,3.583280511880436,461604000
2019-02-11,3.6263656616210938,3.6791081322542047,3.578079991863121,3.624879825182458,495180000
2019-02-12,3.743240833282471,3.758840933834801,3.6503840927126143,3.664746075053052,591060000
2019-02-13,3.78558349609375,3.8586308150604207,3.759088286791637,3.7727073505082047,605372000
2019-02-14,3.826441526412964,3.8546700618557206,3.7415084380694,3.7845941595733352,827264000
2019-02-15,3.896021604537964,4.057715889737594,3.873240746990673,4.034935268337227,1516748000
2019-02-19,3.87868857383728,3.959164619630992,3.866307861696968,3.8853743662023614,551892000
2019-02-20,3.9259824752807617,3.9930869169133465,3.896763785835085,3.9079063763054944,540988000
2019-02-21,3.857145309448242,3.9631256834479633,3.8425358444025264,3.938611744491741,448548000
2019-02-22,3.9418301582336426,3.9606491757765374,3.8952780505406968,3.908897113680459,401740000
2019-02-25,3.9294495582580566,4.092629657787869,3.9207827311990897,4.0252777306158025,656020000
2019-02-26,3.8900790214538574,3.9807072583100456,3.856650532784888,3.9247456285343,488464000
2019-02-27,3.848231315612793,3.902211903895296,3.791279054489746,3.875716927918622,500256000
2019-02-28,3.823691129684448,3.864342453060508,3.801382744713366,3.842033831699168,324944000
2019-03-01,3.877976179122925,3.9201144040319287,3.815264197623687,3.873514312294932,357188000
2019-03-04,3.886155843734741,3.939200642067719,3.829640599606062,3.916396307522011,409992000
2019-03-05,3.879710912704468,3.917883213973388,3.816255253406574,3.870539442896247,362924000
2019-03-06,3.768911600112915,3.8792150871425233,3.766185074620006,3.8707875372597664,403524000
2019-03-07,3.6997554302215576,3.755031286339472,3.653651045477072,3.745364104479161,450104000
2019-03-08,3.733961343765259,3.744619944571655,3.58920327157,3.610520473182792,422416000
2019-03-11,3.994228601455689,4.017032700084646,3.710413689817647,3.757509727569514,859728000
2019-03-12,4.028436183929443,4.074788076110104,3.9458941114497335,4.02199123748656,579576000
2019-03-13,4.179637908935547,4.208886955020743,4.058427830892932,4.065864197328034,768900000
2019-03-14,4.10378885269165,4.200707464275836,4.096104749050729,4.188809466845982,519384000
2019-03-15,4.209136009216309,4.251769956100465,4.143449274480799,4.146919484957192,661484000
2019-03-18,4.187817573547363,4.294403118729659,4.160799108934964,4.240614399309603,486992000
2019-03-19,4.355380535125732,4.399750057369177,4.265402805229695,4.282257909627242,854972000
2019-03-20,4.322907447814941,4.437672542463269,4.288204888700308,4.384379782575532,719148000
2019-03-21,4.559380054473877,4.585654840496225,4.34100407895674,4.34596165711653,824312000
2019-03-22,4.399749279022217,4.580696600692123,4.385868440404318,4.532113665529477,747644000
2019-03-25,4.307539939880371,4.423296473818147,4.241357755437834,4.359097603757411,525212000
2019-03-26,4.384132385253906,4.5050942228643125,4.327864886303869,4.449074933679083,703508000
2019-03-27,4.3749613761901855,4.456015819945909,4.305557190848552,4.409663941641556,474372000
2019-03-28,4.393552303314209,4.459238546118691,4.340507267685018,4.400988196292479,480264000
2019-03-29,4.450810432434082,4.475102369682448,4.4099116057171175,4.460229639257601,456896000
2019-04-01,4.518232822418213,4.548473288345791,4.470889045273274,4.542524289975378,483824000
2019-04-02,4.536077976226807,4.580447477190688,4.499393048921042,4.542275182545903,440920000
2019-04-03,4.675385475158691,4.73437952872218,4.580697894039862,4.58565547288333,783504000
2019-04-04,4.666460514068604,4.708846710366831,4.603748535573981,4.660015569360256,457376000
2019-04-05,4.7331390380859375,4.750490560887049,4.673154046983878,4.709591252026839,481744000
2019-04-08,4.753960609436035,4.778995762583968,4.678606940157051,4.70265067230615,424192000
2019-04-09,4.691248416900635,4.731651775718686,4.649109953215193,4.720497462602522,439972000
2019-04-10,4.761642932891846,4.7874217629055575,4.686042020097901,4.6905036497578685,444772000
2019-04-11,4.747762680053711,4.795602400034655,4.698436065190567,4.764122306002446,374600000
2019-04-12,4.7098388671875,4.790397851946734,4.701163342401816,4.786431695138717,471708000
2019-04-15,4.578217506408691,4.707111674658761,4.538557835067221,4.702154097545933,440092000
2019-04-16,4.665219306945801,4.684057715108147,4.584660834777788,4.617380075737566,394964000
2019-04-17,4.642416954040527,4.7209926145799885,4.6201083293303,4.700171357591933,351004000
2019-04-18,4.617878437042236,4.683069222789732,4.590116754088731,4.649110803145635,380988000
2019-04-22,4.671665668487549,4.687281610127979,4.562849551023288,4.59432917131352,279936000
2019-04-23,4.726198196411133,4.757430556442091,4.6751364719379405,4.684803417118198,346856000
2019-04-24,4.738592624664307,4.7792437242104535,4.675880633930108,4.736609309792808,318204000
2019-04-25,4.632997512817383,4.720744639511506,4.55343043540214,4.698436015926182,499296000
2019-04-26,4.414373874664307,4.483778541684182,4.295642587770011,4.479316438242559,868988000
2019-04-29,4.4451093673706055,4.472871039316649,4.350173621257163,4.422304799143129,391920000
2019-04-30,4.486503601074219,4.512034218704423,4.393798917320199,4.412885064497683,362920000
2019-05-01,4.473367691040039,4.580944659564607,4.473119481229608,4.538806198242796,354280000
2019-05-02,4.540790557861328,4.582433086262427,4.439906237665273,4.483036134303768,394684000
2019-05-03,4.536326885223389,4.559130981628011,4.474854068726424,4.54921630099399,336824000
2019-05-06,4.457999706268311,4.470145440261222,4.3129936366991535,4.350174522584887,422176000
2019-05-07,4.2909321784973145,4.409663436571097,4.242844728286668,4.409663436571097,555220000
2019-05-08,4.311009407043457,4.391072414475095,4.251519914220429,4.263417907341127,419168000
2019-05-09,4.2185540199279785,4.251769223608822,4.099823200114709,4.242102277915815,660248000
2019-05-10,4.184594631195068,4.253255601624408,4.065119682464196,4.187817103269643,569500000
2019-05-13,3.927550792694092,4.075779091969789,3.911686876259981,4.052726782997496,656912000
2019-05-14,4.016537666320801,4.05173571178523,3.928542552659729,3.967210571591715,524880000
2019-05-15,3.955559968948364,3.991997164948317,3.90177149084388,3.961013019664122,502320000
2019-05-16,3.970680713653565,4.013315124991478,3.9077212267914367,3.95010742830043,781088000
2019-05-17,3.879958868026733,4.057931913926064,3.84054717033936,3.928790009448616,1022068000
2019-05-20,3.7614760398864746,3.836333761267328,3.7366886241269976,3.7813058779379296,572064000
2019-05-21,3.8435213565826416,3.859385271984661,3.783536140697449,3.822204390166693,361848000
2019-05-22,3.772630214691162,3.83088033227777,3.761723638690469,3.804853759438106,325868000
2019-05-23,3.651667833328247,3.7104136568987673,3.5919303524941824,3.7104136568987673,591844000
2019-05-24,3.597879409790039,3.705704114217534,3.5911867278095704,3.670506072343846,357584000
2019-05-28,3.5527660846710205,3.6481973089986552,3.550783006705381,3.615478059102354,428356000
2019-05-29,3.478652238845825,3.5401245858320607,3.443949909219812,3.5051745191916663,559800000
2019-05-30,3.4521000385284424,3.5176132426818305,3.413883923885589,3.481878746174516,394300000
2019-05-31,3.361522674560547,3.470463243115982,3.35978558929862,3.4032129575069305,389720000
2019-06-03,3.319832801818848,3.4114022858816906,3.290550370638399,3.372689895169221,478644000
2019-06-04,3.5486323833465576,3.553843638882873,3.361770770092565,3.383856601174108,641836000
2019-06-05,3.5059492588043213,3.6277939409728304,3.469718492849625,3.6223344294385313,511616000
2019-06-06,3.567988634109497,3.592556083458452,3.507686691465688,3.510168309378134,408140000
2019-06-07,3.6106715202331534,3.64491694860971,3.554836299699504,3.573944473908411,348856000
2019-06-10,3.6833808422088623,3.751871926796755,3.666754288090536,3.666754288090536,402780000
2019-06-11,3.7409534454345694,3.7809066430594696,3.701496760735297,3.743186806959417,383872000
2019-06-12,3.628041982650757,3.7037296653156537,3.612904493449794,3.6975256211119234,358892000
2019-06-13,3.6791625022888175,3.697525906565327,3.632508985583392,3.650128093826062,308080000
2019-06-14,3.589329481124878,3.610422757405874,3.5446615476228303,3.5861035675727653,394428000
2019-06-17,3.599008560180664,3.635983866666024,3.5647628917155174,3.587593258472236,276040000
2019-06-18,3.7938108444213854,3.8491495539651006,3.649384035379205,3.6603028234074393,581920000
2019-06-19,3.799767017364502,3.840464515944336,3.773710498685587,3.829049450486631,331644000
2019-06-20,3.824085235595703,3.9042396397667134,3.8096922792094254,3.890342959578572,350168000
2019-06-21,3.766017198562622,3.858331447746775,3.759565133744916,3.809196547210423,434428000
2019-06-24,3.788350820541382,3.81788150318179,3.740208478474541,3.7873582681255984,282948000
2019-06-25,3.759069442749024,3.8682582853812937,3.7563398045142713,3.7933151139057424,311868000
2019-06-26,3.9521334171295166,4.013180117954762,3.8734680843302254,3.886372211118637,584072000
2019-06-27,4.050652503967285,4.069760442698096,4.001765621336326,4.037748373830597,445440000
2019-06-28,4.075468063354492,4.103757940700078,4.028814780708891,4.09457600138995,397668000
2019-07-01,4.123610019683838,4.316675433416628,4.086138206588349,4.282429770761454,709756000
2019-07-02,4.025837421417236,4.12807792581039,4.012685269424141,4.106984405330587,400228000
2019-07-03,4.038741111755371,4.054871393496555,3.978935674716614,4.049163624268675,246636000
2019-07-05,3.976205587387085,3.984891013500101,3.912925513340568,3.980424290544868,396552000
2019-07-08,3.901261568069458,3.935507227440591,3.871234847840361,3.916647312810696,329788000
2019-07-09,3.903743982315064,3.931785603565076,3.8464199307929854,3.859075804161712,342860000
2019-07-10,3.9719862937927246,4.029310097617436,3.9332739117349313,3.947170591450013,452076000
2019-07-11,4.126339912414551,4.1670374051469015,4.0077211313339385,4.044944453629627,682560000
2019-07-12,4.159345626831055,4.230318592995096,4.154134369803797,4.154134369803797,506392000
2019-07-15,4.150907039642334,4.196567767290937,4.122617637138921,4.180437961065009,289840000
2019-07-16,4.146191596984863,4.173240422642708,4.090604407209669,4.136017107399391,341444000
2019-07-17,4.211458206176758,4.218406548113821,4.118647669365643,4.147930102763352,348204000
2019-07-18,4.22312068939209,4.285904251028314,4.165300363666134,4.221880117074637,442192000
2019-07-19,4.1799421310424805,4.267789430326389,4.173986341826597,4.2613376014460185,344896000
2019-07-22,4.251410484313965,4.264314613440293,4.193838179494945,4.201283033217133,315940000
2019-07-23,4.359109878540039,4.361094983373158,4.274984789744258,4.290619028595652,428176000
2019-07-24,4.433557033538818,4.439264802250148,4.32635378692082,4.402289498828608,366236000
2019-07-25,4.3025312423706055,4.4047717408104745,4.279204597934952,4.392115629259536,392700000
2019-07-26,4.34446907043457,4.391122351603324,4.329579836157786,4.329579836157786,274160000
2019-07-29,4.338265895843506,4.3543961781025615,4.2501705763030255,4.33727334318946,248160000
2019-07-30,4.353899002075195,4.366058598546031,4.277466779509722,4.291859974102234,197772000
2019-07-31,4.186890125274658,4.323376279602597,4.144703564601696,4.322383253715491,359416000
2019-08-01,4.092589855194092,4.287640342732247,4.040476836852374,4.197311458041356,421212000
2019-08-02,4.000027656555176,4.0692635084058,3.952630086530197,4.000027656555176,428348000
2019-08-05,3.7419471740722656,3.81788290494205,3.695045623634994,3.816642095636705,589156000
2019-08-06,3.780658006668091,3.862053222534789,3.7330121767256927,3.816640753892801,361272000
2019-08-07,3.81887459754944,3.830786174869618,3.70248940884896,3.719860261890786,372560000
2019-08-08,3.9273180961608887,3.92855890493516,3.819122079641176,3.8764461197161166,309300000
2019-08-09,3.82607102394104,3.889847137722322,3.775695315714958,3.8863729672694967,341816000
2019-08-12,3.758324146270752,3.826070701043557,3.736486336224464,3.7739579119890703,279200000
2019-08-13,3.8724753856658936,3.918384363065381,3.717874353669195,3.7568347546928096,351956000
2019-08-14,3.724079132080078,3.795548125882616,3.6804037410496977,3.784381080809711,419880000
2019-08-15,3.691818237304688,3.7627909438749896,3.657572811239916,3.742938474949885,477200000
2019-08-16,3.9595794677734375,4.008714135678641,3.893073472406718,3.9543682115310657,1007960000
2019-08-19,4.238009929656982,4.253892189927733,4.056608058764237,4.072738338834775,815112000
2019-08-20,4.165797233581543,4.233047523972064,4.144703715815369,4.232551011010396,463188000
2019-08-21,4.249175548553467,4.304266218122453,4.210215153644607,4.231804701990286,427244000
2019-08-22,4.2553815841674805,4.301290336647535,4.216172680040969,4.25885575491386,303488000
2019-08-23,4.031047821044922,4.233295188189043,4.011195350690422,4.178949032844092,568056000
2019-08-26,4.10574197769165,4.133783827937213,4.067526111562413,4.109712660140971,318208000
2019-08-27,4.015164852142334,4.14668725202946,3.985882431490318,4.143957615073779,290968000
2019-08-28,4.004731178283691,4.057392299466235,3.9495859838448872,3.98883367798986,255612000
2019-08-29,4.148308277130127,4.180600287309241,4.092666069177233,4.096143677562501,357976000
2019-08-30,4.160977363586426,4.244192191922564,4.142844048140882,4.194511654964686,290616000
2019-09-03,4.078010559082031,4.1212324007118895,4.055157838265876,4.088195119488883,296140000
2019-09-04,4.1920270919799805,4.1994793137914055,4.138620686803086,4.138620686803086,227728000
2019-09-05,4.4647722244262695,4.470982171942408,4.292381390258854,4.294120194514918,695676000
2019-09-06,4.437696933746338,4.498306828145142,4.399691498658127,4.441422808154607,376976000
2019-09-09,4.483651161193848,4.570095333288617,4.467256650349984,4.468747189641803,417524000
2019-09-10,4.550225257873535,4.5768038690510044,4.441176577271019,4.450864139443391,352812000
2019-09-11,4.578789234161377,4.626979230477164,4.535815651439235,4.564878797911657,361512000
2019-09-12,4.577299118041992,4.679889068655952,4.569350364277171,4.625240853510472,327840000
2019-09-13,4.519420623779297,4.547738497384656,4.475701776434779,4.510726602118263,324592000
2019-09-16,4.476447105407715,4.5109749272595625,4.433970531330053,4.444403357461807,231832000
2019-09-17,4.497809410095215,4.502032288026082,4.436702523397849,4.483153706848775,223048000
2019-09-18,4.470733642578125,4.506503737913489,4.384289956200634,4.49085449887501,258152000
2019-09-19,4.395218372344971,4.495075930790956,4.384536810716017,4.476693884746151,245476000
2019-09-20,4.2896504402160645,4.4178259541330585,4.2794663492857685,4.394227953809017,350244000
2019-09-23,4.343056678771973,4.388514346249962,4.286172646537439,4.289898995536494,249712000
2019-09-24,4.285675525665283,4.403914718861197,4.250154162024822,4.374355039009405,317268000
2019-09-25,4.427264213562012,4.4468880685788506,4.240465903650763,4.28517829278737,308432000
2019-09-26,4.405157089233398,4.42627148742333,4.354234742031431,4.417577462812419,234564000
2019-09-27,4.266549110412598,4.414099733250128,4.205938731326209,4.363425652757466,362056000
2019-09-30,4.323929786682129,4.33411435087586,4.261084070387128,4.2923830327616175,186184000
2019-10-01,4.322190284729004,4.496071696407756,4.3174708751842825,4.347030554081502,366008000
2019-10-02,4.298343658447266,4.312254094391925,4.226058665558821,4.30033072821402,293372000
2019-10-03,4.503772735595703,4.509982685246314,4.272510742473027,4.302815694750589,450588000
2019-10-04,4.520166397094727,4.549477808758311,4.440926184733962,4.506007221819678,265524000
2019-10-07,4.578789234161377,4.678398096787563,4.576305160004113,4.584999182660187,480984000
2019-10-08,4.402424812316895,4.487129724048681,4.384291493041404,4.487129724048681,444436000
2019-10-09,4.488868713378906,4.538300997521796,4.450366737622319,4.479181153102585,292412000
2019-10-10,4.546497344970703,4.597419687455007,4.481416299085726,4.486632713369001,309124000
2019-10-11,4.62002420425415,4.703238559929826,4.611578446526381,4.630457031874789,446404000
2019-10-14,4.633437633514404,4.654303288741271,4.580279486712769,4.611329704263812,200040000
2019-10-15,4.877864837646484,4.950398575300106,4.709696845354287,4.723607756181353,664124000
2019-10-16,4.824210643768311,4.9486602675172895,4.812784279880855,4.843834501041377,428944000
2019-10-17,4.826197624206543,4.913634858641434,4.771797203408737,4.868674204295252,263436000
2019-10-18,4.731804847717285,4.859235065815484,4.657532778080499,4.826694307935425,307440000
2019-10-21,4.868921756744385,4.8823356610131095,4.77428057868226,4.793159161244128,261868000
2019-10-22,4.8589863777160645,5.030880232247028,4.851285890080237,4.925806218529679,328720000
2019-10-23,4.846070766448975,4.860229471534852,4.745219604513323,4.777015098409995,279916000
2019-10-24,4.890037536621094,4.923571359238547,4.853273895856996,4.887304722909807,232020000
2019-10-25,5.080810546875,5.101676207157545,4.962819596834486,4.970520086765736,423092000
2019-10-28,5.13670015335083,5.18911256029062,5.095216631561461,5.124528046514247,330792000
2019-10-29,5.040569305419922,5.129248835642239,5.021194184760677,5.122790146229932,211236000
2019-10-30,5.042555809020996,5.073109500042547,4.974493681436007,5.067396081111445,205960000
2019-10-31,4.993371486663818,5.0425550187031005,4.9136347421803634,5.021689363981352,209732000
2019-11-01,5.032371997833252,5.064664021687049,4.933010903968749,4.958099442770782,283640000
2019-11-04,5.228857040405273,5.241277413110653,5.090249187050157,5.1133501800834935,376716000
2019-11-05,5.2067484855651855,5.254689740121096,5.158806757220602,5.228607673617465,300868000
2019-11-06,5.157566547393799,5.208240156857396,5.070128820646721,5.182655086783872,269012000
2019-11-07,5.175201416015625,5.2586645050238925,5.130489029983029,5.244008799548261,280340000
2019-11-08,5.161293029785156,5.19284026208148,5.120803506246649,5.158312423967387,189100000
2019-11-11,5.171226978302002,5.194327965803184,5.074349989554942,5.160545412954487,243436000
2019-11-12,5.2067484855651855,5.262638966493447,5.17445599712278,5.209480824848137,283504000
2019-11-13,5.180914878845215,5.203022332992698,5.11459156882538,5.175449726285449,300188000
2019-11-14,5.211220264434815,5.213456073459919,5.129992976686992,5.189857604309165,518080000
2019-11-15,5.072115421295166,5.260652066558472,4.983932441136792,5.208984457760898,1053628000
2019-11-18,5.2730712890625,5.2996498835559365,5.061681490379088,5.064662094642309,574588000
2019-11-19,5.166507720947266,5.26562005658897,5.108381899695247,5.242022061927123,414564000
2019-11-20,5.245748519897461,5.329459888793397,5.130986930145402,5.143655568076796,472588000
2019-11-21,5.220906734466553,5.296917592435317,5.19929581354972,5.241275855376303,288388000
2019-11-22,5.23854398727417,5.289962850869842,5.214945520920422,5.243511661537723,224100000
2019-11-25,5.494895458221436,5.499863607178879,5.353554794766883,5.366471697782979,506476000
2019-11-26,5.390317916870117,5.481978029538474,5.383859229087012,5.477258146344863,385244000
2019-11-27,5.425119876861572,5.470113709339363,5.398770112423443,5.435809325871139,215784000
2019-11-29,5.387831687927246,5.422633439116357,5.363967359032828,5.39429514122711,141556000
2019-12-02,5.20164155960083,5.394295337032082,5.186478142091579,5.380871533007133,372036000
2019-12-03,5.162117004394531,5.166094076664347,4.980898491762538,5.018186152052847,465232000
2019-12-04,5.205867767333984,5.268014027333972,5.17728054463059,5.245641335802909,273424000
2019-12-05,5.188964366912842,5.243404457640698,5.15838813326808,5.227743668078507,184884000
2019-12-06,5.274228096008301,5.307041784962979,5.248126782890336,5.258070411204777,232236000
2019-12-09,5.274228096008301,5.328917103461136,5.242658071800371,5.251358509506359,211880000
2019-12-10,5.319222450256348,5.370928180069909,5.251607009810298,5.304307007637459,256388000
2019-12-11,5.40274715423584,5.408216340025426,5.327177562670897,5.329663470004647,233796000
2019-12-12,5.57004451751709,5.588191212847948,5.364962157672717,5.373911044033196,404348000
2019-12-13,5.568056583404541,5.692100660056325,5.514113388523606,5.573028398203756,454704000
2019-12-16,5.596892356872559,5.669230698851014,5.58744609823879,5.6155364256371545,320976000
2019-12-17,5.674948215484619,5.697569356379753,5.606090050531391,5.615536308968904,321196000
2019-12-18,5.70527458190918,5.765680746547363,5.701297035911866,5.709749024819734,343548000
2019-12-19,5.853183746337891,5.86660755208629,5.734857298669903,5.739829113698079,445360000
2019-12-20,5.950380802154541,5.975736300649015,5.900415150709161,5.919556117371874,603044000
2019-12-23,5.936707019805908,6.011033882420966,5.9260180467716665,5.978966489179975,355060000
2019-12-24,5.931735515594482,5.948887942345335,5.886990136964135,5.92129499046584,138864000
2019-12-26,5.945907115936279,5.973996974085375,5.916325144094739,5.935217664650557,182852000
2019-12-27,5.888234615325928,5.974493664872303,5.861884374139636,5.961069858692072,254644000
2019-12-30,5.77512788772583,5.871579007150527,5.743806308417609,5.86635874393249,258056000
2019-12-31,5.84920597076416,5.858652228527245,5.720687459973178,5.73982842397939,231004000
2020-01-02,5.963802814483643,5.963802814483643,5.884504609303141,5.9349671466123946,237536000
2020-01-03,5.868347644805908,5.912098763641108,5.819376262428301,5.844234863451447,205384000
2020-01-06,5.892956256866455,5.898176519464269,5.74902588859055,5.775127201579622,262636000
2020-01-07,5.964300632476807,6.010040281790685,5.876301509096684,5.921295338837738,314856000
2020-01-08,5.975486755371094,6.01675195985036,5.920052401950536,5.960074415808599,277108000
2020-01-09,6.04111385345459,6.113452193523961,5.987419581657777,6.061746457974927,255112000
2020-01-10,6.073431015014648,6.178582596612345,6.059261861441797,6.148255278650215,316296000
2020-01-13,6.2638468742370605,6.288953925752314,6.1338366982954335,6.156458316236707,319840000
2020-01-14,6.147010803222656,6.246444720752033,6.133835447619546,6.221088751738677,359088000
2020-01-15,6.104503154754639,6.182061762177155,6.0786502856138,6.15968906872303,263104000
2020-01-16,6.188027858734131,6.193993941944004,6.134582032493706,6.157948994174717,284192000
2020-01-17,6.196727752685547,6.2146260007402,6.149248013832999,6.207168278849511,253792000
2020-01-21,6.163417339324951,6.196976374999237,6.129360932560053,6.160185612581765,217916000
2020-01-22,6.217360019683838,6.303867502720389,6.189767066563044,6.208659581685237,239240000
2020-01-23,6.285722255706787,6.294174247178423,6.168638988455904,6.257383950631239,244516000
2020-01-24,6.226558208465576,6.450782022304533,6.172366566956607,6.40106482430508,373512000
2020-01-27,5.971012115478516,6.021972024087734,5.772889640468227,5.922289191292471,470536000
2020-01-28,6.164164066314697,6.196479916088812,5.98369087701763,6.036888255320021,310976000
2020-01-29,6.103756427764893,6.18578946048405,6.0639823907408665,6.149744520950623,258848000
2020-01-30,6.11046838760376,6.123892191463495,5.9511256737179945,6.006062657393327,290504000
2020-01-31,5.877296447753906,6.076661675944388,5.835534340017212,6.064729509694369,370420000
2020-02-03,5.974244117736816,5.993633529611149,5.852934409802068,5.859148940575211,255564000
2020-02-04,6.143281936645508,6.162423375434906,6.065972258437693,6.11593790463185,271544000
2020-02-05,6.233519554138184,6.274287397486679,6.1502433053192345,6.264095318114952,208220000
2020-02-06,6.320274829864502,6.320274829864502,6.1867849664456935,6.26782374742976,218284000
2020-02-07,6.254150867462158,6.302376423964702,6.2287948985436135,6.280252181815087,189752000
2020-02-10,6.5370402336120605,6.537785578987231,6.271799693919792,6.27677150791727,529608000
2020-02-11,6.659343719482422,6.7739415190338645,6.583276767151044,6.645174571161196,638556000
2020-02-12,6.774935245513916,6.781398698012812,6.673263885981317,6.712043178559974,374644000
2020-02-13,6.731185436248779,6.7983035102749065,6.689671780436804,6.717016286330041,528016000
2020-02-14,7.2037434577941895,7.332510377673384,7.109529831603125,7.140851399486076,1041924000
2020-02-18,7.372287273406982,7.39068289468149,7.081194275806796,7.100583691147785,620164000
2020-02-19,7.822969913482666,7.840619710509699,7.494589335264522,7.494589335264522,694332000
2020-02-20,7.673820972442627,7.863242571008195,7.366818273153727,7.774994988942748,810052000
2020-02-21,7.310140132904053,7.5868154972700355,7.225372733301837,7.561708450077723,768180000
2020-02-24,6.793330669403076,7.0068654729747095,6.662077819566246,6.716517900503646,856916000
2020-02-25,6.514171123504639,6.930302438174281,6.412499740881943,6.868404625054031,1055496000
2020-02-26,6.653379440307617,6.847275971235997,6.512929213052933,6.514420378343546,747732000
2020-02-27,6.28301477432251,6.641191518128375,6.190734478134659,6.3402234247130185,906416000
2020-02-28,6.717550754547119,6.776998186127318,6.01413209974548,6.030797116537449,1133252000
2020-03-02,6.875746726989746,6.90460012185315,6.491950746144979,6.887437432968634,890744000
2020-03-03,6.613581657409668,6.991159391430268,6.528265881212004,6.931463350129404,652792000
2020-03-04,7.076723575592041,7.086175484127031,6.646165254678037,6.720785660126154,597408000
2020-03-05,6.797643661499023,7.044138573937588,6.753120114977706,6.877486969671298,540328000
2020-03-06,6.617311477661133,6.675764049860248,6.417329367295338,6.618306340364054,515412000
2020-03-09,6.104921817779541,6.45215413856938,5.924341142174752,5.967123096403663,614160000
2020-03-10,6.493940353393555,6.493940353393555,6.118601425283802,6.381015119188688,580648000
2020-03-11,6.130538940429688,6.382506283374491,6.033532955638366,6.354150563740544,499964000
2020-03-12,5.380358695983887,5.873099896236231,5.367673129494751,5.607949780649273,816540000
2020-03-13,5.990501880645752,5.994978999609034,5.462440477167129,5.733311155875088,634836000
2020-03-16,4.8851318359375,5.62387154912085,4.82543577896486,5.283354620684887,726972000
2020-03-17,5.404237747192383,5.493533447583742,4.7508144907275,4.997309431523579,833632000
2020-03-18,5.044816970825195,5.221915344621923,4.494120840313374,4.977161561552436,874268000
2020-03-19,5.297281742095947,5.39080547512759,4.810261119944137,5.023425510217554,765512000
2020-03-20,5.1176958084106445,5.728834186154782,5.102274251473931,5.447267659587445,804636000
2020-03-23,5.290317535400391,5.384588022377328,4.93786188180685,5.116701401410118,643876000
2020-03-24,6.197946548461914,6.284506249716404,5.672372465033583,5.6960019972439735,1101644000
2020-03-25,6.109397888183594,6.512346261387869,6.060645815672692,6.312861800383095,793432000
2020-03-26,6.398426532745361,6.52229572585307,6.218343085472186,6.316343948572078,696108000
2020-03-27,6.286245822906494,6.544679979633671,6.185508522132762,6.21834135690648,638828000
2020-03-30,6.606119632720947,6.615322944620109,6.307638944638565,6.351664829525948,602252000
2020-03-31,6.556620597839356,6.850126444851135,6.411111134109462,6.646164408789707,949960000
2020-04-01,6.045971393585205,6.505134088120485,6.001448311788234,6.3588787983461525,656912000
2020-04-02,6.354400634765625,6.367583396823031,6.0270670594457165,6.075072390870584,675764000
2020-04-03,6.06686544418335,6.3583811622855135,5.929564394605599,6.316842669101764,663212000
2020-04-06,6.6760125160217285,6.712825281839305,6.291221263715193,6.348678972084709,727884000
2020-04-07,6.442950248718262,6.921016732850142,6.399919226785023,6.897386723143072,784520000
2020-04-08,6.639946460723877,6.664819927163349,6.482000494418423,6.551894702646605,542444000
2020-04-09,6.54045295715332,6.788440402780712,6.477523263677439,6.765557136655976,525564000
2020-04-13,6.712079048156738,6.7207846897053765,6.392456281522787,6.4807566311857645,398408000
2020-04-14,7.0627946853637695,7.096870991524128,6.812568413023532,6.840177873439645,530948000
2020-04-15,6.985437393188477,7.068265763838534,6.849628905717081,6.894898243400246,366148000
2020-04-16,7.3301825523376465,7.437138127768252,7.127464912267185,7.140647674170319,745620000
2020-04-17,7.270983695983887,7.433655370807423,7.137164937154515,7.412264162275912,539120000
2020-04-20,7.139902591705322,7.300335981438054,7.09562810748743,7.144628783659917,449388000
2020-04-21,6.703623294830322,7.0831907627234285,6.643927252246773,7.0220026630312224,735160000
2020-04-22,7.117515563964844,7.160297985277611,6.850127091236819,6.895645029430527,483356000
2020-04-23,7.064286708831787,7.291380639717549,7.039164642874313,7.159552061322838,424160000
2020-04-24,7.203079700469971,7.205069426004072,6.979468044624654,7.054088445216467,352328000
2020-04-27,7.389380931854248,7.549068019332365,7.312770810511695,7.33739567875183,479388000
2020-04-28,7.247105121612549,7.566479296297554,7.241633139529117,7.53663104306545,442904000
2020-04-29,7.423706531524658,7.47643805187387,7.306552786236492,7.381670378607925,379160000
2020-04-30,7.269988536834717,7.423705966666164,7.256059510755734,7.369730516188236,375916000
2020-05-01,7.033692359924316,7.1859172806554765,6.985437955761158,7.072743452911202,342096000
2020-05-04,7.245365142822266,7.259045574623268,6.98643322473106,6.98643322473106,317556000
2020-05-05,7.306304454803467,7.468727544198242,7.24536448443354,7.349335472020096,368896000
2020-05-06,7.407042026519775,7.5117592899465135,7.347843653286045,7.385651288802493,323464000
2020-05-07,7.583144664764404,7.646322956404003,7.494844309602577,7.546083299397135,373732000
2020-05-08,7.772928714752197,7.779146962839616,7.620952397339861,7.6547801034035805,339216000
2020-05-11,8.024648666381836,8.071410544031213,7.739350734221137,7.76795505913149,469060000
2020-05-12,7.762979507446289,8.131105315022058,7.753279002014851,8.08235371634575,493060000
2020-05-13,7.740593433380127,8.037581075925017,7.556281469377941,7.877396787105867,625852000
2020-05-14,7.989824771881103,7.99529675418394,7.648561706335305,7.802030552114325,602312000
2020-05-15,8.447744369506836,8.457444400932566,7.834117990428447,7.849788147818248,987660000
2020-05-18,8.705930709838867,8.871338897702698,8.636534153708487,8.716128885688486,774460000
2020-05-19,8.76090145111084,9.04147275214664,8.718367616889669,8.745728485196754,717320000
2020-05-20,8.924568176269531,8.997198393542552,8.843729509049695,8.945461722429382,587536000
2020-05-21,8.730803489685059,9.006648548506421,8.69324445182905,9.005654160074906,761068000
2020-05-22,8.980531692504883,9.046944125761256,8.669117319003607,8.780549550249997,1038764000
2020-05-26,8.673593521118164,9.135244023656483,8.628075582392123,9.110370081279614,770780000
2020-05-27,8.48206901550293,8.589023642130156,7.956245377477276,8.581313337076326,1175892000
2020-05-28,8.444012641906738,8.716126818247057,8.336807522343962,8.36964036521895,734896000
2020-05-29,8.830544471740723,8.830544471740723,8.442022323211523,8.511170268712194,745256000
2020-06-01,8.761649131774902,8.795974523136444,8.645490663843916,8.788512811568909,389876000
2020-06-02,8.780548095703125,8.792487396907989,8.614145567728748,8.7516956542315,391320000
2020-06-03,8.725080490112305,8.821340689895296,8.65593255202078,8.777563885189648,365440000
2020-06-04,8.72607707977295,8.902011297144291,8.637486770862257,8.687753825722185,424280000
2020-06-05,8.878870010375977,8.955514629700385,8.667847647401274,8.753948963501875,481748000
2020-06-08,8.764400482177734,8.84875892563933,8.645700047300858,8.836316752947287,387736000
2020-06-09,9.004287719726562,9.067744029316774,8.710897571535652,8.759422705552621,468488000
2020-06-10,9.323558807373049,9.456194614625154,9.111291963518877,9.125477007268064,632180000
2020-06-11,8.755690574645996,9.218545648596468,8.745487746566454,9.107808701556005,583652000
2020-06-12,8.891311645507812,9.14488723008976,8.663118775221182,9.120251596693144,570908000
2020-06-15,9.131451606750488,9.139912513683829,8.703433946550925,8.774605049032699,400004000
2020-06-16,9.02668571472168,9.22402237287278,8.797995385566145,9.182464923079202,535716000
2020-06-17,9.19341278076172,9.256122013797048,9.028426554300834,9.071726871522657,408304000
2020-06-18,9.175494194030762,9.239696626119995,9.072471090667309,9.184452518393517,254408000
2020-06-19,9.218546867370604,9.40144976678961,9.18470419227258,9.199884081125418,524160000
2020-06-22,9.48282241821289,9.487302056324824,9.230491304611464,9.257118524157914,398468000
2020-06-23,9.40642547607422,9.598037964663789,9.364121900954425,9.506959593896608,375108000
2020-06-24,9.192915916442873,9.512435900600783,9.102334958406512,9.432555192603576,449372000
2020-06-25,9.446244239807127,9.461175421063732,9.139913432996474,9.312613537494626,376072000
2020-06-26,9.112787246704102,9.456196763382406,9.082925838512049,9.456196763382406,592084000
2020-06-29,9.15757656097412,9.162056197776709,8.858959737939557,9.12746645295521,342248000
2020-06-30,9.45395565032959,9.482323840413832,9.223772146240533,9.271052779473228,367892000
2020-07-01,9.486054420471191,9.531594070429003,9.369594310080467,9.4768473859947,326648000
2020-07-02,9.567925453186035,9.692597752403852,9.534081842150709,9.594551713870706,364056000
2020-07-06,9.793882369995115,9.863061885989405,9.667716802013167,9.696832079128551,315892000
2020-07-07,9.8262300491333,10.023565712221714,9.805326973795571,9.900386604188158,357800000
2020-07-08,10.16889190673828,10.177851180830768,9.91954727786294,9.947666754146862,365480000
2020-07-09,10.460541725158691,10.521260318665224,10.186311788352295,10.332385556783915,494548000
2020-07-10,10.43092918395996,10.606117275097947,10.330892492239586,10.539924201198591,497676000
2020-07-13,10.005897521972656,10.742485046509769,9.978772887106151,10.5461451797052,457076000
2020-07-14,10.32914924621582,10.354780666830044,9.740376500694476,10.028541788495506,542676000
2020-07-15,10.180091857910156,10.38489265076302,10.009382445924082,10.366229867151484,403984000
2020-07-16,10.088018417358398,10.159685972931204,9.84987143136345,9.968820569091442,344964000
2020-07-17,10.154458999633787,10.201242205886482,10.041234014835991,10.178348498417453,266284000
2020-07-20,10.462284088134766,10.482689743606027,10.109916313278465,10.226874817153762,284852000
2020-07-21,10.280876159667969,10.511309360060425,10.239318710124904,10.464525191224924,277036000
2020-07-22,10.390615463256836,10.553610081158393,10.24404428269113,10.319694046760755,367292000
2020-07-23,10.083043098449709,10.498368886085728,9.984997020400378,10.401816020804675,411660000
2020-07-24,10.14749240875244,10.3169573132017,9.731917986447955,9.829465676237367,473292000
2020-07-27,10.373445510864258,10.393601505544966,10.170634417210804,10.18506817123144,292132000
2020-07-28,10.1683931350708,10.334125444616538,10.162172525266843,10.326411622662173,271636000
2020-07-29,10.417243957519531,10.467759731459614,10.299290598378333,10.342838679361162,284508000
2020-07-30,10.565057754516602,10.574016079653706,10.247777173412944,10.32715949631909,308880000
2020-07-31,10.565804481506348,10.71685531257527,10.384892248538662,10.514541633004042,386080000
2020-08-03,10.959481239318848,11.047573183866636,10.665841424159556,10.68301194424038,412720000
2020-08-04,11.17597770690918,11.17597770690918,10.855711635123344,10.999047691929793,310336000
2020-08-05,11.23470687866211,11.31931498345862,11.114762888879284,11.192154590342838,249924000
2020-08-06,11.283231735229492,11.305628025623456,11.127204783408471,11.297415830981054,244316000
2020-08-07,11.147859573364258,11.45170224316212,10.986606845979392,11.260338450705651,342516000
2020-08-10,11.113517761230469,11.35564602075613,10.806439976810289,11.281987829661926,427796000
2020-08-11,10.799967765808104,11.08539531581935,10.745967215021588,11.022685151886076,354512000
2020-08-12,11.38750171661377,11.414127990470469,10.907723771766896,10.94007418663953,464412000
2020-08-13,11.390236854553224,11.6677019727211,11.303389402079686,11.49276161637444,374460000
2020-08-14,11.510679244995115,11.65078018715928,11.387748824908543,11.47683562197929,366436000
2020-08-17,12.28011417388916,12.352528815873692,11.762761090180328,11.79660376231853,621300000
2020-08-18,12.20421314239502,12.438378830260149,12.030518281471831,12.39259046666804,503448000
2020-08-19,12.08253002166748,12.25821555613678,12.042216127810237,12.239801481703257,622624000
2020-08-20,12.085016250610352,12.31793745479944,11.823975568616628,11.91978228041564,921388000
2020-08-21,12.625015258789062,12.749687580406652,12.139015904821967,12.14548617561358,999868000
2020-08-24,12.66159725189209,12.85296104070654,12.449827806001334,12.824343188832731,490564000
2020-08-25,12.69120979309082,12.702407463725915,12.515772025592227,12.572509358263392,289076000
2020-08-26,12.714102745056152,12.809162381604702,12.619291819047708,12.74023159092039,321244000
2020-08-27,12.57002067565918,12.790748434338262,12.508554997682598,12.722563774605414,317604000
2020-08-28,13.087124824523926,13.087373535062817,12.584204585857163,12.616554992173452,537160000
2020-08-31,13.31282901763916,13.5124040273609,12.977631777675004,13.121962673479883,500840000
2020-09-01,13.76138687133789,13.933391281331938,13.378544809007552,13.421857130089242,511316000
2020-09-02,14.284621238708496,14.66323112605834,13.840046302454017,14.640329615319995,874012000
2020-09-03,12.95936107635498,13.824612353112618,12.823200691803295,13.76910292266537,945128000
2020-09-04,12.568058967590332,13.118175780595289,11.654266910490898,12.728612652963124,1463684000
2020-09-08,11.861616134643556,12.495868665952957,11.653766757408798,11.68388587841254,795728000
2020-09-09,12.660155296325684,12.753998485090438,12.178989130595118,12.346513484942513,736200000
2020-09-10,12.258648872375488,13.008898952923689,12.114522597887174,12.933226534148584,698684000
2020-09-11,12.112032890319824,12.597927988274872,11.844441860177024,12.43164846707984,636928000
2020-09-14,12.816728591918944,13.257568885233198,12.576768855905764,13.024578926203295,1201744000
2020-09-15,12.934966087341309,13.241388418414578,12.7724202640412,13.222719102887629,727556000
2020-09-16,12.460521697998049,13.036277502029264,12.459775343133906,12.901361990824537,556384000
2020-09-17,12.40974235534668,12.53544807871845,11.98284160527824,12.079920915572131,792512000
2020-09-18,12.136673927307127,12.578011754525583,11.937039210189646,12.539429199310243,698460000
2020-09-21,12.463257789611816,12.468485121319263,11.853150790154553,11.873562547172416,721044000
2020-09-22,12.583242416381836,12.59344829876963,12.103073121959817,12.520763197052464,646452000
2020-09-23,12.07145881652832,12.67210744174115,12.027151349496169,12.521260177157716,647012000
2020-09-24,12.2947416305542,12.51528667777394,11.96218256477668,12.020181753118116,731240000
2020-09-25,12.818224906921388,12.827933219542732,12.19293417895592,12.39381382831484,588016000
2020-09-28,12.97877597808838,12.995454064553032,12.695005420616106,12.984003310472112,573808000
2020-09-29,13.168704986572266,13.384769035049606,12.877467046243323,12.881698289843444,621460000
2020-09-30,13.472140312194824,13.563743503042677,13.093530438991555,13.100749000983756,689184000
2020-10-01,13.555777549743652,13.70338774088516,13.40269029134298,13.698658927613552,525004000
2020-10-02,13.00590991973877,13.461187347792777,12.9947079495707,13.167958188027503,552496000
2020-10-05,13.58365535736084,13.585397801441708,13.165715663762136,13.178908861614774,479820000
2020-10-06,13.677250862121582,14.081002250444271,13.606059434041684,13.77034771021102,784420000
2020-10-07,13.903770446777344,14.058351371895522,13.803703815426886,13.939366637867233,418084000
2020-10-08,13.779060363769531,14.023750816263338,13.698659142162176,14.01429129045017,378900000
2020-10-09,13.703386306762695,13.76462158353877,13.601826981115936,13.707618499241775,346892000
2020-10-12,14.16463851928711,14.285116896035673,13.852491292566944,13.929158832555586,434744000
2020-10-13,14.18679428100586,14.28661212456434,13.95828434553534,14.23483636602296,344604000
2020-10-14,14.034453392028809,14.280885323875228,13.899786671772109,14.22886078382852,276100000
2020-10-15,13.909746170043944,13.945341414351493,13.708368017226269,13.751182773950996,267224000
2020-10-16,13.75192928314209,14.060592641439428,13.73301117877532,13.97620800153772,242392000
2020-10-19,13.439529418945312,13.923183444817134,13.348921381558638,13.843031020971136,298068000
2020-10-20,13.586641311645508,13.740226109835254,13.448738508609203,13.524908470657572,229212000
2020-10-21,13.46641445159912,13.732014232770208,13.419368456639658,13.56623229376561,219596000
2020-10-22,13.303372383117676,13.5530404565409,13.174679330506804,13.46417579046509,290480000
2020-10-23,13.53163242340088,13.534619742053748,13.233922285663484,13.391987145890786,233484000
2020-10-26,13.084567070007324,13.633688585873973,12.98226043969902,13.369084922504582,336896000
2020-10-27,13.338964462280272,13.384019218657135,13.13459905758072,13.248605215060882,250520000
2020-10-28,12.572535514831545,13.20280555303319,12.554613504100049,13.141072705641232,376520000
2020-10-29,12.967824935913086,13.135846892018511,12.695006587997325,12.783124891809354,320080000
2020-10-30,12.479939460754396,12.88070262306885,12.246948531109377,12.794576492375915,416820000
2020-11-02,12.52648639678955,12.781381768805504,12.341537577545925,12.603153941396506,299652000
2020-11-03,12.96334457397461,13.04847556317801,12.548392129595152,12.65368609633132,272900000
2020-11-04,13.73475170135498,13.767859091534874,13.279474284873544,13.331498827212098,410228000
2020-11-05,14.098923683166504,14.277151505773915,13.930652955568876,14.101413431699372,319028000
2020-11-06,14.499191284179688,14.525825518344906,13.835068378723031,14.048891455608413,383348000
2020-11-09,13.5719575881958,14.628132371643924,13.552044345915604,14.489731966855253,582976000
2020-11-10,12.714920043945312,13.54781121416907,12.573781115211156,13.54781121416907,644068000
2020-11-11,13.360126495361328,13.37705336947428,12.89240219069717,12.99744737462769,404744000
2020-11-12,13.398710250854492,13.706626317908825,13.258567381324138,13.420864460161631,365812000
2020-11-13,13.239645957946776,13.60979236646862,13.002921392268068,13.568471277334387,346312000
2020-11-16,13.456953048706056,13.590623658561508,13.099252581968164,13.115680931707168,413776000
2020-11-17,13.36435604095459,13.53760531971783,13.246367406234198,13.494044215080644,312028000
2020-11-18,13.370829582214355,13.54706619704426,13.128131296756674,13.407172128790208,510924000
2020-11-19,13.382283210754396,13.429329218557692,13.043500678267876,13.155764445844026,565936000
2020-11-20,13.03129768371582,13.436292933287069,13.008644962843594,13.395967937592868,341088000
2020-11-23,13.083325386047363,13.324778798429609,12.959362101310216,13.114440599717945,361356000
2020-11-24,12.901863098144531,13.105231545562026,12.829426780235965,13.085815870030112,346500000
2020-11-25,13.177663803100586,13.212263899302624,12.96384075400701,12.976286647330468,259916000
2020-11-27,13.204051971435549,13.349671896984008,13.113693646794417,13.317311808022016,167276000
2020-11-30,13.343695640563965,13.354648825249436,12.916297341464292,13.2077849926202,286952000
2020-12-01,13.332244873046877,13.470396474680498,13.171191763899332,13.4340539339607,296948000
2020-12-02,13.486079216003418,13.61452251505052,13.177167128048556,13.292915747982205,283360000
2020-12-03,13.342161178588867,13.605100097734832,13.275431014926465,13.532891248388983,199520000
2020-12-04,13.503756523132324,13.505499481858216,13.334937435291636,13.39444689038405,202244000
2020-12-07,13.552063941955566,13.67606384940354,13.445743434248142,13.546586206055723,223244000
2020-12-08,13.296345710754396,13.544095699558415,13.22812050077017,13.53040088587082,271920000
2020-12-09,12.878780364990234,13.36008781733984,12.816531556571482,13.247044338391769,401300000
2020-12-10,12.920114517211914,13.016227078884356,12.797857568260008,12.817279927246036,207764000
2020-12-11,12.96094799041748,12.96767096745661,12.77146224084269,12.915132393146711,209264000
2020-12-14,13.25525951385498,13.33493790120574,13.024939145736656,13.035396898457394,270156000
2020-12-15,13.306803703308104,13.409887145651435,13.133752090709104,13.38573457742504,193016000
2020-12-16,13.18927764892578,13.383244766098352,13.159397537413051,13.368553568795043,223116000
2020-12-17,13.28763198852539,13.325728231536273,13.12553583695301,13.313028850638313,231384000
2020-12-18,13.218660354614258,13.351125252225732,13.017970240699636,13.325229723016056,342064000
2020-12-21,13.278666496276855,13.316265019825284,12.915382540524025,13.02220170883082,302332000
2020-12-22,13.224883079528809,13.283645967615035,13.001534523080034,13.265718661021117,185580000
2020-12-23,12.956966400146484,13.221648300636408,12.952733906135586,13.202724607149166,179144000
2020-12-24,12.9415283203125,13.079720766259197,12.886750008743377,12.984853442568095,97884000
2020-12-28,12.848153114318848,13.010000389047384,12.711953456949022,13.010000389047384,212564000
2020-12-29,12.891228675842283,13.01995972337383,12.790634778448547,12.873052511880598,170372000
2020-12-30,13.092915534973145,13.160642074392085,12.844916701690002,12.938040099740183,225396000
2020-12-31,13.00253200531006,13.098145898291843,12.863094326087117,13.083704508417757,192424000
2021-01-04,13.060795783996582,13.597630023242596,12.910402638287994,13.05158327179001,560640000
2021-01-05,13.350875854492188,13.389469813350296,13.03440292226786,13.04710135296224,322760000
2021-01-06,12.563800811767578,13.19176659480578,12.535415751922324,13.16935698709165,580424000
2021-01-07,13.29037094116211,13.323985833376163,12.83471010653076,12.915383948161406,461480000
2021-01-08,13.223389625549316,13.367059793296423,12.989583303848809,13.308795569096716,292528000
2021-01-11,13.566753387451172,13.904889317137515,13.30879451781324,13.36481806161411,518344000
2021-01-12,13.430556297302246,13.699222799014764,13.291368405923835,13.697230031295046,291476000
2021-01-13,13.477365493774414,13.570240994686896,13.331205784944276,13.435783333016111,210028000
2021-01-14,13.147196769714355,13.545091039577692,13.12752650374872,13.520440755047291,283120000
2021-01-15,12.807817459106444,13.271695346356372,12.796861987374657,13.17483621037775,277780000
2021-01-19,12.972899436950684,13.041372547513664,12.79237734581268,12.963934834618934,226188000
2021-01-20,13.312033653259276,13.37652314326574,13.00427550233514,13.059053812640212,258572000
2021-01-21,13.811763763427734,13.942984337506823,13.199733528843137,13.364568036299604,337780000
2021-01-22,13.657387733459473,13.78611878930567,13.572480460380298,13.68477736022851,246820000
2021-01-25,13.598376274108888,13.7729219839982,13.183301270177894,13.726359807474722,251112000
2021-01-26,13.381253242492676,13.589910611709367,13.33369468135409,13.52591884373518,163980000
2021-01-27,12.865835189819336,13.179568817856318,12.742332986520283,13.176829474701863,371272000
2021-01-28,12.99854564666748,13.286135761458496,12.9084095018044,12.94401620453668,228316000
2021-01-29,12.937541961669922,13.281155615738037,12.859606529711234,13.022449229079449,271552000
2021-02-01,13.18380069732666,13.217414637475343,12.850893606397491,13.00078904025559,217204000
2021-02-02,13.502264022827148,13.517451986494493,13.232103488617549,13.3448990521838,220440000
2021-02-03,13.476118087768556,13.875755253863847,13.46217441791399,13.581193328503652,245408000
2021-02-04,13.609332084655762,13.61854459622936,13.284144388776069,13.47661739710056,201340000
2021-02-05,13.536377906799316,13.682040855642152,13.49130982557148,13.66984014110473,169152000
2021-02-08,14.380722999572754,14.415582187615517,13.67208224890354,13.67208224890354,434624000
2021-02-09,14.205926895141602,14.524640523472256,14.165340166311497,14.283114817717069,287560000
2021-02-10,14.704909324645996,14.845093553817506,14.283858920285905,14.405119461071688,485352000
2021-02-11,15.189456939697266,15.21087111646074,14.865016726806148,14.92004484464226,450828000
2021-02-12,14.901118278503418,15.22979187160144,14.715616167747536,14.989511461890103,374756000
2021-02-16,15.268634796142578,15.31071561660101,14.889913111064672,15.003704102440429,321960000
2021-02-17,14.84609031677246,15.162314342745136,14.72059633006822,15.11002462754426,274756000
2021-02-18,14.769401550292969,14.813473242529565,14.51642173524086,14.669803078245188,233868000
2021-02-19,14.86650848388672,15.116001413378491,14.787078950270825,14.96411418170516,271724000
2021-02-22,14.298052787780762,15.072428084036344,14.267426101767738,14.71536845518802,325884000
2021-02-23,14.085160255432127,14.18152165334478,13.335684193642386,14.018678014682004,391780000
2021-02-24,14.44072437286377,14.44844373272776,13.70071065129924,14.06598730264104,448320000
2021-02-25,13.254015922546388,14.316976805653484,13.16313319589413,13.989049754794058,824436000
2021-02-26,13.659379959106444,13.798816671905104,13.307300359607096,13.697226388407962,500932000
2021-03-01,13.786121368408203,13.869036839571836,13.498780991708824,13.81923759520638,353184000
2021-03-02,13.35236930847168,13.864552302839884,13.34216041278066,13.844134511457842,264116000
2021-03-03,12.753286361694336,13.397436481579216,12.747309959818812,13.372288481570262,377592000
2021-03-04,12.320534706115724,12.922854895038494,12.03518614944551,12.74930459152039,573344000
2021-03-05,12.411417007446287,12.499561345964048,11.632310492022055,12.499561345964048,542840000
2021-03-08,11.546655654907228,12.421126179417165,11.520012603958923,12.399961813597908,543112000
2021-03-09,12.474234580993652,12.570379359155847,12.014928455750928,12.085667607908784,521824000
2021-03-10,12.422425270080566,12.932293687337854,12.41171496237117,12.793306731118925,384376000
2021-03-11,12.945744514465332,12.99830122675379,12.687696596615789,12.90240444400064,299916000
2021-03-12,12.80875015258789,12.841379915385886,12.543727990467412,12.601763379126412,243964000
2021-03-15,13.142767906188965,13.158211007285876,12.720326450748011,12.817467955931283,221988000
2021-03-16,13.24240016937256,13.462836579062207,13.068541055091844,13.307409797577044,272128000
2021-03-17,13.292219161987305,13.403807057347713,12.941761527782203,12.99182690409722,243864000
2021-03-18,12.675739288330078,13.135543248189038,12.670259662780902,13.08821817280706,293896000
2021-03-19,12.798541069030762,12.874013033578947,12.56614860913909,12.703143099590973,299208000
2021-03-22,13.137784957885742,13.345269600925588,12.859312225279986,12.865290689757089,297804000
2021-03-23,13.022711753845217,13.29545500368924,12.973393215824771,13.205536681234245,222048000
2021-03-24,12.596534729003906,13.110888040929582,12.590308268793,13.102917069663096,245840000
2021-03-25,12.489176750183104,12.668017580653656,12.226894918706114,12.453558710808869,295144000
2021-03-26,12.792059898376465,12.808997613768744,12.328021986506789,12.508356491147842,363968000
2021-03-29,12.90066146850586,13.014491751038356,12.653323847339315,12.773131644958724,273520000
2021-03-30,12.82444190979004,12.927561877681123,12.65830481718946,12.794801380172224,200204000
2021-03-31,13.299189567565918,13.420989848582142,12.934783551601091,12.967662254162988,314776000
2021-04-01,13.760988235473633,13.819023625386851,13.461591793310602,13.522368421618353,308276000
2021-04-05,13.936091423034668,13.962493775777086,13.682526408463117,13.816532577415291,255672000
2021-04-06,13.810554504394531,14.0025960659606,13.722878585220863,13.948296742716591,191744000
2021-04-07,14.091519355773926,14.191151260158252,13.66110690636632,13.829734405751106,251284000
2021-04-08,14.26438045501709,14.418312621618602,14.196629588023145,14.20036660361676,244416000
2021-04-09,14.347076416015623,14.355047386702058,14.122903911178431,14.16176013662258,195172000
2021-04-12,15.15310287475586,15.29607580434181,14.087284632452857,14.237231804937178,869324000
2021-04-13,15.62187385559082,15.642298695804206,15.07015897630807,15.175520404329175,676212000
2021-04-14,15.220854759216309,15.662724385304465,15.171536216754417,15.567575372230744,385500000
2021-04-15,16.077943801879883,16.154660479530673,15.574051864074454,15.604938070709537,598480000
2021-04-16,15.854015350341797,16.106334673297113,15.806938268733886,15.99399807287851,335208000
2021-04-19,15.305290222167969,15.749402181564944,15.177013572325269,15.479398285932946,404420000
2021-04-20,15.115490913391112,15.440043072453124,14.908006256331758,15.266931737952133,334132000
2021-04-21,15.30404567718506,15.306038182131775,15.04674459132604,15.063183469763407,216776000
2021-04-22,14.795672416687012,15.381760632478036,14.729167212637464,15.318493605609078,277788000
2021-04-23,15.209145545959473,15.27863902524811,14.845487265337356,14.879361749601612,227500000
2021-04-26,15.421113014221191,15.422109741768356,15.069410715459696,15.129190614058306,197796000
2021-04-27,15.32521629333496,15.61290472261558,15.298066158653665,15.521242850194149,164572000
2021-04-28,15.220603942871094,15.47516571048191,15.15957931715517,15.308031874143952,209416000
2021-04-29,15.268425941467283,15.379764870090474,15.01610660529714,15.34339904361114,173196000
2021-04-30,14.95433521270752,15.30852886580958,14.941881343927635,15.118729701211407,201912000
2021-05-03,14.782218933105469,15.190711864139518,14.733150296570749,15.069409466583876,203912000
2021-05-04,14.298504829406738,14.583702894438511,13.958758495262645,14.583453950082967,405324000
2021-05-05,14.405360221862791,14.759055975565776,14.334621071122196,14.65493927929447,292024000
2021-05-06,14.469622611999512,14.517695473850004,14.165744240795116,14.441974587843967,193380000
2021-05-07,14.75780963897705,14.915726811597322,14.617825960036257,14.753824629308104,229328000
2021-05-10,14.213316917419434,14.751581082114487,14.197624874128628,14.732899806719963,268904000
2021-05-11,14.253670692443848,14.301992504029124,13.699465425742892,13.774189592576713,285584000
2021-05-12,13.707932472229004,14.207838345963491,13.65886383403718,13.958009406177773,303408000
2021-05-13,13.61502456665039,14.028998076504566,13.409532427846456,13.982169938542986,285404000
2021-05-14,14.190651893615724,14.275339526116127,13.697969198962545,13.838949606962355,258616000
2021-05-17,14.113438606262209,14.11717467222545,13.802585945986332,14.104969746666484,216980000
2021-05-18,13.964239120483398,14.35131151460924,13.952532083750327,14.214565990259484,186256000
2021-05-19,14.01405429840088,14.027753839066552,13.493474603613125,13.516638780467645,344000000
2021-05-20,14.558794975280762,14.629783072668266,14.218051917786887,14.249933897946976,321592000
2021-05-21,14.936650276184082,15.166054390870835,14.81484997940248,15.108018052622167,672992000
2021-05-24,15.554622650146484,15.687133265807589,15.120224232908976,15.156590063922868,554816000
2021-05-25,15.590238571166992,15.760360666635048,15.425596101514737,15.70805385179894,435408000
2021-05-26,15.642295837402344,15.73570126750248,15.52896440963548,15.676420212978272,370440000
2021-05-27,15.43107795715332,15.692115130559111,15.40318098520956,15.642049757647367,581476000
2021-05-28,16.184797286987305,16.21767694767889,15.44403099782794,15.44403099782794,644536000
2021-06-01,16.20472526550293,16.328021150399323,15.844802987740684,16.210205842744976,472804000
2021-06-02,16.716585159301758,16.856569802587472,16.175830504462102,16.192519278165797,594168000
2021-06-03,16.90737533569336,17.19556348925745,16.52204760609129,16.639364970700026,580008000
2021-06-04,17.51364517211914,17.596089458232893,17.032669494095202,17.049605310936567,617120000
2021-06-07,17.554244995117188,17.747034348298172,17.12956302093456,17.5066719180592,575756000
2021-06-08,17.392839431762695,17.556734115441593,17.18759528524921,17.462830794677384,323848000
2021-06-09,17.298416137695312,17.5144200997862,17.196270441472134,17.45537445495699,381656000
2021-06-10,17.364938735961914,17.431709138454295,17.11679834270945,17.290198386485635,287772000
2021-06-11,17.763809204101562,17.877416579612827,17.38362394384522,17.419250155413216,416308000
2021-06-14,17.956632614135742,17.977311127601393,17.601860868174743,17.844272198059357,321376000
2021-06-15,17.7271785736084,17.954144239824995,17.666887937659716,17.8532435771717,243032000
2021-06-16,17.748857498168945,17.892860137369315,17.523885687576584,17.729425885437355,307124000
2021-06-17,18.59293556213379,18.7700724705494,17.69504235018329,17.713228953536802,809656000
2021-06-18,18.57450485229492,19.308217023143403,18.51994312708216,18.71925451472753,968856000
2021-06-21,18.36373519897461,18.47260965687885,17.761318961042598,18.371707046884843,672384000
2021-06-22,18.821651458740234,18.89838762561246,18.32262782687247,18.40783384486512,580144000
2021-06-23,18.99155807495117,19.086729825944072,18.842573513046347,18.942229189755093,332356000
2021-06-24,19.13929748535156,19.35305852061844,19.022451210045137,19.161471913925485,320924000
2021-06-25,18.96540641784668,19.27882324370952,18.82937748236357,19.21404674552845,278364000
2021-06-28,19.916114807128903,20.00954166257775,19.25241006107168,19.294514111263886,495436000
2021-06-29,19.957725524902344,20.029475967707985,19.589248947586192,19.813971836257974,367632000
2021-06-30,19.93355369567871,20.093002037862693,19.795281878543864,19.930314776489794,326568000
2021-07-01,20.142332077026367,20.385490527597725,19.94999652915952,20.05563205978272,480136000
2021-07-02,20.4163818359375,20.434570343264514,20.21781937074688,20.369793862838424,342764000
2021-07-06,20.62715148925781,20.770156218101576,20.280102477408526,20.666016614407923,446708000
2021-07-07,20.3015251159668,20.803040452353898,20.261912992280784,20.781614931327567,418428000
2021-07-08,19.834142684936523,20.063598390633,19.632839339363898,19.788052722862183,503300000
2021-07-09,19.98113822937012,20.01103550714748,19.68615897824223,19.89369121039719,296624000
2021-07-12,20.441795349121094,20.46197396708829,20.11816384658257,20.170233652591747,321984000
2021-07-13,20.180194854736328,20.3907169446904,20.044663988869065,20.33017540213625,290708000
2021-07-14,19.77310371398925,20.3473673991596,19.684660708468368,20.287574757322712,380100000
2021-07-15,18.90087509155273,19.77858990639633,18.793496553631783,19.74346169781252,550564000
2021-07-16,18.09839630126953,19.090963266733112,18.010700300983057,18.964900147522947,688224000
2021-07-19,18.71501541137696,18.976360409514456,17.80391558664098,17.85349537144191,749060000
2021-07-20,18.54784393310547,18.77306474363948,18.101388235116307,18.66543721741453,434687000
2021-07-21,19.343093872070312,19.459691152678595,18.677397187844907,18.816914001718725,371017000
2021-07-22,19.52645874023437,19.818448030291623,19.20955410532977,19.574293617288724,323826000
2021-07-23,19.49058532714844,19.63209605947266,19.183646421770963,19.58824710134041,195672000
2021-07-26,19.227489471435547,19.374978093039257,18.84879836024,19.24443106594484,203943000
2021-07-27,19.14179229736328,19.55436484344968,18.676401037537744,19.19859503384595,248863000
2021-07-28,19.43577003479004,19.57827673924492,18.929521776735747,19.252404299497893,202191000
2021-07-29,19.594226837158203,19.78456845561129,19.261376580692936,19.451718199146026,190781000
2021-07-30,19.431787490844727,19.562334550057216,19.19660092206327,19.351065420539463,183497000
2021-08-02,19.681921005249023,19.892194121271995,19.29426196374256,19.63209411744404,217444000
2021-08-03,19.746700286865234,20.152296989603176,19.153749973523123,19.67195804375976,301811000
2021-08-04,20.204120635986328,20.247969602176056,19.75965683993785,19.92109911933117,231309000
2021-08-05,20.56586265563965,20.66153240927619,20.271879455166875,20.429335766295853,211435000
2021-08-06,20.295799255371094,20.499096555119213,20.140336838007727,20.45325558482305,178497000
2021-08-09,20.22504234313965,20.43730746916473,20.07356586786639,20.37552091210464,146443000
2021-08-10,19.86728286743164,20.359579568061065,19.76662927363891,20.25195203394984,179238000
2021-08-11,19.63109588623047,19.979889797414497,19.363024040976125,19.97390996272921,185925000
2021-08-12,19.836387634277344,19.95995884971804,19.55237018871305,19.80150843224481,151652000
2021-08-13,20.11841583251953,20.14432718905077,19.78257750881628,19.83639223344308,183063000
2021-08-16,19.881235122680664,20.217073411230743,19.38594658927901,20.06559691412497,210876000
2021-08-17,19.390926361083984,19.7018511371968,19.200584773858555,19.617143152947893,204585000
2021-08-18,18.9743709564209,19.56632333039317,18.93450792210805,19.43278444637405,285913000
2021-08-19,19.7297592163086,20.42435725021701,18.69732897160498,19.42680621302626,766555000
2021-08-20,20.74424934387207,20.79308023295475,19.86429353315697,19.92209227489408,675741000
2021-08-23,21.882312774658203,21.921177903907907,20.87778784502833,20.898715368530024,575807000
2021-08-24,21.71788215637207,21.88331034489348,21.46077202046187,21.6780210186126,297299000
2021-08-25,22.136430740356445,22.392544826376568,21.64712400159845,21.6620716880842,347701000
2021-08-26,21.9919376373291,22.262999479286844,21.714895958935315,22.123482634275422,237940000
2021-08-27,22.557973861694336,22.64367786247105,22.09059063174937,22.107532230785125,304722000
2021-08-30,22.60979080200196,22.96356660779961,22.47326392821472,22.75130150447576,262580000
2021-08-31,22.3117733001709,22.62075868040585,22.047640789736928,22.62075868040585,259850000
2021-09-01,22.36758613586425,22.622749170441693,22.283861299830416,22.41144281711913,201767000
2021-09-02,22.322736740112305,22.51909280352411,22.222067304803737,22.44433738767981,187834000
2021-09-03,22.76827621459961,22.910808082103483,22.127379950913973,22.25197104995941,280532000
2021-09-07,22.587873458862305,22.824097747341785,22.448330104829648,22.75831364794815,198107000
2021-09-08,22.26592445373535,22.53603785625392,21.905107228441462,22.439355044930288,254434000
2021-09-09,22.104454040527344,22.464273188352024,22.05860498845257,22.23901265299159,196856000
2021-09-10,22.404464721679688,22.551979359049604,22.197145003216097,22.274888947085536,248376000
2021-09-13,22.07953453063965,22.88887850668766,21.78649567004044,22.60979378701656,297500000
2021-09-14,22.169239044189453,22.33668872610184,22.013749239081235,22.202130131232664,199755000
2021-09-15,22.26791763305664,22.29383355511717,21.89414433460613,22.23602272222848,166538000
2021-09-16,22.169239044189453,22.204124394587865,21.855268989494725,22.1104320390737,156033000
2021-09-17,21.82836151123047,22.24798388707504,21.758590795663608,22.227052672404977,294503000
2021-09-20,21.043933868408203,21.362886747600268,20.59440901267256,21.076824957284188,349440000
2021-09-21,21.176498413085938,21.35491180235472,20.881467187077305,21.34693855063017,204688000
2021-09-22,21.869224548339844,21.88816149645216,21.126660825026075,21.29610478128571,268726000
2021-09-23,22.4084587097168,22.46128483770894,21.81839426303045,22.06757647946929,248555000
2021-09-24,22.008766174316406,22.076544517927047,21.78948654099759,21.99780247781684,217655000
2021-09-27,21.58914566040039,21.7276909027937,21.255242424863432,21.638981339967028,245215000
2021-09-28,20.63129234313965,21.34893841777173,20.583449018016225,21.14460905510224,343069000
2021-09-29,20.44988822937012,20.948252708379105,20.40005064080345,20.87150491320701,218394000
2021-09-30,20.648231506347656,20.99708693414732,20.620323224212417,20.70006144475727,221009000
2021-10-01,20.674148559570312,20.79076450155357,20.13691029679446,20.68212181172919,240978000
2021-10-04,19.667449951171875,20.474799620417603,19.49102893557556,20.436923825487423,345635000
2021-10-05,20.38409805297852,20.58045410102996,19.789050920867343,19.884737541485297,279282000
2021-10-06,20.63228988647461,20.65222302049705,20.01431710514876,20.054187175412817,297202000
2021-10-07,21.00605773925781,21.25224946522736,20.90339404621148,21.02300042346264,256919000
2021-10-08,20.76285743713379,21.136630744836808,20.707040866525467,21.03197467494621,151258000
2021-10-11,20.62729835510254,20.994094515339803,20.443900274983907,20.507691986086755,163388000
2021-10-12,20.60338020324707,20.98811719412353,20.460848337072985,20.75986621154856,162134000
2021-10-13,20.870500564575195,20.921334319318166,20.645240054992183,20.84956935399439,180652000
2021-10-14,21.674863815307617,21.68383324865428,21.052904524091133,21.218361862587606,243589000
2021-10-15,21.790489196777344,21.85926374202035,21.59114453483169,21.738659242471726,226994000
2021-10-18,22.14930534362793,22.21807986742688,21.57319513471844,21.677853093300257,189494000
2021-10-19,22.21708869934082,22.305796372358465,21.964916022213767,22.20313265408627,161473000
2021-10-20,22.03070068359375,22.359621161989526,21.910096191330364,22.23203959747396,146276000
2021-10-21,22.617769241333008,22.63670809221361,22.01076215073701,22.024716293024067,187590000
2021-10-22,22.651657104492188,23.054334844956028,22.48719785150225,22.748339913629675,249384000
2021-10-25,23.090219497680664,23.27860041757706,22.69551498837549,22.89785005048644,230235000
2021-10-26,24.63614273071289,25.176371413393948,23.845737588941468,23.9105254877928,485898000
2021-10-27,24.37101554870605,25.00792517661804,24.20256776176456,24.393941025402945,245990000
2021-10-28,24.859413146972656,24.868384481883496,24.44278123589396,24.79661950592476,234204000
2021-10-29,25.48336410522461,25.624899789420567,24.91821945080861,24.91921563206718,292503000
2021-11-01,25.74251747131348,25.80929774619669,25.14447973934552,25.565100225521736,265740000
2021-11-02,26.31463623046875,26.590730535065173,25.715602386475727,25.73753168250349,294112000
2021-11-03,26.51098823547364,26.69638058585289,26.14917676933632,26.582753200243893,239910000
2021-11-04,29.70351791381836,31.26240105916876,27.029293768949643,27.13993073534517,1153631000
2021-11-05,29.654674530029297,31.29728232118688,29.313792339899493,30.08825100329556,851260000
2021-11-08,30.703235626220703,30.998266887418577,29.80916860642571,30.050377560399664,503101000
2021-11-09,30.55671501159668,32.20430952982085,29.865983049867182,32.176401244543264,646746000
2021-11-10,29.36263465881348,30.74908522645044,28.683862559196594,29.25997285018864,636206000
2021-11-11,30.29058265686035,30.489929144616983,29.679589036849205,30.36832850950686,332172000
2021-11-12,30.29058265686035,30.579634873996568,29.533068664937748,29.911826611453552,413054000
2021-11-15,29.9267807006836,30.543755287298133,29.15132584547051,30.45205718413863,384909000
2021-11-16,30.10419464111328,30.29058317308719,29.60882075884881,29.66164877670332,264484000
2021-11-17,29.165281295776367,30.409199941675634,28.705788874793846,30.31849611458015,428508000
2021-11-18,31.571382522583008,32.65283230814321,31.21854045241291,32.26112015873358,781711000
2021-11-19,32.877098083496094,32.97976178244582,31.80063112079096,32.137524780788404,533867000
2021-11-22,31.85146713256836,34.53366450538527,31.79565055921418,33.40735981814446,754335000
2021-11-23,31.642152786254883,32.25414458908274,30.77898451965756,31.431842568314533,532163000
2021-11-24,32.567108154296875,32.74751577697891,30.8268198317491,31.35807708735528,435162000
2021-11-26,31.39994239807129,32.6029926875602,31.24744303882468,32.49335192952601,283069000
2021-11-29,33.26681900024414,33.30270053648563,31.931202291527786,32.26012461188157,454964000
2021-11-30,32.5691032409668,33.24389046679486,31.759761224855104,33.06049048348585,622066000
2021-12-01,31.33600425720215,33.18416762661396,31.28117715917713,33.114388375070114,484368000
2021-12-02,32.02482986450195,32.375722550194084,30.9272972457991,31.11570313644076,472890000
2021-12-03,30.596343994140625,32.027822639120906,30.0351153368654,31.899227266863253,544325000
2021-12-06,29.94240951538086,30.14576565815572,27.94970412663919,29.785902441906565,658938000
2021-12-07,32.32487487792969,32.34680875654143,30.554469012712545,30.85950697624564,593053000
2021-12-08,31.72577667236328,32.188316185516875,31.322051376993954,31.898232211155804,475551000
2021-12-09,30.39398193359375,32.10358318046431,30.332176907618503,31.63406386343503,488507000
2021-12-10,30.102901458740234,31.20641568253049,29.766962833942674,31.051903118678588,488825000
2021-12-13,28.07231330871582,30.19859728465225,28.027454948851968,30.1537389247884,598344000
2021-12-14,28.247764587402344,28.58769035773507,27.164187737169147,27.611773209784825,667035000
2021-12-15,30.36307907104492,30.403950320139508,27.750332756169268,28.31056319651723,698297000
2021-12-16,28.29760360717773,31.061871670056004,28.004530741243016,31.053897441434422,707366000
2021-12-17,27.713451385498047,28.830921489909592,27.672580135131074,27.896871959169967,713758000
2021-12-20,27.63170623779297,28.055367052682545,27.059514491494653,27.219010461900748,461847000
2021-12-21,28.98344039916992,29.028298765292003,27.314710320233896,28.284647712043096,524385000
2021-12-22,29.30741310119629,29.46192565947625,28.35940777869248,28.80001717025792,395184000
2021-12-23,29.54665756225586,29.96433867758016,29.33831610687921,29.661295177874464,343022000
2021-12-27,30.84754943847656,30.98910245778545,29.54665876702278,29.566596240467327,403686000
2021-12-28,30.22650909423828,31.23133407724288,29.91748399123054,31.21339111350028,420591000
2021-12-29,29.906518936157227,30.451797181054715,29.27351847893125,30.177663603854032,343139000
2021-12-30,29.49283027648925,30.361087673132488,29.446975608009016,29.73307056037548,308864000
2021-12-31,29.318378448486328,29.935430483532848,29.23863045980728,29.58055069803875,266530000
2022-01-03,30.02614402770996,30.61428616732892,29.691201708964883,29.72110791823675,391547000
2022-01-04,29.1977653503418,30.372055271999844,28.25972861799797,30.181656755028943,527154000
2022-01-05,27.51706886291504,29.323362739600288,27.446293309746405,28.857832469761814,498064000
2022-01-06,28.089258193969727,28.34843960109803,26.979764412182007,27.55295241716997,454186000
2022-01-07,27.161190032958984,28.33249071472493,26.97178787268324,28.05237553867087,409939000
2022-01-10,27.31371307373047,27.38249602616525,25.56324245345512,26.497291979306667,594681000
2022-01-11,27.72939682006836,27.97661690186641,26.754478046594247,27.236953065488187,404089000
2022-01-12,27.910823822021484,28.50494561833024,27.52105444566208,27.978608560513216,383413000
2022-01-13,26.491310119628903,28.390309630110423,26.41455104320911,28.289627869102336,540171000
2022-01-14,26.85715103149414,27.1113490250758,26.127455968299262,26.217172683523167,395832000
2022-01-18,25.82142448425293,26.554110383396345,25.688843914417376,26.17730054673236,424270000
2022-01-19,24.98806381225586,26.459415742020685,24.97311165547117,25.99687807304139,488315000
2022-01-20,24.073945999145508,25.49844661807642,24.002172240904777,25.22431303336184,435181000
2022-01-21,23.300392150878903,24.744828429105823,23.18974164646766,23.43297273498428,718958000
2022-01-24,23.29839515686035,23.30636938474509,20.822218672511543,22.25967687186857,913982000
2022-01-25,22.253698348999023,22.87075042504284,21.93071925859125,22.474999365021613,664616000
2022-01-26,22.70028686523437,23.98124005243623,22.22977314342867,23.16681347265323,755959000
2022-01-27,21.87489318847656,23.91943467808651,21.60673933175025,23.493779360509365,573353000
2022-01-28,22.768075942993164,22.786018910319385,21.228937446273747,21.942682333906376,543774000
2022-01-31,24.40888977050781,24.43181805477135,22.97940564831107,23.10899542114048,564680000
2022-02-01,24.56040954589844,25.06581285150228,23.81476408120491,25.024941605227585,518925000
2022-02-02,25.16250801086425,25.735696069563566,24.47567674227837,25.71276968802077,543419000
2022-02-03,23.87257957458496,24.99802368140635,23.70510939371821,24.380973639655554,410178000
2022-02-04,24.242414474487305,24.55741930721573,23.557577711661764,23.89650713053911,354829000
2022-02-07,24.65012550354004,25.1026943053942,24.125781045791168,24.29524574603593,376868000
2022-02-08,25.028932571411133,25.1505481244359,23.90448448091836,24.28229068862886,410359000
2022-02-09,26.62090110778809,26.640838580536943,25.27315951224319,25.54131148574977,524282000
2022-02-10,25.74267768859864,26.84021038947603,25.519384054932555,25.913140626547364,513200000
2022-02-11,23.87357711791992,26.069640256444483,23.69813270066166,25.83438342747641,605472000
2022-02-14,24.19057846069336,24.79666354683214,23.68018981888681,23.85862696314563,440424000
2022-02-15,26.41156578063965,26.46140756576052,24.70595342711957,24.870432839092235,699869000
2022-02-16,26.42751121520996,26.49828867148604,25.47153166394175,26.17630590901265,732676000
2022-02-17,24.42982482910156,25.70380014996148,24.08890276641559,25.54928757690661,810595000
2022-02-18,23.567546844482425,24.9073141846699,23.027253892651444,24.59031483886584,761255000
2022-02-22,23.316341400146484,23.98821867816581,22.92757016662024,22.9624597952012,633422000
2022-02-23,22.316499710083008,24.07893361161636,22.230771994916,23.727044613283795,566511000
2022-02-24,23.6732120513916,23.72504833875335,20.82421265561137,20.94881900592277,735801000
2022-02-25,24.0809268951416,24.14073741705025,23.30737152091748,23.64630098063684,528866000
2022-02-28,24.30820846557617,24.587327391046674,23.632344083996863,23.91644642718018,477319000
2022-03-01,23.40306282043457,24.300229958145785,23.0591500185398,24.214500358111323,412056000
2022-03-02,24.14784240722656,24.336280413234043,23.34524228336605,23.685225970986814,389642000
2022-03-03,23.64335060119629,24.2535268091343,23.399079682408747,24.18971640143085,365095000
2022-03-04,22.86766624450684,23.60944908419049,22.415018401859665,23.3143314460546,431415000
2022-03-07,21.28838348388672,22.964376798114145,21.2664496692882,22.749018838877227,450821000
2022-03-08,21.44990348815918,22.306343532359403,20.588477275477324,21.245514318732305,557467000
2022-03-09,22.945430755615234,23.15081636408371,22.18071580003234,22.32029806776181,492742000
2022-03-10,22.59049415588379,22.720105999777736,21.81680518094996,22.46387173081111,428066000
2022-03-11,22.03415870666504,23.076045454723392,21.980318734826213,22.953410808497686,367209000
2022-03-14,21.26644897460937,22.19567136754029,21.09595892640696,21.80384262804617,385354000
2022-03-15,22.90455436706543,22.96936124008591,21.258474245006287,21.45388943534592,491996000
2022-03-16,24.423015594482425,24.5237145023256,23.102960984324504,23.42998284118169,671422000
2022-03-17,24.692214965820312,24.76798684900342,23.83477657042149,24.04813969626861,471941000
2022-03-18,26.37418937683105,26.489844911193696,24.55063983028084,24.72511770324233,730719000
2022-03-21,26.65435028076172,27.07110609904061,25.88963521663449,26.428027300009337,591727000
2022-03-22,26.44498062133789,27.15685419266933,25.99432754156864,26.64737496714148,547007000
2022-03-23,25.55762481689453,26.53270962394399,25.498800590929083,26.048157589776604,502120000
2022-03-24,28.066133499145508,28.23562710130492,25.82981594503605,26.08804509302188,877379000
2022-03-25,27.609495162963867,28.27351127824337,27.189749942659294,27.802917411678862,579016000
2022-03-28,28.134929656982425,28.1658374385252,27.12494710554609,27.673309683402085,425494000
2022-03-29,28.57062339782715,28.85975839254765,27.896636856560235,28.60950676132991,488984000
2022-03-30,27.60750389099121,28.41110233688712,27.421060745065915,28.21967492416321,463487000
2022-03-31,27.20470428466797,28.163838026854247,27.188753110757293,27.699226807551824,523440000
2022-04-01,26.63241577148437,27.414080364707395,26.18874188191669,27.293440575757664,517235000
2022-04-04,27.278484344482425,27.475894378510496,26.533710211634048,26.648367352938315,397120000
2022-04-05,25.853742599487305,27.237607768198263,25.743073244909805,27.17280089255996,436615000
2022-04-06,24.33428192138672,25.224620987328382,23.931486259303167,24.85971221539124,703833000
2022-04-07,24.135875701904297,24.648344247170577,23.40805109513817,24.36818131196346,557992000
2022-04-08,23.05011940002441,23.851724837527705,22.99329001527572,23.84574219650176,524781000
2022-04-11,21.85169982910156,22.253499000395795,21.595465570939584,22.147815823189774,575207000
2022-04-12,21.43993377685547,22.657296773923992,21.21859505011573,22.46985714800616,662258000
2022-04-13,22.13684844970703,22.432964462991524,21.39107781519928,21.663265165709976,516943000
2022-04-14,21.194664001464844,22.70913934444599,21.09994772609378,22.437948470033938,569097000
2022-04-18,21.718101501464844,22.02219119866503,21.016198500677564,21.13683828693259,525701000
2022-04-19,22.13186454772949,22.306342402426623,21.250497509099134,21.65528803366248,512781000
2022-04-20,21.417999267578125,22.60245959862573,21.13683983778389,22.44991555152109,468974000
2022-04-21,20.12287139892578,22.3252899842491,19.940416029363888,21.64432421395311,656209000
2022-04-22,19.456863403320312,20.42497142374511,19.441908697470943,20.242516025383235,624713000
2022-04-25,19.842708587646484,19.885579752238908,19.03911005815712,19.14479325994293,641566000
2022-04-26,18.73202133178711,19.72904183558176,18.61437288191269,19.659250704582643,653143000
2022-04-27,18.360137939453125,19.109896444638807,18.23551034627736,18.542591397089467,499460000
2022-04-28,19.72306060791016,19.97730191951984,18.434910207307524,18.910488306653104,570327000
2022-04-29,18.49173927307129,20.068027989686986,18.461827974802564,19.34419130624113,500435000
2022-05-02,19.47480583190918,19.5156821431302,18.33620802071884,18.48576074197281,572049000
2022-05-03,19.543598175048828,19.7659352569291,19.07599562451621,19.342200337321103,475751000
2022-05-04,20.27341651916504,20.33921986356432,18.69513272650268,19.86364175229956,648855000
2022-05-05,18.78785514831543,19.86563374147308,18.444880215286258,19.80780788821949,626331000
2022-05-06,18.61935806274414,19.45386415893865,17.93639951654731,18.68017713798414,633297000
2022-05-09,16.89949607849121,18.20060606750885,16.776861477285752,17.980265797414063,644455000
2022-05-10,17.54257583618164,18.1437798648561,16.974274428777502,17.636295630660026,761474000
2022-05-11,16.580453872680664,17.70010924577166,16.518640215360524,17.29531869321598,670167000
2022-05-12,16.12681007385254,16.73798466846581,15.520622598818264,16.17067961115199,708728000
2022-05-13,17.65324592590332,17.874584618378165,16.54356304480127,16.737981755398717,670437000
2022-05-16,17.21256446838379,17.735003457169242,17.055036163870508,17.456835364759026,521446000
2022-05-17,18.12284278869629,18.31626502100498,17.58146135414091,18.020149031920944,585830000
2022-05-18,16.887535095214844,18.064019738570103,16.813756162184983,17.652250113395763,545161000
2022-05-19,17.072982788085938,17.634305160902688,16.68414342710916,16.886539645818328,621310000
2022-05-20,16.644264221191406,17.35813066451446,15.708061631405265,17.280363930362633,739105000
2022-05-23,16.847652435302734,16.864601980883076,16.130794862027443,16.225511121055842,639889000
2022-05-24,16.105876922607422,16.54755802651823,15.732991463472423,16.46081730408353,588550000
2022-05-25,16.924427032470703,17.060021530351076,15.952331454150205,15.972272324867756,781132000
2022-05-26,17.797813415527344,18.038094588752674,15.974262384109384,15.988220610755953,996575000
2022-05-27,18.75495338439941,18.82474451489988,18.04607137007984,18.131815573979985,738379000
2022-05-31,18.61637115478516,19.1427979559488,18.29532999144944,18.923452187686586,664100000
2022-06-01,18.26541519165039,18.996231017813137,18.06800517898297,18.668212704516566,544514000
2022-06-02,19.533626556396484,19.56054653843792,18.14378074438324,18.237500543404728,648656000
2022-06-03,18.66422843933105,19.27440657553001,18.46681836923716,19.02515137889632,598779000
2022-06-06,18.730030059814453,19.27938905559113,18.50869134401449,19.081979003796526,422406000
2022-06-07,18.869613647460938,18.9433925831492,18.13381153154524,18.416965795176733,388914000
2022-06-08,18.59637451171875,19.12690128125382,18.48368648012161,18.74695554636219,363252000
2022-06-09,17.99803352355957,18.880583584037574,17.991052933850728,18.42983530392258,395574000
2022-06-10,16.9270076751709,17.648005592341615,16.822296926639886,17.551274019304014,465248000
2022-06-13,15.603680610656738,16.266839478389468,15.562793756532251,15.95570299606834,604153000
2022-06-14,15.792158126831056,16.021520910273885,15.369331242158152,15.687448327103723,469680000
2022-06-15,16.48124122619629,16.82129668540045,15.88190446378965,16.05043621718236,563936000
2022-06-16,15.55780792236328,15.897864407425716,15.358361819515215,15.816090696879078,545749000
2022-06-17,15.836033821105955,15.950715197159008,15.285562074810612,15.604675799839594,630334000
2022-06-21,16.5201358795166,16.960911609240924,16.361575686273117,16.429388214877477,483089000
2022-06-22,16.31470489501953,16.615868797299967,16.135202954286214,16.18107512298737,437135000
2022-06-23,16.180078506469727,16.539080487355168,15.809107764015794,16.473263235618262,463680000
2022-06-24,17.07858657836914,17.092547758876677,16.264845667803225,16.454320190454215,472153000
2022-06-27,16.82229995727539,17.2820241829413,16.57997263919412,17.264074363466463,427968000
2022-06-28,15.937751770019531,17.15437333107961,15.900853555794448,16.85320941802592,461149000
2022-06-29,15.498970985412598,15.776201206281394,15.128001145361374,15.770218251263673,482352000
2022-06-30,15.11703109741211,15.523901498559498,14.820853441865893,15.318471504237966,686070000
2022-07-01,14.482789993286133,15.021294859447558,14.352153126123206,14.857749366858286,577610000
2022-07-05,14.92257022857666,14.929550817854716,14.016087452919178,14.135755105271844,651397000
2022-07-06,15.08811378479004,15.27659068106762,14.74805726364274,14.968446110382748,529066000
2022-07-07,15.814096450805664,15.900855482165372,15.346395028402622,15.41320992490336,492903000
2022-07-08,15.794153213500977,15.992602644864192,15.346395900511634,15.387282758295411,467972000
2022-07-11,15.110051155090332,15.484012943856513,14.996366451757986,15.483015309181384,437321000
2022-07-12,15.040242195129396,15.38827589482835,14.835809855403015,15.225727086961914,458483000
2022-07-13,15.122017860412598,15.332434145906136,14.424953642931776,14.549607579077357,521918000
2022-07-14,15.32944107055664,15.430161276206992,14.687223985290592,15.066172037556123,456235000
2022-07-15,15.718361854553224,15.738305988579,15.40223910380052,15.615647329390558,385935000
2022-07-18,16.05642318725586,16.850218938777058,15.957698248928535,16.25686691896844,670517000
2022-07-19,16.944955825805664,17.062629156569145,16.127226415976143,16.440356240924725,702366000
2022-07-20,17.7576961517334,17.883348644030917,16.7544828947443,16.900078566553773,760538000
2022-07-21,18.00002670288086,18.093766321144624,17.496425663382336,17.835484504614854,557049000
2022-07-22,17.27105140686035,17.917256187628578,17.089554175506528,17.843461655137467,536671000
2022-07-25,16.976863861083984,17.07658735999903,16.602902166703213,16.971876640001085,480748000
2022-07-26,16.48722267150879,16.872153555435744,16.432374656838412,16.842235937778984,397865000
2022-07-27,17.740745544433594,17.886341221329417,16.866172897497414,16.984842903526864,569776000
2022-07-28,17.934213638305664,18.089781916040348,17.391720887088947,17.925239679284864,474646000
2022-07-29,18.112712860107425,18.19348797443547,17.643016231379985,17.763681512135797,435460000
2022-08-01,18.38994407653809,18.79382347486427,17.940192505913,18.13166037008038,476469000
2022-08-02,18.47470664978028,18.885566611126663,18.04190823831805,18.07182586289512,489527000
2022-08-03,18.84069061279297,18.91548372116721,18.086783232155422,18.1336539858444,418146000
2022-08-04,19.16180229187012,19.2206389621084,18.70806206227677,18.79681636049093,409652000
2022-08-05,18.93642807006836,19.17576338661587,18.61432236168048,18.75792279078178,386068000
2022-08-08,17.743736267089844,18.188502488777345,17.19426311465401,17.453543487866224,981859000
2022-08-09,17.038698196411133,17.398698836090517,16.677700873007122,17.20423899397108,668263000
2022-08-10,18.0468978881836,18.067839657584745,17.269056663137828,17.64900236749365,597422000
2022-08-11,17.89232063293457,18.655203751939545,17.826503392609226,18.080798399633373,509327000
2022-08-12,18.657203674316406,18.66617953381499,17.903296146751718,18.109723796605994,478094000
2022-08-15,18.979307174682617,19.1109416861416,18.561468505502724,18.649224212452747,457666000
2022-08-16,18.826732635498047,19.089004999072056,18.449778881107083,18.867619490970508,451240000
2022-08-17,18.284238815307617,18.636262177287165,18.094766197974923,18.47171996728055,446799000
2022-08-18,18.721025466918945,18.8127698107228,18.13265879882492,18.250332132443727,415447000
2022-08-19,17.799583435058594,18.468725204485096,17.720801686073024,18.35504051013906,441588000
2022-08-22,16.986841201782227,17.509390657788362,16.91902867077679,17.441578126782925,409593000
2022-08-23,17.13343048095703,17.416644561805427,16.923014238335547,16.94196263706093,369986000
2022-08-24,17.17431640625,17.357806968229475,16.848222128016733,16.96489685836931,522661000
2022-08-25,17.863407135009766,17.897313400062618,16.78639724119501,16.797366467637275,770691000
2022-08-26,16.21498680114746,17.874379819726403,16.192049758099092,17.80756586241982,769127000
2022-08-29,15.757253646850586,16.29276663412164,15.723348333249264,15.97564814658675,496132000
2022-08-30,15.425175666809082,15.994593942634191,15.13996723606161,15.915813141555711,530181000
2022-08-31,15.052209854125977,15.496975134961382,14.917583393679934,15.3414069074727,573710000
2022-09-01,13.898414611816406,14.340187972290808,13.233261435486058,14.169660919691056,1178865000
2022-09-02,13.609217643737791,14.131766129658756,13.55337197606146,14.060963550220944,743157000
2022-09-06,13.42772102355957,13.740851814141765,13.314036323816168,13.692984371926862,535751000
2022-09-07,13.680096626281738,13.803790627120508,13.313006348581766,13.529469898732929,512657000
2022-09-08,13.955414772033691,13.973370875053297,13.335950622483423,13.425727332314583,624873000
2022-09-09,14.351432800292969,14.438217613905524,14.091078359455306,14.122000907484114,486612000
2022-09-12,14.46914005279541,14.511036035425132,14.162898875313989,14.333476599142044,484159000
2022-09-13,13.09853458404541,13.887579287110125,13.06661411156495,13.767876088333708,714956000
2022-09-14,13.09554672241211,13.257145947776172,12.88107806854957,13.221234691700795,588507000
2022-09-15,12.897037506103516,13.200285874328175,12.758381195489552,12.982825342829914,523625000
2022-09-16,13.165369987487791,13.179335313818578,12.585806090810705,12.710497048087856,670751000
2022-09-19,13.348917961120604,13.429718046056754,12.977837851259611,12.979832762404737,569685000
2022-09-20,13.143424034118652,13.44966518424696,13.024718760603728,13.182328122597518,524818000
2022-09-21,13.228217124938965,13.996314062404092,13.0775903896323,13.180336402327288,807679000
2022-09-22,12.52994441986084,13.116490962587756,12.397273823589744,13.03768580803516,759162000
2022-09-23,12.485055923461914,12.579821317047688,12.226696435880545,12.389293550179527,663309000
2022-09-26,12.197769165039062,12.627704338358164,12.183803837251508,12.460119453590892,547343000
2022-09-27,12.382312774658203,12.704514210651316,12.227696230944115,12.47608025152524,553854000
2022-09-28,12.704513549804688,12.7912983579507,12.323457977799617,12.379319288548018,542414000
2022-09-29,12.189789772033691,12.469097284845578,11.916466992118153,12.417225794477424,532763000
2022-09-30,12.108989715576172,12.60176887493644,12.045147807986924,12.057118225117197,565638000
2022-10-03,12.481067657470703,12.646657634128852,12.075073310975306,12.316475611950034,547478000
2022-10-04,13.134448051452637,13.187317472632325,12.847159945252836,12.847159945252836,584182000
2022-10-05,13.17634391784668,13.28806749206822,12.589798244962582,12.8790812595342,507131000
2022-10-06,13.097537994384766,13.622237554535424,13.070604321982785,13.187315633969389,644157000
2022-10-07,12.046144485473633,12.638675790831927,11.992278089651654,12.474083761565735,672478000
2022-10-10,11.64114761352539,12.094024681790136,11.379795288609536,12.007239883816968,698699000
2022-10-11,11.557358741760254,11.816715273902876,11.255107337706312,11.532419973360271,667482000
2022-10-12,11.47157096862793,11.705989685078036,11.316954408897722,11.550376145395958,492590000
2022-10-13,11.930431365966797,12.048139665363264,10.786266778590695,10.943876148054612,850103000
2022-10-14,11.199244499206545,12.081058872016744,11.176301596444594,12.027192471424224,713432000
2022-10-17,11.858610153198242,11.918462240438943,11.48852799742512,11.48952497727775,580774000
2022-10-18,11.93741512298584,12.461116834509994,11.589277945577948,12.313482956867912,659362000
2022-10-19,12.02120590209961,12.3194674213086,11.804742384541736,11.849631206949502,523131000
2022-10-20,12.163853645324709,12.73743191217373,12.075072975272215,12.08305357020032,652398000
2022-10-21,12.435179710388184,12.46710113661728,11.857611660936854,12.068089492311048,609494000
2022-10-24,12.567853927612305,12.678579584853372,12.034176655941128,12.477079284905397,517457000
2022-10-25,13.228217124938965,13.267121222834982,12.632692848550477,12.662619370414102,505482000
2022-10-26,12.864115715026855,13.35489891660878,12.676580802002702,12.83718299521157,532953000
2022-10-27,13.143424034118652,13.803787996713409,13.089557639646497,13.596302061670135,583113000
2022-10-28,13.799800872802734,13.815762065346776,13.028712026970018,13.071605948213216,521040000
2022-10-31,13.463630676269531,13.803788166627175,13.264125332932366,13.743936087967768,486341000
2022-11-01,13.509519577026367,13.890575176364532,13.485578741755033,13.776856684484033,432817000
2022-11-02,13.186320304870604,14.174870563722804,13.178340660596591,13.81576088584204,672628000
2022-11-03,13.387818336486816,13.746928905168618,12.923968770800348,13.010753571214046,500065000
2022-11-04,14.12100315093994,14.1938226319805,13.663137321682004,13.951423355113535,612576000
2022-11-07,14.265642166137695,14.37636779307645,13.919500910812577,14.192822695386663,410061000
2022-11-08,14.565899848937988,14.854184915550686,14.180853521426071,14.764407269491864,595292000
2022-11-09,13.741943359375,14.175868382440134,13.724985188452262,14.126988780724597,454414000
2022-11-10,15.711060523986816,15.734003424063603,14.51103468975513,14.763409444549325,700819000
2022-11-11,16.286636352539062,16.348483351245335,15.443726031126111,15.767922381770838,655487000
2022-11-14,16.254714965820312,16.49911010478808,15.882636965812782,16.17790566297231,527852000
2022-11-15,16.62479591369629,16.955973916165302,16.34149766989013,16.68065721766376,545876000
2022-11-16,15.870667457580566,16.32154969717503,15.833759225066268,16.122045274835585,649547000
2022-11-17,15.6382417678833,16.225786282199604,15.496592636887351,15.676147926956387,710894000
2022-11-18,15.370906829833984,15.962441247903389,15.082620775152405,15.926529043321702,492072000
2022-11-21,15.279131889343262,15.43873616621096,15.0427173645285,15.1095521073422,404739000
2022-11-22,15.9983491897583,16.018300200179006,15.084613460927304,15.290104492204474,472866000
2022-11-23,16.47816276550293,16.486144313073122,16.008328349427657,16.05820398423219,427241000
2022-11-25,16.22977638244629,16.44623895293213,16.13201909254946,16.277658047637875,167934000
2022-11-28,15.787871360778809,16.316561753105944,15.686124245692138,15.986378789361892,303741000
2022-11-29,15.600335121154783,15.892610948250487,15.481629846314512,15.787870048545496,298384000
2022-11-30,16.885478973388672,16.892463422668655,15.562418742832724,15.662196453752513,565298000
2022-12-01,17.097007751464844,17.226718672364875,16.598116373493134,16.96130961638063,470977000
2022-12-02,16.838584899902344,16.895459640770735,16.408540682249722,16.622066938764753,371389000
2022-12-05,16.57317543029785,16.95732209492753,16.435480895818028,16.64202269753776,352255000
2022-12-06,15.951557159423828,16.53625748277145,15.783929395985323,16.493353544908274,352694000
2022-12-07,16.08426284790039,16.150116510882306,15.632266127408132,15.737033837548465,372388000
2022-12-08,17.130935668945312,17.140913726572844,15.923617339692608,16.236922259213415,515456000
2022-12-09,16.963308334350586,17.544018774553155,16.93736690492108,17.121956228129644,465338000
2022-12-12,17.496126174926758,17.49911978299442,16.759763296368646,16.999231007459425,457328000
2022-12-13,18.031932830810547,18.748341354532823,17.67173314781312,18.48991481040543,656589000
2022-12-14,17.63481903076172,18.211538706655222,17.381382402080057,17.947124880020315,496888000
2022-12-15,16.914417266845703,17.281601445328924,16.662977044280925,17.107987414571323,478542000
2022-12-16,16.534257888793945,17.003217021729515,16.37361555870543,16.826609420854215,478232000
2022-12-19,16.21796417236328,16.57217667143344,16.109206574205285,16.53525994983705,354039000
2022-12-20,16.049341201782227,16.273842793219973,15.81685887517986,16.028387846789393,403260000
2022-12-21,16.46441650390625,16.590138515163844,16.066300925017234,16.078275356146534,325025000
2022-12-22,15.304990768432615,16.102219997924365,14.849004230215598,16.05831692863529,565045000
2022-12-23,15.172287940979004,15.304992495444772,14.850004092190744,15.162309883054668,349326000
2022-12-27,14.089695930480955,15.0665257104322,14.02483949386969,15.040583326099725,464902000
2022-12-28,14.004881858825684,14.230380640006066,13.853218422811985,13.896123310795858,351066000
2022-12-29,14.570622444152832,14.650444994919855,14.195456645859789,14.370068832497603,354923000
2022-12-30,14.581598281860352,14.596564414988238,14.201442514206745,14.302218410381846,310490000
2023-01-03,14.283263206481934,14.962754136499148,14.064748866809971,14.818075144951218,401277000
2023-01-04,14.716300010681152,14.820069526606868,14.209426861493183,14.534704309371104,431324000
2023-01-05,14.233375549316406,14.53171246808561,14.116634353930149,14.458874351118146,389168000
2023-01-06,14.826056480407717,14.976721722809424,14.002885769126838,14.441909831289994,405044000
2023-01-09,15.593353271484377,16.020403900966134,15.107432477127848,15.250116050155102,504231000
2023-01-10,15.873730659484863,15.926612657782302,15.437699200244236,15.472621454131234,384101000
2023-01-11,15.965524673461914,15.992465239813418,15.528496008879635,15.804882316459198,353285000
2023-01-12,16.474395751953125,16.600115869170452,15.45765476249962,16.06430761543747,551409000
2023-01-13,16.861534118652344,16.884483841910928,16.129162184625386,16.241910621869895,447287000
2023-01-17,17.66275405883789,17.68869739083552,16.861534824609727,16.861534824609727,511102000
2023-01-18,17.33847427368164,17.83337297862017,17.243683680111356,17.627830325283927,439624000
2023-01-19,16.727825164794922,17.158868371908746,16.693902062682255,16.998224165881695,452932000
2023-01-20,17.79945182800293,17.816414337109105,16.787699916065623,16.973286475081306,564967000
2023-01-23,19.150449752807617,19.202334514054723,17.77849813911899,18.0239511412495,655163000
2023-01-24,19.222286224365234,19.45177772895965,18.778273155345232,18.7852576049282,496204000
2023-01-25,19.280160903930664,19.32705758807713,18.5388081029194,18.87107002531869,449537000
2023-01-26,19.75809669494629,20.12128998408436,19.235258296776955,19.657320791237296,489535000
2023-01-27,20.31985092163086,20.582268342414245,19.36198013839365,19.418852978689333,542142000
2023-01-30,19.11952018737793,20.095350783793005,19.10754575502425,19.90577336731511,488611000
2023-01-31,19.493690490722656,19.64335758593456,18.907991875192625,19.12750348796205,498017000
2023-02-01,20.89657020568848,21.14501681820192,19.567522516028927,19.647345080075983,660477000
2023-02-02,21.660869598388672,21.900337276933485,20.65410773302951,20.953441855430544,564276000
2023-02-03,21.05321884155273,21.696789246514708,20.74290754825101,20.95344017438409,429366000
2023-02-06,21.042245864868164,21.522178471104034,20.73991622267868,20.759872338931974,452197000
2023-02-07,22.12384414672852,22.209653931499272,21.10311135974189,21.33459738007037,664150000
2023-02-08,22.15576934814453,22.82727757872674,21.95920561326959,22.337365045310303,559651000
2023-02-09,22.28747940063477,22.96896577241173,22.07096142740167,22.55588404014392,523876000
2023-02-10,21.21785354614257,22.02905079986804,20.76486152389426,21.64191243623625,550737000
2023-02-13,21.73969268798828,21.99911645552033,20.91552384659178,21.49024697725974,474919000
2023-02-14,22.920072555541992,22.99789874171555,21.318629492503824,21.530159368940577,675474000
2023-02-15,22.71352767944336,22.80432551871884,22.056987553870204,22.49900422442741,420575000
2023-02-16,21.95322227478028,22.500005788164945,21.878387788866807,22.08393046172455,412026000
2023-02-17,21.3405818939209,21.69180077135165,20.92849743532747,21.58304317749563,465888000
2023-02-21,20.609207153320312,21.44634583081081,20.5722885301492,20.95344157986637,410015000
2023-02-22,20.70798683166504,21.05721124102222,20.37572493019937,20.661092053593148,513184000
2023-02-23,23.611536026000977,23.8350403425162,22.973952761903,23.38803361260576,1117995000
2023-02-24,23.234373092651367,23.42195791647785,22.89612587509221,23.17350941362294,589716000
2023-02-27,23.448898315429688,23.8270577925176,23.40200353334105,23.61752427082776,452994000
2023-02-28,23.16452980041504,23.772180806302725,23.15455174201123,23.320184085898383,455963000
2023-03-01,22.647676467895508,23.204439895549427,22.45809718193452,23.140580708274207,460026000
2023-03-02,23.26231384277344,23.3281675106524,22.38226919901642,22.438146710867823,389415000
2023-03-03,23.837034225463867,23.8470122834048,23.07871895003249,23.268298244670323,412393000
2023-03-06,23.50178337097168,24.194243164611763,23.43493056523591,23.8380361602402,437429000
2023-03-07,23.24031639099121,24.07560247170694,23.193411743392723,23.55167782451388,515154000
2023-03-08,24.131488800048828,24.15045090228496,23.376038799236685,23.438909531706024,513573000
2023-03-09,23.38801383972168,24.4039290574924,23.33512096029611,24.125499097663184,501257000
2023-03-10,22.917978286743164,23.57862346689309,22.67946733016357,23.36106942050816,474866000
2023-03-13,22.91897773742676,23.25029871307036,22.251348764376388,22.705417095913955,421890000
2023-03-14,24.013729095458984,24.169409811888126,23.411963139447696,23.447890629973315,474910000
2023-03-15,24.17839241027832,24.23627231190452,23.312169659954225,23.71234766041433,524486000
2023-03-16,25.48870277404785,25.535605516897093,23.845073897032023,23.97780289186261,583253000
2023-03-17,25.672325134277344,26.3449448193976,25.61544073749828,25.9287988632653,848547000
2023-03-20,25.846967697143555,25.97071434732945,25.07854386503028,25.56255140531931,432747000
2023-03-21,26.14535522460937,26.337960836204616,25.329031245204536,26.126395026788483,547408000
2023-03-22,26.41380500793457,27.53250995771594,26.18327710097612,26.370891881444173,797295000
2023-03-23,27.135326385498047,27.442696318614,26.635352731683053,27.05948178238723,564889000
2023-03-24,26.72416877746582,27.111374826778054,26.301037139360137,26.97565360934988,454920000
2023-03-27,26.476675033569336,26.94471456809312,26.31101457113405,26.782048221700336,361026000
2023-03-28,26.355926513671875,26.4587162651786,25.79707362244328,26.39285141255485,356104000
2023-03-29,26.92875099182129,27.022558394921944,26.542544221094687,26.770078043139726,393694000
2023-03-30,27.32693099975586,27.44269460926943,27.04650622795167,27.17324699449219,364516000
2023-03-31,27.720123291015625,27.77700578403353,27.049498418004845,27.08442659853217,433933000
2023-04-03,27.907739639282227,27.942667821784,27.28002785503765,27.452673959085395,398716000
2023-04-04,27.39678955078125,27.94267046047468,27.251088574745484,27.908739678999307,368592000
2023-04-05,26.825963973999023,26.94272310172951,26.34095895643753,26.774070393859866,515015000
2023-04-06,26.981639862060547,27.02455108460632,26.372888285157632,26.529566401792227,397654000
2023-04-10,27.52252960205078,27.564443419953324,26.614393073942708,26.768077072918704,395279000
2023-04-11,27.11336898803711,27.733097708803008,27.07045586293639,27.667232866582555,314378000
2023-04-12,26.440752029418945,27.4117593746922,26.39384737924561,27.313960457156856,446259000
2023-04-13,26.40881729125977,26.83194895311181,26.27509277834578,26.67926233700585,353615000
2023-04-14,26.703208923339844,26.82795296952223,26.16631044197804,26.449729310820583,395660000
2023-04-17,26.94670867919922,26.95070019905627,26.3788735796498,26.510603252147177,321471000
2023-04-18,27.6103515625,28.05244531067526,27.300986821273888,27.476627054688475,604812000
2023-04-19,27.87380599975586,27.942664953460447,27.176237922113327,27.304973482039863,358660000
2023-04-20,27.04850196838379,27.972606485594795,26.944714827313312,27.6143404163382,427713000
2023-04-21,27.06346893310547,27.12733896388513,26.667282494525807,26.896811075410813,345103000
2023-04-24,26.986629486083984,27.30996548020969,26.61638884445198,26.957689535565127,339282000
2023-04-25,26.18726921081543,27.1912098835516,26.17130312906319,27.02255529680181,378527000
2023-04-26,26.90080451965332,27.27403926890777,26.65031901312097,26.94671176186849,406337000
2023-04-27,27.170255661010746,27.43870589903665,26.57048635253724,27.30697619433551,377161000
2023-04-28,27.69217872619629,27.701159169994924,27.01556567061933,27.16925155716985,292216000
2023-05-01,28.85080337524414,28.99850104431381,27.7231180146928,27.782994624988884,570329000
2023-05-02,28.15223503112793,28.77695456083641,28.02549617838008,28.621273856351937,402730000
2023-05-03,27.74507522583008,28.308918916724693,27.415750979636734,27.782997527115576,383387000
2023-05-04,27.50556182861328,27.8019526442902,27.18422068244442,27.59437838118308,321850000
2023-05-05,28.62127685546875,28.696122147897874,27.67422056486533,27.76902536331952,361494000
2023-05-08,29.09131050109864,29.16016946274796,28.29195191030692,28.46359870886539,344979000
2023-05-09,28.512500762939453,28.91367810469715,28.3917501214332,28.839830211659567,314869000
2023-05-10,28.825857162475582,29.053390963914687,28.402725530757564,28.94561039227481,369350000
2023-05-11,28.51947975158692,28.890719649228306,28.18816076276868,28.836829372653604,322149000
2023-05-12,28.281970977783203,28.72107056378974,27.988572349830022,28.470583157825374,274222000
2023-05-15,28.89371490478516,28.90968288930767,28.09435634331566,28.449626392092515,293926000
2023-05-16,29.153186798095703,29.808843106968173,28.772968267342456,28.78194871333373,449405000
2023-05-17,30.11620712280273,30.137164031905737,29.36973953223081,29.523423532319487,432535000
2023-05-18,31.61313247680664,31.762824941212354,30.25791345051095,30.34772930984297,748725000
2023-05-19,31.19998550415039,31.515338464823536,30.85269847604877,31.471427932457345,473908000
2023-05-22,31.11216354370117,31.455459020418363,30.61717888104211,30.83772512040776,372000000
2023-05-23,30.62516593933105,31.223937817936044,30.568283438861428,30.936527392343383,356253000
2023-05-24,30.47547149658203,30.544330458079507,29.744969965607368,30.14814207840876,721419000
2023-05-25,37.90222930908203,39.39915781484461,36.559982197378055,38.44411669724596,1543911000
2023-05-26,38.86626052856445,39.089800933075296,37.47311881105836,37.81242284228532,714397000
2023-05-30,40.02886962890625,41.85212836748926,39.86720258532556,40.5118797580755,923401000
2023-05-31,37.75652694702149,40.21248609510539,37.74455048395033,39.40713938095961,1002580000
2023-06-01,39.68857192993164,39.967997415586815,38.26149953067262,38.410192719285774,635873000
2023-06-02,39.2464714050293,40.4170698367897,38.97802122010776,40.014895164925456,482731000
2023-06-05,39.09079360961914,39.48398404045427,38.627743010740026,38.82932905392205,396094000
2023-06-06,38.574851989746094,39.0798164296081,38.069887549884086,38.750494112150655,388729000
2023-06-07,37.40213394165039,39.42220064737449,37.28336583715142,38.8393365135724,511998000
2023-06-08,38.43512725830078,38.78843910356959,37.43208391857247,37.650656098499375,417772000
2023-06-09,38.694618225097656,39.6337866781629,38.492013810296655,38.96109737948555,427717000
2023-06-12,39.40523147583008,39.45313848189554,38.542912981212005,39.12378209838564,388701000
2023-06-13,40.94224166870117,41.021090447407424,39.662736532909214,40.10786853731384,613208000
2023-06-14,42.91340255737305,42.91639507972652,40.47315286932789,40.744627187256896,740465000
2023-06-15,42.570072174072266,43.20483722073351,42.06505544214176,42.51917264005908,568622000
2023-06-16,42.60898971557617,43.635988226566326,42.57804795221799,43.36551525859182,655709000
2023-06-20,43.72282791137695,43.90447708552211,42.5910337413259,42.9144051358894,451153000
2023-06-21,42.961307525634766,43.53020280046162,41.998187390967416,43.416422222584046,551603000
2023-06-22,42.94134521484375,43.3415626918256,42.15188284213235,42.170843097037455,417737000
2023-06-23,42.126930236816406,42.72576209923424,41.93330719856048,42.381435491620046,358140000
2023-06-26,40.55299758911133,42.68085222800045,40.02203048498169,42.37843996162479,594322000
2023-06-27,41.794578552246094,41.858453292545065,40.3693574663394,40.71967293420545,462175000
2023-06-28,41.03705596923828,41.76364114383004,40.43922159164072,40.58094379252524,582639000
2023-06-29,40.74262619018555,41.51911336113598,40.521057714884826,41.47719520674288,380514000
2023-06-30,42.21975326538086,42.467272192490576,41.42031190443648,41.5989647398468,501148000
2023-07-03,42.330528259277344,42.81458581035407,42.11994000015232,42.434326127886784,198209000
2023-07-05,42.23472595214844,43.09305068763653,42.00317476731274,42.053076792694064,323618000
2023-07-06,42.02114486694336,42.09699732253943,41.265616640980895,41.76264953628558,303582000
2023-07-07,42.42036056518555,43.12998052643295,42.097990517388034,42.239712723775206,355881000
2023-07-10,42.097991943359375,42.727765640952,41.568022298100566,42.57406572515449,353908000
2023-07-11,42.32254409790039,42.67485834432988,41.98520388273632,42.39839653240351,298244000
2023-07-12,43.8166389465332,43.84957572671799,42.69382635632928,42.949329116868,481277000
2023-07-13,45.88761138916016,46.065262910266576,44.40549795947818,44.43144838419821,478204000
2023-07-14,45.38059616088867,47.99450350820883,44.972390985691305,46.492428621249765,772075000
2023-07-17,46.37066268920898,46.40559448511717,45.17399644703976,46.19900003919172,510488000
2023-07-18,47.40165710449219,47.8028759240553,45.645080740043866,46.61019966194242,569164000
2023-07-19,46.98545837402344,47.72501862546396,46.65111069572906,47.37170688757378,427502000
2023-07-20,45.431488037109375,46.99544238777774,44.97437842308253,46.41656835473567,537865000
2023-07-21,44.22285461425781,45.77683058262833,44.014261307837806,45.698979302609416,963769000
2023-07-24,44.52526092529297,45.02129625877823,43.95437445925072,44.64402903720118,382516000
2023-07-25,45.59019088745117,46.09320880823953,44.83566019898798,44.85362675642214,348081000
2023-07-26,45.36362457275391,45.96345774796509,44.54322423850326,45.93151847506049,364237000
2023-07-27,45.81075286865234,47.302844902001375,45.6610430080092,46.428548757899605,455976000
2023-07-28,46.65910720825195,46.93556908272483,46.2908251472219,46.57726590418292,331194000
2023-07-31,46.63813781738281,47.03835906699624,46.415571856481925,46.6630907290073,251055000
2023-08-01,46.41657638549805,46.8088138287661,45.93751010661882,46.369666884333206,237858000
2023-08-02,44.18292617797852,45.75087073720943,43.30264113304632,45.74188936339505,530142000
2023-08-03,44.42845153808594,45.03027980086514,43.714841517541664,43.714841517541664,324176000
2023-08-04,44.5931282043457,45.55325576078865,44.30668747221976,44.897535492129286,362666000
2023-08-07,45.32869338989258,45.45145533165503,44.47635377122551,45.02328860387296,322154000
2023-08-08,44.57716369628906,45.15403903929904,43.97034409168303,44.76579541158173,353843000
2023-08-09,42.47126388549805,44.22584525940291,42.05207850406444,44.1879171318669,586449000
2023-08-10,42.30559158325195,43.48928663606157,41.75366530069566,42.07803421130193,492705000
2023-08-11,40.77555847167969,41.93629907044149,40.5599788718329,41.66981614067662,533085000
2023-08-14,43.667930603027344,43.71484010551156,40.23262525589616,40.40728424676243,690286000
2023-08-15,43.85457229614258,45.17999337738196,43.62501990951706,44.4733696589914,676512000
2023-08-16,43.40144729614258,44.588134620821634,43.32160101804752,44.43343721611258,527451000
2023-08-17,43.25972366333008,43.97632609118521,42.91738827793847,43.88450592025357,452395000
2023-08-18,43.214805603027344,43.49326242209668,41.57899267212394,42.55209527796399,583768000
2023-08-21,46.87568283081055,46.97349186656967,44.13602090022551,44.40749142092356,692573000
2023-08-22,45.57920837402344,48.09331176452581,45.24486061801989,48.04141091720703,755293000
2023-08-23,47.02439498901367,47.108231304990525,45.120103708429646,45.77682532419549,779046000
2023-08-24,47.07130432128906,50.168272136137816,47.06731429104691,50.1183701071456,1156044000
2023-08-25,45.928524017333984,47.71204812043245,44.9364534643998,46.92059076298821,925341000
2023-08-28,46.74394607543945,46.88866463444688,44.80073268442008,46.39163171131143,685192000
2023-08-29,48.68914413452149,48.98556752704201,46.30079556232575,46.57526237156326,701397000
2023-08-30,49.16820907592773,49.829918115562,48.33083976005429,48.94863563426867,735206000
2023-08-31,49.259037017822266,49.64728061160453,48.86280955740575,49.2839899324245,528570000
2023-09-01,48.4146728515625,49.7031628603495,48.04838590640615,49.665238548597735,463830000
2023-09-05,48.45360565185547,48.75601791251672,47.76694364415611,48.1292368066892,382653000
2023-09-06,46.97336959838867,48.45859779156676,46.49326626281809,48.35080099771677,468670000
2023-09-07,46.15489196777344,46.25770080270002,45.06791918340748,45.44022568609704,433330000
2023-09-08,45.48714065551758,46.519215678178135,45.18670244634744,45.85645443360831,473069000
2023-09-11,45.0938720703125,46.07703462980452,44.2294835865988,46.062063171640766,473966000
2023-09-12,44.78644561767578,45.587951736657104,44.44807617569655,44.6546914479524,349256000
2023-09-13,45.40030670166016,45.84447779885845,44.4201329496468,44.51695245570367,398355000
2023-09-14,45.49612045288086,45.90136263395265,45.0469576802591,45.86443278415264,370097000
2023-09-15,43.81825256347656,45.514086250608685,43.7264210191702,45.256567267439614,506831000
2023-09-18,43.88412857055664,44.15961559349167,41.92178994211319,42.66839815481211,500271000
2023-09-19,43.438961029052734,43.8841296709857,42.921924053303314,43.7513779115944,373064000
2023-09-20,42.16034698486328,43.82124998391259,42.14437793528599,43.51881278602881,367108000
2023-09-21,40.94062042236328,42.021603947761406,40.903690569058845,41.505568360727295,450736000
2023-09-22,41.53252029418945,42.0365810200349,41.15422440049522,41.49458904205834,479236000
2023-09-25,42.14338302612305,42.45679753767784,41.10032682953403,41.513557426280826,419091000
2023-09-26,41.83295440673828,42.74026210135053,41.57743060128468,41.92278696484624,402282000
2023-09-27,42.388919830322266,42.79217068875673,41.55148521974545,42.2511801171412,444935000
2023-09-28,43.00876235961914,43.36509601724836,42.036577072071424,42.38093203987961,424663000
2023-09-29,43.417999267578125,44.06179864340564,43.22635545841842,43.74538760189782,397830000
2023-10-02,44.698612213134766,45.09087814744479,43.77932579033049,43.9480098133722,433298000
2023-10-03,43.43596649169922,45.045965740925496,43.16547120468859,44.7245629218231,470850000
2023-10-04,43.95898818969727,44.06079943552314,43.21138241263282,43.6605451941074,361821000
2023-10-05,44.60478591918945,44.816392949836604,43.80627636575413,43.967973455641534,393483000
2023-10-06,45.676788330078125,45.70373848025028,43.9440208476475,44.11070969679084,434436000
2023-10-09,45.188697814941406,45.5200803424116,44.28538419676615,44.75850060605626,409675000
2023-10-10,45.71271896362305,46.17285906419018,45.004041982640686,45.22562871384522,368582000
2023-10-11,46.718841552734375,46.77174426177856,45.96424879463127,46.10997683430652,378137000
2023-10-12,46.85757827758789,47.52034323269725,46.24372566858878,46.68989185981617,481325000
2023-10-13,45.37635040283203,47.02827139098628,45.19568766753486,46.87255982126832,474115000
2023-10-16,46.0091667175293,46.13892190023753,44.82836714020883,44.97908693457242,375099000
2023-10-17,43.85618591308594,44.67066838631244,42.40090056802487,43.91807074145932,812333000
2023-10-18,42.11742401123047,43.13852165493323,41.74711648202066,42.51168892025405,627294000
2023-10-19,42.02261352539063,43.21638582989178,41.80401951663401,42.731290656514126,501233000
2023-10-20,41.3099365234375,42.39092011000652,41.00150997673177,41.81199826924351,477266000
2023-10-23,42.89497375488281,43.16746801501632,40.86875508234883,41.15222663549808,478530000
2023-10-24,43.58169555664063,43.615632642963874,42.61150915403504,42.99678817947999,401463000
2023-10-25,41.701202392578125,43.56872058494652,41.4776204791236,43.31718712471628,398379000
2023-10-26,40.25091171264648,42.17731828601072,39.80574303401105,41.77506880872993,541001000
2023-10-27,40.424583435058594,41.1292700454015,39.94048596248548,41.05341135461909,416784000
2023-10-30,41.0843620300293,41.68823512944624,40.4056278108709,41.01050230769855,388028000
2023-10-31,40.70405960083008,40.80287807912132,39.15694672159714,40.37467609597359,517969000
2023-11-01,42.246192932128906,42.30208841819016,40.79290267934758,40.80787414060049,437593000
2023-11-02,43.42498779296875,43.802282272530825,42.814127888386025,43.247317846401735,409172000
2023-11-03,44.92119598388672,45.22462694220357,43.64158173973637,43.93802957100558,424610000
2023-11-06,45.66580581665039,45.849465106470674,44.81539115087882,45.20067395834923,400733000
2023-11-07,45.86943435668945,46.13194133469671,45.07391747451028,45.63387372397261,343165000
2023-11-08,46.48727416992188,46.77972783290373,45.8823998221808,46.01415398971753,346719000
2023-11-09,46.86257553100586,48.14019083451283,46.662947187934414,47.3786111235174,540496000
2023-11-10,48.24499130249024,48.38173722144184,47.194952159011976,47.411547124751294,421245000
2023-11-13,48.52946472167969,49.02454332437156,48.00943495548385,48.230024106474055,384136000
2023-11-14,49.56353759765625,49.74120755867973,48.948687284637685,49.58749498042509,416954000
2023-11-15,48.796966552734375,49.86696898933371,48.11024794590893,49.84201782618033,475497000
2023-11-16,49.38786315917969,49.432781344923285,48.24000685120362,48.58835600584551,339756000
2023-11-17,49.20620727539063,49.62442581647781,48.9157487529458,49.43178439121729,325205000
2023-11-20,50.31513977050781,50.45388089415767,49.08942564411514,49.22018224237135,414120000
2023-11-21,49.85099792480469,50.42292897370047,49.13034226224072,50.03265822480747,565747000
2023-11-22,48.62528610229492,50.2412708632355,47.6011956303171,49.7591723537565,899420000
2023-11-24,47.68703079223633,48.82989898903846,47.656086480679264,48.37973864420554,294645000
2023-11-27,48.15216827392578,48.4396301867081,47.5632667713432,47.71098998988454,395662000
2023-11-28,47.73195266723633,48.233020614585215,47.38460109717888,48.146180818273855,401491000
2023-11-29,48.05036544799805,48.67120896424544,47.77088801050765,48.28892266722265,382005000
2023-11-30,46.68291473388672,48.02041980667685,46.33556313621097,47.934577593167546,526247000
2023-12-01,46.67791748046875,47.11210883022558,46.10099466756543,46.43836652084653,369317000
2023-12-04,45.42525100708008,45.99119649745045,44.92618209165027,45.99119649745045,437543000
2023-12-05,46.483375549316406,46.51731180808335,45.19067140687653,45.385325095795785,371718000
2023-12-06,45.42226409912109,47.30292406979546,45.331425953011845,47.13122835946555,380590000
2023-12-07,46.51332092285156,46.54626331215597,45.52308054469381,45.618910872891085,350823000
2023-12-08,47.42170715332031,47.65629078492983,46.467402174460815,46.5123243077979,359224000
2023-12-11,46.54426956176758,47.44666494268496,45.74868658721169,47.40673880790064,509728000
2023-12-12,47.57244873046875,47.581431635575925,45.96430689603469,45.96430689603469,372387000
2023-12-13,48.00267791748047,48.50778063121328,47.52353004634861,47.54449269431196,447792000
2023-12-14,48.26420974731445,48.58364165791398,47.337858729747325,48.30413968812158,391232000
2023-12-15,48.80325698852539,49.316344970250725,48.03462269335951,48.108492709816815,479948000
2023-12-18,49.98814392089844,50.34351123549537,49.06279063158867,49.312347036005846,412587000
2023-12-19,49.51598358154297,49.61181391094036,48.80824198487287,49.33630266590499,464444000
2023-12-20,48.02563095092773,49.91028133379936,48.01265353097003,49.56688996732464,397894000
2023-12-21,48.903076171875,49.007889407965415,48.333086371904265,48.72439292790381,300425000
2023-12-22,48.74335861206055,49.29537497058781,48.38099994161529,49.107708829124014,252507000
2023-12-26,49.19156265258789,49.51199224313979,48.87312841671405,48.88111364335506,244200000
2023-12-27,49.32931900024414,49.59185284551433,48.997907338293054,49.42315398247824,233648000
2023-12-28,49.43413543701172,49.795492674643874,49.324329994165225,49.554922947314495,246587000
2023-12-29,49.43413543701172,49.90829495767348,48.664503467597335,49.724619498674286,389293000
2024-01-02,48.0825309753418,49.20753015338818,47.51054964423797,49.1566219566508,411254000
2024-01-03,47.484596252441406,48.09850289557728,47.23603751691528,47.40074566328975,320896000
2024-01-04,47.912841796875,48.41395003873669,47.42370949212884,47.68224884044641,306535000
2024-01-05,49.009883880615234,49.45908617572525,48.220287041681374,48.37601228101952,415039000
2024-01-08,52.16028594970703,52.18225008334284,49.39120958940494,49.4241519819298,642510000
2024-01-09,53.04571533203125,54.22861420741035,51.598287244233845,52.30802809263291,773100000
2024-01-10,54.25356674194336,54.50312317370562,53.39409433002728,53.52087170860792,533796000
2024-01-11,54.724727630615234,55.247799966123495,53.46496957614301,54.9014155282273,596759000
2024-01-12,54.61292266845703,54.872463461679565,54.23359967517569,54.52308221048439,352994000
2024-01-16,56.281959533691406,56.73415487746208,54.80259064863885,54.92038130782368,449580000
2024-01-17,55.95354461669922,56.37080221365978,54.642874592370525,56.24702168282456,474394000
2024-01-18,57.00567626953125,57.49780159403606,56.00745052096862,57.15840468720761,491650000
2024-01-19,59.385440826416016,59.39442372974931,57.12345894632279,57.88610325059809,543501000
2024-01-22,59.54815673828125,60.22395750387172,58.96519328035112,59.94245635666948,452955000
2024-01-23,59.76676559448242,59.80369869462783,58.48104894335419,59.464301820428496,294654000
2024-01-24,61.25312805175781,62.73748925623283,59.83165479543139,60.197006547482026,560271000
2024-01-25,61.50767135620117,62.607717226695215,60.74203016945469,62.239368666397,482777000
2024-01-26,60.92271423339844,61.67338271174931,60.46553046315559,60.85184105783135,390309000
2024-01-29,62.35416412353516,62.37811980223714,60.798929932553925,61.12335021592604,348733000
2024-01-30,62.6626205444336,63.38034661468554,62.1495325776363,62.78840024661466,410735000
2024-01-31,61.41782760620117,62.1585115885096,60.5922953608444,61.33098018068535,453795000
2024-02-01,62.91516876220703,63.07887923181449,61.5406131324354,61.98981163068563,369146000
2024-02-02,66.04261016845703,66.48182425910672,63.57698787949549,63.86048434942647,476578000
2024-02-05,69.20897674560547,69.37368488045085,67.085752030502,68.10393877262449,680078000
2024-02-06,68.1019515991211,69.630233381063,66.18236704818828,69.50645284574946,683111000
2024-02-07,69.97462463378906,70.09541214076467,67.48005798042527,68.19778404882926,495575000
2024-02-08,69.51742553710938,70.66837949372972,69.33175856710787,69.9496558671256,414422000
2024-02-09,72.0050277709961,72.0569298484953,70.08743069197543,70.40786033375117,436637000
2024-02-12,72.11980438232422,74.4786104438433,71.12357413495056,72.47117717433613,613710000
2024-02-13,72.00003051757812,73.31968365428922,69.4964845401849,70.27509946360114,602580000
2024-02-14,73.76888275146484,74.10428513350574,71.81036588559786,73.0721231436502,504917000
2024-02-15,72.5290756225586,73.8437401296513,72.27153779440317,73.73793302512789,420122000
2024-02-16,72.4841537475586,74.2699807907232,72.37235296886776,73.96851471281462,495327000
2024-02-20,69.32877349853516,71.82832841143384,67.61381946264177,71.81934169951924,704833000
2024-02-21,67.352294921875,68.7657830962581,66.1304674517911,67.8853441158395,673755000
2024-02-22,78.39866638183594,78.4355956825634,74.0883262285213,74.89189836868567,865100000
2024-02-23,78.6771469116211,82.24779566972408,77.43235796782388,80.64664555528343,829388000
2024-02-26,78.95166015625,80.50290355503131,78.3656961376025,79.55857539682756,503973000
2024-02-27,78.56136322021484,79.338988045559,77.02509990421383,79.24015705268404,391705000
2024-02-28,77.52519226074219,78.79293534780788,76.98814490868608,77.48226929356848,393110000
2024-02-29,78.97162628173828,79.84806674793919,78.21097730890395,78.95366047452625,507289000
2024-03-01,82.13301086425781,82.15397732028299,79.29405523547015,79.85805518730493,479135000
2024-03-04,85.08574676513672,87.53938523582946,83.57044270492621,83.98070887832954,615616000
2024-03-05,85.81549835205078,85.94827183043155,83.27290109267872,85.12269695886387,520639000
2024-03-06,88.5467758178711,89.56900902315816,86.87966241798968,87.86995321567885,582520000
2024-03-07,92.5089111328125,92.60674140930558,89.44720809741612,90.00224735235656,608119000
2024-03-08,87.37678527832031,97.23173191783088,86.35654773150235,94.97363874493584,1142269000
2024-03-11,85.6258316040039,88.6436045203793,84.0206076407832,86.27969890435133,678364000
2024-03-12,91.75422668457033,91.80114256968416,86.0011815049168,87.8969031445505,668075000
2024-03-13,90.73098754882812,91.345920701362,88.28222228746216,90.8976988663388,635713000
2024-03-14,87.79206848144531,90.48940398821422,86.45038860441925,89.42225054534444,602318000
2024-03-15,87.68525695800781,89.39130424407391,86.10799224334774,86.77982614282709,642086000
2024-03-18,88.30219268798828,92.24536587684682,86.9345566695886,90.23185202169164,668976000
2024-03-19,89.24356842041016,90.38758481674584,84.86314816147532,86.55022352343148,672171000
2024-03-20,90.21588897705078,90.253825344818,88.07059918494765,89.64187768825083,479063000
2024-03-21,91.27703857421876,92.48794810720764,90.24881917443112,92.14054972284488,480372000
2024-03-22,94.12611389160156,94.61426754269417,90.6770806979814,90.9835495525749,586719000
2024-03-25,94.8378677368164,96.59882008344006,93.34844863498571,93.7787037697564,552136000
2024-03-26,92.4011001586914,96.20851455285562,92.34220396856466,95.68541767838448,513648000
2024-03-27,90.0940933227539,93.0789259717654,88.96904130951937,92.95114873658731,586067000
2024-03-28,90.1999053955078,91.1422748017344,89.03891256279711,89.8445176119648,435212000
2024-04-01,90.20689392089844,92.0656767674512,89.04989954343785,90.14300911365386,452441000
2024-04-02,89.29747009277344,89.93835929549583,87.46863424504667,88.295199136712,433064000
2024-04-03,88.81031036376953,90.21787822523544,88.24728931215489,88.33114383542578,370067000
2024-04-04,85.756591796875,90.47742601324012,85.73163346290652,90.24981545155312,434965000
2024-04-05,87.85597229003906,88.32815477151372,85.77756814573236,86.71593914747515,399678000
2024-04-08,86.98247528076172,88.67654220104028,86.58216705957724,88.54676191015398,283220000
2024-04-09,85.20654296875,87.4836082761363,82.87857850073121,87.29094090122678,501700000
2024-04-10,86.88864135742188,87.24901778988773,83.56439211342133,83.78102010903869,431929000
2024-04-11,90.4594497680664,90.58223837088433,86.77582976459976,87.26897200773683,431637000
2024-04-12,88.03365325927734,90.01922323878227,87.37878828439109,89.54403999734934,426805000
2024-04-15,85.85243225097656,90.45646450816476,85.78055803275619,88.94408228829708,443077000
2024-04-16,87.26399993896484,87.96578088273147,85.91533573267348,86.28369399477991,370453000
2024-04-17,83.88982391357422,88.62163290761173,83.80496405819224,88.18737923912188,495400000
2024-04-18,84.52471923828125,86.0410998135889,82.25964198597137,84.82320627802973,447260000
2024-04-19,76.06836700439453,84.17833393456459,75.47539894537725,83.00636595540483,875198000
2024-04-22,79.38063049316406,79.93467203595871,76.26802061217705,77.96907171420484,596341000
2024-04-23,82.2806167602539,82.62601974052421,80.1253496885507,80.62947459576492,438559000
2024-04-24,79.53936767578125,83.93675724779338,79.04621772256601,83.80498148732187,512208000
2024-04-25,82.48925018310547,83.17905069622672,78.08786289005887,78.73174524823247,424641000
2024-04-26,87.58345031738281,88.17842147858853,83.2429613231266,83.67321658546781,551011000
2024-04-29,87.60540008544922,87.83998710672722,85.11869845127212,87.44367738781547,388971000
2024-04-30,86.25273895263672,88.66556334587189,86.15091777999787,87.08928872900789,363709000
2024-05-01,82.89753723144531,85.85142484392729,81.11461964994571,84.93002290842145,559863000
2024-05-02,85.66874694824219,86.08801954331209,83.05626359727954,84.30310641773906,377898000
2024-05-03,88.63561248779297,89.12675929539812,86.8896334546632,87.6373400551101,398341000
2024-05-06,91.98082733154295,92.06069095925292,88.90115758999175,89.23557796278553,376203000
2024-05-07,90.39756774902344,91.62244547206085,88.85723403089521,90.94062670307744,437342000
2024-05-08,90.2558135986328,91.03646035901208,89.26552291616532,89.32841761603471,325721000
2024-05-09,88.59369659423828,90.91467725150264,88.07858911055452,90.37261598217049,378013000
2024-05-10,89.72272491455078,91.24309639621146,89.07284860877868,90.14898917811551,335325000
2024-05-13,90.24284362792967,90.84080791917694,88.37607119051684,90.32170192056742,289680000
2024-05-14,91.19818878173828,91.4926773525484,88.78036800318161,89.44422015487879,296507000
2024-05-15,94.4665298461914,94.6981313350878,91.44076747625896,92.31226052004403,417735000
2024-05-16,94.19599151611328,95.65346838301872,93.94042944222824,94.74604213563502,323952000
2024-05-17,92.31922912597656,94.57632459586712,91.64739527694968,94.20597095996422,359691000
2024-05-20,94.61626434326172,95.03553695656012,93.27858287715311,93.58804490846175,318764000
2024-05-21,95.22122192382812,95.23519767784772,93.01903151729088,93.4373064137498,328946000
2024-05-22,94.78597259521484,95.85412388547536,93.08791463591838,95.29409598809328,548648000
2024-05-23,103.61968994140624,106.13633099300849,101.34461998726044,101.85174564222405,835065000
2024-05-24,106.28506469726562,106.29105104139217,102.82205601462692,104.26855020743297,429494000
2024-05-28,113.70423126220705,114.74044007562202,109.69317481392171,110.05355122917427,652728000
2024-05-29,114.62664031982422,115.29248791517858,110.70942292973874,112.85471267036031,557442000
2024-05-30,110.30911254882812,115.61892428256706,109.47356046717066,114.4519449958506,484553000
2024-05-31,109.443603515625,112.52227529514084,106.7552550948946,112.32560941345422,613263000
2024-06-03,114.80133819580078,114.80133819580078,111.80951385006522,113.42472260342709,438392000
2024-06-04,116.23585510253906,116.39857553569502,113.8479889155611,115.51610755402032,403324000
2024-06-05,122.2284927368164,122.23747225440592,117.26508152569082,118.16652151115385,528402000
2024-06-06,120.78897094726562,125.37004011083056,118.11559592598994,123.83369734866147,664696000
2024-06-07,120.6791763305664,121.48178833918006,117.8181297926402,119.56310374577735,412386000
2024-06-10,121.5796127319336,122.88734731323206,116.80787124184928,120.16206756268632,313434100
2024-06-11,120.71105194091795,122.6678259391316,118.54461678500223,121.56962984389476,222551200
2024-06-12,124.99398040771484,126.6712162731191,122.36831081363356,122.85750238613136,299595000
2024-06-13,129.396728515625,129.5864183097163,126.9507630154097,129.1770893049594,260704500
2024-06-14,131.66299438476562,132.62140615970972,128.10885485479358,129.7461556011969,309320400
2024-06-17,130.76446533203125,133.50994014798042,129.36677515556565,132.7711675834259,288504400
2024-06-18,135.35690307617188,136.10566894087242,130.47495024767164,130.92420671975586,294335100
2024-06-20,130.56480407714844,140.52837801062054,129.30688285479897,139.56996619369176,517768400
2024-06-21,126.36173248291016,130.4150570517715,124.09547105255643,126.9108305208226,649445800
2024-06-24,117.91564178466795,124.2551908621237,117.8457572795687,123.03719724453092,476060900
2024-06-25,125.88250732421876,126.2918362995336,119.12365113611966,121.00055473590018,414192600
2024-06-26,126.19200897216795,127.90917229563556,122.39825886605338,125.92244899462368,362975900
2024-06-27,123.78597259521484,126.2019962793405,122.71773358253314,123.8957921998042,252571700
2024-06-28,123.33672332763672,127.49986001719876,122.54802231076044,124.37501298465716,315516700
2024-07-01,124.09547424316406,124.6345790000873,118.63447360818265,123.266838134406,284885500
2024-07-02,122.46814727783205,123.20693510758652,120.83084647254135,120.93068040128531,218374000
2024-07-03,128.0689239501953,128.0689239501953,121.16031210370706,121.45982152361672,215749000
2024-07-05,125.62294006347656,128.6379747149119,125.4731853752408,127.17038486367323,214176700
2024-07-08,127.98902893066406,130.55480700867955,126.83094180644568,127.28019823232948,237677300
2024-07-09,131.16383361816406,133.59982130546845,128.4383145629174,130.13552958791902,285366600
2024-07-10,134.68800354003906,134.87769332438475,132.20209545632153,133.8094467425138,248978600
2024-07-11,127.19037628173828,135.9259713268732,126.84095369862746,135.52663558437,374782700
2024-07-12,129.02734375,131.70292655352904,127.01066335258952,128.04894535138322,252680500
2024-07-15,128.22865295410156,131.1737956487568,126.97072416574116,130.3451595951711,208326200
2024-07-16,126.15206909179688,128.82765170945768,124.37499938694933,128.22864817880884,214769500
2024-07-17,117.79583740234376,121.64948612259292,116.52793062400056,121.15030890615483,390086200
2024-07-18,120.89073181152344,122.19858126764932,116.36818755438776,121.64948329559192,320979500
2024-07-19,117.73595428466795,121.3999137142076,117.17687816504188,120.15197050658448,217223800
2024-07-22,123.33672332763672,123.86585002604772,119.66277824004172,120.15196984200875,258068900
2024-07-23,122.38826751708984,124.4848179409612,121.89907597271184,122.5779572986576,173911000
2024-07-24,114.06200408935548,119.7526218155674,113.25333936427286,118.9739065074374,327776900
2024-07-25,112.09523010253906,116.43807019163434,106.12507509382444,112.85398157444313,460067000
2024-07-26,112.87394714355467,116.00877938122822,111.39638688236369,115.998801321254,293399100
2024-07-29,111.40638732910156,116.08867288971432,111.11687119487814,113.50293810461493,248152100
2024-07-30,103.55931854248048,111.8057214597651,102.37127421675278,111.3364936129032,486833300
2024-07-31,116.82743072509766,118.1452582531107,110.6975352036146,112.71421539482289,473174200
2024-08-01,109.0302963256836,119.9622829008677,106.63424395188704,117.3366056358286,523462300
2024-08-02,107.0934829711914,108.54110155423275,101.20319756374684,103.58926418951675,482027500
2024-08-05,100.2847137451172,103.23984998207244,90.54077860317504,91.90851949250676,552842400
2024-08-06,104.07845306396484,107.53275860175523,100.38454458708776,103.66912407688665,409012100
2024-08-07,98.74723815917967,108.6209626457341,98.52759897070796,107.6325862976113,411440400
2024-08-08,104.7972640991211,105.32639072006307,97.35951914167632,101.83215026963444,391910000
2024-08-09,104.57763671875,106.42459107060564,103.2598090475883,105.46617163856445,290844200
2024-08-12,108.8406219482422,110.88725205298915,106.08516856402252,106.14506740637984,325559900
2024-08-13,115.94889068603516,116.03874655153282,111.39639661656214,112.25498209343158,312646700
2024-08-14,117.88570404052734,118.40484504167928,113.88230026594152,118.33496052966188,339246400
2024-08-15,122.6578369140625,123.03720888953038,117.27670666159618,118.56458490618095,318086700
2024-08-16,124.37500762939452,124.79431469874058,120.98060074622067,121.73935231230438,302589900
2024-08-19,129.7860870361328,129.7860870361328,123.21691249503144,124.0754979878485,318333600
2024-08-20,127.04061126708984,129.6662885004724,125.6828485255364,128.18871285893894,300087400
2024-08-21,128.28855895996094,129.13716641620366,126.45159025428316,127.11050029285344,257883600
2024-08-22,123.53638458251952,130.5348518103843,122.8974383072882,129.80605728559254,376189100
2024-08-23,129.15711975097656,129.38675225949072,125.01395457447234,125.65290085977207,323230300
2024-08-26,126.2519073486328,131.04400430992783,124.16535012958607,129.35679802537263,331964700
2024-08-27,128.08889770507812,128.98741074794592,123.67616460225028,124.84424526829238,303134600
2024-08-28,125.40331268310548,128.118838213882,122.43819852070378,127.90917706049711,448101100
2024-08-29,117.39649963378906,124.22524823697071,116.51795043355128,121.16030028839228,453023300
2024-08-30,119.17359161376952,121.54967282508414,117.02712769554356,119.33332438937364,333751600
2024-09-03,107.82228088378906,116.01877002584148,107.1134501364442,115.81910218205196,477155100
2024-09-04,106.03521728515624,113.08359673729018,103.94866029689042,105.23653835503072,372470300
2024-09-05,107.03358459472656,109.46957200218677,104.58761912643207,104.8172363950656,306850700
2024-09-06,102.66079711914062,107.97204286084109,100.78388574677186,107.86222325429438,413638100
2024-09-09,106.2947998046875,106.37466998895036,103.5193756446925,104.7074122640328,273912000
2024-09-10,107.92211151123048,109.2199753067636,104.77729355808466,107.63258781478572,268283700
2024-09-11,116.7176284790039,116.99716652085532,107.24323877137772,109.20999835891276,441422400
2024-09-12,118.95413970947266,120.6015672152285,115.2000032170065,116.65772468720782,366052700
2024-09-13,118.9141845703125,119.7728434504144,117.41652479583126,118.8942191250157,238358300
2024-09-16,116.59780883789062,117.99562620382233,114.1815861384539,116.60779536966284,248772300
2024-09-17,115.40966796875,118.61466685067688,114.65085910577872,117.98564481894722,231925900
2024-09-18,113.19313049316406,117.51636932909096,113.04336298957726,115.70919560695408,310318900
2024-09-19,117.68611145019533,119.47331975028854,117.06707598202318,117.1669184465692,293506400
2024-09-20,115.81902313232422,118.43493829364436,115.2099742116256,116.87736694059126,382462400
2024-09-23,116.07862854003906,116.80748542405604,114.68081111279044,116.36817703420066,206228500
2024-09-24,120.68143463134766,121.60998405209612,115.1999940423364,116.33821493002908,354966800
2024-09-25,123.31731414794922,124.74508350925583,121.42027681497308,121.8296332127646,284692900
2024-09-26,123.84648895263672,127.47082313052574,121.609985658202,126.6021852727835,302582900
2024-09-27,121.2105941772461,123.83648812917792,119.0739335981856,123.7765841783136,271009200
2024-09-30,121.25054931640624,121.31045327548796,117.96568098439478,118.1254274144435,226553700
2024-10-01,116.81746673583984,122.24898215671048,115.60935538711524,121.58002164337384,302094500
2024-10-02,118.6645736694336,119.19374556676668,114.9603627706106,116.25833761189251,221845900
2024-10-03,122.65834045410156,124.16598683922705,120.15225416683852,120.73135113827638,277118000
2024-10-04,124.72510528564452,124.84492081095192,121.63992977952228,124.74507834860822,243678100
2024-10-07,127.52073669433594,130.43617917860723,124.75505409102716,124.7949925984476,346250200
2024-10-08,132.68267822265625,133.27175410957346,129.2180905372518,130.0567764001493,285722500
2024-10-09,132.44305419921875,134.31014727855833,131.1750464230449,133.9007832398008,246191600
2024-10-10,134.59970092773438,134.78940697514903,130.79564676847795,131.7042308718923,242311300
2024-10-11,134.5897216796875,135.56818866211125,133.45150063299445,133.80094550922416,170209500
2024-10-14,137.8546142578125,139.38222619629536,136.08737124143596,136.25710420849128,232347700
2024-10-15,131.3946990966797,138.3538265330219,128.5391603262797,137.654906403531,377831000
2024-10-16,135.5082550048828,136.40684475827754,131.37471471629812,133.7709642153392,264879700
2024-10-17,136.7163848876953,140.6702140778628,136.65648092397825,139.12262899690117,306435900
2024-10-18,137.7847137451172,138.6833036103306,137.06583575895257,138.45366668655112,176090200
2024-10-21,143.48580932617188,143.48580932617188,137.78471061125512,137.9145126776056,264554500
2024-10-22,143.365966796875,144.19467365659466,141.55879320187643,142.6870350476968,226311600
2024-10-23,139.34228515625,142.20780310560568,137.2455702792771,141.80843319617813,285930000
2024-10-24,140.1909637451172,141.1294997806309,138.24400879643727,140.6003278006047,172354900
2024-10-25,141.31919860839844,143.90516992810382,140.58036271847078,140.7101495657632,205122100
2024-10-28,140.30076599121094,142.91667341121004,139.83149806296922,142.77689244758375,173586700
2024-10-29,141.02964782714844,142.03806672701694,138.6833077693045,140.0711387385227,157593600
2024-10-30,139.1226348876953,140.11109603583748,136.5965827440961,139.32231985353584,179418100
2024-10-31,132.55288696289062,137.39532698555524,131.9039070664443,137.38534807029694,270039600
2024-11-01,135.18873596191406,137.09575953948232,134.3600443767746,134.48983118439682,207127800
2024-11-04,135.83775329589844,138.74321710094807,135.3585064031532,136.9959472521015,187528200
2024-11-05,139.69174194335938,140.15101580482042,137.11576495412646,137.2355728771189,160537400
2024-11-06,145.3828125,146.26144435454805,141.73851350917226,142.7369532584381,242043900
2024-11-07,148.6477508544922,148.69766066609404,145.9419717733186,146.1616297903136,207323300
2024-11-08,147.399658203125,149.53631855776948,146.03178545046896,148.53787885494532,175665800
2024-11-11,145.03338623046875,148.61779734270107,143.3460354590936,148.44804913905642,182325600
2024-11-12,148.0586395263672,149.41651833977537,145.78219787373922,146.55100082856893,198634700
2024-11-13,146.0417938232422,149.0970171738845,145.6723607374253,148.83742831045777,191903300
2024-11-14,146.53103637695312,148.7675472701728,145.32293261192063,147.40966837696516,194463300
2024-11-15,141.75848388671875,145.0134075079149,139.8614542891372,144.6439744081883,250132900
2024-11-18,139.9313507080078,141.3291757571169,136.93603090489682,139.28237084466085,221205300
2024-11-19,146.78065490722656,146.90047806374457,140.77005724054902,141.09954425974988,227834900
2024-11-20,145.6623992919922,147.32979212988033,142.50732548898966,147.18003223590216,309871700
2024-11-21,146.4412078857422,152.65150653701343,140.48051925989185,149.11703528044754,400946600
2024-11-22,141.72854614257812,146.93042492260167,140.8798813363258,145.70233282975542,236406200
2024-11-25,135.80780029296875,141.82839170792872,135.60811535874635,141.76848775116036,344941900
2024-11-26,136.70639038085938,139.08268223719327,135.45834049580736,137.4851722903331,190287700
2024-11-27,135.1288604736328,137.00593247284488,131.59438972010054,134.7993734587721,226370900
2024-11-29,138.03433227539062,139.13262238748922,135.837767286179,136.56662423239774,141863200
2024-12-02,138.41372680664062,140.23087948399635,137.60499293345052,138.6134117376161,171682800
2024-12-03,140.04116821289062,140.3207301527637,137.7347745914462,138.04428850809262,164414000
2024-12-04,144.91355895996094,145.56253876730494,140.07111960214385,141.77845844597738,231224300
2024-12-05,144.8436737060547,146.32146235801875,143.73532840807314,144.89360218968224,172621200
2024-12-06,142.2275848388672,145.4827177885172,141.09926510716355,144.38436733563313,188505600
2024-12-09,138.6029815673828,139.74128080496888,136.92549436926976,138.76274660606958,189308600
2024-12-10,134.8685760498047,141.60850970621567,133.5904709096604,138.80268748950093,210020900
2024-12-11,139.1022491455078,139.96096726526153,135.00837248215075,137.155160163518,184905200
2024-12-12,137.1351776123047,138.23354324797214,135.59748095840345,136.8755708420711,159211400
2024-12-13,134.0498046875,139.3918327936691,132.34234795745746,138.73281333743972,231514900
2024-12-16,131.80313110351562,134.19954557462145,130.2254857362255,133.9798724705664,237951100
2024-12-17,130.19554138183594,131.39374870651014,126.67080709010266,128.89747709842524,259410300
2024-12-18,128.71774291992188,136.49611794642954,128.08867764771298,133.66035727519176,277444500
2024-12-19,130.48509216308594,133.8301019554315,129.35678784338916,131.56348324328064,209719200
2024-12-20,134.49913024902344,135.07826717246132,128.0287975903948,129.61642290138565,306528600
2024-12-23,139.46168518066406,139.58150132927014,134.9184683016336,136.0767418582626,176053500
2024-12-24,140.01089477539062,141.6883821217358,138.44322876231024,139.79122163679293,105157000
2024-12-26,139.72132873535156,140.6399702368576,137.52461242783102,139.4916759779926,116205600
2024-12-27,136.80564880371094,138.81266070877604,134.50909136357467,138.343360478758,170582600
2024-12-30,137.2849578857422,140.06081067569033,133.82013169900247,134.628921256616,167734700
2024-12-31,134.0897216796875,137.86409844380188,133.63041622678574,137.82414956509464,155659200
2025-01-02,138.10372924804688,138.6728864930968,134.42922472124587,135.79717669922962,198247200
2025-01-03,144.25454711914062,144.6838985290199,139.52161059265686,139.8011917981673,229322500
2025-01-06,149.2071533203125,151.93309314343088,147.599568879649,148.36840963752263,265377400
2025-01-07,139.93101501464844,152.90164910642062,139.80120400217487,152.80179213743568,351782200
2025-01-08,139.90106201171875,143.73533196712347,137.3548616440079,142.36737985085435,227349900
2025-01-10,135.7073211669922,139.7113355717742,134.0198390250661,137.24501786219508,207602500
2025-01-13,133.03131103515625,133.29093305056014,129.31685741876072,129.79615256902926,204808900
2025-01-14,131.56349182128906,136.1766120600162,129.85605059334506,135.84710238324766,195590500
2025-01-15,136.0368194580078,136.24649773538883,131.09418961528783,133.45067056072713,185217300
2025-01-16,133.37081909179688,138.5430870275282,133.2909365646461,138.43325045720013,209235600
2025-01-17,137.504638671875,138.29345383465838,135.25799411499426,136.4861555399997,201188800
2025-01-21,140.61996459960938,141.61847317570314,136.88553704004724,138.95245710585658,197749000
2025-01-22,146.85067749023438,147.56958971587568,143.45573886876412,144.44426793757484,237651400
2025-01-23,147.00047302246094,147.01045262591376,143.5056920734559,144.8337106624021,155915500
2025-01-24,142.4073028564453,148.74783905952535,141.66841618539428,148.14872775799392,234657600
2025-01-27,118.24339294433594,128.20850504229963,116.52595684106744,124.6138830305536,818830900
2025-01-28,128.79763793945312,128.8076175411123,116.0766320864675,121.62833781559046,579666400
2025-01-29,123.51551818847656,126.70076325147896,119.87096767407616,126.31134548354018,467120600
2025-01-30,124.464111328125,124.81358785050304,117.92387627755193,122.91641979157204,392925500
2025-01-31,119.89093017578124,127.65932605141272,119.01224532917038,123.5953962565611,388161100
2025-02-03,116.4860382080078,118.39318602096668,112.84147962875149,114.57888277703152,371235700
2025-02-04,118.47306060791016,121.01925326141507,116.52596404203554,116.78557844108887,256550000
2025-02-05,124.6438446044922,124.8135892575584,120.57991444298676,121.57842315704724,262230800
2025-02-06,128.4880828857422,128.57796024161053,125.02326434711814,127.22996749994309,251483600
2025-02-07,129.64634704589844,130.17555536084487,124.81356929927792,129.02727661770408,228186300
2025-02-10,133.37081909179688,134.79867927002743,129.76620194780145,129.89599772289156,216989100
2025-02-11,132.60198974609375,134.27947744525167,130.8246450589224,132.38231656129395,178902400
2025-02-12,130.94444274902344,132.04280851778788,128.8875170693692,129.826117774307,160278600
2025-02-13,135.08824157714844,136.29644386397356,130.9743904181038,131.36380821970238,197430000
2025-02-14,138.64292907714844,139.042326433892,135.29791907929888,136.27645326854343,195479600
2025-02-18,139.19210815429688,143.226091877041,137.72429913092634,141.05932980350207,219176600
2025-02-19,139.02235412597656,141.14918241151278,137.01535723812603,139.3019353271886,167536000
2025-02-20,139.90106201171875,140.45024487315197,136.5860056380014,139.8211794831435,143903600
2025-02-21,134.22952270507812,141.24905316966826,133.83012530319377,139.83115735009994,228217600
2025-02-24,130.08572387695312,138.38332947991822,129.88602516626045,136.35635785611953,251381100
2025-02-25,126.4411392211914,130.00581456055454,124.25441060297068,129.78614145324104,271428700
2025-02-26,131.08424377441406,133.53058746877883,128.29841071950025,129.79617403066678,322553800
2025-02-27,119.97080993652344,134.8086407391513,119.83101934182147,134.7986611381126,443175800
2025-02-28,124.73370361328124,124.90344826210318,116.2264129341289,117.84399213493025,389091100
2025-03-03,113.88990020751952,123.51552349340125,112.11255593535712,123.32581202011416,411381400
2025-03-04,115.81702423095705,119.13207287466712,109.9457957033308,110.48499132597254,398163300
2025-03-05,117.12506866455078,118.10360288358513,114.33922859376143,117.40464986998916,284337900
2025-03-06,110.40511322021484,115.17798387118098,110.0556366780344,113.36069823382532,321181900
2025-03-07,112.52194213867188,113.31076488585998,107.3995878917184,111.08408724577036,341755500
2025-03-10,106.82044982910156,111.6831816739289,105.30271254146378,109.73609301585864,366487400
2025-03-11,108.59780883789062,112.0726148635708,104.6137536218378,106.83044416478045,354865700
2025-03-12,115.57803344726562,116.59661034457648,112.72203506897392,113.96030532134075,323857500
2025-03-13,115.41825103759766,117.59520049683546,113.63075517539951,116.86621875800482,299033100
2025-03-14,121.49972534179688,121.7094305400334,117.98465480860956,118.44401014075396,277593500
2025-03-17,119.36272430419922,122.71802281178024,117.86482345684048,122.5682312033008,255501500
2025-03-18,115.2684555053711,118.85342762738914,114.37970167383446,117.83485847417,299686900
2025-03-19,117.35552978515624,120.2814296141779,115.51810848491796,117.10587965509885,273426200
2025-03-20,118.3641128540039,120.0317738155389,116.30699831746894,116.38688818380663,248829700
2025-03-21,117.5352783203125,117.82487338576216,115.25847035053428,116.77634740953133,266498500
2025-03-24,121.24009704589844,122.04896105750126,119.17298658297102,119.71223179694545,228452500
2025-03-25,120.52110290527344,121.12026171196634,118.7535756640042,120.381299437669,167447200
2025-03-26,113.60079956054688,118.6736845133834,112.55226594608844,118.5638454632065,293463300
2025-03-27,111.27406311035156,114.28983351449122,110.5051440147698,111.19417323533278,236902100
2025-03-28,109.51652526855467,112.712051739216,108.91736643615504,111.33397804410713,229872500
2025-03-31,108.22832489013672,110.80471613819728,103.5049485540766,104.98287310192076,299212700
2025-04-01,109.995849609375,110.04577506451116,106.32099936404416,108.36812587384452,222614000
2025-04-02,110.26547241210938,111.82329447216486,106.64055510872038,107.1398553905561,220601200
2025-04-03,101.65753936767578,105.48217369637304,101.45781468579652,103.36514539947606,338769400
2025-04-04,94.17801666259766,99.98987163475934,91.98109847139008,98.7715853475697,532273800
2025-04-07,97.50334930419922,101.60759784636036,86.4987754744505,87.33759621246332,611041300
2025-04-08,96.1652374267578,105.70186824827938,94.3278084260022,103.66472218207365,476243400
2025-04-09,114.16999816894533,114.93891720962624,97.39350654873373,98.75160385221358,612918300
2025-04-10,107.4194564819336,110.70485307181583,99.01124202201945,109.21694044618194,437812400
2025-04-11,110.7747573852539,111.39389245819964,107.32958859529616,108.348157786305,313417300
2025-04-14,110.55506134033205,114.1300529879136,108.91735711650354,113.9503045917023,264705000
2025-04-15,112.04297637939452,113.46099492172468,110.3453585264742,110.81470199440513,228966900
2025-04-16,104.3437728881836,106.64055727885454,100.30942561460589,104.40369410395132,397016900
2025-04-17,101.34796142578124,104.3237942331935,99.90998190333625,104.30381795694564,292517500
2025-04-21,96.77438354492188,99.3008417327631,94.90699776234818,98.6317735699764,288501100
2025-04-22,98.75160217285156,99.67031279819464,97.14385476914264,98.6417555090913,241004800
2025-04-23,102.5662612915039,104.6533403969428,101.87722447592722,104.37372584399633,247526000
2025-04-24,106.28104400634766,106.39089066307956,102.96569088547096,103.33517578708889,220815000
2025-04-25,110.85466003417967,111.7633826618512,105.58204983332996,106.70047768277183,251064700
2025-04-28,108.5778350830078,110.21553928394424,105.87162103934428,109.53649064316204,207708500
2025-04-29,108.867431640625,110.04578062718969,107.2896485179105,107.51932238432488,170444300
2025-04-30,108.76756286621094,108.76756286621094,103.93434018163836,104.32379376082017,235044600
2025-05-01,111.45380401611328,114.7791455573913,111.14424029465428,112.92174799120272,236121500
2025-05-02,114.33976745605467,115.23850951002052,113.21135153306962,114.02021557227994,190194800
2025-05-05,113.66072082519533,114.50952981770942,112.50234808238876,112.75199823422923,133163200
2025-05-06,113.38111877441406,114.57943650755207,110.6649237860017,111.32400387233044,158525600
2025-05-07,116.89618682861328,117.5153219594032,112.12287705585727,112.8918038042742,206758800
2025-05-08,117.20575714111328,118.51392151118236,115.68787993703612,118.08452294119296,198428100
2025-05-09,116.48675537109376,118.06454606438504,115.0487681449328,117.18577270674557,132972200
2025-05-12,122.82787322998048,122.82787322998048,120.11167839159091,121.79931583574869,225023300
2025-05-13,129.74815368652344,131.0363568449821,124.29580357204036,124.80509195257008,330430100
2025-05-14,135.15060424804688,135.2504704050171,131.4957223220182,133.0135995308355,281180800
2025-05-15,134.64129638671875,136.10924022234616,132.47433530494334,134.10204362723803,226632600
2025-05-16,135.2104949951172,136.15917761368735,133.27322291926768,136.02935467905488,226542500
2025-05-19,135.38027954101562,135.67984750647184,132.20472197026768,132.20472197026768,193154600
2025-05-20,134.1919403076172,134.39165736048994,132.4343936724944,134.10205468200522,161514200
2025-05-21,131.6155548095703,137.2077087161811,130.40724144628155,132.87378601013486,270608700
2025-05-22,132.6441192626953,134.0621302833829,131.36591171623223,132.04495280891254,187344000
2025-05-23,131.10626220703125,132.49431639064062,128.97925335315108,129.81807417545411,198821300
2025-05-27,135.3103790283203,135.47015877862245,133.12344131304633,133.96226214597905,192953600
2025-05-28,134.62132263183594,137.0579101389624,134.60134635659116,135.83961638539918,304021100
2025-05-29,138.99520874023438,143.28919402135628,137.71700129433316,142.0509238917618,369241900
2025-05-30,134.94088745117188,139.42459384487097,132.73397369059805,138.52585950975748,333170900
2025-06-02,137.187744140625,137.9266987725352,135.21050414256473,135.30038976970178,197663100
2025-06-03,141.02236938476562,141.801276586457,137.75694135463797,138.5857816307834,225578800
2025-06-04,141.72137451171875,142.19071794379053,139.3447005567539,141.99100090060617,167120800
2025-06-05,139.79408264160156,143.79846496522654,138.63570246128648,141.97102431113476,231397900
2025-06-06,141.52166748046875,143.0695013401578,141.31195466595716,142.31055518995854,153986200
2025-06-09,142.430419921875,144.7970986584505,141.74138301440692,142.9896338649108,185114500
2025-06-10,143.758544921875,144.088069701399,141.33193761060437,142.49031793007975,155881900
2025-06-11,142.64002990722656,144.79716064315863,141.6813000562032,144.4176611881815,167694000
2025-06-12,144.80712890625,144.80712890625,141.6613249598906,141.78116046611606,162365000
2025-06-13,141.78115844726562,143.38901749969733,140.6626531024409,142.2904745799642,180820600
2025-06-16,144.49754333496094,145.98555166191812,143.00951976951112,143.159329390418,183133700
2025-06-17,143.92828369140625,145.0268265438421,143.58873962374116,144.2978018718573,139108000
2025-06-18,145.2864990234375,145.45627108510786,142.9296373487004,143.81845298832403,161494100
2025-06-20,143.65866088867188,146.00552584195606,142.46024490398213,145.2565234707711,242956200
2025-06-23,143.9782257080078,144.58741490600102,141.84107290887454,142.31044894200824,154308900
2025-06-24,147.70326232910156,147.76319531946535,145.3064608232896,145.36637857516104,187566100
2025-06-25,154.104736328125,154.24454949233478,149.06145072732096,149.0714471780808,269146500
2025-06-26,154.81381225585938,156.51154803915952,153.79516469048193,155.77252682686714,198145700
2025-06-27,157.5401611328125,158.49889084686143,155.05346784206984,155.83242906789442,263234500
2025-06-30,157.7798614501953,158.4489684480595,155.7525627920192,158.1893045239527,194580300
2025-07-01,153.09609985351562,156.9909063970138,151.2885097592641,156.08211312403307,213143600
2025-07-02,157.0408477783203,157.3903883520798,152.76654166200262,152.77652287552658,171224100
2025-07-03,159.12806701660156,160.7658851337161,157.56016311083363,158.1593559409033,143716100
2025-07-07,158.02952575683594,159.09809459400483,157.1307137305003,157.98957042846925,140139000
2025-07-08,159.78717041015625,160.00687898854957,158.17931139836438,159.11806346268276,138133000
2025-07-09,162.66336059570312,164.20130555952733,160.94564712320184,161.0055648799297,183656400
2025-07-10,163.88172912597656,164.28119097215313,161.3950357038234,164.10143771292147,167704100
2025-07-11,164.70062255859375,167.6666731011634,163.2525543877531,163.50222183922534,193633300
2025-07-14,163.8517608642578,165.26987014699793,161.80448473325933,165.1500194092157,136975800
2025-07-15,170.4729461669922,172.17068192225182,168.97494134085255,170.96229989605533,230627400
2025-07-16,171.14205932617188,171.52155877211666,168.67534340451817,170.83247408910898,158831500
2025-07-17,172.76988220214844,173.92834287299638,170.60277047944578,171.7911900263939,160841100
2025-07-18,172.18067932128906,174.01822826089457,171.03219980516573,173.40903901870553,146456400
2025-07-21,171.1520538330078,173.1493936504508,170.7725543913757,172.52022673163836,123126100
2025-07-22,166.80783081054688,171.1620321483939,164.3610926233022,171.1120956061046,193114300
2025-07-23,170.55284118652344,171.03219846298632,167.74658125695927,169.30450383433347,154082200
2025-07-24,173.50892639160156,173.5988030318276,171.07216922217725,172.21065238052367,128984600
2025-07-25,173.26922607421875,174.4876045602178,172.72995103806022,173.3790803717594,122316800
2025-07-28,176.51490783691406,176.7645753161742,173.73860668662087,173.78854323017163,140023500
2025-07-29,175.27655029296875,179.14141320408203,174.78721179005433,177.7233037615148,154077500
2025-07-30,179.03155517578125,179.65072563032518,175.80584046425426,176.27521653092245,174312200
2025-07-31,177.6334228515625,183.0562087176856,175.69600066981488,182.6567315862202,221685400
2025-08-01,173.4889373779297,176.3051785902702,170.66269971388826,173.85844036702034,204529000
2025-08-04,179.7605743408203,179.96030526461158,174.28786778877773,174.9270158880054,148174600
2025-08-05,178.0229034423828,180.02024338323596,175.6660417026363,179.38109521170273,156407600
2025-08-06,179.18133544921875,179.66069269115442,176.01555398070957,176.09544939411415,137192300
2025-08-07,180.5295562744141,183.6354201729052,178.56217541570945,181.32849521637667,151878400
2025-08-08,182.4569854736328,183.05619350177665,180.16004168373897,181.3085211979325,123396700
2025-08-11,181.81784057617188,183.59547178906817,180.01025048518693,181.80785936297343,138323200
2025-08-12,182.9163818359375,184.234618174838,179.22130626788388,182.7166509044063,145485700
2025-08-13,181.3484649658203,183.7253042235628,179.11145412417423,182.3770937521473,179871700
2025-08-14,181.77789306640625,182.7765629312542,179.22130065055427,179.51090820642335,129554000
2025-08-15,180.20999145507807,181.6580598511533,177.80319319129092,181.63809742364472,156602200
2025-08-18,181.7678985595703,182.69666946783065,180.3497891649352,180.359785616326,132008000
2025-08-19,175.40638732910156,182.25726371442747,175.25659293377495,182.1873495042791,185229200
2025-08-20,175.1667022705078,175.76591033294957,168.57548977611862,174.93701244991922,215142700
2025-08-21,174.74725341796875,176.6646977817985,173.57881147306438,174.61743669419707,140040900
2025-08-22,177.7532501220703,178.35244288234992,170.97227338198675,172.38040151215634,172789400
2025-08-25,179.57083129882812,181.6680441727565,176.33515059315872,178.11278178635797,163012800
2025-08-26,181.5282287597656,182.14739921043056,178.57215920342722,179.82049655621498,168688200
2025-08-27,181.35845947265625,182.24727507184863,178.86178472902657,181.7379436715125,235518900
2025-08-28,179.93035888671875,184.22464261974773,176.17536544772958,180.57950348224864,281787800
2025-08-29,173.9483184814453,177.91303926310266,172.91968968806756,177.87309917143955,243257900
2025-09-02,170.55284118652344,172.15071909272382,166.99757884564528,169.77387989783634,231164900
2025-09-03,170.39306640625,172.18069419661035,168.65539040087648,170.83248363379096,164424900
2025-09-04,171.43167114257812,171.6314020660847,169.1846639665207,170.34312465674856,141670100
2025-09-05,166.7978515625,168.80517258283567,163.8517783946414,167.8065026792569,224441400
2025-09-08,168.0861358642578,170.73262035939155,167.12742125141602,167.32715219255022,163769100
2025-09-09,170.53286743164062,170.7525760297424,166.51822538667548,168.86509051949955,157548400
2025-09-10,177.09414672851562,179.05153132643002,175.23661998400823,176.40506201448144,226852000
2025-09-11,176.94432067871094,180.050359799309,176.2551971559751,179.4511179779685,151159300
2025-09-12,177.59349060058594,178.37249577533527,176.22522541777622,177.5435512454145,124911000
2025-09-15,177.52357482910156,178.62217970015598,174.28769658655634,175.44622258887705,147061600
2025-09-16,174.65724182128906,177.27389957504343,174.15787872389456,176.77453647764895,140737800
2025-09-17,170.07308959960938,172.97938669910795,168.1954945771254,172.4201024269062,211843800
2025-09-18,176.01551818847656,176.87442336525442,172.73969733735942,173.7583871307785,191763300
2025-09-19,176.4449462890625,177.8531538116004,174.95683884616588,175.54609885389235,237182100
2025-09-22,183.37612915039065,184.31493427279133,174.4874715349329,175.07671637070237,269637000
2025-09-23,178.2027130126953,182.18763613663097,175.9855548133895,181.73821238324945,192559600
2025-09-24,176.74456787109375,179.5509859124944,175.17656050171237,179.54100413716742,143564100
2025-09-25,177.4636688232422,180.03038734713982,172.90947958662534,174.2577508730865,191586700
2025-09-26,177.96302795410156,179.54101721374016,174.70717071687335,177.94304916264082,148573700
2025-09-29,181.61837768554688,183.7656330630971,180.09032771672483,180.20017297627672,193063500
2025-09-30,186.3423309326172,187.11135435179563,181.2488213615314,181.848063160254,236981000
2025-10-01,187.0015106201172,187.9003581593927,183.665753326035,185.00405809785752,173844900
2025-10-02,188.6493988037109,190.806651138866,187.8204541960536,189.3585011391996,136805800
2025-10-03,187.3809967041016,190.11751186051177,185.1438598655547,188.94900408551683,137596900
2025-10-06,185.3036499023437,186.9914995955013,183.09647356463947,185.2637075602064,157678100
2025-10-07,184.8042907714844,188.8191743935438,183.76562222076905,185.99277739696944,140088000
2025-10-08,188.86911010742188,189.35849142592937,186.30237648821537,186.33235229407293,130168900
2025-10-09,192.32470703125,195.0512252247688,190.816620752273,191.9851285494953,182997200
2025-10-10,182.9266967773437,195.3708168536685,181.81811007166195,193.26350393527704,268774400
2025-10-13,188.0801239013672,189.8678370807686,185.72312947730663,187.73056363822363,153482800
2025-10-14,179.80067443847656,184.56460262310264,179.47109296765566,184.5346420566055,205641400
2025-10-15,179.60093688964844,184.63451030281777,177.06416377208902,184.5646073923021,214450500
2025-10-16,181.5784149169922,183.0465437061986,179.5410200965125,181.99787810828644,179723300
2025-10-17,182.9866180419922,183.8655019863948,179.52103686227596,179.9504818191574,173135200
2025-10-20,182.4073638916016,184.96410068415813,181.49851933568945,182.89674524617425,128544700
2025-10-21,180.9292449951172,182.55715836486127,179.5709767314294,182.55715836486127,124240200
2025-10-22,180.05035400390625,183.20633238125785,176.53483359319367,180.9092591258601,162249600
2025-10-23,181.927963256836,182.7968501503985,179.5609718650331,180.1901742303588,111363700
2025-10-24,186.0227203369141,187.23118563906056,183.26624175096785,183.60580497197225,131296700
2025-10-27,191.2460784912109,191.75542334831323,188.18996363054163,189.74798924630224,153452700
2025-10-28,200.77394104003903,202.8912358579665,191.6655623251096,192.80410966447576,297986200
2025-10-29,206.7762756347656,211.9197249544373,204.5191598009532,207.715080745974,308829600
2025-10-30,202.63156127929688,205.89740027142088,201.1534507471854,204.8886770404504,178864400
2025-10-31,202.2320709228516,207.7050861560208,201.81260775338424,206.18701808603035,179802200
2025-11-03,206.6164703369141,211.07078042213968,205.2981445069072,207.81493866642376,180267300
2025-11-04,198.43690490722656,203.7101778590782,197.67786326579136,202.7414122562426,188919300
2025-11-05,194.9613494873047,202.66152000582164,194.40205001057663,198.5168123443512,171350300
2025-11-06,187.84043884277344,197.3682807609907,186.1426072302661,196.16981228388872,223029800
2025-11-07,187.9103240966797,188.0801209573904,178.68210397488247,184.66446402160463,264942300
2025-11-10,198.7964630126953,199.6853287651845,193.5431531870904,194.8614791513322,198897100
2025-11-11,192.91395568847656,195.17107140540628,191.05632435423007,194.91140808059745,176483300
2025-11-12,193.5531311035156,195.64046510157328,190.8865341091802,195.47068348463264,154935300
2025-11-13,186.6219787597656,191.1961465947379,183.6158183771961,190.8066439854392,207423100
2025-11-14,189.92774963378903,190.7666759402113,180.34996953708983,182.62706393415107,186591900
2025-11-17,186.36231994628903,188.7592567939633,184.08522536919267,185.73311754704963,173628900
2025-11-18,181.1289825439453,184.5646030780414,179.42115405263684,183.14641371605563,213598900
2025-11-19,186.28240966796875,187.620699079564,182.5971076589588,184.5546024199349,247246400
2025-11-20,180.409896850586,195.7503316108911,179.62090987236718,195.70039225393623,343504800
2025-11-21,178.65213012695312,184.3248870753812,172.70969762442783,181.00912433889104,346926200
2025-11-24,182.3174591064453,183.26624588742,176.25518414830518,179.26135956972516,256618300
2025-11-25,177.59349060058594,177.93305383278917,169.3340211059625,174.68719385821646,320600300
2025-11-26,180.03036499023438,182.6769983530976,178.01294919921247,181.39863013804072,183852000
2025-11-28,176.7745361328125,179.0616124091028,176.27517303639212,178.7819702942556,121332800
2025-12-01,179.69082641601562,180.07034727044882,173.45876908321011,174.53739527000454,188131000
2025-12-02,181.22886657714844,185.4235136530611,179.7707195907086,181.5284722516508,182632200
2025-12-03,179.36123657226562,182.2175941452396,178.88185225801445,180.8493441127912,165138000
2025-12-04,183.15660095214844,184.29521152983364,179.7407692190929,181.39873533031871,167364900
2025-12-05,182.1877899169922,184.43504894381925,180.6896172324408,183.66598269849337,143971100
2025-12-08,185.323974609375,187.7709870845105,182.17780264974235,182.41751577930148,204378100
2025-12-09,184.7446746826172,185.4937610485011,183.09669077375293,185.33395229946427,144719700
2025-12-10,183.55612182617188,185.2540478736652,181.8182359713298,184.74467463147755,162785400
2025-12-11,180.70957946777344,181.09911899111663,176.40483245042134,180.060377409269,182136600
2025-12-12,174.80679321289062,182.59729422559727,174.40727135263347,180.88937065842447,204274900
2025-12-15,176.07522583007812,178.20263580820242,174.81676632707214,177.72322484137152,164775600
2025-12-16,177.5034942626953,178.27256047932946,174.686922405521,176.04526619844617,148588100
2025-12-17,170.73175048828125,175.91543007880583,170.10251312474713,175.88546784627562,222775500
2025-12-18,173.9278564453125,175.93540231223645,171.6106906687844,174.3173807251694,176096000
2025-12-19,180.76953125,181.2289623632645,176.12518653595592,176.4547863729682,324925900
2025-12-22,183.4662322998047,183.935660967629,182.1278683380167,183.6959478478248,129064400
2025-12-23,188.97952270507807,189.099371651584,182.67719635774475,182.74711840334103,174873600
2025-12-24,188.38023376464844,188.67987134928,186.3626902843432,187.71105179508496,65528500
2025-12-26,190.2978973388672,192.45526970950263,187.7709805748158,189.68863982420257,139740300
2025-12-29,187.9907073974609,188.53004285167208,185.68352392965696,187.4813341773615,120006100
2025-12-30,187.31153869628903,188.75978454971104,186.70228116711607,188.0106981731968,97687300
2025-12-31,186.2727966308593,190.32784810299728,186.26281429981768,189.33906392286715,120100500
2026-01-02,188.6199493408203,192.6949656802433,188.0306564952844,189.6087335707417,148240500
2026-01-05,187.89083862304688,193.39413642527967,185.9232371396652,191.5264039837752,183529700
2026-01-06,187.0119171142578,191.935904267691,186.5924305704924,190.2879203285983,176862600
2026-01-07,188.879623413086,191.1368647540468,186.3327268208183,188.3402879564672,153543200
2026-01-08,184.8145751953125,189.31909080925223,183.4862088297309,188.87962438445808,172457000
2026-01-09,184.63479614257807,186.1129888751533,183.44624341374129,184.8545293482555,131327500
2026-01-12,184.71470642089844,186.89204340473577,182.7970472156232,182.9968005253017,137968500
2026-01-13,185.58364868164065,187.88084992986475,183.17658082293008,184.7746378408776,160128900
2026-01-14,182.9169006347656,184.2352999433054,180.57975484984624,184.0954710990846,159586100
2026-01-15,186.82212829589844,189.46889382188115,186.1030042208768,186.2727952885624,206188600
2026-01-16,186.0031280517578,190.20800608356456,185.85331687968656,188.8496622427164,187967200
2026-01-20,177.85308837890625,182.1578356421877,177.39364202987932,181.6784093892376,223345300
2026-01-21,183.09669494628903,185.15418310637224,178.18267486272933,178.8318922054109,200381000
2026-01-22,184.6148223876953,185.94320399708803,183.70592730123704,184.5249356842524,139636600
2026-01-23,187.44137573242188,189.3690325020707,186.5924203594268,187.27158465782284,142748100
2026-01-26,186.2428436279297,188.88960930416167,185.76343263076708,186.93200550896395,124799600
2026-01-27,188.29034423828125,189.7685369960469,185.47377232125424,187.01190478720807,143711600
2026-01-28,191.28668212890625,192.1156727976695,189.60872088942648,191.0369866951896,148552700
2026-01-29,192.2754821777344,193.244301759811,185.8333425036608,191.1069092802216,171764400
2026-01-30,190.8971710205078,194.25307849059112,189.23918956869625,190.9770753936289,179489500
2026-02-02,185.3838806152344,190.0681694457056,184.65477420739683,186.97193993484487,165794100
2026-02-03,180.12030029296875,186.04308409913696,176.01530661894333,186.01312186532803,204019600
2026-02-04,173.97781372070312,179.36124730830178,171.70059231104517,179.241398362594,207014100
2026-02-05,171.67062377929688,176.60460839935587,170.8216531377948,174.7168961324724,206312900
2026-02-06,185.18414306640625,186.7722025211032,174.38731390455436,176.4747642750831,231346200
2026-02-09,189.80848693847656,193.42408742490235,183.7259094221984,184.03552934237337,196387400
2026-02-10,188.3103179931641,192.2455208098368,187.89083145679504,191.1468699498802,136764800
2026-02-11,189.8184967041016,193.02457795983287,188.5400571346844,192.21556708670823,144192700
2026-02-12,186.7122802734375,193.3741533411549,186.28279615580217,192.79485804306623,189932500
2026-02-13,182.58729553222656,187.2715845385837,181.36878053627944,187.25160463564347,161888000
2026-02-17,184.7446746826172,186.92201173748992,178.9617194034806,181.5285959992061,162276900
2026-02-18,187.75099182128903,190.13807962880853,186.53247684939709,188.52005804720127,164749100
2026-02-19,187.6710968017578,188.20044994409497,185.43383529156333,186.8321237354349,126554500
2026-02-20,189.5887756347656,190.09814888521723,185.7134972299297,186.342734664171,178422300
2026-02-23,191.316650390625,193.71372053376285,189.34904909171755,191.1668239815537,171584800
2026-02-24,192.6150817871093,193.5339592408144,187.171708627792,191.2567378902843,175123600
2026-02-25,195.3217620849609,197.38924768090467,193.5539140704845,194.2131137016724,250637100
2026-02-26,184.66476440429688,194.0533071271398,184.0954667093304,194.03334246429927,360807900
2026-02-27,176.97415161132812,182.3675672971408,176.1651407824763,181.0292033274304,311636500
2026-03-02,182.25770568847656,183.2365228635074,174.42725972943845,174.79680413295333,209095300
2026-03-03,179.83065795898438,180.67961330625167,176.70446619030554,178.27256086028186,178099400
2026-03-04,182.8170166015625,184.47499807111,179.84065106191534,180.2201930282505,177731200
2026-03-05,183.1166381835937,183.83576224630104,177.6632984882966,180.94928366467312,198779700
2026-03-06,177.6033935546875,182.53736302725528,176.6046117177772,179.62092189230134,189021900
2026-03-09,182.427490234375,182.6871832569013,175.34613090826778,176.61458806542095,177213600
2026-03-10,184.5449066162109,186.21287029543888,181.78825925636124,182.1777835258792,179118500
2026-03-11,185.8134307861328,187.401576119786,184.2352683241476,185.6935753620157,145280400
2026-03-12,182.9268035888672,184.72471123223085,181.53842231669145,183.83574790315467,155762700
2026-03-13,180.0401611328125,185.87335881208497,179.73052445930352,184.7047227018936,160988400
2026-03-16,183.0067138671875,188.66012868968363,181.1988233361376,182.7570048934839,217307400
2026-03-17,181.7182006835937,185.1841623368753,181.4684917186082,184.8445618023411,182497800
2026-03-18,180.1899871826172,183.16652908726184,180.12007659614625,182.2675676480169,156683100
2026-03-19,178.3521270751953,179.77047215436778,175.5853475010711,177.80276430906588,170968500
2026-03-20,172.4989471435547,178.05247199547227,171.52009228430225,177.79278016290235,241323500
2026-03-23,175.43553161621094,178.16234927411983,174.55655117338722,177.0536408486584,182836300
2026-03-24,174.99603271484375,176.01484951930743,173.777451794472,174.6264683383626,147667800
2026-03-25,178.47198486328125,181.00903649280792,176.64412864426953,176.89383761026875,162602100
2026-03-26,171.04066467285156,176.30451888215924,170.9407749866337,175.86504388946904,186152200
2026-03-27,167.32498168945312,170.77096223786808,166.81556566439232,169.80209026823204,196212700
2026-03-30,164.97772216796875,169.25273855906806,164.07877596313077,168.58352034150624,185627000
2026-03-31,174.1969757080078,174.41672082635512,166.7656493784466,166.77563225072552,226181300
2026-04-01,175.54541015625,177.16351944386196,174.54657425208924,175.79511913229018,168132000
2026-04-02,177.18348693847656,177.28337661769746,171.170490985778,171.97954556798163,143143200
2026-04-06,177.43319702148438,177.58301630024127,175.55538077559635,176.953760088437,107564300
2026-04-07,177.89266967773438,178.0225079733855,173.4578360976707,175.52541836668527,132534900
2026-04-08,181.8680419921875,185.0443328296099,180.09011531444295,184.2852230345028,147732700
2026-04-09,183.69590759277344,183.8657078609029,180.40972906189933,181.6283100364998,116428500
2026-04-10,188.4104156494141,189.77881591864653,184.08545448929232,184.0954373612556,160459500
2026-04-13,189.0896148681641,189.4392135167764,185.52377876103736,185.81343445538195,133648200
2026-04-14,196.2812347412109,196.2812347412109,190.54792650193752,190.61783708872017,161307000
2026-04-15,198.63848876953125,200.166706463506,195.5121427945441,196.3111993145372,185338400
2026-04-16,198.1190948486328,199.6173486077875,195.58204328149,197.20015246424893,134012900
2026-04-17,201.44520568847656,201.46518667284232,199.03802288778024,199.66727910556,160324400
2026-04-20,201.82476806640625,201.9346406188145,197.6096795882359,199.7471876833392,119381400
2026-04-21,199.64732360839844,202.51397775047528,198.7683431434997,201.89470437258373,107945300
2026-04-22,202.26426696777344,202.26426696777344,198.7683413658613,200.7560302662893,107501000
2026-04-23,199.4075927734375,203.59271751351983,196.9904117933692,202.2243172467149,113561800
2026-04-24,208.0275421142578,210.70441481695207,199.57738430538976,199.72721882416832,214134400
2026-04-27,216.3578338623047,216.5775789683675,207.13858324348888,209.4059296471886,187172400
2026-04-28,212.92184448242188,214.4800260296235,207.95762889823203,209.2461357291284,180275400
2026-04-29,209.00640869140625,212.47237042757808,207.33835459433345,212.4523894424142,123711800
2026-04-30,199.33767700195312,210.0551813566716,198.4686794524716,209.68560172993963,225239200
2026-05-01,198.218978881836,202.7636852194425,196.8905253221648,201.0456862731779,128647000
2026-05-04,198.2489318847656,201.49514834231712,194.5132956232549,199.2677487020073,125368100
2026-05-05,196.271240234375,200.00689171848023,195.8017861758556,199.06798360144137,113406600
2026-05-06,207.5880584716797,208.0275486883452,198.3787906294548,199.65729931010404,188362800
2026-05-07,211.2537841796875,213.9506379507976,206.25960488465944,208.0974592073836,168307900
2026-05-08,214.9494781494141,217.5464575316693,212.642169707093,212.7820061205359,136421400
2026-05-11,219.18453979492188,222.0412109151316,213.64099781886503,213.79081709888328,160685800
2026-05-12,220.52297973632807,223.4895234569153,214.6698009927987,218.2955800381889,159176600
2026-05-13,225.56710815429688,227.5747627822776,221.3120728008497,224.6681467194947,150405400
2026-05-14,235.465576171875,236.2646326841873,229.0330706569892,229.58243343997336,180782900
2026-05-15,225.0577087402344,231.23050718880447,223.9789641563916,229.49252726355343,180977600
2026-05-18,222.0612030029297,229.7322553439391,218.1157890335498,229.60240180074675,146280900
2026-05-19,220.35317993164065,224.21866983705235,217.6563261548179,219.3643269423612,140948200
2026-05-20,223.20985412597656,225.8667612103758,220.2433103590018,222.9201831873553,184201600
2026-05-21,219.25445556640625,227.1352699433697,217.6762930684293,222.03121805596584,203381800
2026-05-22,215.079330444336,220.75271088945505,214.54994865072536,220.642838333742,169275700
2026-05-26,214.60987854003903,217.9260057479501,211.75320730356688,216.2879155086389,187202600
2026-05-27,212.35250854492188,213.9006919249857,208.53694826896,213.87072806866348,167601200
2026-05-28,214.0005798339844,215.2691056248748,210.9741084423121,211.03403615445995,143996000
2026-05-29,210.8942108154297,217.6063892667686,210.88422794322287,214.33020874183248,289410600
2026-06-01,224.09881591796875,224.60821672379728,215.448893644638,215.47885750139108,212850700
2026-06-02,222.56060791015625,232.0095863674792,221.0923180144813,226.9155175162365,193362900
2026-06-03,214.5,222.5606126707564,214.2602739078757,221.4618871331353,160907000
2026-06-04,218.6600036621093,221.6000061035156,210.97000122070312,213.9100036621093,169022200
2026-06-05,205.1000061035156,214.8699951171875,204.3300018310547,214.52999877929688,219655500
2026-06-08,208.63999938964844,210.47000122070312,206.0,210.17999267578125,138372800
2026-06-09,208.19000244140625,211.3999938964844,199.33999633789065,210.6199951171875,180962500
2026-06-10,200.4199981689453,207.22000122070312,199.9199981689453,204.42999267578125,161746600
2026-06-11,204.8699951171875,205.6600036621093,199.5399932861328,201.4900054931641,158643200
2026-06-12,205.19000244140625,207.07000732421875,203.44000244140625,204.8600006103516,112001800
2026-06-15,212.4499969482422,212.7100067138672,208.33999633789065,208.9199981689453,149936700
2026-06-16,207.4100036621093,211.4900054931641,207.2899932861328,211.17999267578125,125694100
2026-06-17,204.6499938964844,209.2100067138672,203.0800018310547,208.52999877929688,128363500
2026-06-18,210.69000244140625,211.38999938964844,206.5,207.3300018310547,241272000
2026-06-22,208.6499938964844,213.9900054931641,207.72000122070312,211.44000244140625,122041400
2026-06-23,200.0399932861328,203.7700042724609,200.0,202.1699981689453,153496200
2026-06-24,199.0,201.6699981689453,196.5800018310547,200.1199951171875,151810700
2026-06-25,195.7400054931641,200.8000030517578,192.1300048828125,200.0800018310547,149550000
2026-06-26,192.52999877929688,195.5500030517578,191.22000122070312,193.1199951171875,179304100
2026-06-29,194.97000122070312,196.17999267578125,189.8000030517578,193.8500061035156,148835700
2026-06-30,200.08999633789065,200.6300048828125,195.1100006103516,197.2400054931641,166476700
2026-07-01,197.5800018310547,199.8500061035156,193.4499969482422,196.1999969482422,146147600
2026-07-02,194.8300018310547,200.0599975585937,192.3500061035156,197.13999938964844,142068700
2026-07-06,195.5500030517578,197.5500030517578,193.9900054931641,194.4199981689453,108999000
2026-07-07,196.92999267578125,198.4100036621093,191.13999938964844,192.3699951171875,124154600
2026-07-08,204.1199951171875,205.1600036621093,195.0599975585937,195.17999267578125,147419100
2026-07-09,202.77999877929688,204.58999633789065,198.9600067138672,204.4600067138672,132037400
2026-07-10,210.9600067138672,211.0,201.9199981689453,202.0,148421000
2026-07-13,203.52999877929688,210.57000732421875,203.0,208.5399932861328,121411000
2026-07-14,211.8000030517578,212.5500030517578,203.8000030517578,208.1999969482422,124379600
2026-07-15,212.5,213.8099975585937,206.0399932861328,211.9600067138672,124797200
2026-07-16,207.3999938964844,211.0800018310547,205.8500061035156,210.1699981689453,122986100
2026-07-17,202.8099975585937,206.6499938964844,197.97000122070312,202.63999938964844,144281900
2026-07-20,203.27999877929688,207.7400054931641,202.27999877929688,205.8699951171875,88701500
2026-07-21,207.2899932861328,208.6499938964844,204.009994506836,207.5399932861328,108685600
2026-07-22,212.0599975585937,214.38999938964844,204.9499969482422,205.8099975585937,137645600
2026-07-23,208.759994506836,210.8699951171875,205.9600067138672,209.4600067138672,110505300
2026-07-24,206.83999633789065,211.9100036621093,204.8099975585937,207.4499969482422,114836800
2026-07-27,196.509994506836,208.75,195.44000244140625,208.1999969482422,154353700
2026-07-28,197.009994506836,198.6999969482422,192.7400054931641,195.0,134111500
2026-07-29,190.009994506836,197.07000732421875,190.009994506836,195.8500061035156,147680800
2026-07-30,195.0399932861328,197.25,191.5200042724609,193.4499969482422,129010200
2026-07-31,200.75,202.0,194.9499969482422,198.44000244140625,139961200
2026-08-03,206.63999938964844,208.7400054931641,196.8500061035156,197.69000244140625,128406900
2026-08-04,211.94000244140625,213.0599975585937,209.0500030517578,211.3000030517578,134922000
2026-08-05,219.22000122070312,222.22000122070312,216.3999938964844,216.8600006103516,158187400
2026-08-06,218.9900054931641,223.6300048828125,217.0,221.52999877929688,113940600
2026-08-07,223.9600067138672,224.759994506836,220.6600036621093,221.5399932861328,105669400
2026-08-10,217.5500030517578,224.13999938964844,216.7700042724609,223.3999938964844,115846600
2026-08-11,217.5,222.1999969482422,216.1999969482422,222.1699981689453,101273100
2026-08-12,224.08999633789065,225.1000061035156,220.1999969482422,221.0399932861328,108783600
2026-08-13,225.3000030517578,227.22999572753903,223.7100067138672,225.0599975585937,98867200
2026-08-14,225.1600036621093,227.4900054931641,224.5,226.7700042724609,75680900
2026-08-17,225.009994506836,227.9199981689453,224.8600006103516,225.97999572753903,93678700
2026-08-18,219.7400054931641,221.63999938964844,218.69000244140625,220.4499969482422,103128200
2026-08-19,217.5599975585937,222.8699951171875,216.759994506836,221.6699981689453,96797300
2026-08-20,216.8500061035156,219.8600006103516,215.6600036621093,218.3600006103516,92457000
2026-08-21,214.72000122070312,218.7400054931641,214.5,218.4199981689453,98869300
2026-08-24,208.47999572753903,215.58999633789065,207.25,215.52999877929688,135187300
2026-08-25,213.0500030517578,214.72999572753903,210.1100006103516,211.02999877929688,122309000
2026-08-26,209.6600036621093,213.6000061035156,209.22999572753903,212.63999938964844,179900000
2026-08-27,227.97999572753903,230.47000122070312,220.8999938964844,222.8600006103516,298909800
2026-08-28,217.5500030517578,229.259994506836,216.8099975585937,227.3600006103516,195116400
2026-08-31,220.77999877929688,221.3000030517578,216.2100067138672,218.8699951171875,124702700
2026-09-01,217.44000244140625,220.41000366210938,215.10000610351562,216.75,109756200
2026-09-02,224.41000366210938,227.9499969482422,218.47999572753906,218.7899932861328,157104700
2026-09-03,228.4499969482422,230.39999389648438,224.75,226.02000427246094,134681600
2026-09-04,230.36000061035156,234.75999450683594,229.6300048828125,231.08999633789062,134946800
