Date,Close,High,Low,Open,Volume
2015-07-06,36.30512619018555,39.31159907520347,35.602957653014464,37.5808997448486,5866600
2015-07-07,36.216121673583984,37.39299973111736,35.60296063017717,37.303992178636896,7359000
2015-07-08,34.31729507446289,35.95898681321486,34.14916803966071,35.93920694014254,5387700
2015-07-09,34.119503021240234,35.12825399806151,33.61512941914228,34.71288417342905,3760100
2015-07-10,34.30740737915039,34.80189294757494,33.60523877741764,34.27773945228508,4472800
2015-07-13,36.374359130859375,37.08641959431036,35.10847721594713,35.19748477387851,7626000
2015-07-14,36.52269744873047,37.32376527557307,36.19633522469744,36.58203706381596,4653300
2015-07-15,37.09630584716797,37.77869834908938,36.62160015209793,37.56112349078104,13072800
2015-07-16,38.20395278930664,39.52917414969086,37.660019465314086,38.39185593101311,21348500
2015-07-17,37.96660232543945,39.75664148774194,37.75891928674085,38.98524141559263,45720200
2015-07-20,40.02366256713867,42.08072054183474,39.36104995276331,41.002741866534144,52286500
2015-07-21,38.91600799560547,40.65659909755614,38.68854511449402,40.62693117429705,32954600
2015-07-22,37.96660232543945,39.28193578244845,37.67979978287914,38.91601373602643,25363900
2015-07-23,36.6018180847168,38.32262942734496,36.52270235992226,38.31274137648012,19250200
2015-07-24,36.5919303894043,37.58090148100982,36.50292284025479,37.29409895901414,14274300
2015-07-27,35.9886589050293,36.96774198607719,35.82053562337866,36.3743570430518,16179900
2015-07-28,37.185306549072266,37.58089644171923,36.42380223055779,36.77982860679029,18986000
2015-07-29,37.53145217895508,37.67979557318405,37.20508992092604,37.61056790135216,11788400
2015-07-30,38.02593994140625,38.579761348633504,37.29904557179509,37.62046193713256,13845100
2015-07-31,38.2731819152832,38.76766745999584,37.79847624507411,38.70832783648521,12480600
2015-08-03,38.95557022094727,39.44016770989548,38.470976504624325,38.817114873426426,15126600
2015-08-04,38.52042770385742,39.46983911861621,38.00616224437334,39.46983911861621,10992200
2015-08-05,38.83689880371094,39.44017182887694,38.73799942184933,39.26215671415171,9463100
2015-08-06,38.42152786254883,39.30171535950085,38.12483727057511,39.19292792883118,7324100
2015-08-07,38.69844436645508,38.7973399780542,38.174287061627616,38.60943680696557,8331300
2015-08-10,38.61931991577149,39.252260803290746,38.34240922063813,38.99512998247052,7998900
2015-08-11,38.42152786254883,38.8467857610072,38.29296432868974,38.50064736580879,8184000
2015-08-12,37.76880645751953,38.15450837091116,36.60182021115635,38.124836671342266,21350600
2015-08-13,37.2050895690918,38.06549709250899,37.02707447960032,37.97648954776325,7863500
2015-08-14,37.7193603515625,37.75892010434996,36.96774391172916,37.07653134558183,6271100
2015-08-17,38.30284881591797,38.32262868989229,37.28420982830412,37.87759095703302,4931700
2015-08-18,37.57101440429688,38.56987357276457,37.45233515393653,38.56987357276457,4678800
2015-08-19,36.77983474731445,37.67979831934485,36.62159951836269,37.45233541351579,6923400
2015-08-20,35.58317947387695,36.92818076399409,35.48428387362583,36.4435832684628,10645700
2015-08-21,33.87226104736328,35.71174794435841,33.4568949855259,35.17770263117425,16824100
2015-08-24,33.377777099609375,34.465643881213055,29.66913519965277,30.826231547891748,19676600
2015-08-25,32.33935546875,35.0689140232065,32.33935546875,35.0491341486479,15557100
2015-08-26,32.80417251586914,33.46678517401402,31.360275485905124,33.32832981122647,25350400
2015-08-27,34.23817825317383,34.3865254264766,32.79428135987823,33.49644993191064,18909600
2015-08-28,34.65354919433594,34.87112027688326,33.99093657750316,34.12939193165839,8344800
2015-08-31,34.613990783691406,35.11836441801279,34.38652786839936,35.108476366315564,12123800
2015-09-01,33.39755630493164,34.297519903671784,33.041526086067314,33.77336639958016,13376000
2015-09-02,34.6832160949707,34.693107918618026,33.461836185675594,34.21839847180568,7521000
2015-09-03,34.92057037353516,35.06891377272714,34.3865250821433,34.62387602990059,6683800
2015-09-04,33.91181945800781,34.33707732696885,33.40744209127481,34.32718550343471,7483100
2015-09-08,34.31729507446289,34.50519820971235,33.87225736189834,34.42608249004812,7674500
2015-09-09,33.990936279296875,34.56454133876535,33.506342544004944,34.53486963983136,10946900
2015-09-10,33.090972900390625,33.91182074409098,32.58659928715489,33.85248111851159,12134500
2015-09-11,33.17998123168945,33.219540983004784,32.25034971153236,32.9030705177332,9184200
2015-09-14,33.39755630493164,33.57557141436381,32.83384304927164,33.32832862599975,7897700
2015-09-15,33.427223205566406,33.57557038307853,32.3096847801513,33.348107477485264,11874900
2015-09-16,33.39755630493164,33.68435884486408,32.992078282919614,33.090973889215014,7183900
2015-09-17,32.9525146484375,33.61512720494043,32.71516371224624,33.348104572256425,7846800
2015-09-18,32.55692672729492,33.40744247498586,32.19100847745999,32.537150625250085,16488100
2015-09-21,33.87226104736328,34.23817930745223,33.061305026287535,33.28876793243069,12736500
2015-09-22,32.98218536376953,33.72391370423774,32.823950135374666,33.56567847584287,8538000
2015-09-23,33.78325271606445,33.96126781635383,32.89317721461757,33.12064388814039,5405500
2015-09-24,33.5360107421875,33.6942459714917,33.01185725248459,33.625018294460205,6544500
2015-09-25,33.39755630493164,34.3074079552511,33.1305336407834,34.21840040053502,6566800
2015-09-28,31.89431953430176,33.30854857825293,31.80036606796829,33.30854857825293,7407300
2015-09-29,30.29218482971192,32.309684950552004,29.965824432826924,31.9140987628091,12008100
2015-09-30,30.697662353515625,30.935015179591765,30.302072423742807,30.85589757089972,13672000
2015-10-01,31.132810592651367,31.238630850211127,30.410862123412247,30.480089800419734,9657000
2015-10-02,32.467926025390625,32.497593953893194,30.41086413636328,30.48009181795308,7609800
2015-10-05,32.3096809387207,32.65582305421958,32.02288221432162,32.5865953856448,6119100
2015-10-06,31.508621215820312,32.54704016132064,31.42950359984232,32.54704016132064,7409800
2015-10-07,32.02288818359375,32.11288416951679,31.17237235670488,31.953660502114488,6969600
2015-10-08,31.32071685791016,32.09211504536032,30.74711365790244,32.08222322104411,9281500
2015-10-09,31.70641326904297,32.09211137550561,31.0635805765218,31.34049315001265,5911400
2015-10-12,32.27012634277344,32.309682317486306,31.745969122107542,31.83497666730551,3915500
2015-10-13,32.85362243652344,33.11075327264329,31.98332677808808,32.240457614207926,8787700
2015-10-14,33.67446517944336,34.0799431792851,33.031636228420055,33.031636228420055,8198300
2015-10-15,34.23817825317383,34.33707762625079,33.783252454895816,34.070054977881,9103200
2015-10-16,33.91181945800781,34.66343582371495,33.57556913772758,34.36674525232069,5390700
2015-10-19,34.455753326416016,34.52003508986699,33.41733442438866,34.05027532571484,5855700
2015-10-20,34.48542022705078,34.60409947199041,34.20850953410881,34.416192553815286,6084200
2015-10-21,33.45689392089844,34.41619331669374,32.51737062707286,34.366745516518776,9054500
2015-10-22,34.406307220458984,34.86123304411518,33.882149945474154,34.05027700277134,8735500
2015-10-23,34.604103088378906,35.35571952175321,34.4161961505661,35.33593964552946,8909100
2015-10-26,36.03810501098633,36.186452182917066,35.12330751108091,35.65240689111677,11554600
2015-10-27,35.54362106323242,35.992616310486646,34.92057196746188,35.98865882637243,8502400
2015-10-28,36.117225646972656,36.24579294852282,35.4150570593052,35.810643242545474,11634300
2015-10-29,35.513954162597656,36.09744729721103,34.11950497955562,34.34696789337092,25137300
2015-10-30,35.612850189208984,36.08755967095232,34.85134570784609,35.24693191246471,13409200
2015-11-02,36.5820426940918,36.99740874574413,35.05902629278254,35.18759359227627,11254900
2015-11-03,37.48200225830078,38.01604372895794,36.5919268528306,36.641374648106726,12025200
2015-11-04,37.185306549072266,38.09516179311037,36.918287710054095,38.02593412779088,12226800
2015-11-05,36.30512619018555,37.56111987121524,36.25567839241472,37.40288465477352,9068900
2015-11-06,35.84031295776367,36.29523874099234,35.405163275870855,36.18645132051913,10256800
2015-11-09,36.19634246826172,36.33480159783612,35.25682289678711,35.701856894801175,11571500
2015-11-10,36.5919303894043,36.78972536225047,36.09744484360154,36.17656434179013,36384400
2015-11-11,35.9293212890625,36.90840054945648,35.35571624953852,36.77983325221399,12762500
2015-11-12,35.177703857421875,35.65240956148025,34.44586731173314,35.54856804240112,11835900
2015-11-13,34.149173736572266,35.108476991177035,34.11950580832698,34.79200651447507,7364400
2015-11-16,35.217262268066406,35.2667100696554,34.14917164514211,34.1689515203028,6734500
2015-11-17,35.81064224243164,36.04799696384733,35.31615669772214,35.49417179562759,7344900
2015-11-18,35.820533752441406,36.54248218868267,35.390329974164814,35.9194293514675,8323100
2015-11-19,35.79085922241211,36.0974415913328,35.51394854895147,36.04799379573269,5041300
2015-11-20,35.958988189697266,36.04799573561731,35.523838510699164,36.04799573561731,4543400
2015-11-23,35.16781234741211,36.24579095664954,35.01946517895848,36.09744378819591,6961000
2015-11-24,34.732666015625,34.91068112589043,34.49531505035482,34.86123332251127,8390100
2015-11-25,34.97002410888672,35.464509735375216,34.74256117341712,34.811788859315435,3881800
2015-11-27,34.7920036315918,35.30626905677661,34.67332815581849,35.12825395680397,2549400
2015-11-30,34.87112045288086,35.04913555844332,34.30740720947488,34.97001982965193,9357300
2015-12-01,34.78211212158203,35.0194668478945,33.47667055842693,35.0194668478945,14893900
2015-12-02,34.762332916259766,35.77108003832281,34.54475808428046,34.84144863621812,5762400
2015-12-03,33.852481842041016,34.84145298708209,33.47667175059026,34.81178505997103,7311900
2015-12-04,35.227149963378906,35.42494494036167,33.84259266975034,34.00082789681147,10664300
2015-12-07,34.77222442626953,35.40516533941259,34.465642020942234,35.31615778771276,4918000
2015-12-08,35.20737075805664,35.30627013474177,34.1392838982355,34.24807132627641,7420800
2015-12-09,34.6832160949707,35.20736956951827,34.445865144189874,34.999686544428705,7381700
2015-12-10,35.09858703613281,35.51395309954688,34.7722247526285,34.7722247526285,6949700
2015-12-11,34.30740737915039,34.93639459159863,34.04038471948607,34.76233696929636,8309200
2015-12-14,34.623878479003906,34.834530572454746,33.95138156437263,34.22829228055172,5784400
2015-12-15,35.919429779052734,36.10733292848923,34.792003337183154,34.80189138815336,11709900
2015-12-16,35.58317947387695,35.85020212170539,34.80189140496695,35.72163482327866,7076300
2015-12-17,35.148033142089844,36.17656397228429,35.11836144425953,35.602958934151715,6454100
2015-12-18,34.594207763671875,35.365603995219146,34.34696499482977,34.96012600522311,13745900
2015-12-21,35.68208312988281,35.75131081289347,34.722779847269734,34.82167545939188,5856000
2015-12-22,36.39908599853516,36.48314764667708,35.385388990527,35.721639355720484,6030900
2015-12-23,36.70071792602539,37.264431148165,36.3644676029399,36.3842474775479,7579500
2015-12-24,36.661163330078125,36.81939857655917,36.41392052166237,36.60182369791304,2133400
2015-12-28,36.20623397827149,36.59193211860426,35.850203764848764,36.29524153162716,4930100
2015-12-29,36.67105102539063,37.03696928430297,36.34468874417456,36.51281202410373,3436600
2015-12-30,36.07766342163086,36.839171582219954,36.0578835479321,36.66115649155626,4106700
2015-12-31,35.80075454711914,36.09744512236695,35.653395801023755,35.89965014799329,4481900
2016-01-04,34.36674118041992,35.16780902363365,33.90192361764623,34.74255120505875,12287700
2016-01-05,33.93159866333008,34.59420746728996,33.486560928702055,34.59420746728996,11227700
2016-01-06,33.60523986816406,33.63490779599233,32.84373161535844,33.328329148098604,8441300
2016-01-07,32.76461410522461,33.78424157456961,32.65582667892486,32.784393980245056,11041100
2016-01-08,32.3294677734375,33.50634593788998,32.270131914810186,33.09097606436975,7848800
2016-01-11,32.67560577392578,33.06130389605371,32.11189255348875,32.65582589937751,8937400
2016-01-12,32.71516799926758,33.19976175819094,32.29979814756481,32.98218689431684,7854000
2016-01-13,31.7657527923584,33.19976173743787,31.617407494736028,32.91295919389685,8069400
2016-01-14,32.507476806640625,32.67560384405842,31.355326533785195,31.79542022808464,7749500
2016-01-15,31.95365524291992,32.18111812643203,31.27126470607105,31.27126470607105,12174400
2016-01-19,31.844867706298828,32.814058856463895,31.577845077280127,32.39868906489312,6674700
2016-01-20,30.855899810791016,31.35038537259015,30.18339914493416,31.083362716503565,13170600
2016-01-21,30.855899810791016,31.389943236651465,30.5592073419239,31.26137782056129,9978900
2016-01-22,31.340496063232425,31.61740677615061,31.19215076898157,31.30093631206539,9444000
2016-01-25,31.122920989990234,31.62729649601799,31.00424550993237,31.62729649601799,7591800
2016-01-26,31.61740493774414,31.62729487496084,31.043801783363875,31.142699269218262,8617000
2016-01-27,31.24159812927246,32.27012900929903,31.03391321121171,31.60751639082261,12711700
2016-01-28,33.86237335205078,34.36674697138788,32.982185872123495,33.259100355551666,20378600
2016-01-29,35.74141311645508,35.860088586030635,33.981045856021254,34.10961314875945,21201100
2016-02-01,36.67105102539063,36.90840198207009,35.19748239322264,35.25682201870522,17356000
2016-02-02,36.42380905151367,37.35344056891055,36.0381071362727,36.12711469015515,17310600
2016-02-03,36.6018180847168,37.1358633744247,35.672186625785656,36.4633627368574,14543100
2016-02-04,36.76005554199219,36.873788883292,36.13700643874268,36.25568191946275,10212300
2016-02-05,34.6832160949707,36.75016584009504,34.43597332054256,36.75016584009504,16245800
2016-02-08,33.23931884765625,33.91181948882792,31.62729491902784,33.62501696808185,20629000
2016-02-09,32.33935546875,33.48458492910336,31.291044752896063,32.43825106891769,16439200
2016-02-10,32.537147521972656,33.56567449834726,32.45802803083808,33.24920407905893,8636500
2016-02-11,33.15031433105469,33.26898981605008,31.65696573997464,31.76575317314776,13170100
2016-02-12,33.92171096801758,34.06016633061193,33.43711719893735,33.59535243799171,9437100
2016-02-16,35.06891632080078,35.12825594836431,34.099725039683186,34.26785209813374,9152400
2016-02-17,35.958988189697266,36.50292151581972,35.41505486357482,35.58317813218759,12070600
2016-02-18,35.9095458984375,36.12711699867754,35.26671310458438,36.00844151012609,9022100
2016-02-19,35.365604400634766,35.83536793039507,35.217261001204115,35.60295912139922,9652800
2016-02-22,35.60295867919922,36.09744421641032,35.424943583993205,36.04799641721426,10476200
2016-02-23,35.08869552612305,35.538679204806606,34.63376970803948,35.32605025921584,8415200
2016-02-24,36.06777572631836,36.34468641557794,34.47553171782539,34.831561902659246,8090600
2016-02-25,36.33480072021485,36.42380827219289,35.78097553317079,36.26556927078708,5209500
2016-02-26,37.07653045654297,37.12103234789252,35.968880040807946,36.32491026210666,8595000
2016-02-29,37.7193603515625,38.50064849229928,37.03697159279437,37.0567514691881,23939900
2016-03-01,38.81711959838867,39.108864291516205,37.60068547515425,38.09517107513373,14085300
2016-03-02,38.72810745239258,39.48961563888032,38.27318165972466,38.76766720113552,12895900
2016-03-03,38.58965301513672,38.807227865732365,38.20296645950569,38.53031339062189,7656900
2016-03-04,38.60943222045898,39.2621529883019,38.32757561099557,38.342409573710704,7200100
2016-03-07,38.55009078979492,38.96546058947313,38.29295997866089,38.35229582673983,5327200
2016-03-08,37.739139556884766,38.45120000389458,37.68969175309255,38.26329306780832,6012700
2016-03-09,38.14461517333984,38.194062974006826,37.40288684545904,38.05560762308913,4990500
2016-03-10,38.06550216674805,38.8665664036187,37.06663916782514,38.23362545555401,7655700
2016-03-11,39.05447006225586,39.09402603871957,38.42152539470735,38.56987256747856,9539500
2016-03-14,38.94568634033203,39.36105242737111,38.609435986365575,38.96546621675661,5299700
2016-03-15,38.83689880371094,39.20281708503474,38.61932393624105,38.61932393624105,5013900
2016-03-16,39.40060806274414,39.45005586232531,38.14461433573102,38.65887975115079,6363500
2016-03-17,39.48961639404297,39.67751954522727,38.73799624405503,39.41049689504408,9789600
2016-03-18,38.97534942626953,39.420387158965816,38.26328905395548,39.420387158965816,15132400
2016-03-21,40.68627166748047,40.715939594127846,38.76766903423198,38.97535206601458,13432400
2016-03-22,40.86428451538086,41.28954237942205,40.18189583180616,40.22145180760921,10552300
2016-03-23,40.07311248779297,40.85440062194256,39.59840677622282,40.607157828044,8104700
2016-03-24,38.49075698852539,39.07425014281268,36.59193411041295,38.9654664806792,15040600
2016-03-28,38.31274032592773,38.7379944087101,38.19406108305225,38.38196799795918,6192900
2016-03-29,39.09402847290039,39.27698949436019,37.87759440736165,38.31274412918483,5694000
2016-03-30,38.60943222045898,39.598403309471,38.56492655968828,39.49950393699461,5246800
2016-03-31,38.17428588867188,38.56987586816485,38.00616259959403,38.312745022332365,8087000
2016-04-01,38.96546173095703,39.0247975807742,37.97649065933503,38.08527430820824,6982000
2016-04-04,38.36219024658203,38.94568335214752,37.9863801686012,38.92590347724059,5381300
2016-04-05,38.12483978271485,38.381974412627386,37.28421575462758,37.92704478415731,5364800
2016-04-06,38.72810745239258,38.75283323851323,37.82814391792984,38.02593888901925,5526200
2016-04-07,37.85781097412109,38.510531722894726,37.69957575540704,38.42152417657899,7294500
2016-04-08,37.98638153076172,38.2721956403716,37.67979911764864,38.184176514298365,7822300
2016-04-11,37.64023971557617,38.39185605750359,37.6105680185378,37.9072623531705,5428900
2016-04-12,37.38310623168945,37.89737164823601,36.928180438345485,37.89737164823601,7677100
2016-04-13,38.36219024658203,38.68854875098285,37.76880531725039,37.82814494197117,7082400
2016-04-14,38.21383666992188,38.58964668495106,37.99131971658702,38.5105271985766,4590200
2016-04-15,38.15451049804688,38.52042878370906,37.86770794618632,38.2632941604459,5239600
2016-04-18,39.20281600952149,39.25226381278288,38.00616181651819,38.13472912309826,6433000
2016-04-19,38.807228088378906,39.62807214943714,38.54514757473717,39.31160169545982,5915800
2016-04-20,39.637962341308594,39.79619756178262,38.7379950448701,38.807226490663645,7723500
2016-04-21,39.65774154663086,40.10277931799029,39.57269147654628,39.75664092505825,5539400
2016-04-22,39.86542892456055,40.18684153432128,39.24237603575598,39.28193578769211,6433900
2016-04-25,39.38083267211914,40.38958374345321,39.10392194483651,39.8258704642703,7934200
2016-04-26,39.29182052612305,39.68741046687553,38.89623435799584,39.13358530434711,5271200
2016-04-27,39.56873321533203,39.73686026904426,38.7676690152414,39.2423747044943,12727600
2016-04-28,39.62807083129883,41.03241172515817,39.46983560957351,40.54781423652266,17800000
2016-04-29,38.74789047241211,39.430279216811954,38.1643973352729,39.272043981619575,10001400
2016-05-02,38.58965301513672,38.83689579167709,38.3028504889198,38.63910081591972,6777500
2016-05-03,37.93693161010742,38.54020457853345,37.71935676310123,38.203954257080845,9146600
2016-05-04,37.887481689453125,38.03582508105155,37.4523320197975,37.6501269812205,8121600
2016-05-05,38.52042770385742,38.687562563455145,37.89737481239827,37.956714440555295,7127200
2016-05-06,39.04458236694336,39.26215723731238,38.18417848272377,38.283074093277484,6566900
2016-05-09,39.18303680419922,39.73686201903045,38.89623803132516,38.98524181514338,5861000
2016-05-10,39.66762924194336,39.7071889891967,38.80722548862142,39.18303176965276,6588700
2016-05-11,39.27204132080078,39.86937995338971,39.133585970966486,39.133585970966486,5995500
2016-05-12,39.07424545288086,39.55884293883672,38.737995136995735,39.41049576876598,6323100
2016-05-13,39.04458236694336,39.36105284786609,38.876459074476905,39.10392199685101,5885900
2016-05-16,38.8665657043457,39.09402861767492,38.69844241856456,38.925905331893766,10316000
2016-05-17,38.63415145874024,39.22259042167068,38.32262694622561,38.66876529346408,10746100
2016-05-18,38.55009078979492,38.925900842337086,38.075385142037774,38.74788575285001,10393500
2016-05-19,37.23476409912109,38.45119812146015,36.89851376811982,38.38197044501508,17041300
2016-05-20,37.11608505249024,37.531454886067,37.076529074751136,37.37321965723429,12496600
2016-05-23,37.65012741088867,37.80836262730785,36.97762679795087,37.26442930665599,9083800
2016-05-24,38.49075698852539,38.574822407055656,37.85781602915458,37.85781602915458,7555200
2016-05-25,38.33251953125,38.62921388983959,38.085276747509,38.44130695971612,6538900
2016-05-26,37.65012741088867,38.31273997332378,37.58089973949435,38.2830682765654,5894700
2016-05-27,37.66991424560547,37.92210296521581,37.50178717498997,37.58090668413275,5863600
2016-05-31,37.37322235107422,37.61057332511868,37.086419799196925,37.541345643303565,12231400
2016-06-01,37.887481689453125,38.05461652667989,37.294096805184125,37.39299617220818,5458500
2016-06-02,38.13473129272461,38.25835269422415,37.89737654189014,37.99627215403947,4658600
2016-06-03,37.907264709472656,38.16439553982896,37.3959645597102,38.0160483632914,4986000
2016-06-06,37.6797981262207,38.06550003165009,37.56112264827151,38.04572015655432,5065900
2016-06-07,37.155643463134766,38.05560700203811,37.106195663274754,37.65012900698551,6324400
2016-06-08,37.135860443115234,37.28420760275501,36.65126676385863,37.1160805703216,8666600
2016-06-09,36.720497131347656,37.15564304691669,36.700717257100166,37.066635499115606,10206700
2016-06-10,36.36447143554688,36.64138216399315,36.21612424666453,36.42381106562496,7741400
2016-06-13,36.13700485229492,36.70071807674962,36.09249919108779,36.09744510291644,8216000
2016-06-14,36.75016403198242,36.863897362578825,35.850200528247285,35.968875997798854,10281900
2016-06-15,36.43369674682617,36.80950683428102,36.37930303261723,36.75016720806431,7092000
2016-06-16,36.56226348876953,36.6314911653124,35.94909867849631,36.216121333429726,6106000
2016-06-17,36.56226348876953,36.76994651839816,36.22601315729324,36.62159934144889,7947100
2016-06-20,36.45347213745117,37.34354378544556,36.413912391506976,36.86883815199022,7789600
2016-06-21,35.76119613647461,36.39413706006479,35.553513103288864,36.39413706006479,12816100
2016-06-22,35.60295867919922,36.090521449070366,35.385383835586254,35.87986937279736,9292400
2016-06-23,36.25568008422852,36.26062599602393,35.6524071144483,35.86998196194289,4808700
2016-06-24,34.6931037902832,35.33098675249211,34.228286222429524,34.61398430102092,17647200
2016-06-27,33.82281494140625,34.37663638495664,33.62501995187012,34.3568602813661,11195800
2016-06-28,34.85134506225586,34.861233113822266,33.85248208589873,34.07994499818165,12408200
2016-06-29,35.375492095947266,35.50900151711719,34.90078648244051,35.29637260738371,9520400
2016-06-30,36.107330322265625,36.12711019540365,35.19747879366679,35.41505362556001,9153000
2016-07-01,35.9490966796875,36.265567118466095,35.85020108230364,36.19633944577235,7260400
2016-07-05,35.72163009643555,35.95898478730589,35.474387355898656,35.8996451714321,5321100
2016-07-06,35.53373336791992,35.77108432888912,35.32110442187954,35.543621419366346,7821300
2016-07-07,35.919429779052734,35.988657453720144,35.444724107351085,35.5238398329887,7326700
2016-07-08,36.94795989990234,37.04685549817634,36.25567939410862,36.37435486656246,6828600
2016-07-11,37.729248046875,37.907263142310406,36.98751974010256,37.03696753936234,10096200
2016-07-12,38.36219024658203,38.4808657233982,37.8182568908304,38.04571979332198,9997200
2016-07-13,38.84678649902344,39.54895889960606,38.40175248892082,38.41164054070339,12458500
2016-07-14,39.519287109375,39.628074541864684,38.96546566779207,39.25226444034367,9683500
2016-07-15,38.658878326416016,39.628069498464384,38.55009090777153,39.57862170070557,8140600
2016-07-18,38.49075698852539,38.78745136427795,38.30285382015772,38.69844380607732,7877400
2016-07-19,38.935791015625,39.02974447703925,38.40174949067247,38.54020484057221,8120100
2016-07-20,39.60829544067383,40.00388542608065,38.68855193133481,39.00502241060999,11189100
2016-07-21,39.687408447265625,39.88520340757649,39.2127028060946,39.88520340757649,13363300
2016-07-22,37.007301330566406,37.17542840013628,36.02822193308153,36.888625840216136,36397300
2016-07-25,37.36332702636719,37.75891697621783,37.205091800952005,37.28421129997228,16904100
2016-07-26,37.27431869506836,37.84792373306736,37.1853111468487,37.36332624328802,10279200
2016-07-27,36.80950546264648,37.27431931316778,36.63643250245335,37.22487151280918,8894200
2016-07-28,36.80950546264648,37.2644312621462,36.69181841510039,36.98752056203774,5111300
2016-07-29,36.82928466796875,37.0666356144265,36.45347460134782,36.99740794065755,6841500
2016-08-01,36.65127182006836,37.02707813711665,36.493036588515,37.01719008566823,5473900
2016-08-02,36.13700485229492,36.675992290231726,35.95898975271709,36.65127027633918,5997700
2016-08-03,36.17656326293945,36.33479848197246,35.8798689262055,36.18645131360549,7663800
2016-08-04,36.88862228393555,36.97762983627385,36.32490904333479,36.41391659567309,7507800
2016-08-05,37.6797981262207,37.72924970027284,37.135864765276,37.135864765276,7670400
2016-08-08,37.49189376831055,37.87759188873413,37.234762945569926,37.76880446551203,6101300
2016-08-09,37.6797981262207,37.719357876412246,37.46222704541808,37.610570449698216,5049100
2016-08-10,37.65012741088867,37.82319658937447,37.49189219446949,37.60067961312489,5546800
2016-08-11,38.035831451416016,38.06550315280529,37.67980121575054,37.76880877466691,5999400
2016-08-12,38.08527755737305,38.20395681238273,37.67979953432054,37.87759452004445,6527900
2016-08-15,38.035831451416016,38.22373839392043,37.9171559637361,38.12483901033239,4548200
2016-08-16,37.95671081542969,38.105054212716034,37.72924792149042,37.976490689592914,6170800
2016-08-17,37.7193603515625,38.03583082861083,37.46222950369537,37.98638302393934,5264000
2016-08-18,37.79847717285156,37.95176648823493,37.51167464444848,37.65012999674641,3880600
2016-08-19,37.66991424560547,37.75892180707818,37.47706515785222,37.60068656141845,5107900
2016-08-22,37.68969345092773,37.77870101081355,37.24465565149866,37.511678331156105,10704300
2016-08-23,37.44244766235352,38.00616090580174,37.38310803628642,37.99626908181116,6066400
2016-08-24,37.106201171875,37.53145910452832,36.99741373245775,37.39300373531577,5914200
2016-08-25,37.09630584716797,37.15564547378629,36.839175010406265,37.08641779571101,5132100
2016-08-26,37.23476409912109,37.42266725338268,36.9677414445649,37.303991775566175,4177700
2016-08-29,36.87873458862305,37.23476480141313,36.85895471317632,37.19520505051968,4780700
2016-08-30,36.5919303894043,37.106195809754205,36.577096426650265,36.849061213266594,6873600
2016-08-31,36.74028015136719,36.82928770678927,36.43369773321879,36.59193296812187,7166300
2016-09-01,36.42380905151367,36.90840279949829,36.17656626546525,36.85895499681371,10412200
2016-09-02,36.661163330078125,36.71555704973967,35.8996550274425,36.60182369791304,6726900
2016-09-06,36.76994323730469,37.23476082915156,36.61170802323715,36.64137594692947,6416900
2016-09-07,38.13473129272461,38.15451116967963,36.84906569902873,36.91829715468419,10817700
2016-09-08,38.83689880371094,38.8962384328279,38.07637896811678,38.2237377266716,12037300
2016-09-09,37.59078979492188,38.58965271710077,37.49189419411967,38.3226300677844,10747100
2016-09-12,38.3424072265625,38.41163489674551,37.12597331425733,37.23476073100923,8635000
2016-09-13,39.420387268066406,39.88520487601621,37.98637846879858,38.1940614870899,17924900
2016-09-14,39.519287109375,39.835757582458285,39.09402920380204,39.54895880990668,13042100
2016-09-15,40.37968826293945,40.68626686242331,39.43027322346924,39.86542288357538,12702800
2016-09-16,40.25112533569336,40.42914043909087,39.88026116571945,40.26101338693748,11909400
2016-09-19,39.56873321533203,40.013770977952085,39.31160238172126,39.79619989493542,7574500
2016-09-20,39.25225830078125,39.85553122468206,39.23247842772917,39.85553122468206,5563300
2016-09-21,39.84564971923828,39.94454532811755,39.26215657254902,39.420391810331246,5378400
2016-09-22,40.04344177246094,40.21156504974909,39.6972996215215,39.97421032417275,5691000
2016-09-23,39.62807083129883,40.0483827853231,39.163253216957145,39.163253216957145,6234600
2016-09-26,39.89509582519531,40.06321910765757,38.94568443892194,38.94568443892194,9054400
2016-09-27,40.607154846191406,40.77527812283654,39.05447051633478,39.59840386844452,8674100
2016-09-28,40.51814651489258,40.735717587966825,39.76652637845341,40.696161611805785,6751200
2016-09-29,39.94454574584961,40.84450937751496,39.9148778174007,40.45881121717634,7953000
2016-09-30,40.51814651489258,40.59726223983996,39.82586600163292,39.84564587602608,8685600
2016-10-03,40.142337799072266,40.74561078419965,39.71707991685544,40.419248504655165,6925000
2016-10-04,40.33023834228516,40.84450374266455,39.99398803329191,40.84450374266455,5046600
2016-10-05,39.993988037109375,40.49836538695998,39.9544320621727,40.49836538695998,6128200
2016-10-06,39.73685836791992,39.94454138966464,39.42038792355884,39.87531371574974,6312000
2016-10-07,39.44016647338867,39.97420797242246,39.18303188808985,39.97420797242246,6109900
2016-10-10,39.420387268066406,39.72696588384162,39.15336462770962,39.68740990842319,6636700
2016-10-11,38.757774353027344,39.6676296869353,38.53031146270665,39.58851019154105,9955700
2016-10-12,39.09402847290039,39.36105113693946,38.86656556041353,39.33138320958808,7039900
2016-10-13,38.767669677734375,38.96546466145953,38.32263190750916,38.95557283732923,7865200
2016-10-14,38.807228088378906,39.45005704749672,38.79733626459033,39.02479916759744,6647600
2016-10-17,39.04458236694336,39.18303773076884,38.72811188602062,38.80723139256416,5279500
2016-10-18,39.39072036743164,39.73685874024945,39.34126879477882,39.5588436420502,5475900
2016-10-19,39.796199798583984,40.02366270501119,39.40060983885161,39.52917714165845,6587700
2016-10-20,39.64785003662109,39.8456450035967,39.38082739709781,39.78630538171646,13337500
2016-10-21,43.6630744934082,43.75208204111032,41.37854995080406,41.38843800160418,37554700
2016-10-24,43.38616180419922,44.0289945386733,42.66421334220741,43.51472910561912,19079000
2016-10-25,42.83234024047852,43.583956626022605,42.52575783745867,43.17847862080302,9463900
2016-10-26,41.8631477355957,42.73343957195769,41.84336786122948,42.5257565500503,10918800
2016-10-27,41.230201721191406,42.10049730162854,41.16196247728539,42.0807174279112,9447300
2016-10-28,41.299434661865234,41.51700952788898,40.61704590837119,41.51700952788898,11979200
2016-10-31,41.20053863525391,41.53678898268543,40.90384803990271,41.31921411886927,7160000
2016-11-01,41.08185958862305,41.82853003809623,40.83461681850272,41.220314936270384,9399000
2016-11-02,40.89395523071289,41.11153008928916,40.6269363421654,40.97307473296809,7920600
2016-11-03,40.7357177734375,41.04230016898952,40.468695126851934,40.86428507126581,6239900
2016-11-04,40.448917388916016,41.02746454680435,39.85553249629643,39.85553249629643,6541300
2016-11-07,40.82472610473633,41.1906481307512,40.60715502650156,41.0620808304588,7904900
2016-11-08,41.12142181396485,41.68513506198092,40.63682429538718,40.96318280983704,6968100
2016-11-09,40.80494689941406,41.012633702563534,40.13245000618751,40.15222610874895,9744400
2016-11-10,40.00387954711914,41.43788831769513,39.143475793823605,41.43788831769513,12097600
2016-11-11,39.637962341308594,40.3203510222356,39.36104787601012,40.3203510222356,10775700
2016-11-14,38.38197326660156,39.95443761061263,38.02594303435367,39.95443761061263,17877800
2016-11-15,38.51053237915039,39.044577666145415,38.470976403266704,38.609431750422765,16037800
2016-11-16,38.63909912109375,38.77755446626323,38.28306893487209,38.61931924712308,12730900
2016-11-17,39.44016647338867,39.61323565236375,38.520423096406645,38.68854636380382,9758500
2016-11-18,39.637962341308594,40.122556053486754,39.46983529745325,39.637962341308594,9521500
2016-11-21,40.18190002441406,40.32035538573442,39.67356889920895,39.67752261088916,6667200
2016-11-22,39.88520812988281,40.646712592408434,39.50939803805973,40.53792893535158,7734700
2016-11-23,39.60829544067383,39.98410554954774,39.41050044797041,39.865430062975975,5770600
2016-11-25,39.81597518920898,40.11266954001543,39.5489563096838,39.95443431347717,2324300
2016-11-28,39.519287109375,40.04344439567751,39.48467326927607,39.81597770631238,4170600
2016-11-29,39.45005798339844,39.91487562422844,39.35116237891888,39.62807308956203,5083700
2016-11-30,38.84678649902344,39.736862064479936,38.74789089069522,39.65774255971685,8420700
2016-12-01,37.91715240478516,39.24237383947211,37.75891717852218,39.12369836293122,11265600
2016-12-02,38.19406127929688,38.322628573426655,37.64023990019974,37.91715058974831,6335200
2016-12-05,38.55998229980469,38.90612065287179,38.223731997128745,38.42152318595274,5053900
2016-12-06,38.55009078979492,38.827001474496974,38.28306815556432,38.7973335504575,5954500
2016-12-07,39.01491165161133,39.024799702910144,38.37207891105022,38.648993391547926,7012000
2016-12-08,39.17314529418945,39.55884341385448,39.01491007143905,39.24237296835367,6102600
2016-12-09,39.21270751953125,39.35116287660391,38.94073894483457,39.26215532239641,3923700
2016-12-12,38.99513244628906,39.45995009045302,38.91601294403753,39.163255729635296,4474500
2016-12-13,38.99513244628906,39.30665699799706,38.9555726951633,39.113807927040845,6385900
2016-12-14,39.113807678222656,39.450058015401616,39.02480012506865,39.02480012506865,4658700
2016-12-15,39.10391616821289,39.845644454684496,38.91600925449332,39.361046980901314,6418900
2016-12-16,38.88634490966797,39.4599499815317,38.68854992721063,39.4599499815317,9786300
2016-12-19,39.0050163269043,39.36104650371442,38.678657846578425,38.96546035263381,4268600
2016-12-20,39.30171203613281,39.30171203613281,38.8270026019658,39.17314474051986,3637200
2016-12-21,39.64785003662109,40.29068273613552,39.38082739709781,39.400607271057886,6768200
2016-12-22,39.24237060546875,39.64784857514087,39.10391526547706,39.59840077837599,5065000
2016-12-23,39.14347839355469,39.430277148617634,39.04457901885592,39.38082934758095,3378100
2016-12-27,39.28193283081055,39.63796302618501,38.99513030980053,39.06435798416497,2660100
2016-12-28,39.13358688354492,39.58851269293067,39.09402713334823,39.3214900380411,3292400
2016-12-29,39.519287109375,39.7269701499686,39.1039210281878,39.1039210281878,3708000
2016-12-30,39.0346908569336,39.628072012940855,38.90612355650271,39.5192845873936,5012100
2017-01-03,39.80608367919922,40.52803207333677,39.5588409234278,39.84564342555266,8247400
2017-01-04,40.54781723022461,40.57748515754314,39.6033479692457,39.90498447240254,6806400
2017-01-05,40.607154846191406,41.25987562324816,40.587374971416914,40.97307309795609,6432000
2017-01-06,40.99285507202149,41.18075823306384,40.34013426153815,40.785172035191685,5586400
2017-01-09,40.94340515136719,41.05218880363374,40.65660262622039,41.03241270149463,3943900
2017-01-10,40.62693786621094,41.09175175520755,40.61704604174521,40.943408341852496,4174900
2017-01-11,40.82472610473633,40.923625479047935,40.38463426376948,40.77527830389322,4425300
2017-01-12,41.10164260864258,41.14614449981004,40.46869789968719,40.82472811952911,3840500
2017-01-13,41.14119720458984,41.3785519340468,41.0719695277952,41.1906487788364,3917700
2017-01-17,40.81483459472656,41.24998048694464,40.745606924887895,41.141193070733856,5932900
2017-01-18,40.89395523071289,41.03241435965948,40.65660426919834,40.95329485740429,4706000
2017-01-19,40.81483459472656,41.22031256347808,40.57747988911894,40.7950547215405,4717600
2017-01-20,41.230201721191406,41.25987341808,40.84450361526618,40.93351116068163,6868500
2017-01-23,41.16097259521485,41.64557005260521,40.7950543759354,41.39832729881166,8497100
2017-01-24,41.49722290039063,41.57634239248195,41.071965061962345,41.48733485019172,6106500
2017-01-25,41.24998474121094,41.97193321014652,41.20053693945859,41.89281748186784,8604000
2017-01-26,41.04229736328125,42.03126838408321,40.82966844290383,41.89281304479094,11838100
2017-01-27,39.82586669921875,40.74561012517202,39.47972455021328,40.54781515040109,22749200
2017-01-30,39.420387268066406,39.82586525395074,38.98523758483673,39.72696588384162,11486000
2017-01-31,39.34126663208008,39.56872951780256,39.01490815173917,39.26215091091035,9100100
2017-02-01,38.8764533996582,39.55884206717186,38.67865843479731,39.519282319674645,8860400
2017-02-02,39.14347839355469,39.4006092225207,38.58965321311776,38.96546329172229,8736800
2017-02-03,39.15336990356445,39.48962026199422,39.1138101501902,39.35116489781003,7131100
2017-02-06,39.30171203613281,39.39071958346097,38.90612209853538,39.20281266542084,8206400
2017-02-07,39.5786247253418,39.89509518233337,39.262154268350216,39.568732901459,7956300
2017-02-08,40.42913818359375,40.53792560433703,39.47972309423204,39.73685768373893,7399000
2017-02-09,40.37968826293945,40.54286561285424,39.85553106077751,39.99398639894764,6467600
2017-02-10,40.1324462890625,40.40935697078,40.11266641570767,40.36979722407033,6248200
2017-02-13,40.71593475341797,40.84450204131373,40.2906806890705,40.379688231056015,6260900
2017-02-14,41.16097259521485,41.1708644180366,40.48847200308639,40.72582670668321,6496400
2017-02-15,41.4082145690918,41.467554187029606,40.81483348021352,41.23019948790332,7124600
2017-02-16,41.68513488769531,41.84337011853604,41.24009712201031,41.40822040425493,5730800
2017-02-17,41.49722290039063,41.83347319652868,41.338987688833015,41.45766315434496,5106000
2017-02-21,41.9620475769043,42.09061488696945,41.43789405739928,41.467561985635214,5874700
2017-02-22,41.95215225219727,42.06093967682006,41.65546167671486,41.83347677652937,4316200
2017-02-23,42.06093978881836,42.19939513957047,41.695021537169886,41.902704563298045,5456300
2017-02-24,42.59498596191406,42.59498596191406,41.368663882176186,41.64557458935078,6769500
2017-02-27,42.16972732543945,42.41697010175898,41.88292479947871,42.41697010175898,5026700
2017-02-28,41.53678894042969,42.02138647135663,41.52690088873246,42.02138647135663,6956800
2017-03-01,41.9620475769043,42.05105513423776,41.52690161473274,41.843372091334906,6003800
2017-03-02,42.29829406738281,42.38730161658851,41.73458084662186,41.932375819592885,4572300
2017-03-03,42.555419921875,42.56531174431233,42.110386000441984,42.229061461315794,4214400
2017-03-06,42.397193908691406,42.55542914837197,42.15984293548341,42.50598134333911,6032800
2017-03-07,42.416969299316406,42.723551694297846,42.238954201924,42.3279617506202,4404700
2017-03-08,42.31807327270508,42.70377138895503,42.24884559915382,42.36752107200951,4573900
2017-03-09,42.44664001464844,42.52575951763453,41.98182613879455,42.18950917519472,3487900
2017-03-10,42.515869140625,42.802667891698974,42.28840246829427,42.713660342020745,4636200
2017-03-13,42.12027740478516,42.49114155059885,41.98182206063474,42.39718809308599,5526900
2017-03-14,41.63568115234375,42.16972644345441,41.27965473089528,42.04115914612215,5888000
2017-03-15,41.9224853515625,42.10050045573,41.42799978945844,41.82358974819186,4291800
2017-03-16,41.932376861572266,42.11039196440716,41.67524225853279,42.03127246420257,3998600
2017-03-17,42.60487747192383,42.82244855197573,41.90270511263578,42.10050009028557,12307900
2017-03-20,42.68399429321289,42.842229524862525,42.33785590292479,42.62465466660972,6686900
2017-03-21,42.16972732543945,42.92134747812104,41.99171222467936,42.8521198025616,7758400
2017-03-22,42.713661193847656,42.76311276780813,41.98182467978775,42.12522594449722,6513300
2017-03-23,42.66421127319336,43.12902888242932,42.52575592728271,42.654323222467696,7176400
2017-03-24,42.65432357788086,43.01529590806636,42.46147451980909,43.00046194554165,5739500
2017-03-27,42.60487747192383,42.72355294946354,42.11039191411204,42.21917556782529,3850300
2017-03-28,42.67410659790039,42.773002203772194,42.36752418349695,42.39719211073338,4396500
2017-03-29,42.76311492919922,42.82245078475016,42.48620043700094,42.6741073732472,3951100
2017-03-30,43.05980682373047,43.316937675000645,42.52576147190888,42.67410866051234,5691700
2017-03-31,42.545536041259766,43.000461829710005,42.5356442178531,42.96090208133384,5177500
2017-04-03,42.15983581542969,42.82244459074356,42.04115657624283,42.72354899737957,7773000
2017-04-04,42.24884796142578,42.26862783677856,41.7939183735627,42.26862783677856,4681800
2017-04-05,42.416969299316406,42.86497232628301,42.26862589990626,42.35763344860247,5292300
2017-04-06,42.42686462402344,42.52576023179132,42.248849511940776,42.42686462402344,5395400
2017-04-07,42.5653190612793,42.69882850613446,42.23895677199362,42.41697188021753,4861200
2017-04-10,42.57520294189453,43.06968846682391,42.53564319447014,42.59498281560673,4579500
2017-04-11,42.21917724609375,42.614767217118576,42.140061515464126,42.51587161067515,4856300
2017-04-12,42.02138519287109,42.33785565431201,41.59612730294258,41.63568328115358,5800100
2017-04-13,42.08072280883789,42.41697315977919,41.853259890940194,42.03127500453416,3631400
2017-04-17,42.62465286254883,42.66421261194328,42.13016731299432,42.13016731299432,3151600
2017-04-18,42.61476516723633,42.72355259266647,42.38730226525756,42.72355259266647,3711600
2017-04-19,42.82244491577149,42.99057195291645,42.42685876668792,42.5554222845119,4913900
2017-04-20,43.20814514160156,43.31693256405824,42.78288727524837,42.84222689821345,4811200
2017-04-21,43.32682418823242,43.514727334486246,43.11913739512263,43.37627198749656,5595700
2017-04-24,43.7817497253418,43.79163777608753,43.46527928472488,43.60373463091663,4643800
2017-04-25,44.216896057128906,44.5135866264412,43.86086586490405,43.99932498503337,7827900
2017-04-26,43.92020797729492,44.543260849004206,43.761972746517614,44.543260849004206,9846900
2017-04-27,46.62998962402344,47.56950916603392,46.23439966861083,46.72888522656388,34420200
2017-04-28,47.19369888305664,47.22831271829274,46.35307124176901,46.51130645608049,11642800
2017-05-01,47.01568984985352,47.18678219251737,46.79811498742248,46.86734266680952,14537500
2017-05-02,48.50902938842773,48.52880926220002,46.87722941477812,46.887117465351686,16820800
2017-05-03,48.4793701171875,48.746392801836656,48.08872602886517,48.61782548568132,11613100
2017-05-04,48.37057876586914,48.835396413323664,48.281571211518816,48.39035864157205,7148800
2017-05-05,48.75627517700195,48.89473052937405,47.866203437770416,48.083774517515685,4876200
2017-05-08,48.62770462036133,48.90461907919247,48.27167821207868,48.88483920551703,6641000
2017-05-09,48.677154541015625,48.82549792961587,48.36068411818507,48.51891932960035,4774000
2017-05-10,49.240867614746094,49.250755664915474,48.4744135710562,48.63759469353857,6507700
2017-05-11,49.1518669128418,49.16175496438723,48.568373783397405,49.08263923414717,5547700
2017-05-12,48.82550430297852,49.20131439387998,48.696940770601465,49.03319111032898,4933700
2017-05-15,49.22108840942383,49.44855129265503,48.70682302326521,48.76616264296142,4705900
2017-05-16,49.78480529785156,49.79469334889104,49.02329709855033,49.08263672266321,5347200
2017-05-17,48.50902938842773,49.54744823940933,48.48430737568125,49.31998534996576,6598400
2017-05-18,48.5683708190918,49.033188438493816,48.35079597211633,48.48925132105515,9932100
2017-05-19,48.84528350830078,49.16175396809866,48.51892499715787,48.60793254976511,7813800
2017-05-22,49.22108840942383,49.32987582588768,48.80571861680049,48.90461798296084,13144900
2017-05-23,49.57712173461914,49.62656953453083,49.221091539054505,49.34965883692514,7134200
2017-05-24,50.48697662353516,50.51664832352077,49.58701302489983,49.67602057960555,6274800
2017-05-25,50.36829376220703,50.566088718422186,50.08149126432631,50.21005855175992,4950500
2017-05-26,50.625431060791016,50.82322604238756,50.328740474708944,50.47708765406272,4780800
2017-05-30,50.496864318847656,50.71443538940755,50.2990693498271,50.39796494802476,5550300
2017-05-31,51.63418197631836,51.66385367570967,50.31885233048496,50.56609511386816,11107200
2017-06-01,52.57370376586914,52.80116666719582,51.89625720112148,51.90120311297923,13898300
2017-06-02,52.92973709106445,53.04841257427716,52.494591137534144,52.85061758717226,9121800
2017-06-05,53.20664596557617,53.47366862302036,52.99896293399473,53.17697803895753,9656400
2017-06-06,52.8110580444336,53.20664421932568,52.57370332139807,53.157196419042336,6308000
2017-06-07,53.25609588623047,53.34510344225295,52.67260274622209,52.71216249837111,6368700
2017-06-08,53.790138244628906,53.82969799458796,52.86050675634357,53.43410804024823,6369900
2017-06-09,52.8110580444336,54.531865639096125,52.2671209234408,54.04727191464388,11174100
2017-06-12,51.58473587036133,52.31657619319499,50.86278737185852,52.2275686373453,15765600
2017-06-13,51.485836029052734,51.90614798553682,51.12980583493083,51.713298925825,10411800
2017-06-14,51.327598571777344,51.92592559927331,50.96662248161236,51.4264941668944,7132500
2017-06-15,51.71329879760742,51.802306345917216,50.2694019229155,50.87267111409822,12401600
2017-06-16,51.26826477050781,51.584735237954575,51.0111339304419,51.46605975581843,10931000
2017-06-19,52.34624481201172,52.41547249273925,51.53528874695298,51.703412036541074,5643900
2017-06-20,51.94076156616211,52.64293012742183,51.85175401807107,52.25723200990242,4578700
2017-06-21,52.94951248168945,52.98907223028445,52.0297690762948,52.40557914269672,8016500
2017-06-22,53.275875091552734,53.355983022752085,52.2770158844323,53.11763985757448,9673000
2017-06-23,53.730804443359375,53.92859565545404,53.0978597377296,53.226427043691565,6257300
2017-06-26,53.147308349609375,54.492305870926565,53.05830080008008,53.83958509858685,4890300
2017-06-27,52.14844512939453,53.19675584306849,52.05943758037858,53.0088489214652,7706800
2017-06-28,53.790138244628906,53.839586045765024,52.06933062028951,52.16822622256174,7934300
2017-06-29,52.830833435058594,53.503334073207526,51.94076172406756,53.216535326375855,11616200
2017-06-30,53.07807922363281,53.6516842951602,52.702272907072285,53.00885154570716,8235000
2017-07-03,52.28689956665039,53.730800200245405,52.24734359093052,53.54289328191869,4831300
2017-07-05,54.00771331787109,54.14616867066918,52.356129590260814,52.41546921544231,9800600
2017-07-06,52.88028335571289,53.75156736556951,52.56381292089468,53.6220116446853,7447900
2017-07-07,53.37477493286133,53.87914856658898,52.92973715449835,53.10775226584354,4948100
2017-07-10,54.33407211303711,54.80877779913107,54.09672115630284,54.30440418660168,10469600
2017-07-11,54.15605926513672,54.59120899165217,53.73080513555436,54.31429450042626,9011500
2017-07-12,55.92631912231445,56.81144877555599,54.93734794854187,55.97576692647795,17490800
2017-07-13,57.26142883300781,57.27131688416213,56.17355834738848,56.66804390286307,14795500
2017-07-14,56.52958679199219,57.98337548709195,56.28728993368399,57.49877799785028,11777100
2017-07-17,56.9449577331543,56.96473383523853,56.391132559161925,56.89550616006765,5803300
2017-07-18,58.30973434448242,58.30973434448242,56.67793431561602,56.86583746387328,9477500
2017-07-19,57.70646667480469,57.97348934533709,56.91529048764886,57.66691069491613,9706700
2017-07-20,58.43830108642578,58.72510360416421,57.78558032656004,58.10205076936614,8057400
2017-07-21,58.02293395996094,58.67565852268599,57.94381823190742,58.349296241323465,7545000
2017-07-24,57.93393325805664,58.41852702126758,57.69657851603705,58.25040373233233,6429300
2017-07-25,57.61745834350586,58.18117537769204,57.54823066384934,58.08227599773587,8514000
2017-07-26,58.1416130065918,58.289956410905205,57.26142931407249,57.83503060147675,13615600
2017-07-27,59.48661422729492,60.62392874885652,57.05572303936858,60.32723816812852,22713400
2017-07-28,58.54708862304688,60.04043329217061,58.38885340133426,59.14046976131287,10800800
2017-07-31,57.904258728027344,58.98223740730097,57.87459080145918,58.71521475031113,7400700
2017-08-01,58.685543060302734,58.73499085895379,58.14160972989066,58.34929274780024,9079100
2017-08-02,58.46797180175781,59.05146491589482,57.795471135544815,59.01190516549983,6517300
2017-08-03,57.77568817138672,58.62620389627914,57.716352321592055,58.50752842406457,6260000
2017-08-04,58.21083831787109,58.2800659915962,57.67679302974148,57.9734835989384,6174100
2017-08-07,58.96245956420898,58.98223944014463,58.19106326584661,58.52731361150147,5887600
2017-08-08,58.82400131225586,59.219591266262114,58.59653840912116,58.952568613201706,6001900
2017-08-09,59.011905670166016,59.07124529626597,57.94381880874527,58.31962889546066,6023900
2017-08-10,57.38010025024414,58.71520964651405,57.17241723706884,58.58664612747704,9571200
2017-08-11,57.399879455566406,57.60756246632399,56.94495368744262,57.211972545488045,6961800
2017-08-14,58.408634185791016,58.62225154980053,57.62833454372306,57.963596438844,7561800
2017-08-15,59.03168487548828,59.31848740611111,58.576759065095445,58.6459867417802,6483500
2017-08-16,59.62507247924805,60.03055050623762,58.94267996050602,59.28882213204019,5747000
2017-08-17,58.6360969543457,59.61517622282625,58.6360969543457,59.4866126971472,6744200
2017-08-18,58.78444290161133,59.16025298921678,58.28995733415039,58.705327172582834,4653300
2017-08-21,58.74488830566406,58.9921310952121,58.107001455915054,58.675660626400656,4243200
2017-08-22,60.16899871826172,60.32723393505522,58.784437741849736,59.06135220070722,5835700
2017-08-23,59.38771438598633,59.84264019104142,59.16025148345879,59.634957163423934,4532000
2017-08-24,59.33826446533203,59.7635223291436,58.45808081271632,59.555839308945,4045300
2017-08-25,59.30860137939453,59.91187438763383,58.95257115993359,59.664631598855465,4087400
2017-08-28,59.86241912841797,59.86241912841797,59.1503625059348,59.64484805306563,4660600
2017-08-29,60.33712768554688,60.48547486582844,58.97235022650872,59.1602533852566,4359300
2017-08-30,61.088748931884766,61.17775648708193,60.21845325580427,60.37668849030749,5696000
2017-08-31,60.99974060058594,61.34489056482416,60.49536320334405,61.31621106556591,6145800
2017-09-01,60.78216171264648,61.54366989747865,60.706011271425794,61.29642712731075,3440400
2017-09-05,60.59425735473633,61.068963011258624,59.91186868085276,60.58436553145711,5501200
2017-09-06,60.56459045410156,61.30631876232511,60.22834013680188,61.05907599291726,5350900
2017-09-07,61.31621170043945,61.44477900711424,60.604151260549,60.6536028364724,5022700
2017-09-08,60.45580673217773,61.31621056604353,60.42613503264754,61.25687093960863,4942600
2017-09-11,61.94915008544922,62.56231112086415,60.94039909469377,61.04918652104368,8266300
2017-09-12,61.87003326416016,62.42385466469542,61.46455526478598,62.25573138885446,6276600
2017-09-13,61.35576629638672,62.05793485303885,60.90084050807339,61.781024159739474,6380900
2017-09-14,61.55356597900391,61.68212951209456,61.02940870460351,61.3557709946618,5697800
2017-09-15,61.810691833496094,62.10738239977183,61.27664655062463,61.58322894026386,9940900
2017-09-18,62.2260627746582,62.8293357781061,61.83047657933003,61.92937218500569,7688000
2017-09-19,63.12602996826172,63.21997966160977,62.265622356202286,62.315070158905286,7774000
2017-09-20,64.02599334716797,64.15456443207236,63.12603347909458,63.28426872011995,11903600
2017-09-21,63.91719818115234,64.23366862492767,63.20019565723563,63.95675792978058,6727300
2017-09-22,64.36223602294922,64.52046746318581,63.402932922873816,63.620507755293,6743800
2017-09-25,62.79966735839844,64.28312406765194,61.677186775018505,64.28312406765194,13156900
2017-09-26,62.24584197998047,63.05877863857179,62.14694637536984,63.00735020788391,8551900
2017-09-27,62.63154220581055,63.04690826114141,62.46341515534897,62.71065793284364,7380700
2017-09-28,63.22492218017578,63.34854356661088,62.41396618697157,62.91833978367163,4148000
2017-09-29,63.32381820678711,63.46227355690692,62.799664732012005,63.15569493096315,6891300
2017-10-02,63.47216796875,64.40180325339118,63.393048466812246,63.78863843125004,5163300
2017-10-03,63.51172256469727,63.79852507700465,63.05778521115653,63.79852507700465,5633100
2017-10-04,63.304046630859375,63.59084917525648,62.98757238601131,63.59084917525648,4438800
2017-10-05,65.09407043457031,65.27208551505774,63.51171835537647,63.669949790670906,7445700
2017-10-06,65.32154083251953,65.677571013932,65.06440624699934,65.27208926194822,6122000
2017-10-09,65.49955749511719,65.8160279367175,65.17319523011517,65.46988202491205,5517900
2017-10-10,65.3116455078125,65.93469451925574,65.06440275871202,65.8654668513176,5831800
2017-10-11,67.03246307373047,67.66540400359845,66.24129068402101,66.50830957355083,12005600
2017-10-12,68.10054779052734,68.21922703400931,67.05718302048922,67.26980817665438,8888300
2017-10-13,67.90275573730469,68.8422752142498,67.25003122428997,68.72359597226976,8640700
2017-10-16,66.56764221191406,68.43679698407598,66.53797428620526,68.27856553187877,9581800
2017-10-17,65.93470001220703,66.9236710909991,65.61822956880359,66.9038949893335,10844000
2017-10-18,66.51820373535156,66.75555470608059,66.26106911566518,66.65665909704778,7994300
2017-10-19,66.50830841064453,66.70609961830073,65.4303335019917,66.55775998518405,14546400
2017-10-20,70.1872787475586,70.93889888095077,68.92139697253,70.5433089399417,34282800
2017-10-23,69.03018951416016,70.54331417137516,68.78294672585048,70.23672798310041,12232500
2017-10-24,69.43566131591797,69.78674938285268,68.90161600656353,68.9609594044368,12280400
2017-10-25,70.23672485351562,70.63231480623475,69.07963046664406,69.16864178999998,12755800
2017-10-26,70.55319213867188,71.2751443358611,70.2565053463924,70.67187138273393,8015100
2017-10-27,70.27628326416016,70.99823548000917,69.80158136614352,70.92900780549631,9256600
2017-10-30,70.36529541015625,70.75099353628224,69.75213061067997,70.6619822135797,7216000
2017-10-31,71.7597427368164,71.93775784192349,70.32573761724616,70.55319675167408,7555300
2017-11-01,71.58171844482422,72.1849913599706,70.89933358386763,71.97730835487512,6655600
2017-11-02,71.45315551757812,71.9733552349583,71.21580458769839,71.66083852437914,4535600
2017-11-03,72.5805892944336,72.60037294201086,71.14658420036362,71.57184208026553,6726400
2017-11-06,73.91570281982422,73.93548646848105,72.61026118276762,72.90695555061052,10156300
2017-11-07,73.58934020996094,74.61786347273124,73.37176536948054,74.34095278311997,7026600
2017-11-08,73.94536590576172,74.17283257891404,72.50146900365561,73.18386147786184,7593100
2017-11-09,73.28276062011719,73.38165622595115,71.6114045093455,73.2036411173496,8875500
2017-11-10,73.1739730834961,73.32232026465638,72.74871518830382,72.9563982238278,5714600
2017-11-13,73.21353149414062,73.47066610042643,72.53113900044984,72.7981654306988,5843600
2017-11-14,73.66845703125,73.99481931354926,72.8080569809622,73.28275889589666,6281500
2017-11-15,72.62015533447266,73.57945860329103,72.37785467479384,73.48056299259099,6232500
2017-11-16,76.84305572509766,77.08041423487754,74.44974734086733,74.66732220220666,12856500
2017-11-17,75.53761291503906,77.14964070130615,74.96401538854776,77.14964070130615,11886700
2017-11-20,75.17169189453125,76.46724156022793,75.04312082860692,75.75518119441743,6841800
2017-11-21,76.91228485107422,77.56500944737178,76.0024331822212,76.23978415121519,10603100
2017-11-22,76.71449279785156,77.12985887537413,75.77497321127653,77.04085509244123,8073500
2017-11-24,77.70346069335938,78.02982297422602,76.84305310159755,76.95184052855309,4306600
2017-11-27,76.98151397705078,78.50948020334964,76.85295043835876,77.76280212429788,6780900
2017-11-28,76.93206787109375,77.36721759840216,76.39209196883917,77.09029933404605,8741500
2017-11-29,72.442138671875,77.1199756561947,70.87956240229029,77.09030018289138,25202100
2017-11-30,74.89479064941406,75.03324601075013,72.7289413545479,72.95640050020658,15962000
2017-12-01,74.46952819824219,75.59695466906251,73.4409973301647,74.39040869794758,13387800
2017-12-04,70.1872787475586,74.90862873529693,67.85330639538068,74.75632030772424,26283600
2017-12-05,70.41474151611328,71.94764978741634,68.8422810393871,69.04007224750643,16634000
2017-12-06,72.33334350585938,72.39267935561998,70.04882274707049,70.10815859683109,9331400
2017-12-07,72.87728118896484,73.25209905468326,72.44213149994575,72.44213149994575,7937700
2017-12-08,72.10588073730469,73.88602404732445,71.79929459013316,73.88602404732445,8350400
2017-12-11,72.48169708251953,72.86739523055812,71.75974481719662,72.15533478948652,6421900
2017-12-12,72.80805206298828,73.49043696276979,72.19488729026031,72.63992124860697,6573500
2017-12-13,73.27286529541016,74.5881986713909,72.95639484470998,73.26298101697472,7196400
2017-12-14,73.44099426269531,74.69698421009632,73.38165086732758,73.6783452084147,7519600
2017-12-15,74.81566619873047,75.03324105080509,72.69926862077861,73.9948183641765,12543900
2017-12-18,74.48930358886719,75.50794262336096,74.37062433955937,75.45849859508745,8361100
2017-12-19,73.6783447265625,74.55852837538059,73.09485541689116,74.55852837538059,7753100
2017-12-20,73.1838607788086,74.07393627030369,72.94650982949345,73.81680167381607,6121300
2017-12-21,73.2036361694336,73.64867768348213,72.98606886940495,73.37176698776334,4763900
2017-12-22,73.07508087158203,73.22342805963191,72.09600150285507,72.98607708590295,3895000
2017-12-26,73.45088195800781,73.52010963478206,71.82896992051053,72.48169448316843,4919100
2017-12-27,73.7673568725586,74.10361099810102,73.18386749667064,73.4311102922675,4461500
2017-12-28,73.35198974609375,74.1728376266894,73.04541109838382,74.13327787452502,3810200
2017-12-29,72.80805206298828,73.70801180293941,72.76849231520741,73.10473885346926,4496600
2018-01-02,73.02561950683594,73.67834402867594,72.62014529544324,73.41626730118726,7296500
2018-01-03,75.90353393554688,76.0024295391163,73.2333149129179,73.48055769446691,9945400
2018-01-04,75.88375854492188,77.06953246151431,75.41894090400838,76.4771397171568,8650000
2018-01-05,77.83201599121094,78.05948264494741,76.1606601038649,76.25955569647856,11822100
2018-01-08,78.17816925048828,78.30673277847644,76.91525272069606,77.83202332584571,7963600
2018-01-09,78.3166275024414,79.50338986008985,77.65401109992415,79.21658732218708,9620400
2018-01-10,78.49463653564453,78.60836609601492,76.84304911449189,77.6342289885261,6248600
2018-01-11,78.87044525146484,78.98912449979491,78.03971314890643,78.57375090326501,6267500
2018-01-12,79.6517333984375,79.87919252637984,78.78144154564598,79.11768809834359,6891100
2018-01-16,79.53305053710938,80.89783542376917,79.05834865542364,80.05720398971044,9596600
2018-01-17,81.5604476928711,81.69890304302803,79.07812812319915,79.51327782097849,7146900
2018-01-18,82.0252685546875,82.51975412341312,80.70993513101709,81.52089116191708,7395100
2018-01-19,82.91532897949219,83.26147488222898,82.2111835857982,82.31206358230162,8783500
2018-01-22,83.05378723144531,83.28124633427463,82.3021671648248,83.07356333137616,7560500
2018-01-23,83.28125762939453,83.617511735823,82.52963746083464,83.19225384975961,9736400
2018-01-24,82.7867660522461,84.34934212894214,81.79779499791954,83.5878301917705,8735700
2018-01-25,83.40982055664062,84.32956399914163,82.78677146794674,83.07357399789336,7268300
2018-01-26,84.50758361816406,84.547143370469,83.11313818935845,83.52850427068343,7840300
2018-01-29,83.38015747070312,84.40868839962505,82.69777248973426,84.26034121410963,8198900
2018-01-30,82.85599517822266,83.24169329255834,81.09562787786994,82.08459894955129,7864500
2018-01-31,84.3790054321289,85.36797643229228,83.23180299546937,83.25157909556266,15221400
2018-02-01,77.53533935546875,80.05721125061872,75.85408388011771,79.06824010461848,44271600
2018-02-02,75.72551727294922,78.74188216388504,75.4387147468233,77.23864185765609,21979800
2018-02-05,73.8810806274414,78.10893317646043,73.85635484330388,75.11234469784083,18810600
2018-02-06,74.8453369140625,75.67112691866448,71.45316556864746,71.82897188925791,19739600
2018-02-07,74.7563247680664,76.72438276706697,74.11349956397932,74.51897380739962,11988000
2018-02-08,71.52239227294922,75.07280257567477,71.47294069803553,74.79588431950947,13665400
2018-02-09,73.92559051513672,74.43985217272298,70.83999793386681,72.33334642349833,14339400
2018-02-12,74.44974517822266,75.43871630449077,74.02646414785374,74.65742820930885,10419600
2018-02-13,74.1431655883789,74.76621467361079,73.72779953155765,73.98492658849416,7743600
2018-02-14,76.41779327392578,76.50680459610302,73.31242463586543,73.36187620876953,8955800
2018-02-15,77.4314956665039,77.43644535129694,75.7354137377592,77.1496428075957,9311000
2018-02-16,77.50566864013672,77.88147494580716,76.67492898385103,77.33753781697422,9740300
2018-02-20,76.21011352539062,77.67379413041668,75.81453110615477,76.8430544504692,6875400
2018-02-21,75.66617584228516,77.6302723740498,75.62166641141307,76.348560724238,8260400
2018-02-22,76.84305572509766,77.5056721333359,75.92331224914123,75.95298772180206,6632300
2018-02-23,78.81111145019531,78.82099572887526,76.53746327002513,77.39688243811959,7520700
2018-02-26,78.47486114501953,79.16714549394533,78.10894663961354,79.1176939171466,7130700
2018-02-27,78.5836410522461,79.04747023891525,77.74301714392867,78.23750268355663,8862000
2018-02-28,78.53419494628906,81.26374962019176,78.5144112998874,79.018788649625,10799500
2018-03-01,77.77268981933594,79.55284088882648,77.02106964052315,78.72210120798056,8443300
2018-03-02,78.0001449584961,78.23749588422005,76.0815388169985,76.66502808133032,9426200
2018-03-05,78.19794464111328,78.54408301735495,76.23977854155218,77.20897354027954,6653000
2018-03-06,78.35618591308594,79.06823878834143,77.98037205490148,78.45508151698941,7477800
2018-03-07,78.64297485351562,78.6775924621079,77.14963399532786,77.78257486594063,5546700
2018-03-08,78.98912811279297,79.60228539408435,78.65287399976935,78.96934446454102,6878600
2018-03-09,79.81985473632812,79.95831008351772,79.22647359905119,79.37482076968305,7667600
2018-03-12,79.71106719970703,80.27478041109791,79.46382443075927,79.85941437012579,6607600
2018-03-13,79.31548309326172,80.09677120602322,78.3957396233274,79.80008438861765,6414700
2018-03-14,82.39118194580078,82.57908887388632,79.75063085494511,79.84952645831875,14281100
2018-03-15,81.65933990478516,83.06367699538279,80.67036884742055,82.8263260542854,9082000
2018-03-16,81.25387573242188,82.31207459271565,80.37368444100338,81.88681668370499,8356200
2018-03-19,79.41438293457031,80.54180939327622,78.23750490239892,79.997872266159,9028900
2018-03-20,79.96820068359375,80.294562944941,79.17109024900344,79.29570005956778,7388100
2018-03-21,80.14622497558594,81.44177480113396,79.6220714597612,80.04732936707677,6757200
2018-03-22,77.69357299804688,79.2363731599219,77.59467738971865,78.92978696527777,9608400
2018-03-23,75.59695434570312,78.09905005612383,75.50794302193971,77.63423242544472,9569100
2018-03-26,78.07926940917969,78.29684426979543,76.18044660876221,77.11997373003466,8682600
2018-03-27,75.4683837890625,79.01879403510269,74.81566677307862,78.71220785698446,7980300
2018-03-28,74.23217010498047,75.90353371794049,73.91569964731505,74.8651110203113,14370300
2018-03-29,75.03323364257812,76.34855935845779,73.72779220427081,74.47940474327346,11064300
2018-04-02,74.1728286743164,75.45849405610468,73.19374944848552,74.40029533549445,11417700
2018-04-03,73.73767852783203,74.57830995031128,72.54102447161777,74.44973888580256,8886000
2018-04-04,73.95525360107422,74.23216428667087,71.72017692479368,72.19488634670957,8230800
2018-04-05,76.10132598876953,76.9617335944163,74.64754475510915,74.7563246385693,10015700
2018-04-06,73.04539489746094,75.55738201337499,72.88715592389964,74.68708274928693,8179100
2018-04-09,74.3607406616211,76.03209671767948,73.77724377937524,73.77724377937524,7328400
2018-04-10,75.94308471679688,76.45734632177177,74.9640055301668,75.66617404140655,5882500
2018-04-11,75.65628814697266,76.54636363422246,75.24092210133962,75.35959380280585,4581000
2018-04-12,76.60569763183594,77.1298510879673,75.7650737373658,75.95298065380928,5034800
2018-04-13,76.41779327392578,77.76279456820997,75.98265112242255,77.13974549397197,5909900
2018-04-16,76.94196319580078,77.63424002505737,76.33869015376939,77.02107515825044,5101400
2018-04-17,79.14735412597656,79.54294406603113,77.6342295846246,77.68368115660037,7135700
2018-04-18,79.45394134521484,79.99787851481916,78.44519405688204,79.21659037359265,5943700
2018-04-19,78.80121612548828,79.5033846883666,78.31662240791745,79.31547776828276,7122700
2018-04-20,77.8616943359375,78.98912073293059,77.43643648126464,78.34628803932041,6265300
2018-04-23,77.34742736816406,78.5737493963871,77.12985252302356,77.99026008010173,4038500
2018-04-24,74.44974517822266,78.52430893473758,74.2519539710694,78.02982337160351,9186600
2018-04-25,73.1838607788086,74.74148722998703,72.88716643322668,74.55852999252022,10940300
2018-04-26,75.19147491455078,76.76394295795042,74.65742959105191,75.47827745190672,13625300
2018-04-27,73.31243133544922,75.54750832950273,72.822895427116,75.3694932141312,9794300
2018-04-30,73.7871322631836,74.19161805123682,72.87728068807938,73.18385930582633,9444400
2018-05-01,73.98493194580078,74.16294706093593,72.78827771721222,73.33221488713946,5660200
2018-05-02,70.93889617919922,74.87499670194175,70.42462701189852,74.1728281673872,17710700
2018-05-03,72.63993072509766,72.9564012033805,69.44555801387573,70.51364870754959,17310700
2018-05-04,73.1739730834961,73.61901462697698,71.4333892966519,72.38280069272629,7470800
2018-05-07,73.84646606445312,74.29150756152282,73.28275287103173,73.40143211263371,7583700
2018-05-08,74.88489532470703,75.10247018099423,73.61901348294616,73.79702858852197,6267200
2018-05-09,76.1606674194336,76.20022716932897,74.62775917830402,75.24092398380601,6230500
2018-05-10,78.3166275024414,78.38090549619042,76.39802106383372,76.53647642071768,11541400
2018-05-11,78.3265151977539,78.51442213825723,77.21887229436938,78.37596677533416,9871300
2018-05-14,77.94081115722656,78.7715508173416,77.57489667364386,78.26717343603072,5821200
2018-05-15,76.93206787109375,77.3375421254256,76.08155206512798,76.99140372654446,6173500
2018-05-16,76.96173858642578,77.67379905863042,76.4276932322723,76.64526810380721,5350200
2018-05-17,78.3166275024414,80.26490186820264,76.73426763190874,76.77382738319716,8329500
2018-05-18,79.89898681640625,81.03630524336255,78.94462565306732,79.01880302269048,14626900
2018-05-21,80.3539047241211,81.4121035368318,79.48361284155327,80.70993493636497,7882100
2018-05-22,79.7308578491211,80.70993718747411,79.39460373028953,80.49236232445097,5188300
2018-05-23,80.18578338623047,80.22534313802241,78.5292536767296,78.78144615124681,5059800
2018-05-24,80.65058898925781,82.14392978373418,78.7814343815291,80.01764814564862,11696800
2018-05-25,80.06709289550781,81.8076840038504,79.60227530874161,81.7384563342416,9471300
2018-05-29,79.83964538574219,80.4429108541217,79.31548433083671,79.81986173712248,6924200
2018-05-30,80.70003509521484,81.15496086672061,80.00775838754305,80.26588139756433,5516200
2018-05-31,81.16486358642578,81.91648378798438,80.65060189814962,80.90772896966209,8250100
2018-06-01,82.33184051513672,82.53952353172683,80.94727952595221,81.63956379316964,7092100
2018-06-04,83.63728332519531,83.86474999185037,81.85713237604853,82.31206570935865,7423700
2018-06-05,84.11199951171875,84.26033914834612,83.08346860801274,83.56806235991472,9033600
2018-06-06,84.27022552490234,84.66581546925505,83.56805695767034,84.11199407431162,7867200
2018-06-07,82.35162353515625,84.35924128803181,81.40221214587201,84.27022996187182,7838600
2018-06-08,83.40982055664062,83.55816773354418,82.23295005577438,82.31206955615639,7430900
2018-06-11,82.96478271484375,83.65705944788105,82.8658871165885,83.5186041012736,4870400
2018-06-12,84.08232116699219,85.24930738852164,82.94995255632736,83.00434626964974,9216900
2018-06-13,84.32955932617188,85.05151152296303,83.74607002000198,84.55702599085278,7510300
2018-06-14,84.66581726074219,85.34326005605202,84.270227308019,84.55702983511205,6643400
2018-06-15,84.3691177368164,84.74493156422336,83.17246367350809,84.38890138312746,8710800
2018-06-18,84.90316772460938,85.24930610177682,83.50872239223457,83.90430479742552,5579400
2018-06-19,83.58782958984375,84.02297926509398,82.5098547701106,83.70650883179844,6245100
2018-06-20,85.00206756591797,86.01082236712477,83.88453287953308,83.92409263107562,9174900
2018-06-21,85.02184295654297,86.58441903707735,84.5075737816897,85.54599640938353,8101300
2018-06-22,84.18121337890625,85.60532647363173,83.67683606137334,85.36797554871913,7503400
2018-06-25,81.28353881835938,83.5383917661362,80.31434380023995,83.15269363271389,10780100
2018-06-26,81.41210174560547,82.29228543282845,80.86816461518642,81.76813195001598,6742200
2018-06-27,79.7802963256836,82.05493285951523,79.56569430656621,81.63956681098097,8974100
2018-06-28,81.57034301757812,81.91648140782695,79.27593027260605,79.50338940966198,7374500
2018-06-29,82.35162353515625,82.73732922151488,81.69890650607066,81.83736186209642,6817000
2018-07-02,82.96478271484375,83.03401038814748,81.15694069592564,81.83735629518273,4929400
2018-07-03,82.35162353515625,83.96365132285064,82.2329518272776,83.42960600164369,3644100
2018-07-05,83.65705871582031,83.70651028714045,82.38129268256554,82.71753922274111,5287700
2018-07-06,84.99217987060547,85.05151572290863,83.01423764449132,83.47905527486827,5095500
2018-07-09,85.27898406982422,85.94159291769579,84.40670778857164,85.64489855986474,5683500
2018-07-10,85.21963500976562,85.76357211457051,84.82404507402121,85.76357211457051,3723200
2018-07-11,85.29875183105469,85.90202476646536,84.13176570709228,84.52735563043127,4153200
2018-07-12,88.14698791503906,88.20633130944536,85.84269107823003,86.23827346626993,6912300
2018-07-13,87.01956939697266,88.11732797735947,85.87236678622449,88.01843237138566,6106400
2018-07-16,86.80199432373047,87.36670354931525,86.51519933068532,87.28659561874012,4452300
2018-07-17,87.60305786132812,87.74151320540584,85.63500002933004,86.28772454733955,5086100
2018-07-18,87.24703216552734,87.94920074525236,86.71298686293703,87.721734070996,4797100
2018-07-19,86.41629028320312,87.61294438497593,86.19872298354034,87.02945506929976,5612900
2018-07-20,86.50531005859375,87.02946357515847,86.1789477593266,86.35696287299493,7541500
2018-07-23,88.25577545166016,88.61180563756571,84.87349623080792,86.17893773071144,11759700
2018-07-24,90.40185546875,91.3314832089585,89.41584961305423,89.60078371511428,13369400
2018-07-25,90.36229705810548,91.3314845636938,90.00626683904208,90.12493854856248,11976800
2018-07-26,88.1568832397461,89.67989963899247,86.28772846459161,87.53383416311151,14505600
2018-07-27,84.51747131347656,89.28431182719578,83.81530272118349,88.51291555806397,14903400
2018-07-30,81.48133087158203,84.55703169231435,80.94728555546361,84.55703169231435,13501500
2018-07-31,81.23408508300781,82.4010712761037,80.40335298550768,81.60000710419277,13462200
2018-08-01,82.5395278930664,83.0537970953445,81.10552280239821,81.33298193224174,11160400
2018-08-02,84.58670043945312,84.64603629340262,81.9362574811116,82.03515308611108,8327200
2018-08-03,84.25045013427734,85.24930550926811,83.22191928837786,85.0416224844111,6216400
2018-08-06,84.82405090332031,85.15041318863159,83.96365084509182,84.25045337958497,5702500
2018-08-07,85.34821319580078,86.03059815799196,85.00206725737286,85.34821319580078,4951200
2018-08-08,85.7833480834961,86.13443613155523,84.91305626240297,85.27897827282018,3888900
2018-08-09,86.20861053466797,87.11846215225661,85.5262255941019,85.95148347659999,5507000
2018-08-10,86.05038452148438,87.0591318056077,85.06141334105898,85.59545868391885,5796500
2018-08-13,86.05038452148438,87.52394946764785,86.00093294436257,86.4558587819281,6040100
2018-08-14,86.76244354248047,86.86133914983576,85.52622958741136,86.40641331980048,6107400
2018-08-15,84.25045013427734,86.28772817880385,83.67684508738617,85.82291055615929,8742900
2018-08-16,84.3790054321289,84.95261042308364,83.93397150015537,84.9031588549755,5967200
2018-08-17,84.50758361816406,84.82405409135231,83.29115330210504,84.16144521705992,6245000
2018-08-20,84.80427551269531,85.05151829844661,83.9636515501911,84.79438368859498,4103000
2018-08-21,85.26908874511719,86.41629128811361,84.87349879933369,84.87349879933369,5389600
2018-08-22,85.99102783203125,86.19871838764814,84.68558637740453,85.05150837390791,4265900
2018-08-23,86.41629028320312,87.20252802645824,85.7141217215968,85.76357329371366,4310000
2018-08-24,89.1063003540039,89.13596828167928,86.98001084267213,86.98001084267213,7403900
2018-08-27,88.97773742675781,90.3128469980271,88.78983048986207,89.67990605245868,5466700
2018-08-28,89.61066436767578,89.84801529885715,88.69092102094169,89.10628703682158,4643800
2018-08-29,91.59850311279295,91.91497355301362,89.77879242258635,89.77879242258635,7841800
2018-08-30,91.07434844970705,91.98420763078812,90.69854213366877,91.272147204399,7146600
2018-08-31,91.31170654296876,91.71718078406693,90.78755304959137,90.82710525510016,4874400
2018-09-04,92.04354095458984,92.40946298177371,90.60953586243144,90.92600631598884,6466700
2018-09-05,88.06788635253906,91.97431948459052,87.72174040429924,91.954543380956,10202200
2018-09-06,88.01842498779297,88.56730423194259,87.08878977007096,88.19644008171312,6840300
2018-09-07,87.84041595458984,88.69093173475241,86.42618692899404,87.15802345660451,5679500
2018-09-10,88.80960845947266,88.99750783910147,87.58327885375957,88.44368643345734,5466000
2018-09-11,90.421630859375,90.6985415689687,88.05304831922452,88.83927855794609,7321900
2018-09-12,91.38092803955078,91.44026388905148,89.21507898976981,90.52052049553838,7213500
2018-09-13,91.17325592041016,92.66659697653678,91.0446848374546,91.57873018255502,8308300
2018-09-14,89.77880096435547,91.65784768298968,89.6799053571118,91.23258978111588,9342800
2018-09-17,87.70195770263672,90.2930647083966,87.53383442601222,89.66012380619202,9293800
2018-09-18,88.73048400878906,89.09639846913528,87.73162113341763,87.73162113341763,5820700
2018-09-19,88.32501220703125,89.73924127279562,87.26483650797351,89.1063003317089,5495100
2018-09-20,89.60078430175781,89.7787994098145,88.20138922499994,88.84916411826838,6561700
2018-09-21,89.62055969238281,90.98533703156616,89.42276095429442,90.04581754770993,25379400
2018-09-24,88.631591796875,89.2645326908177,87.28659051093409,88.95794652216533,8303100
2018-09-25,89.04696655273438,89.38321313447977,88.29040419855586,88.63160046519546,5953400
2018-09-26,88.85905456542969,89.92714519721855,88.71070738680608,89.34364830669927,5936200
2018-09-27,88.00852966308594,89.69966921542131,87.8799661457447,89.61066544462741,6996600
2018-09-28,86.8712158203125,88.06292777948376,86.63386487439786,87.81074287102761,7920600
2018-10-01,86.58441925048828,87.82063307448011,86.43607208255919,87.1580167304302,9260600
2018-10-02,85.72401428222656,86.3866231008874,84.88339036576498,86.30750360292026,6488200
2018-10-03,86.18883514404297,86.98000751773,85.41743887296649,86.43607792555471,6625000
2018-10-04,83.40982055664062,85.54600179544971,82.6186481885731,85.43721436873717,9077900
2018-10-05,82.26261138916016,83.9042993916339,81.41209569134537,83.28125035287432,10735800
2018-10-08,79.66162872314453,81.97581758000632,77.78258203917707,81.70879869084959,16872200
2018-10-09,79.14735412597656,80.93738936179156,78.56386481196525,79.76051891032367,9332400
2018-10-10,74.61785888671875,79.02867618386794,74.48929537308658,78.73198186594762,16920300
2018-10-11,75.06290435791016,76.92711690365142,73.8365823660666,75.96286409172468,21006500
2018-10-12,78.15838623046875,78.72209946579011,76.93206415709875,78.24739755459888,14131400
2018-10-15,76.37823486328125,78.26716557975949,76.36834304045412,78.01003100300458,8481100
2018-10-16,79.72096252441406,80.01765687828215,77.59467310902836,77.98037124190637,10060000
2018-10-17,79.20670318603516,80.49236881931982,78.62321377471099,80.29457758893071,10022600
2018-10-18,76.62548065185547,79.55283406886423,76.50680140897998,79.28580765870697,19748500
2018-10-19,83.844970703125,85.21963996215423,82.0054838084778,82.82633165243077,34211900
2018-10-22,84.48780059814453,85.27898048897178,82.64930219326706,83.92408737813656,11254800
2018-10-23,86.60420227050781,86.83166895220462,82.07471264668405,82.28239568027628,14753800
2018-10-24,82.1736068725586,86.72288006814891,82.09449491722074,86.08004733005455,14754600
2018-10-25,85.01194763183594,85.55588470874815,82.63841568433271,83.31091627703779,9267600
2018-10-26,82.45053100585938,84.71527594131368,81.27365287272009,82.30218381798655,13969400
2018-10-29,80.2550048828125,84.29989298997316,78.11882372212331,83.80540744854517,12918800
2018-10-30,80.00775909423828,81.05606598804373,78.54407862691062,79.44404590008344,13100800
2018-10-31,83.26148223876953,84.40868483140693,81.39232739794363,81.46155507555753,11191800
2018-11-01,84.10210418701172,84.21089161284455,82.64831544656458,83.25158842791,5952600
2018-11-02,82.58898162841797,85.15436695884603,81.7384658483694,84.51747232431241,7014400
2018-11-05,83.1230239868164,83.32081518874877,81.34287298842239,82.4109635874588,4622300
2018-11-06,83.75596618652344,84.36912344917546,82.79666299724433,83.17246930484559,4662500
2018-11-07,87.25691986083984,87.51404690361535,84.78449221318797,84.91305573457574,8672000
2018-11-08,88.0579833984375,88.0777594995725,86.71298216374727,86.73275826488228,7539000
2018-11-09,85.80313873291016,87.47449483874854,84.606484551774,87.47449483874854,9105900
2018-11-12,82.85599517822266,85.69434487023828,82.38129328915588,85.21963543592102,6278200
2018-11-13,82.85599517822266,84.28901178624676,82.24283794274054,83.19224926612456,4731300
2018-11-14,83.1230239868164,84.20099886427396,82.15382898874617,84.0427674117782,6678100
2018-11-15,85.7833480834961,86.1294864472689,82.67797954236214,82.86588645923185,10001200
2018-11-16,84.12187957763672,85.76357522976988,83.89442044936571,85.05151482861578,7581000
2018-11-19,79.24625396728516,84.25045301817175,79.01879483262042,83.8350794089888,11455300
2018-11-20,76.90239715576172,78.20783874511527,74.63765236338871,76.15077698454273,14202100
2018-11-21,78.24739074707031,79.00889512159527,76.77876816132557,78.21771527810814,8522900
2018-11-23,77.09028625488281,78.830877323556,77.04084223214632,77.22874159094489,3066900
2018-11-26,79.96820068359375,80.08687992733377,77.99025855942918,78.09904597987827,9292900
2018-11-27,81.06596374511719,81.09563167141538,79.32043032556594,80.10666055347129,5335200
2018-11-28,85.03173828125,85.0515143832893,81.04617842039458,81.3626488697782,9342000
2018-11-29,83.33071899414062,84.73011420751388,82.86590130298993,84.42847767678322,6516600
2018-11-30,84.86360931396484,84.9130608880193,82.73732744413876,83.4592721357283,11273300
2018-12-03,87.00968933105469,87.8601976198119,86.22840117910481,86.32729678986713,10822500
2018-12-04,83.26148223876953,87.49427748773508,83.09335141149212,86.27783967223283,8249900
2018-12-06,84.87349700927734,84.91305675754641,80.39345926499999,80.91761272537674,10197700
2018-12-07,81.85713958740234,85.0416279296135,81.06596718660994,84.02298884212695,8419500
2018-12-10,83.99332427978516,84.5570375617199,81.84725858761706,82.33185236272728,9348200
2018-12-11,84.5669174194336,85.94158658866354,83.62739038565927,85.06140294923574,8159100
2018-12-12,85.5459976196289,87.48438001286327,85.5459976196289,85.8822441619627,10306800
2018-12-13,86.59430694580078,87.73162521780573,85.45699621904652,86.76243776688898,8877300
2018-12-14,84.9723892211914,86.97011493029248,84.47790370540898,85.4273149902812,6869100
2018-12-17,83.17247009277344,85.34821109464468,82.43173017698545,84.74493810485205,8368100
2018-12-18,84.5669174194336,85.41743313431333,83.6867337800058,83.76584573038384,9573000
2018-12-19,83.10324096679688,86.83166626789738,82.01537425745549,84.68559322995259,11258400
2018-12-20,81.53077697753906,83.93397696625146,79.92864113664731,82.85599458234115,12532900
2018-12-21,77.2781982421875,82.8461026093616,76.83316428203564,81.89669129452065,17704900
2018-12-24,76.21011352539062,78.44519041127799,75.85408331187756,76.62548713798986,6800500
2018-12-26,81.88681030273438,81.88681030273438,76.79360761595639,76.84305164392953,10994700
2018-12-27,83.38015747070312,83.42960904762536,79.3550450844252,80.43302759026936,7849100
2018-12-28,82.34173583984375,84.29001011269199,81.43187669410324,84.06254343994418,6850400
2018-12-31,83.1625747680664,83.54828043216116,81.63956593969485,83.31092193960276,7247700
2019-01-02,84.80427551269531,85.24930950894723,81.33298468807679,81.47144004447745,10146200
2019-01-03,81.18463134765625,83.81529801016757,81.0066237988627,83.42959989728064,9650700
2019-01-04,85.31853485107422,85.95148330689798,82.45052465108785,82.78677120878248,9234800
2019-01-07,85.97126007080078,86.58442488368347,85.07129272666253,85.46688268512713,11094100
2019-01-08,87.72174072265625,87.91458980111054,86.72288526258596,87.13825134767963,8307600
2019-01-09,88.56237030029297,89.31893263325442,87.52394756531588,87.83052621010384,9578300
2019-01-10,89.6996841430664,89.78869547392354,86.94836857924437,88.11733174409169,7478100
2019-01-11,89.65023040771484,90.1387778382391,89.1062932926012,89.11618511612615,7398200
2019-01-14,89.43266296386719,89.80846929116385,88.56237105290327,88.96784530797979,6084700
2019-01-15,90.5897445678711,90.8963307170238,89.19529934327389,89.6403332873421,10377900
2019-01-16,89.55133819580078,91.33148168985248,89.21508409048768,90.708432598722,8475000
2019-01-17,89.40298461914062,89.86780222086898,88.81948777486981,89.25463745227515,10254500
2019-01-18,90.11505126953124,90.43152172646832,88.78982604374725,90.34251040204023,11958400
2019-01-22,88.94805908203125,89.9666980612219,88.10742764926194,89.33375718977818,7890300
2019-01-23,89.50189208984375,90.16450097180326,88.58214858755242,89.73924306116854,5595700
2019-01-24,91.1831283569336,91.96441639670503,89.55133215052211,89.67000384829727,9749100
2019-01-25,93.2401885986328,93.53688292922509,91.66772826414444,92.02375844275504,11664300
2019-01-28,91.28204345703124,92.38968635604007,89.68979924445472,92.27101464271848,7361100
2019-01-29,90.11505126953124,91.82596708366736,89.5711141348343,91.31170542061368,6399900
2019-01-30,91.40070343017578,92.3105549932797,89.89747074092804,91.0051134976631,11622800
2019-01-31,87.78107452392578,89.09640031620249,85.66467703200631,88.03820157024275,23729900
2019-02-01,89.01729583740234,89.50188959102597,87.2767044906966,87.3854919214439,10514600
2019-02-04,90.64909362792967,91.10401942338174,88.72059547747462,88.88871875172309,7084500
2019-02-05,91.25236511230467,91.33148461553058,90.35240528517616,90.89634243829036,5591300
2019-02-06,91.23258209228516,91.27214184089888,89.19530408280752,89.79857704497819,5939400
2019-02-07,89.84803009033203,90.69854590777128,89.01729792181071,90.10516470950586,7283800
2019-02-08,90.85678100585938,90.89634075674049,89.00740226473508,89.02717836755015,7642100
2019-02-11,91.667724609375,92.7160314572382,91.13367936275132,91.23257495392238,6455900
2019-02-12,93.33909606933594,93.46766715006756,92.17210978991368,92.40946830268688,7497000
2019-02-13,92.97317504882812,94.98078517081257,92.80900548436482,93.5467725513589,8577900
2019-02-14,93.37865447998048,93.94236773552882,92.07321285948689,92.6171500118805,6579200
2019-02-15,93.8632583618164,94.37752005575948,93.40832497897088,93.95226214633968,6080200
2019-02-19,93.9720230102539,94.24894123389277,93.02261173638529,93.40830983060532,8092400
2019-02-20,93.68523406982422,94.66431332992312,92.94350575712036,93.95225294248736,8154100
2019-02-21,93.9126968383789,94.45663397357166,93.28964774781792,93.67534588177246,6410000
2019-02-22,94.92144775390624,94.9412238556326,94.02148044772112,94.189603720772,4898000
2019-02-25,95.63350677490234,96.2308492100975,94.94122999098516,95.01045766937688,7470700
2019-02-26,95.52471923828124,95.75218592145706,94.47641223945168,95.27747645212324,5906400
2019-02-27,96.7807159423828,96.95873104861732,94.87200134868831,95.05001645492284,5565400
2019-02-28,96.98839569091795,97.43837935327902,96.00931641241044,96.58292146254644,6151800
2019-03-01,97.71034240722656,98.35316755121796,97.25540908603992,97.8290141038402,5434000
2019-03-04,95.50493621826172,97.41365069097095,94.28849847855562,96.94883307941863,7855800
2019-03-05,95.46538543701172,96.06865845183032,95.08957911026044,95.58406469321004,6321900
2019-03-06,95.39615631103516,96.20711235296864,94.85222670518708,95.4554921656092,3226500
2019-03-07,95.14891052246094,95.68295583253776,94.24895072704967,95.1093507722422,6170100
2019-03-08,94.6346435546875,94.71375550543895,93.46765739703628,93.99181085386049,4577700
2019-03-11,96.3752212524414,96.49390048912612,94.8957260037386,94.9511081384748,5387500
2019-03-12,96.42467498779295,96.99827999345216,95.8312938815335,96.91916050055087,5624500
2019-03-13,98.2147216796875,99.48060353397724,97.05762725461808,97.11696310864696,9356600
2019-03-14,97.93781280517578,98.57075374419878,97.83891719818804,98.36307070594916,5414700
2019-03-15,99.61905670166016,100.14321014836956,98.23449572934742,98.30372340070052,10960900
2019-03-18,99.16413116455078,100.70693124690968,98.27406319021976,100.09376643447528,6454000
2019-03-19,100.42013549804688,100.56353300062916,99.49050016533656,99.49050016533656,6965100
2019-03-20,101.18163299560548,101.91347705787491,99.72784424019969,100.33111722775244,6462900
2019-03-21,103.00133514404295,103.40680934620028,100.95910753555177,101.02339306751888,7216700
2019-03-22,100.1530990600586,102.85299345824788,100.13332295814998,102.7244299327153,7195000
2019-03-25,100.43002319335938,101.05307230090368,99.40149229302752,99.82675018888348,5117700
2019-03-26,102.01236724853516,102.14588045548382,100.62780624326328,101.21129555209366,4498000
2019-03-27,101.93325805664062,103.02112483316616,100.61792459140234,102.06182159228186,5450200
2019-03-28,102.71453857421876,102.86288574758228,101.53766055618556,102.30905680337511,4459900
2019-03-29,102.69474792480467,103.54526361249646,102.31894165045838,103.36724852564818,5625500
2019-04-01,104.38590240478516,104.59358542992072,102.70464701115095,103.83207345917296,6157200
2019-04-02,104.0694351196289,104.59358861023016,103.50572187847744,104.59358861023016,4177400
2019-04-03,103.53538513183594,104.80126691130152,103.33758638801284,104.74193106077986,5441900
2019-04-04,103.30792999267578,103.8123074141537,101.5178945464864,103.54528096650304,7996800
2019-04-05,104.5639190673828,104.6331467434629,103.46616052864788,103.68372783543477,8573800
2019-04-08,105.3946533203125,105.81991120922504,103.51560665894895,104.49469351299818,9261800
2019-04-09,105.75067901611328,106.32428405950216,104.66281232553996,104.89027145102996,7217100
2019-04-10,106.32427978515624,106.58140682578636,105.21662949195996,105.96824960324494,6561800
2019-04-11,105.2858657836914,106.55174762512752,104.74193618836388,106.32428849015903,7681000
2019-04-12,107.2835922241211,107.34292807784,105.23642227305764,105.84957954882242,6997700
2019-04-15,106.94733428955078,107.79785004027762,106.12648646462245,107.38248398859729,4480100
2019-04-16,107.00667572021484,107.60006444812542,106.39351843440886,107.60006444812542,3766100
2019-04-17,107.60993957519533,107.65939114673252,106.06714712243998,106.61602636740108,5353700
2019-04-18,106.17593383789062,107.25390867393268,103.92108102338948,107.16490490005782,10220700
2019-04-22,105.63200378417967,105.99792581788884,104.850715687504,105.61222768152692,6408500
2019-04-23,105.72101593017578,106.32428892665727,105.26609011312024,105.91880713924309,8564200
2019-04-24,106.03748321533205,107.19457759874034,105.24630331226184,105.9286957900286,9553100
2019-04-25,109.00440216064452,109.6966789526274,107.32314666614866,107.32314666614866,10959400
2019-04-26,109.34064483642578,109.35053666031624,106.69020192759308,108.50991271564656,7683200
2019-04-29,111.1999053955078,111.7537267596597,109.22196332896516,109.47909036503556,6989300
2019-04-30,111.5262680053711,111.97130952903105,109.97358367491464,111.19991327565468,6489400
2019-05-01,109.71646118164062,112.43613182892466,109.6966775334107,111.96142235967008,5442200
2019-05-02,108.49011993408205,109.93402429049463,107.70883945328032,109.3801953780178,5272400
2019-05-03,110.72520446777344,110.88344346694748,109.03406477666746,109.35053522976476,4660500
2019-05-06,109.62744140625,109.89446782001724,107.38248040123705,108.23299612355044,4722600
2019-05-07,107.7483901977539,108.9549360559654,106.45284056897768,108.9549360559654,6178700
2019-05-08,107.86708068847656,108.66814488811686,106.95722906107636,107.38248694816028,4118000
2019-05-09,108.5197982788086,108.91835349726657,106.0651698621648,106.90777061395109,4657300
2019-05-10,109.19229888916016,109.459317756753,106.27482972077316,108.01542090753706,3750900
2019-05-13,105.65177917480467,107.43192253921212,105.34519301826622,106.41328356406086,5657900
2019-05-14,107.88685607910156,109.18241337971428,106.16604843946244,106.37373146965588,4559700
2019-05-15,110.27027893066406,110.69553681041296,107.1154586705442,107.39236937452009,5315300
2019-05-16,112.61414337158205,113.39543145640688,109.93403256035418,109.97358476505978,6031800
2019-05-17,111.55594635009766,112.98995146880046,111.0040942429239,111.82296523497128,4512400
2019-05-20,110.91311645507812,112.0603190704454,110.0032648040539,110.73510134550808,3631600
2019-05-21,111.19001770019533,111.87241015296496,110.45421996457846,111.42736864432152,4001400
2019-05-22,111.22957611083984,112.70314087472671,110.97244152306584,111.04166919532224,3091700
2019-05-23,108.68791961669922,110.4779547979866,107.85718001336538,110.2406038592842,7183600
2019-05-24,108.6384735107422,110.01314273213362,108.25277538648132,109.61755278423124,4832500
2019-05-28,110.55707550048828,111.89218491999468,109.28130192999316,109.35052960225644,6568300
2019-05-29,108.8659439086914,109.74612761163992,108.1044319124994,109.52855275558508,8166200
2019-05-30,110.18128204345705,110.33951350766068,108.87583285120787,109.41977001464504,3871800
2019-05-31,108.53958129882812,109.57800400133642,107.54071834687024,109.11318636393273,4913500
2019-06-03,104.35623168945312,109.86480065415329,102.8134391208534,109.86480065415329,11261200
2019-06-04,107.53083801269533,107.62973362007364,104.61336855090175,105.65179129150224,7280400
2019-06-05,109.54833221435548,109.65711964571564,108.25278240756757,108.82638749196646,6220200
2019-06-06,110.54718017578124,110.80431475543632,109.05383181254436,109.88457139864144,4744000
2019-06-07,112.76248168945312,113.87013203958382,110.8438828830357,111.06145773263734,5916400
2019-06-10,114.34484100341795,116.05575677666546,113.58332903304137,113.83057180740376,6483600
2019-06-11,113.3360824584961,116.15464848267032,112.04547491778862,115.67994659715173,5038900
2019-06-12,113.23719024658205,113.62288836956606,112.21855122714985,113.32619402330882,3914400
2019-06-13,114.44374084472656,114.54263644908588,113.32619863423848,113.55366531499077,4089400
2019-06-14,114.88877868652344,115.44260767094438,113.99870312696406,114.6316516156239,4242000
2019-06-17,115.86786651611328,116.0409319446344,115.08657838222145,115.29426142359756,4621600
2019-06-18,114.70087432861328,117.3374717084539,114.56241142956551,117.29197384559858,6793300
2019-06-19,115.84807586669922,116.0458670717,113.94925313578878,114.72064939864298,5166000
2019-06-20,117.4798812866211,118.6270838724111,116.5403541871822,117.53921713986426,5437500
2019-06-21,114.92832946777344,115.98652823230304,114.69097851883473,114.79976594235885,10651500
2019-06-24,115.2151336669922,115.48512537406994,114.38440156098488,115.22502549070676,3369800
2019-06-25,113.17786407470705,115.6700681244554,112.13944131924862,115.29426179294018,5393700
2019-06-26,112.89105224609376,115.0964535673465,112.85643463597395,114.42395291949012,4637300
2019-06-27,112.41635131835938,113.60312125199437,111.83286194855856,113.247091026429,5139300
2019-06-28,113.1976318359375,113.355870834546,112.08009720295512,112.98005698547615,6679800
2019-07-01,113.7613525390625,115.46238415961784,113.08885184129066,115.43271623174208,5566900
2019-07-02,114.88877868652344,114.9184466143002,113.31631815234456,113.90969934363372,4153900
2019-07-03,116.38211822509766,116.42167797414542,114.77998234229038,115.5909383346433,3288900
2019-07-05,115.86786651611328,116.10521748550724,113.42510650596124,115.2547016711567,3801700
2019-07-08,115.66017150878906,115.93214008064298,113.8701361644522,115.05689851131346,4983600
2019-07-09,117.06450653076172,117.31174929458378,114.96788517726048,115.0865644201852,4739000
2019-07-10,118.32050323486328,118.87432464309742,117.46998747493184,117.79634975274872,5879700
2019-07-11,119.31936645507812,119.41826205746273,117.92491356212771,118.84465700028096,4999700
2019-07-12,118.79521942138672,119.66551133297244,117.9941476445026,119.58639182866884,4540300
2019-07-15,119.5666046142578,119.70505996129724,118.478737939555,119.4380335453994,3721000
2019-07-16,118.38972473144533,120.14020773364018,118.21170963876872,119.76439390173938,4006600
2019-07-17,117.4996566772461,118.66664290387926,117.4897723985994,118.330396343871,4627500
2019-07-18,118.5479736328125,119.4677170976522,117.32164398285887,117.67767419797433,4436900
2019-07-19,117.32164001464844,120.02153446374584,117.2919720886008,119.40836965950832,4916200
2019-07-22,117.3809814453125,117.89524309377389,116.81726822409976,117.67766824606883,5676600
2019-07-23,118.89411163330078,118.94355566313988,117.3859291360644,118.10293170336502,5016000
2019-07-24,119.96219635009766,119.991864275586,117.61833214826058,118.67653091376496,8969800
2019-07-25,113.85035705566406,116.25355715807068,111.98120225882012,115.46237725088508,19417200
2019-07-26,114.21627044677734,115.06678619803895,113.07895217053208,114.4338452964374,7995500
2019-07-29,110.2208251953125,113.0196151967869,109.9933660694722,112.24821895219694,13820200
2019-07-30,110.80432891845705,111.051571706776,107.57038902190436,109.56811497686222,8456000
2019-07-31,109.18240356445312,111.0614500364132,108.22310045509587,110.96254689690198,10096200
2019-08-01,109.5780029296875,111.20979923874062,108.45551859770632,109.23185700206936,9436100
2019-08-02,105.9089126586914,108.44068383370374,104.66281449137172,108.26266873190797,10466900
2019-08-05,102.45740509033205,104.22766427580936,101.28053460475827,102.61564408903983,11745400
2019-08-06,103.87163543701172,104.83093862982668,103.3277058486301,103.84196751067738,7740500
2019-08-07,105.45398712158205,105.97814814977438,102.16071904785002,102.9123316615677,7622000
2019-08-08,105.61222839355467,106.9473379165203,104.91005979325796,106.16604981457724,7815000
2019-08-09,103.66394805908205,105.34519587301308,103.29802604405562,105.22652417265355,7777300
2019-08-12,101.5871124267578,103.22880052644008,101.082735053944,102.8628860490218,7896800
2019-08-13,104.87049102783205,105.5232079971799,101.547547696833,102.24971623677172,9788400
2019-08-14,102.13103485107422,103.97052156874508,101.31019463134488,103.02111028627787,9538800
2019-08-15,103.79251861572266,104.62325830078166,101.99259143422104,102.75410344096272,6975800
2019-08-16,104.98917388916016,105.43420785881754,104.38590092435756,104.91005439158756,5840900
2019-08-19,106.4825210571289,107.24403306187276,105.65178891950036,106.80888334487628,5718300
2019-08-20,106.18582916259766,107.38248328184888,105.83968324322484,106.71987445920782,4358600
2019-08-21,108.60881042480467,108.80660163494434,107.20249635939427,107.34292857130848,5415900
2019-08-22,107.57038116455078,109.07362143306824,106.462738382749,108.86593841148044,3863600
2019-08-23,104.87049102783205,108.92527082302422,104.34633757867005,107.72861675817788,7456400
2019-08-26,106.47262573242188,106.64074899827386,105.11773269204056,105.92868864260632,3666900
2019-08-27,106.26494598388672,107.5209435571335,105.7704604138449,107.19458127004566,4937400
2019-08-28,106.28472137451172,106.4429528211012,104.18810000413563,105.53310125377304,3256100
2019-08-29,108.00553131103516,108.54946842600432,107.58027344258215,107.7582885397311,3930900
2019-08-30,107.84730529785156,109.7461280663322,107.34292790629388,108.91538838934008,3957900
2019-09-03,105.57266998291016,107.65939970750392,105.28586744473958,106.72976441448554,4037700
2019-09-04,107.53083801269533,108.03026573436917,106.10671712164353,106.5616429517848,3691200
2019-09-05,110.23072052001952,110.39884380015454,108.30222984729244,108.7868235851378,5348700
2019-09-06,108.83627319335938,110.43840155552948,108.4110153161258,110.42851727705364,4675800
2019-09-09,104.26721954345705,109.54832140167989,102.7540950232977,109.39998177833124,10959000
2019-09-10,101.9134750366211,103.79251409343546,100.19265988727952,103.6144989933398,13428000
2019-09-11,102.87277221679688,103.32770557020042,101.9728124243265,103.00134329090038,7006300
2019-09-12,105.91880798339844,106.72482188001084,104.3265638383886,104.54413869724723,11585400
2019-09-13,105.81991577148438,106.10671831779052,104.0892162144741,105.48366919355728,8390200
2019-09-16,105.34519958496094,106.8187719751857,104.82104610256924,104.95950145470098,5215600
2019-09-17,106.31439208984376,106.70503235017055,105.28586125163751,105.63199962381012,4097400
2019-09-18,104.4353485107422,106.61108949663836,102.5859773497689,106.59130584894568,6624300
2019-09-19,104.94961547851562,105.83968342917905,104.43534628298718,104.47490603227789,5017100
2019-09-20,103.48593139648438,104.2968873660819,102.76398674605936,103.5551590690628,10427300
2019-09-23,103.95075225830078,104.15843528253946,103.19913211444845,103.57494595899992,3312800
2019-09-24,102.54642486572266,104.92984150451709,101.5970134309735,104.24745651578414,6367900
2019-09-25,102.99144744873048,103.31088317530757,100.42012415524444,102.20026756831145,5457300
2019-09-26,103.3969268798828,103.71339731586112,102.08159356508996,103.27824763692205,4719800
2019-09-27,101.0728530883789,104.01009874411469,99.98498628317158,103.71341191283165,7189400
2019-09-30,102.44751739501952,102.92222686502204,100.36079521853752,101.54755757566724,7390700
2019-10-01,101.39920043945312,103.4869183841043,101.1025136519246,102.85298908861884,5694500
2019-10-02,98.63008880615234,100.7069265583186,98.26416679145736,100.68714291144292,7879000
2019-10-03,99.9157485961914,100.19265929576076,97.52244035534116,98.44218377619691,4846100
2019-10-04,101.65634155273438,101.84424847857748,99.72784335633357,100.71681446876964,5458000
2019-10-07,100.4992446899414,101.47535867100908,100.40034154493,100.9838384104447,3711300
2019-10-08,98.2344970703125,100.03442409531417,98.15537757475738,99.73772975960767,7027600
2019-10-09,98.78832244873048,99.57950234581644,98.288894760161,98.3432884724013,4988600
2019-10-10,99.43115997314452,99.88608579509804,98.30373346977044,98.30373346977044,4281600
2019-10-11,100.45968627929688,102.81343478406272,100.35089885453556,100.6574774814534,4762900
2019-10-14,100.62781524658205,101.22119643186056,100.24903609418236,100.46957623970717,2953500
2019-10-15,102.44751739501952,102.51675261868228,100.77616128900785,100.88494871869068,4579600
2019-10-16,101.95303344726562,102.09149635154738,100.77616289550568,101.86402966442505,4327000
2019-10-17,102.48707580566406,103.18924440472674,101.70578770509408,102.74421041293732,3996300
2019-10-18,100.10365295410156,103.16946176332128,99.63883534376896,102.77387182610734,7260700
2019-10-21,100.32122802734376,101.5970016165336,99.3569751952784,101.23107960335108,6694400
2019-10-22,96.28622436523438,100.82559797303148,96.0439237358218,100.24210866111008,11298100
2019-10-23,95.57416534423828,96.52357668332336,93.7247866933196,96.34556158566674,16470200
2019-10-24,103.75296783447266,105.8001378302548,102.05193623503028,104.90511259402116,23689200
2019-10-25,106.0078125,106.30449929690654,103.2683583825346,103.30791813117224,12070900
2019-10-28,105.42432403564452,107.26381099492254,105.27597685275092,106.79899334297308,7004200
2019-10-29,103.84196472167967,105.839683008796,103.54032823663049,105.66166791032023,5420900
2019-10-30,105.32542419433594,105.42431979720531,102.8134366461489,104.12877004553933,4204900
2019-10-31,102.95188903808594,105.32542116493748,102.12115694357574,105.29575323945504,7200500
2019-11-01,103.82218933105467,104.13865978104089,102.7837666586231,103.54527108522242,5489800
2019-11-04,101.67610931396484,104.59357838346406,101.4733759869375,104.55401863678186,5818400
2019-11-05,99.87618255615234,102.1112592044352,99.1789637119553,101.91346801584388,9236200
2019-11-06,99.52015686035156,100.22232542028388,99.06523106991304,100.08387007298738,7332200
2019-11-07,99.36192321777344,100.59813703795028,99.18390812585795,99.82674082139998,9088400
2019-11-08,100.30144500732422,100.58824752562428,98.5015179456054,98.92183367222196,5451300
2019-11-11,101.53765869140624,101.90358070628255,99.54983225869438,99.92563855176292,5391000
2019-11-12,100.90472412109376,101.95303111412136,99.80696555300784,101.834359406383,6715200
2019-11-13,100.99372863769533,102.45740159962178,100.50912737960095,100.87504939270784,5246600
2019-11-14,102.58597564697266,102.70464735015572,100.25200324453002,100.74648879512802,4978400
2019-11-15,103.05078125,103.32769948431616,101.96786427924286,103.19912841778536,5639600
2019-11-18,102.5167465209961,103.0507842682642,101.84424587988926,102.7046458967939,4830400
2019-11-19,103.79251861572266,104.99906461946844,102.86091401472405,102.93211854881456,7954100
2019-11-20,102.9419937133789,104.21776728248727,101.98269812598768,104.05953583687908,5953500
2019-11-21,101.4189910888672,103.3178138230667,101.0234011329296,101.86402507351522,7525100
2019-11-22,100.6475830078125,102.0914874174912,99.60916790595516,101.7849012533948,6448800
2019-11-25,103.29803466796876,103.4167139234868,100.93439419863807,101.25086466810178,8336100
2019-11-26,105.02872467041016,105.60232970216798,103.34747686863776,103.64417120789194,13126400
2019-11-27,106.56163787841795,107.04623161317627,105.62211833517726,105.71112211400497,7553400
2019-11-29,106.81877136230467,107.19457766661309,105.7210128300938,106.77921161260106,4439500
2019-12-02,105.0386199951172,107.2934729038101,103.49582748816955,106.76931942620614,7182600
2019-12-03,104.42545318603516,104.9594984770717,103.35737014921266,103.84196386792614,8947500
2019-12-04,103.84196472167967,105.11773833654752,103.50076848749691,105.11773833654752,7848700
2019-12-05,103.4364776611328,104.33644493107356,102.96177578631264,104.28699336087344,5635800
2019-12-06,103.18923950195312,104.18217184461597,103.0112319498957,103.63428101784848,7018000
2019-12-09,102.63542938232422,103.94087105756392,102.45741426546192,103.4463854601966,5641300
2019-12-10,102.4771957397461,102.98156560577512,102.1211655135778,102.62553537960684,5316500
2019-12-11,104.34634399414062,104.70237419758374,102.44751372736046,102.57608480070152,5779700
2019-12-12,104.50457763671876,105.0485147770503,102.98156118904134,104.04965182173731,6379500
2019-12-13,106.46273803710938,106.71492294566502,104.35622481237786,104.66281097727456,6998800
2019-12-16,108.36156463623048,108.6167223827748,107.15501867016576,107.2044702439556,8465400
2019-12-17,107.26380157470705,108.39122799328278,106.48251352231672,108.36156006835982,8165900
2019-12-18,106.64075469970705,108.26266668755234,106.57152702505208,107.65939371759455,6477900
2019-12-19,107.67916870117188,107.7385120968674,106.2748315754707,106.61108566691004,6590000
2019-12-20,107.55060577392578,108.4110133364074,106.93744098333823,108.07475924310114,9823200
2019-12-23,107.4121551513672,108.2428872797628,107.18468847130592,107.84730486352734,4659000
2019-12-24,107.49127960205078,108.05499287091804,107.18469340652558,107.44182802511892,1680000
2019-12-26,108.53958129882812,108.53958129882812,107.3725950659692,107.92641648317311,4049900
2019-12-27,108.19344329833984,108.96483957369244,107.69895773257528,108.9519824660865,3379600
2019-12-30,106.77921295166016,108.39123315973222,106.54186199571262,108.31211365933277,3769200
2019-12-31,106.97699737548828,107.2539080640805,106.01769424340068,106.3539483261558,4080500
2020-01-02,109.52854919433594,109.98347499436316,108.0698183326263,108.2626673950862,7418800
2020-01-03,107.5605010986328,109.20218923391715,107.5605010986328,108.28244579072296,7098300
2020-01-06,108.95494842529295,109.00440000027643,106.25506144481798,106.3836249764236,6764500
2020-01-07,108.46045684814452,110.32961159116002,108.32200150016196,110.27027574066764,6898700
2020-01-08,110.58674621582033,111.3977022021918,108.60880404952394,109.18240908861004,8293600
2020-01-09,111.32847595214844,112.30755522431808,110.3592809583563,111.74384200152336,5944700
2020-01-10,111.68450927734376,112.45590554642448,111.03178471412104,112.38667786959034,6965100
2020-01-13,114.00859832763672,114.60197953649867,112.60426103943804,112.722940299311,9652500
2020-01-14,113.37564849853516,114.31516804365052,112.86138683647484,114.24099822781275,7182000
2020-01-15,113.58332824707033,114.671194937687,113.345977297995,113.87013076877618,5955200
2020-01-16,114.12725830078124,114.72063940936587,113.58332121651608,114.64151991615454,4770900
2020-01-17,114.76020050048828,115.41291746400348,114.19648730894096,115.16567470375904,9730400
2020-01-21,114.86898803710938,115.1063389745188,113.8404572480015,114.03824843830098,8746200
2020-01-22,114.22616577148438,116.15465646121424,114.1964978447579,115.4426035840262,5305300
2020-01-23,116.58980560302734,116.63925717749665,114.52285956852678,116.10521186328216,8533900
2020-01-24,115.6898422241211,118.28094166878893,115.2250246013828,117.1436233984134,7124000
2020-01-27,113.96902465820312,114.70086868684776,111.07133910440892,112.37678062260542,7002300
2020-01-28,115.23491668701172,115.91730920451973,113.449823434528,114.55253171475492,6433000
2020-01-29,115.37338256835938,116.23378267411113,113.88992578437208,116.17444681723208,9236800
2020-01-30,115.82830047607422,115.9074124314102,111.18013167748428,111.54605370876024,13653300
2020-01-31,112.63391876220705,116.02608996071376,111.90208225576484,115.46237673158586,9467200
2020-02-03,115.22502899169922,115.94697369453388,112.7921609062924,113.03940368991404,8234700
2020-02-04,118.7556610107422,119.0127880847566,116.0063223397706,116.73815889971776,7396800
2020-02-05,118.39962005615234,120.8423798547457,117.5797606687419,119.86329304344471,7595300
2020-02-06,118.5677490234375,119.2699176253492,118.15238295671526,118.76554023275736,4020300
2020-02-07,117.56888580322266,118.35017390524106,117.1040757078202,118.28094622760656,4166300
2020-02-10,118.7358627319336,118.824874050626,117.19307029693508,117.25240614589644,4868000
2020-02-11,117.52932739257812,119.66550869008864,117.09418521902124,119.42815772767116,4677400
2020-02-12,117.25241088867188,118.58752790631011,116.57002596226306,117.53921341233672,6482300
2020-02-13,119.180908203125,119.76439752467388,116.50079745387802,116.73814840287666,6066300
2020-02-14,121.63355255126952,121.6434443748645,119.4677109895119,119.55671476611468,5769900
2020-02-18,120.92150115966795,121.63356160650328,120.338011793387,121.22808735193114,5085700
2020-02-19,122.54340362548828,123.0774413404582,120.95115966777202,121.27751437242028,4878600
2020-02-20,121.0797348022461,122.93899779583752,119.07212463126288,122.49396380891298,7212900
2020-02-21,118.17215728759766,120.50612973977938,117.22274591564674,120.37756621017436,5894500
2020-02-24,115.15579986572266,115.5019382493892,112.2679984549525,113.02951044426976,10139300
2020-02-25,108.45056915283205,115.13106589087953,108.12420689490588,114.3942797410614,13636100
2020-02-26,107.9066390991211,111.38781410845796,107.40226171715652,108.59891586240516,10301800
2020-02-27,106.65064239501952,110.81421746705912,105.1276335038149,105.1276335038149,15461900
2020-02-28,106.79899597167967,107.53084007990115,102.57609233890786,103.11013768331894,17213100
2020-03-02,111.61527252197266,111.8031794346318,105.35508400862126,106.27482738046554,13367000
2020-03-03,108.54946899414062,113.2965257008738,107.06601235855202,111.5757181162612,11912300
2020-03-04,114.0283660888672,114.11736986243208,109.39998123223332,110.80431832475996,8245200
2020-03-05,110.94277954101562,113.63278217035096,110.01314428213485,110.7944323653058,7671500
2020-03-06,109.66700744628906,110.33950811309089,106.39351543705938,106.75942992434432,8524300
2020-03-09,100.5091323852539,105.81001820135332,98.61030964239016,101.5871148314714,12458900
2020-03-10,108.5296859741211,108.5296859741211,102.03214617450756,104.13865943817608,11748500
2020-03-11,102.75409698486328,106.56163414358872,100.85527431724832,105.47376746184582,10756400
2020-03-12,95.89063262939452,103.62438598107389,93.45776473845837,95.49504269817108,20114400
2020-03-13,108.93516540527344,109.38019937086185,98.67953264264791,99.41136912537684,19170600
2020-03-16,91.69740295410156,102.01731412060168,90.22383810599932,92.9632847735653,16204900
2020-03-17,96.79061126708984,99.9652078220466,89.52166712065716,93.45777570297888,17969400
2020-03-18,90.4512939453125,94.05114806787552,85.19985993231134,90.8419417467084,16073300
2020-03-19,92.65670776367188,96.97850678118331,86.0800482273816,90.55019442373062,12181600
2020-03-20,85.72401428222656,95.16869119872295,85.25919666323294,94.58519433277864,14874400
2020-03-23,84.31967163085938,87.17779728700441,81.16485164937225,85.33831057848371,12969700
2020-03-24,96.21700286865234,96.91917147081692,88.4140211977342,88.4140211977342,13936500
2020-03-25,94.65442657470705,99.31247972247353,94.2192768601404,96.35545813683002,11814400
2020-03-26,99.52015686035156,99.81685120184432,94.5802511548259,95.24780210530884,9451200
2020-03-27,92.44902801513672,96.0340484956694,92.03365439058751,95.9302032032193,11312000
2020-03-30,95.9598617553711,97.17629949189484,93.32920263159076,94.44673722487238,8948600
2020-03-31,94.68409729003906,98.33439173380576,93.82369720485364,95.31703823245756,9881400
2020-04-01,90.37218475341795,93.62590087853889,89.3832135620226,91.69741007341848,9628400
2020-04-02,92.48857879638672,93.63578895419477,89.91725531075802,90.095270419892,7077200
2020-04-03,91.37104034423828,91.9248617519336,88.88872074288828,91.76663029769956,7699500
2020-04-06,100.5486831665039,101.36953093518052,95.1983537987235,96.721370095765,11999000
2020-04-07,99.17401123046876,105.05839324070976,98.79820496464536,104.09414047408728,10291500
2020-04-08,103.90130615234376,104.34139801036844,99.63884292887424,100.4893587177929,9385900
2020-04-09,104.6727066040039,107.5011647968679,103.624399562331,104.4650235605735,10894900
2020-04-13,104.8111572265625,105.1177358435134,101.21129559329012,103.69361508948258,7716200
2020-04-14,108.57420349121094,109.75602373723568,106.73965865143973,107.7978575012474,8417900
2020-04-15,106.75943756103516,107.88686412054813,105.24631283880731,106.27484378779748,7821000
2020-04-16,107.1154556274414,108.31705941729,105.39464805501376,108.29233363115516,9575600
2020-04-17,110.61641693115234,110.88344335567788,108.84022717513557,109.08351624075866,11069800
2020-04-20,110.9328842163086,113.03939744535693,108.81154456993303,109.67689426480489,10730700
2020-04-21,106.35395050048828,111.60538450361793,106.22538697679931,109.89446876615878,11736600
2020-04-22,113.9195785522461,114.72064269451214,108.69781257477044,109.0736188604106,12874300
2020-04-23,113.96902465820312,117.07934291681656,113.73167371269028,114.6613089383872,7563200
2020-04-24,118.85455322265624,119.1413557618611,114.12727232836836,114.1965000071246,10677500
2020-04-27,119.20068359375,121.03720513084814,118.730923837717,119.91274398174768,6678200
2020-04-28,114.85909271240234,120.6544634454514,114.62470706549038,120.31821692314313,9192300
2020-04-29,122.21704864501952,122.662082615715,117.3364712037897,117.98425360326948,9891500
2020-04-30,121.64344787597656,122.08848186230053,119.28969932442276,120.0116440173706,7569800
2020-05-01,119.2798080444336,121.34675407490867,118.11282181458972,118.52818787641952,5613800
2020-05-04,122.29617309570312,122.81043476145076,118.98311378651324,119.92264088361593,7674400
2020-05-05,124.04664611816406,126.52896570670966,123.47304106586655,123.56205238893033,9241900
2020-05-06,126.8948745727539,128.16075632509344,124.72903307736846,125.64877646699804,14031200
2020-05-07,144.67657470703125,145.57654202432636,137.74389277040376,138.37683366696817,35487900
2020-05-08,143.3612518310547,144.78535748474823,140.54267826729492,141.67010467469865,13159500
2020-05-11,142.37228393554688,143.66783364149876,140.61190152223307,141.38331285124758,10273400
2020-05-12,139.47457885742188,144.0436200463215,139.35590716643742,142.4118239332859,9757600
2020-05-13,142.14480590820312,143.49970651889103,138.07024997914348,138.65373928150868,11142600
2020-05-14,142.8173065185547,143.1041014703148,139.87016205715784,140.50311798752492,9272900
2020-05-15,143.90518188476562,144.28099573840208,140.0679842101422,141.3239666642926,8361200
2020-05-18,144.6271209716797,147.53468296527822,144.37987822766453,146.49132582897406,8576400
2020-05-19,143.7864990234375,148.0687454411148,143.61837575735555,145.13150024259366,7779100
2020-05-20,149.27529907226562,149.4137544215546,146.2688185012744,146.36772164669566,7811300
2020-05-21,146.5852813720703,149.0774924926698,146.40725874677764,148.9192535125207,5612700
2020-05-22,149.19618225097656,149.33463760274978,145.73478336614463,146.62485132890075,5724100
2020-05-26,145.37876892089844,152.8455046284738,144.67659271690127,152.42023915803807,10267500
2020-05-27,144.3502197265625,144.7853543084084,138.47572933088725,143.87550276191163,9554800
2020-05-28,147.1490020751953,150.26921975236652,142.91620701050672,143.1337818578927,10026700
2020-05-29,153.30039978027344,153.6168777653958,147.287453877457,148.84014569727432,9861900
2020-06-01,152.82569885253906,154.24981961352853,151.36202588841144,153.19161332094572,5658300
2020-06-02,155.75306701660156,155.86185444334845,152.9048253639571,154.27949461621225,6344400
2020-06-03,155.05088806152344,156.52544131769957,153.4091924115715,155.75306418329853,6732800
2020-06-04,152.89492797851562,157.7210963656073,151.94055946138903,154.9717580967824,7554500
2020-06-05,154.27947998046875,154.61572650742406,148.34565382737378,151.29278325807087,8446100
2020-06-08,154.36851501464844,154.48720182328765,151.42138498708155,152.5784795104165,5494400
2020-06-09,155.1300048828125,156.46512188278265,153.87895706482615,154.07179857919894,7265600
2020-06-10,158.14637756347656,159.11556504886656,155.8618566598063,155.8618566598063,5881800
2020-06-11,151.3521270751953,157.7408868762743,151.22850569049604,156.59367680454477,9041700
2020-06-12,153.5476531982422,155.47615898654036,150.21482529767897,155.3278042617856,7038100
2020-06-15,155.81240844726562,156.17832294555842,150.5411903816453,150.9466721768089,5115000
2020-06-16,159.44192504882812,161.03416915440178,156.55413119154892,158.42328600326567,6537300
2020-06-17,162.0231170654297,163.14065909903866,159.8770518549723,161.04403036505994,5582600
2020-06-18,166.1966094970703,166.9680058087447,162.49785185841174,162.90333366315156,8583700
2020-06-19,162.5473175048828,169.2327578148941,162.20117152638724,168.7185036229344,11332700
2020-06-22,168.3822021484375,169.01514300406717,163.72415704745205,163.75382497111434,7793800
2020-06-23,170.88430786132812,173.46552300773422,168.52066756178397,170.10302734068853,7693900
2020-06-24,166.14715576171875,171.5667135219389,162.4780660988264,168.71353714277834,8931800
2020-06-25,170.59750366210938,170.8744143448716,166.33504091262603,167.13610503708108,6650700
2020-06-26,168.98548889160156,171.7941783153567,166.74053533500538,171.7941783153567,8158700
2020-06-29,166.4932861328125,169.58875532896352,163.73404838917355,169.58875532896352,5423700
2020-06-30,172.30844116210938,172.76337453600735,167.54160801297297,168.81737417088948,6831900
2020-07-01,175.47312927246094,176.26925882890146,170.65684500243887,172.69907267141565,6869600
2020-07-02,175.2555694580078,177.81700090033087,174.7709682025004,177.70821347931903,5943600
2020-07-06,174.23690795898438,179.24111402201942,172.53589167906964,178.30157947577254,8348300
2020-07-07,175.32479858398438,177.96534965806646,174.365495392327,175.7302803640667,5529400
2020-07-08,179.56747436523438,180.62566550380143,176.53132610695758,176.91702419903345,7233500
2020-07-09,181.2091827392578,181.9608104842453,177.17417856625397,181.3773060268201,6340000
2020-07-10,176.43243408203125,180.50700518038315,175.17645167953418,179.62682152556582,7583200
2020-07-13,169.61842346191406,178.6675178429281,168.8569266001273,178.43015935259788,10234800
2020-07-14,170.39971923828125,170.6964135788774,162.51761856339843,166.88886890397882,10624500
2020-07-15,170.162353515625,171.44801887656556,167.1459888470145,171.08210442333262,6659700
2020-07-16,167.93716430664062,169.45028874031289,164.663672687513,168.0261680755625,6630600
2020-07-17,172.00184631347656,172.63478719329476,167.67014820723594,169.6085381400859,7354000
2020-07-20,176.8478240966797,177.6587725734061,170.77552689265843,172.72380121924138,6025000
2020-07-21,173.64353942871094,177.48075194623058,172.39744133356314,177.27306138512225,5698400
2020-07-22,176.4522247314453,177.51043106915955,173.79189001453932,174.21715544154182,4669000
2020-07-23,171.94252014160156,178.75653057914502,170.04369739527252,176.18519962175054,6999600
2020-07-24,170.65684509277344,171.68538345425335,167.21523000120803,169.1931721373607,6256100
2020-07-27,176.01705932617188,176.49177628473993,170.4887149017466,172.001839367244,6868800
2020-07-28,174.32595825195312,177.5994505207885,174.06881608114236,176.04675848797976,6125700
2020-07-29,182.5640869140625,183.3948190883191,176.30389749780207,176.48190506778445,15436600
2020-07-30,190.3868103027344,196.46899127938767,187.0450793171273,189.6945335898349,16803600
2020-07-31,193.90757751464844,194.184488224968,189.5758791181462,190.92088046419929,10863400
2020-08-03,194.89654541015625,197.2008348347744,193.06694280619573,196.06352408561088,7958700
2020-08-04,195.1536560058593,196.90413896187985,193.3646017308139,194.18446861760248,5771600
2020-08-05,200.672119140625,201.97755307802555,195.90527144180487,196.805238717964,7565800
2020-08-06,201.839096069336,201.9083312856233,196.68656539810723,199.77215021604843,5821400
2020-08-07,196.4393310546875,201.70164534251523,194.5306090173452,201.463305967429,6525300
2020-08-10,191.1878967285156,197.64587668379127,189.57586903663025,196.5085508857092,8792200
2020-08-11,186.94520568847656,191.40052531966523,184.46289366188,189.8824510605597,9155300
2020-08-12,189.2099609375,190.38682388815607,187.31112311733696,187.90451182245064,7936600
2020-08-13,190.94064331054688,192.97792121045143,189.36816790979017,189.9813402076985,10082400
2020-08-14,189.34841918945312,193.3131920150461,188.4088845435525,193.0372772790093,4848000
2020-08-17,194.1251373291016,195.2426795399201,191.1186717203844,191.7812805695638,6279300
2020-08-18,192.42410278320312,196.5579944931277,191.8603820461222,195.54923980548327,5362500
2020-08-19,190.31759643554688,194.6690631373048,189.80332725026605,192.9086958278253,6865300
2020-08-20,195.9942779541016,196.5085471320239,189.3978427770335,189.94177987959552,6773000
2020-08-21,194.61962890625,196.9041649732544,194.0559231893026,195.7470554306472,6092500
2020-08-24,196.68658447265625,198.881105629982,194.40206356162903,197.79422731666887,5404100
2020-08-25,199.44580078125,199.7326108521605,194.0756949286667,196.30087991320704,5108200
2020-08-26,201.23583984375,203.08522610494325,198.0414673424188,200.2963202951822,6072200
2020-08-27,202.0863647460937,204.7170316733756,200.0688702042061,204.5291247370694,6051900
2020-08-28,202.22482299804688,203.15050461158225,200.18754477833235,203.15050461158225,4580300
2020-08-31,201.8885498046875,202.9882851308149,200.06686983646588,201.4534001276442,5628700
2020-09-01,206.625732421875,207.56526707448072,202.8824881368958,203.3225724458252,6234600
2020-09-02,208.49490356445312,210.1069162656441,202.34350184911744,209.2880452620454,7219500
2020-09-03,202.72918701171875,204.311531684559,192.7999089232288,203.4214637492427,16006900
2020-09-04,189.7241973876953,199.61390761545883,180.83335755085605,198.7683416163251,17034100
2020-09-08,183.899169921875,189.63520522312584,182.66295606774773,182.66295606774773,9282400
2020-09-09,192.4537811279297,193.5910918510071,185.234289116152,188.89347914964168,8542000
2020-09-10,187.99351501464844,196.03385498229943,185.7683300131658,193.9273416852688,6580700
2020-09-11,181.97067260742188,189.98134412253577,178.9345242503686,189.3503801117945,8110400
2020-09-14,184.89805603027344,186.51996814060467,182.34650860844093,183.94863707009063,7053100
2020-09-15,183.96841430664065,188.34954918049976,182.1486959539241,187.9539667636712,7763400
2020-09-16,178.91477966308594,187.2517994608735,178.6774211474807,185.0315639923778,8170100
2020-09-17,173.85121154785156,176.76868817257926,171.87326947847706,174.68195868576916,11840100
2020-09-18,174.12814331054688,176.28409299688602,169.73710935101107,174.75118482229118,13557200
2020-09-21,181.1894073486328,181.4267507618874,172.16009610369355,172.91170872983616,13765600
2020-09-22,185.708984375,185.98589506446368,180.1756900889836,184.7298975933601,8939300
2020-09-23,179.60704040527344,186.39138269183684,179.1026705815418,186.31226319371208,6782400
2020-09-24,180.1806488037109,182.8607520590228,177.61921725254527,178.18292293774124,7374500
2020-09-25,185.1848297119141,185.84743850669875,178.14336064208214,180.38831406768824,7606500
2020-09-28,189.9022216796875,190.34725562572893,186.0155576791246,188.89346700229325,7590600
2020-09-29,192.35487365722656,193.6207554231549,189.002262324096,190.51538685822123,6732600
2020-09-30,194.85696411132807,196.528327594622,191.1789865836434,191.919718895581,7939600
2020-10-01,194.7679748535156,199.0502216154321,194.0568953222448,197.062380005635,7268900
2020-10-02,189.79345703125,194.0460359946424,187.16279015034888,190.60440552724447,6546400
2020-10-05,194.678955078125,194.73829092598945,190.04067849038293,191.4153476310772,5024100
2020-10-06,189.54620361328125,195.1932201127821,188.77480736673124,193.9669056133956,5921800
2020-10-07,192.4636688232422,193.55154308328324,191.1977870063771,191.77139206253497,4228700
2020-10-08,190.93077087402344,194.6987486016191,190.5450727229428,194.580076890672,5582600
2020-10-09,195.0943298339844,195.17344933151097,190.4758366856902,192.2164203597718,7082400
2020-10-12,199.2875518798828,201.82921473492075,194.4633602481473,197.66563995314485,10603200
2020-10-13,205.4488525390625,206.71473428308988,197.9029985552816,200.20730292587064,8145300
2020-10-14,201.35452270507807,206.6435321987136,198.28870624808425,205.90773443817488,8588100
2020-10-15,200.89959716796875,201.2358437345044,195.94288032371423,197.7843441070912,7626700
2020-10-16,202.1951446533203,205.181841693372,199.989743257202,202.185260374594,9662200
2020-10-19,197.85354614257807,204.9444667707569,196.90414238384744,203.2533347234238,6566700
2020-10-20,199.7325897216797,203.20387249774168,198.10077851801816,198.921626258557,4867700
2020-10-21,210.7200927734375,213.4496477485292,203.7478430618256,206.0026961044019,17247200
2020-10-22,201.68087768554688,209.9981286090513,199.9106259817063,209.5629788922184,12398300
2020-10-23,200.8006896972656,203.9654093557519,198.99088582611483,203.9654093557519,6644700
2020-10-26,195.04489135742188,201.6413271152753,192.89882577336328,198.44695452698093,7716000
2020-10-27,198.219467163086,199.0996659149065,195.53936397558027,196.59755518861536,4754400
2020-10-28,190.18902587890625,196.20197185296013,189.3879617190136,194.78775045275475,8050000
2020-10-29,192.888916015625,195.41079532972296,190.1890291476032,191.93951221369488,7627100
2020-10-30,184.0771942138672,193.1757252436965,180.9025903681929,191.15821576499667,12029700
2020-11-02,185.689208984375,190.5796783352499,183.00910574422736,186.9254228639084,14386000
2020-11-03,177.82687377929688,186.6682769677737,172.882018760283,175.97750283114567,31656000
2020-11-04,192.14718627929688,192.84936239244377,182.0794678347627,184.70023518492107,16107000
2020-11-05,202.303939819336,202.65997004362563,197.1711770402021,200.06887041104653,15188500
2020-11-06,200.4940948486328,202.6599438421688,196.36020314209424,202.3434809562163,8075100
2020-11-09,182.6827392578125,193.90756706141224,182.4058285624207,193.5812047938788,18986400
2020-11-10,181.3377380371093,184.6507971950495,176.63024112357607,182.93986635955747,13144300
2020-11-11,190.2186889648437,190.97031662404208,184.3441984877444,185.4300958280964,9151700
2020-11-12,187.01443481445312,192.7504549309147,186.351810919892,191.810935435322,7096100
2020-11-13,186.53973388671875,189.61543477347828,184.7892658126016,188.9993046591821,6017200
2020-11-16,189.82310485839844,190.25825453283124,181.51573902318265,183.1475503023057,10127800
2020-11-17,190.1791381835937,192.4834425682219,188.52755832140977,190.01101491396432,6448800
2020-11-18,188.023193359375,190.8219835716291,187.449588271904,190.4659533480437,8095400
2020-11-19,188.7945709228516,190.6241734356064,187.47925268151,188.7154665170197,9391500
2020-11-20,190.5450439453125,192.5823218248986,188.8539119577144,190.3472527601052,11514100
2020-11-23,198.60519409179688,199.9304118144484,191.781284085132,192.38455709178712,12020000
2020-11-24,203.72804260253903,204.79513720736853,196.66678969071188,201.75010044134936,14781600
2020-11-25,212.09475708007807,213.68700121726536,203.95551374208577,204.0148495959372,13817500
2020-11-27,209.05860900878903,211.481585287488,206.31915472135296,210.84864436051555,5363200
2020-11-30,211.7584991455078,213.44964646250207,204.80603312436887,210.1662549803386,12976100
2020-12-01,214.1517944335937,218.1373618327221,211.97606104104696,214.75506740562048,10137400
2020-12-02,210.21568298339844,213.37050303251925,208.1784050444741,213.2221634119182,7537400
2020-12-03,212.17385864257807,214.53749902909945,210.75963717643648,210.9772120313047,7645200
2020-12-04,215.3682403564453,216.14259434434456,210.66072826942923,212.5101144852576,6214600
2020-12-07,215.52647399902344,216.9011583749846,213.92434557596377,214.99243622150425,5363400
2020-12-08,214.54739379882807,216.30776115738564,213.19250821478704,213.93917113705345,5419600
2020-12-09,208.47511291503903,216.5253371433027,206.94220467710832,214.6067307762605,7807500
2020-12-10,212.9650421142578,213.84522582709087,204.37088047508328,206.06202776786472,6556800
2020-12-11,211.6991577148437,212.6287929917064,208.09930340455773,211.036548868474,4283400
2020-12-14,218.3549194335937,220.698791168906,212.6287834855929,213.56830299917328,9759400
2020-12-15,219.156005859375,219.8581669027124,214.7254043840702,219.4823530487843,6508100
2020-12-16,227.66114807128903,228.6006676141571,222.1328031500481,222.3207100767221,10110000
2020-12-17,232.9125823974609,235.47402905999112,229.83688161910763,231.92361128018337,8914100
2020-12-18,233.8422088623047,234.55426924718864,229.7182012693108,234.049899428938,11534700
2020-12-21,235.09820556640625,237.106811617988,229.6400769706109,230.0544470389062,8156000
2020-12-22,240.8045959472656,240.99248779380213,235.46414256761483,237.5162547300884,6331700
2020-12-23,236.7992401123047,241.55618863888083,235.7014815992101,240.91336346683048,6421300
2020-12-24,236.008056640625,239.44967175491752,235.4641195314909,237.70908809618933,3053800
2020-12-28,233.13015747070312,240.8144672845485,232.655455559302,240.8144672845485,7079500
2020-12-29,228.48199462890625,233.6444250369631,227.1468775924944,233.3971822591462,8316100
2020-12-30,228.95669555664065,231.26100004688783,227.4831382650824,229.6292037564839,6017600
2020-12-31,231.6170349121093,232.10163619689243,227.15678056217405,229.44130145093365,5002700
2021-01-04,229.36219787597656,235.37217172710703,225.02556461578948,235.17735333514875,8148700
2021-01-05,232.31919860839844,233.04114326705744,227.2655558167833,227.9281646254842,5047800
2021-01-06,224.32833862304688,229.9259192246952,223.21277319637568,226.4150684541665,9211700
2021-01-07,232.4477386474609,233.0015750869292,226.69193523868373,226.92929371274155,7107900
2021-01-08,239.78594970703125,240.2309837027898,233.4654287407192,234.8114109799681,6767700
2021-01-11,234.88064575195312,238.18380573786013,231.5082505428046,235.41468352773668,5073100
2021-01-12,235.0190887451172,236.1662988289,231.25111131437484,234.99930509801715,4136600
2021-01-13,242.19903564453125,244.71103088928808,233.9312359863953,233.96091900502083,7354900
2021-01-14,239.390365600586,247.09445967812604,238.8760963526564,244.14731464505147,6976700
2021-01-15,237.1453857421875,241.8657551883944,232.4418422059195,239.57826141432733,8373300
2021-01-19,244.52310180664065,245.99667416214075,238.3420324990916,240.61666902236988,7436800
2021-01-20,241.56607055664065,246.89662407396509,241.44739885600663,246.10545928240387,5803200
2021-01-21,245.8977813720703,247.60869720310828,240.89358986442627,243.94950703704657,10336600
2021-01-22,249.22071838378903,251.5843587203962,243.4846829584428,243.92971693745645,7800500
2021-01-25,245.01759338378903,251.58436097418863,239.54858433305805,251.00087163891027,8499400
2021-01-26,238.342025756836,246.01643575941355,237.38272262020115,244.17694898190257,7883000
2021-01-27,227.40402221679688,232.80379609246472,222.5185024594296,232.11151932513573,11787000
2021-01-28,235.1674194335937,238.89089483471068,229.6489742520305,232.4081968428121,8295500
2021-01-29,231.725814819336,238.2134627870581,230.0940185490374,236.0179457492556,9805800
2021-02-01,239.1826629638672,241.44740010889,232.8037873926717,235.7410327226125,7788200
2021-02-02,246.35272216796875,247.4306971114173,237.87723207728047,240.9232650631141,7082800
2021-02-03,249.121810913086,251.51018454015616,244.66155674089748,251.15910402942268,13545700
2021-02-04,267.44744873046875,271.90771807275286,257.9731188224827,262.4135894268214,23840900
2021-02-05,266.4683837890625,267.0222052076054,261.79053947711606,265.64752084946963,7978600
2021-02-08,279.0580139160156,279.581171466206,271.59521703586813,273.8263478710951,10065500
2021-02-09,281.0655822753906,283.725916793481,273.4603925461288,277.2877056506153,8697000
2021-02-10,280.05682373046875,282.9248338317933,275.3305391392765,281.9556614873677,9364500
2021-02-11,281.8864440917969,298.768188770787,278.49428030981704,284.1610656516016,21371100
2021-02-12,295.0793151855469,296.0386184017493,286.1291384114449,289.4125298505093,11882200
2021-02-16,301.42852783203125,305.7305584074522,294.8914127806113,303.02075691023964,13597700
2021-02-17,293.9222412109375,298.17480513212814,287.35545821301935,294.34749156685564,9879800
2021-02-18,287.6026611328125,289.73884216680227,281.8864098201827,287.9191391039963,9715500
2021-02-19,283.7555847167969,290.698150568104,282.3116652648177,288.89821602780177,9413800
2021-02-22,270.82977294921875,281.8567959474529,270.27595148394283,278.31629228151013,13132500
2021-02-23,262.07733154296875,264.3025164334279,249.77452911190548,256.82589761596523,20440300
2021-02-24,263.1355285644531,265.7028753804073,256.2423992946451,263.17014617214016,10840000
2021-02-25,251.1393280029297,263.06631726599807,248.64711656138505,259.8620605030852,13403300
2021-02-26,256.9841613769531,258.971972880943,250.3224440527512,254.61063663455943,11915200
2021-03-01,270.6121826171875,271.51214999210504,262.78941714075484,265.9293884929688,10558500
2021-03-02,266.2211608886719,274.43950918157475,265.9442501587199,272.9164850763359,8484900
2021-03-03,252.2469482421875,264.7079892437841,250.45691309417808,262.0970912403445,10841800
2021-03-04,236.43331909179688,251.98982967540235,229.7083128505034,248.9833491955296,18878800
2021-03-05,236.4135284423828,241.0597124235504,220.62954411684183,240.438632699388,16830200
2021-03-08,223.59646606445312,238.6683906355061,223.16131637825853,236.36408622670368,13340300
2021-03-09,239.0936584472656,241.74410896142624,233.4367422938279,238.32226216184247,12071200
2021-03-10,239.40025329589844,247.2032350583456,238.60907335855163,246.5603947571566,9508000
2021-03-11,251.0305328369141,252.1085077000789,243.8110408833444,244.394530202984,9234200
2021-03-12,247.5889129638672,248.7736983720048,241.6085927212453,246.7383972415821,7609700
2021-03-15,247.22300720214844,249.2207331775632,244.0681867764124,248.6451512361185,7052100
2021-03-16,246.5603790283203,251.970052075808,244.81979534959623,250.6250507952708,7370400
2021-03-17,248.6965484619141,251.6545581845549,240.221059411608,243.1286366816523,6340100
2021-03-18,235.78062438964844,244.5429097128853,235.17735136176577,243.7418454656401,9318900
2021-03-19,238.6189422607422,240.4683133613455,234.5147182928308,236.9871460061512,10555100
2021-03-22,241.689697265625,244.22641055606283,238.1936958897628,239.3606745463728,5790200
2021-03-23,241.0814971923828,244.1176307220656,239.57825684565776,242.84186460097453,5093200
2021-03-24,231.686264038086,242.2682517998396,231.1818791186953,241.79354989673791,6097300
2021-03-25,231.65660095214844,232.7444601315885,225.01071380787155,230.06435684278,8846600
2021-03-26,238.37168884277344,238.64859952705729,229.73797587881504,231.04242892354884,8217600
2021-03-29,233.07081604003903,240.5177671747061,231.0335379997611,238.91563883050725,7510900
2021-03-30,233.93121337890625,235.73114799376003,230.0643479123983,234.2674750159731,6242000
2021-03-31,240.1617431640625,242.52538353729148,234.6531818726091,235.48391399170592,7633400
2021-04-01,244.8099060058593,249.86256818310912,243.32644931615863,245.30439156909293,6990100
2021-04-05,248.25152587890625,248.98335482358144,242.99019246545143,247.74714096784504,5744400
2021-04-06,250.3975982666016,252.1876335648759,246.7482924487708,248.87457430341124,5580400
2021-04-07,252.7810211181641,256.3610916984239,248.3009832083412,250.2838600173766,7243200
2021-04-08,261.5828552246094,262.0773407732381,255.32268145861056,257.2907242842321,9059100
2021-04-09,263.8277893066406,263.9959276604241,258.49725117939414,260.07961085459,6689700
2021-04-12,266.0628967285156,267.348547100141,259.6939203605496,262.4630575793627,6681200
2021-04-13,272.3923034667969,273.81642426860867,268.0111687269883,268.27522232116985,7284400
2021-04-14,264.2629699707031,274.795506579567,263.2641296420004,272.7977957411576,8507200
2021-04-15,270.97808837890625,273.074702335943,267.1804428788201,268.3671901207825,7542800
2021-04-16,266.8936462402344,271.1264416631352,265.6277643431333,270.1473698575429,6061600
2021-04-19,264.95526123046875,265.5387505802281,260.98947730876085,264.1838649499898,5258200
2021-04-20,261.5136413574219,269.57375042199243,259.34779206310225,266.6464041857679,6208400
2021-04-21,261.96856689453125,263.0663103191321,256.41052400867886,258.5269366312103,4669100
2021-04-22,259.37744140625,265.2024957142266,256.53909915769896,262.20591446681163,5983200
2021-04-23,263.0959777832031,264.83657655897974,258.0917864838479,258.0917864838479,6297500
2021-04-26,268.7232360839844,268.75290401058163,262.98721561448565,263.7190445912207,5327800
2021-04-27,265.8551940917969,270.8000491406838,265.0738985433927,269.0495511375378,4296200
2021-04-28,268.1001892089844,272.2143128726679,264.22343914772813,265.7939077303476,5530300
2021-04-29,264.8959045410156,270.8494994589388,260.6235423170234,270.2462415990287,5663700
2021-04-30,259.397216796875,263.21463043998955,258.71482437988294,262.0773198053363,6594500
2021-05-03,256.2325134277344,262.86850092209926,253.354603963975,262.1366719810135,7522000
2021-05-04,247.4010162353516,253.96776870462344,243.9297179850344,252.9095774651133,9217300
2021-05-05,244.67144775390625,252.10851476219577,243.52918732360564,252.10851476219577,9507300
2021-05-06,249.24050903320312,253.48219257860043,242.4067148860389,253.176609915137,17998700
2021-05-07,250.56573486328125,255.7875164955607,248.8647032529521,253.09749863014247,10170000
2021-05-10,240.9430389404297,249.6262041720464,240.76501629166103,249.23555635406944,8909200
2021-05-11,245.8582305908203,247.791655883199,231.0335478208553,232.40821709708604,9258200
2021-05-12,237.2640686035156,243.7813847610041,236.18609368815905,237.9355808492033,8649800
2021-05-13,238.1442413330078,242.9704099874833,235.1773280649649,239.2518841241168,7274000
2021-05-14,243.5736846923828,244.3945325132545,239.5980317500183,241.3277351956281,6729700
2021-05-17,241.6649780273437,243.52424851990136,237.94645213273,242.44625855467305,5185100
2021-05-18,240.52764892578125,244.7060424398713,239.9787621614533,240.81444388237136,4726800
2021-05-19,241.93199157714844,242.6341525684467,232.51698300302544,233.2587112868056,7210500
2021-05-20,248.76577758789065,250.1404467786433,242.6440593091149,244.26597126863967,8112900
2021-05-21,247.92515563964844,252.39530902362185,247.6482449521059,251.0018371000052,6842200
2021-05-24,254.333724975586,254.75897532840125,249.64598118214167,251.32724421648743,6370100
2021-05-25,255.7973480224609,257.4983793823431,254.44246255542112,255.6490084058143,6048100
2021-05-26,258.48736572265625,259.4269003187746,256.3017480918467,256.9149053309968,5405300
2021-05-27,256.6083068847656,257.7654162357922,253.4534869765048,256.99398988110795,7051200
2021-05-28,257.1522827148437,260.24776742575773,257.0039430698012,258.1907205921537,4281800
2021-06-01,256.4105529785156,260.5148076164405,253.69088216982155,258.2005884417574,5869600
2021-06-02,259.278564453125,261.8597645162029,256.7171027657224,257.6072008932689,6801800
2021-06-03,254.9468536376953,258.10167367949447,253.32492664021817,255.5501114870733,4947100
2021-06-04,260.1389465332031,260.5542974618104,256.29183476400453,256.6518337377313,4086100
2021-06-07,257.7258605957031,260.0400492213707,257.3203788451672,259.5851309909406,3979800
2021-06-08,260.2477111816406,261.6322645378214,257.691229611389,258.68910400082564,4427000
2021-06-09,260.6927795410156,265.2410565166069,260.3565329996416,262.0773329999091,4653000
2021-06-10,266.498046875,266.67605443179747,258.8038528274987,260.168637791619,6055700
2021-06-11,268.45623779296875,268.901256713558,265.43985759761773,265.7860035454128,4494600
2021-06-14,271.8978271484375,271.93739444455446,267.6155954096497,268.90124581391285,5174200
2021-06-15,268.8913879394531,271.7000624618544,267.6947110843451,271.7000624618544,5371100
2021-06-16,265.8551940917969,272.1252666720655,262.38389618955824,268.4561926764714,6874600
2021-06-17,275.0427551269531,276.2908603941704,265.4991894585282,265.5387567556535,8071100
2021-06-18,280.254638671875,283.2215520091915,271.8285854780541,272.2637351820075,14713400
2021-06-21,279.97772216796875,281.16941905413046,273.67303145677124,280.15473374799507,7287800
2021-06-22,283.58746337890625,284.28962441034935,277.1294832928098,278.5931713883136,6049400
2021-06-23,284.9423217773437,285.3675720670174,281.6391622348785,282.78637222499816,4966700
2021-06-24,289.9761962890625,292.7453333679281,286.4455925395364,286.979615182052,7160300
2021-06-25,286.4060363769531,289.6399610063165,284.62587028971416,289.37294967468193,6616900
2021-06-28,290.4113464355469,291.01463447772755,286.5840332530457,287.6422395332467,5058600
2021-06-29,289.5311584472656,291.92445135622904,288.3147132570241,289.738833905746,4333200
2021-06-30,288.26531982421875,289.4718658267452,286.31704546393433,288.314756309001,4236000
2021-07-01,285.8126220703125,288.6806319649219,282.608365653811,287.1279402348023,5647400
2021-07-02,287.0389709472656,289.2048201351933,285.7335519939835,287.73126281026674,4169400
2021-07-06,289.4125061035156,291.2776920055713,286.3268910376829,286.8362256215517,5043500
2021-07-07,293.8529663085937,296.00791993266006,288.6905363364236,291.6475500515189,6713900
2021-07-08,291.7959289550781,292.6019428657029,286.2675837872931,288.87848213898656,5912000
2021-07-09,296.8990478515625,297.51220519210733,291.7465161359119,293.1409692076383,5543300
2021-07-12,299.62860107421875,300.1527545949367,295.26723452741186,299.0352123271216,5456000
2021-07-13,297.86822509765625,304.4251086954654,295.45513306085456,298.8571962543453,7235000
2021-07-14,297.4330444335937,301.44826449758546,296.0286922575418,299.66812867312655,4848200
2021-07-15,293.2398681640625,297.8583468926056,290.8960111851265,297.5418688565365,4943500
2021-07-16,291.38055419921875,295.4551102208353,291.19264727949354,293.9518850440357,4268900
2021-07-19,291.5981750488281,291.81475395481675,285.6247803311078,289.12574695816653,5681500
2021-07-20,294.7826232910156,296.72099819811405,288.3543111351152,292.255809371637,5424100
2021-07-21,298.4418029785156,298.50113883102887,292.9332567968507,293.22003669033006,5497100
2021-07-22,300.34063720703125,301.2109366081457,298.54070255299933,298.6900381556042,3601500
2021-07-23,305.1272888183594,306.0618738632277,300.8450567221527,302.38784940844016,4231100
2021-07-26,303.41632080078125,306.7392793842569,301.86365911444864,306.2447938352459,3805900
2021-07-27,297.1660461425781,302.96140228510865,291.63770133112234,302.1306701852068,6938400
2021-07-28,298.6495056152344,299.09452450457127,293.5068437888747,297.42316092005456,9185000
2021-07-29,280.0469665527344,285.812654927866,278.49427464411445,282.2226849176316,18237000
2021-07-30,272.4912109375,277.4063986012398,271.18576181828865,277.15420613718726,11693300
2021-08-02,268.00128173828125,273.8312859715771,267.4474603098822,273.8312859715771,10082800
2021-08-03,270.4836120605469,271.5121505168697,266.596962648054,269.0594911767166,8323000
2021-08-04,272.4615783691406,273.0480255214785,267.6848605289183,271.0483527035434,6616900
2021-08-05,277.57452392578125,277.8613038062033,272.77800819266355,274.04388995698105,7354200
2021-08-06,276.4569702148437,279.2557449504878,273.8164042847408,276.91188843802604,6086300
2021-08-09,275.0823059082031,277.9997827306887,274.39991343353364,277.1294833322115,3823000
2021-08-10,271.343994140625,277.3964924049104,269.49462302442697,275.86359928212664,6264100
2021-08-11,273.36151123046875,275.1663654180425,270.1176871601984,274.38211204328115,5785900
2021-08-12,271.5615539550781,273.7521211845638,270.0484294727719,271.2253074235657,4509100
2021-08-13,271.8780517578125,273.75709083258846,271.5813423158985,273.1241650156443,4097200
2021-08-16,275.2108764648437,276.11084378744664,270.54293166621284,270.7110700328321,5283700
2021-08-17,268.1100769042969,272.50606078000874,266.11233592429545,272.2143010197103,7966100
2021-08-18,265.8749694824219,269.7616184073319,265.51895439662894,268.0210499084541,4830900
2021-08-19,267.59576416015625,269.0100156502292,263.6626365713616,264.2431681109069,5119900
2021-08-20,269.9495544433594,270.9138073429163,266.5672900394109,266.5672900394109,4179500
2021-08-23,273.9252014160156,275.22075102558654,270.00885448322106,272.7087562076628,5507500
2021-08-24,276.42730712890625,276.4965121646664,273.45939801353546,275.85368702002825,3542600
2021-08-25,274.6273803710937,276.7437627785505,273.71751370198945,276.729939879607,4392600
2021-08-26,270.6022644042969,275.6064556975876,270.5033612592472,274.8251902680005,3626400
2021-08-27,275.26031494140625,275.8141665278686,270.6517361419059,271.007751253557,3917000
2021-08-30,285.2884826660156,287.20313522421526,276.0020299328773,276.52618338703417,14631000
2021-08-31,285.4764099121094,289.4223950615694,281.20404738849635,287.72136351129774,8911800
2021-09-01,283.58746337890625,287.69168741427484,283.2017501624076,286.90052260540966,5568300
2021-09-02,282.3809509277344,285.71377910649534,282.10404019368025,285.71377910649534,4645500
2021-09-03,285.9412536621094,287.17746768708577,281.2634089264362,281.8864656239854,5285700
2021-09-07,290.0256652832031,290.4410162307223,284.86323509702294,287.2070917010297,6787500
2021-09-08,282.084228515625,293.427727869802,280.2051593421243,293.2793580648401,11039300
2021-09-09,283.7160339355469,286.1785623160929,281.93586784733054,284.2797547058655,4170000
2021-09-10,281.18426513671875,285.8126425547179,280.97655947928126,285.4170601583167,3816600
2021-09-13,277.396484375,284.0226025831651,274.7361497955637,283.5577849753565,4836500
2021-09-14,279.127197265625,280.0469633382459,276.625101557061,278.73556856805885,4216700
2021-09-15,279.3150939941406,282.5984852127565,276.4174159823812,281.07546130371145,4056800
2021-09-16,279.84918212890625,280.561242601311,277.29764970837607,277.94047495322616,3606700
2021-09-17,273.2922668457031,279.38433236971525,272.87691589009006,279.0678543781037,8117200
2021-09-20,266.9331970214844,269.98911414225324,262.7498383437894,268.5550939544444,7728300
2021-09-21,266.5177917480469,269.29583212053603,264.8464283020774,268.7528759214499,4326100
2021-09-22,269.3363952636719,270.4539374750974,263.56080745743213,267.47712470105284,5574100
2021-09-23,276.0218200683594,276.86245147871693,270.7604869537222,271.4231108224042,5409600
2021-09-24,275.0427551269531,275.2603299896356,271.6604906573499,272.97580902197234,3985800
2021-09-27,270.37481689453125,273.7274131473063,269.1840858199228,271.7494709957452,4614900
2021-09-28,259.2983093261719,268.4462910910491,258.7939244574317,266.9183176139243,8352400
2021-09-29,256.1435241699219,261.5432981206607,254.0568095602843,260.6037936502614,6829100
2021-09-30,257.34014892578125,260.5642042124141,255.8764910850288,256.78632755128007,5321700
2021-10-01,261.731201171875,262.88831066324315,257.2412638312464,258.5714311964115,4560400
2021-10-04,252.197509765625,259.6741438090372,248.8152304817129,258.95022229008265,7267200
2021-10-05,257.28082275390625,259.8719221779925,250.7931748248804,252.40520252882783,6326600
2021-10-06,261.147705078125,261.4740824410201,253.20626838804773,253.46341053081323,4615300
2021-10-07,260.63348388671875,265.7296373744438,260.1686662058694,263.01690814971164,5276400
2021-10-08,257.1918029785156,262.54213985862265,256.9346608534641,262.0328052926168,4095900
2021-10-11,252.23709106445312,257.78521973684417,251.88106085214187,255.08531767244128,5031700
2021-10-12,253.0282592773437,255.1248731580617,250.98108187869823,253.1765989045639,4289300
2021-10-13,253.5326232910156,258.3588072132674,251.4409590181353,255.87651021090704,6024100
2021-10-14,263.5113830566406,264.460786939023,257.3303131799227,258.6159636418779,7850600
2021-10-15,265.3904113769531,266.74629298252563,262.5125017386812,265.7375231041805,5007900
2021-10-18,267.3485107421875,267.45731324369945,261.7904986843694,263.4519928621043,4367100
2021-10-19,268.7034912109375,270.2561530810558,266.8590393717201,268.0210986580485,3985900
2021-10-20,255.5105438232422,270.4934792484206,250.3085766674591,269.98909435927965,31271700
2021-10-21,240.52764892578125,256.1039274334221,240.30017472553712,255.7577815394856,42508900
2021-10-22,237.74864196777344,243.9396105961804,237.1058168009681,241.04191748018613,24170900
2021-10-25,244.1571807861328,252.70189016416367,243.1088738741604,252.1431190992631,23046700
2021-10-26,240.31997680664065,247.1241027896327,238.3519188891004,246.698837370445,14404300
2021-10-27,232.348861694336,241.99132946473944,231.3401069945536,241.16059740162484,19043900
2021-10-28,234.2180328369141,235.3157913869046,230.21269677124576,234.38615611693945,14288300
2021-10-29,230.02479553222656,236.26520105730256,229.154511184131,232.83346996888005,13010800
2021-11-01,228.729232788086,230.974201390672,227.65125792029173,230.1335699268685,14054900
2021-11-02,226.92930603027344,230.1938944283908,225.287610449222,229.97532361493413,12676700
2021-11-03,227.8391571044922,228.3534111893416,222.8250665984555,225.81176341808387,14178000
2021-11-04,225.70298767089844,229.36217775557407,222.5184994931344,229.05559912630827,14158900
2021-11-05,223.28990173339844,227.87872719782945,222.1229230371195,227.4633611318402,16665600
2021-11-08,226.8897399902344,228.4226481595493,223.7547035240939,225.44585068557703,23213900
2021-11-09,203.1544342041016,210.05744800711508,198.4667059270517,210.05744800711508,63995100
2021-11-10,202.383041381836,205.9037760151872,200.54355456783205,201.8490036379966,23585900
2021-11-11,199.8018341064453,206.01257153094275,199.33701647294453,205.62687339787848,17712100
2021-11-12,206.002670288086,207.70370168113672,199.2618342748195,201.00836352676248,20954600
2021-11-15,210.1958923339844,211.8464912313147,208.386088660947,209.8794294570789,17433100
2021-11-16,213.2913818359375,213.58807616527253,209.43440082608348,212.51998563396668,16697500
2021-11-17,203.9950714111328,211.61014580288665,201.1072776328016,208.8163054855534,23095600
2021-11-18,198.2886962890625,205.211493665738,197.0030309010084,204.7071238608748,19980100
2021-11-19,191.4747009277344,200.26665366268864,190.94066315778804,199.9600750271174,24607500
2021-11-22,187.3902282714844,191.76147845363656,182.2426322018848,191.48456776991657,29956600
2021-11-23,185.9760284423828,188.6857997451768,183.15745461857648,187.06883734171024,20004500
2021-11-24,186.6287384033203,187.5484742606167,182.70252202411743,184.9375912234353,13359100
2021-11-26,185.7188873291016,190.8714337078761,184.769483467039,186.3023917817572,11080400
2021-11-29,185.17495727539065,187.80560897634808,180.41799352927785,186.83642150757427,16308200
2021-11-30,182.85086059570312,186.74245934309943,178.50927820043177,184.413436697736,21144300
2021-12-01,177.34230041503906,188.2506501652088,177.1741620526457,185.6991029808113,19491300
2021-12-02,185.0859222412109,186.7177334951249,177.7477590089591,178.11862314523495,20422700
2021-12-03,181.9014434814453,185.72877182217547,177.31261827435765,185.6595366031424,20737500
2021-12-06,182.8211975097656,184.01785917639805,177.2236174816362,181.3871924378848,13303400
2021-12-07,188.9132843017578,190.70134291714064,186.35183740528248,186.5891959276884,17772700
2021-12-08,195.17344665527344,195.5096931972749,187.993507030824,189.83299382421583,14433200
2021-12-09,189.6352081298828,194.2537013488352,189.3286295038401,193.8976711497692,11550700
2021-12-10,186.4309234619141,192.0087194683675,184.73979145102945,190.81207297256032,11908100
2021-12-13,184.32443237304688,188.1022940034969,183.25634180938275,185.43207513958703,11812200
2021-12-14,184.7397918701172,187.05695329278265,180.7641240945356,181.71354292545823,11414200
2021-12-15,188.55723571777344,188.99238542126167,181.64432221663407,183.07832731003745,11278500
2021-12-16,186.6683044433593,193.0867326353436,186.17481484181727,192.0245725505128,12326100
2021-12-17,184.1464080810547,185.76832001343152,179.98284837530417,184.94253763023548,18899800
2021-12-20,180.6652374267578,182.3722146224988,179.66638202554765,180.5168977945737,10906800
2021-12-21,187.0540008544922,187.20234048932195,181.06083815933857,181.1597262190577,12515500
2021-12-22,189.56597900390625,189.65499787441064,185.9651438107756,187.0737826208241,9541600
2021-12-23,189.892333984375,190.827899792546,188.15175029465016,190.34726732661628,7762000
2021-12-27,189.892333984375,191.78127239223343,188.97259811205203,190.2681478283786,8351800
2021-12-28,188.00343322753903,191.8604149138324,187.02434629617085,190.07037943659105,7969400
2021-12-29,187.8748321533203,189.1604975403729,185.75843470343392,187.93416800202263,7038700
2021-12-30,189.7637634277344,191.8109255843196,186.82651830222065,187.51879499549827,9634800
2021-12-31,186.5001678466797,190.1099062480164,186.32214520543923,189.3385100138101,7360400
2022-01-03,192.7900238037109,193.838330728887,187.8550527061452,189.2989571156808,12788200
2022-01-04,189.0319366455078,193.9372399723416,186.1144749001629,193.83833682551568,14198000
2022-01-05,185.0958404541016,192.1076421494445,185.0859410848728,187.7710091736581,13227600
2022-01-06,190.14947509765625,192.84936193946848,183.0288862902992,183.47392026129003,14206300
2022-01-07,185.53097534179688,190.99503436643576,184.24530995644048,187.9242834761369,12627300
2022-01-10,180.9322662353516,183.701388433062,175.44347341480974,183.701388433062,14701600
2022-01-11,189.4077606201172,190.72309407260784,180.6059082496425,180.9718378400587,12867700
2022-01-12,185.1353912353516,189.33851850873387,183.2365684897661,187.60781904322351,13588800
2022-01-13,179.01365661621094,188.735244515904,178.36094714718655,185.70899530964888,12779900
2022-01-14,176.4522247314453,179.9927431380989,173.4655277353518,177.17416942088954,14374400
2022-01-18,172.53591918945312,177.69833488035712,172.08098580554832,175.0083471464294,12721300
2022-01-19,171.6359405517578,175.32479859665958,170.69642100773208,172.42712046428008,13715700
2022-01-20,171.36891174316406,177.89612706764183,171.13155324555527,173.0798275282357,13992500
2022-01-21,161.736328125,171.05244922832122,161.49898471734951,169.90523912300546,20051000
2022-01-24,160.38145446777344,160.65638833512034,150.40273888217203,154.38829153077998,23632200
2022-01-25,156.45523071289062,159.135349131542,153.5575525275591,158.03759056685112,13268100
2022-01-26,155.24868774414062,163.50660292765437,153.77513038056554,160.3023309516851,15966500
2022-01-27,156.3662109375,160.7572447471001,154.8135191692088,157.6736368026108,12657000
2022-01-28,161.716552734375,161.83522443318554,155.060766603401,156.62334269657688,9861700
2022-01-31,170.04368591308594,170.2612607528123,161.4198570909346,162.62640298741684,14260000
2022-02-01,173.8611297607422,174.2567121812937,168.6492476176899,170.86454840808358,23286900
2022-02-02,131.10789489746094,138.35703916857872,127.5871454027917,138.347154890994,136264000
2022-02-03,122.92911529541016,130.00025288578027,122.48407375679706,128.51679618090526,52101200
2022-02-04,124.68948364257812,125.30264092287877,120.06109838698922,123.01811999478876,33103500
2022-02-07,120.07098388671876,127.99263690008704,119.1710165713888,125.18396262087172,30384500
2022-02-08,118.93367004394533,121.96981110708634,117.2425303193864,119.68528266913756,30862700
2022-02-09,121.58411407470705,122.60472999498484,118.48862958496464,120.86216182432672,29475600
2022-02-10,117.70733642578124,123.8982975941398,117.17329867421658,120.1995478109195,30012600
2022-02-11,114.01847839355467,119.55671501386097,113.46465699509926,118.3303929693165,24624900
2022-02-14,112.86138916015624,115.34370128781129,111.7537387675854,112.36690359038816,22787000
2022-02-15,114.18659973144533,115.11623495900936,112.75259468680976,114.14209784380674,19007600
2022-02-16,109.32086181640624,113.52398881904466,109.16262282517498,113.43497750016446,28938700
2022-02-17,104.03976440429688,110.18128202979372,103.83208136335152,108.77693722943503,33972200
2022-02-18,102.5068588256836,105.56376441435404,101.89369401063482,104.83093946515332,28157400
2022-02-22,102.03214263916016,103.92108098899452,100.588245794304,101.02339547599364,28422200
2022-02-23,99.60916900634766,104.38590116341204,99.48554762057633,103.86174014973108,25263600
2022-02-24,103.86174774169922,104.09910625231078,93.45777447459643,93.69512543995684,35400600
2022-02-25,109.71646118164062,109.8746926412248,103.37715252388716,104.97928849421396,33806900
2022-02-28,110.6955337524414,112.28283566243712,107.72862049994528,109.09339787980328,25719300
2022-03-01,105.33531951904295,111.50649739525412,104.39678082532517,111.48672129212332,19597700
2022-03-02,105.43421936035156,106.04738421555189,102.54642529118512,104.44524816856158,17023500
2022-03-03,100.22232818603516,106.56163659251683,99.74762628084744,106.47263281476316,20330800
2022-03-04,98.80811309814452,101.26075737146796,97.53233938494152,99.13446784946294,20151600
2022-03-07,92.57758331298828,99.22347017140832,92.46879589067332,98.47185003866424,26529900
2022-03-08,93.85336303710938,97.5125532503453,91.23258799750748,92.01387610638508,25130900
2022-03-09,99.11468505859376,99.6190624333293,96.21699942766313,97.03784725325713,20811300
2022-03-10,97.46310424804688,98.2246086698622,95.33681488872394,97.95758979462194,14703200
2022-03-11,95.50493621826172,98.71909220552726,94.4665135735065,98.64986453222694,15141700
2022-03-14,95.8016357421875,99.5300535692538,93.58633498620424,94.98573003565876,20988900
2022-03-15,99.35203552246094,99.46082294677647,94.99067690719974,97.5867260374328,18032900
2022-03-16,106.72976684570312,106.749550494442,100.76627189839292,101.25086565897792,24840500
2022-03-17,110.92300415039062,110.94278025282846,105.29575607784923,105.38475985669572,21950800
2022-03-18,117.46009826660156,118.06337126196848,109.01429142196665,110.29994936903064,31997800
2022-03-21,113.38553619384766,116.20410227181604,111.25924685599408,115.92719157577012,19888900
2022-03-22,116.5700225830078,118.0336955393316,113.38553453457972,113.38553453457972,16746100
2022-03-23,113.38553619384766,116.06564692379308,112.8317072565052,114.25582803074212,14430600
2022-03-24,114.77009582519533,114.90855117153644,112.07020148104236,114.54262915892032,13546700
2022-03-25,112.50535583496094,114.9085559393832,110.85376834321954,114.76020876350512,12371500
2022-03-28,114.88877868652344,115.8085221738596,111.12080095384852,112.7427130644895,13868000
2022-03-29,119.84352111816406,120.20944315036502,115.67995359120556,117.3414253814747,15918400
2022-03-30,117.18318939208984,121.45554445613824,116.72826356874802,120.97589284500856,16513300
2022-03-31,114.37450408935548,117.578768196834,114.31516069524912,116.80242984171709,13928300
2022-04-01,115.38326263427734,116.93594704300872,113.77124237083366,114.72065377248616,11037800
2022-04-04,120.5160140991211,120.97093988175877,115.5909348953475,115.76894998814052,15266400
2022-04-05,116.35245513916016,121.56235282691692,115.91038643167111,121.4753259025424,12778700
2022-04-06,111.24935913085938,114.24594041599984,109.63733892220566,113.9888133574851,16288900
2022-04-07,111.79329681396484,113.07895474860744,108.88571929358318,110.29005647945084,12471300
2022-04-08,109.98347473144533,111.99108485001096,109.0340633842776,111.0218974008244,10521800
2022-04-11,108.59891510009766,110.16643340294192,107.2440295092879,108.53957924801864,10706600
2022-04-12,107.05611419677734,111.49659201707294,106.5616286808569,110.408725391098,12493600
2022-04-13,104.01010131835938,104.78149766213927,101.16186692319089,101.45855376181687,26481900
2022-04-14,101.18163299560548,104.53424449285716,100.9343902153052,103.92108722667302,16125800
2022-04-18,99.47071838378906,101.86402671516872,98.04165539818726,100.92450715676996,15342400
2022-04-19,102.5167465209961,103.70350880753728,98.8081049439916,98.89710872011943,12768100
2022-04-20,93.85336303710938,100.8256050723699,93.38854539237514,100.8256050723699,26487000
2022-04-21,88.41402435302734,96.53347677588636,87.83052743757335,95.07474580512827,27204100
2022-04-22,85.0811767578125,89.25463572411938,85.0317327333149,88.31016657678805,21053000
2022-04-25,86.8118896484375,86.9602368356417,83.48894585416944,84.38396357179124,15683400
2022-04-26,82.77687072753906,85.90696488750847,82.64830721220503,85.81301143408166,17205300
2022-04-27,81.69889831542969,85.64984034123049,81.21430461792197,82.64830960953164,24669800
2022-04-28,91.07434844970705,92.15233091333803,83.43949760462067,84.12188255886775,42836600
2022-04-29,86.96023559570312,93.46766772879494,86.78222048264662,89.99637679681872,24872400
2022-05-02,90.52052307128906,91.46993441656792,85.86247012167847,86.58442234056534,21340500
2022-05-03,89.7095718383789,91.23258831017952,89.0469629807533,90.47108384690472,15227600
2022-05-04,91.69740295410156,91.82596648271088,86.15916622132231,89.25464309376882,15850600
2022-05-05,84.48780059814453,89.72935039806116,83.24169491092933,89.72935039806116,22066500
2022-05-06,80.77915954589844,84.42846531016669,80.00776329708579,84.37901373719123,21369300
2022-05-09,78.65287017822266,81.23408534635998,77.98036953010161,79.00890037694853,25513700
2022-05-10,77.88147735595703,81.36265245246523,75.29037025017324,80.80883102796986,21126300
2022-05-11,74.34095001220703,79.50337996118458,74.1926028496588,76.89249706323618,16770200
2022-05-12,73.47066497802734,75.71562608731062,71.0387853704253,72.93661967093884,29361000
2022-05-13,77.9605941772461,78.31662437939335,75.52772615940701,75.52772615940701,17111400
2022-05-16,76.79360961914062,78.18805498646948,75.34773582155754,77.72323734894289,15432300
2022-05-17,78.87044525146484,80.38851951219456,76.4573533521749,79.00890060189124,12677400
2022-05-18,76.32878875732422,79.05637421305761,75.92330699014188,77.73312588928385,15955300
2022-05-19,80.38357543945312,81.40221453666783,75.98265675384071,75.98265675384071,19779300
2022-05-20,79.6517333984375,82.84610583006773,76.70459619686389,82.7867699784742,16887400
2022-05-23,80.28467559814453,81.15496746501233,78.40562896636666,79.55283908406818,12309200
2022-05-24,77.78258514404297,79.11769473362259,76.34857239984525,79.00890729974374,13309600
2022-05-25,79.23636627197266,79.88908326639978,76.39801653365537,77.10018510057346,14075400
2022-05-26,79.53305053710938,80.40334989561715,78.87143016804404,79.48360651144439,21681900
2022-05-27,84.27022552490234,84.47790854800613,79.84952355315589,80.26489714461407,16874100
2022-05-31,84.27022552490234,85.63698731131706,82.22305567402151,83.77079784162305,15500000
2022-06-01,81.57034301757812,85.81302257202243,80.94728636987922,84.52736461606237,11019100
2022-06-02,87.3459243774414,87.63272689243875,81.31320237490371,81.31320237490371,17299800
2022-06-03,85.57567596435547,87.12836043267606,84.75482806482734,85.72402315208066,11808300
2022-06-06,85.85257720947266,88.0085344699305,85.44710298940404,86.98989546276358,12472000
2022-06-07,87.61295318603516,87.84041987727188,83.587840786552,84.16144588162608,10423800
2022-06-08,86.54486083984375,88.33489607016058,85.93169605738002,87.3459249956871,9129600
2022-06-09,83.18236541748047,87.1580261868782,83.14280566539054,85.85258454891539,11771500
2022-06-10,78.4254150390625,80.56158879479145,77.38699231576648,79.54294971979213,19125000
2022-06-13,72.90694427490234,77.26830251806238,72.64980969889007,75.19146490011713,19674400
2022-06-14,71.66084289550781,74.2519498176834,70.66692968549461,73.48055358958354,19289300
2022-06-15,74.99368286132812,76.24967288091518,71.59161974773653,72.65971038273635,17165600
2022-06-16,70.44441986083984,73.24815222641256,69.93015062635575,72.52125781179171,14404300
2022-06-17,72.09600067138672,72.84762088232013,69.69280039749879,70.54331621757443,17231100
2022-06-21,71.57184600830078,74.17283745890253,71.48283467981948,73.68824370017471,14934800
2022-06-22,72.16522216796875,73.75251655359136,70.59176577209388,71.07735547012835,13575700
2022-06-23,72.99595642089844,73.1838633493839,70.77077138662662,72.4619111072431,16986800
2022-06-24,76.82327270507812,77.79246766962275,73.56955699266105,73.96514692809254,29843800
2022-06-27,75.10246276855469,77.58477463237601,74.48929801092243,77.1298488619715,11657200
2022-06-28,71.02790832519531,76.07165972616635,70.82220214307313,74.84533760189032,14995000
2022-06-29,70.68177032470703,71.35427101828813,69.00051481812868,70.42661256511327,11344500
2022-06-30,69.06974029541016,70.1081630029863,66.83467096778587,70.03893532549795,14264700
2022-07-01,70.61254119873047,70.90922801481379,68.89173352064384,69.06974108314321,9727300
2022-07-05,73.57945251464844,73.66351415405,68.00165602590863,69.40599319929507,12823700
2022-07-06,72.43224334716797,74.56842460669904,71.82897035509211,74.00471136519793,9436600
2022-07-07,74.21240234375,74.32118978316726,71.96743341605048,72.37291524392417,10739800
2022-07-08,72.62015533447266,73.9354888380123,71.03780292751777,72.31357667772711,11734500
2022-07-11,69.69280242919922,72.47180911694242,69.2972124358466,71.85865179523485,10854700
2022-07-12,70.6422119140625,71.71030260272252,69.68290865916885,69.68290865916885,12294900
2022-07-13,70.57298278808594,71.27515140831402,67.75441648287429,68.45658510310237,12037000
2022-07-14,68.78294372558594,70.06860164156605,67.95220406957117,69.74223936437271,9822500
2022-07-15,73.09485626220703,73.18386003783007,69.47521848185895,69.7521291774647,14155300
2022-07-18,73.31243133544922,75.71563162033937,72.7981696384044,74.28953384151032,14053100
2022-07-19,76.88260650634766,77.04084549440483,73.50032736175312,74.62775374328463,11531800
2022-07-20,79.35504150390625,79.42426918132304,76.00242997068442,76.03209789739863,13929300
2022-07-21,81.83735656738281,83.20213393644596,78.84077541330362,78.91000308683762,17900400
2022-07-22,80.15611267089844,83.57795185675373,79.46382835649364,81.7384649612866,12379700
2022-07-25,80.7494888305664,81.37253788417895,78.1682737516352,79.95830896179615,11219000
2022-07-26,76.1903305053711,79.33525874238117,75.86396824840536,79.1473518286281,13245400
2022-07-27,85.46688079833984,86.06026195031168,80.46268943820132,82.18349704249488,30554900
2022-07-28,84.91305541992188,85.54599629175529,82.43073595820778,84.59658498400516,12476500
2022-07-29,85.57567596435547,86.65365848625716,83.88453613289175,85.56578413977343,12115700
2022-08-01,87.58821868896484,88.22610166157499,84.32955352224354,86.08992823340972,11710200
2022-08-02,88.64147186279297,89.6700026528849,85.95147696399513,86.14926815448386,19673900
2022-08-03,96.84004974365234,100.8226368452103,96.19721701002668,100.02453794032805,53766800
2022-08-04,95.9104232788086,97.3246522931493,93.42810363575234,96.8202749053807,20145900
2022-08-05,94.26872253417967,95.92030241799122,93.3687627797751,94.18960303734728,12281500
2022-08-08,95.19835662841795,97.84879937882764,94.26872141480212,95.2873604023597,19557500
2022-08-09,93.43798828125,94.72364612126472,92.57758075001104,94.39728386335509,12357200
2022-08-10,97.81912994384766,97.90813371641516,95.29725075426413,97.00816644134213,17077200
2022-08-11,98.01692199707033,100.82559617534406,97.46310062000232,100.00475593297556,16441200
2022-08-12,99.98497772216795,100.65747837884672,98.90700283387818,99.43906373780798,12320900
2022-08-15,100.39046478271484,101.0926334024126,99.36193386864667,99.60917665918466,10125600
2022-08-16,100.95417022705078,101.89368974025324,99.05534755359383,101.43876394631567,14123800
2022-08-17,98.32351684570312,99.886093183594,97.927926848797,98.94657354303708,10651100
2022-08-18,98.75865936279295,99.52016382622482,96.08844028345932,97.66287764156156,11268500
2022-08-19,95.49504852294922,97.3444272257038,94.84233151008048,96.81038191776533,11274700
2022-08-22,92.54792022705078,94.24400209457768,92.1028786910598,93.01273786574647,12384400
2022-08-23,92.17210388183594,94.23905741288634,91.36114787830316,92.0039806050031,11397500
2022-08-24,92.7259292602539,94.71375567032123,91.99408523883814,92.09298838163788,8957700
2022-08-25,95.65328216552734,95.69284191337192,92.91382810298224,93.1017350189313,8169100
2022-08-26,91.6776123046875,96.38017442447672,91.60838463376186,95.82634551182132,12286500
2022-08-29,91.6380615234375,92.93361119023572,89.94691438057448,90.02109173680552,11062900
2022-08-30,90.78754425048828,93.47753913417849,89.74912164312884,92.25121716048514,8773000
2022-08-31,92.40946197509766,95.31703187759148,92.20177894958027,94.38245449013796,14585800
2022-09-01,91.6380615234375,91.83585271621956,88.80366559217353,91.23455662500162,10452100
2022-09-02,90.12493896484376,93.03251658554088,89.61067728229415,92.67648636483302,8673500
2022-09-06,90.6045913696289,91.19006513762103,88.82048653894633,90.15461522294744,9198900
2022-09-07,93.9225845336914,94.5011317091919,90.74798827709232,90.86665997755362,9529700
2022-09-08,95.10934448242188,95.3140622150087,92.34023005749566,92.56768917464746,10113300
2022-09-09,95.16869354248048,96.19721686038056,94.60498030977044,95.139018071074,12020100
2022-09-12,96.57302856445312,98.20483237397858,95.78184867339516,96.20710654441994,11236300
2022-09-13,93.96215057373048,96.28623125480226,92.76549639403396,93.15119453685963,15105400
2022-09-14,96.58292388916016,96.76588113318364,94.47641055958884,95.6928483657674,15117200
2022-09-15,95.3368148803711,97.88836211133508,93.97202994298306,94.05114944128827,15043100
2022-09-16,92.9632797241211,93.90279921387108,90.83699043414695,93.8533551879766,17490500
2022-09-19,93.98192596435548,94.0956555324674,91.6083937259374,91.9743157630053,10977500
2022-09-20,90.61942291259766,92.47869348620864,89.39804295012483,91.1139084829834,15905800
2022-09-21,90.17438507080078,94.5851952650603,90.12493349777124,92.0435398435066,14457900
2022-09-22,86.69320678710938,90.490852037795,86.1393778624466,89.85296902366827,12996900
2022-09-23,86.01081848144531,86.66353548928177,84.73504484652545,85.96136690793843,12175900
2022-09-26,83.33071899414062,88.09756008051814,83.20214790367234,86.1047836307777,16936400
2022-09-27,84.80427551269531,86.72782408403037,83.64718108623948,84.40868554644304,11627600
2022-09-28,90.11505126953124,90.639204756466,84.61636670552954,84.8833931335629,14925900
2022-09-29,87.72174072265625,89.56122772264396,86.74266136629224,88.68104397531398,10772500
2022-09-30,85.12074279785156,88.53269009570144,85.0317390200254,86.98000576097762,10641900
2022-10-03,86.218505859375,87.08879776215613,84.50264029656272,86.56464425563732,10416300
2022-10-04,91.76663208007812,91.97431511199768,88.51291615616982,88.56236773078201,11239500
2022-10-05,92.79515075683594,93.56654692972876,89.98646919282241,90.01613711558753,9803500
2022-10-06,93.37865447998048,94.51597281528008,92.19189211416852,92.19189211416852,8652300
2022-10-07,89.1755142211914,91.79628890851508,88.69586267739679,91.16334806530672,9229600
2022-10-10,83.58782958984375,86.88110498789597,83.30597676492053,86.41628738846964,20930500
2022-10-11,82.1736068725586,83.88453023284812,78.93967462481592,83.16257799416503,16098600
2022-10-12,82.88566589355469,84.23066719994205,81.41210105981072,82.61864701512151,11069300
2022-10-13,83.1131362915039,83.84992251401306,78.47485918686785,78.47683604265026,15397900
2022-10-14,79.58250427246094,84.57680371547792,79.40448917567466,83.3307055832245,11757000
2022-10-17,83.7262954711914,83.89441874436636,81.71867783558554,81.79285519392782,19583300
2022-10-18,84.3493423461914,86.78221024067076,83.68178386470147,86.45387112544465,9921600
2022-10-19,83.53839111328125,84.81416475434284,82.3882157170409,83.42960368724299,8590100
2022-10-20,83.844970703125,86.63386897158189,83.0735744334828,83.74607509975436,10581900
2022-10-21,83.01423645019531,84.19110692703147,81.44176847952667,82.70171971174314,14423800
2022-10-24,82.40107727050781,83.66695915607328,79.9682091069521,83.61751512491128,13299000
2022-10-25,88.25577545166016,88.69092513337814,85.01195157585447,85.2196345934243,18001400
2022-10-26,87.57339477539062,90.33261753142358,86.9503381473664,87.12835324890892,12101100
2022-10-27,86.3866195678711,88.720591845693,86.13937680577344,87.57338935309002,10785800
2022-10-28,85.29875183105469,86.4548577042121,83.26147391194667,85.140512843619,16005700
2022-10-31,82.65821075439453,85.29876192127101,81.56045217126592,84.56692538093563,17709500
2022-11-01,82.19338989257812,85.18997116091907,82.13899617949517,84.06254469451854,10269700
2022-11-02,78.5737533569336,83.2911498781698,78.51441750354098,82.19339131890105,13037400
2022-11-03,75.70573425292969,77.85179954565662,74.45962866075757,77.28808636864424,26962900
2022-11-04,74.35084533691406,74.47940885971093,70.38309237832003,74.172830242522,41464900
2022-11-07,76.80350494384766,77.31776663407753,75.28048843146314,75.68596268900475,18061500
2022-11-08,80.23522186279297,82.31206718921996,77.18919663818461,77.28809223819289,19481300
2022-11-09,77.81224060058594,79.36492480905908,77.2287437719176,79.13745815324766,14327600
2022-11-10,85.84269714355469,85.94159274755225,82.1933912576121,83.18236238808969,20122100
2022-11-11,90.02603912353516,90.98534230947298,85.50644144323331,85.56577729547664,19916700
2022-11-14,88.52281188964844,90.36229887674725,87.93931497350894,89.16564466174232,10944100
2022-11-15,88.86894989013672,91.59851243048108,88.2953448009971,91.46994134949216,14515700
2022-11-16,86.0800552368164,88.7206065631895,84.5372625598796,88.63160277579001,17049800
2022-11-17,84.69548797607422,86.37673589895327,82.58898216043151,83.68179104672758,11250100
2022-11-18,83.98342895507812,86.31740149237244,83.49883520016355,85.90203541673137,9371700
2022-11-21,79.74073791503906,83.85980349527365,79.68140206289547,83.33070787474153,13839700
2022-11-22,79.0286865234375,79.27592930563534,75.2112573626828,79.256145657719,17402600
2022-11-23,79.85941314697266,80.09676408885701,77.86663706339579,78.64297542247083,8851700
2022-11-25,79.19680786132812,79.85941669050058,78.5401295992345,79.71106951577148,4634500
2022-11-28,79.0484619140625,82.0054834498426,78.76165938386632,79.0484619140625,11282600
2022-11-29,76.7837142944336,79.85941496674178,76.40790799911561,78.35618224021924,15491100
2022-11-30,77.54522705078125,78.23750379802141,74.4893024488196,76.84305093468681,25747300
2022-12-01,77.66390228271484,79.8554657054391,77.27820414240162,78.23750735378358,15189000
2022-12-02,73.83658599853516,76.21011060396806,73.69812310280922,75.97275965247492,24238400
2022-12-05,72.80805206298828,74.65742311392923,72.0218143368753,73.19375017228882,18317200
2022-12-06,71.43338012695312,73.02561652824619,70.56308079999779,72.57069076426959,14692600
2022-12-07,73.59922790527344,74.50907951202738,70.22684035699497,70.88944918722333,24695600
2022-12-08,73.40143585205078,75.02334784365425,72.97617797954192,74.26183587543454,13151100
2022-12-09,72.75860595703125,73.76735319283672,72.53113927651822,73.13441227130173,11781600
2022-12-12,72.98606872558594,73.24814545817841,71.99709764553872,72.32840205192447,13652800
2022-12-13,72.88716888427734,76.95184081108293,72.29378771840993,76.19033636484907,20069600
2022-12-14,71.82896423339844,73.51516167484117,70.8004334418652,72.88716294902154,18298800
2022-12-15,69.0005111694336,70.86967351288258,68.67415643684005,70.50375148512524,17639900
2022-12-16,68.49613952636719,70.07849175485555,67.69506781596793,68.63459487478175,25735200
2022-12-19,68.18955993652344,68.8323927134563,67.00279753699454,68.2983473700929,15330000
2022-12-20,68.00164794921875,69.3565333877991,67.37859139138989,67.63078382489202,9470900
2022-12-21,68.44668579101562,69.41588074454111,67.3192593922668,68.05109586008174,13861600
2022-12-22,67.8137435913086,68.05900949458841,65.65284429357538,67.7840756674885,16488200
2022-12-23,68.26866912841797,68.48624396268748,66.96322766805112,67.29948174244495,9990400
2022-12-27,67.5763931274414,68.47635285235397,66.9335604409323,68.19944216776548,10323800
2022-12-28,66.80500030517578,68.70382299159446,66.54984256416766,67.3687135259954,8897600
2022-12-29,69.78179931640625,69.95981441855018,67.46761053378602,67.63573381213006,13143000
2022-12-30,70.43452453613281,70.47408428645419,68.29834329028422,68.71371689603315,10175700
2023-01-03,73.7574691772461,74.42996985193281,72.57069928619549,72.877285469307,27974200
2023-01-04,76.83316802978516,77.6144561129227,74.59809120620505,75.27059186351009,19144700
2023-01-05,75.42882537841797,76.4672480914606,74.81566810179366,76.44747198861025,11113800
2023-01-06,75.63652038574219,76.21011794499888,73.13441692199153,75.92331539274481,14167900
2023-01-09,76.22989654541016,77.89631048572639,75.68595940556611,76.15077704411449,12966100
2023-01-10,77.06063079833984,77.15952640506117,75.65629356524396,76.05188353738043,10436000
2023-01-11,77.67379760742188,78.31663038533252,76.96173714852092,77.80236114490347,10640400
2023-01-12,78.90011596679688,79.41438518249214,76.24967302238946,78.1386115125282,9381900
2023-01-13,78.60342407226562,78.92879036361347,77.16941149163125,77.65895488824874,8624700
2023-01-17,79.29570007324219,79.77535164205484,78.01003467421334,79.25614032532202,11261800
2023-01-18,76.45735168457031,79.85941460999,76.27044073819673,78.9198951032668,13601900
2023-01-19,75.90353393554688,76.56614277923802,75.1222458404219,75.4199286242492,10023400
2023-01-20,78.21772003173828,78.22761185532684,75.06290737954585,76.16264275077354,12193200
2023-01-23,78.62320709228516,78.84078195437192,75.8145326241681,76.97162706862825,17407300
2023-01-24,78.70231628417969,79.50338040304204,77.24852766457751,78.50451755126603,9491300
2023-01-25,78.22761535644531,78.67265689484081,76.44747183861622,77.6935700375213,9463400
2023-01-26,79.91874694824219,80.00775826494944,77.68960840770444,79.19680231781213,10566000
2023-01-27,80.92750549316406,81.62473191719815,79.43415704589438,79.67150799302811,10889100
2023-01-30,78.76166534423828,80.46269700640462,78.65782759413301,79.97810323366004,10301000
2023-01-31,80.59126281738281,81.5604579354461,78.73199963517665,78.82100342349028,15730300
2023-02-01,81.99560546875,82.67799046310809,78.70232957574507,80.44291344784106,13221600
2023-02-02,86.00092315673828,87.64756089017558,83.7164024044336,85.76357221311908,16906600
2023-02-03,84.5768051147461,86.87121776392301,84.26033466469586,84.44824158809311,14786900
2023-02-06,81.42198944091797,82.87577811100493,81.22914038541155,82.41096050407911,14175900
2023-02-07,82.31206512451172,82.7472072626832,79.9316065176927,81.15496324316256,13520800
2023-02-08,78.84077453613281,81.69890031134494,78.74187893864892,81.44176572168647,13569300
2023-02-09,77.55510711669922,80.89783405959906,77.2336945469205,80.82860638863518,25473900
2023-02-10,79.90887451171875,81.93626090736396,77.7331333844942,78.49464541986075,37521000
2023-02-13,78.5737533569336,79.81985909493478,77.5748979469871,79.76052324154219,15898500
2023-02-14,76.40790557861328,78.49760038501861,75.45849427426717,78.12871309616246,18802000
2023-02-15,77.05075073242188,77.92104268250813,75.21126367486896,75.68596563118817,14494600
2023-02-16,75.88375854492188,77.85180899184724,75.69585161470128,76.02221390026833,11461800
2023-02-17,73.83658599853516,75.48816592581161,72.77837967736622,75.35959485376269,15855700
2023-02-21,74.4101791381836,74.73654139312634,72.86936358166027,72.89705465013115,14537400
2023-02-22,74.64754486083984,75.43871724456291,74.05910582613741,74.52886560791843,9526700
2023-02-23,74.3607406616211,75.43871555684954,72.81398687772865,75.05301742504754,9292000
2023-02-24,72.73883056640625,73.21353248957944,72.1751173168562,72.689378991169,12317700
2023-02-27,72.95639038085938,73.74262809291137,72.6498117726034,73.50032747155569,8579300
2023-02-28,72.78827667236328,73.52011322619084,72.32345901477981,72.7190489922073,8607400
2023-03-01,73.00584411621094,73.40143405342695,72.44213090788452,72.81793719835197,7699600
2023-03-02,73.28276062011719,73.54978705564504,71.7993038968547,71.82304125673518,7729100
2023-03-03,75.4486083984375,75.47827632509157,73.27286738571064,73.34210260823805,10040000
2023-03-06,75.9332046508789,76.9023997100569,75.5178385734817,76.09144365860232,9608600
2023-03-07,74.08383178710938,76.52658416714031,73.9651525339101,75.69585203049841,9680400
2023-03-08,75.0035629272461,75.35959311891503,73.529998133825,74.33106983770537,9467900
2023-03-09,75.09257507324219,78.39079274890952,74.88983418918116,76.11121408745046,17398200
2023-03-10,72.62015533447266,75.10247515287618,72.29379302843624,75.10247515287618,13123800
2023-03-13,71.80919647216797,73.154197852282,70.30200237325909,71.82106515223236,14049000
2023-03-14,72.43224334716797,73.84647236289892,71.87347979027054,73.25803333413224,12491500
2023-03-15,73.09485626220703,73.1245241874147,70.978451205969,71.31470529724066,10548700
2023-03-16,73.5300064086914,73.6832957357787,71.72018732157731,72.62509686513437,11641700
2023-03-17,72.18499755859375,74.23711709215421,71.67864333567728,73.13440889709317,27210400
2023-03-20,72.40258026123047,73.32232377414549,71.22570212501356,72.19489721576598,16888500
2023-03-21,75.87386322021484,75.99253492203596,73.25308832307319,73.32231599755237,12327600
2023-03-22,73.52011108398438,76.2645075124364,73.42121547882189,76.01232258748443,11641300
2023-03-23,71.7597427368164,73.68824096635159,70.91911878585279,72.14544087367327,18567600
2023-03-24,73.06517791748047,73.08496156367437,70.74109747621432,71.12679557924253,9176200
2023-03-27,72.49158477783203,74.34095590918123,72.37290552932939,73.98987539339333,11908900
2023-03-28,71.898193359375,72.77837700301704,71.0674612870501,72.29378329416085,9252400
2023-03-29,73.36187744140625,73.48055669121975,72.19489122661801,72.40257425485353,8746700
2023-03-30,73.5695571899414,74.3508452395698,73.08496347899485,74.10360247241842,8429800
2023-03-31,75.10246276855469,75.19146653993265,73.30253578771503,73.68823388751994,8378600
2023-04-03,74.45964050292969,75.08268962548138,73.88109327229213,74.79094494037591,8911700
2023-04-04,74.42996215820312,74.85522000478565,73.90580871723517,74.62775334697398,8949100
2023-04-05,72.79817199707031,74.28162882481348,72.30862852762448,74.28162882481348,10812700
2023-04-06,74.13327026367188,74.17283001177488,71.48282750277443,72.46190674625973,10524500
2023-04-10,73.6981201171875,74.02943206231419,72.64981320741477,73.63878426803068,7591800
2023-04-11,72.76849365234375,75.59695153602146,72.40257163758457,75.19146977275449,14190900
2023-04-12,72.68938446044922,74.86511812007632,72.54103726882656,73.12453421047528,10422300
2023-04-13,74.68709564208984,74.72665539230914,72.74871315284939,72.89706032985903,8724100
2023-04-14,75.68595886230469,75.8886997534505,74.32118142837977,74.37062545739646,8902700
2023-04-17,76.47713470458984,77.09029193943547,75.70573847671923,75.98759130832559,9717600
2023-04-18,75.57717895507812,77.08041943747513,75.36949590394136,76.8529527365625,7558900
2023-04-19,74.48930358886719,75.10246839241476,73.28275762928206,74.46952748660793,8888300
2023-04-20,72.76849365234375,74.14316284567481,72.65970623025996,73.57944963362719,8847600
2023-04-21,73.36187744140625,73.4212132936876,72.11577172674235,72.59048118074553,8591100
2023-04-24,73.47066497802734,74.0472353186816,72.57069764240113,73.5893442280195,7458400
2023-04-25,70.98833465576172,73.47065389041734,70.96855855637288,73.08495581771284,10255800
2023-04-26,71.26526641845703,71.96249296602608,70.24662723022237,70.42464235842614,9068800
2023-04-27,73.45088195800781,73.54978510647176,72.15533220183947,72.19489195217488,11420100
2023-04-28,75.16180419921875,75.21125577271327,73.10474248395889,73.42121293667189,10718900
2023-05-01,74.2816162109375,75.65628536759135,74.14316086747958,75.19146776658962,6857900
2023-05-02,71.48282623291016,74.23216454259895,71.13668787472098,73.99481360344785,12767000
2023-05-03,70.6422119140625,72.18500454529274,70.56309240855035,71.611406993458,11865700
2023-05-04,71.01801300048828,72.24434260957018,70.96361928762376,70.97845325065492,10230500
2023-05-05,74.1431655883789,74.25195301448697,72.1355554351587,72.15533153751889,11954200
2023-05-08,74.68709564208984,75.5376114086776,74.08877233999374,74.8750025693188,22864000
2023-05-09,65.17814636230469,68.91151418764407,65.12375264396591,68.76316699715183,68702600
2023-05-10,62.68099212646485,65.85558481879602,62.08760717683592,65.76658103760847,46309100
2023-05-11,63.47216796875,63.66501703894141,61.949151510077634,62.7502194903827,27903300
2023-05-12,61.00962448120117,63.472164126890966,60.63381818762021,63.39304462974217,28711100
2023-05-15,61.563453674316406,62.03717094253006,60.90084481912377,61.068968102635154,20633500
2023-05-16,60.12944412231445,61.2914844488796,60.07999632019741,61.11841525515721,17517500
2023-05-17,60.78216171264648,61.039296306291256,59.73385478161477,60.47558309211846,19938700
2023-05-18,60.59425735473633,60.975009553232006,59.79318943725329,60.78216049816436,19820500
2023-05-19,60.24811553955078,61.266758303079776,60.03845566547117,61.21731050429687,19398000
2023-05-22,62.3348503112793,62.45352956544407,59.9811016930611,60.27779228322195,20220600
2023-05-23,61.31621170043945,62.601873449310645,61.15797646631109,62.33485078435173,16815500
2023-05-24,61.11841583251953,61.528839761956505,60.55470258328401,60.97007242476706,14790300
2023-05-25,58.71521759033203,61.05908199085023,58.6608238739091,61.05908199085023,24461300
2023-05-26,59.55583953857422,59.93856859938011,58.299845816500266,58.84377915500467,20632500
2023-05-30,61.36565780639648,61.50411316085101,58.89322998363575,60.36679862595635,21356700
2023-05-31,61.30632019042969,62.51780827969914,60.49536041706574,61.15797301627919,27790800
2023-06-01,62.3546257019043,62.90845086362752,61.14808355235143,61.72168481572078,16686200
2023-06-02,63.25459289550781,63.68479292479561,62.86098356079753,63.03702181117134,16438700
2023-06-05,63.798526763916016,64.26334438079935,62.80460976781188,63.36337707232301,13498300
2023-06-06,64.30289459228516,64.45619144362043,63.52161409967491,63.71940529231668,13039200
2023-06-07,63.33370971679688,64.59959150890951,62.84911222115201,64.53036383419244,15511900
2023-06-08,63.5315055847168,63.98148927606138,63.27932065370285,63.49194583265067,13568500
2023-06-09,62.78977966308594,63.35348914136394,61.74146889112253,63.29415328713758,17151700
2023-06-12,63.027130126953125,63.55128739510363,62.423857129584455,62.898562822769925,15945400
2023-06-13,62.859004974365234,63.53150185690152,62.43374709617109,62.849113150616326,19963400
2023-06-14,62.898563385009766,64.38202010420929,62.329907994083705,63.432608709351726,24028100
2023-06-15,65.12374877929688,65.47977899724961,61.93926423870688,62.42385798998935,21527700
2023-06-16,65.69734954833984,66.40940993753841,64.50069543964526,65.22264010712394,29703700
2023-06-20,68.13021850585938,68.4367971325163,66.04348888030577,66.38962725641049,31379200
2023-06-21,67.43794250488281,68.25878279300335,66.47863931952728,68.18461297774422,23910600
2023-06-22,67.8137435913086,67.88791340085885,66.32039521527832,66.77532098610374,16872500
2023-06-23,66.20172882080078,67.40827478776173,65.12374638243783,66.67148859115012,27683800
2023-06-26,65.70724487304688,66.83467136760208,65.67757694612453,66.13250276451953,12224400
2023-06-27,65.49955749511719,66.3599574998037,65.05451598504611,66.1324983783178,16371200
2023-06-28,65.30176544189453,65.74680699754916,64.89629118389944,65.3215490907243,15390600
2023-06-29,65.13363647460938,66.59730945985307,64.89628552610377,65.56878616791185,14894200
2023-06-30,65.9940414428711,66.23633452100104,65.02484649460037,65.36109302965839,16907100
2023-07-03,67.34893035888672,67.87308383431925,66.10282466099478,66.37974290683242,8617900
2023-07-05,68.09066772460938,68.14011930424503,66.26107245686566,67.28960344222334,13980600
2023-07-06,65.4105453491211,67.10168495743746,64.90616799550908,66.96322961256362,17447500
2023-07-07,66.05338287353516,66.91379047547083,65.25231867034567,65.46000170282996,12341800
2023-07-10,68.51591491699219,68.59503441390801,65.95448345265929,66.06327087460592,14872000
2023-07-11,69.84114074707031,69.94992817005294,68.64448663951194,68.87194576374792,14799000
2023-07-12,69.81146240234375,71.07735167718359,69.50488379306043,70.92900451147382,14458500
2023-07-13,71.59161376953125,71.93280998932465,70.21694461242907,70.58286661754452,14536300
2023-07-14,71.30481719970703,72.17511662594512,71.12680209390842,71.85864616510881,12202200
2023-07-17,72.67948913574219,72.96629168033466,71.16636445360871,71.72018589406247,13168800
2023-07-18,73.5497817993164,73.58934154787302,72.45202329893478,72.66959814337085,11903000
2023-07-19,73.40143585205078,74.21239184785252,73.08496540357329,73.6486786257129,12167200
2023-07-20,72.21466064453125,73.85635616136184,71.99709335788813,72.0168694584011,14221100
2023-07-21,72.18499755859375,72.80805417263286,71.03779502070927,71.92787050844328,25515000
2023-07-24,72.87728118896484,73.15419188370407,72.20972269287877,72.23444847889132,8845400
2023-07-25,72.15532684326172,73.48055197270261,72.13555074218812,72.86738720591649,8536000
2023-07-26,72.62015533447266,72.94651764050907,71.61140803292999,72.08610998239074,11332500
2023-07-27,71.23558044433594,74.22721925029025,71.0180056155029,73.51021677909046,11836600
2023-07-28,73.1640853881836,73.37176841400976,72.15533063959856,72.23445013855634,10182300
2023-07-31,74.9837875366211,75.69584792671097,73.91569695148627,74.07393594717318,15661100
2023-08-01,74.69699096679688,75.43871934135701,73.7376877284589,75.34971555813038,14608700
2023-08-02,72.39268493652344,74.16294419494231,71.7004081517791,73.55967119170036,24567800
2023-08-03,63.47216796875,66.19183859953974,63.393048466812246,65.96437191778142,51260800
2023-08-04,62.05793380737305,64.25345076046757,61.96793783356716,64.08532749169017,25279500
2023-08-07,63.709510803222656,64.03587304815045,61.5139977212425,62.32495364954036,23738000
2023-08-08,62.49308395385742,63.28426387098614,61.80080718530796,63.0666890165132,17683700
2023-08-09,61.33598709106445,62.69087642000088,61.24697954258686,62.40407390017027,13788700
2023-08-10,62.09749603271485,62.3546268577588,61.39038154806228,61.90958910996605,13119100
2023-08-11,60.86128616333008,61.8106975726153,60.7920584838588,61.58323465826315,12419300
2023-08-14,62.57220458984375,62.740327873077256,60.99974032359125,61.46455796744357,22668000
2023-08-15,58.81411361694336,62.07771755305256,58.74488594046721,62.06782572919858,32003500
2023-08-16,59.02179336547852,59.521224808830205,58.60642355708571,58.7844386503076,16592700
2023-08-17,57.953704833984375,58.54214384453687,57.50867085798285,58.359182833261,20616700
2023-08-18,58.76466369628906,59.14047378817986,56.6581578711754,56.7570534767451,19035900
2023-08-21,58.85366821289063,59.10981438246476,58.10205184052578,58.8042204126578,14133700
2023-08-22,60.30745697021485,60.63876138188351,58.95256762528044,59.25914625050354,17340200
2023-08-23,61.07885360717773,61.68212658309299,60.25800955418061,60.60414793087361,13105400
2023-08-24,60.040435791015625,61.23708994081035,59.95241666717072,61.00962703592069,12846900
2023-08-25,60.51514434814453,60.92062237569316,59.41738952182431,60.31735313285299,11150100
2023-08-28,60.989845275878906,61.276647797251165,60.35690438224725,60.91072955048761,10459300
2023-08-29,61.810691833496094,62.04804655009182,60.85138868900016,60.95028805950889,11627600
2023-08-30,62.72054290771485,62.76999447888862,61.43488128232586,61.69201587097878,12041000
2023-08-31,61.82058334350586,62.71065886476392,61.76124749050562,62.02827014688304,13840200
2023-09-01,62.86889266967773,62.94801216871974,62.04112584902151,62.43374674282279,11715200
2023-09-05,63.03702163696289,63.47216757705875,62.33979517778464,62.680991425691055,12739100
2023-09-06,62.107383728027344,63.13591456756338,61.98870825350406,62.423854175173005,13621300
2023-09-07,60.97006988525391,61.40521581154559,60.4459126363425,61.31620826155123,12712700
2023-09-08,60.30745697021485,61.12830479060324,59.64484814687752,60.900841891280336,15367400
2023-09-11,61.24698257446289,61.573341086619415,60.59426177752436,61.049187593318536,12280100
2023-09-12,62.117279052734375,62.98757094512476,61.078856331094414,61.19753558493217,12224300
2023-09-13,62.14694595336914,62.62165164300264,61.47939119521659,62.117278026712505,9426600
2023-09-14,63.72929382324219,63.887525260131234,62.61175553394784,63.18535675370181,14564700
2023-09-15,63.50182723999024,65.00506739090316,63.205136693415305,63.9468687187901,21843500
2023-09-18,62.24584197998047,62.81450113805533,62.05793882217007,62.65131999508485,14050000
2023-09-19,61.50411224365234,61.73157514723916,60.77425258741175,61.41510469245529,11441800
2023-09-20,60.18878555297852,61.92937313901193,60.159117625343896,61.87003728374269,11138900
2023-09-21,57.97348403930664,59.63990167834831,57.96754969971009,59.288817395325495,15361000
2023-09-22,57.24164962768555,58.53719938370404,57.197143965407,58.36907610373617,12756700
2023-09-25,58.21083831787109,58.250398066464086,56.8777057258144,56.90539679530443,11493800
2023-09-26,58.28007125854492,58.57181594237726,57.58779068610508,57.6570183660865,11111900
2023-09-27,56.70760345458984,58.9130085715856,55.90653549937487,58.39874314297386,19171000
2023-09-28,57.53833770751953,57.81524840254136,56.39113140619658,56.77682952358421,11387600
2023-09-29,57.81525039672852,58.67565798186721,57.42955226603722,58.20094852741981,10550300
2023-10-02,57.91415023803711,58.98223708758137,57.36527096374859,57.9734860908518,12961500
2023-10-03,56.66804122924805,58.00315442961364,56.49002613586597,57.2515343080837,12014000
2023-10-04,57.92403793334961,58.008099572737486,56.67793598776781,57.46911212564716,11019600
2023-10-05,56.8460578918457,58.01304408173126,56.628483044455926,57.74602143428707,13037200
2023-10-06,57.13285827636719,57.60558707426214,55.24392371300569,56.20322684319785,18348600
2023-10-09,57.32076644897461,57.4493337536892,55.69687752496432,56.36640914663756,10376600
2023-10-10,57.08340835571289,57.85480454237116,56.7768259820442,57.32075928731926,17455200
2023-10-11,57.42954635620117,58.2405022841065,56.94495267306568,57.46910610210509,10866200
2023-10-12,55.73346328735352,57.46416263160194,55.61973372883014,57.44932866941412,13497100
2023-10-13,55.13513946533203,56.25267787764607,54.91756461356504,55.87686779894637,12048500
2023-10-16,56.3713493347168,56.45046882885365,55.19447515411951,55.49116571188247,14267700
2023-10-17,56.52958679199219,56.95484465827817,55.86697797913397,55.88675408082726,10325200
2023-10-18,55.18458938598633,56.467285842100026,55.0906396921719,55.90653787238548,10514500
2023-10-19,54.20550537109375,55.77796951361687,54.096717950443534,55.04612926636781,16298500
2023-10-20,52.80116653442383,53.8692571354898,52.75171873384678,53.39455145922449,20982500
2023-10-23,52.86050796508789,53.52806272725372,52.069331810942266,52.336350697708205,13629400
2023-10-24,53.64179611206055,54.00771437628734,52.99896336418534,53.28576589924508,9733900
2023-10-25,50.92212677001953,52.19789670127005,50.66499215533684,51.97043378682034,22784100
2023-10-26,51.17925262451172,51.6737381571157,50.49686394766331,50.93200985820973,17045600
2023-10-27,49.83425521850586,51.10013707243501,49.69579986231055,50.94190184069386,18382700
2023-10-30,50.48697662353516,50.877620681819934,50.01721683474838,50.38808101725128,13168900
2023-10-31,51.228702545166016,51.31771009562648,50.23973143899437,50.52653396521424,12942500
2023-11-01,51.09024810791016,51.62330499236104,50.53148078107215,51.33749088887616,25259700
2023-11-02,54.45275115966797,54.8186694172915,51.970431538791736,54.44285933580967,35348000
2023-11-03,55.48127746582031,55.64940451538814,54.767240207487454,54.808776812799735,18742100
2023-11-06,54.0176010131836,56.09444260934743,53.58740099448477,56.025214933404506,17246800
2023-11-07,54.02749252319336,54.43297052534366,53.45388747142566,53.83958559876066,13038500
2023-11-08,54.47253036499024,55.21425869497566,52.95940200643469,53.7308020350048,20518500
2023-11-09,53.68134689331055,55.41204621490162,53.55278337428244,55.18458332820752,12568700
2023-11-10,54.16595077514648,54.220344490645296,53.27488679601655,53.74069287540608,9682100
2023-11-13,53.790138244628906,54.116500522853,53.38466023911212,53.839586045765024,11861100
2023-11-14,56.05487823486328,56.55430966092646,54.80877262544576,54.87800406830235,16775400
2023-11-15,57.607566833496094,57.90920332215962,56.36146490185976,56.373329808641735,15222100
2023-11-16,56.19334030151367,57.62734921997436,55.92631763896233,57.320766806091214,12748600
2023-11-17,55.91642761230469,56.326851529467234,55.7295128869088,56.24179768984568,12138000
2023-11-20,56.36146545410156,56.603762320727775,55.63951322087787,55.91642769821895,11406700
2023-11-21,54.78900146484375,56.00543548768152,54.6653800750518,55.926315987354464,13729000
2023-11-22,55.718631744384766,56.11322949168916,55.006571347451626,55.174698395672095,11451600
2023-11-24,55.14502716064453,55.510949185823286,54.93734413400278,55.38238188582466,6846600
2023-11-27,55.76808166503906,56.34168673384968,55.09558099183892,55.38238352624423,15183800
2023-11-28,57.82514190673828,58.05260480892121,55.51094936252344,55.84719969023416,23957900
2023-11-29,57.330657958984375,59.53606313946562,57.27131833268145,58.576759930341865,19258300
2023-11-30,56.97462844848633,57.46317968259488,56.42080324737768,57.40977439552672,19039400
2023-12-01,58.99212646484375,59.150361686829385,56.81638933307232,56.99440442938432,18435700
2023-12-04,59.189918518066406,59.71407576372518,58.58664931920968,58.77455246908715,14107900
2023-12-05,57.28120422363281,58.80916653283052,56.68782307348586,58.65587721977804,21506500
2023-12-06,58.87344741821289,59.79319082806376,57.113080096084495,57.19219959365782,25245600
2023-12-07,57.83502960205078,58.49764220226831,57.47899940165036,58.43830257799312,17422400
2023-12-08,58.28995513916016,59.081135035405055,56.76694251592701,57.6174544909272,15467500
2023-12-11,58.38885498046875,59.14047136077493,58.30973548116001,58.44819083232493,12082700
2023-12-12,58.240509033203125,58.73499459642968,57.49383477639591,58.73499459642968,13845500
2023-12-13,61.04918670654297,61.207421934634894,57.894370195936574,58.08227335035029,19128100
2023-12-14,61.18764114379883,63.42271417872492,60.53492036611021,62.24583992319364,27947300
2023-12-15,60.58436965942383,61.68212821545185,60.14922372111899,61.68212821545185,24011000
2023-12-18,60.79205703735352,61.049187873182085,60.18383812775588,60.74260546237162,13800100
2023-12-19,62.315067291259766,62.58208994071863,61.03929744067901,61.10852511580256,19929000
2023-12-20,61.05907440185547,63.25953348319621,60.98984295741004,62.255728469177285,17421000
2023-12-21,61.37554550170898,61.761243612494205,60.91072789505746,61.51894675849776,12195100
2023-12-22,61.15797424316406,62.03815793679676,60.90084341178699,61.48433275116672,13175400
2023-12-26,61.87003326416016,61.9936546514404,61.17775274086574,61.26676029061253,9940600
2023-12-27,61.98870849609375,62.14199780847895,61.424995274120405,61.97881667248,11112300
2023-12-28,62.38429641723633,62.79966245251888,61.7612435916873,61.92936686140875,11233400
2023-12-29,60.73271179199219,62.463411122721226,60.47558097995322,62.30517590624529,16807400
2024-01-02,60.78216171264648,61.47444222364166,59.76352270679482,60.544810765955454,15248400
2024-01-03,57.98337936401367,60.07999713783849,57.70646487766379,60.0305493350485,21245800
2024-01-04,57.805362701416016,58.41357782736576,56.80649975784142,57.38010481813185,16680400
2024-01-05,59.45694351196289,59.70418629543053,57.00429555267896,57.103194929641305,17420200
2024-01-08,61.05907440185547,61.2370857203753,59.39760273291891,59.73385304145667,14264400
2024-01-09,60.37668228149414,61.33598541412222,59.45693889658015,59.61517411481131,14877300
2024-01-10,60.28768157958984,60.75249923643568,59.62507270696977,60.27779352785138,10137900
2024-01-11,60.67337417602539,60.81677543516807,59.41738422584523,59.98109743895768,11900700
2024-01-12,60.32723617553711,61.22522285618732,60.070105353432574,61.118412288887946,9282600
2024-01-16,57.805362701416016,59.57562191112216,57.45427840663498,59.38771498389751,20907100
2024-01-17,59.22947692871094,59.31848447614141,55.84818609941805,56.78671717238324,29527400
2024-01-18,61.40521240234375,61.78102245619122,59.45693823431558,59.82286023765726,25339500
2024-01-19,65.09407043457031,65.47976851808475,61.57333234258282,62.30517253710057,38264600
2024-01-22,63.03702163696289,67.45772003325351,62.52275619541752,67.27179750462321,44006900
2024-01-23,64.0655517578125,65.00507890485831,63.47217055956063,63.81336682349957,19883700
2024-01-24,62.32495880126953,65.27209220889553,62.26561917747996,65.2622003852846,21694100
2024-01-25,60.040435791015625,63.62051396178021,58.25040047825876,62.760106371072055,43452600
2024-01-26,61.09863662719727,61.579276667933776,59.348157233612106,59.65473964919784,18430700
2024-01-29,63.05679702758789,63.0864687266091,60.22834278996883,60.52503337180295,15913900
2024-01-30,62.97768020629883,63.78863620979158,61.38543612519405,62.20628395239728,18786100
2024-01-31,60.67337417602539,62.70076790568885,60.51513895432059,62.30517796511421,15623100
2024-02-01,61.33598709106445,61.375546839860114,59.97318279426866,60.831609725483,13449400
2024-02-02,61.73157501220703,62.02826936396515,60.327237843753615,61.108525927815926,14618900
2024-02-05,60.86128616333008,61.39335086735587,60.623931424695975,61.31621199203438,10223300
2024-02-06,63.00735092163086,63.02713079730215,60.94040107180012,61.34587909149775,17564300
2024-02-07,62.54253387451172,64.18422574568393,62.15683197742805,63.8281955469146,33211300
2024-02-08,55.51095199584961,57.94382013212989,55.15492177636946,57.34054712385803,68272700
2024-02-09,58.26028823852539,58.5668706423457,55.54061767205224,55.5851233339961,31421400
2024-02-12,59.427276611328125,59.94648797462568,57.77569282748086,57.9635997606412,21768200
2024-02-13,57.61745834350586,58.08227599773587,57.22187214155797,57.24165201754921,19540200
2024-02-14,58.2207260131836,58.36412727148857,56.99440399529143,57.94876123167436,16520600
2024-02-15,59.04157638549805,59.58056383291055,57.41966435871952,58.2108404970718,13321000
2024-02-16,58.48775100708008,59.09102398950513,57.80536229739663,58.21084030273759,12195800
2024-02-20,57.98337936401367,58.3789655589591,57.54822964516052,57.58778939644272,12598700
2024-02-21,56.8460578918457,57.80536105792756,56.51475348159332,57.43944281037456,13377900
2024-02-22,57.70646667480469,57.99326922159419,56.73727537396059,57.13286535385133,17293000
2024-02-23,58.50753021240234,58.77455286251585,57.58778678621984,58.200947812799726,13357000
2024-02-26,58.67565536499024,59.51133335334247,58.0624905856028,58.28006542813546,11065600
2024-02-27,59.49650192260742,59.57562142239515,58.78444151501941,58.91300881586177,11467600
2024-02-28,59.58550643920898,60.22833913805966,58.78443852146625,59.0415731100566,9851600
2024-02-29,59.67451858520508,61.183689506760246,59.35310221100567,59.9316494209893,17117300
2024-03-01,59.87231063842773,60.960177327367326,59.54594836817067,59.86241881486674,17590400
2024-03-04,59.318485260009766,59.931646276730525,58.21083870050204,59.74374312861658,17125200
2024-03-05,57.62734603881836,60.15911339491138,57.23175609258887,58.853668081404194,18056700
2024-03-06,57.479000091552734,58.270176228258045,57.27131706303486,58.10205294973178,17187400
2024-03-07,57.85480880737305,58.40368806453507,57.31087546199973,57.815249058314,19447900
2024-03-08,58.35918426513672,58.903121400485006,57.59965667662841,58.07238550687405,18283500
2024-03-11,59.41738510131836,59.55584045077194,58.29490079765833,58.34929450960443,11172700
2024-03-12,59.3679313659668,59.80802318468113,58.64202923561308,59.140468475489456,13485100
2024-03-13,61.76124572753906,62.6018696504675,59.150362636543306,59.31848591207886,19983400
2024-03-14,62.30517959594727,63.49194190348406,61.52389151780609,61.820582094690295,19342000
2024-03-15,62.156829833984375,63.12602479615668,61.74146379816072,61.90958706810118,20040000
2024-03-18,63.52161407470703,64.04576752572702,62.40407195549427,62.423851829275705,14219900
2024-03-19,62.315067291259766,63.34360191232842,62.1073842658891,63.066687439208856,9089300
2024-03-20,64.33256530761719,64.63914389713034,62.418905101966985,62.87877675886161,12641400
2024-03-21,65.4105453491211,66.25116924164087,64.33257051471054,64.57981327987814,14022100
2024-03-22,64.05565643310547,66.50830814250914,64.03588033051994,65.70724394590492,10208100
2024-03-25,65.27208709716797,65.65284305123814,64.08532489531949,64.08532489531949,10224300
2024-03-26,65.93470001220703,67.22036543273694,65.76657673967252,66.00392768591246,14826400
2024-03-27,65.83580780029297,67.45771984933099,65.41054991272502,66.97312610846315,10591200
2024-03-28,66.25117492675781,66.97312718290924,65.69735349973823,66.13250321825421,10775800
2024-04-01,64.31278991699219,66.61808283630253,64.28312199100569,66.26106420611356,9840500
2024-04-02,63.946868896484375,64.12487643419901,62.84910670311924,63.244696614735055,10329300
2024-04-03,64.6193618774414,64.73309897565352,63.69962608576935,63.76885375434413,7176100
2024-04-04,63.82819747924805,65.6281246296281,63.63039872658211,65.2622025961343,9933400
2024-04-05,64.43146514892578,64.74793558180127,63.35348278537315,63.98642365112412,8062300
2024-04-08,65.60834503173828,65.9643752632638,64.60948956380686,64.80728078343154,8421400
2024-04-09,66.26107025146484,66.51820487555885,65.65285507749867,66.21161867347512,8446300
2024-04-10,65.1534194946289,65.46000569530553,64.3325791386274,64.40180682034443,8566300
2024-04-11,65.07429504394531,65.64591563605521,63.96664480381115,65.11879692823977,8785500
2024-04-12,63.87763595581055,65.24242082219125,63.45238565135889,64.65892398411175,9934000
2024-04-15,62.80955505371094,64.74794134334034,62.55242421885347,64.34245955672296,11008700
2024-04-16,62.73043441772461,63.50183063458062,62.22605706622247,62.29528851099498,9912700
2024-04-17,62.562313079833984,63.2644854611813,61.889816170898335,63.07657852882932,8000900
2024-04-18,61.41510391235352,63.32381844062585,61.26676051065964,63.14580334049291,9240000
2024-04-19,61.6227912902832,61.77113469337176,61.044240323099125,61.31620888769957,13177900
2024-04-22,62.49308395385742,62.93317580213191,61.79091536139986,62.34474054886487,9958200
2024-04-23,63.71940612792969,63.986424996022784,62.5029721686297,62.68098726244192,9913000
2024-04-24,64.12488555908203,64.37212834586798,63.313929520234176,63.40294084700767,8189100
2024-04-25,63.39304733276367,63.689741687097154,62.255732807445234,62.76999824296439,11711200
2024-04-26,65.23252868652344,65.5687827625894,63.04690360047049,63.42270987819106,14200900
2024-04-29,66.25117492675781,66.80500389902845,65.27209560534789,65.27209560534789,19142400
2024-04-30,67.17091369628906,69.88267673376389,66.47863696092925,69.22797534600181,43903400
2024-05-01,65.4105453491211,67.05224093155418,64.76771265063525,66.26106106491768,17966500
2024-05-02,66.24128723144531,66.69621302949845,65.10396896368712,65.9643689869667,14480600
2024-05-03,64.97540283203125,67.14125210818271,64.00621531105338,66.8940093157545,15435200
2024-05-06,64.88639831542969,65.37099207044396,64.23367372907273,65.2720964636402,11257600
2024-05-07,65.19297790527344,66.03360189316969,65.04463072029145,65.35121691465456,9232200
2024-05-08,63.10624694824219,64.9753979420843,63.06668719900073,64.73804699188624,11183800
2024-05-09,63.73918151855469,63.75896516500789,62.710654487873626,63.16558026804268,8368700
2024-05-10,62.23595428466797,64.22378839329478,62.18650648207973,63.87764245730055,8745800
2024-05-13,63.24470520019531,63.71941089500053,62.493085020617926,62.73538566637176,7311600
2024-05-14,63.86775970458984,64.14467042380124,63.56117351239047,63.67985276858873,7556500
2024-05-15,63.195255279541016,64.8072754685074,62.77988545261766,64.39190941420942,10972600
2024-05-16,63.39304733276367,63.71940961348033,62.72054666882519,62.88867372112252,8113600
2024-05-17,63.76886367797852,63.99632281929971,63.14086487908962,63.37327370516856,8204800
2024-05-20,64.05565643310547,64.31774072280714,63.06668908093524,63.81632862009129,6429000
2024-05-21,63.39304733276367,63.97654421755262,62.99746114802808,63.67984986321914,6576000
2024-05-22,61.50411224365234,63.20514376758473,61.16291977458481,63.08646829019713,14532200
2024-05-23,60.90084457397461,61.993657230276135,60.54481436017718,61.85025596235075,10533400
2024-05-24,60.96017456054688,61.37554436087376,60.59425633052984,61.26675694239231,8176800
2024-05-28,61.48433303833008,62.17661358044457,61.06896697663665,61.6129003409318,11159600
2024-05-29,60.37668228149414,60.910727557758754,60.17888731554889,60.55469737358235,8142800
2024-05-30,61.82058334350586,62.64143118784668,61.44477703241952,62.07771794859172,11867500
2024-05-31,62.295291900634766,62.859005131721815,61.08874593877281,62.03815729927464,14269000
2024-06-03,62.76010513305664,62.81944475723249,61.889813280896405,62.3447390817018,9039800
2024-06-04,62.63154220581055,63.42271456664303,62.33484785471663,62.44363528043434,9046100
2024-06-05,62.8293342590332,63.10624873895583,62.1568335933468,63.0567971646881,8846100
2024-06-06,66.28084564208984,67.07202560990093,63.46227926779632,63.5760163868982,22068800
2024-06-07,66.55775451660156,67.54573713633808,65.4698803281227,65.76657466048061,13195000
2024-06-10,66.35006713867188,66.74565708570319,65.07430106600317,66.23139543623795,11972300
2024-06-11,64.05565643310547,66.40941253907974,63.6946840852253,66.38962889124333,15108700
2024-06-12,62.73043441772461,65.13363438691083,62.20628096500196,64.73804445524739,14137500
2024-06-13,60.86128616333008,62.92329012892238,60.841506287391766,62.423858636200485,11985400
2024-06-14,59.96626281738281,60.96017985953018,59.64485021818072,60.61404147302387,10366000
2024-06-17,59.466835021972656,59.971208637628216,58.82499070717149,59.70418598017805,13558500
2024-06-18,58.46797180175781,59.4470548745938,58.378964249681815,59.25914794653033,13500300
2024-06-20,59.14046478271485,59.33825973636104,58.14160573710775,58.59653148965653,12928500
2024-06-21,59.94153594970703,60.08987934364576,59.01190074814028,59.25914351066332,18848700
2024-06-24,58.833892822265625,59.89209160506935,58.8042211236669,59.33826642693944,10464700
2024-06-25,58.67565536499024,58.91300630900292,58.31962517634598,58.91300630900292,9248800
2024-06-26,57.61745834350586,59.09102703753522,57.38999542854506,59.081138985852405,12599400
2024-06-27,57.72623825073242,57.8449174912104,56.57903200115433,57.83502566819136,11648900
2024-06-28,57.38999176025391,58.11194021097279,57.26142823346689,57.67679428485638,28102000
2024-07-01,57.17242050170898,57.72129976260357,56.40102048031303,57.71635385078122,12237500
2024-07-02,58.31962585449219,58.6163164242706,57.67679314278456,58.13171893461981,13231600
2024-07-03,58.982234954833984,59.34815320025323,58.245452552231306,58.378961988862216,6908300
2024-07-05,59.10091400146485,59.49650396875749,58.18117430686666,58.725107682424905,12243800
2024-07-08,58.43830108642578,59.367932540590544,57.983375296470165,59.06135392122384,10320400
2024-07-09,58.34929656982422,59.04157711416079,57.77569150454878,58.2504009660442,8473600
2024-07-10,58.25040054321289,58.65587855196843,57.558120003901486,58.43830369808117,7697100
2024-07-11,59.3283805847168,60.25801210187209,58.77455538596707,58.893230866904325,13082000
2024-07-12,59.60528945922852,59.85253223758638,59.12069195369193,59.723964936505176,8166200
2024-07-15,59.80308151245117,60.34701484371852,59.16024881110098,59.58550667089414,9443000
2024-07-16,61.12830352783203,61.3359865482333,60.01076515630935,60.12944062902075,9198800
2024-07-17,60.56459045410156,61.15797159163029,59.986039506492,60.43602315767441,8322100
2024-07-18,59.33826446533203,60.65359780517368,59.27892484272161,59.8821978017392,9102000
2024-07-19,58.67565536499024,59.170140899746094,58.10205033381333,59.150361025640834,9352900
2024-07-22,60.09977340698242,60.119553281436566,58.86355954828843,59.23936961766648,7489500
2024-07-23,59.05146408081055,60.27778991733478,59.03168420589277,60.05032701471847,7572000
2024-07-24,57.42954635620117,59.00201041594443,57.34053881422985,58.89322300102116,11801700
2024-07-25,56.58893203735352,58.00316112432719,56.56915216106972,57.51856358693821,12515700
2024-07-26,57.64712524414063,57.666905118485005,56.34168371841423,56.96473278344823,11323400
2024-07-29,58.28995513916016,58.44819036388407,57.42955134051297,57.85480921432574,12346800
2024-07-30,63.29415130615234,64.34245827268023,61.74146695873333,62.08266320035818,44232800
2024-07-31,65.05451965332031,66.25117381388714,63.46227553213407,64.28312338000046,25825900
2024-08-01,64.5896987915039,66.55775667240627,64.30289627300179,65.05451640613661,19086400
2024-08-02,61.296424865722656,63.33370657488387,60.21844627665862,63.29414682768653,23117100
2024-08-05,59.79319381713867,60.38163284872432,58.00315848024866,60.03054854909878,17445400
2024-08-06,62.05793380737305,62.87878159528683,59.63495396395456,59.93164452643688,14358900
2024-08-07,62.04804992675781,64.2930148290368,61.94915055086696,62.6463770035521,13464400
2024-08-08,63.57106399536133,63.961711822989216,62.40407774241454,62.84911551220366,9761200
2024-08-09,64.00621795654297,64.77761429356194,63.75897515389579,64.08533746425044,8605300
2024-08-12,62.76010513305664,64.41168506005138,62.58703594499213,64.23366996014921,7519500
2024-08-13,64.39190673828125,64.91606019624423,63.01723755957632,63.29414825093408,8638600
2024-08-14,65.4105453491211,65.65778811428869,63.94687240466911,64.34245479273696,8944800
2024-08-15,67.1906967163086,67.3687118102047,66.31051307016962,66.4193004911756,12968300
2024-08-16,67.21047973632812,67.79397664953854,66.62699036836895,66.62699036836895,9526800
2024-08-19,68.66426086425781,68.69392878876013,67.41815521840776,67.46760678941187,9578100
2024-08-20,71.09712982177734,71.75973862971004,68.66426188805762,69.22797509775792,23546000
2024-08-21,70.67188262939453,71.96743251593024,70.08839323004693,71.27021353870587,10455500
2024-08-22,70.73120880126953,72.44213210118036,70.13782765829633,70.94878364758485,11811100
2024-08-23,70.90922546386719,71.27514749031546,70.05870970690692,71.20591981452803,8222200
2024-08-26,71.24547576904297,72.22455500166683,70.87955376208741,71.27514369347848,9063000
2024-08-27,70.8004379272461,71.55205808122395,70.51364294604147,70.95867692608385,9396900
2024-08-28,69.65323638916016,70.80043896657143,69.25270429219219,70.483968509501,9277700
2024-08-29,72.3531265258789,73.11463092379543,70.46418817552362,70.6125353438906,13181600
2024-08-30,71.63117218017578,72.87727779369825,70.96856339931271,72.69926270605218,9635000
2024-09-03,71.20591735839844,72.14346000536656,70.61253622279523,70.96361672887483,8571300
2024-09-04,71.80919647216797,72.43224558616518,70.80044166445687,70.81528317347572,8369000
2024-09-05,71.23558044433594,73.57944444778732,70.23177547560623,72.84760801509891,11473800
2024-09-06,68.13021850585938,71.25537080497782,67.79397195342928,71.14658338030908,12315800
2024-09-09,68.58514404296875,69.87080948670167,67.49727734571432,69.61565174458214,11869300
2024-09-10,68.09066772460938,68.97085151631178,66.40941965052093,68.57526151498165,12317500
2024-09-11,68.58514404296875,68.93128241774279,67.01268362103067,68.39724466537751,12344900
2024-09-12,69.5840072631836,69.60378336529135,68.27856571180112,68.37746131284133,8369100
2024-09-13,69.32686614990234,69.84113529938864,69.08951522065867,69.26753030390392,7572600
2024-09-16,70.28617858886719,70.45430187173729,69.29720744927697,69.68290559009706,6495000
2024-09-17,70.97845458984375,71.37404455039041,70.33562939236272,71.13669359216277,6187200
2024-09-18,72.31356048583984,73.05528871788528,70.57296945530328,70.66197322142885,13498200
2024-09-19,76.71449279785156,77.38205135085305,73.9849302758082,74.17283721122368,21662400
2024-09-20,75.91342163085938,76.71448578503129,74.62973307425496,76.45735119353456,27274600
2024-09-23,76.81338500976562,77.93092720331104,76.49691455346313,76.67492965671147,12839800
2024-09-24,77.47599029541016,77.96059155412523,76.81338148686157,77.02106450691782,14724800
2024-09-25,76.50680541992188,78.3858520317509,76.48702177244694,77.36721299906353,13822400
2024-09-26,79.19680786132812,79.54294623886219,77.60456377942069,78.07432354502053,13316700
2024-09-27,77.02106475830078,79.74073521997418,76.87272513295538,79.51327609761088,11575300
2024-09-30,77.1694107055664,77.7281817696779,76.38812266171374,77.0111792592895,6846900
2024-10-01,76.61559295654297,78.13860936854239,75.54750234886792,77.34742946391256,10608700
2024-10-02,76.58592224121094,76.91227696062765,75.339816577641,76.61559016613514,8073300
2024-10-03,76.45735168457031,76.54636300518912,75.20136173445346,75.68595545037644,9121300
2024-10-04,78.4847412109375,78.6528644744631,77.12490605046546,77.29797899808014,10070400
2024-10-07,79.37481689453125,79.60227600584489,77.74795532660255,78.41551378922986,9206600
2024-10-08,80.264892578125,80.50224351313284,78.6973668525988,79.10779073630518,8618500
2024-10-09,80.7494888305664,81.09562719368449,79.95830896179615,79.98797688645621,6926000
2024-10-10,78.10894012451172,79.191857131665,77.66389860619812,79.0583514668965,11326100
2024-10-11,79.62206268310547,79.83567626850872,78.28695325227122,78.66275954128184,7744800
2024-10-14,79.7802963256836,80.08688249553087,78.9396724050069,79.45393405387067,5865400
2024-10-15,78.67265319824219,80.16599411100447,77.7825777085242,79.26603434297063,7291600
2024-10-16,79.92864227294922,79.95831019806799,78.57374917893792,78.92977937086424,5434800
2024-10-17,78.93966674804688,80.00775726366568,78.3512277821666,79.85941010117693,8654000
2024-10-18,80.04732513427734,80.07699306073616,78.06938288767994,78.62320430224693,8844300
2024-10-21,79.6715087890625,80.46268868108076,79.15724714092609,79.42921570038553,7450300
2024-10-22,80.01765441894531,80.5220242416681,79.1572468553731,79.16713867893158,7571300
2024-10-23,79.93853759765625,81.33298295606794,79.20669353483649,80.34401183412317,7632100
2024-10-24,80.49236297607422,81.57034547561994,80.02754531862568,80.33907365186273,7398800
2024-10-25,80.79893493652344,81.8868091703994,80.50224813703505,81.10552110482058,7201000
2024-10-28,82.66809844970703,82.77688588462104,80.97695861411385,81.12530580220128,15243500
2024-10-29,79.39459228515625,80.35389538187837,75.96286163822248,77.17929931283665,35206400
2024-10-30,77.3573226928711,78.83088755812963,77.12985601395155,78.15838689055344,14910500
2024-10-31,78.4254150390625,78.9396767160108,77.43644389125717,77.62434327856946,13919300
2024-11-01,76.39801025390625,77.44532867859218,75.61672225332303,77.00622531024793,16473600
2024-11-04,77.26830291748047,77.57488906382034,76.15076838346766,76.40790296080914,10257000
2024-11-05,78.37596893310547,78.53420794951768,76.8806434271171,76.8806434271171,6573900
2024-11-06,80.51213836669922,80.78904905883998,79.11274339832671,80.44785283271995,11546500
2024-11-07,80.45279693603516,81.82746615218976,80.23522208825517,80.7939931704855,7994300
2024-11-08,82.09449005126953,82.15382590056865,80.45279446498994,80.5615818855386,8144200
2024-11-11,85.98115539550781,86.50530890508318,82.46041292159855,83.14280543910296,15459400
2024-11-12,85.44710540771484,86.95033817491064,84.73010286205977,85.92180731514476,10036900
2024-11-13,86.34706115722656,86.93055800834018,85.13063097421497,85.84269134731952,9256600
2024-11-14,84.84383392333984,86.50827100275582,84.53230560373493,86.09982393520174,8468300
2024-11-15,84.88339233398438,85.24930681637836,84.16242853033644,84.40868288042496,8083200
2024-11-18,83.73617553710938,85.88224086744566,83.64222208175245,85.1059025302204,10148100
2024-11-19,83.1625747680664,83.30597980047676,81.59011436743253,82.07470808555075,12442700
2024-11-20,83.80541229248047,84.65592807651629,83.31092672247132,83.57795315561683,6076300
2024-11-21,83.88452911376953,84.54713794554597,83.28125613401762,84.2207832141603,7250100
2024-11-22,85.81301879882812,85.84269426975978,83.63728540271583,83.74607282704652,6786000
2024-11-25,86.80199432373047,87.76129754435028,86.01082193262985,87.01956918348974,12998300
2024-11-26,85.98115539550781,87.20747752595312,85.94159564352556,86.43608122542702,5610400
2024-11-27,85.61522674560547,86.69320915454277,85.31853240124643,86.5844217312945,5477900
2024-11-29,85.81301879882812,86.1196049697831,84.87349927442752,85.43721249811801,4469700
2024-12-02,85.57567596435547,86.50531129853198,84.89328342797047,85.59545961351958,7273500
2024-12-03,84.20099639892578,85.44710206131647,83.68178507749212,85.44710206131647,8189800
2024-12-04,88.34479522705078,89.14585944939023,84.29989927315839,84.73504899652853,15536000
2024-12-05,88.06293487548828,89.27442303391828,87.29648071966486,88.60192234526207,9025600
2024-12-06,88.88871765136719,89.04695664534852,87.56844216949393,88.50301953510086,6955500
2024-12-09,89.00740814208984,92.62704636158888,88.74038923757422,91.23259334564209,10714200
2024-12-10,87.78107452392578,89.00739654138134,87.40031854827306,88.94806069150057,6697500
2024-12-11,89.74913024902344,90.02604095880507,86.87122063254091,87.64262445368381,6657200
2024-12-12,88.41402435302734,90.1645000088868,88.34973881231811,89.4326634537211,4711100
2024-12-13,90.01614379882812,90.17932493140158,88.82938152861273,89.42276266372043,8358100
2024-12-16,90.2930679321289,90.45129939070402,88.53269296819288,89.78869053899692,7402500
2024-12-17,89.85791015625,90.985336548998,89.23486111138938,89.89746990365786,8395600
2024-12-18,84.50758361816406,90.08538042388898,84.23661101001468,89.69474013091101,12583700
2024-12-19,85.82291412353516,87.44482618576518,85.20975684711344,85.32842855467841,9522400
2024-12-20,86.16905212402344,87.25692640680225,83.568060759859,83.9735425462131,22052700
2024-12-23,85.94158935546875,86.27783590483915,85.0218459386165,85.51633148433812,5633100
2024-12-24,87.27669525146484,87.35581474640557,85.63499968507124,85.94158584165397,3276300
2024-12-26,87.16791534423828,87.75141223814815,86.29762346064078,86.63387002524061,4800600
2024-12-27,85.90203094482422,86.68826116391173,85.25227922137839,86.39651649825045,5125000
2024-12-30,84.48780059814453,85.11876463704036,83.72629617805507,84.74493519445099,5855000
2024-12-31,84.40868377685547,84.95262091220535,84.11199696732442,84.78943977160039,4533200
2025-01-02,85.22953033447266,85.9811504887398,83.88452902483702,84.88833409519182,6224500
2025-01-03,86.63386535644531,86.73276095568914,85.35809175402335,85.77346534324836,6132500
2025-01-06,88.5425796508789,89.0964010416098,86.75254440923047,87.04923120630035,7869200
2025-01-07,86.99979400634766,88.97773632302624,86.63387196147171,88.54258659887658,6080800
2025-01-08,86.97012329101562,87.25692582317072,85.83280498633188,87.08879499725158,7400000
2025-01-10,82.44063568115234,86.12949384591725,81.33298527668013,85.8328070280192,11341200
2025-01-13,83.06367492675781,83.19224598997351,80.88794167284048,81.2835315949846,7402400
2025-01-14,86.218505859375,86.43608072138308,83.81530564353785,84.34935097430734,8958400
2025-01-15,88.6513671875,89.19530430070415,87.49427283241178,87.74151560291357,10024100
2025-01-16,87.9393081665039,89.37628606834609,87.87008049149864,88.9678390131897,5816400
2025-01-17,90.79743194580078,92.21661056864174,89.01233885431309,89.75901684460673,16499700
2025-01-21,88.7799301147461,91.19302195309348,88.40412382240122,91.19302195309348,12629300
2025-01-22,88.85905456542969,89.37332377862474,88.15688596821226,89.0074017440533,7345700
2025-01-23,88.74037170410156,88.78981572726038,87.26679947231901,88.77003962704684,7540600
2025-01-24,88.1272201538086,89.03114123742972,87.86019371683571,88.60192208248088,6004700
2025-01-27,89.2447509765625,89.29420255023088,86.4261848182333,86.57947413325415,6923800
2025-01-28,87.21736145019531,88.83927340830078,85.92180421219301,88.7700457349152,8666000
2025-01-29,87.78107452392578,88.42884936929242,87.19757766751313,87.19757766751313,5234500
2025-01-30,88.58213806152344,89.92219717558699,87.86018586358227,88.52280221205582,7708500
2025-01-31,87.60305786132812,89.40298487958869,87.56349811369873,88.58213709309203,8331400
2025-02-03,88.52281188964844,88.72060310633059,85.05152095654246,85.5460065434991,11215000
2025-02-04,76.8677749633789,81.77802025307976,76.52657873673725,81.35276239085617,58801900
2025-02-05,78.3265151977539,78.6232095727327,76.81339048491512,77.34743583272612,23631900
2025-02-06,77.70346069335938,78.86055509434019,77.24853488302293,78.80121924154656,14440500
2025-02-07,76.45735168457031,78.61330893808038,76.37823973265981,78.1287152221574,13597300
2025-02-10,77.37709045410156,78.04959104918106,76.7540414280978,77.29797850693052,11815600
2025-02-11,75.36949157714844,76.99140368408376,75.20136828996334,76.95679361684034,15769400
2025-02-12,75.42882537841797,76.00243044934155,74.46952971252978,74.58820142013397,11782500
2025-02-13,75.74528503417969,76.07659695797567,74.89477691843824,75.52771775286206,9958600
2025-02-14,77.11007690429688,77.46610709943855,75.7848517234361,76.05187814241765,10504600
2025-02-18,77.7529067993164,77.89136214293148,76.64624493293913,77.33753322322085,11281200
2025-02-19,77.49578094482422,78.12872188559373,76.67988275335995,77.63423630403935,9082300
2025-02-20,76.7738265991211,77.30787191818412,76.00243032000262,77.25842788851683,9319300
2025-02-21,74.12338256835938,76.62548584477895,73.92559136207957,76.58592609447282,15171700
2025-02-24,74.4200668334961,75.04311583953309,73.15418517632577,74.41512469484694,12873300
2025-02-25,73.25308990478516,76.71251193827939,71.89819676615066,76.28428877509387,20647200
2025-02-26,71.25537872314453,73.65857906608238,70.97846044623786,73.51023187548097,15277600
2025-02-27,69.94993591308594,71.74986318542517,69.80158872484752,71.35427319853987,11661200
2025-02-28,70.26639556884766,70.33562323999405,68.91347938026499,69.72245847751869,13601300
2025-03-03,68.9807357788086,70.78066291954238,68.73349299823938,70.31584528483214,15753700
2025-03-04,66.73577117919922,68.31812338346954,65.60833721682798,68.23900388694341,20180000
2025-03-05,68.73348236083984,68.92138925947168,66.95333159814267,67.23024980753422,14464300
2025-03-06,67.32914733886719,69.08951450765323,66.91278535767515,68.06098376454511,11226900
2025-03-07,69.70269012451172,70.1971757005943,67.07696537750226,67.22037041990683,16388300
2025-03-10,67.40827941894531,69.19831484473742,66.2511774010632,68.25878769423916,15035200
2025-03-11,67.23025512695312,68.18955070498923,66.42424130878459,67.65551297917544,12133100
2025-03-12,67.86319732666016,68.61480990492042,67.15607909029963,68.11044009338403,11545800
2025-03-13,66.17206573486328,68.15000810859345,65.96437514580042,67.57640300935137,9778300
2025-03-14,68.18955993652344,68.37746687546185,66.77533084537166,67.06213339339558,9828700
2025-03-17,68.8818359375,69.44554914070386,67.23025607577559,67.91264097739052,7971200
2025-03-18,68.12033081054688,68.6939358944264,67.5368414476444,68.30823774549907,7520800
2025-03-19,69.22798156738281,69.70269104661253,68.06099529057974,68.33790600960907,6876400
2025-03-20,68.901611328125,70.02903772290375,68.48624529746974,68.66920252746662,7453600
2025-03-21,69.41588592529297,69.6334607808075,67.79397387814039,67.86320155532674,14603800
2025-03-24,70.1872787475586,70.86967120716798,69.72740327187601,70.76088378475922,9911000
2025-03-25,70.0784912109375,70.91911511843014,69.7699281902581,70.21694655827744,6690600
2025-03-26,69.19831085205078,70.83011471802446,68.77799510565195,70.14772222701254,7449600
2025-03-27,68.10054779052734,69.18347230839278,67.94230879921805,68.29833898441356,7883100
2025-03-28,64.43146514892578,67.48738205901249,64.23366641259717,67.30936696894189,16536300
2025-03-31,64.53036499023438,64.70838009201746,62.700769944005856,63.57106180536165,11562000
2025-04-01,65.3709945678711,65.62812919158536,63.88753777338725,63.907321422654505,8000600
2025-04-02,66.40941619873047,66.82478228317419,64.38202226307456,64.53036944901912,8123000
2025-04-03,61.02940368652344,63.23480871493069,60.27778733497498,62.4040728671007,18479900
2025-04-04,57.72623825073242,59.526165232439,56.68781941861327,59.33826209395318,22125000
2025-04-07,57.88447570800781,60.8019411285158,55.23403292998279,56.11422035414895,20263200
2025-04-08,56.776832580566406,60.584369932623424,55.83730924992395,59.10091323349074,16533600
2025-04-09,63.24470520019531,63.462276285756765,55.8867574991507,56.04499273075244,22502000
2025-04-10,59.89208984375,61.76124457761003,58.28995398104831,61.612897406855154,14398100
2025-04-11,61.89970397949219,62.11727883815094,59.779348853330674,59.86242206715481,12919400
2025-04-14,61.58323287963867,63.19525688210975,61.00962781187118,62.99746190106492,8997500
2025-04-15,61.31621170043945,62.09749981947196,60.96512739261168,61.67224192038467,9140800
2025-04-16,59.57561874389648,60.782160880410544,59.0613533362736,60.69809924513451,9833600
2025-04-17,60.32723617553711,60.79205379265429,59.46880924371076,59.68440346133782,9023700
2025-04-21,59.62012481689453,60.28767957955056,58.79928073531113,59.57562292660936,7354100
2025-04-22,60.74260330200195,61.22720080216067,59.28881834677652,60.06021459945227,9390100
2025-04-23,61.77113342285156,63.85786302795535,61.48433090110381,62.02332210732805,9838900
2025-04-24,64.05565643310547,64.11499983136382,62.06782613222136,62.20628525869813,10877000
2025-04-25,64.6193618774414,64.69848136874114,63.773795893081626,63.773795893081626,8693400
2025-04-28,64.21390533447266,65.09408916761623,63.42272529456173,64.58476956344614,14251500
2025-04-29,65.58856964111328,66.6863282760459,63.65018699575742,65.6380212191829,19706800
2025-04-30,65.11385345458984,65.2622006283035,62.83922445689953,64.43641066710663,10293800
2025-05-01,64.68860626220703,65.39077487022662,64.13477728984218,64.89628929737471,10073000
2025-05-02,66.4984130859375,67.01268227117184,65.25231496185152,65.40560427150294,10081500
2025-05-05,67.7840805053711,68.59503651041767,66.17206031900739,66.22150434715307,12000300
2025-05-06,67.29948425292969,68.16977607722218,67.0522414857187,67.20058110984492,7659400
2025-05-07,67.93242645263672,68.17966922464922,66.9731232899881,67.58133839646868,8103700
2025-05-08,69.70269012451172,70.16354651644208,68.53570386314676,68.53570386314676,11791500
2025-05-09,69.48511505126953,70.53342205487793,69.23787226398444,70.08838805586521,7470500
2025-05-12,71.51249694824219,73.33220767342385,71.05757115325942,72.16522148794611,12513000
2025-05-13,71.49272155761719,71.84875175640651,71.09713160949006,71.61140080563052,8076200
2025-05-14,71.87841796875,72.53113495413801,71.44326828165765,71.85864186717785,7724000
2025-05-15,70.78065490722656,71.86852150953523,70.65209139217419,71.54215926526763,8116500
2025-05-16,71.3839340209961,71.42349377027166,70.29606732429527,70.68176544816873,8717900
2025-05-19,71.52239227294922,71.73996713016791,70.32573810349744,70.37518967841113,7434900
2025-05-20,71.80919647216797,71.97731975836943,70.9487888473851,71.09713603031334,8403200
2025-05-21,70.85977935791016,72.39664126057946,70.71637432603693,71.40370892450544,8094300
2025-05-22,70.6619873046875,71.1910905040525,70.4938640161094,70.68671309306693,6451000
2025-05-23,69.07962799072266,69.36643050753331,68.64448584905348,68.69392987558949,7683600
2025-05-27,70.69165802001953,71.20097753630093,69.8856441536564,69.96970579228771,8770900
2025-05-28,70.652099609375,71.24053863619748,70.31584550322606,70.7905549633037,6292100
2025-05-29,70.1477279663086,71.64997245206085,69.47522724419882,71.3641658699967,7058300
2025-05-30,69.50489044189453,70.29607037119737,68.75327026358192,70.17739111822665,14937200
2025-06-02,70.1477279663086,70.17739589525804,68.28846481471169,68.51098182708408,7518200
2025-06-03,70.5433120727539,70.64220767608546,69.08952331350221,70.21694979103395,7316400
2025-06-04,71.99710845947266,72.26412737128129,70.54331954620469,70.70155101924826,7712300
2025-06-05,71.67073822021484,72.73882883987886,71.28504008732241,71.99215081587491,6323600
2025-06-06,72.62015533447266,72.80806227647874,71.83886718301493,72.45697418145444,7240200
2025-06-09,72.73883056640625,73.15419663549554,72.14544184456324,72.88717020161597,6166500
2025-06-10,73.93547821044922,74.43984801609618,72.5113574762687,72.76849206332915,9510700
2025-06-11,73.7871322631836,74.3805133971537,73.11463163261733,74.27172597564663,7706100
2025-06-12,73.98493194580078,74.47645225458938,73.18386770031827,73.20364380411046,8644600
2025-06-13,70.04882049560547,73.39648202967592,69.75311459361855,72.49158016890962,16744400
2025-06-16,71.46305084228516,71.68556782152962,70.28617286749169,70.83999424610019,7195500
2025-06-17,69.89059448242188,71.3048236323909,69.68785357095129,71.12680851053285,7374300
2025-06-18,67.8137435913086,70.48990048053494,66.77532098610374,69.73234981434415,20427700
2025-06-20,69.27742767333984,69.77191321691757,67.79397104260666,68.07088173977009,18497900
2025-06-23,71.21581268310547,71.35130275311668,69.3862176145233,70.21694973616027,11447900
2025-06-24,72.76849365234375,73.12452384366337,71.7498546503323,72.31851000147445,9500900
2025-06-25,72.26411437988281,73.43110052163257,71.61633954885123,73.32231310242494,7851900
2025-06-26,72.36300659179688,72.57068959732162,70.82021423918455,72.43718394428784,10235600
2025-06-27,72.82782745361328,72.93661487263655,72.05148910358385,72.46190544914859,10449500
2025-06-30,73.50032806396484,73.71790290199701,72.84761109511864,73.12452178161402,7738000
2025-07-01,74.45964050292969,74.86017262065944,72.98607556817974,73.13441520789353,8633800
2025-07-02,75.4683837890625,76.01726306273686,74.17283403571888,74.18272585959389,9361500
2025-07-03,75.74528503417969,76.5067969271661,75.63155548220116,75.86396427010287,5263400
2025-07-07,75.33982849121094,75.98266129880565,74.78600701771478,75.36949642082656,5918600
2025-07-08,74.20249938964844,75.67112205626168,73.68823774473954,75.59695224289761,8758400
2025-07-09,74.00471496582031,74.95412639005421,73.55473126954631,74.65743201893369,6755700
2025-07-10,74.86510467529297,75.37937384119539,73.31242044502072,73.63384056002229,6380200
2025-07-11,70.57298278808594,74.37062843189716,70.00926952704361,74.34096050425039,21877700
2025-07-14,73.07508087158203,73.49044696192057,70.75100007630527,70.77077618026127,12993900
2025-07-15,72.15532684326172,73.09485386713966,72.13555074218812,72.95639097862318,7333600
2025-07-16,72.16522216796875,72.76849514086446,70.93890012014417,72.45202469157906,9671100
2025-07-17,73.04539489746094,73.36186529933399,71.55204665178674,71.67072588195771,8522700
2025-07-18,73.35198974609375,73.53000485820785,72.4757597215182,73.28276206611889,9011600
2025-07-21,73.99481964111328,75.38927255606444,73.42121457488156,73.53000200279624,8200400
2025-07-22,75.16180419921875,75.31015137445156,73.94042427736139,73.94042427736139,9094400
2025-07-23,75.81452941894531,76.37824265358738,75.07280108150833,76.07660616121964,9283200
2025-07-24,76.96173858642578,77.89137393016533,76.496920914556,76.88261907945827,10504300
2025-07-25,77.11996459960938,77.94575450808739,76.64525518308149,76.73425895447723,6888100
2025-07-28,77.3573226928711,78.62320452707314,77.07052016086425,77.64412522487795,15978400
2025-07-29,70.6619873046875,72.47180636244356,69.53456077089713,70.93890557118534,42890700
2025-07-30,68.94116973876953,71.40865518002413,68.78788043604182,71.3938212181634,20790400
2025-07-31,68.00164794921875,69.28236358103374,67.70495363165739,68.70875859121507,16657600
2025-08-01,66.36985778808594,67.59617996253724,65.83581243503825,67.25004155183544,15181100
2025-08-04,67.25992584228516,67.81374723737096,66.53303148860972,67.07696106014025,11756800
2025-08-05,67.0819091796875,67.91264125293729,66.66654314306261,67.70495823462484,10714700
2025-08-06,68.65436553955078,68.8422724454825,67.45672309798601,67.5467228399533,11913000
2025-08-07,67.46760559082031,69.39609610171438,66.93356032351498,69.22797283568777,10129300
2025-08-08,66.90390014648438,67.85331154987814,66.67643346091816,67.68518826438418,9683400
2025-08-11,66.3401870727539,67.72474820265462,66.1621719625488,67.06213179257102,10118600
2025-08-12,67.2203598022461,67.98186414922085,66.48852337790997,66.49840765528958,9747500
2025-08-13,69.85102844238281,69.94993159193297,67.39838425665852,67.47750375819825,12344700
2025-08-14,68.61481475830078,69.0499644729947,67.47750398712509,68.67415815728239,10695400
2025-08-15,68.46647644042969,69.38621991719398,68.3972487613292,68.80272301170316,8128000
2025-08-18,68.7631607055664,69.21314437562879,68.46647389697922,68.54558585211862,8410200
2025-08-19,68.28845977783203,69.58895168745309,68.16978052553637,69.02029630386129,9052800
2025-08-20,67.32914733886719,68.34778625932766,66.93355743071022,68.17966300056717,9992300
2025-08-21,66.80500030517578,67.12147075291223,66.18689337246784,66.9335638308888,7039500
2025-08-22,69.12908172607422,69.37632450224383,67.07202001748286,67.16103134043429,9394100
2025-08-25,68.71371459960938,69.0400693246648,68.27856490586798,68.88183787391833,6460300
2025-08-26,69.40599060058594,69.47521827428054,68.41701952194849,68.63459436648881,9471500
2025-08-27,68.8818359375,69.307093795724,67.93341305176271,67.97198437184647,8648200
2025-08-28,69.28730773925781,69.78179325277293,68.76315430217181,69.22797189211605,5882000
2025-08-29,69.41588592529297,69.92025576825746,69.12908339259208,69.24775509905389,5636300
2025-09-02,68.48625183105469,68.60888479636404,67.39838507997263,68.15988954215476,12882500
2025-09-03,68.8719482421875,69.11919102236342,68.04121612251679,68.15000354941427,11808200
2025-09-04,67.70496368408203,69.12908454742153,65.49956225598102,68.93128579126268,14063500
2025-09-05,67.50716400146484,69.16863561844004,67.41815268605095,68.12032120548241,7794300
2025-09-08,67.6456298828125,67.83352927530208,67.05224868682976,67.70496573883538,7954900
2025-09-09,66.9335708618164,67.74452694090478,66.78522367333348,67.44783256393892,8776500
2025-09-10,64.91606903076172,67.27970959755862,64.51553690159238,66.73577996415328,14352500
2025-09-11,66.528076171875,66.60719566311768,64.98528381889275,65.0248435645141,11154400
2025-09-12,66.15227508544922,67.00279081977041,66.12260716022298,66.4687455299466,7505600
2025-09-15,66.36985778808594,67.43794849418133,66.06624441460954,66.55776473043183,9597900
2025-09-16,66.11271667480469,66.39951919988052,65.37593803260626,66.09788271189134,9353900
2025-09-17,67.86319732666016,68.50602248394188,66.26106148199926,66.3995168277446,18607800
2025-09-18,67.76429748535156,69.52467240820414,67.57639810425697,69.30709755564646,14330500
2025-09-19,67.46760559082031,68.09065463005142,67.17586094472998,68.00165085812566,19774200
2025-09-22,66.9335708618164,67.35882877800003,66.31052172448985,67.01269036837415,13298200
2025-09-23,66.56764221191406,68.22911395886364,66.37974283400804,67.05718562186149,10449000
2025-09-24,67.11158752441406,67.82364800932852,66.69622142329783,66.90390447385595,9180600
2025-09-25,66.00392150878906,66.74564974846683,65.46987627079109,66.51819064697222,10773700
2025-09-26,66.55775451660156,66.88410922789492,65.58855957011592,66.26106018424363,8431600
2025-09-29,68.91150665283203,70.47408280402823,67.14124747575542,67.2104751510489,28497000
2025-09-30,66.32040405273438,69.05985841100355,66.11272101306886,69.05490872620716,21464800
2025-10-01,65.92481994628906,67.05224644452929,65.48967022933634,66.16217090769463,17050100
2025-10-02,68.1697769165039,68.18955301821406,66.21161085617449,66.33029010218706,13461600
2025-10-03,68.48625183105469,68.76316254457547,67.0027951126925,67.34893350459346,12219800
2025-10-06,70.50374603271484,71.07735104421769,68.68601980450259,69.44554732644245,16769900
2025-10-07,73.7871322631836,74.84038886902462,72.25422408394785,73.25308697903534,31977500
2025-10-08,75.29036712646484,75.6562891497539,72.46685886131442,74.40524131187803,17904800
2025-10-09,74.91456604003906,76.48702657678265,74.20547087496244,76.33868693765683,15774400
2025-10-10,69.06974029541016,76.05188162398925,68.99062833917415,75.27059352362024,22326500
2025-10-13,68.10054779052734,70.14771758277627,67.41024792227901,69.94003456562062,20036800
2025-10-14,68.38735961914062,68.94118107366452,66.03360334691124,66.66655185311895,12968500
2025-10-15,67.23025512695312,69.10435194199954,67.09179223867697,68.6197582414091,11247300
2025-10-16,65.32154083251953,67.84341248139916,64.69848424242255,67.37859488093008,19258500
2025-10-17,66.66654205322266,66.96322884085441,64.72815215682702,64.81222133583552,11151500
2025-10-20,68.43680572509766,68.70383218108401,66.90390485409898,66.92863064376462,10016100
2025-10-21,69.27742767333984,69.58400629587784,68.07088173977009,68.25878111555922,9032000
2025-10-22,67.31925964355469,68.60492503757631,67.1610281977407,68.40712629874585,8173400
2025-10-23,68.89173126220703,69.28731367068333,67.29948716876234,67.31926327108584,8199000
2025-10-24,69.0005111694336,70.46419173521221,68.97084324331152,69.3763250209819,8638200
2025-10-27,69.4752197265625,71.07735562373576,69.35654047835499,70.07355056155566,18821300
2025-10-28,72.21466064453125,78.34133581875129,72.02676128128265,75.36948061648276,83722300
2025-10-29,68.91150665283203,71.92787153044175,68.55053431346258,71.89819605938679,38505400
2025-10-30,67.1808090209961,69.98948340255092,67.15114109439882,69.06479781243178,19550800
2025-10-31,68.50602722167969,68.81261340439048,66.87423088465073,67.51705608638893,18370100
2025-11-03,67.5862808227539,69.5741148308498,66.95828961175461,68.75821669784249,14619000
2025-11-04,65.35121154785156,66.54687723549827,65.22264047697516,66.48852981231241,19711800
2025-11-05,67.30937194824219,67.45771912515025,65.17319825461894,65.2918699599447,13606100
2025-11-06,65.52922821044922,67.31926351460736,65.4797766365854,67.05224463339486,11480200
2025-11-07,65.48966979980469,65.78141447391586,64.06554895020972,64.7776093750072,13449300
2025-11-10,65.51933288574219,66.68631904121524,65.01693238684345,66.32039703182735,11129900
2025-11-11,66.65665435791016,67.20058394154415,65.49955996946521,65.51933607176521,10032500
2025-11-12,66.45884704589844,67.24013502797364,66.16216027811976,66.78520928117982,10134000
2025-11-13,64.60948181152344,66.53797237985052,64.43146671712013,65.77646797588945,14185800
2025-11-14,62.117279052734375,63.93698611269917,62.0579394258155,63.40294078830585,21979900
2025-11-17,61.20742416381836,62.47330603465737,60.614042980018965,62.11727958795307,20632700
2025-11-18,60.03054428100586,60.96017572211765,59.80308138922186,60.71293295635785,18446600
2025-11-19,59.58448028564453,60.22879529836052,58.64278504099393,60.08010896373993,25061900
2025-11-20,57.59700775146485,60.18419003474623,57.49292618368701,60.04541461104245,21059300
2025-11-21,60.04045867919922,60.42704844900403,57.532578739754896,57.73083097029107,20849400
2025-11-24,60.03054428100586,60.29818420947559,59.32674871443145,60.08010639042324,21013500
2025-11-25,60.68478012084961,61.43317674616723,60.189151413639394,60.32792684664274,11065200
2025-11-26,61.28944396972656,61.61655693001602,60.63521048645421,60.86320300529884,8335300
2025-11-28,62.14192199707031,62.50373259411856,61.58682030035634,61.685944522956206,7875900
2025-12-01,62.03289031982422,62.65737976340992,61.28944726487722,61.50752132301243,10923300
2025-12-02,62.3500862121582,63.27690937546914,61.60664323084318,62.36990803074165,10834100
2025-12-03,60.7046012878418,63.37108217653565,59.881855878935816,62.30052243212979,24402800
2025-12-04,61.19031524658203,61.5570794042172,59.85707291202555,59.97106917010837,15994300
2025-12-05,61.73550415039063,62.38973382472889,60.94249905745735,61.1308365853582,11152900
2025-12-08,60.58564758300781,61.96349468106959,60.45678685133278,61.87923871466361,12544000
2025-12-09,60.24861907958984,60.96232556452249,59.96115732880008,60.21888256983319,13214700
2025-12-10,60.62529754638672,60.9385367350879,59.63404022628141,59.961156956962526,19985100
2025-12-11,61.150665283203125,61.24979328818314,59.326751586385015,59.54978676158,14023800
2025-12-12,61.12092971801758,61.6066474965676,60.466700000414505,60.54600240562545,15964000
2025-12-15,60.20897674560547,62.27079019205071,60.09498047966582,61.41830821445768,18187500
2025-12-16,60.79381561279297,61.60267971154274,60.41713675778005,61.15066508552725,17316800
2025-12-17,59.65386962890625,61.864373139881565,59.60430751601111,60.85329015516403,16357800
2025-12-18,58.92033386230469,59.79264136449961,58.39992603702812,59.06902397315319,23734500
2025-12-19,59.287105560302734,59.58943936524654,58.2859334838619,58.40488331128913,31927500
2025-12-22,59.33666229248047,60.01567111959401,59.23753429415793,59.43578650945651,13976100
2025-12-23,58.89059829711914,59.54482798892076,58.42470613824568,59.3069283453638,12153600
2025-12-24,59.51509475708008,59.6191763295377,58.79147731426981,58.81328434163995,5491700
2025-12-26,59.44570541381836,59.58448083996063,59.01450709857909,59.475441924749774,7537800
2025-12-29,58.96990203857422,59.61421705407627,58.60809143820752,59.3267515120147,12910100
2025-12-30,58.58330535888672,59.07893401262128,58.56348354032229,58.94015859459105,11277900
2025-12-31,57.86960220336914,58.52383186978282,57.82995100386613,58.51391717923381,13027300
2026-01-02,57.63169860839844,58.28592827277673,57.145984650710425,58.157063765466106,14693100
2026-01-05,58.77164840698242,59.5795217751977,57.393801313832114,57.50283644455002,17115900
2026-01-06,59.287105560302734,59.411012733432266,58.46436011567617,58.75182566485992,11110800
2026-01-07,57.99846649169922,59.60925970230722,57.74569858737346,59.34162354259133,18044300
2026-01-08,57.76056671142578,58.48418412909192,57.26493803236568,57.51275237189573,13105200
2026-01-09,57.15589904785156,58.34540863240614,56.77922019345082,58.28593182970705,15061500
2026-01-12,56.78913497924805,57.27484896738676,56.26376600789711,57.10633703147852,19898900
2026-01-13,56.06551361083984,56.79904188693276,55.78300543481076,56.709828579694815,15900500
2026-01-14,57.15589904785156,57.28476356302621,55.778051926769976,55.90691644194463,16039900
2026-01-15,56.24394607543945,57.356134721252126,56.10516686425383,57.23520346725558,16405300
2026-01-16,56.39263153076172,56.47193393590948,55.74831650499685,56.29350730567384,15116900
2026-01-20,54.59845352172852,55.58673489519391,54.53401937761204,55.09408216830334,19744400
2026-01-21,55.40137100219727,55.83752664299935,54.61332324795155,55.034606852624535,15117000
2026-01-22,56.65035629272461,57.046856944512925,56.055599643022354,56.09525084260514,14540700
2026-01-23,56.12499237060547,56.48680298179696,55.91682922620059,56.3331592963572,8758900
2026-01-26,56.105167388916016,56.62062169124225,56.00108581556364,56.07543087691445,9971400
2026-01-27,55.02469253540039,56.134903463754426,54.72236252962833,56.00603895252025,14240700
2026-01-28,53.607200622558594,55.00487336920768,53.17600230341007,54.52906650191085,19222700
2026-01-29,52.64567947387695,53.6964098649804,52.070748384796616,53.64684775279856,19463500
2026-01-30,52.22934722900391,52.4870762517293,51.604857835196896,51.98153289710845,18607800
2026-02-02,51.87249374389648,52.97278611583662,51.86456047930925,52.04100566146834,27452900
2026-02-03,41.33543014526367,43.31794474425621,41.067790220638095,42.51006762510498,141690600
2026-02-04,40.67128753662109,41.4742073450126,39.61064248307429,41.23630391911438,58018000
2026-02-05,39.55117034912109,40.65146284719098,38.5400873837476,40.24504747907145,42842800
2026-02-06,40.06661987304688,40.25496118773362,39.03571511313415,39.89810794027101,34921700
2026-02-09,40.79024124145508,40.909191064026,39.46195624848194,39.85845691750058,26034300
2026-02-10,41.12726974487305,41.97974790259164,40.39373763085151,40.39373763085151,22787700
2026-02-11,40.10626983642578,41.25612816423719,39.66020329086391,41.137178345869536,21538900
2026-02-12,38.73833847045898,39.93280159294512,38.123756200132085,39.93280159294512,28004800
2026-02-13,39.93775939941406,40.01705802083658,38.747259114470246,38.89693994182176,25092400
2026-02-17,40.45321273803711,41.23630314987001,40.01705709558443,40.1459216064315,20342500
2026-02-18,41.08761978149414,41.394907153900654,40.235137816727296,40.4135644503458,17925500
2026-02-19,41.36516952514648,41.424646328528965,40.49286198227068,40.74563366996274,24646900
2026-02-20,41.285865783691406,42.43572403710832,41.150062512544615,41.21152073401671,23174000
2026-02-23,43.66488265991211,45.29054400274089,40.1707029981402,40.686153458896165,75619500
2026-02-24,46.60892105102539,47.58035280026928,42.65380256071046,43.114737379716935,58557200
2026-02-25,46.90629577636719,48.07597970890603,46.03894562697971,46.965772576467096,42794100
2026-02-26,45.1319465637207,47.312713520347046,44.10599534344299,47.08472478043497,48091800
2026-02-27,45.80600357055664,46.01416671714282,45.02290931662172,45.40950287915634,23641200
2026-03-02,45.231075286865234,45.5532346914828,44.24972881733502,44.4281554481587,17355300
2026-03-03,45.974517822265625,46.5494451298511,44.26955393795264,44.33894165125869,22406400
2026-03-04,46.48158645629883,47.05825822645883,45.6662947619863,45.785604724062566,14612800
2026-03-05,47.366477966308594,47.63990059189903,46.21811052441971,46.21811052441971,18317700
2026-03-06,46.70032501220703,47.45595983660402,46.088854338989485,46.89917368671469,15900100
2026-03-09,45.89497756958008,46.25887734575696,44.70186647164595,45.785608514956735,18908300
2026-03-10,44.76152038574219,45.55692646735383,44.552727000468266,45.348133082079904,17575900
2026-03-11,45.30836486816406,45.87509197636659,44.5427852780248,45.18905489612028,13794100
2026-03-12,44.10531234741211,45.809472295136096,44.085426720166375,45.03991407118809,15293100
2026-03-13,44.6422119140625,44.99020090115211,43.91839102812062,43.95120250198778,13962500
2026-03-16,45.15922164916992,45.63646909219009,44.93054263715359,44.99019951572996,14460200
2026-03-17,45.86514663696289,46.71026486271782,45.4813612700436,45.57681075559417,21819800
2026-03-18,44.33399200439453,45.81245408641925,44.29422074933535,45.35310860671125,19662700
2026-03-19,43.936283111572266,44.58255267372402,43.28206385047413,43.94125546620906,22744600
2026-03-20,43.75731658935547,44.29421711015623,43.08122427287473,44.07548281089303,31695500
2026-03-23,45.22882461547852,45.47738926126137,43.75731857478397,44.46324505133186,21262500
2026-03-24,43.95616912841797,45.00511219119053,43.737434828792,44.68694976192064,19616500
2026-03-25,44.59249496459961,45.69612257467333,43.946229175324426,44.82117777139658,14861200
2026-03-26,44.94048690795898,45.708053866064425,44.21467862661076,44.224619543212086,14613000
2026-03-27,43.33972930908203,44.532840299089685,43.29995805776288,44.46324250567881,17434200
2026-03-30,44.41352844238281,44.75654886227187,43.667834515873,43.74737702190919,17778200
2026-03-31,44.97031784057617,45.20894158305145,44.02577137383825,44.48313323084956,12695000
2026-04-01,44.37376022338867,45.23876410136615,43.74737627384859,45.029970715784586,15319900
2026-04-02,45.07968521118164,45.15922392716697,43.42424372693591,43.767264158661305,12747700
2026-04-06,45.21887969970703,46.17336702489453,45.06974318859394,45.46147827706586,11006800
2026-04-07,44.61238098144531,45.19899368955612,44.30416325208239,44.83111908057677,10416300
2026-04-08,45.58675765991211,46.08388698572488,45.29345317822454,45.72595705708812,15619000
2026-04-09,45.71601104736328,45.81543918537756,44.64718226868266,45.546988901932494,12716600
2026-04-10,44.98025894165039,45.91486062302678,44.7217495919791,45.65138271136615,13130500
2026-04-13,47.23722457885742,47.60013063792965,44.80129403475597,44.84305271404472,15179300
2026-04-14,47.69458770751953,48.056496271133085,47.42613742221243,47.66475736951051,11045300
2026-04-15,49.285400390625,49.46933960409277,47.62499028542433,48.23645722393281,13074000
2026-04-16,49.52402114868164,49.66321674279117,48.07240074189324,48.112171995294666,13420600
2026-04-17,50.51828002929688,50.90604027029288,49.487231328708845,50.05594963592576,18758600
2026-04-20,51.164546966552734,51.21425913830534,50.150402733058144,50.38902646738447,13091800
2026-04-21,50.58787536621094,51.99972066658122,50.463593049229246,51.71138478091281,13548100
2026-04-22,50.92592239379883,51.164542313629376,50.4785053031225,50.7071843066248,8569700
2026-04-23,49.46436309814453,50.58787632697957,48.887691315855534,50.45364929812472,11581400
2026-04-24,50.1901741027832,50.29954315656733,49.2754580034898,49.51407794556825,8259300
2026-04-27,49.48424911499024,50.26971428970327,49.11338957882095,50.088756227418834,7992800
2026-04-28,49.35499572753906,50.190173093611975,49.171060316051054,49.48425040603007,9761400
2026-04-29,50.64753341674805,51.57219424917452,48.93741114651056,49.12631892143803,18531700
2026-04-30,49.85212707519531,50.16532097087021,49.13625964827631,49.51606641439466,12519900
2026-05-01,50.1504020690918,50.61770482152971,49.99629320086037,50.27965674817377,8765800
2026-05-04,50.10068893432617,50.7668441511241,49.93166679729706,50.21005798430758,13649500
2026-05-05,46.22307968139648,46.44678632846054,44.25444449893391,45.10950742221064,39099400
2026-05-06,46.00434494018555,47.18751128468213,45.49230237846138,46.41696316105287,19820100
2026-05-07,45.95463180541992,46.87432021383068,45.88503400972151,46.16342519251515,14081600
2026-05-08,45.10951232910156,46.10377094473049,45.06974486700108,45.35807698300879,14073700
2026-05-11,44.81123352050781,45.25865063630607,44.7714622673712,44.95540146853144,18994500
2026-05-12,45.179107666015625,45.4376170159531,44.09536568234408,44.68197838530016,25493000
2026-05-13,44.97031784057617,45.47739187103775,44.3290205625193,44.701867552589874,15923800
2026-05-14,44.78140640258789,45.52710032175391,44.36381583560131,45.07968321169522,9719500
2026-05-15,44.15502548217773,44.970317253056926,44.12519893705639,44.53284482249599,16481200
2026-05-18,44.130165100097656,44.97528716294602,43.9661153180537,44.015827488151736,9478900
2026-05-19,43.57835388183594,44.761520185901205,43.558468255785,44.125195323452814,13711800
2026-05-20,44.12022399902344,44.15502289722634,42.68352067025352,43.34470352890416,10991400
2026-05-21,44.045654296875,44.43341453588821,43.57835534378509,43.936285246323486,10925200
2026-05-22,43.97605514526367,44.45329879341087,43.73743521758775,44.04565294023543,10691700
2026-05-26,43.90645599365234,44.18484716493753,43.61315155144763,43.946227244634585,13161000
2026-05-27,43.50875473022461,44.47318678731688,43.3795038428501,44.3121181379204,14170300
2026-05-28,44.204734802246094,44.32404856062295,43.07128064723395,43.45904087997017,17132700
2026-05-29,44.493072509765625,44.94048963993132,44.1699377050462,44.28427911328683,18833300
2026-06-01,44.9305419921875,45.72097950259746,43.94622816297701,44.27433150844873,16231000
2026-06-02,44.27433013916016,44.88082843577252,44.13513455491376,44.35884499484851,11441400
2026-06-03,42.3653564453125,44.24450445462811,42.07204820757321,44.08542324200867,19227300
2026-06-04,42.64466857910156,43.62225350743699,42.64466857910156,43.313015944324434,11255700
2026-06-05,41.18826675415039,42.29652942945067,40.96880759300633,41.786786895981855,23894900
2026-06-08,41.1583366394043,41.31794225864651,40.55482777272912,41.1583366394043,16778100
2026-06-09,41.35784530639648,42.155873415952726,40.96880684081895,41.06357398690001,17585000
2026-06-10,40.5997200012207,41.36283450831213,40.41018570696914,40.89898006994112,14669100
2026-06-11,41.13838958740234,41.1583369603273,40.10095115158971,40.41018490080248,14757100
2026-06-12,41.42767333984375,41.48752687622,40.769299660898064,41.1932517456596,12304100
2026-06-15,42.38530731201172,43.233211409850846,41.996265066404106,42.25363258735469,22555300
2026-06-16,43.54244995117188,43.84171000405765,42.4750866858572,42.604763632085614,19507100
2026-06-17,41.976318359375,44.62976407164343,41.94638969059401,43.48259610435415,19133700
2026-06-18,42.40525817871094,42.7105077888124,41.54738032426483,42.09602442133675,27215200
2026-06-22,42.23567581176758,43.22323815929094,41.97132937173046,42.5000222518047,13179000
2026-06-23,41.59725570678711,42.36535895258861,41.54737966335547,42.02619652983597,13930000
2026-06-24,42.37533187866211,43.27311586551225,41.57730378218317,41.57730378218317,15478100
2026-06-25,42.275577545166016,42.89404881138159,42.22071275970437,42.594788766780376,10371600
2026-06-26,44.18087387084961,44.270652270209474,42.10599699910978,42.17582422024544,33246300
2026-06-29,44.270652770996094,44.629766372497805,43.96640395890704,44.52502173431131,16684300
2026-06-30,43.0736083984375,44.46018294592788,42.1558732226817,44.46018294592788,14229600
2026-07-01,43.9614143371582,44.77939361081689,43.45267261536488,43.75193267555496,22969600
2026-07-02,45.35796737670898,45.3779185552093,44.2955890020318,44.2955890020318,14785400
2026-07-06,44.97890090942383,45.02378820539295,43.67212730638396,44.34047844254263,11504700
2026-07-07,45.53752136230469,45.95149592337082,45.20833264535068,45.31806221766868,10213900
2026-07-08,44.42028045654297,45.16843251707921,43.62225235303061,44.9789020316507,9601100
2026-07-09,45.20833587646485,45.26818941254285,43.712031722198894,43.76190776628144,9104900
2026-07-10,46.20587158203125,46.330563593814645,45.65223874528912,45.8367842926359,10639400
2026-07-13,47.532596588134766,48.31067352681902,46.1709581401391,46.78444451469276,20294200
2026-07-14,47.25328063964844,47.27323181686901,46.31559814206945,46.58493332660019,9416000
2026-07-15,55.38320159912109,55.74231518367654,53.30832480182211,54.709865530728656,90995100
2026-07-16,56.5902214050293,57.52790395103885,55.14379332686382,55.273474082846455,33840900
2026-07-17,56.4206428527832,57.02913667373996,55.55278371109257,56.350815630619344,19847300
2026-07-20,56.68000030517578,57.0191627278429,55.14379381396012,56.35081537437139,24700800
2026-07-21,55.71238708496094,56.769776671940846,54.8644829613144,55.90192137058169,15952100
2026-07-22,55.37322616577149,56.241085295802144,55.09890602675567,55.842069341399664,11187000
2026-07-23,55.86201858520508,55.94182329544128,54.799644065947305,55.33831063884957,13945300
2026-07-24,56.01165008544922,56.3408349994084,55.08394126519463,56.1692579179525,11763000
2026-07-27,55.93184661865234,56.44557708106173,55.34330019063135,56.22113298952495,14864400
2026-07-28,58.17630386352539,58.655120725144336,56.32088614644062,56.62014620929019,22908900
2026-07-29,58.20622634887695,59.32346945228218,57.85709025737407,57.956842339146895,18759500
2026-07-30,57.507957458496094,57.74736399057733,56.515406303127264,57.25857343448752,11974400
2026-07-31,57.06903839111328,57.42815198981554,56.430615906886246,56.96928630493962,9773000
2026-08-03,57.72740936279297,58.10647412212028,57.193727735514166,57.98477308178693,9303200
2026-08-04,58.3957633972168,58.41571457557582,57.03911371118826,57.05906488954729,10322200
2026-08-05,57.78726577758789,59.25364504198711,57.76731459922825,58.92246233075376,8523900
2026-08-06,59.63270568847656,59.642683180250856,57.95684476842258,58.14637905915253,10754100
2026-08-07,58.92445373535156,59.842188873351375,58.66509603859175,59.542925016315735,8413900
2026-08-10,58.92445373535156,58.93443122674502,58.17829567951796,58.191264135150654,6707100
2026-08-11,58.85462951660156,59.29354402783496,58.40573751346614,58.40573751346614,9752300
2026-08-12,59.05413436889648,59.153886450844574,57.74736078570768,58.00672228724952,6141400
2026-08-13,60.440711975097656,60.61029128421867,58.86460312297011,59.602781505486426,9568900
2026-08-14,61.50807189941406,62.156471845690845,59.193788597613896,60.370881425893046,15707800
2026-08-17,60.32100677490234,60.95942924454998,60.00179554007853,60.85967335535624,9233700
2026-08-18,60.28110504150391,61.448220417383176,59.81226187069867,60.0566609477727,9911600
2026-08-19,61.099082946777344,61.67765568122458,60.40080695204029,60.41576938391426,9489000
2026-08-20,62.1464958190918,62.57543662960658,60.79982365929764,60.94945178522028,12019600
2026-08-21,61.39834213256836,62.525558916488826,61.30856373729508,62.13652047207062,11479100
2026-08-24,61.52802658081055,62.02679462779812,61.318544914347335,61.468173045264685,8571900
2026-08-25,62.11656951904297,62.23128403240205,60.91952551284304,61.08910861799288,10337000
2026-08-26,61.65770721435547,61.90709123734709,61.10905931953534,61.67266964688725,11415900
2026-08-27,61.31854248046875,62.15647291836035,61.21878659185186,61.8272841938717,9165000
2026-08-28,53.52778625488281,54.62507442802638,52.49034781154456,53.60260222243764,36340500
2026-08-31,52.53523635864258,53.54773482844394,51.79206927046001,53.25844846412984,19870200
2026-09-01,52.27089309692383,52.789608519614404,52.08135880276936,52.08135880276936,10187200
2026-09-02,54.53529357910156,55.054012777477496,52.22101026653079,52.44046941342392,15056400
2026-09-03,56.68000030517578,56.819654748868444,53.87692252356525,54.67495443946307,15209400
2026-09-04,54.959999084472656,56.13999938964844,54.5099983215332,56.125,13039200
