Date,Close,High,Low,Open,Volume
1998-08-05,15.38507080078125,15.385070800781248,15.385070800781248,15.385070800781248,500
1998-08-06,15.38507080078125,15.385070800781248,15.385070800781248,15.385070800781248,0
1998-08-07,15.38507080078125,15.385070800781248,15.385070800781248,15.385070800781248,0
1998-08-10,15.38507080078125,15.385070800781248,15.385070800781248,15.385070800781248,0
1998-08-11,15.38507080078125,15.385070800781248,15.385070800781248,15.385070800781248,0
1998-08-12,13.973830223083496,13.973830223083496,13.973830223083496,13.973830223083496,1000
1998-08-13,13.973830223083496,13.973830223083496,13.973830223083496,13.973830223083496,0
1998-08-14,14.255967140197754,14.255967140197756,13.973829466819058,13.973829466819058,4000
1998-08-17,14.255967140197754,14.255967140197756,14.255967140197756,14.255967140197756,500
1998-08-18,13.268210411071777,13.268210411071777,13.268210411071777,13.268210411071777,1500
1998-08-19,14.53865909576416,14.538659095764162,14.538659095764162,14.538659095764162,500
1998-08-20,14.53865909576416,14.538659095764162,14.538659095764162,14.538659095764162,0
1998-08-21,14.53865909576416,14.538659095764162,14.538659095764162,14.538659095764162,0
1998-08-24,14.53865909576416,14.538659095764162,14.538659095764162,14.538659095764162,0
1998-08-25,14.53865909576416,14.538659095764162,14.538659095764162,14.538659095764162,0
1998-08-26,14.53865909576416,14.538659095764162,14.538659095764162,14.538659095764162,0
1998-08-27,14.53865909576416,14.538659095764162,14.538659095764162,14.538659095764162,0
1998-08-28,14.53865909576416,12.703381844945255,12.56203760837607,12.56203760837607,1000
1998-08-31,14.53865909576416,14.538659095764162,14.538659095764162,14.538659095764162,0
1998-09-01,14.53865909576416,14.538659095764162,14.538659095764162,14.538659095764162,0
1998-09-02,14.53865909576416,14.538659095764162,14.538659095764162,14.538659095764162,0
1998-09-03,14.53865909576416,14.538659095764162,14.538659095764162,14.538659095764162,0
1998-09-04,14.53865909576416,14.538659095764162,14.538659095764162,14.538659095764162,0
1998-09-07,14.53865909576416,14.538659095764162,14.538659095764162,14.538659095764162,0
1998-09-08,14.53865909576416,14.538659095764162,14.538659095764162,14.538659095764162,0
1998-09-09,14.53865909576416,14.538659095764162,14.538659095764162,14.538659095764162,0
1998-09-10,14.53865909576416,14.538659095764162,14.538659095764162,14.538659095764162,0
1998-09-11,14.53865909576416,14.538659095764162,14.538659095764162,14.538659095764162,0
1998-09-14,14.53865909576416,14.538659095764162,14.538659095764162,14.538659095764162,0
1998-09-15,14.53865909576416,14.538659095764162,14.538659095764162,14.538659095764162,0
1998-09-16,14.53865909576416,14.538659095764162,14.538659095764162,14.538659095764162,0
1998-09-17,14.53865909576416,14.538659095764162,14.538659095764162,14.538659095764162,0
1998-09-18,14.53865909576416,14.538659095764162,14.538659095764162,14.538659095764162,0
1998-09-21,14.53865909576416,14.538659095764162,14.538659095764162,14.538659095764162,0
1998-09-22,14.53865909576416,14.538659095764162,14.538659095764162,14.538659095764162,0
1998-09-23,14.53865909576416,14.538659095764162,14.538659095764162,14.538659095764162,0
1998-09-24,14.53865909576416,14.538659095764162,14.538659095764162,14.538659095764162,0
1998-09-25,14.53865909576416,14.538659095764162,14.538659095764162,14.538659095764162,0
1998-09-28,14.53865909576416,14.538659095764162,14.538659095764162,14.538659095764162,0
1998-09-29,14.53865909576416,14.538659095764162,14.538659095764162,14.538659095764162,0
1998-09-30,14.53865909576416,14.538659095764162,14.538659095764162,14.538659095764162,0
1998-10-01,14.53865909576416,14.538659095764162,14.538659095764162,14.538659095764162,0
1998-10-02,14.53865909576416,14.538659095764162,14.538659095764162,14.538659095764162,0
1998-10-05,14.53865909576416,14.538659095764162,14.538659095764162,14.538659095764162,0
1998-10-06,14.53865909576416,14.538659095764162,14.538659095764162,14.538659095764162,0
1998-10-07,14.53865909576416,14.538659095764162,14.538659095764162,14.538659095764162,0
1998-10-08,14.53865909576416,14.538659095764162,14.538659095764162,14.538659095764162,0
1998-10-09,10.868657112121582,10.868657112121582,10.868657112121582,10.868657112121582,2000
1998-10-12,11.009450912475586,11.009450912475586,11.009450912475586,11.009450912475586,1000
1998-10-13,10.840498924255371,11.057485381619,10.79522395143401,10.79522395143401,3050
1998-10-14,10.840498924255371,10.840498924255371,10.840498924255371,10.840498924255371,0
1998-10-15,11.292141914367676,11.362262742589738,11.221469260449313,11.362262742589738,2250
1998-10-16,11.292141914367676,11.292141914367678,11.292141914367678,11.292141914367678,0
1998-10-19,11.432930946350098,11.432930946350096,11.432930946350096,11.432930946350096,1000
1998-10-20,10.865899085998535,11.292142327903633,10.865899085998535,11.292142327903633,3500
1998-10-21,10.724552154541016,10.724552154541016,10.724552154541016,10.724552154541016,1000
1998-10-22,10.445171356201172,10.445171356201172,10.442411175798066,10.442411175798066,5500
1998-10-23,11.009450912475586,11.009450912475586,10.936017033471138,10.936017033471138,2050
1998-10-26,10.995648384094238,11.218708105943321,10.995648384094238,11.009451397022097,3500
1998-10-27,11.292141914367676,11.292141914367678,11.204353185941642,11.204353185941642,3800
1998-10-28,11.292141914367676,11.292141914367678,11.292141914367678,11.292141914367678,300
1998-10-29,11.292141914367676,11.292141914367678,11.071842354758136,11.235273327676687,10400
1998-10-30,11.292141914367676,11.506368232010459,11.292141914367678,11.292141914367678,16000
1998-11-02,12.251741409301758,12.6697029978431,11.726666672164303,11.726666672164303,3600
1998-11-03,12.251741409301758,12.550995192116627,12.251741409301758,12.550995192116627,100
1998-11-04,12.700620651245117,12.700620651245117,12.31413001761382,12.31413001761382,2100
1998-11-05,12.485841751098633,12.485841751098633,12.251739241140744,12.460444085655604,1700
1998-11-06,12.485841751098633,12.485841751098633,12.152907707098475,12.387010217056364,2538
1998-11-09,12.485841751098633,12.485841751098633,12.485841751098633,12.485841751098633,0
1998-11-10,12.485841751098633,12.485841751098633,12.485841751098633,12.485841751098633,0
1998-11-11,11.907211303710938,11.907211303710938,11.907211303710938,11.907211303710938,600
1998-11-12,11.938681602478027,11.938681602478027,11.715621919163004,11.715621919163004,200
1998-11-13,11.938681602478027,11.938681602478027,11.938681602478027,11.938681602478027,0
1998-11-16,12.421245574951172,12.421245574951172,12.139107841840538,12.139107841840538,2700
1998-11-17,11.997760772705078,12.139106057884067,11.997760772705076,12.139106057884067,600
1998-11-18,11.997760772705078,11.997760772705076,11.997760772705076,11.997760772705076,0
1998-11-19,11.819977760314941,11.819977760314941,11.819977760314941,11.819977760314941,1000
1998-11-20,11.819977760314941,11.819977760314941,11.819977760314941,11.819977760314941,0
1998-11-23,11.819977760314941,12.139107823037051,11.819977760314941,12.139107823037051,9700
1998-11-24,12.110395431518555,12.110395431518555,11.57427789314969,11.856416640270949,11500
1998-11-25,11.432930946350098,11.432930946350096,11.432930946350096,11.432930946350096,100
1998-11-26,11.038161277770996,11.29214006602483,10.727312859032347,11.178953683763481,14000
1998-11-27,11.235271453857422,11.235271453857422,11.150794746800713,11.150794746800713,1000
1998-11-30,10.727311134338379,11.133677972692327,10.727311134338377,10.98128988175853,2165
1998-12-01,10.727311134338379,11.105519074780183,10.727311134338377,10.924973139036375,3300
1998-12-02,10.936017036437988,11.292140441152606,10.936017036437988,11.292140441152606,700
1998-12-03,11.145272254943848,11.263978976419889,10.738905430161514,11.263978976419889,1528
1998-12-04,11.145272254943848,11.145272254943848,11.145272254943848,11.145272254943848,0
1998-12-07,11.292141914367676,11.686914226334206,11.159079257487868,11.159079257487868,7100
1998-12-08,11.292141914367676,11.896170953402835,11.292141914367678,11.46109325045421,5615
1998-12-09,11.133678436279297,11.574276377785223,11.009449238084956,11.574276377785223,5400
1998-12-10,11.009450912475586,11.009450912475586,11.009450912475586,11.009450912475586,100
1998-12-11,11.009450912475586,11.009450912475586,10.803506219611439,10.944851508969386,1500
1998-12-14,11.198832511901855,11.198832511901854,10.789704318368761,10.789704318368761,500
1998-12-15,11.407532691955566,11.407532691955565,11.407532691955565,11.407532691955565,200
1998-12-16,11.407532691955566,11.407532691955565,11.407532691955565,11.407532691955565,0
1998-12-17,11.080123901367188,11.080123901367188,11.080123901367188,11.080123901367188,200
1998-12-18,11.080123901367188,11.286067547526798,11.074602485647048,11.286067547526798,2400
1998-12-21,11.145272254943848,11.145272254943848,10.738905430161514,11.009448411983152,3500
1998-12-22,11.012210845947266,11.012210845947266,11.012210845947266,11.012210845947266,62
1998-12-23,10.727311134338379,10.953130983846386,10.67099333851409,10.953130983846386,2150
1998-12-24,10.727311134338379,10.727311134338377,10.727311134338377,10.727311134338377,0
1998-12-25,10.727311134338379,10.727311134338377,10.727311134338377,10.727311134338377,0
1998-12-28,11.427411079406738,11.427411079406738,10.811787538409463,11.009449557064677,7500
1998-12-29,11.997760772705078,11.997760772705076,11.574277795878256,11.574277795878256,1810
1998-12-30,11.856416702270508,11.85641670227051,11.85641670227051,11.85641670227051,500
1998-12-31,11.856416702270508,11.85641670227051,11.85641670227051,11.85641670227051,0
1999-01-01,11.856416702270508,11.85641670227051,11.85641670227051,11.85641670227051,0
1999-01-04,12.422900199890137,12.422900199890137,12.422900199890137,12.422900199890137,600
1999-01-05,12.257261276245117,12.378729247943669,12.146835081535716,12.257261276245119,3750
1999-01-06,12.257261276245117,12.257261276245119,12.257261276245119,12.257261276245119,600
1999-01-07,12.262778282165527,12.262778282165527,12.257257921732862,12.257257921732862,1800
1999-01-08,11.760345458984375,11.760345458984373,11.760345458984373,11.760345458984373,100
1999-01-11,11.208218574523926,11.594709305963725,11.208218574523926,11.594709305963725,1500
1999-01-12,11.208218574523926,11.208218574523926,11.208218574523926,11.208218574523926,0
1999-01-13,11.208218574523926,11.208218574523926,11.208218574523926,11.208218574523926,0
1999-01-14,11.208218574523926,11.208218574523926,11.208218574523926,11.208218574523926,0
1999-01-15,11.318641662597656,11.318641662597654,11.291035640759041,11.291035640759041,1700
1999-01-18,10.766510009765625,11.318638728215145,10.766510009765625,11.318638728215145,900
1999-01-19,10.887981414794922,10.887981414794922,10.887981414794922,10.887981414794922,1500
1999-01-20,10.71130084991455,10.711300849914553,10.711300849914553,10.711300849914553,100
1999-01-21,10.71130084991455,10.711300849914553,10.711300849914553,10.711300849914553,0
1999-01-22,10.71130084991455,11.059142659658928,10.711300849914553,10.766513952599635,5400
1999-01-25,11.600228309631348,11.60022830963135,10.71130044407854,10.71130044407854,3000
1999-01-26,11.042574882507324,11.318639254570007,11.042574882507324,11.318639254570007,2900
1999-01-27,11.318641662597656,11.318641662597654,11.042577231802591,11.125396350420663,4700
1999-01-28,10.90454387664795,10.90454387664795,10.90454387664795,10.90454387664795,200
1999-01-29,11.37385368347168,11.462194208721384,11.042576187234229,11.042576187234229,2100
1999-02-01,11.318641662597656,11.484279899833803,11.318641662597654,11.484279899833803,2400
1999-02-02,11.876290321350098,11.975673671394363,11.876290321350096,11.975673671394363,1800
1999-02-03,11.870769500732422,11.925982592751605,11.870769500732422,11.925982592751605,800
1999-02-04,11.870769500732422,11.870769500732422,11.870769500732422,11.870769500732422,0
1999-02-05,11.37385368347168,11.594704996595938,11.20821440880189,11.594704996595938,15100
1999-02-08,11.920459747314453,11.920459747314453,11.59470370191719,11.74930013039281,3800
1999-02-09,11.7548246383667,11.7548246383667,11.7548246383667,11.7548246383667,1500
1999-02-10,11.7548246383667,11.7548246383667,11.7548246383667,11.7548246383667,0
1999-02-11,11.16956615447998,11.379375702929282,11.16956615447998,11.379375702929282,1500
1999-02-12,11.16956615447998,12.268302417152542,11.16956615447998,11.765865258169164,6550
1999-02-15,12.257261276245117,12.257261276245119,12.15235649658141,12.15235649658141,600
1999-02-16,12.312475204467773,12.312475204467775,12.091623834358053,12.091623834358053,400
1999-02-17,12.478114128112793,12.533327232173498,12.478114128112793,12.478114128112793,4020
1999-02-18,12.58853816986084,12.58853816986084,12.478113024607277,12.5057190476451,4100
1999-02-19,12.809391021728516,12.809391021728516,12.698964819448904,12.698964819448904,2900
1999-02-22,13.306310653686523,13.306310653686523,12.975033004649418,13.251097536663236,2300
1999-02-23,13.36152172088623,13.36152172088623,13.195882395227502,13.195882395227502,2000
1999-02-24,13.36152172088623,13.36152172088623,13.36152172088623,13.36152172088623,0
1999-02-25,13.223485946655273,13.223485946655273,12.754176228869818,13.195878873196028,2800
1999-02-26,13.223485946655273,13.223485946655273,12.754176228869818,13.168272852838953,590
1999-03-01,12.610626220703125,13.140669545817996,12.422902279782654,13.140669545817996,6430
1999-03-02,12.610626220703125,12.610626220703125,12.422902279782654,12.610626220703125,1939
1999-03-03,12.422900199890137,12.698964648776585,12.422900199890137,12.422900199890137,900
1999-03-04,12.202049255371094,12.610624526877341,12.146836153145422,12.610624526877341,5400
1999-03-05,12.202049255371094,12.202049255371094,12.202049255371094,12.202049255371094,0
1999-03-08,12.03641128540039,12.03641128540039,12.03641128540039,12.03641128540039,600
1999-03-09,11.594706535339355,12.036409220206615,11.594706535339355,12.036409220206615,3300
1999-03-10,11.594706535339355,11.594706535339355,11.594706535339355,11.594706535339355,0
1999-03-11,11.318641662597656,11.74930255375476,11.318641662597654,11.74930255375476,920
1999-03-12,11.318641662597656,11.6940894569753,11.318641662597654,11.517408389762815,2800
1999-03-15,11.318641662597656,11.318641662597654,11.318641662597654,11.318641662597654,0
1999-03-16,11.235823631286621,11.235823631286623,11.2082165536742,11.2082165536742,1400
1999-03-17,11.489801406860352,11.489801406860352,11.489801406860352,11.489801406860352,1500
1999-03-18,11.291038513183594,11.434591126986652,11.291038513183592,11.434591126986652,1532
1999-03-19,11.26343059539795,11.26343059539795,11.26343059539795,11.26343059539795,800
1999-03-22,11.26343059539795,11.26343059539795,11.26343059539795,11.26343059539795,0
1999-03-23,11.26343059539795,11.26343059539795,11.26343059539795,11.26343059539795,1000
1999-03-24,11.235823631286621,11.263429655796712,11.235823631286623,11.263429655796712,1200
1999-03-25,11.589186668395996,11.589186668395996,11.589186668395996,11.589186668395996,1200
1999-03-26,11.98119831085205,12.146836570112638,11.98119831085205,12.036410361870667,1720
1999-03-29,11.98119831085205,11.98119831085205,11.98119831085205,11.98119831085205,500
1999-03-30,12.312475204467773,12.312475204467775,12.152358356051627,12.152358356051627,2500
1999-03-31,12.422900199890137,12.422900199890137,12.312473999094639,12.312473999094639,1100
1999-04-01,12.367685317993164,12.367685317993164,12.367685317993164,12.367685317993164,300
1999-04-02,12.367685317993164,12.367685317993164,12.367685317993164,12.367685317993164,0
1999-04-05,12.367685317993164,12.367685317993164,12.367685317993164,12.367685317993164,0
1999-04-06,12.146836280822754,12.610624659429629,12.146836280822754,12.610624659429629,1200
1999-04-07,12.146836280822754,12.146836280822754,12.146836280822754,12.146836280822754,460
1999-04-08,12.146836280822754,12.610624659429629,12.146836280822754,12.323517367320164,3700
1999-04-09,12.367685317993164,12.809389004447794,12.367685317993164,12.809389004447794,3350
1999-04-12,12.367685317993164,12.367685317993164,12.367685317993164,12.367685317993164,0
1999-04-13,12.367685317993164,12.367685317993164,11.870769592196082,11.870769592196082,1150
1999-04-14,12.113709449768066,12.113709449768066,12.113709449768066,12.113709449768066,44
1999-04-15,12.146836280822754,12.146836280822754,12.0364100752107,12.113708840380076,3300
1999-04-16,12.146836280822754,12.146836280822754,12.13579344964108,12.13579344964108,900
1999-04-19,12.135794639587402,12.698966447845121,12.075061168337808,12.075061168337808,5700
1999-04-20,12.422900199890137,12.698964648776585,12.422900199890137,12.422900199890137,3544
1999-04-21,12.864605903625488,12.864605903625488,12.671361586721117,12.671361586721117,6000
1999-04-22,12.925333976745605,13.03023873430485,12.671355256772928,13.03023873430485,2050
1999-04-23,12.925333976745605,12.925333976745605,12.505715999610644,12.726567289391673,3300
1999-04-26,12.980551719665527,12.980551719665527,12.870125508604975,12.870125508604975,1200
1999-04-27,12.980551719665527,13.33391391009546,12.980551719665527,13.09649829348695,2600
1999-04-28,13.223485946655273,13.262134796396046,13.223485946655273,13.223485946655273,2500
1999-04-29,13.223485946655273,13.223485946655273,13.223485946655273,13.223485946655273,0
1999-04-30,13.223485946655273,13.223485946655273,13.223485946655273,13.223485946655273,0
1999-05-03,13.262140274047852,13.29526772277938,13.179321125667729,13.179321125667729,1150
1999-05-04,13.295263290405273,13.295263290405273,12.853560610897691,12.853560610897691,700
1999-05-05,12.853562355041504,12.853562355041504,12.533327605669196,12.577497879613569,4979
1999-05-06,12.533327102661133,13.251094288726192,12.533327102661133,12.66031650351686,5900
1999-05-07,13.085456848144531,13.140668901978643,13.085456848144531,13.140668901978643,1300
1999-05-10,13.140670776367188,13.140670776367188,13.140670776367188,13.140670776367188,700
1999-05-11,13.140670776367188,13.140670776367188,13.140670776367188,13.140670776367188,1500
1999-05-12,13.140670776367188,13.140670776367188,12.494679755201,12.660319099637437,2500
1999-05-13,13.140670776367188,13.140670776367188,13.140670776367188,13.140670776367188,0
1999-05-14,12.494675636291504,12.505718466234143,11.539492961399903,12.505718466234143,5485
1999-05-17,11.705132484436035,12.781783150840276,11.705132484436035,12.047451794660144,12000
1999-05-18,11.705132484436035,11.705132484436035,11.705132484436035,11.705132484436035,0
1999-05-19,12.781783103942871,12.781783103942873,12.064015995640258,12.174441137554837,1450
1999-05-20,12.064019203186035,12.246221736235691,12.064019203186035,12.246221736235691,500
1999-05-21,12.246217727661133,12.246217727661133,11.56709951341861,11.953589066021475,4000
1999-05-24,12.246217727661133,12.246217727661133,12.246217727661133,12.246217727661133,0
1999-05-25,11.56710147857666,11.56710147857666,10.821727214142193,11.53949440027769,7700
1999-05-26,11.56710147857666,11.56710147857666,11.56710147857666,11.56710147857666,0
1999-05-27,11.086746215820312,11.11435223446479,9.938318358715096,11.108831873217579,12100
1999-05-28,10.076354026794434,11.208218030481039,10.076354026794434,10.20886485748683,14800
1999-05-31,11.153002738952637,11.153002738952635,10.932150365427107,10.932150365427107,3300
1999-06-01,11.042574882507324,11.042574882507324,10.490446138381957,10.876936680510516,3035
1999-06-02,10.490448951721191,10.490448951721191,10.103958305943179,10.435235851881147,15500
1999-06-03,10.490448951721191,10.490448951721191,10.490448951721191,10.490448951721191,0
1999-06-04,10.103957176208496,10.578788307398264,10.103957176208496,10.297202477490531,3900
1999-06-07,10.490448951721191,10.932151644236958,10.490448951721191,10.68921568990443,7400
1999-06-08,10.777556419372559,10.915588644867283,10.77755641937256,10.887981567906955,3500
1999-06-09,10.876941680908203,10.876941680908203,10.711302349660915,10.794121488733314,6900
1999-06-10,10.738908767700195,10.738908767700195,10.738908767700195,10.738908767700195,1300
1999-06-11,10.738908767700195,10.84933392860439,10.738908767700195,10.84933392860439,1000
1999-06-14,10.738908767700195,10.738908767700195,10.738908767700195,10.738908767700195,0
1999-06-15,10.738908767700195,10.738908767700195,10.738908767700195,10.738908767700195,0
1999-06-16,10.849332809448242,10.849332809448244,10.656087481421975,10.816205369904468,1300
1999-06-17,10.656087875366211,10.860376041826823,10.656087875366211,10.860376041826823,4200
1999-06-18,10.766510009765625,10.766510009765625,10.628477830153246,10.766510009765625,2200
1999-06-21,10.628479957580566,10.766512164821872,10.628479957580566,10.766512164821872,1400
1999-06-22,10.766510009765625,10.821723092230968,10.766510009765625,10.821723092230968,25
1999-06-23,10.821724891662598,10.8217248916626,10.622958182977305,10.656085616724143,2340
1999-06-24,10.733386039733887,10.766513478645694,10.49044903047529,10.700257547719787,7630
1999-06-25,10.656087875366211,10.678173537946755,10.435236515072544,10.678173537946755,6800
1999-06-28,10.451801300048828,10.733387193832197,10.451801300048828,10.733387193832197,5820
1999-06-29,10.622960090637207,11.042578188159549,10.545662380312834,10.545662380312834,6600
1999-06-30,11.042574882507324,11.59470362663269,11.042574882507324,11.07018089847279,10575
1999-07-01,11.456672668457031,11.925982361881719,11.429066649532922,11.429066649532922,5400
1999-07-02,11.887335777282715,12.698964893535312,11.887335777282715,12.041931197653312,10500
1999-07-05,12.58853816986084,13.692795941010116,12.58853816986084,12.704485783444696,33510
1999-07-06,13.195879936218262,13.582370570964901,13.195879936218262,13.48850861984656,14250
1999-07-07,13.499552726745605,13.499552726745605,13.085456030257733,13.251094287611938,3800
1999-07-08,13.262140274047852,13.378086871159503,13.140671206861237,13.251097440103141,5305
1999-07-09,12.892210006713867,13.339434120189363,12.892210006713869,13.157231625580659,2550
1999-07-12,12.892210006713867,13.068891085958395,12.892210006713869,12.975029130971953,2200
1999-07-13,13.068889617919922,13.179315806594643,13.057846788432013,13.179315806594643,2300
1999-07-14,13.057846069335938,13.057846069335938,12.809388738153645,13.002632978039163,2000
1999-07-15,12.809391021728516,12.809391021728516,12.704486234873116,12.704486234873116,700
1999-07-16,12.704489707946777,12.820436304245039,12.698968291013154,12.698968291013154,1800
1999-07-19,12.704489707946777,12.704489707946777,12.704489707946777,12.704489707946777,0
1999-07-20,12.820432662963867,12.820432662963867,12.14683578491711,12.53884679794124,5900
1999-07-21,12.146836280822754,12.168921943186103,12.146836280822754,12.168921943186103,500
1999-07-22,12.146836280822754,12.146836280822754,12.146836280822754,12.146836280822754,0
1999-07-23,12.16891860961914,12.168918609619142,11.594704182701145,11.870768568003554,2700
1999-07-26,11.749303817749023,11.749303817749023,11.594707340755441,11.594707340755441,500
1999-07-27,11.594706535339355,11.633355388627457,11.484280337571407,11.484280337571407,2500
1999-07-28,11.484280586242676,11.484280586242676,10.904545668163507,11.40146146267455,5350
1999-07-29,10.90454387664795,11.213735711952664,10.821724766686236,10.98736298660966,5000
1999-07-30,10.821724891662598,12.754175727562986,10.794117819288457,10.794117819288457,9120
1999-08-02,12.754179000854492,12.754179000854492,11.59470799112183,12.146836943080011,7749
1999-08-03,11.594706535339355,11.594706535339355,11.318642094021753,11.318642094021753,325
1999-08-04,11.318641662597656,11.318641662597654,11.208215469038738,11.263428565818197,1000
1999-08-05,11.208218574523926,11.208218574523926,10.766515784109174,11.153006515548972,7700
1999-08-06,11.208218574523926,11.208218574523926,11.208218574523926,11.208218574523926,0
1999-08-09,10.987364768981934,11.07018389237858,10.987364768981934,11.07018389237858,1500
1999-08-10,11.070183753967285,11.070183753967285,10.827247802121542,10.827247802121542,50
1999-08-11,11.070183753967285,11.070183753967285,11.070183753967285,11.070183753967285,0
1999-08-12,11.070183753967285,11.070183753967285,11.070183753967285,11.070183753967285,0
1999-08-13,10.827247619628906,11.042577544758982,10.827247619628904,11.042577544758982,800
1999-08-16,10.876941680908203,11.070185987709639,10.876941680908203,11.070185987709639,50
1999-08-17,11.070183753967285,11.070183753967285,11.014971707794702,11.014971707794702,50
1999-08-18,11.014973640441895,11.014973640441895,10.60087690287795,10.766515176662542,1600
1999-08-19,10.600875854492188,10.678173567533555,10.600875854492188,10.622960464031568,2400
1999-08-20,10.678174018859863,10.678174018859863,10.622960913024224,10.622960913024224,1500
1999-08-23,10.622960090637207,10.794119757685031,10.622960090637207,10.67817319219847,3000
1999-08-24,10.794118881225586,11.208215529657803,10.656086665081514,10.656086665081514,2079
1999-08-25,11.208218574523926,11.208218574523926,11.0701863208815,11.0977934034715,6200
1999-08-26,11.070183753967285,11.268950490115872,11.070183753967285,11.15852429156615,3700
1999-08-27,11.268950462341309,11.268950462341309,11.130918241045505,11.153003901941926,2700
1999-08-30,11.130916595458984,11.130916595458986,11.070182090075049,11.070182090075049,600
1999-08-31,11.070183753967285,11.070183753967285,11.070183753967285,11.070183753967285,2500
1999-09-01,11.070183753967285,11.213737390841011,10.904545509244981,11.213737390841011,14200
1999-09-02,11.070183753967285,11.153003929430714,10.959758608519842,11.153003929430714,202
1999-09-03,10.959756851196289,10.959756851196289,10.628479361767528,10.76099014691861,150
1999-09-06,10.959756851196289,10.959756851196289,10.959756851196289,10.959756851196289,0
1999-09-07,10.628479957580566,10.733384729952565,10.545660843856215,10.733384729952565,497
1999-09-08,10.545663833618164,10.622961554594992,10.545663833618166,10.622961554594992,75
1999-09-09,10.622960090637207,10.816205419550464,10.622960090637207,10.716822047360656,1225
1999-09-10,10.622960090637207,10.667130361265754,10.573268404542304,10.656087530333036,450
1999-09-13,10.667131423950195,10.667131423950195,10.490450323834631,10.573269457875998,280
1999-09-14,10.490448951721191,10.490448951721191,10.380022752041105,10.490448951721191,1100
1999-09-15,10.380024909973145,10.556707076812682,10.380024909973145,10.473886883283754,1800
1999-09-16,10.556707382202148,10.622962275218935,10.380025210251464,10.622962275218935,3150
1999-09-17,10.512534141540527,10.606395038027122,10.51253414154053,10.606395038027122,30
1999-09-20,10.606395721435547,10.606395721435545,10.512534818901154,10.512534818901154,1000
1999-09-21,10.512534141540527,10.51253414154053,10.43523538398945,10.43523538398945,400
1999-09-22,10.435236930847168,10.435236930847168,9.938321087112044,10.103959350656286,7300
1999-09-23,9.938321113586426,10.004577051042057,9.938321113586426,10.004577051042057,2000
1999-09-24,9.938321113586426,9.938321113586426,9.662256638209024,9.894150839650138,1704
1999-09-27,9.66225528717041,9.66225528717041,9.270244292437148,9.573914751650175,5600
1999-09-28,9.330977439880371,9.330977439880371,8.78436999974401,9.165339204603493,3980
1999-09-29,8.784370422363281,9.110126546768644,8.784370422363281,8.94448830352285,2300
1999-09-30,9.110127449035645,9.827894644991444,8.513828239950133,8.916882110708354,17240
1999-10-01,9.827893257141113,9.827893257141113,8.657380667205894,9.496616784621251,18200
1999-10-04,9.275763511657715,9.275763511657717,8.7236352326791,9.05491220006627,6500
1999-10-05,8.767805099487305,8.927922424806079,8.767805099487305,8.845103318332969,1300
1999-10-06,8.927925109863281,9.093563372624908,8.927925109863281,9.010744241244094,2000
1999-10-07,9.0935640335083,9.0935640335083,8.944490007429698,9.010744896108529,1500
1999-10-08,8.944490432739258,9.110128715414886,8.944490432739258,9.027309574077071,3000
1999-10-11,9.027305603027344,9.049390206221387,8.966571101315129,9.049390206221387,580
1999-10-12,8.966572761535645,9.054913296872764,8.966572761535645,8.999700199011501,700
1999-10-13,9.054912567138672,9.13773168070506,9.054912567138672,9.13773168070506,1200
1999-10-14,9.137733459472656,9.220553642263134,8.972095200096438,9.220553642263134,1800
1999-10-15,8.972095489501953,8.972095489501953,8.894797773046706,8.894797773046706,700
1999-10-18,8.894797325134277,8.894797325134277,8.81749908602031,8.81749908602031,1200
1999-10-19,8.894797325134277,8.894797325134277,8.894797325134277,8.894797325134277,0
1999-10-20,8.817498207092285,8.817498207092285,8.773327939587531,8.773327939587531,1200
1999-10-21,8.773327827453613,8.850626057874528,8.773327827453613,8.850626057874528,861
1999-10-22,8.773327827453613,9.562871743923093,8.773327827453613,8.850626057874528,10000
1999-10-25,9.518701553344727,9.518701553344727,9.187424022084477,9.435882433805224,4200
1999-10-26,9.187424659729004,9.248159176387574,8.64633858454163,9.248159176387574,5500
1999-10-27,8.72363567352295,8.800933373210619,8.646337447284193,8.800933373210619,1544
1999-10-28,8.72363567352295,8.800933373210619,8.72363567352295,8.800933373210619,1700
1999-10-29,8.72363567352295,8.872710184742804,8.72363567352295,8.72363567352295,3726
1999-11-01,8.811976432800293,8.889274661058149,8.811976432800293,8.889274661058149,900
1999-11-02,8.889275550842285,8.889275550842285,8.811977314847159,8.811977314847159,300
1999-11-03,8.811976432800293,8.889274661058149,8.811976432800293,8.889274661058149,300
1999-11-04,8.889275550842285,8.889275550842285,8.834062449909887,8.834062449909887,680
1999-11-05,8.834061622619629,8.861667643949431,8.75676339386331,8.861667643949431,1220
1999-11-08,8.756765365600586,8.778850503567941,8.259849498059465,8.778850503567941,2750
1999-11-09,8.259848594665527,8.35923196792451,8.12733778135433,8.337146832372643,12758
1999-11-10,8.21015739440918,8.21015739440918,7.99482691510884,8.138380567975734,2100
1999-11-11,7.994827747344971,8.281935082965715,7.99482774734497,8.066604581250157,7500
1999-11-12,8.15494441986084,8.226720716260543,7.856794296887436,8.226720716260543,2610
1999-11-15,7.856792449951172,8.072122868184975,7.856792449951171,7.928569256029106,5815
1999-11-16,8.050037384033203,8.050037384033203,7.762930698882137,7.978260581107681,6227
1999-11-17,7.967220783233643,8.165987012338098,7.950656535894879,7.950656535894879,3300
1999-11-18,8.165987968444824,8.392360776400668,8.165987968444824,8.237764802329817,3800
1999-11-19,8.315061569213867,8.315061569213867,8.165986511613172,8.243284748134032,6000
1999-11-22,8.165987968444824,8.270892247783658,8.099732550985888,8.099732550985888,6750
1999-11-23,8.199113845825195,8.425486595949673,8.199113845825195,8.270890134822274,4800
1999-11-24,8.199113845825195,8.199113845825195,8.199113845825195,8.199113845825195,0
1999-11-25,8.276412010192871,8.723636646853212,8.276412010192871,8.28193342551549,8000
1999-11-26,8.618730545043945,8.618730545043945,7.735324763898113,7.735324763898113,6900
1999-11-29,8.602167129516602,8.602167129516602,8.52486890375605,8.52486890375605,2861
1999-11-30,8.602167129516602,8.602167129516602,8.370272978786026,8.52486890375605,3386
1999-12-01,8.44757080078125,8.44757080078125,8.22671896340039,8.37027257871529,2310
1999-12-02,8.226720809936523,8.28193391331241,7.729804985758249,8.28193391331241,6450
1999-12-03,8.28193473815918,8.359232985273774,8.138381076325459,8.28193473815918,4647
1999-12-06,8.28193473815918,8.28193473815918,7.9230511101261065,8.138381076325459,4100
1999-12-07,7.923050880432129,7.923050880432129,7.713241809961772,7.851274051596122,7900
1999-12-08,7.713240146636963,7.713240146636963,7.277058378195063,7.67459076925908,6053
1999-12-09,7.277060031890869,7.409570859025001,7.27706003189087,7.343315445457936,6400
1999-12-10,7.277060031890869,7.288102337543104,7.221846923976038,7.288102337543104,230
1999-12-13,7.000993251800537,7.288099949864512,7.000993251800538,7.288099949864512,3800
1999-12-14,7.000993251800537,7.000993251800538,6.404694198501235,6.940258747681411,13700
1999-12-15,6.967865943908691,6.9678659439086905,6.719408069568144,6.907131960663565,15300
1999-12-16,6.879525184631348,7.133504465343623,6.818791203403812,6.940259165858884,8083
1999-12-17,7.133507251739502,7.669072568936009,7.067251830006628,7.067251830006628,5554
1999-12-20,7.669071674346924,7.7408485044893345,7.359879215775864,7.7408485044893345,4900
1999-12-21,7.42613410949707,7.42613410949707,7.227367881410098,7.359878700134746,3900
1999-12-22,7.293622016906738,7.658026968030063,7.227366619116234,7.227366619116234,12671
1999-12-23,7.6580281257629395,7.65802812576294,7.619379269513358,7.619379269513358,100
1999-12-24,7.6580281257629395,7.65802812576294,7.65802812576294,7.65802812576294,0
1999-12-27,7.619379997253418,8.005870176317101,7.619379997253418,7.619379997253418,4690
1999-12-28,8.005866050720215,8.43652628394538,7.895440417399782,7.895440417399782,9235
1999-12-29,8.436532974243164,8.436532974243164,8.171511244107899,8.270894129632937,2800
1999-12-30,8.28193473815918,8.431009816190635,8.226721629284292,8.431009816190635,6566
1999-12-31,8.28193473815918,8.28193473815918,8.28193473815918,8.28193473815918,0
2000-01-03,8.28193473815918,8.28193473815918,8.138381076325459,8.28193473815918,1630
2000-01-04,8.21015739440918,8.21015739440918,7.99482691510884,8.138380567975734,2800
2000-01-05,7.994827747344971,7.99482774734497,7.851274606085849,7.923051439991036,2880
2000-01-06,7.994827747344971,7.99482774734497,7.99482774734497,7.99482774734497,0
2000-01-07,7.867836952209473,8.154944237596059,7.867836952209473,8.154944237596059,2807
2000-01-10,7.867836952209473,7.867836952209473,7.72428330951618,7.796060130862826,3200
2000-01-11,7.796060562133789,7.867837387451064,7.796060562133789,7.867837387451064,4300
2000-01-12,7.796060562133789,7.796060562133789,7.796060562133789,7.796060562133789,0
2000-01-13,7.663548946380615,7.729804349043422,7.663548946380614,7.674591250215515,1350
2000-01-14,7.729803562164307,7.729803562164307,7.729803562164307,7.729803562164307,830
2000-01-17,7.735326290130615,7.735326290130615,7.663549467394969,7.663549467394969,1500
2000-01-18,7.6028151512146,7.669070555553255,7.6028151512146,7.669070555553255,1300
2000-01-19,7.321231842041016,7.470306422173279,7.3212318420410165,7.470306422173279,1850
2000-01-20,7.288100719451904,7.288100719451905,7.188717884441718,7.254973283298877,1100
2000-01-21,7.288100719451904,7.288100719451905,7.288100719451905,7.288100719451905,0
2000-01-24,7.249453067779541,7.249453067779541,7.249453067779541,7.249453067779541,200
2000-01-25,6.349482536315918,7.183197326152288,6.2942694340753125,7.183197326152288,27050
2000-01-26,6.2224931716918945,6.3494825703544215,6.2224931716918945,6.294269467817829,2520
2000-01-27,6.349482536315918,6.349482536315918,6.222493138334159,6.250099162903295,3700
2000-01-28,6.2390570640563965,6.294269641565918,6.2390570640563965,6.294269641565918,1650
2000-01-31,6.3163533210754395,6.349481281181462,6.294268189855112,6.294268189855112,3700
2000-02-01,6.29426908493042,6.4599078559130385,6.29426908493042,6.4599078559130385,3100
2000-02-02,6.2445783615112305,6.2445783615112305,6.2445783615112305,6.2445783615112305,100
2000-02-03,6.299790382385254,6.355003480530976,6.2721838333123925,6.2721838333123925,3800
2000-02-04,6.515119552612305,6.625545200646203,6.244576583291497,6.244576583291497,8100
2000-02-07,6.410216331481934,6.465429432033836,6.410216331481934,6.465429432033836,1860
2000-02-08,6.493036270141602,6.5813768136998,6.404695726583404,6.415738031252593,2750
2000-02-09,6.321874618530273,6.625545562103564,6.321874618530273,6.553768755327983,8100
2000-02-10,6.7194085121154785,6.7194085121154785,6.377088669681676,6.377088669681676,6913
2000-02-11,6.631070137023926,6.818794101673596,6.631070137023926,6.818794101673596,5630
2000-02-14,6.22801399230957,6.631068372677616,6.22801399230957,6.570333855244106,8030
2000-02-15,6.399171829223633,6.454384384259189,6.283224779132702,6.283224779132702,6800
2000-02-16,6.404695510864258,6.4599080854529065,6.299790724008858,6.355003825148664,5361
2000-02-17,6.2445783615112305,6.4654297204691416,6.2445783615112305,6.4654297204691416,1820
2000-02-18,6.183842658996582,6.239055751441179,6.183842658996582,6.239055751441179,300
2000-02-21,5.935384750366211,6.183842611350397,5.902256789844487,6.183842611350397,8885
2000-02-22,5.990599155426025,5.990599155426025,5.990599155426025,5.990599155426025,300
2000-02-23,6.045812129974365,6.045812129974365,6.045812129974365,6.045812129974365,100
2000-02-24,5.935384750366211,5.935384750366211,5.935384750366211,5.935384750366211,860
2000-02-25,5.824960231781006,5.874651919003825,5.8194388161893205,5.8194388161893205,1105
2000-02-28,5.69244909286499,5.797353350379837,5.69244909286499,5.797353350379837,2350
2000-02-29,5.631715297698975,5.797354091333017,5.631715297698975,5.7421409846046,4521
2000-03-01,5.8801727294921875,5.962992382607571,5.675885094289437,5.675885094289437,14200
2000-03-02,6.377089500427246,6.377089500427246,5.92986481765859,5.92986481765859,6279
2000-03-03,6.349482536315918,6.493036180900558,6.349482536315918,6.377089087436221,1850
2000-03-06,6.448867321014404,6.448867321014404,6.404697040176055,6.404697040176055,2700
2000-03-07,6.415738582611084,6.415738582611083,6.239057480310993,6.239057480310993,1130
2000-03-08,6.404695510864258,6.432301534883004,6.404695510864258,6.432301534883004,850
2000-03-09,6.498558044433594,6.498558044433594,6.498558044433594,6.498558044433594,400
2000-03-10,7.508951663970947,7.66906899007594,6.592417441332642,6.592417441332642,16500
2000-03-13,8.475179672241211,8.668424490614544,7.646986239509544,7.646986239509544,9900
2000-03-14,9.126688957214355,9.408274756595059,8.33714464675314,8.33714464675314,20835
2000-03-15,9.043872833251953,9.22055500326207,8.823021437117461,8.988660774045224,4150
2000-03-16,8.944490432739258,9.121171548420598,8.944490432739258,9.121171548420598,9900
2000-03-17,8.39236068725586,8.77885088160326,8.337148103235513,8.75124485286871,17250
2000-03-20,8.53039264678955,9.043872240802859,8.53039264678955,8.580084339302406,9500
2000-03-21,8.353710174560547,8.353710174560547,8.337146455283616,8.337146455283616,1500
2000-03-22,8.8064546585083,8.8064546585083,8.557996792425516,8.580081924376184,4730
2000-03-23,8.751243591308594,8.889275821287901,8.751243591308594,8.889275821287901,4000
2000-03-24,8.381317138671875,8.86166870730431,8.381317138671875,8.640817350858228,1870
2000-03-27,8.326103210449219,8.326103210449219,8.326103210449219,8.326103210449219,100
2000-03-28,8.834061622619629,8.834061622619629,8.447571531940241,8.49174179792925,6500
2000-03-29,8.834061622619629,8.834061622619629,8.66842286188529,8.66842286188529,2800
2000-03-30,8.999699592590332,9.110125780872076,8.97761498679529,8.97761498679529,10200
2000-03-31,8.999699592590332,9.110125780872076,8.889274457410766,8.999699592590332,19603
2000-04-03,9.110127449035645,9.110127449035645,8.834062980883049,8.889276085134043,2950
2000-04-04,8.916882514953613,9.110127862041647,8.916882514953613,9.110127862041647,2300
2000-04-05,8.944490432739258,9.010745324568502,8.944490432739258,9.010745324568502,450
2000-04-06,8.834061622619629,8.977615250359463,8.834061622619629,8.944487814143258,1263
2000-04-07,8.988658905029297,8.988658905029297,8.834062433329205,8.834062433329205,227
2000-04-10,8.889275550842285,8.950009014075846,8.696030224130045,8.696030224130045,1400
2000-04-11,8.889275550842285,8.889275550842285,8.889275550842285,8.889275550842285,0
2000-04-12,8.977616310119629,8.977616310119629,8.977616310119629,8.977616310119629,65
2000-04-13,8.878231048583984,8.878231048583984,8.861666805492023,8.861666805492023,2900
2000-04-14,9.060434341430664,9.060434341430666,9.01074266069796,9.01074266069796,954
2000-04-17,8.624253273010254,8.872711170343326,8.624253273010254,8.872711170343326,2300
2000-04-18,8.65185832977295,8.65185832977295,8.65185832977295,8.65185832977295,1300
2000-04-19,8.778850555419922,8.778850555419922,8.447573483952906,8.502786065921796,3850
2000-04-20,8.088688850402832,8.723637454400224,8.088688850402832,8.723637454400224,4938
2000-04-21,8.088688850402832,8.088688850402832,8.088688850402832,8.088688850402832,0
2000-04-24,8.088688850402832,8.088688850402832,8.088688850402832,8.088688850402832,0
2000-04-25,8.28193473815918,8.524871258795974,8.28193473815918,8.524871258795974,1000
2000-04-26,8.254327774047852,8.408923734052998,8.254327774047852,8.408923734052998,3300
2000-04-27,8.061083793640137,8.18255179728106,8.061083793640137,8.171509490837003,8730
2000-04-28,7.895444393157959,7.9948272499151996,7.89544439315796,7.89544439315796,7146
2000-05-01,7.895444393157959,7.89544439315796,7.89544439315796,7.89544439315796,0
2000-05-02,7.978262424468994,8.121816063487817,7.978262424468995,8.121816063487817,3100
2000-05-03,8.088688850402832,8.088688850402832,8.061082824336541,8.061082824336541,554
2000-05-04,8.143902778625488,8.143902778625488,8.143902778625488,8.143902778625488,500
2000-05-05,8.005866050720215,8.033472590688062,8.005866050720215,8.033472590688062,185
2000-05-08,7.950657844543457,7.950657844543456,7.950657844543456,7.950657844543456,100
2000-05-09,8.15494441986084,8.15494441986084,8.15494441986084,8.15494441986084,500
2000-05-10,7.923050880432129,7.923050880432129,7.923050880432129,7.923050880432129,50
2000-05-11,7.923050880432129,7.923050880432129,7.923050880432129,7.923050880432129,0
2000-05-12,7.923050880432129,7.923050880432129,7.923050880432129,7.923050880432129,0
2000-05-15,7.923050880432129,7.923050880432129,7.923050880432129,7.923050880432129,0
2000-05-16,8.066601753234863,8.066601753234863,8.066601753234863,8.066601753234863,1500
2000-05-17,8.005866050720215,8.005866050720215,7.978259510752369,7.978259510752369,620
2000-05-18,8.226720809936523,8.28193391331241,8.210157089544227,8.210157089544227,2145
2000-05-19,8.171507835388184,8.182550139595204,7.978262509529393,8.171507835388184,705
2000-05-22,8.237762451171875,8.237762451171875,8.237762451171875,8.237762451171875,214
2000-05-23,8.237762451171875,8.237762451171875,8.005868292975396,8.005868292975396,5173
2000-05-24,8.171507835388184,8.171507835388184,8.171507835388184,8.171507835388184,90
2000-05-25,8.171507835388184,8.38131688083308,8.033475610217948,8.116294734699629,12595
2000-05-26,8.408924102783203,8.408924102783203,8.408924102783203,8.408924102783203,100
2000-05-29,8.408924102783203,8.408924102783203,8.408924102783203,8.408924102783203,0
2000-05-30,8.28193473815918,8.408924151399695,8.28193473815918,8.408924151399695,710
2000-05-31,9.110127449035645,9.110127449035645,8.557998512730453,8.557998512730453,4300
2000-06-01,8.916882514953613,8.972095621707684,8.916882514953613,8.972095621707684,1078
2000-06-02,9.082520484924316,9.082520484924316,9.054913409100395,9.082520484924316,550
2000-06-05,9.176383018493652,9.231595067438555,8.834062628282673,9.231595067438555,4812
2000-06-06,9.22607421875,9.22607421875,8.961052576363828,9.093563397556913,1000
2000-06-07,9.088041305541992,9.2260735323195,8.96105190965124,9.09356272098537,3175
2000-06-08,8.955531120300293,8.955531120300293,8.955531120300293,8.955531120300293,2000
2000-06-09,9.215030670166016,9.215030670166016,9.082519874424955,9.082519874424955,2400
2000-06-12,9.082520484924316,9.082520484924316,9.082520484924316,9.082520484924316,300
2000-06-13,9.110127449035645,9.480053878484217,9.110127449035645,9.215032241802295,10110
2000-06-14,8.834061622619629,8.999699856802863,8.834061622619629,8.999699856802863,4135
2000-06-15,8.707073211669922,8.834062608928713,8.707073211669922,8.834062608928713,1501
2000-06-16,8.613211631774902,8.834062996055824,8.580083663857172,8.834062996055824,3776
2000-06-19,8.132858276367188,8.557997773335499,8.132858276367188,8.557997773335499,7300
2000-06-20,8.016911506652832,8.016911506652832,8.016911506652832,8.016911506652832,1050
2000-06-21,7.900964736938477,7.900964736938477,7.900964736938477,7.900964736938477,800
2000-06-22,7.900964736938477,7.900964736938477,7.900964736938477,7.900964736938477,0
2000-06-23,7.542081356048584,7.76293325149019,7.542081356048585,7.652507040493788,960
2000-06-26,7.729803562164307,7.729803562164307,7.646984448904407,7.674590468956986,1800
2000-06-27,7.5641655921936035,7.674591263489273,7.426133371436235,7.536559042731903,3277
2000-06-28,7.980592727661133,7.980592727661132,7.786639704820609,7.786639704820609,590
2000-06-29,7.472893714904785,7.472893714904785,7.472893714904785,7.472893714904785,400
2000-06-30,7.364508152008057,7.364508152008057,7.364508152008057,7.364508152008057,634
2000-07-03,7.472893714904785,7.472893714904785,7.415848508766451,7.415848508766451,3200
2000-07-04,7.2504191398620605,7.4158496093874575,7.2447145095968954,7.335986417745599,5600
2000-07-05,7.3987345695495605,7.3987345695495605,7.335984739038871,7.335984739038871,171
2000-07-06,7.3588032722473145,7.358803272247314,7.301758610367893,7.301758610367893,600
2000-07-07,7.335987091064453,7.335987091064453,7.301760394379003,7.301760394379003,1259
2000-07-10,7.335987091064453,7.335987091064453,7.335987091064453,7.335987091064453,0
2000-07-11,7.159145832061768,7.301758296668482,7.159145832061768,7.301758296668482,800
2000-07-12,7.159145832061768,7.159145832061768,7.159145832061768,7.159145832061768,0
2000-07-13,7.159145832061768,7.159145832061768,7.159145832061768,7.159145832061768,0
2000-07-14,7.2504191398620605,7.4158496093874575,7.250419139862061,7.381622371819951,3561
2000-07-17,7.1477370262146,7.1477370262146,7.1477370262146,7.1477370262146,50
2000-07-18,7.1477370262146,7.1477370262146,7.1477370262146,7.1477370262146,0
2000-07-19,7.256123065948486,7.256123065948485,7.256123065948485,7.256123065948485,500
2000-07-20,7.130622863769531,7.267530692188302,7.130622863769531,7.267530692188302,295
2000-07-21,6.970898151397705,7.1306239761366035,6.970898151397705,7.1306239761366035,4559
2000-07-24,7.290348529815674,7.290348529815674,6.970896936033719,7.130622732924696,6100
2000-07-25,7.216192245483398,7.216192245483399,7.216192245483399,7.216192245483399,700
2000-07-26,7.415848731994629,7.415848731994628,7.330281464234828,7.33598554980164,580
2000-07-27,7.233304023742676,7.233304023742676,7.233304023742676,7.233304023742676,50
2000-07-28,7.415848731994629,7.415848731994628,7.415848731994628,7.415848731994628,2200
2000-07-31,7.518529891967773,7.518529891967773,7.472893943271861,7.472893943271861,2500
2000-08-01,7.529940605163574,7.529940605163573,7.529940605163573,7.529940605163573,2
2000-08-02,7.472893714904785,7.472893714904785,7.472893714904785,7.472893714904785,200
2000-08-03,7.193373680114746,7.404440096521571,7.193373680114746,7.358804144002445,4400
2000-08-04,7.244712829589844,7.4101432607528785,7.1876681722369735,7.221894857844023,1706
2000-08-07,7.130622863769531,7.244712720785174,7.027941720443778,7.142032121482771,5400
2000-08-08,7.130622863769531,7.130622863769531,7.130622863769531,7.130622863769531,200
2000-08-09,7.027942180633545,7.027942180633545,7.027942180633545,7.027942180633545,500
2000-08-10,7.159145832061768,7.159145832061768,6.845398301122319,6.953783534853136,8000
2000-08-11,7.204781532287598,7.330280649201711,7.102100387173925,7.244712846932532,1200
2000-08-14,7.187670707702637,7.307465237631798,7.187670707702637,7.307465237631798,106
2000-08-15,7.1477370262146,7.244713551807662,7.1477370262146,7.193372974255639,738
2000-08-16,7.073580265045166,7.073580265045167,7.073580265045167,7.073580265045167,200
2000-08-17,7.187670707702637,7.187670707702637,6.993717607434131,6.993717607434131,1800
2000-08-18,7.187670707702637,7.187670707702637,6.993717607434131,6.993717607434131,1800
2000-08-21,7.187670707702637,7.187670707702637,7.1705568148387915,7.187670707702637,2300
2000-08-22,7.18196439743042,7.18196439743042,7.18196439743042,7.18196439743042,500
2000-08-23,7.084989547729492,7.1876707291243855,7.084989547729492,7.1876707291243855,377
2000-08-24,7.084989547729492,7.084989547729492,7.084989547729492,7.084989547729492,0
2000-08-25,7.187670707702637,7.187670707702637,7.187670707702637,7.187670707702637,1200
2000-08-28,7.18196439743042,7.18196439743042,7.18196439743042,7.18196439743042,700
2000-08-29,7.18196439743042,7.18196439743042,7.18196439743042,7.18196439743042,0
2000-08-30,7.18196439743042,7.18196439743042,7.18196439743042,7.18196439743042,0
2000-08-31,7.478599548339844,7.478599548339844,7.102102623090375,7.2218971487628005,8689
2000-09-01,7.187670707702637,7.244715385178134,7.187670707702637,7.244715385178134,2600
2000-09-04,7.102100372314453,7.176258916516572,7.096395743370437,7.176258916516572,4200
2000-09-05,7.290348529815674,7.290348529815674,6.988010278266202,7.102100133188329,3350
2000-09-06,7.461486339569092,7.461486339569091,7.187670586642007,7.187670586642007,6400
2000-09-07,7.415848731994629,7.490007284597385,7.415848731994628,7.490007284597385,600
2000-09-08,7.695370197296143,7.923550518606071,7.54134898363368,7.54134898363368,13106
2000-09-11,7.6896653175354,7.6896653175354,7.541348739119856,7.581280062844408,2670
2000-09-12,7.415848731994629,7.415848731994628,7.415848731994628,7.415848731994628,900
2000-09-13,7.415848731994629,7.415848731994628,7.415848731994628,7.415848731994628,0
2000-09-14,7.415848731994629,7.415848731994628,7.33598554980164,7.33598554980164,400
2000-09-15,7.5128254890441895,7.51282548904419,7.51282548904419,7.51282548904419,65
2000-09-18,7.244712829589844,7.244712829589844,7.244712829589844,7.244712829589844,200
2000-09-19,7.193373680114746,7.193373680114746,7.187669594067455,7.187669594067455,1600
2000-09-20,7.170553207397461,7.17055320739746,7.17055320739746,7.17055320739746,600
2000-09-21,7.1477370262146,7.250418181318644,7.10210107817356,7.176259629746102,3210
2000-09-22,7.124919891357422,7.324577595569941,7.096397284466565,7.324577595569941,2900
2000-09-25,7.022240161895752,7.130625429046905,7.022240161895753,7.130625429046905,200
2000-09-26,6.988012313842773,6.988012313842773,6.988012313842773,6.988012313842773,500
2000-09-27,6.942375183105469,6.988011130640842,6.845398658586948,6.988011130640842,5120
2000-09-28,6.69708251953125,6.873922249662234,6.697082519531251,6.873922249662234,3200
2000-09-29,6.6742634773254395,6.6742634773254395,6.389038537747229,6.543060266250694,6250
2000-10-02,6.6742634773254395,6.725604053493261,6.486015060725692,6.577286954346976,3840
2000-10-03,6.6742634773254395,6.6742634773254395,6.6742634773254395,6.6742634773254395,0
2000-10-04,6.520243167877197,6.617219703870138,6.520243167877197,6.577287837034327,1815
2000-10-05,6.520243167877197,6.520243167877197,6.520243167877197,6.520243167877197,0
2000-10-06,6.320585250854492,6.434675129312913,6.292062645234024,6.434675129312913,5800
2000-10-09,6.411856651306152,6.503128546922502,6.4118566513061515,6.4118566513061515,800
2000-10-10,6.600105285644531,6.600105285644531,6.503128757407493,6.503128757407493,2000
2000-10-11,6.4175615310668945,6.560174009535048,6.417561531066895,6.560174009535048,2250
2000-10-12,6.326289653778076,6.560174032231267,6.326289653778076,6.560174032231267,6350
2000-10-13,6.474606990814209,6.47460699081421,6.303471901219964,6.303471901219964,3467
2000-10-16,6.389038562774658,6.389038562774658,6.0410643309745655,6.331993901049597,4824
2000-10-17,6.223609447479248,6.223609447479247,6.103814925053794,6.21790481688196,4000
2000-10-18,6.217904090881348,6.217904090881348,6.138041447938129,6.138041447938129,2500
2000-10-19,6.274949073791504,6.337698368680983,6.217903864602208,6.217903864602208,2600
2000-10-20,6.543061256408691,6.543061256408691,6.360516897518385,6.383334874376738,5400
2000-10-23,6.33199405670166,6.33199405670166,6.314880168142391,6.314880168142391,1900
2000-10-24,6.33199405670166,6.33199405670166,6.33199405670166,6.33199405670166,0
2000-10-25,6.160857677459717,6.166562305774063,6.160857677459717,6.166562305774063,2400
2000-10-26,6.371924877166748,6.371924877166748,6.2806529880794955,6.2806529880794955,250
2000-10-27,6.126633167266846,6.1608604083010725,6.126633167266846,6.1608604083010725,1850
2000-10-30,6.269244194030762,6.360516089874679,6.269244194030762,6.292062167991741,3500
2000-10-31,6.474606990814209,6.47460699081421,6.360516568402411,6.360516568402411,1800
2000-11-01,6.354813575744629,6.44608549415718,6.2749503751218745,6.2749503751218745,5000
2000-11-02,6.537357807159424,6.628629731081075,6.417563271006362,6.417563271006362,5350
2000-11-03,5.647453784942627,6.537355867139306,5.4535012761780886,6.537355867139306,39650
2000-11-06,5.504841327667236,5.727316984930991,5.504841327667236,5.727316984930991,9330
2000-11-07,5.590409278869629,5.590409278869629,5.510546094877409,5.584704649150877,4600
2000-11-08,5.43068265914917,5.670271087972006,5.419273401383468,5.590408459705512,21900
2000-11-09,5.316593170166016,5.504841603425648,5.2766618491786526,5.504841603425648,9650
2000-11-10,5.134050369262695,5.242435637687878,5.134050369262695,5.242435637687878,7200
2000-11-13,4.928688049316406,5.2481397351657995,4.928688049316406,5.191095063275871,11400
2000-11-14,4.877346992492676,4.991436869271331,4.877346992492676,4.951505548404663,1800
2000-11-15,4.945799827575684,4.945799827575684,4.945799827575684,4.945799827575684,425
2000-11-16,5.134050369262695,5.134050369262695,5.0199604698615685,5.0199604698615685,2600
2000-11-17,4.6035308837890625,5.1340495069255425,4.3354195292236675,5.1340495069255425,30841
2000-11-20,4.261260986328125,4.64916685253898,3.9988542608404827,4.592122184227311,101307
2000-11-21,4.1357622146606445,4.278374704821356,4.1357622146606445,4.204216144654969,33201
2000-11-22,4.244148254394531,4.278375223541451,3.6565846040096597,4.192807664668267,148004
2000-11-23,4.107239246368408,4.198511417006887,3.981740385756607,4.1813978000085115,10011
2000-11-24,4.278375148773193,4.278375148773193,3.99315013885498,4.050195086436269,16111
2000-11-27,4.398169040679932,4.4780319557810655,4.266965544150776,4.329715113450388,81014
2000-11-28,4.278375148773193,4.36394270615101,4.215625570427892,4.266966159256935,96944
2000-11-29,4.107239246368408,4.278374328305306,3.9361044364432245,4.278374328305306,104853
2000-11-30,4.238442420959473,4.392463874426057,4.021671677866584,4.135761542652315,92637
2000-12-01,4.529372692108154,4.529372692108154,4.3011926548611354,4.3011926548611354,31113
2000-12-04,4.563599586486816,4.563599586486816,4.449509705629339,4.449509705629339,26594
2000-12-05,4.9914374351501465,4.9914374351501465,4.632053874536515,4.632053874536515,36384
2000-12-06,4.9914374351501465,4.9914374351501465,4.9914374351501465,4.9914374351501465,2440
2000-12-07,5.134050369262695,5.134050369262695,4.991437859005399,5.065596429622019,35750
2000-12-08,5.134050369262695,5.185390959999091,5.134050369262695,5.134050369262695,25147
2000-12-11,5.134050369262695,5.185390959999091,5.134050369262695,5.185390959999091,50766
2000-12-12,5.134050369262695,5.162572980118865,5.134050369262695,5.134050369262695,22800
2000-12-13,5.134050369262695,5.185390959999091,5.134050369262695,5.134050369262695,11000
2000-12-14,5.134050369262695,5.185390959999091,5.134050369262695,5.134050369262695,52750
2000-12-15,5.162572383880615,5.162572383880615,5.134049776318592,5.134049776318592,15100
2000-12-18,5.151163101196289,5.151163101196289,5.0313685851673755,5.13975438463441,99150
2000-12-19,5.134050369262695,5.134050369262695,5.134050369262695,5.134050369262695,18700
2000-12-20,5.156867504119873,5.156867504119873,5.134049527978684,5.134049527978684,1054
2000-12-21,5.134050369262695,5.134050369262695,5.134050369262695,5.134050369262695,4700
2000-12-22,5.134050369262695,5.134050369262695,5.134050369262695,5.134050369262695,16300
2000-12-25,5.134050369262695,5.134050369262695,5.134050369262695,5.134050369262695,0
2000-12-26,5.134050369262695,5.134050369262695,5.134050369262695,5.134050369262695,0
2000-12-27,5.191093921661377,5.191093921661377,5.134048718293212,5.134048718293212,6053
2000-12-28,5.191093921661377,5.191093921661377,5.162571319977295,5.162571319977295,3900
2000-12-29,5.276662349700928,5.350820912871436,5.276662349700928,5.276662349700928,7250
2001-01-01,5.276662349700928,5.276662349700928,5.276662349700928,5.276662349700928,0
2001-01-02,5.5847063064575195,5.618933550903805,5.339412595992651,5.350821858815944,25500
2001-01-03,5.812885761260986,5.92697620630577,5.664569161945178,5.664569161945178,12500
2001-01-04,5.989724159240723,5.989724159240723,5.858520938788605,5.858520938788605,330
2001-01-05,6.006837368011475,6.041064601799662,5.869929520905575,6.041064601799662,4300
2001-01-08,6.126633167266846,6.126633167266846,5.898453373783804,6.04106588071659,28200
2001-01-09,6.035360813140869,6.035360813140869,6.035360813140869,6.035360813140869,1000
2001-01-10,5.989724159240723,5.989724159240723,5.989724159240723,5.989724159240723,100
2001-01-11,6.103814125061035,6.103814125061035,5.989724248185991,5.989724248185991,1200
2001-01-12,6.160857677459717,6.160857677459717,6.046767831289283,6.132335079911283,26145
2001-01-15,6.274949073791504,6.274949073791504,6.132336594841697,6.189381804030994,3055
2001-01-16,6.3662214279174805,6.366221427917481,6.366221427917481,6.366221427917481,200
2001-01-17,6.2977681159973145,6.3890400309500475,6.297768115997315,6.3890400309500475,600
2001-01-18,6.503127098083496,6.503127098083496,6.33199260394179,6.389037253981263,5950
2001-01-19,6.389038562774658,6.4061519068898365,6.389038562774658,6.4061519068898365,1050
2001-01-22,6.389038562774658,6.389038562774658,6.389038562774658,6.389038562774658,0
2001-01-23,6.480311393737793,6.480311393737793,6.446084700558619,6.446084700558619,2300
2001-01-24,6.4460835456848145,6.4460835456848145,6.4460835456848145,6.4460835456848145,50
2001-01-25,6.805467128753662,6.805467128753663,6.457492359594085,6.457492359594085,2254
2001-01-26,6.560174465179443,6.708491583653481,6.560174465179443,6.708491583653481,2500
2001-01-29,6.560174465179443,6.657151000795277,6.560174465179443,6.657151000795277,5100
2001-01-30,6.725605010986328,6.725605010986328,6.657151081024899,6.657151081024899,700
2001-01-31,6.725605010986328,6.725605010986328,6.725605010986328,6.725605010986328,0
2001-02-01,6.571582794189453,6.771239923206874,6.571582794189453,6.731308606208068,5345
2001-02-02,6.565877914428711,6.565877914428711,6.503128082654714,6.560173285354098,36210
2001-02-05,6.508833408355713,6.508833408355713,6.508833408355713,6.508833408355713,700
2001-02-06,6.560174465179443,6.565879095280015,6.560174465179443,6.565879095280015,3300
2001-02-07,6.560174465179443,6.600105787836504,6.503129252220669,6.5373564888006275,3760
2001-02-08,6.560174465179443,6.560174465179443,6.560174465179443,6.560174465179443,0
2001-02-09,6.4175615310668945,6.565878639239398,6.274949052598742,6.474606740063529,21564
2001-02-12,6.503127098083496,6.611512857998085,6.503127098083496,6.514536354505364,5280
2001-02-13,6.617219924926758,6.6970825732193475,6.6001060339867825,6.6001060339867825,5450
2001-02-14,6.657151222229004,6.725605153642403,6.531652075959363,6.531652075959363,18800
2001-02-15,6.771239757537842,6.771239757537842,6.6742632380362314,6.754126414103257,2500
2001-02-16,6.8168745040893555,6.816874504089355,6.816874504089355,6.816874504089355,11700
2001-02-19,6.902442932128906,7.005123528194157,6.902442932128906,6.902442932128906,750
2001-02-20,7.233304023742676,7.335984623281397,7.005123765162885,7.005123765162885,2600
2001-02-21,7.130622863769531,7.130622863769531,7.130622863769531,7.130622863769531,900
2001-02-22,7.335987091064453,7.335987091064453,7.233306456984569,7.233306456984569,3000
2001-02-23,8.727883338928223,9.229879302414215,7.529938364243081,7.529938364243081,45981
2001-02-26,8.157432556152344,8.756404977524499,8.151727927371812,8.670837177886566,13137
2001-02-27,8.328569412231445,8.328569412231445,8.185956926022163,8.27722883015235,3280
2001-02-28,8.92754077911377,9.013108591119419,8.334272900772978,8.334272900772978,2860
2001-03-01,9.01881217956543,9.241287812268748,9.013107550618928,9.013107550618928,8812
2001-03-02,9.212767601013184,9.281222082121367,9.041633030313324,9.150018838715003,17920
2001-03-05,10.096963882446289,10.530504858292337,9.27551570412042,9.298333134826962,35015
2001-03-06,9.583558082580566,10.19394040213786,9.298333126693683,10.19394040213786,14850
2001-03-07,9.144312858581543,9.446650628073623,9.013109090512586,9.446650628073623,7485
2001-03-08,8.95606517791748,9.070155072765287,8.830566021573128,9.013110397353149,3800
2001-03-09,9.412423133850098,9.526513546448824,8.95606311552541,8.95606311552541,13485
2001-03-12,9.241289138793945,9.49799094995402,9.241289138793945,9.412423679567329,7630
2001-03-13,8.978880882263184,9.110084636117904,8.853382301734973,9.110084636117904,7400
2001-03-14,8.362796783447266,9.110086511244841,8.21447965517851,9.110086511244841,12145
2001-03-15,8.899020195007324,8.933246890267226,8.48259141317276,8.48259141317276,8830
2001-03-16,9.218470573425293,9.264106523272076,8.967472849267981,9.030222144301451,15800
2001-03-19,9.127199172973633,9.184244385414104,9.127199172973633,9.127199172973633,895
2001-03-20,9.110087394714355,9.258403993342915,9.110087394714355,9.258403993342915,12503
2001-03-21,9.041630744934082,9.127198008655872,9.041630744934082,9.127198008655872,9600
2001-03-22,7.986298561096191,9.041631088564698,7.986298561096192,9.041631088564698,10755
2001-03-23,8.442657470703125,8.442657470703125,8.10038736004385,8.10038736004385,3400
2001-03-26,8.687952041625977,8.687952041625977,8.562453450617232,8.562453450617232,1500
2001-03-27,8.967472076416016,8.967472076416016,8.562452648414398,8.562452648414398,5943
2001-03-28,8.910426139831543,8.967471339547886,8.727882371176594,8.841972226585938,12050
2001-03-29,8.910426139831543,8.967471339547886,8.784927026869594,8.899017426302281,7197
2001-03-30,9.024518013000488,9.024518013000488,8.89331478595032,9.01310929692039,5700
2001-04-02,9.241289138793945,9.34396921042985,9.155720780360378,9.155720780360378,7700
2001-04-03,9.155719757080078,9.24128810595018,9.155719757080078,9.24128810595018,1045
2001-04-04,9.127199172973633,9.127199172973633,9.127199172973633,9.127199172973633,3400
2001-04-05,9.389604568481445,9.389604568481445,9.127198144101008,9.184243350111,1160
2001-04-06,9.389604568481445,9.389604568481445,9.389604568481445,9.389604568481445,0
2001-04-09,9.435242652893066,9.435242652893066,9.412424132733006,9.412424132733006,2300
2001-04-10,9.389604568481445,9.389604568481445,9.389604568481445,9.389604568481445,100
2001-04-11,9.412423133850098,9.412423133850098,9.252696773821242,9.252696773821242,2800
2001-04-12,9.355379104614258,9.412424318090865,9.304038521290007,9.304038521290007,415
2001-04-13,9.355379104614258,9.355379104614258,9.355379104614258,9.355379104614258,0
2001-04-16,9.355379104614258,9.355379104614258,9.355379104614258,9.355379104614258,0
2001-04-17,9.50369644165039,9.583559089514806,9.406719902937756,9.406719902937756,5800
2001-04-18,9.355379104614258,9.412424318090865,9.355379104614258,9.412424318090865,3400
2001-04-19,9.355379104614258,9.383902255376036,9.155721401469608,9.21847124509857,2650
2001-04-20,9.412423133850098,9.412423133850098,9.355377927550734,9.355377927550734,2515
2001-04-23,9.27551555633545,9.27551555633545,9.27551555633545,9.27551555633545,35
2001-04-24,9.167129516601562,9.269810670422968,9.167129516601562,9.269810670422968,400
2001-04-25,9.184242248535156,9.184242248535156,9.184242248535156,9.184242248535156,100
2001-04-26,9.184242248535156,9.184242248535156,9.184242248535156,9.184242248535156,1400
2001-04-27,9.184242248535156,9.184242248535156,9.184242248535156,9.184242248535156,0
2001-04-30,9.412423133850098,9.412423133850098,9.315446609555224,9.315446609555224,3430
2001-05-01,9.412423133850098,9.412423133850098,9.412423133850098,9.412423133850098,0
2001-05-02,9.298334121704102,9.412424551486362,9.298334121704102,9.298334121704102,3070
2001-05-03,9.349674224853516,9.44094612876062,9.26981158094653,9.26981158094653,7700
2001-05-04,9.281219482421875,9.412422689077797,9.281219482421875,9.412422689077797,2200
2001-05-07,9.412423133850098,9.412423133850098,9.412423133850098,9.412423133850098,200
2001-05-08,9.184242248535156,9.281218760706551,9.184242248535156,9.281218760706551,1300
2001-05-09,9.241289138793945,9.298333260353823,9.172834669656467,9.298333260353823,1050
2001-05-10,9.372491836547852,9.372491836547852,9.241288623402404,9.372491836547852,2900
2001-05-11,9.469468116760254,9.606375955820917,9.298332501899333,9.355377706852973,15230
2001-05-14,9.583558082580566,9.583558082580566,9.423832803633902,9.555036022210622,12200
2001-05-15,9.583558082580566,9.583558082580566,9.583558082580566,9.583558082580566,40
2001-05-16,9.412423133850098,9.640602871000736,9.412423133850098,9.640602871000736,250
2001-05-17,9.555035591125488,9.555035591125488,9.555035591125488,9.555035591125488,10000
2001-05-18,9.555035591125488,9.555035591125488,9.555035591125488,9.555035591125488,500
2001-05-21,9.726170539855957,9.726170539855957,9.566445261248708,9.691943849875384,4000
2001-05-22,9.726170539855957,9.726170539855957,9.726170539855957,9.726170539855957,200
2001-05-23,9.560742378234863,9.691945620502372,9.555037747521443,9.594969074468331,2150
2001-05-24,9.560742378234863,9.560742378234863,9.560742378234863,9.560742378234863,0
2001-05-25,9.549330711364746,9.549330711364746,9.549330711364746,9.549330711364746,1300
2001-05-28,9.549330711364746,9.549330711364746,9.549330711364746,9.549330711364746,0
2001-05-29,9.549330711364746,9.549330711364746,9.549330711364746,9.549330711364746,0
2001-05-30,9.549330711364746,9.549330711364746,9.549330711364746,9.549330711364746,0
2001-05-31,9.697647094726562,9.697647094726562,9.423831437889021,9.423831437889021,2800
2001-06-01,9.583558082580566,9.583558082580566,9.555036022210622,9.566445281577343,2715
2001-06-04,9.583558082580566,9.583558082580566,9.583558082580566,9.583558082580566,0
2001-06-05,10.125483512878418,10.148302026155722,9.72046469462565,9.72046469462565,3600
2001-06-06,10.450643539428711,10.450643539428711,10.154009286429067,10.268099718520315,2800
2001-06-07,10.450643539428711,10.450643539428711,10.450643539428711,10.450643539428711,0
2001-06-08,10.32514476776123,10.32514476776123,10.32514476776123,10.32514476776123,700
2001-06-11,10.370779037475586,10.399301096380594,10.273802513933033,10.330847719789853,4800
2001-06-12,10.387892723083496,10.553323725365246,10.387892723083496,10.439233303926322,14700
2001-06-13,10.399299621582031,10.41070887874473,10.382186823884636,10.393594993000685,2440
2001-06-14,10.382187843322754,10.382187843322754,10.382187843322754,10.382187843322754,400
2001-06-15,10.684525489807129,10.684525489807129,10.382187763946833,10.382187763946833,2617
2001-06-18,10.467754364013672,10.536207732776662,10.467754364013672,10.536207732776662,2200
2001-06-19,10.513392448425293,10.513392448425293,10.410711286308446,10.410711286308446,2500
2001-06-20,10.382187843322754,10.41070990098346,10.382187843322754,10.382187843322754,1900
2001-06-21,10.382187843322754,10.513391049436803,10.382187843322754,10.38789138441749,5100
2001-06-22,10.642335891723633,10.760584519379336,10.642335891723633,10.760584519379336,11000
2001-06-25,10.642335891723633,10.7369343427672,10.583211577895781,10.642335891723633,13267
2001-06-26,10.701459884643555,10.79605833285037,10.642335572588681,10.642335572588681,5824
2001-06-27,10.84926700592041,10.84926700592041,10.642332536612518,10.671894120355589,15935
2001-06-28,11.085765838623047,11.085765838623047,10.642335205078124,10.695546971319708,7550
2001-06-29,11.085765838623047,11.085765838623047,10.760583825104403,10.93204308366985,4700
2001-07-02,10.66007137298584,10.813794106836088,10.660071372985838,10.813794106836088,1630
2001-07-03,10.642335891723633,10.660073524182735,10.642335891723633,10.642335891723633,1400
2001-07-04,10.772406578063965,10.772406578063963,10.642334012769604,10.648246555878751,7400
2001-07-05,10.731021881103516,10.878832102958118,10.731021881103516,10.878832102958118,2100
2001-07-06,10.878830909729004,10.878830909729006,10.642334806241882,10.642334806241882,3100
2001-07-09,10.760581016540527,10.914302603669228,10.760581016540527,10.878828478001228,4235
2001-07-10,10.914306640625,10.914306640625,10.70146068018797,10.70146068018797,1200
2001-07-11,10.760581016540527,10.926127688125934,10.760581016540527,10.926127688125934,2200
2001-07-12,10.760581016540527,10.760581016540527,10.760581016540527,10.760581016540527,0
2001-07-13,10.642335891723633,10.642335891723633,10.642335891723633,10.642335891723633,11800
2001-07-16,10.642335891723633,10.642335891723633,10.642335891723633,10.642335891723633,32
2001-07-17,10.642335891723633,10.642335891723633,10.642335891723633,10.642335891723633,2000
2001-07-18,10.642335891723633,10.642335891723633,10.642335891723633,10.642335891723633,2500
2001-07-19,10.642335891723633,10.642335891723633,10.642335891723633,10.642335891723633,900
2001-07-20,10.701459884643555,10.701459884643555,10.524086948478937,10.642335572588681,15050
2001-07-23,10.642335891723633,10.760584519379336,10.642335891723633,10.642335891723633,5750
2001-07-24,10.642335891723633,10.642335891723633,10.642335891723633,10.642335891723633,3770
2001-07-25,10.642335891723633,10.760584519379336,10.642335891723633,10.642335891723633,664
2001-07-26,10.642335891723633,10.648248435876667,10.642335891723633,10.642335891723633,3050
2001-07-27,10.642335891723633,10.642335891723633,10.642335891723633,10.642335891723633,3215
2001-07-30,10.642335891723633,10.642335891723633,10.642335891723633,10.642335891723633,2800
2001-07-31,10.642335891723633,10.648248435876667,10.642335891723633,10.642335891723633,6450
2001-08-01,10.642335891723633,10.642335891723633,10.642335891723633,10.642335891723633,1078
2001-08-02,10.642335891723633,10.760584519379336,10.642335891723633,10.760584519379336,6240
2001-08-03,10.642335891723633,10.642335891723633,10.642335891723633,10.642335891723633,1620
2001-08-06,10.642335891723633,10.648248435876667,10.642335891723633,10.648248435876667,2383
2001-08-07,10.642335891723633,10.648248435876667,10.642335891723633,10.648248435876667,170
2001-08-08,10.642335891723633,10.642335891723633,10.642335891723633,10.642335891723633,3480
2001-08-09,10.642335891723633,10.748759431073267,10.642335891723633,10.642335891723633,1825
2001-08-10,10.642335891723633,10.642335891723633,10.642335891723633,10.642335891723633,8300
2001-08-13,10.642335891723633,10.642335891723633,10.642335891723633,10.642335891723633,2370
2001-08-14,10.701459884643555,10.701459884643555,10.642335572588681,10.642335572588681,2551
2001-08-15,10.642335891723633,10.642335891723633,10.642335891723633,10.642335891723633,1400
2001-08-16,10.642335891723633,10.642335891723633,10.642335891723633,10.642335891723633,6185
2001-08-17,10.642335891723633,10.642335891723633,10.642335891723633,10.642335891723633,9945
2001-08-20,10.642335891723633,10.642335891723633,10.494525671005249,10.642335891723633,47431
2001-08-21,10.642335891723633,10.642335891723633,10.642335891723633,10.642335891723633,5600
2001-08-22,10.654159545898438,10.654159545898438,10.642334459184116,10.642334459184116,16600
2001-08-23,10.642335891723633,10.642335891723633,10.642335891723633,10.642335891723633,95
2001-08-24,10.642335891723633,10.642335891723633,10.642335891723633,10.642335891723633,4182
2001-08-27,10.642335891723633,10.642335891723633,10.494525671005249,10.642335891723633,17492
2001-08-28,10.671896934509277,10.671896934509277,10.642335342970885,10.642335342970885,400
2001-08-29,10.642335891723633,10.642335891723633,10.642335891723633,10.642335891723633,1800
2001-08-30,10.642335891723633,10.642335891723633,10.642335891723633,10.642335891723633,3172
2001-08-31,10.642335891723633,10.642335891723633,10.642335891723633,10.642335891723633,6376
2001-09-03,10.642335891723633,10.642335891723633,10.642335891723633,10.642335891723633,3529
2001-09-04,10.642335891723633,10.642335891723633,10.494525671005249,10.642335891723633,5563
2001-09-05,10.524083137512207,10.524083137512207,10.524083137512207,10.524083137512207,800
2001-09-06,10.642335891723633,10.642335891723633,10.642335891723633,10.642335891723633,200
2001-09-07,10.494522094726562,10.494522094726562,10.494522094726562,10.494522094726562,2000
2001-09-10,10.583209991455078,10.642334296420097,10.494524097858708,10.494524097858708,12300
2001-09-11,10.636422157287598,10.636422157287598,10.524086086356046,10.636422157287598,2000
2001-09-12,11.38138484954834,12.41605619950728,10.642333885291954,10.937954270994508,3965
2001-09-13,11.718391418457031,11.88393923349588,11.546932188329501,11.546932188329501,1820
2001-09-14,10.991166114807129,10.991166114807129,10.654159052957793,10.937954354756993,1557
2001-09-17,11.67700481414795,11.82481500166881,10.837442903921374,10.837442903921374,2199
2001-09-18,10.736929893493652,10.878827511258084,10.583207192323343,10.878827511258084,2815
2001-09-19,10.494522094726562,10.648244807213006,10.204814296168223,10.648244807213006,12080
2001-09-20,10.293502807617188,10.494524780961658,10.145692599434629,10.464963190406104,3850
2001-09-21,9.932845115661621,10.151604710642006,9.578101533296977,10.151604710642006,7500
2001-09-24,9.820510864257812,10.074744609799112,9.820510864257814,10.074744609799112,1901
2001-09-25,10.045180320739746,10.045180320739746,9.962406975668681,9.962406975668681,2200
2001-09-26,10.192991256713867,10.192991256713867,10.192991256713867,10.192991256713867,1300
2001-09-27,10.19890308380127,10.19890308380127,10.19890308380127,10.19890308380127,20
2001-09-28,10.642335891723633,10.642335891723633,10.198905229568481,10.346715450286865,5137
2001-10-01,10.648245811462402,10.648245811462402,10.648245811462402,10.648245811462402,100
2001-10-02,10.890656471252441,10.890656471252441,10.713284667835946,10.713284667835946,278
2001-10-03,10.731021881103516,10.902482279752052,10.731021881103516,10.872919558759634,2250
2001-10-04,10.67780876159668,10.831531508222838,10.67780876159668,10.831531508222838,950
2001-10-05,10.583209991455078,10.583209991455078,10.583209991455078,10.583209991455078,100
2001-10-08,10.57729721069336,10.890655230580428,10.53591053645781,10.890655230580428,4335
2001-10-09,10.618684768676758,10.701459251739124,10.258028629106583,10.701459251739124,8400
2001-10-10,10.323063850402832,10.346714023754247,10.323063850402832,10.346714023754247,750
2001-10-11,10.494522094726562,10.618682096522091,10.323061755825568,10.328974297963752,3620
2001-10-12,10.618684768676758,10.61868476867676,10.61868476867676,10.61868476867676,530
2001-10-15,10.671896934509277,10.926130681468193,10.624597711426393,10.624597711426393,7700
2001-10-16,10.825618743896484,10.979341487386238,10.671896000406731,10.671896000406731,1154
2001-10-17,10.908394813537598,10.908394813537598,10.908394813537598,10.908394813537598,300
2001-10-18,11.097590446472168,11.097590446472168,10.93795515464766,10.93795515464766,1600
2001-10-19,11.233574867248535,11.233574867248535,11.073939585328558,11.115326259670264,1700
2001-10-22,11.073938369750977,11.233573634147916,11.073938369750977,11.073938369750977,1416
2001-10-23,11.233574867248535,11.233574867248535,11.1744505634594,11.1744505634594,27550
2001-10-24,11.233574867248535,11.263136455291955,11.233574867248535,11.263136455291955,1600
2001-10-25,11.233574867248535,11.292699171037672,11.233574867248535,11.233574867248535,2605
2001-10-26,11.233574867248535,11.263136455291955,11.233574867248535,11.263136455291955,2200
2001-10-29,11.345911979675293,11.345911979675293,11.345911979675293,11.345911979675293,500
2001-10-30,11.351823806762695,11.351823806762695,11.351823806762695,11.351823806762695,500
2001-10-31,11.99627685546875,12.019925902014075,11.517370976274197,11.517370976274197,3800
2001-11-01,12.416056632995605,12.416056632995605,12.002187627481492,12.002187627481492,5094
2001-11-02,13.13145637512207,13.13145637512207,12.421968159365964,12.421968159365964,2358
2001-11-05,13.421167373657227,13.421167373657227,13.0072983390607,13.095984238559272,8000
2001-11-06,13.243792533874512,13.243792533874512,13.243792533874512,13.243792533874512,600
2001-11-07,13.421167373657227,13.421167373657227,13.273357165258808,13.273357165258808,850
2001-11-08,13.302918434143066,13.332480024026882,13.302918434143066,13.332480024026882,9465
2001-11-09,13.332479476928711,13.474378260114838,13.302917888257955,13.302917888257955,5285
2001-11-12,13.066422462463379,13.450728773302988,12.62299184356328,13.302918567002955,6825
2001-11-13,13.007298469543457,13.291093801866738,13.007298469543457,13.06642277903641,4550
2001-11-14,12.889049530029297,12.889049530029297,12.85948793986917,12.85948793986917,300
2001-11-15,12.416056632995605,12.977735836521571,12.416056632995605,12.977735836521571,5545
2001-11-16,12.445619583129883,12.74715255538755,12.445619583129885,12.74715255538755,2900
2001-11-19,12.126349449157715,12.356933009911435,12.126349449157715,12.356933009911435,3750
2001-11-20,12.12043571472168,12.356931795809942,11.499633360902209,12.037662368266355,15090
2001-11-21,11.263138771057129,11.765693765039494,11.263138771057129,11.765693765039494,4150
2001-11-22,11.263138771057129,11.44051171889342,11.204015582814229,11.263138771057129,20200
2001-11-23,11.82481861114502,12.120439076423645,11.292701999184011,11.529198145866395,11200
2001-11-26,12.416056632995605,12.416056632995605,11.943064450438603,11.984451125449551,11155
2001-11-27,11.4996337890625,12.297807951490634,10.878830284426686,12.061311861597027,22731
2001-11-28,9.991968154907227,11.204012333298827,9.932843856109699,11.204012333298827,18296
2001-11-29,10.07474422454834,10.127954861445517,9.87372225332831,9.991969742003256,10242
2001-11-30,10.281676292419434,10.405837436454826,9.956494330659256,10.216640576688741,9800
2001-12-03,10.051092147827148,10.16342819935359,10.051092147827148,10.16342819935359,4300
2001-12-04,9.915108680725098,10.051093796738286,9.915108680725098,10.051093796738286,89
2001-12-05,10.234376907348633,10.346712963855689,9.607662037865996,9.915107493726241,7766
2001-12-06,10.642335891723633,10.642335891723633,10.494525671005249,10.494525671005249,1001
2001-12-07,11.292699813842773,11.694743749251359,10.64233469054667,10.64233469054667,20099
2001-12-10,12.416056632995605,12.900873902042111,11.866202515959143,11.866202515959143,15600
2001-12-11,12.00218391418457,12.652548809763974,11.677002030245854,12.652548809763974,15080
2001-12-12,11.67700481414795,11.830727544493913,11.67700481414795,11.830727544493913,1100
2001-12-13,11.67700481414795,11.67700481414795,11.67700481414795,11.67700481414795,200
2001-12-14,11.67700481414795,11.67700481414795,11.67700481414795,11.67700481414795,0
2001-12-17,11.842554092407227,11.842554092407227,11.824816461741758,11.824816461741758,1520
2001-12-18,11.82481861114502,12.043578251640339,11.606058970649702,11.606058970649702,375
2001-12-19,12.238685607910156,12.238685607910154,11.954889153016824,11.996276958305092,4330
2001-12-20,12.327372550964355,12.41605845726144,12.23868664466727,12.244598061078257,2400
2001-12-21,12.268248558044434,12.593430598863403,12.067226563744613,12.41605878163533,5970
2001-12-24,12.268248558044434,12.268248558044434,12.268248558044434,12.268248558044434,0
2001-12-25,12.268248558044434,12.268248558044434,12.268248558044434,12.268248558044434,0
2001-12-26,12.268248558044434,12.268248558044434,12.268248558044434,12.268248558044434,0
2001-12-27,12.445619583129883,12.569780749448896,12.351021136268942,12.351021136268942,2442
2001-12-28,12.215033531188965,12.215033531188965,12.215033531188965,12.215033531188965,370
2001-12-31,12.215033531188965,12.215033531188965,12.215033531188965,12.215033531188965,0
2002-01-01,12.215033531188965,12.215033531188965,12.215033531188965,12.215033531188965,0
2002-01-02,11.872113227844238,12.043573572386094,11.872113227844237,12.043573572386094,2000
2002-01-03,11.582405090332031,11.606054131288069,11.582405090332031,11.606054131288069,1300
2002-01-04,11.32226276397705,11.558758893308982,11.32226276397705,11.529197300030926,5875
2002-01-07,11.133063316345215,11.4227711495346,11.12715077350026,11.292698590052296,3190
2002-01-08,11.233574867248535,11.233574867248535,11.233574867248535,11.233574867248535,2000
2002-01-09,11.558759689331055,11.558759689331055,11.38138786204259,11.399125495852466,4900
2002-01-10,12.108609199523926,12.108609199523928,11.529193587322391,11.529193587322391,2450
2002-01-11,11.972626686096191,12.138174522790377,11.943065095976905,11.960801598967526,2200
2002-01-14,12.06131362915039,12.226861480187667,11.883941817662398,11.883941817662398,2000
2002-01-15,11.765690803527832,11.883939405654642,11.765690803527832,11.824815104591238,6400
2002-01-16,11.470070838928223,11.706566923995366,11.32226064479847,11.706566923995366,4100
2002-01-17,11.351823806762695,11.381385395670517,11.351823806762695,11.381385395670517,150
2002-01-18,11.369561195373535,11.517371406840281,11.209925896340868,11.517371406840281,500
2002-01-21,11.263138771057129,11.588321944905733,10.843358270479378,11.588321944905733,7552
2002-01-22,11.529195785522461,11.677005987900955,11.233575380765476,11.257225554443162,4218
2002-01-23,11.82481861114502,11.883942929741261,11.558759741313224,11.677008378505707,5800
2002-01-24,11.81299114227295,11.984451518892763,11.81299114227295,11.824816229150665,1170
2002-01-25,12.025839805603027,12.025839805603027,11.854379406023517,11.97262803523025,3200
2002-01-28,12.00218391418457,12.41014025023832,11.943060755433509,12.102694862844134,5300
2002-01-29,12.090871810913086,12.29189372324871,12.090871810913086,12.226856890521875,1400
2002-01-30,12.179561614990234,12.356933417153684,12.179561614990236,12.356933417153684,2400
2002-01-31,12.12043571472168,12.179560016919313,12.090874127473997,12.090874127473997,1500
2002-02-01,12.00218391418457,12.073133283468602,11.97262233480904,12.067220742053102,6100
2002-02-04,12.00218391418457,12.002183914184572,11.830724723942946,11.830724723942946,644
2002-02-05,12.00218391418457,12.002183914184572,12.002183914184572,12.002183914184572,800
2002-02-06,11.972626686096191,12.167736112909664,11.830729023659337,11.83664156722367,3750
2002-02-07,11.954889297485352,12.120437137531821,11.954889297485352,12.120437137531821,1120
2002-02-08,11.860289573669434,12.03174993889143,11.824815443096782,11.824815443096782,1091
2002-02-11,12.00218391418457,12.002183914184572,11.836637265358446,11.854373761902979,3100
2002-02-12,12.00218391418457,12.002183914184572,12.002183914184572,12.002183914184572,100
2002-02-13,11.948974609375,12.114522419711383,11.70656600034449,12.002186365279474,10072
2002-02-14,12.14999771118164,12.209122015370582,11.948975753560626,11.948975753560626,1050
2002-02-15,12.1322603225708,12.1322603225708,12.002186637321744,12.002186637321744,200
2002-02-18,12.06131362915039,12.17956225527737,11.954890091176605,11.972627723406394,27100
2002-02-19,11.913504600524902,12.061314834098916,11.659270818345187,12.002190515128792,16102
2002-02-20,11.889854431152344,12.084963876009182,11.889854431152344,11.913503479894318,5070
2002-02-21,12.00218391418457,12.179556773543663,12.002183914184572,12.061308200637603,5592
2002-02-22,12.179561614990234,12.179561614990236,12.002188685124372,12.002188685124372,2426
2002-02-25,12.12043571472168,12.12043571472168,12.12043571472168,12.12043571472168,100
2002-02-26,12.06131362915039,12.23868656834086,12.06131362915039,12.23868656834086,1900
2002-02-27,12.12043571472168,12.155909844959352,12.12043571472168,12.12043571472168,4600
2002-02-28,12.238685607910156,12.238685607910154,12.120436991062736,12.126349534675345,2100
2002-03-01,12.12043571472168,12.12043571472168,12.12043571472168,12.12043571472168,50
2002-03-04,11.943065643310547,12.120437447559716,11.943065643310545,12.120437447559716,35700
2002-03-05,12.00218391418457,12.002183914184572,11.824812182527447,11.91349804835601,900
2002-03-06,12.031749725341797,12.031749725341799,11.883939534926547,11.883939534926547,2014
2002-03-07,11.937146186828613,12.031744578007793,11.765685898002742,11.943058727240034,844
2002-03-08,11.706567764282227,11.824816379154722,11.706567764282227,11.824816379154722,850
2002-03-11,11.647446632385254,11.82481845817688,11.481898767997853,11.82481845817688,1620
2002-03-12,11.351823806762695,11.647444206650242,11.351823806762695,11.470071290096314,900
2002-03-13,11.706567764282227,11.75386698469075,11.35182417506948,11.529195969675854,11038
2002-03-14,11.529195785522461,11.706567577295713,11.410947172538727,11.706567577295713,660
2002-03-15,11.4109468460083,11.529195455608289,11.410946846008303,11.529195455608289,1516
2002-03-18,11.4109468460083,11.58831976040828,11.204013470761803,11.58831976040828,3372
2002-03-19,11.174449920654297,11.410945994504216,11.174449920654297,11.233574221042335,1800
2002-03-20,11.38138484954834,11.38138484954834,11.38138484954834,11.38138484954834,100
2002-03-21,11.529195785522461,11.529195785522461,11.529195785522461,11.529195785522461,10
2002-03-22,11.138975143432617,11.523281382042432,10.93795321043016,11.523281382042432,4491
2002-03-25,11.334088325500488,11.334088325500488,10.937956869444921,10.937956869444921,226
2002-03-26,10.961605072021484,11.15671449267062,10.961605072021484,11.008904291339386,1761
2002-03-27,10.997078895568848,11.05620319998043,10.997078895568848,11.05620319998043,150
2002-03-28,10.937956809997559,10.937956809997559,10.937956809997559,10.937956809997559,200
2002-03-29,10.937956809997559,10.937956809997559,10.937956809997559,10.937956809997559,0
2002-04-01,10.937956809997559,10.937956809997559,10.937956809997559,10.937956809997559,0
2002-04-02,10.760581016540527,10.760581016540527,10.760581016540527,10.760581016540527,52
2002-04-03,10.654159545898438,10.93795486082812,10.346714057540112,10.93795486082812,2576
2002-04-04,10.346714973449707,10.642335401262555,10.346714973449707,10.346714973449707,286
2002-04-05,10.19890308380127,10.624596023934947,10.16934149695811,10.524085049885047,2145
2002-04-08,10.051092147827148,10.051092147827148,10.051092147827148,10.051092147827148,600
2002-04-09,10.19890308380127,10.19890308380127,10.157516411139945,10.16934149695811,1505
2002-04-10,10.19890308380127,10.19890308380127,10.19890308380127,10.19890308380127,5
2002-04-11,10.051092147827148,10.198902326471666,9.932843553830669,10.198902326471666,7625
2002-04-12,10.175252914428711,10.175252914428711,10.169341499220565,10.169341499220565,205
2002-04-15,10.323063850402832,10.45313754843095,10.015619490750765,10.275764631402334,2013
2002-04-16,10.636422157287598,10.831531581693783,10.394013512652709,10.399926056144093,278
2002-04-17,10.98525333404541,10.985253334045408,10.287589053107066,10.630508650620559,1160
2002-04-18,10.790143966674805,10.943866700976361,10.553647886096357,10.932041615021873,817
2002-04-19,10.719196319580078,10.719196319580078,10.192992313868217,10.524086880451891,1930
2002-04-22,10.376276016235352,10.376276016235353,10.275765030988012,10.287590118123552,1700
2002-04-23,10.837445259094238,10.84927034731425,10.317153782141048,10.317153782141048,8783
2002-04-24,11.014816284179688,11.014816284179688,10.52408643515434,10.878831162478033,993
2002-04-25,10.937956809997559,10.997081126402918,10.671897950024709,10.997081126402918,480
2002-04-26,11.00299072265625,11.00299072265625,10.642333504150866,10.937953879266168,3040
2002-04-29,11.257224082946777,11.257224082946777,10.849267661951805,10.99707784500918,935
2002-04-30,11.115326881408691,11.25722566952068,10.967516677519201,10.997079394918517,13732
2002-05-01,11.115326881408691,11.115326881408691,11.115326881408691,11.115326881408691,0
2002-05-02,10.997078895568848,11.339998507913254,10.997078895568848,11.339998507913254,5280
2002-05-03,11.4109468460083,11.410946846008303,11.115326449710654,11.115326449710654,2997
2002-05-06,11.706567764282227,11.736130481851534,11.322261457500172,11.322261457500172,4200
2002-05-07,11.233574867248535,11.588319562281054,11.233574867248535,11.588319562281054,510
2002-05-08,11.174449920654297,11.351822821818411,11.174449920654297,11.351822821818411,420
2002-05-09,11.405035018920898,11.4050350189209,11.4050350189209,11.4050350189209,100
2002-05-10,11.233574867248535,11.440509366659363,11.233574867248535,11.440509366659363,48
2002-05-13,11.174449920654297,11.233574221042335,11.056202447580453,11.144888334311394,1300
2002-05-14,11.233574867248535,11.292699171037672,11.227662324099393,11.227662324099393,470
2002-05-15,11.464160919189453,11.464160919189453,11.174453007725385,11.233577324447193,1500
2002-05-16,11.458246231079102,11.458246231079102,11.458246231079102,11.458246231079102,200
2002-05-17,11.706567764282227,11.706567764282227,11.298612411147094,11.298612411147094,1930
2002-05-20,11.706567764282227,11.706567764282227,11.706567764282227,11.706567764282227,0
2002-05-21,11.706567764282227,11.706567764282227,11.38138576493642,11.38138576493642,1140
2002-05-22,11.747955322265625,11.79525454168124,11.535108271044177,11.535108271044177,921
2002-05-23,11.818903923034668,11.818903923034668,11.812991379477086,11.812991379477086,18
2002-05-24,11.818903923034668,11.818903923034668,11.818903923034668,11.818903923034668,316
2002-05-27,11.647446632385254,11.647446632385254,11.647446632385254,11.647446632385254,55
2002-05-28,11.647446632385254,11.647446632385254,11.647446632385254,11.647446632385254,0
2002-05-29,11.818903923034668,11.82481646659225,11.801166292361925,11.801166292361925,1410
2002-05-30,11.818903923034668,11.818903923034668,11.818903923034668,11.818903923034668,0
2002-05-31,11.588319778442383,11.588319778442383,11.588319778442383,11.588319778442383,100
2002-06-03,11.470070838928223,11.594231988402402,11.470070838928223,11.588319445312937,1578
2002-06-04,11.233574867248535,11.440509366659363,11.233574867248535,11.440509366659363,2000
2002-06-05,11.4996337890625,11.529195377410835,11.470071073011857,11.470071073011857,1500
2002-06-06,11.55284595489502,11.765691879403136,11.499634191842404,11.588320087695982,1029
2002-06-07,11.529195785522461,11.79525460088469,11.523283242103041,11.79525460088469,625
2002-06-10,11.82481861114502,11.82481861114502,11.292701999184011,11.410949508673912,1104
2002-06-11,11.95177173614502,11.95177173614502,11.486275049507128,11.486275049507128,1600
2002-06-12,11.87922477722168,11.879224777221681,11.848998202806294,11.848998202806294,900
2002-06-13,11.54672622680664,11.54672622680664,11.54672622680664,11.54672622680664,10
2002-06-14,11.42581844329834,11.42581844329834,11.3955918709974,11.3955918709974,1300
2002-06-17,11.486272811889648,11.486272811889648,11.486272811889648,11.486272811889648,500
2002-06-18,11.395591735839844,11.486272604736962,11.395591735839844,11.486272604736962,58
2002-06-19,11.365365982055664,11.5467289043756,11.365365982055664,11.5467289043756,324
2002-06-20,11.365365982055664,11.365365982055664,11.365365982055664,11.365365982055664,178
2002-06-21,11.486272811889648,11.546727109934611,11.486272811889648,11.546727109934611,322
2002-06-24,11.365365982055664,11.365365982055664,11.365365982055664,11.365365982055664,250
2002-06-25,10.688277244567871,11.425816309852722,10.688277244567871,11.425816309852722,1890
2002-06-26,10.277191162109375,10.609688062008527,10.277191162109375,10.609688062008527,760
2002-06-27,10.277191162109375,10.658051268413308,10.277191162109375,10.658051268413308,7056
2002-06-28,10.893824577331543,10.893824577331543,10.39810134747825,10.39810134747825,2501
2002-07-01,11.29886531829834,11.304910863298842,10.821277640887077,10.821277640887077,970
2002-07-02,11.032867431640625,11.032867431640625,11.032867431640625,11.032867431640625,80
2002-07-03,11.032867431640625,11.063094004471976,11.032867431640625,11.063094004471976,62
2002-07-04,11.184004783630371,11.184004783630371,11.184004783630371,11.184004783630371,600
2002-07-05,11.220273971557617,11.220273971557617,11.220273971557617,11.220273971557617,140
2002-07-08,11.29886531829834,11.29886531829834,11.29886531829834,11.29886531829834,50
2002-07-09,11.159822463989258,11.159822463989258,11.12355033933816,11.12355033933816,60
2002-07-10,11.159822463989258,11.159822463989258,11.159822463989258,11.159822463989258,0
2002-07-11,10.881733894348145,10.881733894348145,10.881733894348145,10.881733894348145,90
2002-07-12,11.29886531829834,11.425818304099426,10.5794616062161,10.76082334395188,7332
2002-07-15,11.29886531829834,11.29886531829834,11.29886531829834,11.29886531829834,0
2002-07-16,11.063093185424805,11.063093185424805,11.063093185424805,11.063093185424805,1193
2002-07-17,10.91196060180664,10.91196060180664,10.91196060180664,10.91196060180664,600
2002-07-18,10.887778282165527,10.990550248579577,10.887778282165526,10.887778282165526,550
2002-07-19,11.250502586364746,11.250502586364746,10.821278097765653,10.821278097765653,1768
2002-07-22,10.881733894348145,11.274685165474493,10.881733894348145,11.051005725587656,1667
2002-07-23,10.434374809265137,10.760826256150958,10.27719405592377,10.68828200265194,2367
2002-07-24,9.78147029876709,10.277193568769466,9.430836681955405,10.277193568769466,9310
2002-07-25,9.27365493774414,10.144193916243744,9.116474208774077,9.672651729333554,3390
2002-07-26,8.971384048461914,9.430835117202562,8.808157783303418,9.430835117202562,1603
2002-07-29,9.793561935424805,9.793561935424805,9.068112476108105,9.128566789896185,1683
2002-07-30,9.497333526611328,9.90237522709538,9.370379968492932,9.90237522709538,1030
2002-07-31,9.974920272827148,9.974920272827148,9.370379650231563,9.370379650231563,2160
2002-08-01,10.246966361999512,10.283238484806361,9.672652177719423,9.96887701229368,5380
2002-08-02,10.101874351501465,10.246965131444949,9.733105315598856,10.246965131444949,1854
2002-08-05,9.950740814208984,10.101876011166496,9.79356122407481,10.101876011166496,370
2002-08-06,9.805649757385254,9.920512813461416,9.805649757385254,9.805649757385254,360
2002-08-07,10.307416915893555,10.386007840734335,9.805648256854418,9.854011459421937,5928
2002-08-08,10.271145820617676,10.500871920392965,10.156282770730032,10.398099960613456,4892
2002-08-09,10.337646484375,10.5190082381253,10.162329123089123,10.277192182101597,3754
2002-08-12,10.434374809265137,10.519010156037364,10.337648369219698,10.440420355901741,1796
2002-08-13,10.36182689666748,10.36182689666748,10.132101945386534,10.156282973014605,2900
2002-08-14,10.337646484375,10.337646484375,10.337646484375,10.337646484375,50
2002-08-15,10.458553314208984,10.458553314208984,10.458553314208984,10.458553314208984,600
2002-08-16,11.244457244873047,11.244457244873047,10.57946224459859,10.57946224459859,3377
2002-08-19,11.244457244873047,11.244457244873047,11.244457244873047,11.244457244873047,0
2002-08-20,11.184004783630371,11.42582087266242,11.184004783630371,11.42582087266242,196
2002-08-21,11.395591735839844,11.60113565364388,11.184002273033359,11.184002273033359,2542
2002-08-22,11.486272811889648,11.788543149044639,11.456046239402081,11.788543149044639,1802
2002-08-23,11.486272811889648,11.486272811889648,11.486272811889648,11.486272811889648,0
2002-08-26,11.486272811889648,11.486272811889648,11.486272811889648,11.486272811889648,0
2002-08-27,12.090814590454102,12.15126889402036,11.69786334687833,11.69786334687833,3080
2002-08-28,12.211726188659668,12.211726188659668,12.036408780683233,12.036408780683233,502
2002-08-29,11.909452438354492,12.211722793103895,11.90945243835449,12.211722793103895,2529
2002-08-30,12.090814590454102,12.090814590454102,12.090814590454102,12.090814590454102,1000
2002-09-02,12.030359268188477,12.121040139324275,11.903406279212323,11.909451824364021,2030
2002-09-03,11.812724113464355,12.030357949724788,11.812724113464355,12.030357949724788,1025
2002-09-04,12.030359268188477,12.030359268188475,12.030359268188475,12.030359268188475,12
2002-09-05,11.824819564819336,11.824819564819336,11.824819564819336,11.824819564819336,5
2002-09-06,12.042450904846191,12.042450904846191,12.030359813994233,12.042450904846191,520
2002-09-09,11.788544654846191,12.030360724844426,11.788544654846191,12.030360724844426,730
2002-09-10,11.456048011779785,11.788544972863313,11.456048011779785,11.788544972863313,1390
2002-09-11,11.7220458984375,11.722045898437502,11.66159274009202,11.66159274009202,753
2002-09-12,11.5890474319458,11.830863526544574,11.528593120028585,11.830863526544574,1065
2002-09-13,11.42581844329834,11.649498998762688,11.244456703353057,11.643453453688537,4047
2002-09-16,11.377452850341797,11.534633530105287,11.002638358887731,11.304908630801465,9743
2002-09-17,11.184004783630371,11.498366275907069,10.984506366045172,11.220276908717663,4236
2002-09-18,11.099366188049316,11.34722775080469,10.996594236194426,11.34722775080469,4804
2002-09-19,10.845459938049316,10.96032183509022,10.458553125326306,10.96032183509022,5660
2002-09-20,10.670143127441406,10.84546048396515,10.452509259466604,10.66409758207129,6893
2002-09-23,10.579463005065918,10.863596739239645,10.398101243349915,10.863596739239645,2782
2002-09-24,10.277191162109375,10.69432453801924,10.277191162109375,10.398099754656227,1860
2002-09-25,10.512962341308594,10.512962341308594,10.512962341308594,10.512962341308594,102
2002-09-26,10.36182689666748,10.367872441841959,10.36182689666748,10.367872441841959,88
2002-09-27,10.579463005065918,10.579463005065918,10.277192633492605,10.555280821866472,108
2002-09-30,10.277191162109375,10.428326326258043,10.277191162109375,10.428326326258043,1380
2002-10-01,10.277191162109375,10.821277522430618,10.277191162109375,10.398099754656227,4345
2002-10-02,10.579463005065918,10.579463005065918,10.277192633492605,10.277192633492605,965
2002-10-03,10.4706449508667,10.579462463554442,10.277192107452887,10.579462463554442,1075
2002-10-04,10.66409969329834,10.66409969329834,10.66409969329834,10.66409969329834,5
2002-10-07,10.549237251281738,10.549237251281738,10.549237251281738,10.549237251281738,3
2002-10-08,10.549237251281738,10.549237251281738,9.854014420025598,10.186512546511153,2649
2002-10-09,10.277191162109375,10.277191162109375,10.277191162109375,10.277191162109375,150
2002-10-10,10.277191162109375,10.277191162109375,10.277191162109375,10.277191162109375,150
2002-10-11,10.222782135009766,10.222782135009766,10.222782135009766,10.222782135009766,370
2002-10-14,10.095829963684082,10.144193172662874,10.095829963684082,10.095829963684082,704
2002-10-15,9.860058784484863,10.216737900233413,9.551743456572602,10.11396593208434,4844
2002-10-16,9.974920272827148,10.168373087566579,9.793558547276364,10.162327542972255,1129
2002-10-17,9.968873977661133,9.968873977661133,9.85401094515666,9.962828433521988,421
2002-10-18,9.968873977661133,9.968873977661133,9.968873977661133,9.968873977661133,126
2002-10-21,9.968873977661133,9.968873977661133,9.968873977661133,9.968873977661133,0
2002-10-22,9.799604415893555,9.805649961399121,9.799604415893555,9.805649961399121,299
2002-10-23,9.733102798461914,9.78146599491229,9.733102798461914,9.78146599491229,465
2002-10-24,9.61219596862793,9.696832442520016,9.61219596862793,9.696832442520016,500
2002-10-25,9.521515846252441,9.521515846252441,9.521515846252441,9.521515846252441,700
2002-10-28,9.606151580810547,9.606151580810547,9.606151580810547,9.606151580810547,18
2002-10-29,9.509425163269043,9.684742523964573,9.3038818046085,9.43083537772719,1711
2002-10-30,10.023284912109375,10.023284912109375,9.666605801446595,9.672651346906799,565
2002-10-31,9.926557540893555,10.017238407978478,9.926557540893555,10.017238407978478,110
2002-11-01,9.926557540893555,9.926557540893555,9.926557540893555,9.926557540893555,0
2002-11-04,9.914467811584473,9.914467811584473,9.914467811584473,9.914467811584473,5
2002-11-05,10.156283378601074,10.156283378601074,9.91446732731436,9.91446732731436,303
2002-11-06,10.45251178741455,10.785008791696464,10.27719438849016,10.27719438849016,6839
2002-11-07,10.48878288269043,10.519009460805574,10.313465501026483,10.519009460805574,3572
2002-11-08,10.458553314208984,10.519007612889062,10.156282973878437,10.519007612889062,1721
2002-11-11,9.944692611694336,9.944692611694334,9.944692611694334,9.944692611694334,183
2002-11-12,9.854012489318848,9.944694512546608,9.854012489318848,9.944694512546608,900
2002-11-13,9.817739486694336,9.944693615925022,9.817739486694336,9.944693615925022,25
2002-11-14,9.485241889953613,9.696831909994065,9.473151377586499,9.696831909994065,805
2002-11-15,9.696832656860352,9.763331344803602,9.491288165439503,9.491288165439503,342
2002-11-18,9.684741973876953,9.690787519047543,9.684741973876953,9.690787519047543,58
2002-11-19,9.430835723876953,9.684742879433754,9.430835723876953,9.678697333697883,390
2002-11-20,9.684741973876953,9.733105182171839,9.370380543425279,9.370380543425279,1290
2002-11-21,9.721014022827148,9.721014022827148,9.684741905130917,9.684741905130917,24
2002-11-22,9.684741973876953,9.684741973876953,9.491288564162492,9.491288564162492,532
2002-11-25,9.442925453186035,9.654514924057981,9.442925453186035,9.521515811608904,700
2002-11-26,9.557787895202637,9.612196069214246,9.400607188409401,9.612196069214246,187
2002-11-27,9.491291046142578,9.63033573875186,9.370382993787814,9.606154128280908,1118
2002-11-28,9.38247299194336,9.642425130024481,9.38247299194336,9.642425130024481,1680
2002-11-29,9.485241889953613,9.672649732190132,9.43083371949932,9.672649732190132,1075
2002-12-02,9.406655311584473,9.59406264090684,9.158793093764011,9.575926577931943,1150
2002-12-03,9.189017295837402,9.388515654035512,9.189017295837402,9.388515654035512,840
2002-12-04,9.352245330810547,9.364335845710979,9.18297350992472,9.322018178757009,791
2002-12-05,9.370381355285645,9.370381355285645,9.128565292860003,9.201110111587695,2838
2002-12-06,9.370381355285645,9.370381355285645,9.07415653468049,9.36433580959126,980
2002-12-09,9.243428230285645,9.370381813399556,9.12856573915163,9.370381813399556,721
2002-12-10,9.370381355285645,9.370381355285645,9.370381355285645,9.370381355285645,7
2002-12-11,9.364336013793945,9.37038155962016,9.152747098691254,9.37038155962016,362
2002-12-12,9.364336013793945,9.364336013793945,9.18901922057858,9.364336013793945,11
2002-12-13,9.170883178710938,9.36433603327236,9.170883178710938,9.36433603327236,197
2002-12-16,8.886747360229492,9.243426432785721,8.886747360229492,9.243426432785721,2471
2002-12-17,9.068109512329102,9.068109512329102,8.826293489280943,8.965337558399916,1586
2002-12-18,8.965336799621582,9.116471945369126,8.802111142012343,9.068108744852697,2145
2002-12-19,8.433342933654785,8.977429927895875,8.16129972480172,8.953248322143047,9232
2002-12-20,9.049973487854004,9.049973487854004,8.590522465846194,8.590522465846194,3718
2002-12-23,8.965336799621582,9.068108744852697,8.71747525284118,9.068108744852697,1030
2002-12-24,8.965336799621582,8.965336799621582,8.965336799621582,8.965336799621582,0
2002-12-25,8.965336799621582,8.965336799621582,8.965336799621582,8.965336799621582,0
2002-12-26,8.965336799621582,8.965336799621582,8.965336799621582,8.965336799621582,0
2002-12-27,9.001612663269043,9.068111943300636,8.705387234954598,9.062066396970028,2230
2002-12-30,8.886747360229492,9.128563963988151,8.765839346617605,9.068109668914765,3321
2002-12-31,8.886747360229492,8.886747360229492,8.886747360229492,8.886747360229492,0
2003-01-01,8.886747360229492,8.886747360229492,8.886747360229492,8.886747360229492,0
2003-01-02,9.043929100036621,9.049974645542026,8.910929981592494,8.910929981592494,836
2003-01-03,9.098340034484863,9.249475249089146,9.086248940579678,9.098340034484863,2937
2003-01-06,9.243428230285645,9.243428230285645,9.09833858573689,9.09833858573689,39
2003-01-07,9.27970027923584,9.27970027923584,9.27970027923584,9.27970027923584,150
2003-01-08,9.116474151611328,9.448971668029314,9.116474151611328,9.448971668029314,219
2003-01-09,9.086249351501465,9.27970282698766,9.086249351501465,9.27970282698766,1200
2003-01-10,8.886747360229492,9.00161040556195,8.886747360229492,8.886747360229492,1807
2003-01-13,8.524024963378906,8.886749074171309,8.524024963378906,8.886749074171309,2856
2003-01-14,8.463569641113281,8.524023940592347,8.463569641113281,8.524023940592347,505
2003-01-15,8.463569641113281,8.469615186368173,8.372888768429611,8.469615186368173,689
2003-01-16,8.282208442687988,8.318481142602785,8.282208442687988,8.318481142602785,259
2003-01-17,8.040390968322754,8.22175328332182,8.040390968322754,8.22175328332182,2886
2003-01-20,7.955756664276123,8.088755798839271,7.810667013771791,7.985983818931613,7143
2003-01-21,8.100844383239746,8.100844383239746,7.816710696217158,7.822755664478895,210
2003-01-22,8.100844383239746,8.149207588542946,7.94970922253352,8.022254607023207,398
2003-01-23,7.859027862548828,8.149207076121597,7.859027862548828,8.149207076121597,375
2003-01-24,8.022255897521973,8.022255897521973,7.738121588257285,7.865075166734275,966
2003-01-27,8.149208068847656,8.149208068847656,7.859028819925625,7.865074365078563,2209
2003-01-28,8.04643726348877,8.14920865581652,7.738121356900632,8.004119020905032,396
2003-01-29,7.998074531555176,7.998074531555176,7.647440912613023,7.859030423869683,4008
2003-01-30,8.584479331970215,8.590524878400087,7.9980745885785085,8.131073727360501,12119
2003-01-31,8.524024963378906,8.741659429854348,8.288253858962598,8.741659429854348,2100
2003-02-03,8.463569641113281,8.584477663536486,8.312434468950544,8.584477663536486,45
2003-02-04,8.463569641113281,8.644931963015551,8.161299296787806,8.644931963015551,2615
2003-02-05,8.463569641113281,8.463569641113281,8.463569641113281,8.463569641113281,10
2003-02-06,8.3184814453125,8.46357109718149,8.221755010733172,8.46357109718149,1506
2003-02-07,7.937618732452393,8.27616117055479,7.798574084402029,8.161298701760913,4280
2003-02-10,7.556757926940918,7.859028244018555,7.556757926940919,7.774392347684262,5895
2003-02-11,7.738121509552002,7.738121509552002,7.55675917406739,7.55675917406739,921
2003-02-12,7.738121509552002,7.738121509552002,7.496304870060863,7.617213478073918,302
2003-02-13,7.526530742645264,7.798573911360659,7.526530742645264,7.798573911360659,770
2003-02-14,7.526530742645264,7.647438753570453,7.526530742645264,7.647438753570453,190
2003-02-17,7.81671142578125,7.81671142578125,7.441896261431038,7.526531590343543,739
2003-02-18,7.919483661651611,7.91948366165161,7.496304696475069,7.574895059249713,983
2003-02-19,7.859027862548828,8.088753361561361,7.5869847056906465,7.798573571453744,2480
2003-02-20,8.004119873046875,8.004119873046875,7.738122180723589,7.859030222688719,1530
2003-02-21,7.961802005767822,8.022256313524156,7.738121989525397,8.016210767441521,270
2003-02-24,8.028300285339355,8.17943545941257,7.9799370757587225,8.10689064504162,1272
2003-02-25,8.052482604980469,8.173391216200525,7.871120841220357,8.070619242584469,2002
2003-02-26,7.76230525970459,8.342664547622741,7.76230525970459,8.19152932239963,2989
2003-02-27,7.738121509552002,7.738121509552002,7.568850265482684,7.738121509552002,3222
2003-02-28,8.022255897521973,8.070619110605113,7.8590296209651385,7.8590296209651385,732
2003-03-03,8.010164260864258,8.100845135090255,7.786484271443184,8.100845135090255,560
2003-03-04,8.070619583129883,8.070619583129883,7.8650756272247,8.064574037006786,2178
2003-03-05,8.149208068847656,8.149208068847656,7.943664722462009,8.05852719769325,1485
2003-03-06,7.949711799621582,8.28220937626925,7.949711799621582,8.28220937626925,742
2003-03-07,8.245935440063477,8.276162014145312,7.97993720647775,8.276162014145312,2615
2003-03-10,8.131072998046875,8.28220818602743,7.979937810066319,8.28220818602743,1302
2003-03-11,7.992030143737793,8.161301419149593,7.919485311418451,8.161301419149593,1976
2003-03-12,8.004119873046875,8.209663832655107,7.859030222688719,8.209663832655107,1870
2003-03-13,8.028300285339355,8.03434583067067,7.8650745971384515,7.992028166421348,817
2003-03-14,7.883210182189941,7.883210182189942,7.883210182189942,7.883210182189942,43
2003-03-17,7.865076065063477,8.14316486032163,7.586987269805324,8.14316486032163,1783
2003-03-18,7.931573867797852,7.9376194131304,7.768348179563613,7.859029053412087,652
2003-03-19,7.76834774017334,7.859028608892757,7.689757384900225,7.689757384900225,1171
2003-03-20,7.76230525970459,7.85903171160176,7.76230525970459,7.85903171160176,90
2003-03-21,7.961802005767822,8.010165221358887,7.798575720746724,7.859030028503058,5684
2003-03-24,8.016209602355957,8.16129922804165,8.016209602355957,8.16129922804165,1200
2003-03-25,7.919483661651611,8.155254173440587,7.91948366165161,8.155254173440587,154
2003-03-26,7.859027862548828,8.149207076121597,7.859027862548828,8.149207076121597,385
2003-03-27,7.883210182189941,7.883210182189942,7.738120562179459,7.859028578854861,548
2003-03-28,8.12502384185791,8.276158962682562,7.919480561825561,7.919480561825561,3622
2003-03-31,8.264071464538574,8.31243467470497,8.070618623872985,8.31243467470497,6358
2003-04-01,8.004119873046875,8.403116699799314,7.859030222688719,8.403116699799314,5032
2003-04-02,8.282208442687988,8.4031164815123,8.14316434217378,8.14920931171374,4040
2003-04-03,8.463569641113281,8.463569641113281,8.070618424104136,8.251980169471478,5572
2003-04-04,8.517979621887207,9.007657327346244,8.463570859828422,8.463570859828422,6958
2003-04-07,9.189017295837402,9.219244442102086,8.463568668159292,8.705384685207042,12458
2003-04-08,9.358290672302246,9.551744107220234,9.158792267961035,9.189019421217125,2554
2003-04-09,9.672653198242188,9.672653198242188,9.3401556292456,9.388518849114007,5988
2003-04-10,10.246966361999512,10.277192938826886,9.55174414080493,9.55174414080493,15579
2003-04-11,10.51900863647461,10.869642219254764,10.27719257129346,10.398101180419012,8757
2003-04-14,10.51900863647461,10.51900863647461,10.398101180419012,10.51900863647461,867
2003-04-15,10.555279731750488,10.555279731750488,10.27719157209669,10.51900761376735,1977
2003-04-16,11.002640724182129,11.365364205999482,10.398100050393436,10.398100050393436,9251
2003-04-17,10.730596542358398,10.730596542358398,10.700369971072627,10.730596542358398,725
2003-04-18,10.730596542358398,10.730596542358398,10.730596542358398,10.730596542358398,0
2003-04-21,10.730596542358398,10.730596542358398,10.730596542358398,10.730596542358398,0
2003-04-22,10.797098159790039,10.881733495774785,10.60364530435635,10.79105261392399,1750
2003-04-23,10.760823249816895,10.875686297681971,10.670142381742274,10.760823249816895,848
2003-04-24,10.573416709899902,10.972413479853115,10.38600941566609,10.881732605421908,6630
2003-04-25,10.603643417358398,10.700369827862053,10.603643417358398,10.700369827862053,500
2003-04-28,10.881733894348145,10.936142656065487,10.803144101350881,10.809188494368351,2496
2003-04-29,11.365365982055664,11.365365982055664,10.881733828675852,10.881733828675852,4384
2003-04-30,11.159822463989258,11.365366425462238,10.942188563012612,11.365366425462238,11934
2003-05-01,11.159822463989258,11.159822463989258,11.159822463989258,11.159822463989258,0
2003-05-02,11.111459732055664,11.486275546720549,10.63991863178674,11.304913762474056,7400
2003-05-05,11.607182502746582,12.090814626581883,11.184003529588242,11.184003529588242,10331
2003-05-06,11.304911613464355,11.60718196512843,11.304911613464355,11.60718196512843,1997
2003-05-07,11.667634010314941,11.667634010314941,11.184001954587707,11.341182660966501,3417
2003-05-08,11.72808837890625,11.79458821938586,11.637407512023916,11.788542674517732,1338
2003-05-09,12.000133514404297,12.000133514404297,11.66763542678982,11.909452637080317,2208
2003-05-12,11.788544654846191,12.066632847076669,11.788544654846191,12.066632847076669,685
2003-05-13,12.169402122497559,12.393082658315391,11.90945062556024,11.90945062556024,5487
2003-05-14,12.399129867553711,12.48376519638149,12.272175721242169,12.272175721242169,11541
2003-05-15,12.393084526062012,12.63490057888339,12.332630224589193,12.45353882753483,1590
2003-05-16,12.211726188659668,12.338679219481044,12.211726188659668,12.338679219481044,5219
2003-05-19,11.855042457580566,12.380992174792672,11.667634026785652,12.241948102708532,13243
2003-05-20,11.667634010314941,11.969904333411906,11.667634010314941,11.788542600781637,1480
2003-05-21,11.365365982055664,11.788544981065506,11.365365982055664,11.637409789000564,3410
2003-05-22,11.42581844329834,11.546727038641743,11.42581844329834,11.42581844329834,1500
2003-05-23,11.486272811889648,11.909451745134566,11.304911070824586,11.607181407979576,4456
2003-05-26,11.788544654846191,11.788544654846191,11.3653656675468,11.667636043312086,1101
2003-05-27,11.909452438354492,11.90945243835449,11.90945243835449,11.90945243835449,714
2003-05-28,11.87196159362793,11.87196159362793,11.746993100137747,11.753241643991045,565
2003-05-29,11.87196159362793,11.996930087118113,11.87196159362793,11.996930087118113,199
2003-05-30,12.059414863586426,12.115650574506008,11.996931799709603,11.996931799709603,555
2003-06-02,12.496801376342773,12.496801376342773,12.115648552992207,12.115648552992207,3282
2003-06-03,12.27811050415039,12.27811050415039,12.27811050415039,12.27811050415039,500
2003-06-04,12.215625762939453,12.215625762939453,12.215625762939453,12.215625762939453,40
2003-06-05,12.709249496459961,12.709249496459963,12.403077947903867,12.403077947903867,6883
2003-06-06,12.59052848815918,12.59052848815918,12.503051250587792,12.59052848815918,1440
2003-06-09,12.246865272521973,12.371832568001977,12.246865272521973,12.371832568001977,3200
2003-06-10,12.121895790100098,12.409322810504483,12.121895790100098,12.209374200721113,1315
2003-06-11,11.87196159362793,12.084407317488512,11.87196159362793,12.084407317488512,240
2003-06-12,11.87196159362793,12.184381635565508,11.809477346882838,11.834471522296028,3747
2003-06-13,12.43431568145752,12.659258461379006,12.090654160388771,12.090654160388771,3584
2003-06-16,11.996929168701172,12.434316478857156,11.996929168701172,12.434316478857156,3505
2003-06-17,12.340594291687012,12.340594291687013,12.215625771511638,12.215625771511638,2130
2003-06-18,12.153139114379883,12.153139114379883,12.153139114379883,12.153139114379883,1
2003-06-19,12.090656280517578,12.309350555813458,11.903203533783431,12.246866306902074,3609
2003-06-20,12.471807479858398,12.471807479858398,12.246865860480069,12.246865860480069,1100
2003-06-23,12.496801376342773,12.684252920272776,12.371832885864206,12.684252920272776,535
2003-06-24,12.565534591674805,12.565534591674805,12.34059177789547,12.34059177789547,213
2003-06-25,12.496801376342773,12.565534165284772,12.496801376342773,12.565534165284772,200
2003-06-26,12.340594291687012,12.340594291687013,12.340594291687013,12.340594291687013,650
2003-06-27,12.184381484985352,12.184381484985353,12.184381484985353,12.184381484985353,190
2003-06-30,12.02817153930664,12.146891488200401,12.028171539306639,12.146891488200401,1000
2003-07-01,11.653267860412598,12.18438219442459,11.653267860412598,12.18438219442459,2650
2003-07-02,11.559542655944824,11.86571418327691,11.559542655944824,11.86571418327691,676
2003-07-03,11.859464645385742,11.859464645385742,11.746993238279517,11.746993238279517,1077
2003-07-04,11.715752601623535,11.715752601623535,11.497058314702299,11.684511071401065,1030
2003-07-07,11.87196159362793,11.87196159362793,11.87196159362793,11.87196159362793,685
2003-07-08,12.184381484985352,12.184381484985353,11.98443285130242,11.98443285130242,2324
2003-07-09,12.465558052062988,12.496799574283626,12.059411112468627,12.121895348697581,4622
2003-07-10,12.184381484985352,12.371833031116134,12.184381484985353,12.371833031116134,850
2003-07-11,12.496801376342773,12.496801376342773,12.496801376342773,12.496801376342773,100
2003-07-14,12.621771812438965,12.809223385264204,12.590529089109403,12.590529089109403,3020
2003-07-15,13.121644973754883,13.121644973754883,12.628020614588639,12.746740593289967,4700
2003-07-16,12.809221267700195,13.059157054078241,12.809221267700195,13.059157054078241,2580
2003-07-17,12.02817153930664,12.715495865624593,12.028171539306639,12.715495865624593,10000
2003-07-18,12.559286117553711,12.590527645513168,11.99693027176818,11.99693027176818,2569
2003-07-21,13.059157371520996,13.059157371520996,12.665508647380218,12.665508647380218,5200
2003-07-22,12.934189796447754,13.246609828325354,12.934189796447756,13.246609828325354,1425
2003-07-23,13.090400695800781,13.090400695800781,13.090400695800781,13.090400695800781,170
2003-07-24,13.621513366699219,13.621513366699219,13.121641775766138,13.121641775766138,5104
2003-07-25,14.121384620666504,14.121384620666504,13.30909188360263,13.496544603750179,6430
2003-07-28,14.246353149414062,14.371321640393496,13.940181657481093,14.058901604732768,4460
2003-07-29,14.240106582641602,14.246353934925969,14.058902379909016,14.246353934925969,1150
2003-07-30,15.058647155761719,15.058647155761719,14.240106930881456,14.240106930881456,7040
2003-07-31,15.589763641357422,15.908431098153722,15.308585071492319,15.37106933054991,12738
2003-08-01,16.87693214416504,17.37055522976328,15.50228337413141,15.50228337413141,9418
2003-08-04,15.908430099487305,17.339314655749778,15.62100419436917,17.339314655749778,6436
2003-08-05,15.621001243591309,16.027147037567122,14.68374116897583,16.027147037567122,9815
2003-08-06,15.058647155761719,15.496034525426827,15.058647155761719,15.496034525426827,919
2003-08-07,14.37132453918457,15.058648994633625,14.371324539184569,15.058648994633625,5701
2003-08-08,15.152373313903809,15.371067600090944,14.502538999723518,14.502538999723518,5731
2003-08-11,15.37106704711914,15.55227006050083,15.308582797343822,15.55227006050083,840
2003-08-12,15.621001243591309,15.621001243591309,15.589759717819252,15.589759717819252,1020
2003-08-13,16.53951644897461,16.53951644897461,15.777211982242562,15.777211982242562,6691
2003-08-14,16.12087059020996,16.370807529173803,15.933419077774731,16.258336144997603,2835
2003-08-15,15.995909690856934,16.24584553769461,15.777215377953418,16.24584553769461,4786
2003-08-18,15.97715950012207,16.245840905788466,15.914675258280711,16.183356663947105,11699
2003-08-19,15.777215003967285,15.870940795336203,15.527279163054136,15.814705082157232,4420
2003-08-20,15.189860343933105,15.621000285513857,15.183611800804371,15.621000285513857,2402
2003-08-21,14.864944458007812,15.077388965649801,14.56502034647965,15.002408831608568,8512
2003-08-22,15.152373313903809,15.152373313903809,14.671246122649707,15.12113178378621,1450
2003-08-25,14.302591323852539,15.552271682544081,14.052655490471842,15.489788618039954,9315
2003-08-26,14.121384620666504,14.44005317230836,14.090141904748037,14.396314561810259,12808
2003-08-27,14.121384620666504,14.121384620666504,13.90269037638824,14.121384620666504,5430
2003-08-28,14.183869361877441,14.18386936187744,13.93393239284963,14.058900877363536,3000
2003-08-29,13.465301513671875,14.246351513114274,13.246608467258177,14.058899989963185,17621
2003-09-01,13.73398208618164,14.058899152626942,13.246607678301334,13.246607678301334,12664
2003-09-02,13.715240478515625,13.746482006360377,13.315342009733008,13.746482006360377,4132
2003-09-03,14.246353149414062,14.371321640393496,13.683997323582323,13.71524004222111,3310
2003-09-04,13.996416091918945,14.352574709637263,13.996416091918945,14.352574709637263,1612
2003-09-05,13.871448516845703,14.121384279211233,13.871448516845703,14.121384279211233,1247
2003-09-08,13.68399715423584,14.058901430746653,13.68399715423584,14.058901430746653,700
2003-09-09,14.296339988708496,14.308837075885384,13.652755492340468,13.652755492340468,4134
2003-09-10,14.37132453918457,14.371324539184569,14.121388698599848,14.308840281091365,4116
2003-09-11,13.746480941772461,14.546276625610103,13.746480941772461,14.371320984580299,3440
2003-09-12,14.12763500213623,14.415060875259435,13.871450657208882,13.902692185404742,4550
2003-09-15,14.37132453918457,14.371324539184569,14.058904440506645,14.27759874793881,3060
2003-09-16,14.3588228225708,14.43380414648011,14.358822822570803,14.365071365545553,215
2003-09-17,14.552526473999023,14.552526473999023,14.183870720341474,14.183870720341474,1748
2003-09-18,14.777467727661133,14.777467727661133,14.371321911984369,14.371321911984369,1206
2003-09-19,15.489785194396973,15.489785194396973,14.77121819354077,14.839950979449263,4857
2003-09-22,14.99616527557373,15.396062634883494,14.933681015234546,15.308585385481518,12880
2003-09-23,14.739974975585938,14.871190797120528,14.3400777764851,14.871190797120528,1920
2003-09-24,14.739974975585938,14.802459210892358,14.590013525923125,14.802459210892358,4441
2003-09-25,14.746225357055664,14.746225357055662,14.558772627762238,14.558772627762238,6422
2003-09-26,14.408814430236816,14.746228704486173,14.371324352582915,14.540031489707593,3533
2003-09-29,14.308837890625,14.74622643241823,14.308837890625,14.683742184763783,2985
2003-09-30,14.527532577514648,14.608761267539869,14.058902494369015,14.433806799243108,11785
2003-10-01,14.552526473999023,14.552526473999023,14.277596496809618,14.283845040812547,2311
2003-10-02,14.621254920959473,14.640000548925228,14.183867661180699,14.621254920959473,5200
2003-10-03,14.271346092224121,14.271346092224121,14.271346092224121,14.271346092224121,34
2003-10-06,14.746225357055664,14.746225357055662,14.277595321503817,14.371321090256624,7899
2003-10-07,14.683743476867676,14.87119504453802,14.683743476867676,14.87119504453802,2230
2003-10-08,16.089630126953125,16.17085880320745,14.808708593561267,14.808708593561267,16313
2003-10-09,15.995909690856934,16.708227152291343,15.933425431200483,15.933425431200483,12366
2003-10-10,16.070886611938477,16.233345177606807,15.808453727672386,15.995906468884101,3549
2003-10-13,16.520769119262695,16.520769119262695,15.814699286669274,16.18335496383837,4643
2003-10-14,16.370811462402344,16.558263019874424,16.15211718415962,16.527021490891723,8267
2003-10-15,15.933422088623047,16.058390581719557,15.870937842074794,16.058390581719557,6285
2003-10-16,16.339567184448242,16.339567184448242,16.08963140104205,16.12087292704739,4566
2003-10-17,16.339567184448242,16.339567184448242,15.96466291344504,15.977160000562305,572
2003-10-20,16.12087059020996,16.245839059691882,16.12087059020996,16.245839059691882,444
2003-10-21,16.277082443237305,16.277082443237305,16.127120977776272,16.127120977776272,1481
2003-10-22,16.127126693725586,16.227101039466923,16.127126693725586,16.227101039466923,150
2003-10-23,15.464795112609863,16.027151060165327,15.464795112609865,16.027151060165327,8053
2003-10-24,15.639749526977539,15.933423971127178,15.52727810825997,15.621003893261939,3150
2003-10-27,15.870938301086426,15.870938301086426,15.621002499452763,15.683486747808157,2055
2003-10-28,16.277082443237305,16.364560858597084,15.870936658640197,15.870936658640197,4527
2003-10-29,16.277082443237305,16.564509479211797,16.258338004922045,16.258338004922045,19705
2003-10-30,16.7144718170166,16.7144718170166,16.177108977228254,16.38955469566607,3369
2003-10-31,16.5457706451416,16.77696207755462,16.4332992019022,16.55826773701004,9140
2003-11-03,17.37055206298828,17.414291865448963,16.51452190379253,16.51452190379253,21710
2003-11-04,17.289329528808594,17.370558235811306,17.183106640089242,17.245590902592657,6125
2003-11-05,17.20809555053711,17.20809555053711,17.089375607326318,17.108120046083727,2700
2003-11-06,17.214344024658203,17.24558674427064,17.07063108980469,17.24558674427064,3530
2003-11-07,17.80794334411621,17.87667613839547,17.295574638585606,17.339313256113154,15662
2003-11-10,18.02663803100586,18.045382472205386,17.58924946226801,17.58924946226801,5511
2003-11-11,18.05787467956543,18.082868850125816,17.99539044495211,17.99539044495211,10501
2003-11-12,16.970657348632812,18.057879000629967,16.970657348632812,17.9641532221762,10903
2003-11-13,16.089630126953125,16.876928676179727,15.9396686687844,16.876928676179727,16813
2003-11-14,16.495779037475586,16.70197623075198,16.12087472466724,16.12087472466724,5450
2003-11-17,16.55826187133789,16.87068190664615,16.552013327617182,16.55826187133789,3414
2003-11-18,16.870681762695312,16.95191044679571,16.57700736105498,16.620745974938878,10639
2003-11-19,16.983150482177734,17.170601995434986,16.80819486249335,16.87067909750832,5424
2003-11-20,16.7144718170166,16.964407605829372,16.645739028172645,16.964407605829372,2774
2003-11-21,16.620746612548828,16.870682409893377,16.55826236526572,16.683230859831937,3167
2003-11-24,16.96440887451172,16.96440887451172,16.464537259503306,16.564511582504988,5660
2003-11-25,17.25808334350586,17.308070501682625,16.776956201187062,16.776956201187062,4060
2003-11-26,17.664228439331055,17.664228439331055,17.120617073296994,17.220591385613265,9854
2003-11-27,17.314321517944336,17.558010008443294,17.314321517944336,17.558010008443294,4538
2003-11-28,17.00189781188965,17.45178342713084,17.00189781188965,17.308070496390066,4080
2003-12-01,16.745710372924805,17.333060266276892,16.495774628451887,17.08937306438925,5291
2003-12-02,16.870681762695312,17.033140322683956,16.558261730052806,16.695726115371887,5191
2003-12-03,17.058134078979492,17.301822525905184,16.870682527610093,17.11436978274789,3198
2003-12-04,17.08937644958496,17.183102223354776,16.870682182930143,17.183102223354776,2072
2003-12-05,17.27058219909668,17.48927650052101,16.87068486514686,16.87068486514686,5625
2003-12-08,17.183101654052734,17.276827424717272,17.02689163901589,17.183101654052734,1824
2003-12-09,16.458288192749023,17.276828383255012,16.333319697071026,17.276828383255012,11614
2003-12-10,16.12087059020996,16.695723404609026,15.995903312515692,16.55201049895617,3442
2003-12-11,15.421051025390625,16.364559546055226,15.108631032791262,15.933419622567552,9344
2003-12-12,15.927175521850586,15.933424066459839,15.308583906990826,15.371068161295332,5861
2003-12-15,16.039649963378906,16.214605670038495,15.977165697301322,16.120878675027992,2000
2003-12-16,16.508275985717773,16.527021618324696,15.933423028772882,16.027148808231605,8912
2003-12-17,16.489532470703125,16.87068537347607,16.302080887713075,16.55826527396726,10338
2003-12-18,15.795960426330566,16.45829069378196,15.62100474415235,16.452042148869733,10712
2003-12-19,15.37106704711914,16.00840424960909,15.339824326337514,16.00840424960909,5705
2003-12-22,15.15861701965332,15.58975691002659,14.90868128312809,15.58975691002659,5024
2003-12-23,14.87744140625,15.121129838613674,14.87744140625,15.114881295036366,5008
2003-12-24,14.87744140625,14.87744140625,14.87744140625,14.87744140625,0
2003-12-25,14.87744140625,14.87744140625,14.87744140625,14.87744140625,0
2003-12-26,14.87744140625,14.87744140625,14.87744140625,14.87744140625,0
2003-12-29,14.839948654174805,15.177362795633043,14.533777224955816,14.877438717074295,2618
2003-12-30,14.377573013305664,14.852451703970004,14.377573013305664,14.68374456548634,3867
2003-12-31,14.377573013305664,14.377573013305664,14.377573013305664,14.377573013305664,0
2004-01-01,14.377573013305664,14.377573013305664,14.377573013305664,14.377573013305664,0
2004-01-02,14.958670616149902,14.958670616149902,14.402562180363294,14.402562180363294,3675
2004-01-05,14.839948654174805,15.058642872699114,14.839948654174805,14.971164470216824,5381
2004-01-06,14.658745765686035,14.99615993631114,14.658745765686035,14.99615993631114,3800
2004-01-07,15.283585548400879,15.296082634201358,14.714981254143828,14.714981254143828,8886
2004-01-08,15.83969497680664,15.914675112901104,15.183612231147327,15.296083627076797,14890
2004-01-09,15.8959321975708,15.964663796943784,15.839696494218796,15.839696494218796,4070
2004-01-12,15.221107482910156,15.895934843681204,15.133629045473924,15.621004825059492,5087
2004-01-13,14.746225357055664,15.227352479584633,14.746225357055662,15.221103936096071,9697
2004-01-14,14.621254920959473,14.983662052450525,14.621254920959473,14.983662052450525,1730
2004-01-15,14.683743476867676,14.683743476867676,14.590017693032504,14.683743476867676,11377
2004-01-16,14.99616527557373,15.177369511378554,14.683745165665945,14.683745165665945,29840
2004-01-19,14.683743476867676,15.002412095337661,14.502539261903408,14.996163550843583,22028
2004-01-20,14.746225357055664,14.80870960015347,14.590015345205048,14.746225357055662,14353
2004-01-21,15.621001243591309,15.714727012695294,14.858696811947667,14.927428407003754,35785
2004-01-22,16.870681762695312,16.93316600758138,15.621001632125289,15.621001632125289,50785
2004-01-23,16.75196075439453,17.05188487247273,16.40829921699355,17.05188487247273,15313
2004-01-26,17.026893615722656,17.026893615722656,16.65198929775282,16.983154997120636,10110
2004-01-27,16.808195114135742,17.114366559326488,16.620743598072078,17.114366559326488,17183
2004-01-28,16.808195114135742,16.901920872167576,16.808195114135742,16.901920872167576,2908
2004-01-29,16.83944320678711,16.901926270907953,16.71447469496931,16.71447469496931,4200
2004-01-30,16.626996994018555,16.86443572978987,16.620748449420883,16.620748449420883,1022
2004-02-02,16.626996994018555,16.63949289142587,16.620748449420883,16.626996994018555,1280
2004-02-03,16.527019500732422,16.595751094575395,16.439541084896593,16.58950255117371,5758
2004-02-04,16.55826187133789,16.589503398153575,16.433293380499443,16.464536099102983,2005
2004-02-05,16.783205032348633,16.783205032348633,16.433293727331098,16.433293727331098,6961
2004-02-06,16.883180618286133,16.889429162607964,16.86443498532064,16.86443498532064,13680
2004-02-09,17.176856994628906,17.176856994628906,16.883182528994833,16.995653955940508,2070
2004-02-10,17.176856994628906,17.176856994628906,16.89567961905282,17.058137022654236,2250
2004-02-11,17.183101654052734,17.183101654052734,16.901923150271283,17.014394551783862,4463
2004-02-12,17.83918571472168,18.2515801162735,17.2455882903246,17.2455882903246,21290
2004-02-13,17.814191818237305,18.089121802485035,17.714217495199573,17.714217495199573,4100
2004-02-16,17.920413970947266,17.932911058775705,17.807942564067094,17.926662514861484,1970
2004-02-17,18.2203369140625,18.2203369140625,17.745458303038756,17.814191094254316,4090
2004-02-18,17.945405960083008,18.245330092400973,17.945405960083008,18.245330092400973,4758
2004-02-19,18.20159339904785,18.20159339904785,17.92666458578916,17.95165757254539,5575
2004-02-20,17.83918571472168,18.282822838686823,17.83918571472168,18.176599966057534,9383
2004-02-23,17.714218139648438,17.93291242617012,17.714218139648438,17.93291242617012,1470
2004-02-24,17.32056999206543,17.52676721131187,17.32056999206543,17.514271313015197,3820
2004-02-25,17.176856994628906,17.18935408468689,17.039392579355358,17.18935408468689,7975
2004-02-26,17.28307342529297,17.28307342529297,17.28307342529297,17.28307342529297,20
2004-02-27,17.495515823364258,17.55800004680519,17.24558012138797,17.24558012138797,6490
2004-03-01,17.495515823364258,17.65172578607287,17.264324554169047,17.65172578607287,3547
2004-03-02,17.495515823364258,17.495515823364258,17.05812745106518,17.3705473764824,6716
2004-03-03,16.99565315246582,17.37055630217694,16.98315606299864,17.37055630217694,2100
2004-03-04,16.939416885375977,16.939416885375977,16.933168340847583,16.933168340847583,374
2004-03-05,17.339313507080078,17.801695057587658,16.87068341229413,17.026893443889445,8676
2004-03-08,17.68297576904297,17.932912782484088,17.495524200750133,17.495524200750133,6168
2004-03-09,17.6517333984375,17.807943428512168,17.495523368362832,17.807943428512168,5529
2004-03-10,17.495515823364258,17.551751505282354,17.495515823364258,17.495515823364258,4380
2004-03-11,17.6517333984375,17.6517333984375,17.495523368362832,17.495523368362832,3124
2004-03-12,18.120365142822266,18.120365142822266,17.495524965483565,17.495524965483565,5853
2004-03-15,17.80794334411621,18.120363402784918,17.80794334411621,18.120363402784918,1925
2004-03-16,17.80794334411621,17.826688976679993,17.495523285447508,17.65173331478186,4291
2004-03-17,17.745458602905273,17.93291134799136,17.682974354543244,17.93291134799136,236
2004-03-18,17.745458602905273,17.745458602905273,17.745458602905273,17.745458602905273,0
2004-03-19,17.501771926879883,17.53301345620516,17.495523382657236,17.526764911982518,2401
2004-03-22,17.495515823364258,17.65172578607287,17.495515823364258,17.495515823364258,11931
2004-03-23,17.614246368408203,17.620494913705404,17.49552639133773,17.49552639133773,2179
2004-03-24,17.495515823364258,17.55800004680519,17.495515823364258,17.55800004680519,1646
2004-03-25,17.495515823364258,17.80168720725864,17.120611674506108,17.401790084096582,8638
2004-03-26,17.558006286621094,17.58924781355055,17.558006286621094,17.57050337410802,11342
2004-03-29,18.620235443115234,18.751452490467944,17.620492186084917,17.620492186084917,20173
2004-03-30,18.620235443115234,18.74520394613801,18.370299628857655,18.49526813188043,10703
2004-03-31,18.932653427124023,18.932653427124023,18.495266098213644,18.745201884989267,15999
2004-04-01,19.82617950439453,19.994886646503552,18.870174749352973,18.870174749352973,13326
2004-04-02,20.276060104370117,20.307301630162932,19.74494582337752,19.89490729240111,6190
2004-04-05,19.994882583618164,20.31979971163105,19.8699140907554,20.307302623987198,4815
2004-04-06,19.81993293762207,20.08861563622714,19.68246850725012,19.994888642285837,11541
2004-04-07,19.994882583618164,19.994882583618164,19.776188317002266,19.994882583618164,15710
2004-04-08,19.994882583618164,19.994882583618164,19.994882583618164,19.994882583618164,0
2004-04-09,19.994882583618164,19.994882583618164,19.994882583618164,19.994882583618164,0
2004-04-12,19.994882583618164,19.994882583618164,19.994882583618164,19.994882583618164,0
2004-04-13,19.876163482666016,20.082360670436216,19.869914938577473,19.869914938577473,3520
2004-04-14,19.994882583618164,19.994882583618164,19.74494678968051,19.776188317002266,853
2004-04-15,20.082359313964844,20.082359313964844,19.869913596455834,19.869913596455834,253
2004-04-16,20.900903701782227,20.932145232877286,19.994884998569347,19.994884998569347,10129
2004-04-19,21.575725555419922,21.575725555419922,20.61347371706846,20.89464982478009,7428
2004-04-20,21.713193893432617,21.96313089167945,21.55698386542231,21.55698386542231,11629
2004-04-21,21.606975555419922,21.644464442443514,21.4632602099087,21.644464442443514,3261
2004-04-22,21.025869369506836,21.369530932281798,20.94463949277161,21.369530932281798,4067
2004-04-23,21.250810623168945,21.556983319082896,20.807174726921374,20.807174726921374,7116
2004-04-26,21.588218688964844,21.60696550733487,21.2570542951876,21.2570542951876,1928
2004-04-27,22.056856155395508,22.056856155395508,21.675703293978383,21.894398770051392,13300
2004-04-28,21.33829116821289,21.925640026140073,21.238316843808775,21.869404319689266,6313
2004-04-29,21.000873565673828,21.26955496639408,20.93214078173485,21.244560793402535,10154
2004-04-30,21.16958236694336,21.16958236694336,20.625969786583433,20.869659417559806,12612
2004-05-03,21.36328125,21.419516951945187,20.96338398442342,20.994625511376142,2230
2004-05-04,21.36328125,21.36328125,21.25080984610962,21.25080984610962,946
2004-05-05,21.556983947753906,21.86940400496773,21.338290861134578,21.338290861134578,5437
2004-05-06,21.869401931762695,22.031859297339647,21.55073455238744,21.55073455238744,10333
2004-05-07,22.056856155395508,22.056856155395508,21.731939001131334,21.863157240205517,7664
2004-05-10,21.33829116821289,22.181824381399114,21.33829116821289,22.119341322487507,16009
2004-05-11,20.476011276245117,21.307047406849332,19.98863554746485,21.307047406849332,6451
2004-05-12,19.755874633789062,20.5206186542111,19.755874633789062,20.5206186542111,4636
2004-05-13,19.80685806274414,19.80685806274414,19.43723205909393,19.75587520760367,8158
2004-05-14,19.755874633789062,19.85146733246004,19.596553064161732,19.85146733246004,2699
2004-05-17,19.067609786987305,19.57743843816582,18.799949441236738,19.57743843816582,4640
2004-05-18,19.30977439880371,19.437232144981667,18.831809673927115,18.831809673927115,5500
2004-05-19,19.749502182006836,19.749502182006836,19.258791441991843,19.3480123500573,14900
2004-05-20,20.036287307739258,20.036287307739258,19.71764406716369,19.71764406716369,1153
2004-05-21,20.32943344116211,20.386789307419463,20.02990930722821,20.02990930722821,1527
2004-05-24,20.50787353515625,20.52061955301122,20.361297976405623,20.52061955301122,2018
2004-05-25,19.947063446044922,20.393164403584255,19.800487868620717,20.393164403584255,2866
2004-05-26,20.182857513427734,20.182857513427734,19.915197214247165,19.915197214247165,7453
2004-05-27,20.176485061645508,20.386789501414594,20.176485061645508,20.37404348311896,2923
2004-05-28,19.915199279785156,20.106384706660172,19.915199279785156,20.106384706660172,2966
2004-05-31,19.92794418334961,19.92794418334961,19.915198164797605,19.92157117407361,400
2004-06-01,20.13825035095215,20.170114184532114,19.921572879131865,19.921572879131865,2292
2004-06-02,20.32943344116211,20.32943344116211,20.233840735908924,20.297569611253447,780
2004-06-03,20.32943344116211,20.32943344116211,20.32943344116211,20.32943344116211,0
2004-06-04,20.30394172668457,20.374042392503664,20.29119570907123,20.29119570907123,1718
2004-06-07,20.928482055664062,20.928482055664062,20.138247194571075,20.144620203393657,6634
2004-06-08,20.966716766357422,21.030444413370315,20.941224735130703,20.992206366530237,4997
2004-06-09,20.896623611450195,20.985843326901037,20.718181749493596,20.73092777042299,386
2004-06-10,20.730920791625977,21.024074312205855,20.730920791625977,21.024074312205855,1142
2004-06-11,20.82014274597168,20.82014274597168,20.82014274597168,20.82014274597168,126
2004-06-14,21.055944442749023,21.170656195788894,20.80740312151424,20.998588566229085,6714
2004-06-15,21.11966896057129,21.623125753624134,21.11966896057129,21.23438069648344,5183
2004-06-16,21.642244338989258,21.642244338989254,21.393703045986474,21.393703045986474,8310
2004-06-17,21.546648025512695,21.731459182158815,21.546648025512695,21.648613723717247,3197
2004-06-18,21.463802337646484,21.463802337646484,21.285362955248768,21.425564285252293,2060
2004-06-21,21.349090576171875,21.438310267223017,21.253496660871793,21.253496660871793,1530
2004-06-22,21.355464935302734,21.65499030358141,21.221635382645914,21.272619458546348,2740
2004-06-23,21.50841522216797,21.635872983769513,21.41282129320316,21.635872983769513,1944
2004-06-24,21.54027557373047,21.604005659759267,21.35546197082826,21.36183619495824,2100
2004-06-25,21.59126091003418,21.59126091003418,21.285363772301352,21.285363772301352,1713
2004-06-28,21.49566650390625,21.61675002514444,21.40007501799851,21.40007501799851,3100
2004-06-29,21.50841522216797,21.514787016273473,21.50841522216797,21.514787016273473,25
2004-06-30,21.648616790771484,21.839802198109343,21.419193329544317,21.431939347507424,4379
2004-07-01,21.457426071166992,21.66773169273773,21.457426071166992,21.476546311071438,850
2004-07-02,21.349090576171875,21.508412147635845,21.234378850233476,21.476548319553903,7200
2004-07-05,21.54027557373047,21.54027557373047,21.53390378065469,21.54027557373047,430
2004-07-06,21.438312530517578,21.559398493488256,21.285365167155526,21.52116043712049,1770
2004-07-07,21.285362243652344,21.285362243652344,21.240752399544277,21.240752399544277,62
2004-07-08,21.126047134399414,21.380960259923054,20.871131577820854,21.380960259923054,5524
2004-07-09,21.03044891357422,21.208888308236826,20.32943370668297,21.068686968596673,8041
2004-07-12,20.616212844848633,21.126043879454752,20.393163590499363,21.126043879454752,3827
2004-07-13,20.667194366455078,20.826515937315165,20.53336483038562,20.826515937315165,1648
2004-07-14,20.45688819885254,20.60346617959433,20.444144612839857,20.60346617959433,863
2004-07-15,20.05539894104004,20.393161109505996,19.768620842253885,20.393161109505996,7780
2004-07-16,20.119123458862305,20.119123458862305,19.755870549690993,20.074513623073106,3878
2004-07-19,19.87696075439453,20.01716330786246,19.602927441024633,19.768622030865203,2548
2004-07-20,19.564687728881836,19.81960197753762,19.379874138902007,19.81960197753762,4269
2004-07-21,19.34801483154297,19.500963416451032,19.25242090238904,19.379878664242746,1695
2004-07-22,19.354387283325195,19.354387283325195,19.124963804812264,19.29065840423524,2083
2004-07-23,19.367136001586914,19.373509012336875,19.13134068147595,19.373509012336875,1758
2004-07-26,19.233299255371094,19.233299255371094,19.00387581597436,19.118587535672727,2170
2004-07-27,20.036287307739258,20.036287307739258,19.11859443453393,19.11859443453393,7684
2004-07-28,19.908824920654297,20.221095078331157,19.755876346416276,20.221095078331157,1864
2004-07-29,20.361299514770508,20.39316334628818,20.029910318666783,20.06814715959344,6664
2004-07-30,20.603469848632812,20.603469848632812,20.10638481872178,20.10638481872178,982
2004-08-02,20.49513053894043,20.711808012311412,20.49513053894043,20.67994417850341,2604
2004-08-03,20.648080825805664,20.648080825805664,20.55248689109958,20.55248689109958,710
2004-08-04,20.584346771240234,20.711804516011156,20.584346771240234,20.711804516011156,151
2004-08-05,20.71180534362793,20.775533003032727,20.705433550109202,20.71180534362793,1306
2004-08-06,20.654447555541992,20.966718892094562,20.654447555541992,20.71180341609025,6427
2004-08-09,21.667734146118164,21.667734146118164,20.718176491815562,20.718176491815562,22913
2004-08-10,21.476551055908203,21.48292284991473,21.04319613182757,21.48292284991473,9526
2004-08-11,20.966716766357422,21.24075002440989,20.57159757550499,21.189765961956454,12008
2004-08-12,20.896623611450195,21.030453184626456,20.711809954556358,21.01770716369706,4261
2004-08-13,20.960344314575195,20.966718538447573,20.64170119047146,20.781904943014418,3131
2004-08-16,21.03044891357422,21.03044891357422,20.934854991545294,21.03044891357422,1125
2004-08-17,21.215261459350586,21.215261459350586,20.864754481405733,20.96672019191795,3459
2004-08-18,21.094175338745117,21.094175338745117,20.839262280022197,20.8456340732922,4400
2004-08-19,21.03044891357422,21.380955909256237,21.03044891357422,21.285364418281734,3226
2004-08-20,21.22163200378418,21.342717949241393,21.030446611706765,21.030446611706765,1843
2004-08-23,21.6040096282959,21.6040096282959,21.221636335045865,21.221636335045865,4860
2004-08-24,21.667734146118164,21.79519189201207,21.667734146118164,21.667734146118164,3000
2004-08-25,21.73146629333496,21.73146629333496,21.508417015228584,21.667738622748796,2786
2004-08-26,21.667734146118164,21.667734146118164,21.387329049995007,21.667734146118164,5813
2004-08-27,21.476551055908203,21.66773647981329,21.291737426009643,21.66773647981329,6177
2004-08-30,21.349090576171875,21.349090576171875,21.170651194069592,21.253496660871793,3636
2004-08-31,21.15790557861328,21.53390459165417,21.100549714554354,21.126041749925943,9008
2004-09-01,21.5721378326416,21.5721378326416,21.164275035931063,21.412816275735672,1951
2004-09-02,21.667734146118164,21.667734146118164,21.32997318589546,21.355462790230803,4260
2004-09-03,21.788818359375,21.795192583951927,21.540277084071217,21.66136304048902,2086
2004-09-06,21.858917236328125,21.878037476374207,21.725087711275755,21.79518958565196,683
2004-09-07,22.6236629486084,22.6236629486084,21.92264901276335,21.92264901276335,8954
2004-09-08,22.113840103149414,22.432483325295504,21.98638232808001,22.368753222233373,4534
2004-09-09,22.591806411743164,22.591806411743164,22.081977709225654,22.26678894253793,6668
2004-09-10,22.311397552490234,22.62366898276151,22.241298085052286,22.305025757652196,5618
2004-09-13,22.6236629486084,22.6236629486084,22.336883636288434,22.48983341321049,4356
2004-09-14,22.43248176574707,22.496209433323877,22.368751667115575,22.368751667115575,8873
2004-09-15,22.585424423217773,22.585424423217773,22.33688316810137,22.33688316810137,2700
2004-09-16,22.528072357177734,22.73837802758515,22.496208524676348,22.496208524676348,10179
2004-09-17,22.65553092956543,22.814852528832493,22.65553092956543,22.68739476320791,6026
2004-09-20,22.782987594604492,22.79573361365669,22.50895426261859,22.655529835137052,12200
2004-09-21,22.46434211730957,22.782985267909705,22.46434211730957,22.62366369260964,1937
2004-09-22,22.5599365234375,22.617292389029714,22.46434260376569,22.610918164489267,4550
2004-09-23,22.49620819091797,22.623665950087116,22.432480526860672,22.55993828602982,11759
2004-09-24,22.5599365234375,22.789357554751998,22.368748684093877,22.368748684093877,6220
2004-09-27,22.55356216430664,22.62366404750705,22.432478640358703,22.432478640358703,3995
2004-09-28,22.190311431884766,22.55993869710499,22.190311431884766,22.55993869710499,4994
2004-09-29,22.49620819091797,22.54719226700745,22.18393923356084,22.18393923356084,3040
2004-09-30,22.30501937866211,22.464340945652552,21.98637624468122,22.464340945652552,4250
2004-10-01,22.30501937866211,22.464340945652552,22.30501937866211,22.464340945652552,748
2004-10-04,22.6236629486084,22.6236629486084,22.432477550746498,22.432477550746498,11813
2004-10-05,22.999662399291992,22.999662399291992,22.623663389381232,22.751121134123814,3296
2004-10-06,23.133493423461914,23.260951176392762,22.94230800959286,22.94230800959286,13470
2004-10-07,22.43248176574707,22.78936059386469,22.43248176574707,22.78936059386469,11880
2004-10-08,21.871665954589844,22.496206246374182,21.349091375116124,22.496206246374182,9265
2004-10-11,22.01823616027832,22.177557698964925,21.648611454673343,22.177557698964925,1464
2004-10-12,22.05010223388672,22.050102233886715,21.858916854146866,21.93539051983201,4117
2004-10-13,21.827054977416992,22.005494356959254,21.827054977416992,21.922648891345613,49061
2004-10-14,21.890785217285156,22.158446749255244,21.763329891737456,21.935395067437756,13854
2004-10-15,21.50841522216797,21.92265233960934,21.03682223355863,21.92265233960934,10598
2004-10-18,21.22163200378418,21.444683653752957,21.12604052327255,21.34908974218717,21086
2004-10-19,21.795190811157227,21.795190811157227,21.094174459032292,21.094174459032292,3473
2004-10-20,21.763330459594727,21.922652051740943,21.763330459594727,21.795194291813058,1450
2004-10-21,21.858917236328125,21.986374968734495,21.76332576031388,21.92264731805833,2963
2004-10-22,21.986379623413086,22.069227531674848,21.725092310637894,21.98000782941813,8381
2004-10-25,22.24129295349121,22.24129295349121,21.667734308205226,21.67410610157315,4177
2004-10-26,22.41973304748535,22.432479065677487,22.19030958213574,22.305021314810546,2047
2004-10-27,22.41973304748535,22.41973304748535,22.305021314810546,22.305021314810546,2586
2004-10-28,22.43248176574707,22.719261131952077,22.30502399953877,22.311395793874574,26262
2004-10-29,22.30501937866211,22.426102894395342,22.285901568560597,22.30501937866211,6705
2004-11-01,22.368749618530273,22.43247971132521,22.285904144478554,22.292275938230816,3147
2004-11-02,22.94230842590332,22.94230842590332,22.33688591178664,22.52169953533727,18883
2004-11-03,22.87858009338379,23.069765505119666,22.814850002102226,22.942307753610944,3780
2004-11-04,23.133493423461914,23.260951176392762,22.94230800959286,23.190849290728075,3851
2004-11-05,23.197223663330078,23.197223663330078,22.948679949556038,22.948679949556038,2020
2004-11-08,24.00020408630371,24.293355226813212,23.10163042096491,23.10163042096491,16478
2004-11-09,24.15952491760254,24.3379643138713,23.99383153978932,24.00020333348987,5361
2004-11-10,24.36983299255371,24.40806862065814,24.19139114753252,24.344340953114298,8342
2004-11-11,25.58704948425293,25.58704948425293,24.350712334032945,24.350712334032945,14715
2004-11-12,25.618911743164062,26.192467999239273,25.618911743164062,25.861081236735995,14664
2004-11-15,26.12236976623535,26.351790820777087,25.587049110195412,25.803726576474784,13182
2004-11-16,25.689008712768555,26.090497285845057,25.618906838755635,26.090497285845057,5062
2004-11-17,25.96941375732422,25.969413757324222,25.689008692547286,25.689008692547286,2355
2004-11-18,26.38365364074707,26.383653640747074,25.84195883022859,25.93755274710076,2663
2004-11-19,26.670433044433594,26.670433044433594,26.25619837138277,26.383656128880915,2717
2004-11-22,26.625822067260742,26.75965404405051,26.256197260317254,26.75965404405051,4331
2004-11-23,26.574840545654297,27.06555131329861,26.574840545654297,26.606704376061447,4668
2004-11-24,23.707050323486328,24.376200437521156,23.337423110730292,23.891863929864346,225509
2004-11-25,23.5795955657959,23.898238749117468,23.420273974135117,23.89186695511504,371500
2004-11-26,23.834508895874023,23.89186476084643,23.158984534093943,23.528609328651633,340472
2004-11-29,24.5355224609375,25.032604995195744,23.67518693148219,23.80264224617609,678349
2004-11-30,24.624746322631836,24.662984382146313,24.535526614819428,24.65661015669988,124613
2004-12-01,24.73945426940918,25.01348757619322,24.535522845437935,24.777692323049163,70531
2004-12-02,24.98162269592285,25.038978558442423,24.61836971031699,24.854164953540007,31304
2004-12-03,24.98162269592285,25.2684020085207,24.854164953540007,24.854164953540007,44410
2004-12-06,24.790437698364258,24.92426723605385,24.535522209480412,24.567386037827326,16810
2004-12-07,24.662982940673828,24.790440700551216,24.510033142610048,24.726710605085238,14677
2004-12-08,24.5355224609375,24.69484403535917,24.439928543862777,24.57376051397825,19691
2004-12-09,24.121286392211914,24.53552347525486,23.898237151222265,24.53552347525486,72121
2004-12-10,24.070302963256836,24.185014687549895,23.9938292907462,24.15315085992498,15090
2004-12-13,24.089420318603516,24.210506264766934,24.025692664557422,24.210506264766934,26575
2004-12-14,24.076675415039062,24.185015349192742,23.961963687607767,24.185015349192742,15389
2004-12-15,23.930105209350586,24.089426818508784,23.82813947673153,24.089426818508784,27991
2004-12-16,24.114919662475586,24.153157725126654,23.649700839968023,23.86000410691162,41584
2004-12-17,24.083045959472656,24.083045959472656,23.77077465339058,23.898232378955793,9600
2004-12-20,24.216880798339844,24.216880798339844,23.898237629940635,24.02569538351121,16011
2004-12-21,24.694847106933594,24.713964920304715,23.898239135742188,23.904610929847692,20636
2004-12-22,24.095794677734375,24.854164461773074,24.057556626459835,24.72670672191212,36550
2004-12-23,24.248741149902344,24.408062711243428,24.095793812405194,24.216877323844944,5555
2004-12-24,24.248741149902344,24.24874114990234,24.24874114990234,24.24874114990234,0
2004-12-27,24.02569007873535,24.490908710153256,24.025690078735348,24.408060823966697,4870
2004-12-28,24.47179412841797,24.771317026950005,24.165894574640294,24.165894574640294,4746
2004-12-29,24.216880798339844,24.529152173035026,24.15952493078581,24.216880798339844,7375
2004-12-30,25.013486862182617,25.077214518709145,24.03843961721197,24.216879000329666,37807
2004-12-31,25.013486862182617,25.013486862182617,25.013486862182617,25.013486862182617,0
2005-01-03,24.47179412841797,25.313011823671005,24.47179412841797,24.790437268470004,7522
2005-01-04,24.72670555114746,24.72670555114746,24.522774149447386,24.68846993273749,24340
2005-01-05,24.72670555114746,24.72670555114746,24.471792514549403,24.662977899761465,33814
2005-01-06,24.5355224609375,24.815927556740096,24.5355224609375,24.790437952433894,23127
2005-01-07,24.72670555114746,24.95612898582356,24.599247817321398,24.662977899761465,77245
2005-01-10,24.694847106933594,24.854168701171872,24.694847106933594,24.854168701171872,6324
2005-01-11,24.503658294677734,24.675725884409083,24.38257234391071,24.53552212291222,3039
2005-01-12,24.586511611938477,24.586511611938477,24.312478252825688,24.471799860167785,33137
2005-01-13,24.91790008544922,25.42135698183638,24.51003713229429,24.66298695525487,105128
2005-01-14,25.81009292602539,25.873820578112458,25.045348945710113,25.134568631053646,123728
2005-01-17,26.224332809448242,26.351788127482163,25.56155445903268,25.69538400160091,129156
2005-01-18,25.708133697509766,26.07138675419427,25.644406029375705,26.033148694681007,165360
2005-01-19,25.765485763549805,25.937553359348737,25.58704637430099,25.682637862375273,121995
2005-01-20,25.561548233032227,25.65713969827455,25.434090514988693,25.650767906346566,96726
2005-01-21,25.561548233032227,25.567920024960205,25.083583613659307,25.485074574627614,101571
2005-01-24,25.5551815032959,25.733623333300752,25.491453841114904,25.504199859762,21763
2005-01-25,25.5233154296875,25.65077317390534,25.459587773105717,25.49145160139661,44883
2005-01-26,25.51057243347168,25.81009780319935,25.427726956314515,25.55518228457309,35690
2005-01-27,25.81009292602539,26.447379171112438,25.491449803481867,25.491449803481867,39909
2005-01-28,25.53605842590332,26.03314089538063,25.49144858536325,25.873819341722108,63624
2005-01-31,25.5233154296875,25.65077317390534,24.860537104598166,25.65077317390534,72025
2005-02-01,25.561548233032227,25.746361802642657,25.395852470259502,25.395852470259502,38762
2005-02-02,25.720874786376953,25.81009447708214,25.587045250319175,25.587045250319175,17537
2005-02-03,25.491453170776367,25.892944238911333,25.389487455335438,25.625282716469883,12387
2005-02-04,26.09686851501465,26.441003621924303,25.36398846486117,25.389480494496052,78360
2005-02-07,26.15423583984375,26.447387016086978,25.92481233459085,26.096879963530526,18217
2005-02-08,26.065013885498047,26.479248573405613,26.065013885498047,26.128741551005486,195941
2005-02-09,26.606706619262695,26.715044137991793,26.19246949588226,26.243453573675694,45123
2005-02-10,26.638566970825195,26.69592283531936,26.51110922405435,26.517483448472767,4850
2005-02-11,27.084671020507812,27.08467102050781,26.530232553253878,26.530232553253878,39180
2005-02-14,27.07192611694336,27.243993737538588,26.918978741561844,27.020944468834422,126685
2005-02-15,27.5626277923584,27.721949340291104,27.1483907953118,27.1483907953118,153387
2005-02-16,27.084671020507812,27.766567249363288,27.08467102050781,27.65822973218746,57145
2005-02-17,27.218502044677734,27.390569667464835,27.084672481750456,27.084672481750456,84989
2005-02-18,27.084671020507812,27.403314208984373,27.08467102050781,27.27585644738283,101076
2005-02-21,27.16114044189453,27.371446080186164,27.084666769358584,27.275852166225565,54128
2005-02-22,27.04006004333496,27.275855312299722,26.804264774370196,27.275855312299722,10440
2005-02-23,27.07192611694336,27.07192611694336,26.82975660302548,27.020944468834422,22771
2005-02-24,26.98907470703125,27.224872396030257,26.86161938774511,27.18026254806923,16323
2005-02-25,27.435176849365234,27.524396549292696,27.05280601223196,27.17388954341145,103121
2005-02-28,27.65822410583496,27.702833948662587,27.49890254400654,27.562630196316267,127384
2005-03-01,27.945003509521484,28.027851409889504,27.575378716667977,27.72195427513181,126841
2005-03-02,27.65822410583496,28.136188791320212,27.467036286797573,27.823917460472707,320110
2005-03-03,27.67097282409668,27.779312770383935,27.59449914092921,27.639108992031446,56603
2005-03-04,27.74107551574707,27.798431387545463,27.524398047959224,27.779313573964206,43591
2005-03-07,27.862159729003906,28.12981882649501,27.721955955429816,27.721955955429816,137086
2005-03-08,27.811176300048828,28.040599778111194,27.728328392736415,28.040599778111194,48107
2005-03-09,27.709205627441406,27.938629064498848,27.65822399201425,27.84940937921075,32651
2005-03-10,27.594497680664062,27.785683093992727,27.32683858821482,27.785683093992727,41799
2005-03-11,27.594497680664062,27.69009160285561,27.42243007935194,27.69009160285561,30302
2005-03-14,27.65822410583496,27.683713708126387,27.40330863448785,27.40330863448785,40577
2005-03-15,27.15477752685547,27.530776650414335,26.880744143699598,27.435182705199956,20154
2005-03-16,27.084671020507812,27.403314208984373,27.027315149339845,27.212128782109357,50152
2005-03-17,26.906232833862305,27.212130016954404,26.460131863540816,27.212130016954404,51568
2005-03-18,26.447383880615234,26.957212481259564,26.351789954408066,26.957212481259564,55246
2005-03-21,26.56209373474121,26.670431241103923,26.319924254974552,26.370908326948314,65238
2005-03-22,26.19246482849121,26.670429532887432,25.810094037395913,26.574838050640707,36874
2005-03-23,26.05226707458496,26.44738393704555,25.013489627205733,26.44738393704555,66818
2005-03-24,25.74637222290039,26.033149165747563,25.65715008242165,25.810099892187594,129081
2005-03-25,25.74637222290039,25.74637222290039,25.74637222290039,25.74637222290039,0
2005-03-28,25.74637222290039,25.74637222290039,25.74637222290039,25.74637222290039,0
2005-03-29,25.172815322875977,25.937559565731295,25.045357543890933,25.746374112781197,143634
2005-03-30,25.172815322875977,25.274781059853023,25.045357543890933,25.109087648910922,30518
2005-03-31,26.128738403320312,26.409143501249563,25.682637505345443,25.810095252060307,188479
2005-04-01,26.574840545654297,26.766025959151637,26.25619737947392,26.319925040288226,98255
2005-04-04,26.55571937561035,26.619449465254515,26.46012788772562,26.619449465254515,19600
2005-04-05,26.6959228515625,26.82975239177887,26.55571908692383,26.55571908692383,39656
2005-04-06,26.76603126525879,27.275859946005117,26.638573487308477,26.989080553380646,102664
2005-04-07,27.403310775756836,27.46703843304618,26.893482224279197,26.95720988156854,241966
2005-04-08,27.403310775756836,27.645480249354076,27.33958311846749,27.51164827935958,73045
2005-04-11,27.721956253051758,27.91314167203432,27.390567058989888,27.473414965268983,165753
2005-04-12,27.87490463256836,28.10432566507449,27.664598980619772,28.040598005665185,93660
2005-04-13,28.136192321777344,28.148935908995036,28.002360345447457,28.034226606654922,125925
2005-04-14,27.976871490478516,28.13619307657223,27.88127756640049,28.13619307657223,55537
2005-04-15,26.89348602294922,27.72195784000274,26.606706662531366,27.72195784000274,158340
2005-04-18,26.377281188964844,26.542976998537576,26.033145982364058,26.542976998537576,45795
2005-04-19,26.447383880615234,26.562095619642026,26.34541816048637,26.34541816048637,14415
2005-04-20,26.256200790405273,26.511113897832566,26.128743021164254,26.511113897832566,86585
2005-04-21,26.43463134765625,26.441005571061734,25.873818809616484,26.415513539547668,129003
2005-04-22,26.13511085510254,26.60670380051207,25.899315597924964,26.447382220868285,43883
2005-04-25,26.415517807006836,26.415517807006836,25.682637584430335,26.166976537227388,26775
2005-04-26,25.937551498413086,26.31992228538506,25.905687671341116,26.256194631241122,48143
2005-04-27,25.363990783691406,25.93754934764345,25.3512447677087,25.93754934764345,95546
2005-04-28,24.91790008544922,25.555186557517537,24.701222587703793,25.555186557517537,111398
2005-04-29,24.847801208496094,24.917900680010067,24.414446202665047,24.85417300370463,125908
2005-05-02,25.070850372314453,25.166444317315534,24.784070968366226,24.886036708541706,14909
2005-05-03,25.045358657836914,25.344884087115556,25.045358657836914,25.30027422714491,32214
2005-05-04,25.096338272094727,25.096338272094727,24.535525578183808,25.07721802761797,43315
2005-05-05,25.17917823791504,25.23016230395049,25.109078793697407,25.109078793697407,22876
2005-05-06,24.956138610839844,25.236543788559842,24.956138610839844,25.11546023180564,11146
2005-05-09,24.98162269592285,25.2684020085207,24.790437297875698,24.898774798715866,77211
2005-05-10,25.657142639160156,25.657142639160156,25.038976647032023,25.038976647032023,139049
2005-05-11,25.871395111083984,25.97527012811316,25.70909024218992,25.70909024218992,99355
2005-05-12,25.936317443847656,26.033698875105767,25.77401258184182,25.77401258184182,12866
2005-05-13,25.851911544799805,26.033692150789502,25.709082510622174,25.96877121338604,11959
2005-05-16,25.832435607910156,25.903850124581574,25.442902556041073,25.903850124581574,12972
2005-05-17,25.74803924560547,25.9687739230141,25.70908519315385,25.70908519315385,4475
2005-05-18,25.806472778320312,25.90385668509517,25.27411303485586,25.709088871545458,20831
2005-05-19,25.968774795532227,25.968774795532227,25.79348526847334,25.942805426358607,15225
2005-05-20,26.098621368408203,26.163542320248357,25.968776988152328,25.97526809270612,34226
2005-05-23,26.22846031188965,26.29338125027265,26.105107061756883,26.29338125027265,14534
2005-05-24,26.260923385620117,26.423228224249936,26.19599996422301,26.234954017061273,24017
2005-05-25,26.01421546936035,26.32584041600449,25.942800954729936,26.26091948083589,21861
2005-05-26,26.163536071777344,26.273904635437663,26.066154667274095,26.066154667274095,12595
2005-05-27,25.838924407958984,26.228457425108985,25.683113182358806,26.228457425108985,29983
2005-05-30,26.31285858154297,26.345321529215717,25.83892876910815,25.83892876910815,11335
2005-05-31,26.630977630615234,26.70239215428504,26.1700324934786,26.22846233315615,27743
2005-06-01,26.53359031677246,26.61798951354908,26.48814516694849,26.61798951354908,24839
2005-06-02,26.936100006103516,26.936100006103516,26.56604286184774,26.617981575628967,45295
2005-06-03,26.624475479125977,26.9425939430865,26.5855239162641,26.9425939430865,25014
2005-06-06,26.773807525634766,26.871188943797023,26.71537768410728,26.871188943797023,13801
2005-06-07,26.728364944458008,26.96857793646528,26.650459299886457,26.734858526174843,25752
2005-06-08,26.734848022460938,26.83872299993737,26.72186334070453,26.83872299993737,18218
2005-06-09,26.81275749206543,26.81275749206543,26.747836550522663,26.747836550522663,19579
2005-06-10,26.942602157592773,26.942602157592773,26.780297325318116,26.780297325318116,31208
2005-06-13,26.942602157592773,26.942602157592773,26.780297325318116,26.936111053994875,8717
2005-06-14,27.014019012451172,27.137369804063013,26.780299637544175,26.780299637544175,16162
2005-06-15,27.007518768310547,27.202286517062745,26.97505830237678,27.202286517062745,10156
2005-06-16,26.962081909179688,27.13737145099805,26.94260611894728,27.13737145099805,4463
2005-06-17,27.234752655029297,27.29967360041756,26.975063920325614,27.059463130590608,51501
2005-06-20,27.07893943786621,27.29967412362218,27.07244833383311,27.137369280465595,17324
2005-06-21,27.16982650756836,27.20228945358134,27.117890251782715,27.13736603813045,60176
2005-06-22,27.007518768310547,27.195792937931113,26.942597836443014,27.104902642686646,13198
2005-06-23,27.03998565673828,27.169827539421046,26.942601768151043,26.942601768151043,19361
2005-06-24,26.968576431274414,27.202295828520324,26.877686104917817,26.955591745141238,139627
2005-06-27,26.780298233032227,27.10490790858413,26.754328864610006,27.10490790858413,36938
2005-06-28,26.8062686920166,26.942604166916883,26.74783884897714,26.793284007277233,46346
2005-06-29,26.8776798248291,27.104905587628295,26.793280622971515,26.799771726233605,66183
2005-06-30,27.020505905151367,27.169826043274146,26.864694663881963,27.00103011913645,88566
2005-07-01,26.942602157592773,26.942602157592773,26.423227189628914,26.760821537949223,176505
2005-07-04,27.150352478027344,27.23475168528715,26.81275812556333,26.81275812556333,66555
2005-07-05,27.215274810791016,27.234753075968804,26.981557917835758,27.07244823341425,135320
2005-07-06,27.137361526489258,27.228251816434742,26.754322107022816,27.228251816434742,98609
2005-07-07,27.046476364135742,27.1957965082942,25.845421630883948,27.007522313956315,162324
2005-07-08,27.461977005004883,27.708681042420444,26.923126252037562,27.046477032457748,121832
2005-07-11,27.916433334350586,27.91643333435059,27.332134901838675,27.461979273127476,113396
2005-07-12,27.877471923828125,27.903441286548304,27.72166070065654,27.903441286548304,30103
2005-07-13,27.624277114868164,27.851505326161178,27.53987792344077,27.851505326161178,108562
2005-07-14,27.604806900024414,27.80606578893109,27.436008483115522,27.721666580476644,124565
2005-07-15,27.851505279541016,27.916426210330485,27.741136725309204,27.786581872176786,97713
2005-07-18,28.292978286743164,28.292978286743168,27.65674119326743,27.65674119326743,146147
2005-07-19,29.02010726928711,29.072043532741212,28.241043504872103,28.403348352601252,464902
2005-07-20,29.266813278198242,29.864093968818324,28.669530111002565,29.117490628967623,211922
2005-07-21,29.864084243774414,29.896544709593993,29.286279531831617,29.526489950786253,125776
2005-07-22,30.084823608398438,30.240637336033696,29.92900988076318,30.045869557345828,152158
2005-07-25,30.0913143157959,30.31854256241519,30.071838528813586,30.31854256241519,91556
2005-07-26,29.987442016601562,30.097810598085807,29.623880751889637,30.097810598085807,73620
2005-07-27,30.130271911621094,30.37697597425118,29.864092059717066,29.864092059717066,195808
2005-07-28,30.208175659179688,30.967763588917386,30.149745818430635,30.31854423685025,144994
2005-07-29,29.903039932250977,30.286079393754346,29.312250506194076,30.286079393754346,105010
2005-08-01,29.799171447753906,30.188702097086118,29.552467382336587,29.799171447753906,194882
2005-08-02,29.214868545532227,29.864087846544052,28.578633927729644,29.864087846544052,113156
2005-08-03,29.214868545532227,29.344712901049608,28.598109714255973,29.14994760606108,73581
2005-08-04,28.727956771850586,29.175917240115716,28.27999630358546,29.162932555685163,104772
2005-08-05,28.55266761779785,28.55266761779785,28.013816828094548,28.33842651334906,84901
2005-08-08,29.604406356811523,29.740744325477536,28.32544570591676,28.32544570591676,240360
2005-08-09,30.05885124206543,30.26011010422826,29.60439726475981,29.70178114438778,249755
2005-08-10,30.643146514892578,30.772990849273526,29.70826928860953,29.8640829851816,198792
2005-08-11,30.279586791992188,30.83142466537303,30.09131260660666,30.578227066108873,240417
2005-08-12,30.17571258544922,30.383462562074595,29.760212632198467,30.156236799070303,81130
2005-08-15,29.903039932250977,30.474351096485716,29.70178107058821,30.253616449575723,44239
2005-08-16,30.2666015625,30.409430593878014,30.032882229908694,30.18220484084478,67989
2005-08-17,29.864084243774414,30.24712368422495,29.54596573496304,30.058849515266683,113578
2005-08-18,29.961469650268555,30.156234931722622,29.766701892239574,29.766701892239574,130904
2005-08-19,30.084823608398438,30.162729233928477,29.734244578650493,29.980948615499994,115946
2005-08-22,30.610692977905273,30.610692977905273,29.864089743683095,30.182208311080657,46478
2005-08-23,30.448387145996094,30.610691976248578,30.026393596709568,30.51330808746702,53825
2005-08-24,30.18869972229004,30.41592550376319,30.058855357201697,30.41592550376319,90584
2005-08-25,29.993932723999023,30.376972217324443,29.753722271885664,30.22115849267718,87438
2005-08-26,29.604406356811523,30.266610502561804,29.53948540150443,30.188704860878154,57812
2005-08-29,29.34471321105957,29.53947850810568,29.020103557124344,29.474557567948686,79220
2005-08-30,30.47435188293457,30.51330593100924,29.279788317636314,29.279788317636314,180698
2005-08-31,31.42870330810547,31.603992800087585,30.41592040217821,30.584718791453515,176023
2005-09-01,31.909133911132812,32.62327424730942,31.253420942364354,31.253420942364354,357160
2005-09-02,31.701383590698242,31.844210170571827,31.039179524310324,31.81174969680853,34374
2005-09-05,31.68189811706543,31.90912633486142,31.48713284222232,31.90912633486142,35087
2005-09-06,32.1688117980957,32.428500476260716,31.649436918340456,31.649436918340456,98790
2005-09-07,32.850494384765625,33.025783886526895,32.071433234593314,32.071433234593314,162714
2005-09-08,32.33761215209961,32.824526595894014,32.33761215209961,32.72065161361421,175057
2005-09-09,32.805049896240234,33.05824502281843,32.370074161159756,32.5258854037117,93166
2005-09-12,32.57133483886719,33.363383268479154,32.24023404747429,32.79206952532092,72079
2005-09-13,32.1688117980957,32.46096094188765,32.07792150371038,32.39604001063378,72610
2005-09-14,32.701171875,33.168610512436985,32.16881230528557,32.16881230528557,203765
2005-09-15,33.01280212402344,33.17510695742881,32.49342715244128,32.49342715244128,161439
2005-09-16,33.53217697143555,33.55814386056925,32.79206490818671,32.79206490818671,194200
2005-09-19,33.88925552368164,34.142450710974806,32.33112786508051,32.52589320326174,262103
2005-09-20,34.181392669677734,34.40861840435964,33.798353233660556,34.21385313512161,97790
2005-09-21,33.759403228759766,34.27228706449779,33.759403228759766,34.21385722907731,69823
2005-09-22,33.20756530761719,33.79186114103274,32.92190725536637,33.76589177690542,118826
2005-09-23,34.76569747924805,34.86308137736999,34.01909667442303,34.733237005399204,304283
2005-09-26,34.92799758911133,35.18768629784118,34.43459201441469,34.992921004581326,110705
2005-09-27,34.1489372253418,34.902031581231775,34.019095335058424,34.62286953586228,130920
2005-09-28,35.512298583984375,35.60318889582034,34.14893647671919,34.14893647671919,184599
2005-09-29,35.40842056274414,35.707060840853266,35.05784155283776,35.707060840853266,86217
2005-09-30,35.707061767578125,35.75900050072338,35.0838118292857,35.3824521151456,148363
2005-10-03,35.6291618347168,35.85638763707943,35.447378716251194,35.85638763707943,79040
2005-10-04,35.31753158569336,35.69407749907165,34.915013828865526,35.69407749907165,149937
2005-10-05,34.97993850708008,35.34999333036783,34.92150866779384,35.34999333036783,88248
2005-10-06,34.47355270385742,34.97345199058993,34.37617126976193,34.86308586996656,123007
2005-10-07,34.4670524597168,34.66831133267019,34.18139686157413,34.46056135646188,150058
2005-10-10,34.83061599731445,35.02538128954847,34.63584822850538,34.63584822850538,60472
2005-10-11,35.161720275878906,35.220150117071626,34.70077512678932,34.83061949350372,122651
2005-10-12,34.24631881713867,35.090303430113316,33.921709160104186,35.090303430113316,169490
2005-10-13,33.694488525390625,34.700778120227326,33.24003444097471,34.40213778462492,155988
2005-10-14,33.30495071411133,33.82432567625324,32.532380612711194,33.44777975741604,223834
2005-10-17,33.59709930419922,33.95416942950853,33.30495011928246,33.4347944766427,98555
2005-10-18,33.88925552368164,34.01909990799434,33.460770789052674,33.460770789052674,124398
2005-10-19,33.3374137878418,33.7594073706045,31.565045198074106,33.59710252747659,467915
2005-10-20,33.62956619262695,34.278785626757106,33.110191140637944,33.62956619262695,239618
2005-10-21,32.87647247314453,33.43480159506174,32.311652246436125,33.43480159506174,286149
2005-10-24,33.473751068115234,33.73993090645301,32.56484297416534,32.56484297416534,125686
2005-10-25,33.1556396484375,33.85030431492516,32.94788960667909,33.75941398122784,132572
2005-10-26,33.23353576660156,33.350395441157936,32.934895476768666,32.97384952714584,85131
2005-10-27,32.428504943847656,33.26599844590551,32.40253557713847,33.26599844590551,72010
2005-10-28,32.61678695678711,32.61678695678711,31.81175373183909,32.26620785189479,102073
2005-10-31,33.324424743652344,33.324424743652344,32.48693133053648,32.655727243069784,104003
2005-11-01,33.68150329589844,34.02558878672702,33.27898548320504,33.40233875469112,96075
2005-11-02,33.80485153198242,33.986632158422644,33.46725717103966,33.75291527153177,43803
2005-11-03,33.94767761230469,34.02558323445271,33.53217765874845,34.01909213117999,57004
2005-11-04,33.81134033203125,34.01259671811421,33.61657257229621,34.01259671811421,85725
2005-11-07,33.694488525390625,33.75940947606053,32.47395533550729,33.59061351837346,51645
2005-11-08,33.58411407470703,34.01909229330455,33.51919313537013,33.75940358280677,77397
2005-11-09,33.9022331237793,34.08401373787727,33.48673316208386,33.48673316208386,63732
2005-11-10,34.40861129760742,34.40861129760742,33.75939221652049,34.071017078253305,93634
2005-11-11,34.92799758911133,35.57721688436089,34.40862264822669,34.40862264822669,195862
2005-11-14,34.79815673828125,35.35648578466135,34.733235792849975,35.05784547315698,140131
2005-11-15,33.324424743652344,34.73322930424621,32.81803205290271,34.700768837594595,444325
2005-11-16,32.811546325683594,33.0322810022821,32.311647132311236,33.0322810022821,243136
2005-11-17,33.06473922729492,33.22704405268845,32.78557472949205,32.85049566901942,222524
2005-11-18,33.175106048583984,33.62956006498414,33.04526416667693,33.35688914108914,185531
2005-11-21,33.30495071411133,33.57113053699501,33.272490243335305,33.36987413223855,144872
2005-11-22,33.019290924072266,33.38285211325978,32.98033687812723,33.33740696461134,96801
2005-11-23,32.629756927490234,33.16211896666506,32.20776592017667,33.07771977457244,163598
2005-11-24,32.55185317993164,32.7011733119912,32.14933793365914,32.49342334768443,121696
2005-11-25,32.5193977355957,32.75311710068688,32.454476790437184,32.52588883948143,60224
2005-11-28,32.41552734375,32.87647255897314,32.3765732851742,32.590816892477605,201499
2005-11-29,32.39604568481445,32.47395131127925,32.201277903789645,32.370076317134455,187476
2005-11-30,32.39604568481445,32.54536583411165,31.948082760347656,32.447981943599245,84338
2005-12-01,32.52589416503906,32.65573855319121,31.915628760272405,32.2986683432046,121381
2005-12-02,32.460968017578125,33.045266432524656,32.29866317749023,32.519397859072775,209787
2005-12-05,32.460968017578125,32.72065675234887,32.3960470721731,32.460968017578125,154561
2005-12-06,32.19477844238281,32.46095820056446,32.168809081444465,32.29865340956164,132486
2005-12-07,31.811756134033203,32.201286851166515,31.55206733822706,32.201286851166515,205390
2005-12-08,31.857187271118164,32.13635173685725,31.259906771027435,31.792266339047366,135170
2005-12-09,32.03896713256836,32.162320367898545,31.818232501349595,31.818232501349595,38254
2005-12-12,32.331119537353516,32.785573527103615,32.103893780765965,32.103893780765965,100150
2005-12-13,32.52589416503906,32.57783291093021,32.30515944815313,32.460973209250845,82326
2005-12-14,32.66222381591797,32.74012943833706,32.03897140684003,32.59080929679419,163918
2005-12-15,32.29866027832031,32.77908365155018,32.181800605820484,32.77908365155018,62778
2005-12-16,32.331119537353516,32.39604295107496,31.811744610456973,32.201275186485624,147914
2005-12-19,32.441497802734375,32.441497802734375,31.94808961721728,32.006519468750206,50851
2005-12-20,33.473751068115234,33.707467957217055,32.46096797570609,32.46096797570609,180499
2005-12-21,33.73344421386719,33.9152273557199,33.447788528921244,33.447788528921244,102609
2005-12-22,34.08401107788086,34.40212960430071,33.75940144856771,33.88275221613973,159615
2005-12-23,34.04505920410156,34.28527212826151,33.85678748927835,33.85678748927835,17624
2005-12-26,34.04505920410156,34.04505920410156,34.04505920410156,34.04505920410156,0
2005-12-27,33.97364044189453,34.14892743885797,33.75939692648984,34.08400651232148,36332
2005-12-28,34.1489372253418,34.291766276543875,33.78537597002786,34.18140017448795,57112
2005-12-29,34.40861129760742,34.40861129760742,34.05154129832446,34.05154129832446,36111
2005-12-30,34.57742691040039,34.62287455047236,34.1489421713098,34.480045478583605,71079
2006-01-02,34.87605667114258,35.13574286858298,34.733227652776776,34.733227652776776,29212
2006-01-03,35.68109130859375,36.16800577233518,34.74621642977722,34.74621642977722,223422
2006-01-04,36.64842987060547,37.26518869907418,35.771982332284125,35.901826687210445,223688
2006-01-05,36.19397735595703,36.81073620980407,35.8433983262029,36.49261765097343,209493
2006-01-06,36.609474182128906,37.00549833246517,36.291358127205484,36.291358127205484,184081
2006-01-09,36.65492248535156,36.89513541867167,36.414712028606644,36.628953117980444,60954
2006-01-10,36.29135513305664,36.895129201530686,36.10957206866595,36.64193162719095,126953
2006-01-11,36.35628128051758,36.64193688472603,35.46685152120309,36.29136034028956,127318
2006-01-12,37.427494049072266,37.85597869274251,36.161515904772635,36.161515904772635,162652
2006-01-13,37.427494049072266,37.62225934590872,37.20675938557092,37.49241498915938,153494
2006-01-16,37.12236022949219,37.65471986392512,36.9275949324076,37.26518926975594,101020
2006-01-17,39.0505485534668,39.23882030041692,36.59649749636931,37.20027174658909,422245
2006-01-18,38.08970260620117,38.75840030030846,37.6547267787205,38.628555919549484,162212
2006-01-19,38.32991409301758,38.49221894353689,38.044255971095296,38.154624557267674,74384
2006-01-20,38.81682205200195,38.95315750890511,38.050743089534144,38.050743089534144,79374
2006-01-23,38.20655059814453,38.94666259879368,37.9014192448879,38.62854408720612,98039
2006-01-24,38.414306640625,38.6285502086898,38.115666342633354,38.271480071823675,106791
2006-01-25,38.531166076660156,38.87525400412916,38.34938545755779,38.46624513457365,130014
2006-01-26,38.62855911254883,38.90123010576339,38.433793763599034,38.725943025311615,142357
2006-01-27,39.94646453857422,40.70605244166005,38.88823881496925,38.88823881496925,268653
2006-01-30,39.34269332885742,39.667303017962105,38.69996753131237,39.472537699814374,399158
2006-01-31,38.93368911743164,39.92050292560769,37.998811574646155,39.297250404892196,346723
2006-02-01,39.60238265991211,39.73222703280068,38.63504468229648,39.05703827504047,128031
2006-02-02,39.543949127197266,40.089293461198025,38.45975403935091,39.615363649453045,221297
2006-02-03,39.4725341796875,39.60237853906504,38.83629954297023,39.53745759766386,85050
2006-02-06,39.5374641418457,39.60238509399251,39.154424580398164,39.24531490403392,49953
2006-02-07,39.199859619140625,39.53096035210593,39.02457012172078,39.31022570460408,59461
2006-02-08,39.18038558959961,39.368659789748435,39.01808075703859,39.102479963411376,106591
2006-02-09,39.27777862548828,39.602388366194795,38.83630918000136,39.21285766797729,144238
2006-02-10,39.18038558959961,39.40761384113016,38.96614449843817,39.08300417600812,177429
2006-02-13,39.21284866333008,39.3426905485358,39.050543830247705,39.3426905485358,107431
2006-02-14,38.901222229003906,39.53745937083015,38.466246453642896,38.953160965714325,88305
2006-02-15,38.953163146972656,39.14792846739244,38.62855345408122,38.953163146972656,165089
2006-02-16,39.60887908935547,39.60887908935547,38.82332411879923,39.0830128994905,199200
2006-02-17,39.27777862548828,39.73223275779256,39.14793423389052,39.73223275779256,77847
2006-02-20,38.979122161865234,39.27776240561261,38.693464122998385,39.089488239373054,213540
2006-02-21,39.18038558959961,39.362168686139086,38.888238872249936,38.97912918223208,100516
2006-02-22,39.19336700439453,39.21284526674837,38.69346786461263,38.9531565656805,144873
2006-02-23,40.97223663330078,42.00449309934573,39.60238330629014,40.70605677899365,512784
2006-02-24,41.446163177490234,41.446163177490234,40.576209154161994,41.212443816510216,181016
2006-02-27,42.867958068847656,43.34837905902728,41.22543370734275,41.23192481193412,272162
2006-02-28,42.32909393310547,43.17308095560278,41.94605694574816,43.02375834584406,221951
2006-03-01,42.19276428222656,42.978319103445074,41.861665979111294,42.199257862626055,131998
2006-03-02,41.86814880371094,42.84847127584325,41.751289138469005,42.13433107854251,96163
2006-03-03,41.9785270690918,42.10187538191744,41.29035116502176,41.550039905058526,111860
2006-03-06,42.48490905761719,43.10815893961001,42.04343977206188,42.192757424928516,198986
2006-03-07,42.036956787109375,42.84848104940878,41.57601160050143,42.329103540276755,155240
2006-03-08,41.06312561035156,42.0304610955551,40.58270218150171,42.0304610955551,199593
2006-03-09,41.57600784301758,41.835696574113896,40.900819123427375,41.030663488975534,117552
2006-03-10,41.517578125,41.744806384524374,40.27756925967367,41.290349865475626,154808
2006-03-13,41.588993072509766,41.7448092943795,41.16051084524532,41.54355038932762,111070
2006-03-14,41.569515228271484,41.80323459637235,40.91380475805548,41.35527412522926,148715
2006-03-15,41.517578125,41.744806384524374,41.244904708885805,41.55003859733911,89482
2006-03-16,41.439674377441406,41.79674206595789,41.13454047513496,41.550040483720096,35141
2006-03-17,42.52386474609375,42.78355346036407,41.0696124040152,41.55003578244275,241409
2006-03-20,42.58877944946289,43.19255351663287,42.205742490699436,42.205742490699436,281907
2006-03-21,42.42648696899414,42.65371276927242,41.80973051778867,42.33559664888283,148382
2006-03-22,41.90711212158203,42.5887894850493,41.42668870030347,42.20575243602731,202171
2006-03-23,41.52406692504883,42.536847474660895,41.45914598397247,42.26417655025,136299
2006-03-24,41.692867279052734,42.199257577478384,41.361764025024215,41.63443496215333,93798
2006-03-27,41.809722900390625,41.907106783667594,41.55003419603539,41.61495513383669,50549
2006-03-28,41.53055191040039,41.93955821237334,41.27086324668692,41.712332489055036,169439
2006-03-29,41.38124465942383,41.783759984389256,41.29035186526675,41.58250356019425,87064
2006-03-30,41.70585250854492,41.93957188677635,41.147525909695396,41.29684607321537,114184
2006-03-31,41.55003356933594,41.874643206596375,41.30982313120421,41.45264968752781,117346
2006-04-03,42.166778564453125,42.8484606007241,41.86164974809284,41.874631950707645,206740
2006-04-04,43.1016731262207,43.89372154182192,41.87464892603544,42.13433766194331,179190
2006-04-05,43.114654541015625,43.82230117507145,42.30313044518097,43.43277059970082,210134
2006-04-06,42.86145782470703,43.49769494508095,42.53035953393066,43.3678530608334,118418
2006-04-07,42.19926071166992,42.75109620726927,41.74480911603538,42.660205888142364,133791
2006-04-10,42.166778564453125,42.394009211975884,41.63441910057007,42.32259471472278,171834
2006-04-11,41.46563720703125,42.52386539033874,41.2254267524658,42.199255730870505,201617
2006-04-12,40.34898376464844,41.13453858710966,39.49201441713159,41.13453858710966,355837
2006-04-13,40.19966125488281,40.7385145080482,39.52447500818171,40.7385145080482,175769
2006-04-18,39.95944595336914,40.199656392113575,39.440071027742675,39.90750969909399,164804
2006-04-19,40.83589172363281,41.056626367198525,39.77766365507587,39.95295314936996,187376
2006-04-20,41.75129318237305,42.075902844691356,40.66060699543269,40.66060699543269,204814
2006-04-21,41.939571380615234,42.03046169848042,41.55004073931433,41.55004073931433,75909
2006-04-24,41.809722900390625,42.65370499810756,41.712339017113656,41.93956477599321,228331
2006-04-25,41.446163177490234,41.874647847095176,41.08909303224866,41.6863736422418,191343
2006-04-26,41.712337493896484,42.16030036872216,41.14751743061077,41.472127060913465,182986
2006-04-27,41.60845947265625,42.05642234143102,41.12154751035417,41.98500782747708,131204
2006-04-28,41.52406692504883,41.907108897754874,41.45914598397247,41.55003629210943,85331
2006-05-02,42.48490905761719,42.52386062738243,41.082593108271006,41.35526647950217,122825
2006-05-03,42.32909393310547,43.166587376095904,42.17328269698977,42.20574564137424,190811
2006-05-04,42.57579803466797,42.75108504632204,42.13432876281188,42.26417062676678,111223
2006-05-05,42.517372131347656,42.64721896800571,42.03045763846825,42.34857867341772,141695
2006-05-08,43.06271743774414,43.069206064488064,42.23171752470461,42.52386422898719,110496
2006-05-09,42.913394927978516,43.08868691351304,42.419986870927886,43.08868691351304,135561
2006-05-10,42.321041107177734,43.12401772425043,42.12358479484286,42.78176580726228,108332
2006-05-11,43.6834716796875,44.75630482585336,42.91339614794465,42.91339614794465,354610
2006-05-12,43.17666244506836,43.801937260982754,42.84757202243595,43.76244299563235,314926
2006-05-15,42.30787658691406,43.03845794543889,41.169223685260214,42.79492915208967,348936
2006-05-16,41.366676330566406,42.39344214205783,40.721659228704645,42.143330139305554,259348
2006-05-17,40.18194580078125,41.623363663252654,40.14903725600231,41.46539913324828,176475
2006-05-18,38.431182861328125,40.1819439782245,38.0428560247237,40.14903543493821,485731
2006-05-19,38.37195587158203,39.16177365758479,38.1086849500888,38.20082989814951,292332
2006-05-22,36.101226806640625,38.51675237962333,35.706319211372346,38.51675237962333,428154
2006-05-23,36.614601135253906,37.05558109653857,34.96256580715486,35.949837075326016,486811
2006-05-24,35.9630126953125,36.746249763134536,34.5479249236101,36.61461304906044,387616
2006-05-25,36.83180618286133,37.266205519142694,35.48253570734808,35.94984358971296,199624
2006-05-26,38.3785285949707,38.75369150136288,37.14114781891253,37.193800984510304,289068
2006-05-29,38.036277770996094,38.5694027345609,37.6479509093723,38.5694027345609,131985
2006-05-30,37.351776123046875,38.7668664430264,36.98319381602018,38.365375584299116,449615
2006-05-31,38.240318298339844,38.437774623485915,36.403995062725485,37.45050304080146,1541479
2006-06-01,36.825218200683594,38.17448840955898,36.48296386537558,37.68085278357331,383830
2006-06-02,37.351776123046875,37.71377521327651,36.87130423808585,37.049013430182924,208886
2006-06-05,37.108245849609375,37.91122497022443,36.555373703717045,37.779590777533016,124555
2006-06-06,35.38380432128906,36.75940251212854,35.07446100349057,36.58169587738261,304101
2006-06-07,34.9888916015625,35.673400243461664,33.929220100514094,35.4759465035032,519301
2006-06-08,33.560646057128906,34.55449813690311,33.21180846385796,34.55449813690311,403001
2006-06-09,33.59355926513672,34.449194073747,33.32370515217283,33.922649769276155,362149
2006-06-12,32.79057312011719,33.76468057705645,32.61286397104057,33.69228027438513,295776
2006-06-13,31.6979923248291,32.44831815576508,30.967411117624838,32.44831815576508,537863
2006-06-14,32.93537139892578,33.00777169648279,31.39522805981743,31.59268181903424,338228
2006-06-15,34.30439376831055,34.63348427551818,33.139413071504165,33.139413071504165,213652
2006-06-16,34.49525451660156,36.34474340890996,34.29121757129908,34.73878070174552,374618
2006-06-19,34.909912109375,35.364055981890445,34.18591168403718,34.18591168403718,146221
2006-06-20,34.765113830566406,35.04813180941882,33.98187948837065,35.04813180941882,83710
2006-06-21,34.3570442199707,34.817771362017005,33.876572453943865,34.640062213909395,114943
2006-06-22,34.56765365600586,35.43645205431151,34.35703601464451,34.58739827527088,95842
2006-06-23,34.56108093261719,34.98889955878944,34.31097397681169,34.811190399183786,118414
2006-06-26,34.37679672241211,34.817779341542106,34.09377866361145,34.817779341542106,94644
2006-06-27,34.093780517578125,34.67956129553889,33.896326689500356,34.67956129553889,103865
2006-06-28,33.948970794677734,34.31096977438351,33.56722468137147,34.19249701582368,126264
2006-06-29,35.1534423828125,35.423296456097276,33.883153022755614,33.883153022755614,83144
2006-06-30,35.87744140625,36.66067832020128,35.55493415642617,35.67998762931037,160647
2006-07-03,36.325008392333984,36.69359065525635,35.71289986305356,36.19995490653093,172613
2006-07-04,36.73965835571289,36.85813112089092,36.35133151668735,36.72649443616412,147779
2006-07-05,35.44303894042969,36.52903838315203,35.21267663961502,36.52903838315203,171448
2006-07-06,36.00249481201172,36.09463973393497,35.383803174937086,35.554931610589534,75406
2006-07-07,34.89674377441406,36.23284989761051,34.29779939048873,36.23284989761051,287770
2006-07-10,34.9888916015625,35.19292855561721,34.61372874241326,34.942819145930876,110191
2006-07-11,34.62031173706055,35.192930884827014,34.4952582793211,35.10078596746524,83124
2006-07-12,34.71904373168945,34.90333358691652,34.567662420501364,34.68613518765047,142471
2006-07-13,34.047706604003906,34.87701616198614,33.73177999026452,34.55450633149049,166551
2006-07-14,33.36977767944336,33.731776732468816,32.974867567338165,33.540903637156035,140372
2006-07-17,32.2508659362793,33.36977403213915,31.70457455300968,33.29079302265522,217225
2006-07-18,32.44831848144531,32.678683307258034,31.92177425364054,31.99417455573137,128171
2006-07-19,33.692283630371094,33.75152001929699,32.11923148204706,32.83006814915783,229887
2006-07-20,33.73177719116211,34.70588479704967,33.600140485337015,33.73177719116211,188607
2006-07-21,33.330284118652344,33.600138217537726,32.42857688736625,33.139411033626764,189708
2006-07-24,33.198646545410156,33.46191993234175,32.3825035652922,33.04068452186008,160219
2006-07-25,33.71202850341797,34.10693606256503,33.08675610913426,33.534319348573476,155748
2006-07-26,33.10650634765625,33.63305068605757,32.25087148390892,33.63305068605757,202090
2006-07-27,33.5409049987793,33.981887598584656,32.97486890598268,33.31712334606346,171379
2006-07-28,33.244712829589844,33.36976879497044,32.62602374933647,33.27762387990724,205240
2006-07-31,33.317115783691406,33.52115276245425,32.90904433692655,33.24471548442844,175127
2006-08-01,33.448760986328125,33.96214140535607,33.264471094525575,33.31712427328567,126124
2006-08-02,33.60013198852539,33.78442433438115,32.705005628188175,33.78442433438115,159760
2006-08-03,33.35660934448242,34.12667981844181,33.22497265786448,33.6988637253847,91846
2006-08-04,33.929229736328125,34.39653763945486,33.336868348223625,33.336868348223625,144690
2006-08-07,33.0735969543457,33.876578619168484,32.9814520113191,33.876578619168484,89563
2006-08-08,31.974430084228516,32.47464647533742,30.94108373686181,32.47464647533742,700634
2006-08-09,31.72432518005371,32.25086948583343,31.316253656919596,31.921778980875942,349611
2006-08-10,31.46105194091797,31.888870603967174,31.36890700075631,31.77697852608422,164168
2006-08-11,32.573368072509766,32.573368072509766,31.592677600590186,31.862531621331478,288879
2006-08-14,32.69842529296875,33.211805559812035,32.47464370036206,32.560207915089514,129225
2006-08-15,33.15916061401367,33.698868851561265,32.57337990575552,32.86297865175917,195862
2006-08-16,34.442604064941406,35.13369343480849,33.42242176906647,33.48165814424139,265948
2006-08-17,34.5018424987793,34.87042471654505,34.264899477459466,34.41628078723087,156116
2006-08-18,34.63348388671875,34.81119305990725,34.422866165331186,34.73221204207723,114663
2006-08-21,33.55406188964844,34.7716980578005,33.11308189301041,34.686133838019664,205737
2006-08-22,33.63304138183594,33.89631473358556,33.10649718909744,33.89631473358556,125553
2006-08-23,33.567230224609375,33.72519476569541,33.323703963247894,33.46850207258546,88430
2006-08-24,33.58039474487305,33.69228430911981,32.84323273175896,33.56723082365085,102426
2006-08-25,34.074031829833984,34.30439418336197,33.46192327816093,33.46192327816093,153927
2006-08-28,34.291229248046875,34.37021277614589,33.84366596519751,33.89632165059685,69263
2006-08-29,34.38994598388672,34.60056363402767,33.94238284964707,33.988455303692874,150325
2006-08-30,34.909912109375,35.41671165388329,34.1924948984166,34.22540343803181,137571
2006-08-31,34.488677978515625,35.3443125921359,34.41627768238239,34.78485735613596,161024
2006-09-01,34.508426666259766,34.71904436486346,34.12009981369151,34.36362605693434,132713
2006-09-04,34.46894454956055,34.80461832676932,34.27149071572335,34.554508798169294,88857
2006-09-05,34.71904373168945,34.75195227572843,34.10693527167272,34.71246302718604,89168
2006-09-06,34.613731384277344,35.317984700695746,34.389949792375,34.422858333086374,122355
2006-09-07,34.63348388671875,34.73221204207723,34.093775661817965,34.30439338320552,132997
2006-09-08,35.522029876708984,36.06831880885278,34.877012788861926,35.08104729486542,284246
2006-09-11,35.219261169433594,35.64049908216317,34.94940708312494,35.21268046473579,300477
2006-09-12,35.54176712036133,35.982747099837674,34.81776916480642,35.212676684061684,164378
2006-09-13,35.91694259643555,36.16705211863467,35.39039821609132,35.68658021464796,127406
2006-09-14,36.19995880126953,36.667266757757695,36.00250498268764,36.19337809531346,249580
2006-09-15,36.51587677001953,36.52904068957736,36.00249646106897,36.199950232914496,299570
2006-09-18,37.1740608215332,37.411006372054864,36.27235359716903,36.27235359716903,186199
2006-09-19,37.06874465942383,37.28594554150467,36.89103553156513,37.26619840901327,152922
2006-09-20,37.088497161865234,37.27937024835545,36.529044334026956,37.27937024835545,153286
2006-09-21,37.38467025756836,37.55579867763526,37.01609060344381,37.0555798459511,75036
2006-09-22,37.364933013916016,37.47024186599605,36.77256915174013,37.38467763906818,109618
2006-09-25,37.23329544067383,37.654530839033065,37.088494830952456,37.51631344471413,112646
2006-09-26,36.99634552001953,37.397836246145935,36.93052843835584,37.31885524599736,126771
2006-09-27,36.81205368041992,37.08848842128407,36.52903572529106,37.055579882242235,110374
2006-09-28,37.10165786743164,37.21354992975921,36.58827755175244,37.0424214840255,146226
2006-09-29,37.77958679199219,37.96387665092763,37.141150479592966,37.15431439962564,123941
2006-10-02,37.72034454345703,38.26005262709205,37.51630758081038,38.174488415561434,84014
2006-10-03,37.15431594848633,37.424170043503125,36.64093308885449,37.384678281758795,104074
2006-10-04,37.11481857299805,37.58212638453235,36.40398454444401,36.989765112530776,110148
2006-10-05,36.42373275756836,37.58213008934532,35.607587299836574,37.47682124100196,290391
2006-10-06,36.87787628173828,37.187222118735875,36.37107667015623,36.37107667015623,96222
2006-10-09,36.73308181762695,37.12140870069697,36.36449956073909,37.12140870069697,73938
2006-10-10,36.640933990478516,37.233297877414195,36.430316277514976,37.02268016445066,69808
2006-10-11,36.73308181762695,36.851554596242295,36.42373595004676,36.72649860172543,51845
2006-10-12,37.022674560546875,37.29910932543377,36.403985436208956,36.79889296055047,114425
2006-10-13,37.45049285888672,37.5163099422003,36.726492388633396,37.318856181498774,128415
2006-10-16,37.206966400146484,37.57554861719945,36.54220477932627,37.457075851388176,139524
2006-10-17,36.798892974853516,37.85856459552011,36.61460313152396,37.60845515760084,90268
2006-10-18,36.759403228759766,37.04900443927342,36.53562161643601,37.04900443927342,107032
2006-10-19,36.85812759399414,37.167473396887154,36.52903716904776,36.52903716904776,138147
2006-10-20,36.83180618286133,37.11482419854961,36.52904354167516,36.858134024032594,99336
2006-10-23,36.522457122802734,37.187218688427514,36.37107331513261,37.187218688427514,142411
2006-10-24,36.58827590942383,36.72649329424703,36.19994908247233,36.27234938235901,93824
2006-10-25,36.614601135253906,36.726490673814844,36.33158317085066,36.33158317085066,94466
2006-10-26,36.64751434326172,36.82522349545908,36.29209603886701,36.29209603886701,106346
2006-10-27,37.37809371948242,37.37809371948242,36.535620464539896,36.719912822900284,182612
2006-10-30,36.417152404785156,37.4175852183305,35.93667811189376,37.28595103970049,145141
2006-10-31,37.022674560546875,37.51631022135416,36.27234875784152,36.34474905648165,241744
2006-11-01,36.69358444213867,37.05558342775649,36.52903922042505,37.05558342775649,184825
2006-11-02,36.13413619995117,36.759406111849806,35.344318535052565,36.759406111849806,250748
2006-11-03,35.50227737426758,36.10780511693945,35.04813345033436,36.00249627179142,241229
2006-11-06,35.70631790161133,36.351334955961995,35.31141032082885,35.32457173086192,299263
2006-11-07,36.19995880126953,36.647522129127964,34.06087032664906,35.33774069685605,738981
2006-11-08,36.85812759399414,37.430744230387845,35.627330107707685,35.712891810446045,581046
2006-11-09,36.0354118347168,36.77915711075702,35.8906112028962,36.5948647127777,254944
2006-11-10,36.43031311035156,36.59485834122174,35.51544202843517,35.89060495395828,178779
2006-11-13,35.66023254394531,36.48953916811974,35.27848651118738,36.37106643455764,233711
2006-11-14,36.02882385253906,36.43031209564022,35.44304073791814,35.92351500814581,198380
2006-11-15,36.56852722167969,36.693580673464325,35.88401856707199,36.1999450590231,119633
2006-11-16,36.66067886352539,36.93711365318553,36.239443463608396,36.239443463608396,131525
2006-11-17,36.08148193359375,36.42373635217653,35.58784618750033,36.42373635217653,92718
2006-11-20,36.11438751220703,36.33158842779738,35.52860687672183,36.08806218275814,131219
2006-11-21,35.7984619140625,36.15388023406608,35.61417204921373,35.90377076694196,111844
2006-11-22,35.76554870605469,36.33158465803105,35.67340378564194,35.85111292247829,153474
2006-11-23,35.75897216796875,36.06173480195686,35.63391618075896,36.0090791208662,83480
2006-11-24,35.6339111328125,35.831364887408796,35.173184031580675,35.673402888036044,131418
2006-11-27,34.32413101196289,35.87085494568354,34.18591113059964,35.31798295251231,196415
2006-11-28,34.08719253540039,34.449191561401285,33.63304606592119,34.324138082822394,227072
2006-11-29,34.82435607910156,35.16002727925344,34.19250293130908,34.53475734738698,184454
2006-11-30,34.686134338378906,35.52202439245974,34.36362458886705,34.659806499487956,138172
2006-12-01,34.870426177978516,35.344317262001034,34.46235469493749,34.488682535330085,166242
2006-12-04,34.9888916015625,35.3377266258478,34.55449236934967,35.153436803321306,208424
2006-12-05,35.2258415222168,36.52903938268619,34.975732081088076,35.324567149227015,267001
2006-12-06,35.475955963134766,35.7063183027188,35.0481373201802,35.0481373201802,95050
2006-12-07,35.52860641479492,36.482969268527796,35.25217162846786,35.31140801278952,219716
2006-12-08,35.44303894042969,35.620748077098476,35.04813142167289,35.554930994225934,153619
2006-12-11,35.252174377441406,35.50886455926501,35.0613012896583,35.41013640744307,181234
2006-12-12,34.94940948486328,35.192938258355085,34.81777529577294,35.081046184714836,140042
2006-12-13,35.77871322631836,36.05514799220414,34.765114063215556,34.88358682309826,236715
2006-12-14,35.85111618041992,36.06173387786329,35.58126209864805,35.805043716026745,101220
2006-12-15,36.25918960571289,36.785733877643544,35.87086273439632,36.19337251325699,289657
2006-12-18,36.16704177856445,36.614605001590206,36.06831363701782,36.19995032215968,109108
2006-12-19,36.107810974121094,36.36450116888553,35.90377395509128,35.90377395509128,101098
2006-12-20,36.56852722167969,36.78572558643833,36.13412798140184,36.28550926853921,144387
2006-12-21,36.65409469604492,36.66725861579554,36.33158744981823,36.33816815431305,84312
2006-12-22,36.58169937133789,37.470242672976816,36.364498446941944,36.403990208857884,82762
2006-12-27,36.89762496948242,37.10824267267068,36.70675189135524,36.87129712889362,74625
2006-12-28,37.51631546020508,37.595296473950285,36.86471519221398,37.02267973046554,84676
2006-12-29,37.83224105834961,37.94413312649129,37.187224022611574,37.58871480758632,66312
2007-01-02,38.14158630371094,38.64180271768504,37.753259445335374,38.174494848842215,139219
2007-01-03,38.832679748535156,39.73438703290323,38.102098422730734,38.17449873584812,253665
2007-01-04,37.94414138793945,38.51017502443178,37.61505083821149,38.50359431817235,147699
2007-01-05,38.30613327026367,38.727368692796034,37.27937004477017,38.02969595500108,162913
2007-01-08,38.753692626953125,39.01038277975476,38.18107342834542,38.44434679626351,164992
2007-01-09,39.37238311767578,40.524199747689806,38.83267495475866,39.41845558201546,364855
2007-01-10,39.3394775390625,39.8199493539427,39.20126013562323,39.359222165050625,288275
2007-01-11,39.81995391845703,40.04373557809865,39.17493678437505,39.27366243639368,168769
2007-01-12,39.75412368774414,39.91208568310933,39.3987054320315,39.46452251164022,83787
2007-01-15,39.82652282714844,40.01739587957808,39.65539690788234,39.82652282714844,175038
2007-01-16,40.01739501953125,40.149031691162605,39.497431547505755,39.60274038265871,110068
2007-01-17,39.78704071044922,40.142459041939766,39.47769484665991,40.142459041939766,140631
2007-01-18,40.1490364074707,40.405726566386875,39.7146370975908,39.7146370975908,205843
2007-01-19,40.761146545410156,40.84012755661223,39.819947583485074,39.819947583485074,157643
2007-01-22,41.16921615600586,41.656271142867574,40.873034239046774,41.00467092555759,325528
2007-01-23,41.1823844909668,41.36667436538339,40.90594967934191,41.136312022362645,165774
2007-01-24,40.77431106567383,41.30085533270348,40.47812913085679,41.30085533270348,268425
2007-01-25,40.1490364074707,41.42590649753926,39.96474655199467,40.1490364074707,298280
2007-01-26,39.925254821777344,40.24118136457867,39.56325581507338,39.75412888596199,187233
2007-01-29,40.03714370727539,40.260922793751185,39.56325267530129,39.56325267530129,133933
2007-01-30,39.55666732788086,40.03714154870621,38.898486490406896,39.82652137081475,249392
2007-01-31,39.81336975097656,40.09638527076514,39.490859956596076,39.49744066185389,178636
2007-02-01,41.86029815673828,42.25520563508542,40.543936547900465,40.543936547900465,775124
2007-02-02,42.57773208618164,42.78176659691041,42.03802133613556,42.123585572342556,379309
2007-02-05,42.49874496459961,42.6435455812134,42.130165228871626,42.452672497633614,138610
2007-02-06,42.090667724609375,42.636956548718835,41.86030291044594,42.636956548718835,240387
2007-02-07,43.24906539916992,43.60448368005029,42.12357668714292,42.12357668714292,259463
2007-02-08,42.952884674072266,43.16350235010038,42.68961132365674,42.97921251126596,166492
2007-02-09,43.15692138671875,43.87434117848749,42.854158775479696,43.43993937441292,288252
2007-02-12,42.11699295043945,42.5053197454935,41.76157469515053,42.5053197454935,209119
2007-02-13,42.729103088378906,42.89364831440149,42.13016107684804,42.13016107684804,134162
2007-02-14,43.22274398803711,43.65056263168348,43.04503733193418,43.1437654837791,98295
2007-02-15,43.966487884521484,44.065211006246834,43.130595296085815,43.54525249342012,240257
2007-02-16,43.55842208862305,44.09813034874679,43.44653251529173,44.09154713222057,354375
2007-02-19,43.742706298828125,43.96649043795349,43.56499964787991,43.9533240066108,141610
2007-02-20,43.61764907836914,43.703215815116266,42.873906417198164,43.57815982849946,165601
2007-02-21,42.89365005493164,43.742704058243525,42.29470801909702,43.459686057139564,158571
2007-02-22,42.696197509765625,43.13717751502665,42.498741227831694,42.78175922045868,174124
2007-02-23,42.28154373168945,43.176670244670476,42.19598201409651,42.93972469585066,232676
2007-02-26,42.432926177978516,42.72252739964448,41.99194364078764,42.1630695811494,102809
2007-02-27,40.767730712890625,42.432930369682225,39.49086046183212,41.820821831662926,520647
2007-02-28,40.05030059814453,40.478119121620324,37.84539592671819,39.16175752416925,465028
2007-03-01,38.832679748535156,40.642677533424504,38.17449873584812,40.05031361770165,448088
2007-03-02,39.4908561706543,39.787038094086405,38.63522145577566,38.63522145577566,426120
2007-03-05,38.733943939208984,39.095945433271034,37.68743623537692,38.17449119326716,280522
2007-03-06,38.60231399536133,39.43820159831514,37.71376820010797,38.615475404984856,312278
2007-03-07,39.898929595947266,40.42547386844315,38.84584105095551,39.03013091863878,260365
2007-03-08,40.945438385009766,41.77474783032822,40.807220981043756,41.16922001985239,348385
2007-03-09,40.1490364074707,41.46539825689597,39.655400713936224,41.406161873241395,382626
2007-03-12,40.62950897216797,40.93885481624856,40.14903718906556,40.550527962677975,193206
2007-03-13,39.81995391845703,41.12973532563389,39.49086339020532,41.12973532563389,190014
2007-03-14,38.54965591430664,39.016963760448085,37.74667439615417,38.37194676631744,305717
2007-03-15,39.35921096801758,39.91866614921708,38.43117614916808,39.556664704010146,208373
2007-03-16,40.91252899169922,41.300855864400525,40.47812965196226,40.64267489444992,573982
2007-03-19,41.65627670288086,41.827402660653036,41.05074886841353,41.169221651010155,335897
2007-03-20,41.4324951171875,41.860311267597645,41.169221708657176,41.860311267597645,223716
2007-03-21,42.42634963989258,42.702784474159905,41.20213249211111,41.46540591492313,533092
2007-03-22,43.40045166015625,43.93357660078436,42.123579062924335,43.04503335923019,356507
2007-03-23,43.78877639770508,44.03230514915395,43.341213165177564,43.61764795015933,313506
2007-03-26,44.69048309326172,45.64484336784876,43.76902885000981,43.76902885000981,710026
2007-03-27,45.328922271728516,45.743574448187196,44.400884753887986,44.690485968792316,314226
2007-03-28,44.644412994384766,45.40790025014744,44.17710514391792,45.355249592921055,260564
2007-03-29,46.07266616821289,46.730847113473075,44.74972106221373,44.822121367914114,438171
2007-03-30,45.677757263183594,46.07266481443148,45.44739494341583,45.61194017489594,230132
2007-04-02,46.53338623046875,47.38902338350174,45.54611490997913,45.54611490997913,269715
2007-04-03,47.086265563964844,47.38902819708579,46.638702319020375,46.86906464622956,417127
2007-04-04,47.040191650390625,47.51408272121628,46.90855245209352,47.12575336314227,219721
2007-04-05,46.59920883178711,47.119167313841146,46.37542471890262,47.02702239133625,351337
2007-04-10,46.60578536987305,47.092842824696326,46.250367100753955,46.47415120569034,366121
2007-04-11,46.697940826416016,47.06652560803679,46.33594428246892,46.730851885648754,359983
2007-04-12,46.177974700927734,46.6650271645573,45.59218907573099,46.414915206906116,182400
2007-04-13,46.40176010131836,46.71768918807382,45.86863510278615,46.57288856587434,379039
2007-04-16,46.96120834350586,47.2047370953139,46.32277203806689,47.04019186284084,205051
2007-04-17,46.941463470458984,47.52724409323912,46.63870084689458,46.99411914973679,361152
2007-04-18,46.59920883178711,46.94146068373076,46.24379055004468,46.66502591621608,230555
2007-04-19,46.43467712402344,46.632128434775396,45.552711867124046,46.0660923052115,286794
2007-04-20,46.73084259033203,47.13891654464327,46.25695155216971,46.32276863602078,331927
2007-04-23,47.21131896972656,47.25739143264957,46.61895514534369,47.07309655943569,231644
2007-04-24,46.73084259033203,47.198150413652755,46.08582311693962,47.198150413652755,315570
2007-04-25,47.15865707397461,47.24421877340154,46.47414841399559,47.073090353026494,192195
2007-04-26,47.948486328125,48.08670373981559,47.04019832779146,47.152087896085355,266271
2007-04-27,48.37630081176758,49.30433838052808,47.50750214090693,47.91557614597869,346184
2007-04-30,48.09328079223633,48.5737550849818,47.88266309357906,47.9813912382826,237231
2007-05-02,48.78437042236328,49.60051333746674,48.13935092683968,48.54084168008484,403398
2007-05-03,47.90898513793945,48.90283963708798,46.89538601654317,48.70538337156765,298870
2007-05-04,48.70539474487305,49.3109200689682,48.047213734807194,48.37630423984012,346759
2007-05-07,48.63957595825195,50.607535703948315,48.31048546465285,49.85720978026415,292857
2007-05-08,47.257389068603516,49.57418355065465,46.401751918240095,48.05378732873115,479777
2007-05-09,46.93699645996094,48.05835835869503,46.62328136143906,47.858113161888376,278188
2007-05-10,46.32292938232422,47.3374927196446,45.95581480067483,47.3374927196446,206423
2007-05-11,47.64453125,47.991622322607355,45.76224533300791,46.05593699560674,304982
2007-05-14,48.19186782836914,48.55898244742533,47.71795946987298,48.05837438095703,238729
2007-05-15,48.0583610534668,48.31867676844397,47.237361811459984,47.46430672006277,246143
2007-05-16,48.01163864135742,48.39210046893252,47.724623221085174,48.38542427056881,149519
2007-05-17,48.32536315917969,48.39210987845342,47.83143132561616,48.0583711896365,89837
2007-05-18,48.44549560546875,48.69245890626165,47.89148831634677,48.258602807318404,123615
2007-05-21,48.0583610534668,48.55896898110708,47.79804533848963,48.325352966697714,122761
2007-05-22,48.0583610534668,48.458846377089586,47.65787572984401,48.392099671893654,172154
2007-05-23,47.45763397216797,48.30533297637369,46.58991655663995,48.30533297637369,208620
2007-05-24,46.930328369140625,47.7179518042209,46.55654270247465,47.32414263290465,297921
2007-05-25,46.54986572265625,46.82353386148055,46.122680655789566,46.35629669353733,277855
2007-05-29,46.75677490234375,46.957014985485635,46.18941526899251,46.43638363989183,262595
2007-05-30,45.68214416503906,46.31624550925074,44.90119192004972,46.18942320342951,220404
2007-05-31,47.12389373779297,47.22401634570797,46.30957066234042,46.32292305936769,183374
2007-06-01,49.039546966552734,49.206416253852865,47.1172095176895,47.43092459260519,448483
2007-06-04,48.29198455810547,48.972814297065376,47.34416795695138,48.612375922165654,234572
2007-06-05,47.84477233886719,48.532273132602704,46.69003438678062,48.05836486791558,210143
2007-06-06,46.4564208984375,48.291983546017235,46.18275784268941,48.158490117717854,245608
2007-06-07,46.04924774169922,46.92364628224858,45.08808409626718,46.68335409777893,272636
2007-06-08,45.99586486816406,46.449744560000056,44.22704894003814,45.37511075278245,252732
2007-06-11,46.523162841796875,47.931540263456895,46.08930669809041,47.524378728714574,335587
2007-06-12,45.96248245239258,47.12389140638386,45.6220676393022,46.509813577142225,253736
2007-06-13,46.21611785888672,46.603255839958486,45.09475600876458,45.989178065294304,283890
2007-06-14,47.491004943847656,47.62449835008841,46.55653582282134,46.72340512684579,225099
2007-06-15,48.16515350341797,48.57898607652226,47.277407673296665,47.5110236568953,441842
2007-06-18,48.42548370361328,48.7258464736635,48.131792040490026,48.518930125071044,189978
2007-06-19,47.524383544921875,48.71916856881903,47.39089011678332,48.40545341100078,214948
2007-06-20,47.45763397216797,48.38542699145309,47.45763397216797,48.05836454750124,207909
2007-06-21,46.42304611206055,47.61782594263199,45.728869140965635,47.39088611546789,263717
2007-06-22,46.75677490234375,47.3308056404206,46.34961344644165,46.656652314549625,207405
2007-06-25,46.503143310546875,46.629965629971124,45.18821218529899,46.0225588289895,210533
2007-06-26,45.7889518737793,46.30958346796665,45.622082511927005,45.8490274921195,185876
2007-06-27,45.18820571899414,45.8156359348492,44.76102070594939,45.194881917073694,142059
2007-06-28,45.935787200927734,46.72341061208653,45.34840901508551,45.615395858910766,204668
2007-06-29,46.04258728027344,46.56321876949578,45.05471861659551,46.05593458585319,224342
2007-07-02,45.99586486816406,46.249504418151446,45.45520477254275,45.92244195508521,139225
2007-07-03,46.05592727661133,46.723404483518735,45.68881277583347,46.05592727661133,180466
2007-07-04,46.42304611206055,46.48979282049426,45.682145935817296,45.682145935817296,132107
2007-07-05,45.92910385131836,46.62328074057122,45.12145706186132,46.08262584581864,193276
2007-07-06,46.095977783203125,46.25617599159939,45.45520022696007,45.5152758282205,178462
2007-07-09,46.53651428222656,46.72340709581828,45.88906054053581,45.88906054053581,125952
2007-07-10,46.58991241455078,47.12389113991429,46.28954460736465,46.536513014280295,276374
2007-07-11,45.615394592285156,46.16940195348964,45.274984848125996,46.12267874787284,161281
2007-07-12,46.40302276611328,46.723414132268815,45.32171272679035,45.38845944277542,167916
2007-07-13,46.68336486816406,46.9703803162513,46.05593456479946,46.72341187733278,140416
2007-07-16,46.41636657714844,46.836875393257976,45.96915806109505,46.169398172003234,249050
2007-07-17,45.58869934082031,46.44306942718417,44.934569378946314,46.055931390410734,168392
2007-07-18,44.82777404785156,45.3751051829692,44.75435114378541,45.06806117008498,183194
2007-07-19,44.5407600402832,45.26830781322557,44.21369251456018,45.241608111588135,166414
2007-07-20,44.320491790771484,45.18820918716999,44.12692277118439,44.12692277118439,136299
2007-07-23,44.80774688720703,44.874498687547316,44.1602982189538,44.1602982189538,75924
2007-07-24,44.674259185791016,46.42972278091111,44.58081276429858,45.98919037851074,213172
2007-07-25,44.013458251953125,45.15484391359597,43.519521344557134,44.38724393975717,416762
2007-07-26,42.444881439208984,44.18699504641824,41.72400473590268,44.05350162393084,311927
2007-07-27,41.97097396850586,43.91333283888478,39.5547042728656,41.05652822046447,500917
2007-07-30,42.5984001159668,42.751922132161155,41.79075321238181,41.817452914869854,218458
2007-07-31,43.85993194580078,43.9600545574045,42.71854639539259,42.71854639539259,259362
2007-08-01,43.53287124633789,44.1202494495449,42.398159302968175,43.33262601510145,301989
2007-08-02,44.794403076171875,45.88238926777675,43.90665702386263,44.88784949299939,388991
2007-08-03,44.34052276611328,45.401809360940874,43.97340816840344,45.401809360940874,277960
2007-08-06,44.06017303466797,45.461874188250114,43.75980522804152,44.093543840439516,295673
2007-08-07,43.11235809326172,45.388458222004886,42.15119420554264,44.71430469605735,442358
2007-08-08,40.71611022949219,43.05228048856141,39.968536459532615,43.05228048856141,1042276
2007-08-09,38.70701217651367,40.90968689550439,37.979461772005095,40.90968689550439,1124034
2007-08-10,38.740379333496094,39.48127947179928,37.24522920664184,38.039528745936494,698034
2007-08-13,38.59354019165039,39.90847138656723,38.25980151649172,39.40786337382922,486939
2007-08-14,38.386619567871094,39.08747279112426,37.47217635205623,38.21975023780585,339147
2007-08-15,37.32533264160156,38.04620941051465,37.04499337339584,37.79256730150182,261295
2007-08-16,35.18940353393555,36.71125093992633,34.642072359983636,36.70457728736663,600158
2007-08-17,35.14268112182617,36.577755799641224,33.861123372368944,34.37508120269395,777931
2007-08-20,36.130550384521484,36.631158406943136,35.44972316848115,36.23734666078914,416181
2007-08-21,36.04377365112305,36.504332064469054,35.469742774468614,36.504332064469054,358416
2007-08-22,36.87811279296875,37.2585745674065,36.13721274394053,36.37083127579285,497828
2007-08-23,38.68030548095703,39.114164147038494,38.01282825970229,39.00736789348667,557491
2007-08-24,39.334434509277344,39.47460412055211,38.31319513252748,38.713680463662115,310521
2007-08-27,39.93516159057617,40.30227353666517,39.614770297971994,40.04863149094661,290492
2007-08-28,39.701541900634766,40.07533003374224,39.40117666387191,40.07533003374224,393553
2007-08-29,39.48795700073242,39.681526028995656,38.28649836892502,39.02072238107848,277711
2007-08-30,39.875099182128906,40.30895794465497,39.34111524944437,39.60810721578664,425903
2007-08-31,40.66939163208008,40.74948819423024,39.98189083565828,40.54257186315701,260071
2007-09-03,41.22339630126953,41.363568467269715,40.5826187140999,40.65604162338005,154771
2007-09-04,41.009803771972656,41.677281061826385,40.389049688710784,41.677281061826385,294869
2007-09-05,40.135406494140625,41.13662233767625,39.434555912910405,40.716110970448696,209344
2007-09-06,39.70822525024414,40.916357520057936,39.06744511432889,40.72278849414371,224427
2007-09-07,38.660282135009766,40.182132037270776,38.3465695505254,40.008586521729576,217556
2007-09-10,37.67909240722656,38.9472976927105,37.61234315248085,38.86052748087665,172806
2007-09-11,37.95943069458008,38.3866157294353,37.652391769055846,38.23309626667318,265411
2007-09-12,37.95943069458008,38.27314581852473,37.378726196962745,38.21307276385924,273364
2007-09-13,37.52557373046875,37.785889463896744,37.111735981006206,37.37872791316115,306115
2007-09-14,36.73127365112305,37.54559674191711,36.20396853867772,37.37872742306415,309090
2007-09-17,35.77677917480469,36.9181671944595,34.909059268913545,36.9181671944595,349835
2007-09-18,36.57774353027344,36.85140903163989,35.30953860408234,35.936966143594375,370409
2007-09-19,38.046199798583984,38.70700333647664,37.37872260913514,37.52556840560538,608860
2007-09-20,37.40542221069336,38.6469301872407,37.36537266278998,38.6469301872407,359818
2007-09-21,37.46549987792969,38.16635050218283,37.12508504434543,37.31198041137699,390748
2007-09-24,37.38540267944336,37.80591409393688,37.37872902674136,37.672418123882316,240664
2007-09-25,36.691226959228516,37.5789704191125,36.56440464622812,37.392077595184034,328465
2007-09-26,37.071685791015625,37.42544790646101,36.6178010730515,36.64450077321963,238510
2007-09-27,37.392086029052734,37.845970886302695,37.165143600427754,37.445482899551614,431568
2007-09-28,37.18516159057617,37.465503394323655,36.71125329549175,37.37205697514915,333037
2007-10-01,38.873878479003906,39.63480218199406,37.31865517155394,37.378728229486,408053
2007-10-02,40.275577545166016,41.17667081816608,39.43455732678086,39.61477394440195,525014
2007-10-03,40.12873458862305,40.63601876283158,39.78832228574466,40.63601876283158,187560
2007-10-04,40.58262252807617,40.84961448760079,39.87509816391678,39.981894438481824,229612
2007-10-05,40.9764289855957,41.50373663725729,40.67606370640722,40.849609221593326,297629
2007-10-08,40.65604019165039,41.4703632713914,40.62266683757753,41.383590513823,153543
2007-10-09,41.19669723510742,41.71732868227058,40.656039738744674,40.88965576087592,174166
2007-10-10,39.908470153808594,41.65058639171932,39.721574770060535,41.38359444135006,338108
2007-10-11,41.48371505737305,42.117816453007656,39.99523844329769,40.11538456054345,407216
2007-10-12,42.15119171142578,42.15119171142578,40.91635720218823,41.31684510230195,345683
2007-10-15,40.89632797241211,42.65179370516625,40.73613232555107,41.92424346202658,288629
2007-10-16,39.875099182128906,40.9497356084075,39.49463473891274,40.816242171460466,271593
2007-10-17,40.57594299316406,40.78285931288905,39.514654054541104,39.70822306982627,273579
2007-10-18,39.58139419555664,40.68273250347127,39.29437881946309,40.02860520681392,208020
2007-10-19,39.48127746582031,40.12872861949252,38.98066956496658,39.57472386658392,203836
2007-10-22,38.613563537597656,39.267693578879204,38.24645150568692,38.787109073847546,266317
2007-10-23,41.210044860839844,41.69062672988016,38.93394763267404,39.03406768837166,350986
2007-10-24,40.208839416503906,41.36357500492058,40.048643721280136,41.36357500492058,220908
2007-10-25,39.42121505737305,40.98978588498432,39.234319659171156,40.21551222450262,309285
2007-10-26,39.948516845703125,40.021939758780846,38.8405045890799,39.394511990503474,200833
2007-10-29,40.04863739013672,40.62266826679115,39.9284912742684,40.21550671259562,176074
2007-10-30,40.22218322753906,40.469151675634706,39.60810529937729,40.04196658713539,150285
2007-10-31,41.063201904296875,41.517086651023874,39.79499407440257,39.79499407440257,226437
2007-11-01,40.28893280029297,41.610537632882874,39.71490187835287,40.93638663730317,178901
2007-11-02,39.72157287597656,40.18880749373117,39.481283187570945,39.97521496211029,144499
2007-11-05,39.374488830566406,39.92182003765654,39.05409747137926,39.374488830566406,176147
2007-11-06,39.50130844116211,39.97521673254555,39.020723950618944,39.40118582355763,163963
2007-11-07,38.94062805175781,40.26223287718145,38.84718163171129,40.03529048011533,356147
2007-11-08,42.38480758666992,42.718546229084644,37.46550071041955,38.046205235278514,921472
2007-11-09,38.84049987792969,43.36599731974473,38.379941496610854,42.05106633541711,709902
2007-11-12,39.0140495300293,39.534681020390984,38.34657221573016,39.534681020390984,285209
2007-11-13,37.85931396484375,38.86052993319844,35.87690553270981,38.74705746608183,503774
2007-11-14,37.011619567871094,38.713686301178086,36.711254251117154,38.44002068951872,323008
2007-11-15,36.60445022583008,36.998261880799895,35.28284565819158,36.998261880799895,491211
2007-11-16,35.89692687988281,36.87811928469247,35.58988794580079,36.50433109566409,337157
2007-11-19,33.26039505004883,36.04377416625557,32.7864842323624,35.81683178261908,441950
2007-11-20,33.28709030151367,35.309548134285315,32.13903114373654,34.04134031957633,937280
2007-11-21,32.065608978271484,33.05347504207149,31.524951467596505,32.6863630491941,634593
2007-11-22,32.6997184753418,33.126903597792875,31.08442186657145,32.546196434875775,466077
2007-11-23,33.26707458496094,33.40057057768538,31.90542004237537,33.086855376716585,263644
2007-11-26,33.31378936767578,34.40177799557183,33.120220354535185,33.5741050871707,383894
2007-11-27,35.10929870605469,35.37629059697404,32.55286242657367,32.55953607804613,576467
2007-11-28,36.123870849609375,36.7045779352819,34.82896580114738,35.496443102746646,459660
2007-11-29,37.138431549072266,37.3787237520167,36.23066213627039,36.92483904561576,496345
2007-11-30,37.67909240722656,37.94608178753826,37.044988491372735,37.11841139848116,387508
2007-12-03,37.71246337890625,38.64693251651901,37.24522881009987,37.97945528857377,401539
2007-12-04,35.87022399902344,37.805906251493894,35.27616718282276,37.55226421562802,356124
2007-12-05,36.998268127441406,37.23188417143263,36.070475058127805,36.31076730121816,308861
2007-12-06,36.28407287597656,37.679100782449034,35.97703387456952,37.24523944194723,332042
2007-12-07,37.425445556640625,37.43212175437526,36.17726393372027,36.17726393372027,190249
2007-12-10,38.15300369262695,38.379946084366075,37.01829173393135,37.024967933048806,172955
2007-12-11,37.352027893066406,38.366593661914244,37.078362310735486,38.092928079583324,172363
2007-12-12,36.65785217285156,37.311982168938925,35.80348204180106,36.70457792647824,323560
2007-12-13,35.84353256225586,36.73795227213154,35.690013084335455,36.07047495270861,340938
2007-12-14,36.11051559448242,36.644499392836,35.84352624152909,35.91027294321156,303782
2007-12-17,34.56864547729492,35.78345380143034,34.48854637844258,35.516461897702854,255538
2007-12-18,35.71003723144531,36.17727187269032,34.4151321251139,34.4151321251139,304820
2007-12-19,34.16816329956055,35.73673653872434,34.074716881594625,35.382971825565434,200650
2007-12-20,34.248260498046875,34.64207219905836,33.787699540629504,34.161487737831116,274111
2007-12-21,33.887821197509766,34.768890987457546,33.79437478739768,34.168160427846004,592413
2007-12-27,34.50857925415039,34.54195261216372,33.91452482435153,33.91452482435153,165510
2007-12-28,36.297420501708984,36.717929416256275,34.20821559717302,34.48188122010144,206197
2008-01-02,33.58745574951172,36.664526346579535,33.26039331575723,36.02374878368512,313387
2008-01-03,32.98005294799805,34.10808865662041,32.512818333614796,33.52071047201316,387348
2008-01-04,31.538305282592773,33.41391758217705,31.451532512787878,33.19364883103171,364585
2008-01-07,30.837453842163086,31.905416575462866,30.49036531728466,31.531630891919942,387192
2008-01-08,30.770706176757812,31.565005887953934,30.370220767543593,30.810755736168886,391397
2008-01-09,28.674816131591797,30.67057381758707,28.054062213492237,30.67057381758707,1102745
2008-01-10,28.447877883911133,29.569239796729473,28.120815477969476,29.09533159027815,734018
2008-01-11,29.676044464111328,29.70274417108926,28.661478514967666,28.8884209318317,582519
2008-01-14,30.350194931030273,30.83745307511732,29.11536034600448,29.776164021325997,458131
2008-01-15,28.621423721313477,30.930894276473644,28.374455318230844,29.889628903371925,598430
2008-01-16,29.275550842285156,29.956377902131727,28.034042824107495,28.100789526627878,601975
2008-01-17,29.228832244873047,30.189998662158967,28.68817470289878,29.56924455530018,464436
2008-01-18,29.78951072692871,31.638423036480514,28.55467627233199,29.3089262865474,576712
2008-01-21,28.708192825317383,30.396911847670225,28.167537930929637,28.72154267466594,862926
2008-01-22,31.85201644897461,32.59959028570265,28.034045612650598,28.040719265077065,1161816
2008-01-23,30.530414581298828,32.83988556126153,28.89509459283775,32.112335160495945,812600
2008-01-24,32.873260498046875,33.654207799366205,31.37811006774634,31.37811006774634,722879
2008-01-25,33.69425582885742,34.59535176589145,32.83320944887735,33.04012834098678,884529
2008-01-28,32.372650146484375,33.046801121979854,31.53162984033691,32.91330769443741,466461
2008-01-29,32.31258010864258,33.0334569066891,31.93211820285941,32.69971821416182,543156
2008-01-30,31.93878173828125,32.5528620620296,31.611719349102216,32.038904332810624,270692
2008-01-31,31.678470611572266,32.35929773227122,30.623857849392582,31.384781529519735,400793
2008-02-01,32.9066276550293,33.487332144985636,31.651769722029172,31.831988883648098,609956
2008-02-04,33.17361068725586,33.84108775321182,33.00674142076687,33.20698403130907,286773
2008-02-05,31.204565048217773,33.293769795404785,30.830776828325774,32.953354932629736,340494
2008-02-06,30.890846252441406,31.398130387295897,30.52373427493207,31.137814667720615,462308
2008-02-07,29.87627601623535,30.76402184502758,29.288897959431537,30.76402184502758,310478
2008-02-08,30.530414581298828,30.830777346624675,30.063179935135093,30.39024240509292,246061
2008-02-11,30.39024543762207,30.657237418136045,29.902987237474665,30.383571783910128,244655
2008-02-12,31.69182014465332,31.892062814327286,30.16997279966275,31.244611600588918,420765
2008-02-13,32.16573715209961,32.30590935065482,30.99097796945052,31.124473967671282,335236
2008-02-14,32.35262680053711,33.186973457895924,31.9988620863847,32.65298956020714,299348
2008-02-15,30.837453842163086,32.61961713077409,30.60383524372476,32.33260166878277,342337
2008-02-18,31.93878173828125,32.038904332810624,30.904192628445575,31.031014921012563,251912
2008-02-19,31.872041702270508,32.89995737559453,30.990971852628164,32.01888752595219,360660
2008-02-20,31.231264114379883,31.77859530783296,30.93757246681314,31.39813344277957,297576
2008-02-21,31.665119171142578,32.33259640739433,31.271307499905102,31.318030702744835,382509
2008-02-22,30.910873413085938,31.6183976925123,30.517061720373185,31.37810546696232,262257
2008-02-25,31.21790885925293,31.79861330863075,30.703951111192676,31.151159611711925,184840
2008-02-26,32.20578384399414,32.225807350763446,31.358087259030196,31.591705871643406,256903
2008-02-27,32.45942306518555,32.706388962778114,31.237938336837164,32.37265029989262,387724
2008-02-28,31.778587341308594,32.50613753259179,31.47154846511799,32.452738138703026,271124
2008-02-29,30.844125747680664,31.718521936556577,30.490363589735868,31.718521936556577,354631
2008-03-03,30.463661193847656,30.837449369399128,30.08987556451982,30.557107601179617,235993
2008-03-04,29.509174346923828,30.630536548574025,29.228835069623347,30.343521071590693,243736
2008-03-05,31.144485473632812,31.384777668580494,29.722758351007958,29.769481550445185,459310
2008-03-06,30.557113647460938,31.19789386751401,30.210025104247563,31.09777124200518,263776
2008-03-07,30.41693878173828,30.577134445778807,29.61596555398304,30.20334626050004,234542
2008-03-10,29.482471466064453,30.423616914524377,29.369001545915417,30.08987826059352,259541
2008-03-11,30.223371505737305,30.683932475010607,29.188782193939232,29.40237472748888,363364
2008-03-12,30.93089485168457,31.438176424696987,30.41026342856347,30.924221199742007,222508
2008-03-13,29.949703216552734,30.416937796460413,29.368998727385677,30.103222677080872,361280
2008-03-14,30.043163299560547,30.79741364135233,29.56925485182027,30.356878561749784,335219
2008-03-17,28.701520919799805,29.4691207535862,28.481252211483795,29.142055790208254,427571
2008-03-18,29.57592010498047,30.250071058219575,28.70819757725796,29.148732493786444,620366
2008-03-19,28.915109634399414,30.036471438466695,28.034040009235582,30.036471438466695,552868
2008-03-20,29.035261154174805,30.00310370189204,28.461230296374637,28.461230296374637,633518
2008-03-25,30.376888275146484,30.58380713757034,29.78951013330056,30.30346791708346,339350
2008-03-26,30.670578002929688,31.1244627049019,30.350189250871086,30.46365915325241,296370
2008-03-27,30.877498626708984,31.157840415374856,30.456989763045907,30.63720893871172,316017
2008-03-28,30.603832244873047,31.044367147469448,30.183323392092678,30.744004408690255,222873
2008-03-31,29.836233139038086,30.59048313322603,29.469121166260738,30.59048313322603,457914
2008-04-01,30.550434112548828,30.690603724296977,29.52919473234994,29.535868384527813,427512
2008-04-02,31.104440689086914,31.451529185362087,30.66390577962684,30.937571366621373,342324
2008-04-03,30.436965942382812,31.09776963489821,30.25674929973898,31.04437022506003,345069
2008-04-04,31.09775733947754,31.35807299395512,30.477003449774234,30.703945759410097,370196
2008-04-07,31.6984920501709,31.745215248559536,31.17118447267241,31.358077266226974,319852
2008-04-08,31.077747344970703,31.451533043563064,30.97095106734087,31.40480983123902,216013
2008-04-09,30.770706176757812,31.27799041106823,30.70395945729682,30.91087836158451,248742
2008-04-10,31.331390380859375,31.484909887805525,30.009785344074594,30.770709224687856,312318
2008-04-11,32.30590057373047,32.933328284815694,31.565000403807456,31.6851465149422,445970
2008-04-14,31.45153045654297,31.97883814794005,31.004321876447854,31.79861896684647,231415
2008-04-15,31.651769638061523,32.03223400906346,31.071065149645708,31.544973381039952,148672
2008-04-16,32.59959030151367,32.759785968287815,32.038909287139774,32.12568204606843,406730
2008-04-17,32.392669677734375,32.9066274586417,32.03890755494013,32.853230603419746,242549
2008-04-18,32.6796875,33.01342614492539,32.406021913010136,32.646314144752225,266036
2008-04-21,31.825319290161133,32.87325849430187,31.478230773100815,32.839885137054985,227031
2008-04-22,32.20578384399414,32.33260363057332,31.5850296719042,31.718525658222582,166928
2008-04-23,32.09898376464844,32.47277197285001,31.52495287378397,32.47277197285001,195080
2008-04-24,31.85869026184082,32.34594837058672,31.591700877633837,32.105656142443806,241285
2008-04-25,32.17240524291992,32.74643610821947,32.07228263293558,32.07228263293558,206742
2008-04-28,32.6396369934082,32.773130400089585,32.1924259331103,32.1924259331103,205287
2008-04-29,32.11901092529297,32.693041881501856,31.50493295572709,32.56622209549781,216528
2008-04-30,32.499473571777344,32.51949962513736,31.4715603146267,32.21245808711782,203926
2008-05-02,34.01464080810547,34.208209826019555,32.506143309774544,32.506143309774544,413271
2008-05-05,34.76889419555664,34.83564091001716,33.30711976059004,33.987944396004,244234
2008-05-06,34.321678161621094,35.109301501703534,33.78769688348645,34.82228608728924,232795
2008-05-07,36.29387664794922,36.81431599388081,34.74625211386812,34.794187213667065,453163
2008-05-08,36.79377746582031,37.05399847561234,35.513220511655376,35.73919992132338,241924
2008-05-09,36.64997100830078,36.82801530697224,35.79398327719959,36.80747243735133,219860
2008-05-12,36.21855163574219,36.91703792188922,35.8487643173819,36.64312080926667,111521
2008-05-13,36.84856033325195,37.1019319670903,35.97887649573414,36.471923646410495,273235
2008-05-14,36.2733268737793,36.86224668748584,35.985713717479264,36.18430344298804,193169
2008-05-15,36.574642181396484,36.7252968518641,35.97202611179316,36.47192261293818,276714
2008-05-16,36.64997100830078,36.97866998357157,36.01311592738011,36.69105935980985,391319
2008-05-19,36.78692626953125,37.190952546877995,36.22539857725504,36.656814474218244,224185
2008-05-20,34.89690017700195,36.42398166872617,34.68461693422896,36.376046574405386,499447
2008-05-21,34.22580337524414,35.47897031041158,34.01351753799943,35.061247998689105,375059
2008-05-22,35.191368103027344,35.451589111519525,33.97928913063033,34.01352811831599,264971
2008-05-23,34.14363479614258,35.25984339032167,33.71906566567456,35.25984339032167,320534
2008-05-26,34.2326545715332,34.65037429336251,34.034064836919285,34.2326545715332,161147
2008-05-27,34.075157165527344,34.33537815740571,33.280800685506115,34.27374693859944,308679
2008-05-28,34.26004409790039,34.924291257747576,33.81493214923025,34.23265448223656,493453
2008-05-29,34.198421478271484,34.90375715712122,33.986138189173545,34.575058176220644,239656
2008-05-30,34.937992095947266,34.937992095947266,34.34222542536804,34.486030723048025,318548
2008-06-02,34.66407012939453,34.93113781960499,34.109391884270224,34.93113781960499,201418
2008-06-03,35.18451690673828,35.34201832001439,34.301137029771986,34.30798378153748,225711
2008-06-04,34.49287796020508,35.35571498296078,34.10254779685699,35.35571498296078,352788
2008-06-05,34.39701461791992,34.91745668098601,34.20527418008902,34.57506154927794,168394
2008-06-06,34.931148529052734,36.36236021613433,34.58875341360037,34.86267055086923,613894
2008-06-09,34.198421478271484,34.75994923051004,33.99983430657782,34.725710243133015,306013
2008-06-10,34.57505416870117,34.97908044236177,33.49308452957832,34.08200444836499,396761
2008-06-11,34.12994384765625,35.4036540441561,33.561566724850856,34.6298403827498,320030
2008-06-12,34.41070556640625,34.7941889967167,33.63689195357763,33.890266193804415,195482
2008-06-13,35.061248779296875,35.2666852583485,34.06830274956967,34.17102229522877,201003
2008-06-16,34.91744613647461,35.718649248832506,34.39015747940485,35.09549040179856,200375
2008-06-17,34.95853805541992,35.49267617046371,34.56136111066143,34.917452316601555,244649
2008-06-18,34.1710319519043,34.93799624283092,33.917657697613144,34.7120142234254,370154
2008-06-19,33.38351821899414,34.17102789881054,33.253409037120846,34.00667712125802,319455
2008-06-20,32.35633850097656,33.98613998653471,32.082421362939634,33.59580976280591,661462
2008-06-23,31.514041900634766,32.445356889621856,31.329148253209357,32.130351446452444,271687
2008-06-24,31.527732849121094,32.16458777067029,30.98674811150118,31.281208026293456,343711
2008-06-25,32.596012115478516,32.602861480272644,31.42502151334159,31.42502151334159,259423
2008-06-26,31.151100158691406,32.32209050351906,30.966206533887036,32.178285221649006,410177
2008-06-27,31.29490852355957,31.924914170350153,30.301962342427753,30.911425121860763,311832
2008-06-30,31.4387149810791,31.815349032728577,30.000656743047642,31.57567353047902,401098
2008-07-01,30.123920440673828,31.116864087899213,29.630870687046155,31.116864087899213,392877
2008-07-02,29.603479385375977,30.452620364210798,29.48706630780915,30.247181218887995,351272
2008-07-03,29.343257904052734,29.67195948629013,28.562597523840132,29.445977475035324,481619
2008-07-04,29.233688354492188,30.103372092760036,29.192602620447147,29.44597422537025,178681
2008-07-07,30.329357147216797,30.610121011416826,29.391192736856915,29.651413731956293,261691
2008-07-08,28.589984893798828,29.54184265553388,27.754540187922938,29.52129978973915,700879
2008-07-09,28.754337310791016,29.43912740751389,28.52150857341456,29.06934012833948,330033
2008-07-10,27.7340030670166,28.411946513607955,27.41215083747384,28.274987951317375,327155
2008-07-11,25.9877872467041,28.014765505235133,25.60430381444127,27.809328978485002,851085
2008-07-14,25.80289077758789,26.720509601875083,25.76180243180779,26.4397457697116,768506
2008-07-15,24.138853073120117,25.583760724679554,23.118514588149555,25.39886706851977,1191527
2008-07-16,26.111051559448242,26.17268278312386,24.13885501409577,24.31689932012125,606912
2008-07-17,26.35757064819336,27.220404977322424,25.843978101451427,26.91909829031653,711592
2008-07-18,27.227251052856445,27.918890461507402,26.26169719343419,26.357569994084194,503987
2008-07-21,27.076602935791016,27.371062906856455,26.638337661349553,27.12453803691636,263574
2008-07-22,27.008119583129883,27.15877423536308,26.47398416123666,27.049207927993525,278547
2008-07-23,27.19986343383789,28.74064114897644,26.775291693723098,27.631279313244516,616991
2008-07-24,26.480831146240234,27.69290990161107,25.95354508330507,27.69290990161107,395290
2008-07-25,27.172473907470703,27.535411858344588,25.67963114146547,26.152135414052253,412508
2008-07-28,26.19322395324707,27.17247410348709,26.022026411068982,26.980733692173136,158926
2008-07-29,25.796043395996094,26.090503366045958,25.035928532658513,25.72071867467827,314269
2008-07-30,26.508222579956055,26.850617609753265,25.28929710980335,26.330178313858884,519107
2008-07-31,27.0355167388916,27.48747816567143,25.782352033293254,26.412357762388098,500881
2008-08-01,26.480831146240234,27.193013456559854,26.124742603347272,26.71365987798831,285679
2008-08-04,26.350727081298828,26.830080752825573,26.104202186669795,26.480836281345326,211104
2008-08-05,27.617584228515625,27.857259703349058,26.254850866881483,26.309632713014803,371139
2008-08-06,28.733787536621094,28.891288921853114,27.87095329311817,28.131174222411584,464853
2008-08-07,28.439332962036133,29.733585876077925,28.172265232124907,28.768031907485874,447178
2008-08-08,29.007709503173828,29.267930476638327,27.925739874530407,28.28183104551684,333386
2008-08-11,29.432283401489258,30.062291763538944,28.939233606169275,29.192607868912813,344775
2008-08-12,29.343257904052734,30.123920896532542,28.453031200516737,28.685859964112357,306930
2008-08-13,29.000858306884766,29.55553920184511,28.50096187119957,29.343253340554085,359965
2008-08-14,27.59703826904297,29.021402815395312,27.466929101012724,28.925532627134427,406443
2008-08-15,28.096935272216797,28.432483550373362,27.733997377035276,27.781932472162392,328049
2008-08-18,28.20650863647461,28.302381462990084,27.54911064254442,28.11063842222655,244715
2008-08-19,26.912250518798828,27.966827904102395,26.809533570734363,27.966827904102395,298171
2008-08-20,27.22041130065918,27.350520502308964,26.788992729742166,26.994429273708757,224451
2008-08-21,27.234098434448242,27.617581772343364,26.542459076125482,26.91224630063865,254921
2008-08-22,28.38455581665039,28.446187042407136,27.30943535465738,27.43269780617087,190675
2008-08-25,28.637924194335938,29.13097394394838,28.329768100828165,28.45987990267986,209999
2008-08-26,29.51445198059082,30.247177171546415,28.138025042256235,28.487266840492296,433478
2008-08-27,28.91868782043457,29.41173756605488,28.213354799435496,29.41173756605488,204073
2008-08-28,30.062288284301758,30.20609358720442,28.3297674483777,29.041949823134345,328306
2008-08-29,29.82946014404297,30.267725426041682,29.706197706947435,30.041743420610832,247268
2008-09-01,30.240327835083008,30.425221457968163,29.40488315662416,29.445971499131975,242047
2008-09-02,30.884031295776367,31.29490690758014,29.856846184667173,30.13076325920302,507311
2008-09-03,30.459457397460938,31.19903181519341,30.308802768900676,30.69228609056934,324475
2008-09-04,29.11042594909668,30.575878954757684,28.836511476950886,30.575878954757684,602963
2008-09-05,28.398244857788086,29.117273904250954,28.213351226594757,28.822813967046773,300444
2008-09-08,29.21314811706543,30.459465999111533,28.8433608037725,30.459465999111533,304649
2008-09-09,28.18596076965332,29.14466796674187,27.89150081393042,28.932382092628377,405428
2008-09-10,27.912038803100586,28.535197588619077,27.52855808109936,28.151716866617853,280704
2008-09-11,28.418790817260742,28.528357135198053,27.610738242872927,27.850413747027332,475778
2008-09-12,29.06249237060547,29.144669067585784,28.418790584528672,28.946079301617274,388083
2008-09-15,28.06955337524414,28.665320158727187,27.172477211215774,27.93259480338422,427281
2008-09-16,28.665313720703125,28.932381439101356,27.45323494220839,27.665520811526754,723718
2008-09-17,27.857261657714844,29.158363901062955,27.727152478286808,28.90498968158692,510956
2008-09-18,27.350515365600586,29.055643846044127,26.528769344066582,27.823022201476224,655307
2008-09-19,29.760974884033203,30.13076213720657,28.117480334818335,28.117480334818335,909073
2008-09-22,29.035110473632812,30.130773935470078,28.76119330203962,30.130773935470078,647327
2008-09-23,28.52835464477539,28.93238089669926,28.110632277771593,28.507811778288925,552880
2008-09-24,27.66551971435547,28.76802952643286,27.494322197836603,28.692704813468662,574958
2008-09-25,28.89814567565918,28.898145675659176,27.64497841157267,27.99422286089099,759894
2008-09-26,26.932790756225586,28.261282356733528,26.720504925249678,28.261282356733528,697498
2008-09-29,25.090709686279297,27.124537187313877,24.68668340925852,26.63148746287713,757770
2008-09-30,25.980934143066406,26.248004462899193,24.37852528540365,24.65244235649363,431738
2008-10-01,23.810152053833008,26.446592889869287,23.63210516523751,26.364418809430475,831019
2008-10-02,23.529390335083008,24.193637626759564,23.173299138115535,23.6252605395998,922643
2008-10-03,22.885684967041016,23.20753716513992,21.920130985011347,23.13220983262596,675058
2008-10-06,21.721540451049805,22.255677173419905,21.002511403284984,22.255677173419905,616040
2008-10-07,21.96122169494629,22.5980767954354,20.906645457015475,21.974917812536816,651697
2008-10-08,21.03675079345703,22.351547799681434,19.653475824119624,19.701410920752096,684578
2008-10-09,21.07098960876465,22.262522802177706,20.7491374576366,21.59143019008376,502831
2008-10-10,19.372713088989258,20.646421821864926,18.174330381015448,19.653476933223867,720044
2008-10-13,21.879043579101562,21.879043579101562,20.54370240060863,20.660116766457417,643883
2008-10-14,22.372089385986328,23.38558094547934,20.9956625529488,21.844802047068143,841271
2008-10-15,19.900001525878906,21.714695174243733,19.448040128358112,21.52295476689162,708805
2008-10-16,18.28390121459961,20.60533987328005,17.80454749047933,18.954995383460943,904729
2008-10-17,18.982379913330078,19.81097656164213,18.345526257354756,19.53021274271106,548851
2008-10-20,18.37291717529297,19.619234869931446,18.133240394139406,19.619234869931446,651663
2008-10-21,18.003137588500977,18.72216688003126,17.859330946514618,18.72216688003126,774273
2008-10-22,16.845834732055664,18.2428056919107,16.62670213491239,17.852475589982575,820126
2008-10-23,14.859946250915527,17.28410261683006,14.681900661488255,16.71572686471487,1357871
2008-10-24,14.976360321044922,14.976360321044922,13.709498352879933,14.449071621441814,938208
2008-10-27,14.106678009033203,15.065384002511776,13.730042625290238,14.380593820579422,641952
2008-10-28,13.736888885498047,14.675051886625733,13.716346018654935,14.627116789147209,649246
2008-10-29,14.791465759277344,14.914728180742443,14.127218556078395,14.675051395241795,441638
2008-10-30,16.291156768798828,16.400723078040677,14.983206503224054,15.06538188822216,586596
2008-10-31,16.489744186401367,16.578766317310006,15.777563220732217,16.43496103519605,465089
2008-11-03,17.243011474609375,17.90725726840695,16.52398122989254,16.893768436798318,581422
2008-11-04,18.61944580078125,19.13988650664007,17.421062957406416,18.112701212318786,539662
2008-11-05,16.873228073120117,18.886511383796243,16.236373055019154,18.886511383796243,743667
2008-11-06,15.161253929138184,16.36648478374674,15.065383723406528,16.36648478374674,465628
2008-11-07,14.901032447814941,15.537887437619059,14.722986868483318,15.229731376057893,379696
2008-11-10,15.880285263061523,16.099417920278935,15.133863833081177,15.798109863538162,544145
2008-11-11,14.85309886932373,16.05832970223989,14.812010519492327,15.784412594564825,458277
2008-11-12,13.586236953735352,14.996904325389117,13.421887471166002,14.722988521106869,460961
2008-11-13,13.476669311523438,13.9834138263261,13.2712314988412,13.483517369226192,318206
2008-11-14,13.195907592773438,14.216244843725983,13.004165864744646,14.134069444246881,534095
2008-11-17,12.915143013000488,13.654716343715947,12.771336398235308,13.223297805554,441667
2008-11-18,12.613835334777832,13.004165533562114,12.401550741885853,13.004165533562114,491255
2008-11-19,11.518169403076172,12.60013772104789,11.168926291396675,12.579594853741344,628686
2008-11-20,11.826324462890625,12.196110410260978,11.01827199587142,11.230556545401315,852406
2008-11-21,11.72360610961914,12.237198641814839,11.463385161871976,11.881107506020482,890718
2008-11-24,12.456332206726074,12.627529730654176,11.661975800190357,11.983826674967146,889002
2008-11-25,12.257742881774902,13.326015102821907,12.155024625043488,12.497419684903868,2778626
2008-11-26,12.654922485351562,13.024709817456142,12.100242793328336,12.312527387980793,709448
2008-11-27,13.641020774841309,13.730042925741776,12.832968133497314,12.832968133497314,544191
2008-11-28,12.559048652648926,13.819062351938454,12.271436801590811,13.236990593114498,546555
2008-12-01,11.771541595458984,12.791878636647061,11.696214270267003,12.791878636647061,416307
2008-12-02,12.291983604431152,12.565899400741552,11.388059517406518,11.408603691929876,500167
2008-12-03,12.182415962219238,12.360460230875331,11.846867678797961,12.230351058098448,569547
2008-12-04,12.401548385620117,13.031555292103159,12.100240393962999,12.250893736724867,490029
2008-12-05,11.915348052978516,12.59329012791279,11.867412952649858,12.394701668532134,607976
2008-12-08,13.969715118408203,14.092977521915707,12.45632991255837,12.593287122796431,881793
2008-12-09,13.914935111999512,14.339505563617946,13.154817656325728,13.695802481280385,713369
2008-12-10,13.791672706604004,14.243634084844903,13.593084249441672,13.867000038355323,415911
2008-12-11,13.380799293518066,14.209394694545061,13.332862888962666,13.832760658829786,362532
2008-12-12,13.791672706604004,13.921783196138053,12.915142182080322,13.011012381666722,618392
2008-12-15,14.839400291442871,15.469407183561842,14.325807758937188,14.346351930445422,914590
2008-12-16,14.894185066223145,15.202341141770814,14.517551023783543,14.88733700830725,522119
2008-12-17,15.065382957458496,15.366690982325053,14.798315222993551,14.91472959809198,471085
2008-12-18,15.250279426574707,15.517347210412979,15.120168911261853,15.20234431728412,186712
2008-12-19,14.962664604187012,15.592671576135945,14.928424314001271,14.928424314001271,431383
2008-12-22,15.236577987670898,15.236577987670897,14.764072506830292,15.113315574744364,265981
2008-12-23,15.544736862182617,15.75702144207386,14.894185699960795,15.270819758425924,404587
2008-12-29,15.798107147216797,16.09256709452347,15.647453797816532,16.09256709452347,207862
2008-12-30,15.681695938110352,16.024091051632997,15.531042558368522,16.024091051632997,145967
2009-01-02,16.640396118164062,16.640396118164062,15.832345032767487,15.907671042970048,106791
2009-01-05,16.975948333740234,17.099209462776976,16.41441931728298,16.736271521590627,307803
2009-01-06,16.886924743652344,17.304647146909772,16.7157272086955,17.017035235936934,314353
2009-01-07,16.482900619506836,17.099211564995482,16.441813571443248,16.96910236177184,241154
2009-01-08,15.544736862182617,16.434963530991222,15.181797613998484,16.434963530991222,331790
2009-01-09,15.633757591247559,15.969304576224712,15.33244958807348,15.757020015552111,240829
2009-01-12,15.154407501220703,15.626913134556064,15.037993107678185,15.626913134556064,234130
2009-01-13,15.729630470275879,15.770718822813532,14.846251788854827,15.140711784706395,269886
2009-01-14,13.97656536102295,15.935065398356977,13.942326379641152,15.935065398356977,455266
2009-01-15,14.85309886932373,15.537889026244262,13.017861039795333,13.832761692248166,490686
2009-01-16,15.674848556518555,15.859742239283358,14.750382754962049,14.85994909153369,591217
2009-01-19,14.921576499938965,16.208981278210906,14.812008885277436,15.825499198362541,235989
2009-01-20,14.798315048217773,15.017447679665919,14.544942126772414,14.962664521803882,298566
2009-01-21,15.387229919433594,15.572123521966674,14.455916462703742,14.64080875910363,411802
2009-01-22,14.907883644104004,15.98985215696653,14.654510683905226,15.640608982379208,351597
2009-01-23,15.359842300415039,15.976153135144221,14.394288354574844,14.907880934538074,507390
2009-01-26,16.08572006225586,16.43496318670946,14.98320753051804,15.489953378172416,360973
2009-01-27,16.26376724243164,16.530835002344592,16.05148264624785,16.181591843771074,221011
2009-01-28,17.39366912841797,17.647042052493433,16.565073693886863,16.59246462003545,545034
2009-01-29,17.058120727539062,17.311493630935118,16.893771265660575,17.311493630935118,258882
2009-01-30,17.037578582763672,17.21562418085582,16.448659934141187,16.982795422284056,458061
2009-02-02,16.94170570373535,16.996488855565914,16.434961222769303,16.756812076507188,308030
2009-02-03,17.126602172851562,17.30464777237808,16.39387690573363,16.770510973798533,291062
2009-02-04,18.489334106445312,18.50303022295918,17.119753802264178,17.119753802264178,447215
2009-02-05,17.989439010620117,18.722164321469275,17.58541268491445,17.975742893039055,301157
2009-02-06,18.92074966430664,19.0371640321738,18.085306222405144,18.18117641730747,328331
2009-02-09,18.69476890563965,18.872814485500356,18.345527109677096,18.79748846388757,299340
2009-02-10,17.99628257751465,18.681072612039255,17.8456279339939,18.503027046326856,364150
2009-02-11,17.948347091674805,18.07160951314571,17.126599792091106,17.462146769354458,489181
2009-02-12,17.79769515991211,18.93444666087106,17.523779371632877,17.96889269085332,347835
2009-02-13,18.208566665649414,18.653679915695907,17.845627486249466,17.975737955262023,174897
2009-02-16,18.04422378540039,18.22911747084695,17.605957126623306,18.22911747084695,269472
2009-02-17,17.496387481689453,17.8319357982897,17.29779902110584,17.8319357982897,281944
2009-02-18,17.948347091674805,18.26335120278194,17.03757635163616,17.482690941644076,409290
2009-02-19,17.968894958496094,18.48933567497209,17.66758690029764,18.044222299579125,315692
2009-02-20,16.818443298339844,17.75660624354986,16.7773562609691,17.64703993980563,281226
2009-02-23,16.428115844726562,17.112906007355267,16.36648462559929,17.112906007355267,222495
2009-02-24,16.277462005615234,16.606160960642498,15.736477165932676,16.229526904607116,402977
2009-02-25,16.44866180419922,17.626500541486944,16.387030578386064,16.5445320194047,266037
2009-02-26,17.35943031311035,17.53062784813879,16.50344263796816,16.667792114859434,204373
2009-02-27,17.818239212036133,17.98943674180712,16.804750149263942,17.249863465441805,312011
2009-03-02,17.427907943725586,17.818238077774698,17.08551290597957,17.544322308804567,260760
2009-03-03,17.01702880859375,17.701818689775525,16.982788530854833,17.44159780349195,174280
2009-03-04,17.90726089477539,17.968892108407182,17.04442521006375,17.25671108196591,326466
2009-03-05,16.674640655517578,18.11270025259689,16.60616137829788,18.00998068370056,350018
2009-03-06,16.845834732055664,17.5648637296987,16.414416288563196,16.633550191839777,321440
2009-03-09,17.08551597595215,17.256713525586406,16.181591816731014,17.017036694871717,359318
2009-03-10,18.14693832397461,18.455094402872863,16.852685404868954,16.93485948848615,303969
2009-03-11,18.194875717163086,18.729012552534652,17.866176728996123,18.386617446660647,222011
2009-03-12,18.085309982299805,18.49618438408218,17.626500473100663,18.085309982299805,208150
2009-03-13,18.078458786010742,19.044012744270244,17.982588587813865,18.701617686557412,238636
2009-03-16,18.304439544677734,18.72900999262948,18.22226546193449,18.420853917008575,174900
2009-03-17,18.14693832397461,18.42085411292111,17.907261518846354,18.181177307792854,189700
2009-03-18,17.195079803466797,18.578354810754323,16.880075678744465,18.489332672585043,359667
2009-03-19,17.030731201171875,17.77715124532138,16.934859694275456,17.229319660771232,305426
2009-03-20,17.345735549926758,17.407366771835353,16.77735974154033,16.77735974154033,276733
2009-03-23,17.99628257751465,18.051065728031283,17.16768595655054,17.551168010166986,204087
2009-03-24,17.57171630859375,18.66053282371594,17.29780049167419,18.48933527487451,190916
2009-03-25,17.64704132080078,18.14693778402064,16.900620001797556,17.249863112112838,302224
2009-03-26,18.153785705566406,18.35922221308847,17.393668276694545,17.393668276694545,190816
2009-03-27,18.96868896484375,20.29718100559132,18.14009214791807,18.14009214791807,396458
2009-03-30,17.304643630981445,18.831725019054616,17.201925392104165,18.585200200842525,309161
2009-03-31,17.537479400634766,17.7429159611489,17.119756913971056,17.119756913971056,354092
2009-04-01,17.886716842651367,17.886716842651367,16.777356376908145,17.44160226121445,268161
2009-04-02,19.2152099609375,19.728802539162416,18.119545532830983,18.119545532830983,327136
2009-04-03,19.749347686767578,20.3451143754639,19.174123866288248,19.35901751704236,293773
2009-04-06,19.016620635986328,20.31772151313837,18.824878945385645,20.146523994930643,218201
2009-04-07,18.537267684936523,19.201514913809856,18.46878841412757,19.201514913809856,180326
2009-04-08,19.612390518188477,20.16022345092316,18.14693993743044,18.14693993743044,227646
2009-04-09,19.80413246154785,20.276638061097177,19.139886443615456,19.968481951362044,181641
2009-04-14,21.009361267089844,21.12577564071323,19.886305878817303,20.05065535226205,205912
2009-04-15,20.26978874206543,21.18055959115507,20.050656102605302,21.105232256540567,210178
2009-04-16,20.52315902709961,20.742292958390482,20.310874459745065,20.420440772323765,108029
2009-04-17,21.125774383544922,21.755781313992294,20.447832356128743,20.523158377308253,284703
2009-04-20,19.17411994934082,21.207945773759352,19.009770506511035,20.86555077466398,251219
2009-04-21,18.872814178466797,19.530213332344736,18.338678753707725,18.90020640852286,223679
2009-04-22,19.044010162353516,19.578146850177305,18.50987478066304,18.585200794976668,308836
2009-04-23,19.317928314208984,19.858913126318274,19.085100879198396,19.085100879198396,290041
2009-04-24,20.132829666137695,20.14652578228142,19.53021492328268,19.612389007877965,198746
2009-04-27,20.297176361083984,20.632723323839645,19.852063096454366,20.201306173477608,184004
2009-04-28,19.59869384765625,20.078046148919203,19.030318099183393,20.078046148919203,192801
2009-04-29,20.550552368164062,20.838164280749286,19.543911327182563,19.62608541298774,286075
2009-04-30,21.940675735473633,22.748728273670498,20.920337322914214,20.920337322914214,611472
2009-05-04,22.310461044311523,22.495352058697108,22.02284786543013,22.02284786543013,178222
2009-05-05,22.08448028564453,23.022641972545713,21.906434706450607,22.550137753361952,285296
2009-05-06,21.632522583007812,22.57068442819748,21.372301574844997,22.324159537545057,200099
2009-05-07,21.680456161499023,22.378942431740175,21.41338841952064,22.022851238346618,332883
2009-05-08,20.87925148010254,21.831109368968452,19.858914315130153,21.2764297141598,541772
2009-05-11,20.276634216308594,21.365450522736786,19.79043259159996,21.262730968213322,311057
2009-05-12,19.838369369506836,20.708053138154504,19.516518482287697,20.20130860447323,305247
2009-05-13,18.590850830078125,20.182508199600452,18.31840412396719,19.9028930668799,682976
2009-05-14,19.601774215698242,19.644791625277655,18.390106011304646,18.511989811361975,393569
2009-05-15,19.65912628173828,19.8025194343324,19.40101915406825,19.72365306365579,263112
2009-05-18,19.98893165588379,20.368922610755728,19.465548894125227,19.55875486772526,310738
2009-05-19,20.72740364074707,21.107394585747297,20.232698706218212,20.36175228631258,298305
2009-05-20,21.0213623046875,21.308147331644577,20.734577277730423,20.80627387634441,194063
2009-05-21,20.756086349487305,21.071549190556336,20.68438975197203,20.756086349487305,88923
2009-05-22,20.340242385864258,21.064373864947306,20.046286276461178,20.727401722824574,155839
2009-05-25,20.8062686920166,21.10022344233984,19.85270786029764,20.411938181645002,91917
2009-05-26,20.54816246032715,20.741742826692416,19.781012157507664,20.741742826692416,177297
2009-05-27,21.609268188476562,21.609268188476562,20.562502680507258,20.748913257439867,296049
2009-05-28,20.72023582458496,21.365502419191653,20.454960211273836,21.21494080636622,182878
2009-05-29,20.949663162231445,21.179092523437205,20.70589557704303,20.842118961118604,169211
2009-06-01,21.924734115600586,22.039448115659418,21.186261543660436,21.186261543660436,111976
2009-06-02,22.627355575561523,22.835275535761674,21.523233087166822,21.5304028824322,245839
2009-06-03,22.3118896484375,22.706218760040507,22.0322731424387,22.49113040234767,180913
2009-06-04,21.430028915405273,22.340572478075234,21.322484712392786,22.319063090473243,186283
2009-06-05,21.458707809448242,21.759832394321005,21.22211001901241,21.759832394321005,264394
2009-06-08,21.365501403808594,21.723982980164436,21.157582800621526,21.4371979925795,153376
2009-06-09,21.415691375732422,21.523235582182615,21.20060159533326,21.387012191346358,116033
2009-06-10,22.12548065185547,22.261702649781117,21.69530253880445,21.939070090616745,255005
2009-06-11,22.168500900268555,22.24019748956897,21.84586693216604,22.118313698007874,136328
2009-06-12,22.240196228027344,22.462454411502538,22.10397285283349,22.154160052247377,203542
2009-06-15,22.584341049194336,22.84961803782085,22.010771029865108,22.010771029865108,321359
2009-06-16,22.412269592285156,22.605849982724465,21.824359992431347,22.261706610554995,230846
2009-06-17,22.333404541015625,22.58434194726276,22.089636931232565,22.577172150798688,498539
2009-06-18,22.354909896850586,22.763578649073548,22.11831212622158,22.297552902985938,577764
2009-06-19,21.845867156982422,22.5054733238366,21.329654170204737,22.5054733238366,268963
2009-06-22,21.035696029663086,21.903220665135603,20.95682965643886,21.903220665135603,212631
2009-06-23,20.9926815032959,21.967750456421218,20.935324506053234,21.1145652933739,231000
2009-06-24,21.24361801147461,21.387011191705106,20.877968000134405,21.15041340157389,263012
2009-06-25,20.94249153137207,21.45870583947755,20.648536769255823,21.45153604436513,230681
2009-06-26,21.2364501953125,21.695306197277798,21.085887214980914,21.293807195558163,119779
2009-06-29,22.211517333984375,22.440945315697792,21.336822811827314,21.336822811827314,158866
2009-06-30,22.118310928344727,22.41943547170058,21.78133741107834,22.13981894519252,128176
2009-07-01,22.641693115234375,22.79942449428975,22.12548021037257,22.12548021037257,200374
2009-07-02,22.046615600585938,22.641694926324572,21.688134046104867,22.40509715506701,307928
2009-07-03,22.663209915161133,22.935655362226967,21.73115682256971,21.946246628936475,205195
2009-07-06,21.731157302856445,23.086218873668948,21.516068859234892,23.086218873668948,418275
2009-07-07,21.200603485107422,21.695308519873738,20.971175459563305,21.229282672049887,934348
2009-07-08,20.591182708740234,21.322485504386343,20.476468705599526,21.22211109351292,286881
2009-07-09,20.82061195373535,21.107396959813226,20.519487355478887,20.791932769378175,302486
2009-07-10,20.555334091186523,21.286636851099377,20.505146888202084,20.913815675359643,239804
2009-07-13,21.300973892211914,21.343992664522705,20.50514574944325,20.50514574944325,192778
2009-07-14,21.931901931762695,22.118312506905824,21.315313211481474,21.508893581918407,203040
2009-07-15,22.512643814086914,22.605849794261577,21.960581831510087,21.960581831510087,163103
2009-07-16,22.233030319213867,22.591511940547534,22.175673314500436,22.584342144020997,220642
2009-07-17,22.39792823791504,22.584338817652643,22.225857249118476,22.577169022182122,143550
2009-07-20,22.6345272064209,22.97866920207632,22.491135391980507,22.498303820328605,139873
2009-07-21,23.444690704345703,23.5235570721381,22.555655378772506,22.569994967007197,172488
2009-07-22,23.502050399780273,23.616764390563322,23.021686418062913,23.444694771887388,148517
2009-07-23,24.025428771972656,24.35523382844758,23.38733214367896,23.502046113540786,205060
2009-07-24,24.2763729095459,24.91446968104355,23.982418124867298,24.01826573568227,204302
2009-07-27,23.75299072265625,24.434106285019887,23.559410337458324,24.434106285019887,131533
2009-07-28,23.45903205871582,24.376743894852396,23.380165684985894,23.94656715541263,160831
2009-07-29,23.96807861328125,24.262033398937813,23.588089014383044,23.588089014383044,147786
2009-07-30,24.305051803588867,24.348067842057088,23.81751664430173,24.29071221243367,171270
2009-07-31,24.49146270751953,24.57749752538621,24.07562547533262,24.376748705364776,155612
2009-08-03,25.15106201171875,25.531051506258354,24.59182904173979,24.620508216609817,182614
2009-08-04,25.100881576538086,25.73180998719161,24.634857116223955,25.09371314760918,164424
2009-08-05,24.971826553344727,25.81067208325174,24.677869051243686,24.914468191472164,177030
2009-08-06,25.007675170898438,25.473699572426252,24.857110832407376,25.409172780215037,216083
2009-08-07,24.864276885986328,25.12955242834349,24.28353587542379,24.778242092383397,202251
2009-08-10,25.014842987060547,25.2657817217428,24.512968252693305,24.864281387249555,251469
2009-08-11,24.512964248657227,25.16540047626417,24.412589865178745,25.02201006272167,190731
2009-08-12,24.842771530151367,24.95031434991569,24.448439652690972,24.620511993309787,252700
2009-08-13,26.169153213500977,26.66385676910242,24.98616300163151,25.022013344716246,221793
2009-08-14,25.846521377563477,26.463110132919624,25.59558536549872,26.463110132919624,210078
2009-08-17,25.703125,26.169152090124328,25.445020591851105,26.090285714718945,312798
2009-08-18,25.76048469543457,25.767653123117523,25.14389598480674,25.767653123117523,144664
2009-08-19,25.30879783630371,25.760485372116577,24.94314784492958,25.74614578137679,109000
2009-08-20,25.82501220703125,25.954065788912366,25.552565452504744,25.717466643797888,107837
2009-08-21,25.997081756591797,26.16915411030493,25.7031269842047,25.825012137875937,142754
2009-08-24,25.846521377563477,26.14764732703859,25.54539816308577,26.02576216760899,220983
2009-08-25,25.100881576538086,25.538229586138904,24.548822294088644,25.466534356859093,344061
2009-08-26,24.756732940673828,25.13672521235744,24.455609776128995,25.09370644528091,195349
2009-08-27,24.21184730529785,24.84277567962089,23.77449932088066,24.84277567962089,230993
2009-08-28,24.455615997314453,25.065033643443144,24.37674960511006,24.37674960511006,241332
2009-08-31,24.405426025390625,24.591835239028743,24.14731885650912,24.520140018782698,140632
2009-09-01,24.097129821777344,24.907298876898796,23.9824158371139,24.67786817257478,200889
2009-09-02,24.025428771972656,24.183161506156456,23.573744054077412,24.183161506156456,232063
2009-09-03,24.44127082824707,24.771073179494298,23.953735728578547,24.283538079825775,195245
2009-09-04,24.77824592590332,25.022013491322983,24.477119999209755,24.477119999209755,163975
2009-09-07,25.122394561767578,25.595590227982473,25.043528161565444,25.34465143324859,619096
2009-09-08,25.022014617919922,25.16540505756631,24.871450280295498,25.16540505756631,236931
2009-09-09,25.093708038330078,25.143895235606966,24.806921709607455,24.957486036435252,244099
2009-09-10,26.47028350830078,26.663863925928943,25.11522331990157,25.165410531694288,533334
2009-09-11,27.180068969726562,27.280443358586496,26.527632707140025,26.527632707140025,289321
2009-09-14,27.230257034301758,27.230257034301758,26.405751145893028,26.778569535001374,246268
2009-09-15,27.603078842163086,27.73930084405791,27.058188099586655,27.244597298758368,309590
2009-09-16,27.96156120300293,28.728711509516312,27.93288202229283,27.93288202229283,476049
2009-09-17,27.617422103881836,28.320045694170418,27.49553694072089,27.96156410310497,312382
2009-09-18,28.09061622619629,28.262685849313833,27.244599496709213,27.459687893104817,409602
2009-09-21,27.294790267944336,27.95439786949183,27.12272062232165,27.811004674807794,230805
2009-09-22,27.854015350341797,28.090614486219785,27.517044553026878,27.610247786860167,159337
2009-09-23,27.710622787475586,27.789486425040163,27.373649281075156,27.45968408068913,239306
2009-09-24,27.230257034301758,27.803826942541978,27.02950825016695,27.531382945501036,187962
2009-09-25,27.01517105102539,27.330633844721987,26.850269858752352,27.158564224522863,184828
2009-09-28,28.03325843811035,28.183822780180066,26.656690484882255,27.036680084159247,267710
2009-09-29,28.520793914794922,28.750221909489298,27.445349164040994,28.176651922753358,312390
2009-09-30,29.008333206176758,29.696617287989667,28.535137558055652,28.535137558055652,377563
2009-10-01,27.983068466186523,29.209077425998007,27.897033661374234,29.209077425998007,261907
2009-10-02,27.395160675048828,27.71062620419186,27.215919891671124,27.646099412775996,213520
2009-10-05,28.269851684570312,28.363057641608336,27.215915185362128,27.359308334267507,208926
2009-10-06,29.316627502441406,29.452852273348874,28.55664819105366,28.55664819105366,291737
2009-10-07,29.223411560058594,29.78264457676267,29.080021143721176,29.287938341409184,236623
2009-10-08,29.495861053466797,29.825663418114896,29.295112263680497,29.48152146348247,245020
2009-10-09,30.133962631225586,30.220000185024627,29.474357795418406,29.51737383732035,275573
2009-10-12,29.918872833251953,30.478103232098594,29.854346038385227,30.112453217852124,222597
2009-10-13,29.33095932006836,30.04075396847254,28.678523030523824,29.897360806320503,228489
2009-10-14,29.517372131347656,29.940380507253415,29.424168889281795,29.495864111639754,171156
2009-10-15,29.395484924316406,29.92603878244664,29.323789713621743,29.81849323140767,131390
2009-10-16,28.72870635986328,30.298854299828275,28.66417958233065,29.4313297513315,229934
2009-10-19,29.45284652709961,29.538881336415173,28.900784591913283,29.00832741980842,164195
2009-10-20,29.531715393066406,29.87585742615047,28.915129293164394,29.538886557191898,212647
2009-10-21,29.09436798095703,29.64642723838988,28.34872559624602,29.54605282794754,146976
2009-10-22,28.363059997558594,28.857763530627555,27.961559694272662,28.829084351464903,189798
2009-10-23,28.09061622619629,28.85059814412459,27.954394213311787,28.542303773125198,131295
2009-10-26,27.2661075592041,28.33438384983041,27.2661075592041,28.320044258714923,143418
2009-10-27,26.93630599975586,27.359314378225438,26.556316395960245,27.101207200176553,226241
2009-10-28,26.87894630432129,26.986489122249147,25.918215695181843,26.93630192688341,272024
2009-10-29,27.366483688354492,27.423842056434736,26.25519128927625,26.584996435742603,274054
2009-10-30,26.484609603881836,28.205321726910046,26.377066805565402,27.316286491846284,348071
2009-11-02,25.89670753479004,26.498956674436194,25.581244741641022,26.334055482449394,381940
2009-11-03,26.083118438720703,26.34122559325955,25.129556199451862,25.588412147522178,265148
2009-11-04,27.20875358581543,27.31629642323121,26.420092436445444,26.599333233802597,202711
2009-11-05,27.316293716430664,27.54572169551376,26.41292139066564,27.14422409961697,156769
2009-11-06,27.624582290649414,28.01891411117249,27.058183624346285,27.61024270308524,116427
2009-11-09,27.954397201538086,28.06911120754475,27.603084019706497,27.875530809596444,161233
2009-11-10,27.387989044189453,28.234005661593514,27.101202730324797,28.17664730482179,133082
2009-11-11,28.28419303894043,28.578147781801533,27.509871627503177,27.574398411789616,201879
2009-11-12,28.678525924682617,28.950972686766363,27.96156277656555,27.98307079580991,147042
2009-11-13,28.85777473449707,28.94380957039051,28.269865008395367,28.850606304421838,149010
2009-11-16,29.23775863647461,29.48869739932421,28.993991037276544,29.373983395877918,155742
2009-11-17,28.24834632873535,29.101531405794688,28.22683557662662,28.958138243390515,269630
2009-11-18,28.355886459350586,28.821913509205892,28.355886459350586,28.621162006885214,142375
2009-11-19,27.954397201538086,28.49928804632034,27.861191216970905,28.49928804632034,189120
2009-11-20,27.940053939819336,28.492115875916305,27.775152748776964,28.162310758834273,213345
2009-11-23,29.101530075073242,29.237752068879804,28.09778071913943,28.09778071913943,153722
2009-11-24,29.395484924316406,29.768306036922006,28.800404282562184,29.008324222572476,225971
2009-11-25,30.21282196044922,30.35621511493816,29.474350907077042,29.667931255387572,253095
2009-11-26,29.166059494018555,30.19848538641845,28.88644431909757,30.19848538641845,180646
2009-11-27,29.037010192871094,29.24493018151577,27.88987014344807,28.341554999472226,157544
2009-11-30,28.535131454467773,29.230586551813204,28.147970715636472,29.18039935251995,181282
2009-12-01,29.62491798400879,29.62491798400879,28.67135838951493,28.8219199989091,206672
2009-12-02,30.349048614501953,30.39206464908141,29.63925395897267,29.854342336861293,204262
2009-12-03,30.599987030029297,30.736209042012582,30.205657850079927,30.736209042012582,145319
2009-12-04,30.406400680541992,30.62866019484803,29.91886562238454,30.542622665763687,108377
2009-12-07,30.263010025024414,30.49960914698834,29.947547264069527,30.219993991937894,113527
2009-12-08,29.61774444580078,30.485269075967818,29.445672111182347,30.055089606920223,117228
2009-12-09,29.058513641357422,29.495861571064037,28.79323805948513,29.3596395663182,125185
2009-12-10,29.438507080078125,29.531710317709408,28.879273979303992,29.137381143507856,107307
2009-12-11,29.89736557006836,30.341881982070078,29.438509566066905,29.438509566066905,95248
2009-12-14,30.478099822998047,30.585645380745657,30.19848465485083,30.270182605014952,122337
2009-12-15,31.187894821166992,31.187894821166996,30.4350841138624,30.614324888696693,301488
2009-12-16,31.402986526489258,31.546379708527514,31.281104099505097,31.395818098136207,220935
2009-12-17,31.682601928710938,31.969388294611356,30.693194709849205,31.04450513632986,179924
2009-12-18,32.055423736572266,32.35654970014983,31.575059709552452,31.618075750779578,314991
2009-12-21,31.53921127319336,32.74370689105468,31.152050502275006,32.74370689105468,142973
2009-12-22,31.48902130126953,31.575058851380458,31.331291262727756,31.54637966801015,109891
2009-12-23,31.53921127319336,31.57505888494562,30.965638545167298,31.338459724385253,99540
2009-12-28,31.47468376159668,31.54637898346924,31.4316649874747,31.539210555280945,39509
2009-12-29,31.532039642333984,31.546379233821778,31.388646462453494,31.5248712140888,62225
2009-12-30,32.076927185058594,32.076927185058594,31.338453403912688,31.539204912232375,57883
2010-01-04,32.26692581176758,32.90860812899384,31.585810304348847,31.904858672271786,175457
2010-01-05,31.969388961791992,32.40673694816844,31.668262997812498,32.40673694816844,122509
2010-01-06,31.331289291381836,32.09843962078547,30.908280935776325,32.09843962078547,186449
2010-01-07,31.42090606689453,31.53203446392787,30.743376206600143,31.066010124596747,152821
2010-01-08,31.747129440307617,31.86901460581339,31.52128701819073,31.68260264327457,192174
2010-01-11,32.04108428955078,32.3171166519963,31.90486226671896,31.96222063527818,137193
2010-01-12,31.392227172851562,32.22031862404285,31.162799214642746,32.119944234201114,216249
2010-01-13,34.05933380126953,34.22064940936474,31.363550936898342,31.43883173634259,545383
2010-01-14,35.06308364868164,35.72269120035525,34.43574086249627,34.59347363822207,545780
2010-01-15,35.145530700683594,36.091921752623904,34.90176314275975,35.35703349763371,395765
2010-01-18,35.077423095703125,35.331944696847515,34.61498151559657,35.331944696847515,163998
2010-01-19,35.095333099365234,35.34985459049336,34.629306138992085,35.059485502797216,219075
2010-01-20,33.5502815246582,35.0666651564926,33.3782173820307,34.84440561060907,312520
2010-01-21,34.195556640625,34.751204166452304,33.869339835105016,33.984053827760015,380809
2010-01-22,33.74745559692383,33.87650918404379,33.3387868160431,33.63991002932473,362047
2010-01-25,33.96612548828125,34.234986639903525,33.12369442686419,33.43915719350205,209542
2010-01-26,33.55387496948242,33.8083965602646,33.33878657086343,33.715193319694706,255318
2010-01-27,33.697261810302734,33.86574855695375,33.15595396648705,33.55386865985527,239135
2010-01-28,33.374629974365234,34.03423741331247,33.19538920894437,34.03423741331247,238920
2010-01-29,33.127281188964844,33.59689114200704,32.557294105007806,33.37463159747707,180970
2010-02-01,33.03767013549805,33.28143503159529,32.73654412767556,32.865597740314065,179971
2010-02-02,33.421234130859375,33.73311131049336,32.72936467092856,32.90501985422792,263228
2010-02-03,33.772552490234375,34.38555572131204,33.44633564404578,33.72595086506391,210286
2010-02-04,32.808231353759766,33.77613321224423,32.603891502806945,33.67575881247486,221654
2010-02-05,31.54279136657715,32.66842323432881,31.09468942129393,32.600313598443876,461523
2010-02-08,31.661087036132812,32.08409532976875,31.402979909846906,31.64674744745061,267701
2010-02-09,31.75787353515625,32.08409852643023,31.47109540792379,31.668258618205233,202194
2010-02-10,31.736377716064453,32.47126613882229,31.70411568272274,31.808075681820046,294199
2010-02-11,32.47842788696289,32.66483982458405,31.818823147681066,32.04825112090928,261118
2010-02-12,33.008975982666016,33.500088399513935,32.59672172557538,32.59672172557538,310004
2010-02-15,33.127281188964844,33.62198474098646,32.93370082469625,33.37463159747707,110211
2010-02-16,34.07008361816406,34.1883831748757,33.23123544829609,33.467834561719364,282953
2010-02-17,34.457244873046875,35.037983188184455,33.80839145854554,34.4357341219328,405488
2010-02-18,34.55762481689453,34.65799922157265,34.066504068293845,34.52177720593769,218377
2010-02-19,34.82289505004883,34.82289505004883,33.58613488527134,34.306680779882306,301163
2010-02-22,34.417808532714844,35.04515113861113,34.38554377649903,34.98062436117622,162654
2010-02-23,33.71876907348633,34.66874559713906,33.650659448165605,34.57553417118413,177520
2010-02-24,33.496517181396484,33.73311358413469,33.09501685751088,33.71160556615773,222694
2010-02-25,32.82257843017578,33.72595370412437,32.73654360146569,33.242004032008005,149470
2010-02-26,32.9731330871582,33.14161164272111,32.55012476268074,32.97671593334232,160364
2010-03-01,33.90876007080078,34.052158695273036,33.15595489852937,33.15595489852937,197165
2010-03-02,34.05933380126953,34.26366818118885,33.697266659659064,34.05574821986821,155593
2010-03-03,34.23499298095703,34.44291296645545,33.83707818405396,34.09518537501785,143956
2010-03-04,34.3712158203125,34.49310099004642,33.88009776446642,34.07009258037747,167476
2010-03-05,35.54703140258789,35.54703140258789,34.48234077371491,34.54328198011576,223017
2010-03-08,35.43231201171875,35.77645667662549,35.267410841240945,35.6975903048759,140053
2010-03-09,36.49342346191406,36.56511867905056,35.36420601453217,35.64382119036065,233958
2010-03-10,36.658321380615234,36.71567700221077,36.09908834382616,36.56511541865089,168477
2010-03-11,36.206634521484375,36.82322319053888,35.97003539894145,36.3787068592426,198671
2010-03-12,36.2783317565918,36.565118090516286,36.05607494604764,36.20663654060927,173551
2010-03-15,35.098934173583984,36.471916599702524,35.03082179553983,36.21380941447995,220726
2010-03-16,35.776466369628906,35.912688399105285,35.184971156248714,35.46458637911994,147114
2010-03-17,35.661746978759766,36.06324457766192,35.24232147276767,35.848156187536155,245317
2010-03-18,35.64381790161133,35.93418705971906,35.38212518671398,35.57929111814328,109430
2010-03-19,35.91984558105469,36.52209461674288,35.790792020907446,35.84098194762855,335556
2010-03-22,36.03456497192383,36.27116411277377,35.2889254106026,35.6760834142704,131881
2010-03-23,35.453826904296875,36.52927158652026,34.643657811222695,36.17795845359516,426686
2010-03-24,36.47908401489258,36.85190516246191,35.44665538008605,35.67608335782145,255869
2010-03-25,37.45415115356445,38.042060639189195,36.737188099388234,36.77303570509764,341581
2010-03-26,37.39679718017578,37.633396328587224,37.02397602010149,37.48283199096298,142740
2010-03-29,37.841304779052734,38.14243064942808,37.27490610988858,37.43980726521452,193085
2010-03-30,37.71942901611328,38.35752573561081,37.68358140821962,37.927348970892545,151754
2010-03-31,38.02055740356445,38.42205777786954,37.72660260264391,38.19979820254033,178288
2010-04-01,38.522430419921875,38.522430419921875,37.51151246948832,37.927352416828505,136981
2010-04-06,39.074501037597656,39.382795484767534,37.755288416102694,38.142449266269246,211923
2010-04-07,39.00279235839844,39.43296910922754,38.85222803411088,39.07448757187093,136906
2010-04-08,38.60129928588867,39.13185326400161,38.42922691231222,38.95978089042516,150267
2010-04-09,38.58695602416992,39.39712513918054,38.42205482996375,38.72317803634093,194588
2010-04-12,38.3575325012207,38.71601411338165,38.214139309356796,38.708845684537394,210451
2010-04-13,38.28583908081055,38.436400708628874,38.006221112722216,38.199801520630544,229265
2010-04-14,39.139015197753906,39.203541985262454,38.30016696014279,38.42205210765766,161120
2010-04-15,38.414886474609375,39.38278562264934,38.321680500317484,39.21788442813128,211136
2010-04-16,38.07073974609375,38.85222963921682,38.02772371023197,38.18545373338718,251389
2010-04-19,37.75527572631836,38.24281084007233,37.619053725562466,37.991874855785916,197235
2010-04-20,38.25715255737305,38.300168594215926,37.76961741650719,37.791125434928624,222997
2010-04-21,37.91301345825195,38.336021840884584,37.697925052760226,38.18545749554266,153737
2010-04-22,37.15303421020508,38.070746265710696,37.023980610524895,37.798302208606,207938
2010-04-23,38.46506881713867,38.79487116451654,37.10283792492989,37.346605471904184,303840
2010-04-26,38.85940170288086,39.41863206202837,38.644313313593145,38.716008531689965,153174
2010-04-27,37.568870544433594,38.78770572410245,37.568870544433594,38.78770572410245,146737
2010-04-28,36.894920349121094,37.8843301896894,36.32851884557134,37.36094745659816,277675
2010-04-29,37.339439392089844,37.58320421939116,36.53643875452003,36.565117934789775,201361
2010-04-30,37.72660827636719,38.22848313597637,37.325110576678206,37.49001180833589,212274
2010-05-03,38.264320373535156,38.71600789814608,37.7122584512323,38.71600789814608,179297
2010-05-04,36.95944595336914,39.51183548387133,36.81605279143134,38.500917657955604,337775
2010-05-05,35.8481559753418,37.346609004510974,35.65816118627205,36.78020748370123,319594
2010-05-06,36.74436569213867,37.03115207934468,34.94120359869969,35.38930561933552,408655
2010-05-07,34.97705078125,36.41456281149032,34.278012731692975,35.63307278775592,366687
2010-05-10,36.2783317565918,37.27491276273095,35.7549490219272,35.7549490219272,354056
2010-05-11,36.41456604003906,36.694181284652814,35.71194234626663,35.962878402971825,219541
2010-05-12,37.98682403564453,38.12385820232308,36.20540463005654,36.34964981807432,224522
2010-05-13,37.9002799987793,38.50610761903254,37.676702559384104,38.22483100092359,158568
2010-05-14,36.9266242980957,38.17433996567591,36.688619347871935,38.131065588022174,218758
2010-05-17,36.26310348510742,36.7751740744553,35.77627835025929,36.7751740744553,272123
2010-05-18,36.42177200317383,36.86171860024356,36.248677222708544,36.75353401854673,216396
2010-05-19,34.47807312011719,36.147703732294,34.47807312011719,35.90248774972016,290584
2010-05-20,32.51634216308594,34.47446295108841,31.9213325670497,34.25809657559734,918337
2010-05-21,32.87335205078125,33.00677657091902,31.737425054721285,32.46946610182164,575176
2010-05-24,32.242286682128906,33.16184467428226,31.953796281895485,33.104148244984586,260752
2010-05-25,30.65198516845703,31.71939514535,30.136310484396596,31.71939514535,564558
2010-05-26,32.20262145996094,32.58486892873306,30.962116503004317,31.041451506239714,446152
2010-05-27,33.14381408691406,33.24838903174133,32.14852528223719,32.32161731272555,287385
2010-05-28,33.34935760498047,33.89748595454752,33.16183805687356,33.522449609581514,308949
2010-05-31,33.24117660522461,33.554909680191194,33.21593390387659,33.385421792033895,48958
2010-06-01,32.36128234863281,33.19069008133236,32.03673137708742,33.19069008133236,337388
2010-06-02,32.043949127197266,32.27834723303565,31.3010900621925,32.0908276478656,373524
2010-06-03,33.08611297607422,33.56212015897708,32.494710195838785,32.541588711513626,211423
2010-06-04,31.73021125793457,33.36738811505795,31.701364423297566,33.01399031733518,302135
2010-06-07,31.463359832763672,31.957398679612783,30.929647990177187,31.57514854030881,272683
2010-06-08,30.781803131103516,32.97792071906797,30.45004115459275,31.741028454710356,440171
2010-06-09,31.66169548034668,31.661695480346683,30.59428286147698,31.156838755475405,246238
2010-06-10,32.772377014160156,32.88056158078365,31.25780958891809,31.380416196593426,497242
2010-06-11,31.809545516967773,32.93465457955177,31.228960682721485,32.88777331574751,422550
2010-06-14,32.91301345825195,33.05726414854048,32.14131036999479,32.41898283796337,326068
2010-06-15,33.19429397583008,33.30608267491317,32.35406841167922,32.786801167240924,251599
2010-06-16,33.374603271484375,33.76766857829075,33.107748717851806,33.64866609501526,361040
2010-06-17,33.68832778930664,34.26891256093573,32.887769768737456,33.56931982402469,382808
2010-06-18,33.8758544921875,34.05255340535703,33.36017979554127,33.569326929527016,409388
2010-06-21,34.460044860839844,35.15963227051937,34.261710124421775,35.065872480781806,213953
2010-06-22,34.135498046875,34.34465070028752,33.818158053252,34.286954270423216,199775
2010-06-23,33.47196578979492,34.26531014264264,33.33132749771053,33.63423439316628,216496
2010-06-24,32.7904052734375,33.969603720694344,32.73270060775986,33.68832717829808,276148
2010-06-25,33.01038360595703,33.2844491708183,32.67140784813515,33.17626459880128,392090
2010-06-28,33.72439956665039,33.72439956665039,32.94187296340722,33.17627108107757,218972
2010-06-29,32.5776481628418,33.13659720112417,32.45504154870128,32.88056331461195,265082
2010-06-30,33.95158386230469,34.831468823334426,33.241178545580816,33.522455163091166,642806
2010-07-01,32.95989990234375,33.89748948683641,32.89859659229476,33.39263271018711,285153
2010-07-02,33.25199508666992,33.630638364673366,32.772381001531734,33.428693999155726,199996
2010-07-05,33.09693145751953,33.5008174308131,33.08250666369675,33.284451025967584,120820
2010-07-06,34.189579010009766,34.290544297873915,33.122169188534016,33.122169188534016,197100
2010-07-07,34.034523010253906,34.063372599564474,33.25921024408244,33.75324639259658,162749
2010-07-08,34.28334045410156,34.53937432822812,33.87585038704062,34.25809775527917,134898
2010-07-09,34.636749267578125,34.734113200236614,34.18958885120626,34.58265697110186,133484
2010-07-12,34.47807312011719,34.918019684550956,34.35545825071028,34.54659020019234,106539
2010-07-13,35.34714889526367,35.44451557092055,34.32662012720959,34.32662012720959,294990
2010-07-14,34.835079193115234,35.48418115839767,34.72689736640023,35.46614947832112,141257
2010-07-15,34.80622863769531,35.39763416253518,34.398738541027775,34.957687592881925,149926
2010-07-16,34.121070861816406,35.33993708934656,34.01649316681039,34.66919928775503,149806
2010-07-19,33.16183853149414,34.23646218449316,33.08611043449137,34.23646218449316,239929
2010-07-20,32.81565475463867,33.641455627515064,32.134099068296024,33.425089223338496,283992
2010-07-21,33.068077087402344,33.46835611653783,32.923834672531804,33.03201648368471,177496
2010-07-22,34.01648712158203,34.07057940266156,32.86252854646042,32.93825663947267,137254
2010-07-23,34.50331497192383,34.690831776928405,33.79290974203048,34.027307811722146,175116
2010-07-26,34.60067367553711,34.76656292198817,34.2148249066548,34.58265025021038,94524
2010-07-27,33.42509078979492,34.950476349287335,33.356573703949536,34.76295952387922,251877
2010-07-28,33.54408645629883,33.83978782858406,33.10414265948257,33.83978782858406,150073
2010-07-29,33.27724075317383,33.6378523829243,33.20871816062496,33.50803197611426,119116
2010-07-30,33.125770568847656,33.38180438792084,32.67861310675134,33.17625595563689,127195
2010-08-02,34.13188552856445,34.16794613518578,33.197900134959,33.197900134959,116926
2010-08-03,34.14631652832031,34.66559541080337,33.854219233722134,33.90831152911057,151376
2010-08-04,34.25088882446289,34.58986183629565,33.86863868165438,33.86863868165438,154661
2010-08-05,34.88557052612305,35.43009489227246,33.60179392238528,33.7532501562816,324359
2010-08-06,34.23646545410156,35.52384872859047,34.1535235773216,35.123569641028965,222294
2010-08-09,34.95048141479492,35.03342330711559,34.362685399648015,34.362685399648015,155511
2010-08-10,34.11024475097656,34.97932553848179,34.085007551278615,34.950475949903065,218047
2010-08-11,32.98153305053711,34.0381250346895,32.18097494463523,33.89748674594975,708815
2010-08-12,32.519954681396484,33.20511728182974,32.285556587662974,33.032022500707825,205379
2010-08-13,32.39012908935547,32.89137892032638,31.914121956661948,32.81565082549421,366760
2010-08-16,32.94186782836914,33.255600898614816,32.455042737555424,33.02480970369204,188322
2010-08-17,33.378204345703125,33.381811231569586,32.815651205437774,33.17626275714588,160285
2010-08-18,33.73521423339844,33.88306354977768,33.09331781080483,33.38181367629409,151606
2010-08-19,33.02840805053711,34.333828473415316,33.02840805053711,34.063369786274535,186235
2010-08-20,32.29277420043945,33.10415040898066,32.271135630696016,33.08251183923722,143287
2010-08-23,32.37208938598633,32.739920178996385,32.094425229070985,32.541582742812096,155249
2010-08-24,31.387630462646484,32.21343126388329,31.091929093966538,32.21343126388329,263768
2010-08-25,30.91523551940918,31.517456266969095,30.615927213287186,31.47418188194296,177016
2010-08-26,30.871957778930664,31.365996637100995,30.796229676802017,31.365996637100995,125741
2010-08-27,30.944076538085938,31.23977790202691,30.233671337200864,30.88277323426535,118456
2010-08-30,30.857534408569336,31.49581572808858,30.734927785539487,31.019808527578995,61154
2010-08-31,31.503036499023438,31.553521913985914,30.349080226668605,30.630356896102047,172145
2010-09-01,32.88777160644531,33.03562365960834,31.18208054951414,31.539085206575685,208231
2010-09-02,32.487491607666016,33.248387791899425,32.440618593496474,32.80844395925233,185369
2010-09-03,32.501922607421875,32.85893007330772,32.36489118949231,32.757956513980055,139125
2010-09-06,32.5776481628418,32.75795394922347,32.42979884865776,32.541587555815056,64982
2010-09-07,32.440616607666016,32.729106965059955,32.33603892189191,32.59928657935748,95228
2010-09-08,32.440616607666016,32.667795404525485,31.611211644842353,32.155733136332685,131206
2010-09-09,32.830074310302734,33.00316630552753,32.35406719656308,32.592069377809075,201750
2010-09-10,33.66309356689453,33.78209605963823,32.76156453322704,32.869749117766446,185598
2010-09-13,33.818153381347656,34.056158343685034,33.70636467244567,33.994846781914,173798
2010-09-14,34.30497741699219,34.40595096691444,33.73881736621289,33.962397528454574,214794
2010-09-15,34.84950256347656,35.19207695845735,34.258099797596834,34.258099797596834,260021
2010-09-16,34.38792419433594,34.84950662627361,34.265314813275324,34.84950662627361,126254
2010-09-17,34.53937530517578,35.00456455484458,34.46725409257122,34.58264968348726,366644
2010-09-20,34.87113952636719,34.87113952636719,34.2184334312275,34.827867896522484,176232
2010-09-21,34.835079193115234,35.22454037228469,34.708865686323676,34.93604999854848,170039
2010-09-22,34.79902648925781,35.1632450498059,34.49250711706332,35.07669076477804,179562
2010-09-23,34.575439453125,34.98653645982609,34.19679892129409,34.94687171470416,138599
2010-09-24,34.961280822753906,34.96850009646366,34.330216155109255,34.56822108273228,369300
2010-09-27,35.1415901184082,35.41205429243862,34.892775513940634,35.28944768194189,147671
2010-09-28,34.899986267089844,35.23174824132958,34.5790421994289,35.08750581861516,152705
2010-09-29,35.05866241455078,35.520244851610556,34.744929312214055,35.15242220684365,187766
2010-09-30,34.97932434082031,35.21372242531254,34.723290441258925,35.058659331071354,184477
2010-10-01,35.375999450683594,35.52024464925511,35.220936343687676,35.23896802522724,276457
2010-10-04,34.95048141479492,35.53828018119045,34.90720977640903,35.37600328349748,273685
2010-10-05,33.785701751708984,34.618713668969136,33.399847448990194,34.60789576114729,446162
2010-10-06,33.828975677490234,34.39874270557009,33.508031551182235,33.89028174471914,222647
2010-10-07,33.39263916015625,34.00207374585372,33.259214606777725,34.00207374585372,162219
2010-10-08,33.338531494140625,33.51163175274099,33.05365629067389,33.39262927987197,311918
2010-10-11,33.46475601196289,33.663090731917784,33.41427061042906,33.63063701003805,109881
2010-10-12,34.72689437866211,34.83507619606966,33.27002334400792,33.53687512844398,454415
2010-10-13,35.275028228759766,35.473365718405944,34.827870594487294,34.97932681317257,275411
2010-10-14,35.57072830200195,35.87724761432112,35.11635691184459,35.52024289767871,147565
2010-10-15,36.035919189453125,36.19098229564179,35.59597257416211,35.91691669490753,250175
2010-10-18,36.05755615234375,36.34243967050163,35.696944521953775,36.04673824363179,86247
2010-10-19,36.21261215209961,37.01317025455307,36.1260661481513,36.23425071652258,225057
2010-10-20,36.26310348510742,36.4217734776869,35.91691666140989,36.06116185909594,117956
2010-10-21,36.580440521240234,36.68141132610595,36.20540413799036,36.37849616026071,161761
2010-10-22,36.66698455810547,36.86892615696371,36.392918994477895,36.76795535753459,110191
2010-10-25,37.106929779052734,37.42426695887899,36.89056339502357,37.063655401747766,173739
2010-10-26,36.87614059448242,37.28723757171792,36.746320206803,37.25838798528961,127567
2010-10-27,36.70304870605469,37.142995304226794,36.54437871950128,36.594866875334986,119340
2010-10-28,36.6814079284668,37.12135446712974,36.421767167862576,36.703043741434534,115200
2010-10-29,37.33050537109375,37.590146119821036,37.07086737361417,37.12856378930484,165453
2010-11-01,37.82815170288086,37.97960789181024,37.503600761426654,37.5396613657554,156248
2010-11-02,37.539669036865234,37.88585586140929,37.38821281698627,37.64063985011788,126984
2010-11-03,37.30887985229492,38.00125353908879,37.2295448514907,37.30887985229492,150891
2010-11-04,37.546878814697266,37.71275981185401,37.31608762289239,37.35935925182579,170725
2010-11-05,37.84257888793945,38.03730946512629,37.15020258530362,37.79209348843708,149917
2010-11-08,37.33050537109375,38.0156678466246,37.33050537109375,37.97960724291197,140706
2010-11-09,38.36186599731445,38.455625795834926,36.99154339018142,37.28724483051658,288392
2010-11-10,37.965187072753906,38.412344665968874,37.683910477808226,38.224827853087774,188936
2010-11-11,37.33050537109375,38.15270199247939,37.16462439301747,37.95075765944278,125254
2010-11-12,37.36656951904297,37.756027899151235,36.01066933094111,36.782377822008925,399846
2010-11-15,36.28474044799805,36.79680826344604,35.09832794516554,36.746322859176416,746285
2010-11-16,35.54548645019531,36.421772776552395,35.45172666081705,36.28474135457513,382643
2010-11-17,35.44090270996094,35.70054346627897,35.26059693487872,35.38320629258347,180994
2010-11-18,36.27031707763672,36.508319314072935,35.63924674824379,35.700550062799515,297004
2010-11-19,36.255889892578125,36.436195689089104,35.91691411473808,36.436195689089104,276014
2010-11-22,36.22704315185547,36.66698977011659,36.183768766842654,36.421773757540635,161652
2010-11-23,35.44090270996094,36.21982497891505,35.44090270996094,35.86642444920488,150776
2010-11-24,36.602073669433594,36.76074363766101,35.31108361271467,35.52023897969664,314943
2010-11-25,37.50360107421875,37.79209141375031,36.61649699434369,36.789588997064406,326907
2010-11-26,37.301673889160156,37.65507180272014,36.537176120108754,37.21512510313625,238974
2010-11-29,36.91941452026367,37.83536831199981,36.78959412450591,37.4963952797418,171989
2010-11-30,35.85921096801758,37.33050390077699,35.700541016434194,36.90498219073323,327285
2010-12-01,37.2728157043457,37.38100028632015,35.823155511879406,36.19819191114312,236770
2010-12-02,38.21761703491211,38.369073240495126,37.17184288690205,37.21511451635545,271757
2010-12-03,38.64314270019531,38.90999452989151,38.03731506571722,38.03731506571722,259388
2010-12-06,38.61428451538086,38.90277209776694,38.22482339034954,38.90277209776694,151165
2010-12-07,39.23454284667969,39.55909108291979,38.58544087170318,38.58544087170318,240542
2010-12-08,38.88114547729492,39.44369873449754,38.77296088879517,39.299456284829034,151973
2010-12-09,38.635929107666016,39.29224215214785,38.48447288615059,39.29224215214785,305791
2010-12-10,40.11442947387695,40.36685921857533,38.72968239338074,38.72968239338074,347388
2010-12-13,40.951045989990234,41.29002172120112,40.30915788290832,40.38849286265961,317186
2010-12-14,40.66977310180664,41.26838963857636,40.4822562928324,41.03759845003208,272872
2010-12-15,40.57600784301758,40.987107515305325,40.00624372080691,40.987107515305325,303157
2010-12-16,41.32608413696289,41.3332979088462,40.20818885361422,40.37406984070809,226888
2010-12-17,41.61457824707031,41.737184867692356,41.09529667444023,41.2395418614206,346656
2010-12-20,41.83094787597656,42.01846470762995,41.29724146838898,41.4126370766176,182378
2010-12-21,42.57381057739258,42.79739079115081,41.71555583965685,41.71555583965685,225907
2010-12-22,42.98490524291992,43.5690970746138,42.73247820214081,42.73247820214081,265238
2010-12-23,43.020965576171875,43.15078597406924,42.94884160442434,42.98490221467401,98111
2010-12-27,42.44398498535156,43.201271560014426,41.93913093724061,43.201271560014426,137935
2010-12-28,42.68920135498047,42.977691743166396,42.31416495083805,42.67477656044635,81339
2010-12-29,42.55937957763672,42.94162974229564,42.451197749005374,42.775748737395716,83486
2010-12-30,43.395999908447266,43.395999908447266,42.393500070960854,42.55217006005882,76165
2011-01-03,43.785457611083984,43.9729771743584,43.28060084620798,43.489756223995585,198360
2011-01-04,43.27338409423828,43.98018237096112,43.172413304884685,43.63399562835693,195851
2011-01-05,42.328582763671875,43.230111638993925,41.15299109115032,42.91277446532977,277070
2011-01-06,43.12193298339844,43.843156136485895,42.516105424755054,42.516105424755054,253076
2011-01-07,43.67005920410156,43.879214568426846,42.72525868119747,42.732469701821714,274019
2011-01-10,42.84787368774414,43.6123713323875,42.75411389376703,43.273395520411455,164476
2011-01-11,43.72055435180664,43.83594996626256,42.77575361821397,43.11472668810096,258819
2011-01-12,45.2206916809082,45.63899967379646,43.75660682767942,43.879216192813395,338760
2011-01-13,46.9804801940918,47.420426799273365,45.300031519154466,45.59573292983004,886594
2011-01-14,46.583805084228516,46.77132466190866,46.02846562657517,46.612654673294415,302466
2011-01-17,46.648712158203125,46.69919755708393,45.88421465176147,46.518891775010246,178952
2011-01-18,47.93248748779297,48.24982741869632,46.75689579307615,46.87950240183583,350716
2011-01-19,46.30973434448242,48.141641669042066,46.15106713417452,47.93970008251504,222338
2011-01-20,44.737464904785156,46.36743053825371,44.54994812236057,46.34579472715599,503235
2011-01-21,44.67978286743164,45.40100614938777,44.607658888486945,44.780753686705744,262203
2011-01-24,45.35051345825195,45.47312007589945,44.58601591167708,45.16299389435244,276894
2011-01-25,45.77603530883789,46.446773074525375,45.624576352756684,45.79767112345747,290341
2011-01-26,46.54053497314453,46.80738955385444,45.877010910429604,46.20877294178707,193064
2011-01-27,45.855377197265625,46.87951292833145,45.855377197265625,46.64872170016877,183182
2011-01-28,45.711124420166016,46.54052939922613,45.5668792386453,46.19434536557321,166142
2011-01-31,45.10529708862305,45.379359908536166,44.36243536294272,45.379359908536166,208371
2011-02-01,45.01875305175781,45.75440108232101,44.69420479669173,45.43706384906266,215354
2011-02-02,44.0090446472168,45.70391824591616,43.78546444112837,45.14857599305016,345747
2011-02-03,44.492252349853516,44.6292865005801,43.56908765600111,44.06673060792196,193603
2011-02-04,44.254249572753906,44.65092172496369,43.814303044372096,44.49946553523323,132606
2011-02-07,44.98990249633789,45.422635301507036,44.174919536979665,44.643715701952964,200593
2011-02-08,45.36494064331055,45.4370618632291,44.896144460095414,45.35772687056978,162671
2011-02-09,45.50918197631836,46.11500956314367,45.23511914629481,45.37215056130658,182272
2011-02-10,45.01875305175781,45.52360986699706,44.686991023635684,45.35772885293599,209525
2011-02-11,46.280887603759766,46.37465013361904,44.67977410275117,45.06923525890783,192274
2011-02-14,46.367435455322266,47.002109825638904,45.725547313043,46.51889165156275,235284
2011-02-15,45.58130645751953,46.41792525336253,44.78795929256183,46.33137648909563,309963
2011-02-16,45.25675582885742,45.99961484493168,45.09087482290143,45.6606418115643,270465
2011-02-17,43.16521453857422,45.30003765361102,42.3935058073991,45.292823879722306,778680
2011-02-18,44.72304153442383,44.881711490841376,42.99210781042748,43.48253972003837,467966
2011-02-21,43.50418472290039,44.93220637861168,43.23011912698158,44.71583996130663,243363
2011-02-22,43.41763687133789,43.634003279499,42.927204878840364,43.201270463176776,199370
2011-02-23,41.73719024658203,43.37436741461736,41.268396767540104,43.37436741461736,386668
2011-02-24,41.64342498779297,41.83094179217432,40.64092252000123,41.54245143793602,345285
2011-02-25,42.55216598510742,43.093083349324885,41.89585302657348,41.98961280672061,261940
2011-02-28,42.371864318847656,42.645929913727585,41.86700751288407,42.631505119128825,183988
2011-03-01,42.24203872680664,43.16520345767656,42.0040365233002,42.948837067784915,162447
2011-03-02,41.43426513671875,42.01124303153755,41.20347397879123,41.94633284641746,255676
2011-03-03,42.054527282714844,42.22040829448275,41.4919712957973,41.90306831436304,214167
2011-03-04,41.867008209228516,42.87672183794953,41.76603739660607,41.97519279489444,266744
2011-03-07,41.85978698730469,42.22039851665518,40.87170941598604,41.60014624597271,238653
2011-03-08,41.89585494995117,42.18434532461052,41.41263398508397,41.83094475321522,162742
2011-03-09,42.29973602294922,42.77574316010846,41.93912447203319,42.047306286559326,201182
2011-03-10,41.318870544433594,42.4007051547705,41.11692621298894,42.19154980313925,189573
2011-03-11,40.78517532348633,41.354942366460605,40.62650807510941,41.1097263448798,187074
2011-03-14,39.9990348815918,40.71304700426626,39.45090650303456,40.53274121837602,340605
2011-03-15,37.719966888427734,38.94604668620599,37.0131685935315,38.94604668620599,688369
2011-03-16,38.138282775878906,39.29945254340278,37.88585301049435,37.88585301049435,527712
2011-03-17,38.90277862548828,39.61679080785391,38.030099209123314,38.15270858442772,344833
2011-03-18,39.32108688354492,39.7538196776172,38.93162571813107,39.16241690846935,280419
2011-03-21,40.40292739868164,41.607368923574164,39.9701917914685,41.607368923574164,247379
2011-03-22,39.349937438964844,40.29473803790866,38.5061048931259,40.25146640818487,332338
2011-03-23,39.48696517944336,40.02788251066861,37.89306277039909,39.06865445603021,334783
2011-03-24,41.650638580322266,41.99682537603492,39.34272385765652,39.60957566349268,366435
2011-03-25,41.26117706298828,41.98961400834583,41.001536280534026,41.830944029902,241129
2011-03-28,40.70583724975586,41.22511884477166,40.4317744090515,41.22511884477166,272123
2011-03-29,40.951045989990234,40.97268455344369,40.100002527427236,40.94383496967091,223384
2011-03-30,41.802101135253906,42.24926155495965,41.43427846872022,41.61458429081974,243751
2011-03-31,42.169918060302734,42.458405666813434,41.65784753771872,42.141068474277276,247786
2011-04-01,42.537742614746094,42.782958604776766,42.191555820217154,42.26367703735932,162126
2011-04-04,42.696414947509766,42.94884197266995,42.191558145941165,42.696414947509766,156101
2011-04-05,42.18434524536133,43.006539234973324,41.931915480196594,42.76853426363927,372441
2011-04-06,42.29973602294922,42.631497989492495,42.0617310787457,42.602648405119744,190971
2011-04-07,41.94634246826172,42.667565690034614,41.830946862827986,42.55217008460088,265625
2011-04-08,42.00403594970703,42.27809875591158,41.72275662031624,42.105006746861115,274141
2011-04-11,42.00403594970703,42.37185853237518,41.686696014368046,41.78766681152213,180888
2011-04-12,41.17462921142578,42.03288375838478,40.929413233544935,41.939126730995,261741
2011-04-13,41.35493469238281,41.924701629627606,41.189053701396595,41.189053701396595,118999
2011-04-14,41.2900276184082,41.91749102322056,41.10251079959867,41.25396700916577,159634
2011-04-15,40.33802032470703,41.297245905306234,40.33080655084053,40.89336260873756,237689
2011-04-18,39.8980598449707,40.63370770343517,39.51581249987307,40.38849175061368,194265
2011-04-19,41.02317810058594,41.39821451040737,40.244255691437964,40.244255691437964,323128
2011-04-20,42.38628387451172,42.42234448092741,41.3765703873849,41.47033016506403,211134
2011-04-21,42.58823013305664,42.84065990809273,42.076162312659385,42.64592931063571,150336
2011-04-26,42.88393783569336,43.09309325825065,42.38629473663336,42.5233261766285,117950
2011-04-27,43.5618782043457,43.92248976977489,42.768531109652734,43.05702146249525,239393
2011-04-28,43.1435661315918,43.95854901456926,42.95604933392553,43.95854901456926,132503
2011-04-29,43.67727279663086,43.76381880000574,42.609862917514604,43.12914168901169,135119
2011-05-02,43.49696731567383,44.17491605737037,43.446481917422375,43.958549671828735,95282
2011-05-03,43.95854949951172,44.18934067668447,42.92720022285004,43.71333352985968,257531
2011-05-04,43.3166618347168,44.31194776532497,43.12914228170514,43.85036540598532,236804
2011-05-05,42.9488410949707,43.68448909058018,42.22761789353963,43.59072930404465,211563
2011-05-06,44.06673049926758,44.2903106516796,42.26367274150298,43.30223577077398,308471
2011-05-09,43.90085220336914,45.07644670375244,43.81430619604737,44.3552235564924,373006
2011-05-10,44.58601379394531,44.65092398586621,43.87200443406335,44.10279561617145,171620
2011-05-11,44.74863052368164,45.41387109918181,44.55644784522778,44.822545203293565,282082
2011-05-12,44.563846588134766,44.911249009432,44.12774315659325,44.452971735161725,159478
2011-05-13,44.305137634277344,44.992554925981665,44.21643944750842,44.992554925981665,151895
2011-05-16,44.14990997314453,44.534272497373685,43.69163277180616,44.201650811053824,226256
2011-05-17,42.856388092041016,43.758161914048884,42.60507421474363,43.536415038707545,318888
2011-05-18,42.8637809753418,43.30727472315825,42.649424442042566,43.22596687813686,214054
2011-05-19,43.43292236328125,43.772937182499,42.804639198033435,43.07812686552983,265981
2011-05-20,43.137264251708984,43.79511446510179,42.84899306333813,43.41075194071926,165763
2011-05-23,42.33158874511719,42.945088560148925,42.072881693752045,42.76769217831563,236852
2011-05-24,42.26506042480469,42.76029499884891,42.168969082204924,42.250276924430544,174609
2011-05-25,42.6494255065918,42.863782045241464,41.7772186704062,41.98418204859785,186724
2011-05-26,42.44985580444336,42.87117575438743,42.14680105413859,42.64942885752183,207462
2011-05-27,42.900733947753906,43.255529473799726,42.501587923578285,42.7233347748989,208199
2011-05-30,43.27031707763672,43.47728044921251,42.900738017157416,42.900738017157416,77580
2011-05-31,44.18687438964844,44.57863013613931,43.61033192078498,43.71381361317948,289635
2011-06-01,44.460357666015625,45.14038171598659,44.16469331927613,44.512098503745406,264458
2011-06-02,43.80990219116211,44.142523909705446,43.322057943853366,44.12034724869291,131647
2011-06-03,43.52901840209961,44.38644165269842,43.10030818663234,44.05381995641779,146749
2011-06-06,43.28510284423828,43.713813110610225,43.02639579656169,43.38858453544307,80964
2011-06-07,43.11509704589844,43.580764658912365,42.967264849212356,43.240752580299606,135089
2011-06-08,42.66420364379883,43.11509050645443,42.3167984572286,43.09291384753314,202819
2011-06-09,42.945091247558594,43.092923454780454,41.89548793364654,42.649429652779695,285610
2011-06-10,42.383323669433594,43.240746914263184,42.10983597418271,42.94508255963329,130806
2011-06-13,42.3685417175293,42.708553764009906,41.88808782862,42.18375219405101,98712
2011-06-14,42.59768295288086,42.97465235084244,42.32419242019862,42.83421332408508,191248
2011-06-15,42.54594039916992,42.91551944176974,42.39810821819713,42.590288079696734,308717
2011-06-16,42.70116424560547,42.70116424560547,41.93243913642044,42.146795664500495,265209
2011-06-17,42.50897979736328,43.05595801537832,41.836346059609184,42.39810777753428,271841
2011-06-20,42.18375015258789,42.472021344116975,41.762430285020116,41.98417713852986,180201
2011-06-21,44.068599700927734,44.34948053381449,42.294622171373575,42.294622171373575,298504
2011-06-22,43.632503509521484,44.00947573481558,43.61772000856245,43.905994047766846,119374
2011-06-23,43.10770034790039,43.63989508443341,42.75290479676651,43.24074903203365,133582
2011-06-24,43.610328674316406,44.105563256670564,43.21118261650998,43.30727396072214,205441
2011-06-27,43.52162551879883,44.667319899336185,43.37379334912792,43.38857684806142,346655
2011-06-28,43.706417083740234,44.0612126158563,42.98943285986122,43.713807423722876,273461
2011-06-29,44.31252670288086,45.02950811085995,43.95033800921634,43.95033800921634,351044
2011-06-30,45.1255989074707,45.384305919744115,43.90598980274482,44.497315685611696,239648
2011-07-01,45.96085739135742,46.345219996140614,45.15517483549099,45.27344003545006,243162
2011-07-04,46.43391799926758,47.675704003537554,46.02738155231766,46.55957635976615,439757
2011-07-05,46.744361877441406,46.85523390631818,45.739106358837255,45.99042023848829,242127
2011-07-06,47.12133026123047,47.50569000323303,46.71479385820373,46.71479385820373,292230
2011-07-07,47.50569152832031,47.76440139069956,46.95132573887924,47.306121310347095,264098
2011-07-08,46.80349349975586,47.85309671185647,46.3821735828237,47.56482548655178,238824
2011-07-11,45.45822525024414,46.47826426487763,44.97777133518063,46.47826426487763,206825
2011-07-12,45.41386795043945,45.43604460851685,43.83207023123724,44.64514574891575,295066
2011-07-13,47.623958587646484,47.77178795805821,45.450834698418774,45.46561537972835,361559
2011-07-14,46.56696319580078,47.39482234944017,46.16781712026014,47.30612134176587,250415
2011-07-15,46.43391799926758,46.53739969634595,45.7243268024461,46.382177150728396,253029
2011-07-18,45.066471099853516,46.34521429834437,44.962989415069714,46.049549924964005,155505
2011-07-19,45.8647575378418,46.15302873310473,44.985160452338945,45.06646829093398,153378
2011-07-20,46.7221794128418,46.92175242362962,46.234335215248514,46.27868571308942,182202
2011-07-21,46.45608901977539,47.00306729637458,45.75389102665648,46.84045159961125,172004
2011-07-22,46.537391662597656,47.2987263961939,46.30825446424143,46.936537699279455,175951
2011-07-25,47.01044845581055,47.232198115238376,46.03476010511869,46.09389409954319,131702
2011-07-26,46.03476333618164,47.121326592850515,46.005199156558405,46.93653707680012,170137
2011-07-27,44.62297058105469,45.53213464199579,43.898596032166594,45.53213464199579,342245
2011-07-28,43.86164855957031,44.41601722042451,42.71595389107128,44.260794672104886,299986
2011-07-29,43.174224853515625,43.211182194878326,41.725475642648156,42.479417249037816,588884
2011-08-01,42.47202682495117,44.67471778410236,42.47202682495117,44.26079102271249,408511
2011-08-02,40.58716583251953,42.36114616761032,40.188019834174504,42.10983233380019,496347
2011-08-03,39.84801483154297,40.41716693223129,39.005375011189834,39.98845386171366,350551
2011-08-04,37.83011245727539,40.380208511621966,37.40879255834541,40.18063548270812,453448
2011-08-05,37.076171875,38.57666198417479,35.80481898269554,36.53658677573844,740295
2011-08-08,34.17497634887695,37.95576857795162,33.583650413011334,36.79529054767019,791476
2011-08-09,34.928916931152344,35.2245784804215,31.107468074125645,34.0234465635836,880861
2011-08-10,34.540855407714844,36.73615572292931,34.182363301596475,36.174394024785826,844272
2011-08-11,35.43524169921875,35.57198697591974,33.099501991872216,35.268932238625766,419151
2011-08-12,36.669639587402344,37.12791689232229,34.88826839766168,35.7641690800035,414073
2011-08-15,37.009647369384766,37.8448968463744,36.824857836755655,37.29052824848707,280849
2011-08-16,35.57567596435547,36.92833366226842,34.95108654091716,36.883985986062,540759
2011-08-17,35.32805252075195,35.790031948048814,34.56672625980106,35.62741909205562,319306
2011-08-18,32.24946594238281,35.37980068008496,31.898364183024928,34.999131922529,588400
2011-08-19,32.2420768737793,32.78535855102637,30.353527624141623,32.15337868759544,519584
2011-08-22,31.562047958374023,32.87035798966488,31.329205738600237,31.672919969366355,399094
2011-08-23,31.270082473754883,32.43425700154275,30.937460777292024,32.15337614456697,285361
2011-08-24,32.437950134277344,32.71144633276789,31.159212449333097,31.628579476768593,319167
2011-08-25,32.441646575927734,33.428416263095755,32.07206754850606,32.89253344052844,297671
2011-08-26,31.990766525268555,32.41578306126362,31.26639181559205,32.23099350819314,232183
2011-08-29,33.021888732910156,33.23624526628513,32.2199028424875,32.522957561524215,79893
2011-08-30,32.903621673583984,33.8090920187083,32.633830551809154,33.55777815724357,208015
2011-08-31,34.24150085449219,34.69238776386282,32.81862202156968,33.18820108568797,234673
2011-09-01,34.115840911865234,34.22301917380968,33.23254721548153,34.22301917380968,254915
2011-09-02,31.783798217773438,33.70930472493231,31.362478327436566,33.70930472493231,258880
2011-09-05,29.87676429748535,31.125943092423107,29.570015877710162,31.052025602379015,252443
2011-09-06,29.01195526123047,30.405261391884306,28.716290895033712,29.95807672159711,324529
2011-09-07,30.845064163208008,31.022463330540692,29.821331535308303,29.891549630581064,259621
2011-09-08,30.45700454711914,31.2183363299254,30.246341825433035,30.870931192685045,278732
2011-09-09,28.476062774658203,30.40525712627076,28.428015700584837,30.194602850628332,328355
2011-09-12,27.28232192993164,27.348846263358805,26.63555867370356,27.223190755587513,426311
2011-09-13,28.956510543823242,29.034121785969397,27.09383227332461,27.814512926962298,387875
2011-09-14,29.023048400878906,29.359366759989086,28.198888526433805,28.57955457621172,247231
2011-09-15,30.390485763549805,30.656574665060887,29.38892408174597,29.525669341911733,291740
2011-09-16,31.74314308166504,31.743143081665043,30.468096539138713,30.82658865413435,529526
2011-09-19,30.072650909423828,31.672926191113245,30.006126561894927,31.007685535488886,351064
2011-09-20,30.272220611572266,30.708315533887408,29.736329310149777,29.736329310149777,178315
2011-09-21,29.215225219726562,30.320265796882946,29.137611137418844,30.205697192932963,196836
2011-09-22,27.648202896118164,28.61650084946525,27.552114390417493,28.346706950440737,229379
2011-09-23,27.348854064941406,28.051054935947192,26.498820986408376,27.947573236577572,254071
2011-09-26,27.293411254882812,28.08800674651308,26.59490710215451,26.727955780737453,163429
2011-09-27,28.331928253173828,28.50193425937295,27.969739582809396,28.21366026312497,386626
2011-09-28,26.938615798950195,28.379974608124385,26.91274537912987,28.10279033019336,319274
2011-09-29,27.2047119140625,27.866258698861486,26.443380034419313,26.846219813169803,246404
2011-09-30,26.173587799072266,27.25645451143165,25.87053309559614,27.138189330066925,320884
2011-10-04,23.531097412109375,25.26072747708252,22.87694373494755,25.149855453997393,457708
2011-10-05,25.079631805419922,25.079631805419922,23.64196968431453,24.09655028690023,256313
2011-10-06,27.071664810180664,27.07166481018066,25.20159576108056,25.32725128184594,304984
2011-10-07,27.474504470825195,27.888434010563692,26.617081211103123,26.975573330927595,283824
2011-10-10,28.446504592895508,28.58694363983857,27.396898452607587,27.718433293896126,207895
2011-10-11,28.147140502929688,28.74585673172397,27.751682591466736,28.383670858444706,174020
2011-10-12,29.22631072998047,29.29283506898842,27.718427592243025,28.088006626806266,211536
2011-10-13,28.856733322143555,29.51458358960451,28.675631915511627,29.226312377540893,203676
2011-10-14,29.658714294433594,30.146558454153606,28.653458978728366,28.871512051604288,176987
2011-10-17,28.723682403564453,30.5604906172367,28.21366154218141,30.128081013093635,181128
2011-10-18,28.546279907226562,28.923252049556137,27.844079274368468,28.420624406225958,197637
2011-10-19,28.60541534423828,29.422184601026856,28.391058846167788,28.81977184230877,143480
2011-10-20,27.80712890625,28.516722875562063,27.681473373769844,28.076922872552363,187954
2011-10-21,29.196744918823242,29.196744918823242,27.73690880074783,27.98452608726397,147937
2011-10-24,30.726802825927734,30.94485593757526,29.285443927849386,29.455449957106804,233585
2011-10-25,29.470233917236328,30.72680330488285,29.41849307359775,30.667672120580693,248910
2011-10-26,28.997169494628906,30.0652526340486,28.712594890629063,29.614365779687372,327357
2011-10-27,30.30548095703125,30.930070430267513,29.821333322083444,30.231566277684692,478045
2011-10-28,30.094825744628906,30.748979500517766,29.566327527291975,30.57527969481329,259685
2011-10-31,28.46497344970703,29.935899116061996,28.402145696182806,29.935899116061996,178484
2011-11-01,26.964492797851562,27.90322411984591,26.062718824665737,27.90322411984591,411211
2011-11-02,28.084308624267578,28.088005203931942,26.812958727145418,27.334063673256182,213502
2011-11-03,25.959226608276367,27.529937263751517,25.833571109276996,26.97926537639669,711617
2011-11-04,27.45602035522461,28.043649528462822,26.24010527927599,26.53576956521778,428540
2011-11-07,27.082752227783203,28.025179929492708,26.7907844410562,27.212104330848494,237029
2011-11-08,26.831438064575195,27.622336994167437,26.787090383823998,27.16405976853089,156285
2011-11-09,26.00358009338379,27.27862658552874,25.7448759070444,27.10862057455369,265089
2011-11-10,25.58226203918457,26.528383495536556,25.39007935607285,25.615522799916775,143231
2011-11-11,27.271242141723633,27.271242141723633,25.47508748920441,25.829883087031508,298991
2011-11-14,26.69838523864746,27.260146878052286,26.310328993990087,27.19362254758761,182399
2011-11-15,26.535778045654297,26.931227533174592,26.240113665222605,26.47294746153902,183355
2011-11-16,25.63030433654785,26.979268316295453,25.530519242331582,26.38794245137797,287060
2011-11-17,24.466129302978516,25.84466024917525,24.344170372778517,25.574866331566618,331645
2011-11-18,24.12241554260254,24.447652521246543,23.74175524583544,24.447652521246543,206163
2011-11-21,22.888029098510742,23.978286092845718,22.851071759996103,23.908067995567155,248199
2011-11-22,22.551715850830078,23.438704805585562,22.50367017520822,22.984122701929817,179904
2011-11-23,22.52214813232422,23.11347549321837,22.341055176613143,22.341055176613143,353825
2011-11-24,23.183691024780273,23.745451286656106,22.581276846412525,22.65888950963892,252658
2011-11-25,22.429750442504883,23.283478494855817,22.174741423672206,23.06542681446309,273933
2011-11-28,24.115032196044922,24.115032196044922,22.839984234747384,22.89911682435206,221854
2011-11-29,23.690017700195312,25.050068783527788,23.656756937506803,24.122418893804042,375602
2011-11-30,26.54686164855957,26.54686164855957,23.42022207198114,23.653057249029253,391907
2011-12-01,26.262285232543945,26.875787781927464,25.8705323591128,26.535775747641406,292064
2011-12-02,26.51729393005371,27.053182365931328,26.461856514699182,26.461856514699182,192218
2011-12-05,27.315587997436523,27.552118355710743,26.775994482401586,26.901658460624496,192529
2011-12-06,26.753826141357422,27.14188525631081,26.583820123469202,26.990356498390106,203398
2011-12-07,26.34359359741211,27.703644581392492,26.06640931659815,27.201016859943373,283653
2011-12-08,24.735923767089844,26.587515435246026,24.735923767089844,26.543164938043578,331053
2011-12-09,25.334646224975586,25.608133945635256,24.577008008137128,24.577008008137128,192034
2011-12-12,24.79136085510254,26.158802074583615,24.698966101903437,25.907488233095492,285316
2011-12-13,24.429174423217773,25.345731699696618,24.22221105935599,24.850494310887463,249174
2011-12-14,23.231739044189453,24.399607362673308,23.139344282740932,24.281342180805773,249856
2011-12-15,23.231739044189453,23.874805794365148,22.862159998395367,23.26130463474025,360302
2011-12-16,23.745458602905273,23.87481073175076,23.250222522731537,23.65306382234922,319129
2011-12-19,23.815675735473633,24.055894231498858,23.582840530899002,23.601319202093,239334
2011-12-20,25.00941276550293,25.101807524784082,23.797193974880493,23.87480523431695,205378
2011-12-21,24.466129302978516,25.752265496792905,24.362647631456543,25.19050664296046,193461
2011-12-22,24.50309181213379,25.024196799374664,24.40330389096863,24.517872492629632,217044
2011-12-23,25.21268653869629,25.21268653869629,24.54005269253622,24.72484224169739,78973
2011-12-27,25.360515594482422,25.526825040221023,25.135072146912243,25.397472935794955,53627
2011-12-28,24.983543395996094,25.634003318186668,24.93180255419661,25.279207765991192,107750
2011-12-29,25.279207229614258,25.279207229614258,24.761796002933522,25.131375047753426,76831
2011-12-30,25.30507469177246,25.43442677840515,25.072238116169608,25.427036439025002,30298
2012-01-02,26.458160400390625,26.517300048319157,25.271817483932043,25.271817483932043,100513
2012-01-03,27.433855056762695,27.496682820683645,26.484036978691083,26.58382208493821,226367
2012-01-04,26.979270935058594,27.515153796026127,26.938617013555902,27.407983991027212,186627
2012-01-05,26.225332260131836,27.14557777845302,26.11076364289901,27.12710615481913,307620
2012-01-06,26.229026794433594,26.628172862878458,26.033150340381347,26.229026794433594,162134
2012-01-09,25.911184310913086,26.465552819371364,25.770745303849377,26.350984229915817,158811
2012-01-10,27.400588989257812,27.555811504745428,25.804007696486387,26.055321549036716,361523
2012-01-11,28.594337463378906,28.871521802738147,27.326680971922702,27.326680971922702,401281
2012-01-12,29.06739616394043,30.031997820105083,28.679336989284874,28.679336989284874,475620
2012-01-13,28.357807159423828,29.318712308885935,27.52994789926316,29.207837444858992,334172
2012-01-16,28.956510543823242,29.108039268725488,28.165611806146842,28.453882939736456,168132
2012-01-17,29.97286605834961,29.987649561504607,29.04891825864916,29.344582682419272,344312
2012-01-18,30.15764617919922,30.40156967541329,29.788067174994172,30.076338347127866,247158
2012-01-19,30.434829711914062,30.9300670320511,30.272216871284677,30.453309789552474,411327
2012-01-20,30.342443466186523,30.675065219243805,29.932210440693336,30.56419036166979,283790
2012-01-23,30.92637825012207,31.16660522167054,30.26113476270548,30.379399958283468,199371
2012-01-24,29.762203216552734,30.6935440882832,29.359363367982677,30.6935440882832,302317
2012-01-25,30.28699493408203,30.286994934082028,29.588496427837697,30.172431975673852,315678
2012-01-26,31.088991165161133,31.45487364061683,30.00242783964882,30.386790395746132,223651
2012-01-27,30.9152889251709,31.192473220101306,30.615927969274228,31.04464103220553,220176
2012-01-30,29.625455856323242,30.627014670942792,29.400012426573966,30.627014670942792,219685
2012-01-31,30.30179214477539,30.53462880176491,29.89895224564273,30.202007020112024,269667
2012-02-01,30.734195709228516,30.941159078692053,30.220472586985043,30.30548265000897,307290
2012-02-02,31.517704010009766,31.59531527972743,30.689847646690005,30.82289634325305,304096
2012-02-03,33.27320098876953,33.94583473825827,31.554657864627746,31.562051024543905,649205
2012-02-06,33.24363327026367,33.3101632603647,32.89253989253875,33.262118992454916,215275
2012-02-07,32.611656188964844,33.55778052094331,32.21990327895945,33.36559782646422,310312
2012-02-08,32.91841125488281,33.454299837167554,32.892540829938,33.0588446624443,214123
2012-02-09,33.336029052734375,33.6723473403678,32.89253532232163,33.17341618873737,239631
2012-02-10,32.522953033447266,33.18819638245159,31.931627178590134,33.1623259644161,278300
2012-02-13,32.63751983642578,33.40254823602906,32.47860075729737,32.67078341188537,335614
2012-02-14,32.33816909790039,32.89253771100726,32.02033086747929,32.622738105980346,200353
2012-02-15,31.765304565429688,32.862960157449336,30.933757552070578,32.60425601559013,405939
2012-02-16,31.358783721923828,31.373567223176142,30.031996205754968,30.77484247161885,369504
2012-02-17,32.81862258911133,33.01080246512388,31.93163225595557,31.93163225595557,397155
2012-02-20,33.1512451171875,33.81648864461973,33.05884470014027,33.225162631160444,391985
2012-02-21,32.51556396484375,33.25472201722364,32.33816479162033,33.25472201722364,206394
2012-02-22,33.00709533691406,33.30645620573262,32.65599645999566,32.92948409526885,388581
2012-02-23,32.75948715209961,33.54668388345922,32.449042099883684,33.00710444179532,334496
2012-02-24,33.9827880859375,34.160192916212516,32.633832400639896,32.97754104212047,353447
2012-02-27,33.56886291503906,34.429982704554725,33.21776115579146,34.422589545175455,279836
2012-02-28,33.7943115234375,34.24150186586937,33.38407852457616,33.546685760890234,218977
2012-02-29,33.65017318725586,34.33759043677701,33.62060618692575,33.97170515193668,243452
2012-03-01,34.63325500488281,34.63325500488281,33.435819583609835,33.631696043486,258521
2012-03-02,34.28583908081055,34.6665134823144,33.779523263257076,34.59629256565784,179383
2012-03-05,33.720394134521484,34.39672452091843,33.439516066671864,34.352368377350835,132298
2012-03-06,31.728363037109375,33.49125680455452,31.66553527105453,33.36929503303777,390238
2012-03-07,31.93161964416504,32.23837082825223,31.443775576559137,31.536170307694068,323644
2012-03-08,33.13275909423828,33.18080335087075,31.950098920981358,32.227288820183844,306590
2012-03-09,33.63169860839844,33.823878502651056,32.984935173621544,33.26211950281164,293811
2012-03-12,33.583648681640625,34.108450246436725,33.37298873973434,33.53560160142375,228738
2012-03-13,34.4632453918457,34.68499225134563,33.80169857357817,33.80169857357817,191576
2012-03-14,34.6776008605957,35.183922324175484,34.633250362173676,34.633250362173676,260279
2012-03-15,34.910438537597656,35.11001157332154,34.47063290363644,34.740432504128684,224334
2012-03-16,34.6665153503418,34.96587347278488,34.6110779299764,34.903045712214116,255351
2012-03-19,34.42628860473633,34.80325798997365,34.296936502922755,34.74043022904482,170661
2012-03-20,33.44691467285156,34.06411120611711,33.14016328697757,34.00128342433529,277900
2012-03-21,33.1512451171875,34.07519289436291,32.40469655388231,33.52082422805766,269898
2012-03-22,32.153377532958984,33.26211468926791,32.05728618990618,33.26211468926791,336942
2012-03-23,32.230987548828125,32.43425714748794,31.60639807264096,32.30120846830411,344005
2012-03-26,33.46168518066406,33.55777651643687,32.37512194750809,32.522954121082215,329424
2012-03-27,34.086273193359375,34.50019987827922,33.83126277521121,34.0012687807553,362866
2012-03-28,32.96644973754883,33.9864886928457,32.82601071530896,33.927357511778936,234767
2012-03-29,32.39360427856445,33.07362837675045,32.34186343716615,32.914709272551534,314661
2012-03-30,32.81492233276367,33.44690213417681,32.515564221479615,32.67078673698511,253978
2012-04-02,33.85714340209961,33.93845125962997,32.97384953104691,33.040373885420394,334636
2012-04-03,34.25627899169922,34.75521008620528,33.85343640866031,33.85343640866031,449980
2012-04-04,32.84449768066406,34.11215418551722,32.641228035119774,34.11215418551722,282015
2012-04-05,33.0994987487793,33.55408222001245,32.619047676549414,33.177104371433884,206053
2012-04-10,31.746845245361328,32.674489575617,31.746845245361328,32.674489575617,248530
2012-04-11,32.097938537597656,32.52295499061238,31.525092726720654,31.70988224371277,250970
2012-04-12,32.76318359375,33.01080088239972,32.027722068204305,32.352950619580156,192097
2012-04-13,32.37881851196289,32.97014438631591,32.20881249931541,32.89253312965059,216552
2012-04-16,32.40099334716797,32.95536190010319,32.03880747159561,32.205116909610474,193199
2012-04-17,33.17341232299805,33.46538007570108,32.23468131067368,32.360336819104226,191763
2012-04-18,32.652305603027344,33.439510714184266,32.51186659158187,33.1290628735362,194553
2012-04-19,32.06468200683594,32.94797578897852,32.06468200683594,32.69296531960472,258264
2012-04-20,32.371421813964844,32.48230229553334,31.732057279415486,32.138593668187326,247005
2012-04-23,30.486572265625,32.19033175637153,30.087429070958613,32.19033175637153,376732
2012-04-24,30.675067901611328,31.125954892998283,30.37570970751491,30.967035753733455,377710
2012-04-25,31.990766525268555,32.16077257573362,30.774845288375403,30.82289801608883,275422
2012-04-26,30.93376350402832,32.27164059996116,30.682449652296857,32.23468326110799,418241
2012-04-27,30.81919288635254,31.029852805629744,29.714152455032735,30.01351054567297,702690
2012-04-30,31.358783721923828,31.687708870710267,30.97072738779269,31.303346297143793,260518
2012-05-02,30.97072410583496,31.787493430736735,30.70831487166542,31.706185592297455,249898
2012-05-03,30.40896224975586,31.336606407993788,30.294393652324548,31.336606407993788,174906
2012-05-04,28.77911949157715,30.40157117446461,28.561066402119035,30.32395991811435,503803
2012-05-07,28.173006057739258,28.516714611820454,27.79233735101364,28.113872069239203,330637
2012-05-08,27.729516983032227,29.48131533412524,27.544727449284533,29.13761232789699,400843
2012-05-09,27.311893463134766,28.00299887066173,26.77230836667942,28.00299887066173,442635
2012-05-10,28.320838928222656,28.553675512453783,27.2010149629758,27.570593978287057,335163
2012-05-11,28.41693115234375,28.45019473098964,27.61864192047705,28.23583821867143,269695
2012-05-14,27.42276954650879,28.32454350062736,27.263844772964045,28.32454350062736,277502
2012-05-15,26.554256439208984,27.914307571780707,26.410120823011447,27.57799207387466,302161
2012-05-16,27.168987274169922,27.519153812365015,25.986204172040654,26.84605574625703,606476
2012-05-17,26.530912399291992,27.472469183688716,26.4530959490976,27.406327427319024,217168
2012-05-18,26.130165100097656,26.488111835289562,26.029005207667314,26.26244860155796,229842
2012-05-21,26.659303665161133,26.842168607945524,26.091256951052713,26.18463668889622,190690
2012-05-22,27.600858688354492,27.7020156011817,26.900525615893585,27.060047081218254,212760
2012-05-23,26.472551345825195,27.312948246375107,26.390846297743543,27.293496359723733,244065
2012-05-24,26.184633255004883,26.729333479022642,26.02122021940596,26.729333479022642,323662
2012-05-25,26.565927505493164,26.659304277086015,25.96675419835044,26.324703931512126,250891
2012-05-28,26.79936981201172,27.21956971941877,26.69042975491965,26.69042975491965,102785
2012-05-29,27.56195640563965,27.70591462272677,26.811047643033824,27.01336449154006,159253
2012-05-30,26.130165100097656,27.410207749629066,26.130165100097656,27.390761801822173,248259
2012-05-31,25.966753005981445,26.600944428596293,25.77221634253275,26.363609461717374,224403
2012-06-01,25.534881591796875,26.23132320904558,25.118573247228532,26.137946440950106,300422
2012-06-04,24.45326042175293,25.134138811204092,24.394900307461093,24.99018356577814,178248
2012-06-05,24.53107261657715,24.752844291031675,24.122545925960747,24.46103929999183,175235
2012-06-06,26.19631004333496,26.274123527983594,25.141921593856917,25.141921593856917,362108
2012-06-07,26.58926773071289,26.962780708561034,26.060130776947688,26.379170762214635,222524
2012-06-08,26.067914962768555,26.235216625295223,25.686621766174934,26.235216625295223,141562
2012-06-11,25.966753005981445,26.916092873497128,25.6866197356723,26.84605955591984,214962
2012-06-12,26.19631004333496,26.59705512922433,25.686621923185673,26.075695283217165,201072
2012-06-13,25.472633361816406,26.655416732780004,25.686621928844367,26.50367835980583,204430
2012-06-14,25.285871505737305,25.601022879420768,25.114681281927165,25.58156802816361,225567
2012-06-15,26.81493377685547,26.908313515338627,25.48430367160747,25.48430367160747,368917
2012-06-18,28.608564376831055,29.281662611981627,27.585302483938413,27.951029432663677,635907
2012-06-19,29.499536514282227,29.686292998215677,28.238939895010674,28.573543159445965,248099
2012-06-20,30.020902633666992,30.26601778797881,29.18050273020777,29.744651992178948,315622
2012-06-21,29.77578353881836,30.42553533264944,29.546231682997877,29.919741749542585,286354
2012-06-22,29.07545280456543,29.445071300381198,28.962621176652576,29.367257817597064,185633
2012-06-25,28.748632431030273,29.452854314138907,28.557987301867183,29.363369097108926,171520
2012-06-26,28.285629272460938,28.880913947528327,28.14556263931495,28.791425777531884,218566
2012-06-27,28.970399856567383,28.97818298548437,27.904339761273924,28.39068142479754,124641
2012-06-28,28.74472999572754,29.34779470703911,28.324533151144735,28.95094130704611,156795
2012-06-29,30.114273071289062,30.269902980097555,29.487864840420254,29.49175640444871,225255
2012-07-02,30.608396530151367,30.92743652504094,29.993654052256613,30.07536799618352,214590
2012-07-03,30.970233917236328,31.083065529827557,30.425530706531443,30.425530706531443,247702
2012-07-04,30.546142578125,30.884634415709833,30.04034615103935,30.775694377480534,164868
2012-07-05,30.312707901000977,30.970239882553592,29.873053089945447,30.355503241088122,128091
2012-07-06,29.203842163085938,30.254341897826265,29.203842163085938,30.017006937480886,187404
2012-07-09,29.04043197631836,29.43339685537763,28.86145860773538,29.43339685537763,209690
2012-07-10,30.044239044189453,30.238775683461963,28.974287528190647,29.28553843320345,185536
2012-07-11,29.351694107055664,30.036461057253867,29.157157434486937,29.958647575583996,169900
2012-07-12,28.76807975769043,29.507316627428192,28.659139712398282,29.324454676198428,442582
2012-07-13,29.838031768798828,29.85359505671498,28.73695363797878,28.94705357225634,231056
2012-07-16,30.215435028076172,30.28157677912485,29.705746967587256,30.005335082044635,163770
2012-07-17,30.05592155456543,30.61229666130158,29.853604683204377,30.320491597665026,267383
2012-07-18,30.752351760864258,30.81460194079085,30.04813008875588,30.347715201964185,247495
2012-07-19,31.98183250427246,32.21916751731451,30.90410048523446,31.048058712809066,347244
2012-07-20,31.199785232543945,32.32420670073255,31.09862535520985,31.904006873400196,209432
2012-07-23,29.8419246673584,30.787373023733796,29.39060112628876,30.787373023733796,180147
2012-07-24,29.647388458251953,30.19598331353139,29.600701555432682,30.114278265203538,162747
2012-07-25,29.717422485351562,29.985884056502982,29.46063560857585,29.56179551440589,129536
2012-07-26,30.50334930419922,30.70955769171252,29.028761044766537,30.005335922643948,182667
2012-07-27,30.74457550048828,30.970238760964346,30.04424523581676,30.970238760964346,139416
2012-07-30,32.040184020996094,32.11410889409743,31.059720661285,31.390432355675184,178412
2012-07-31,31.686134338378906,32.2152743279176,31.522721276613964,32.0596443953955,212901
2012-08-01,31.518827438354492,31.94291589134131,31.398212702302935,31.826195687657528,145932
2012-08-02,29.95086669921875,31.5927536830215,29.95086669921875,31.5927536830215,290062
2012-08-03,31.24258804321289,31.277603216354322,30.343826676796947,30.347718241055034,150991
2012-08-06,32.347557067871094,32.884477205424055,31.215355198415196,31.28149695342797,224932
2012-08-07,32.39813232421875,33.06734493332529,32.0324113111825,32.16469483234599,254156
2012-08-08,31.8612117767334,32.56543348829218,31.592750254252465,32.17636019467629,175894
2012-08-09,31.514938354492188,32.35533813544101,31.332073422430522,32.1374550616429,236990
2012-08-10,30.822389602661133,32.05964290779103,30.542256330798676,30.981908124008743,224716
2012-08-13,29.974212646484375,30.950787631951936,29.87694430442091,30.717335299495787,271968
2012-08-14,29.52677345275879,30.483893445450814,29.067666825201428,30.32048336658984,299931
2012-08-15,28.56576156616211,29.53844483633974,28.19225154662115,29.534556240502543,339613
2012-08-16,29.2933349609375,29.328350140098486,28.698053168046386,28.904261583268088,250019
2012-08-17,29.732988357543945,29.810804818167004,29.480084118420386,29.569578242827202,176169
2012-08-20,29.974212646484375,30.997474536370095,29.768004236252906,30.33605099769623,341475
2012-08-21,30.64341926574707,30.962459308468503,30.195984299292878,30.195984299292878,212909
2012-08-22,30.297138214111328,30.503346583230368,29.764106737253833,30.503346583230368,200908
2012-08-23,30.394405364990234,30.686210321752604,30.188188098640556,30.511125566659068,154107
2012-08-24,30.386619567871094,30.444981147775515,29.803009705613416,30.347712837399236,161267
2012-08-27,30.82628631591797,30.880756353612078,30.33605300827657,30.456664810542893,67819
2012-08-28,31.040271759033203,31.1375400976957,30.5033515982381,30.783484888529156,235320
2012-08-29,31.051942825317383,31.262042788574036,30.78348423481782,31.04805422909723,123151
2012-08-30,30.35550308227539,31.051944772181496,30.102607765982842,31.051944772181496,175178
2012-08-31,30.616178512573242,30.7601337318532,30.083147030164746,30.49556377269774,266561
2012-09-03,30.6395263671875,30.655089657422568,29.931412987659375,30.61229135137465,128672
2012-09-04,29.690189361572266,30.557824325044283,29.63183072794393,30.46444754284456,188388
2012-09-05,29.717422485351562,29.799121598827906,29.3516955415562,29.62015414431342,133948
2012-09-06,30.0598087310791,30.110387199436108,29.53066872213587,29.927522244646205,249586
2012-09-07,30.316593170166016,30.80293483281008,30.114276344599414,30.24655985200951,209619
2012-09-10,30.35938835144043,30.565596720249637,30.13761669482005,30.285463476435762,213468
2012-09-11,30.919660568237305,30.919660568237305,29.962540453455507,30.133724777523003,161911
2012-09-12,32.15302276611328,32.15302276611328,30.783485822296054,30.91966090687538,397860
2012-09-13,31.10640525817871,32.016844320453025,31.009142863564627,32.00128103122145,183650
2012-09-14,31.612205505371094,32.11800198081451,31.54217219290037,31.701693670125678,284062
2012-09-17,31.507156372070312,31.837868075330096,31.172553104755153,31.437123061041707,191243
2012-09-18,31.43323516845703,31.581081967500193,30.97023694877795,31.316511980311283,196576
2012-09-19,31.10251808166504,31.79895958955958,30.970231626606754,31.592748263486563,162782
2012-09-20,30.647296905517578,31.02470442203346,30.29324767931854,30.86907450679372,166464
2012-09-21,30.6395263671875,31.009144862989583,30.425534836947918,30.802936462064583,300965
2012-09-24,29.997554779052734,30.55782135457741,29.740767910866655,30.518914613142442,187632
2012-09-25,29.771886825561523,30.18430653120398,29.60069659657928,30.0792550806711,236743
2012-09-26,28.9859619140625,29.573463449779673,28.966501124203205,29.573463449779673,234411
2012-09-27,28.99763298034668,29.227187774127728,28.826433839274582,29.219404645718203,262948
2012-09-28,28.246721267700195,29.277766116649662,28.246721267700195,29.122136201420616,304594
2012-10-01,28.285629272460938,28.589108956539828,28.087204015832345,28.258394258704435,400560
2012-10-02,28.3439884185791,28.546308190507172,28.05218345277,28.238939936981016,336509
2012-10-04,29.219406127929688,29.254424270761422,28.725284311034418,28.842004527554437,255543
2012-10-05,29.939184188842773,30.07925675520941,29.33223670971701,29.375035011443597,326057
2012-10-08,29.56179428100586,29.760219551200997,29.433399363777895,29.71353264922288,226417
2012-10-09,30.040353775024414,30.39441195751999,29.375038685506983,29.721313738500367,247880
2012-10-10,29.85360336303711,30.308818529765194,29.799124419188495,29.954760310047032,168647
2012-10-11,29.869155883789062,30.22322001817323,29.666844970804664,29.806911623876072,150416
2012-10-12,29.946979522705078,30.14540778420966,29.68630106190939,29.841928044334363,132561
2012-10-15,30.052017211914062,30.26600868828856,29.810793694975555,29.90417044448745,88059
2012-10-16,29.721311569213867,30.304921566726996,29.624043236295012,30.304921566726996,244062
2012-10-17,30.184307098388672,30.269903698685027,29.76410722514856,29.76410722514856,227436
2012-10-18,30.083148956298828,30.301029065414596,29.908067149815636,30.125947258931404,223279
2012-10-19,29.091007232666016,30.098714692846194,28.958729654846625,30.00533791968824,252699
2012-10-22,29.1104679107666,29.382818068245264,28.818662898442,29.122139636316533,218985
2012-10-23,28.24282455444336,29.254423484237222,28.087203540055103,29.246640355642135,254021
2012-10-24,28.24282455444336,28.581325343665586,27.900447042892683,28.43347855269096,207173
2012-10-25,28.277849197387695,28.639687506040158,28.17280070640841,28.340099385421453,191591
2012-10-26,28.277849197387695,28.45682256952633,27.97437248078767,28.168909142033215,237759
2012-10-29,28.01327896118164,28.227270473937097,27.663112380488098,28.227270473937097,123582
2012-10-30,28.141672134399414,28.414022253490025,28.040512246568472,28.133889006200445,100815
2012-10-31,28.647470474243164,28.86146200994493,28.200038484239027,28.402355325670918,406909
2012-11-01,27.90433692932129,28.79142355861677,27.814848766221576,28.686375076050155,345601
2012-11-02,27.74871253967285,28.33621415761792,27.690350940683274,28.0132825491506,269175
2012-11-05,27.779834747314453,28.044404715132448,27.402433164121778,27.68256642044598,203358
2012-11-06,27.752599716186523,27.98604310683783,27.538608209859795,27.63198497244157,285030
2012-11-07,27.558061599731445,28.414021642814458,27.515263300737935,27.974369897619013,298981
2012-11-08,27.095064163208008,27.791505720983547,27.095064163208008,27.686457236896075,172669
2012-11-09,25.558231353759766,26.678761622680145,24.838444708222955,26.49589665862424,1243813
2012-11-12,25.22751235961914,25.783881382896066,25.180825461517443,25.67883883056107,360835
2012-11-13,25.02908706665039,25.367578950932213,24.822877200444136,25.211951999645493,353927
2012-11-14,24.472713470458984,25.11079350513245,24.433805246273412,24.8578952426157,300953
2012-11-15,24.581653594970703,24.694485219112583,24.278176866503433,24.38711692611794,272917
2012-11-16,24.402677536010742,24.75673417507354,24.394895892007547,24.70615423115119,294682
2012-11-19,25.70607566833496,25.70607566833496,24.861787225944877,24.861787225944877,436615
2012-11-20,25.569902420043945,25.698297344903533,25.196392340047712,25.534884273084852,238891
2012-11-21,26.3830623626709,26.562029806938153,25.468740602942994,25.534882358647213,343661
2012-11-22,26.670978546142578,26.694321996570533,26.480330473000944,26.484222037536938,188160
2012-11-23,26.846054077148438,26.951096611092396,26.456980829653535,26.651517453400984,273041
2012-11-26,26.822717666625977,27.001691051203434,26.51924092893403,26.83049782752322,138427
2012-11-27,26.67875862121582,27.07950368371117,26.488113517079917,26.90053030475179,168695
2012-11-28,26.846054077148438,26.846054077148438,26.495887560724363,26.558140705152336,87013
2012-11-29,27.200119018554688,27.281824064931904,26.99001905570155,27.079504262898183,173833
2012-11-30,27.69813346862793,27.943248616986047,27.235135220001766,27.235135220001766,222252
2012-12-03,28.137779235839844,28.635792554783176,27.667000927513932,27.97436917213535,380199
2012-12-04,27.70201873779297,28.130001757419052,27.690347013329315,28.130001757419052,188876
2012-12-05,27.90044403076172,27.91989888175527,27.69423567116147,27.90433559463913,214983
2012-12-06,27.56973648071289,28.16890976684666,27.48803143738473,27.904339782948554,304991
2012-12-07,27.73314666748047,27.772053407054237,27.211789826725287,27.577516740791445,284857
2012-12-10,27.73314666748047,27.822634840054693,27.250696566299055,27.608643319808042,220269
2012-12-11,27.98993492126465,28.056076671668244,27.468575141368945,27.624205059325593,252306
2012-12-12,28.402353286743164,28.511293344954762,27.9938191632678,28.052186693638774,172095
2012-12-13,28.172800064086914,28.42958690751164,27.663112004736313,28.42958690751164,199383
2012-12-14,28.231164932250977,28.32454468542268,28.03273963564866,28.19225818596,160417
2012-12-17,28.993738174438477,29.33223298095681,28.32453465733454,28.371221548996783,329906
2012-12-18,29.176605224609375,29.413940169295337,29.079336901980493,29.273873547238257,158433
2012-12-19,29.157155990600586,29.4139428421101,28.744736246670293,29.30111122140047,215786
2012-12-20,28.32843017578125,28.54242170950777,28.18447493345081,28.45293353129646,378980
2012-12-21,28.414026260375977,28.635797951021726,28.188357068293787,28.246724601229598,297064
2012-12-27,28.608564376831055,28.927604421000968,28.48016945251537,28.507398532848928,102970
2012-12-28,28.324539184570312,28.65525091640844,28.079421090591573,28.554091020982394,47178
2013-01-02,29.024869918823242,29.242753002840526,28.842004978184825,29.071559787197078,154704
2013-01-03,29.375038146972656,29.620153290703,28.985964794032622,28.985964794032622,145539
2013-01-04,29.464523315429688,29.52288193769603,29.102685015409335,29.258311965977988,115184
2013-01-07,29.729089736938477,29.919734806494155,29.266091599624087,29.47619151987448,158266
2013-01-08,29.180503845214844,29.857490703273406,29.06767220747269,29.68630043255631,132741
2013-01-09,30.87686538696289,30.87686538696289,29.705753617052746,29.88083842880102,393993
2013-01-10,31.133647918701172,31.483814524655855,30.834062747625207,31.02470785649173,249669
2013-01-11,30.86129379272461,31.328180561667597,30.269903687503916,31.192005501425367,178762
2013-01-14,30.981904983520508,31.324291378154733,30.748461603429483,30.98579654756689,163012
2013-01-15,30.841835021972656,31.363200754310895,30.721229178709468,30.93132912900051,130020
2013-01-16,30.413860321044922,30.729011724701785,30.293248543281305,30.666758569472936,142681
2013-01-17,31.872894287109375,31.985725936650013,30.43721536630813,30.43721536630813,355738
2013-01-18,31.647220611572266,32.094655497626974,31.592750587363206,32.059640325661306,213185
2013-01-21,31.857322692871094,31.942919299073623,31.42156246986751,31.70947589840829,138099
2013-01-22,31.666675567626953,31.841757364816647,31.156990495831174,31.76005232823521,171864
2013-01-23,31.21923828125,31.86899289662221,31.1920032711489,31.75616129237666,211406
2013-01-24,31.390439987182617,31.51105178344442,30.845736668964523,31.219246752441258,151613
2013-01-25,31.21923828125,31.565513253275483,30.80682156589234,31.153096537917822,195413
2013-01-28,31.584964752197266,31.8495346658425,31.281488109449853,31.335958123871535,212163
2013-01-29,30.8846378326416,31.662784441390993,30.84962266007687,31.50326593016211,227466
2013-01-30,30.78348159790039,31.044160005235835,30.546146639462506,30.89242165061408,196172
2013-01-31,30.511131286621094,30.744574702116232,30.11427777711877,30.72901438035809,226162
2013-02-01,31.351530075073242,31.433235119289872,30.452762715114424,30.452762715114424,186324
2013-02-04,30.569490432739258,31.37487208110995,30.55392714383429,31.37487208110995,186852
2013-02-05,30.511131286621094,30.596727898261264,30.118169341755344,30.542257866925535,153603
2013-02-06,30.814605712890625,31.121973991461477,30.22710713776836,30.542255576634865,179998
2013-02-07,30.978023529052734,31.320407034221024,30.80683029227143,30.80683029227143,154062
2013-02-08,31.40989112854004,31.507159460704187,31.024706395926387,31.036372184055203,132206
2013-02-11,31.281494140625,31.487702516178043,31.090849053392116,31.39821435043558,96984
2013-02-12,30.752351760864258,31.28149164801101,30.61228514553756,31.28149164801101,155124
2013-02-13,31.39821434020996,31.464359057647513,30.581160998227098,31.013032601691158,230256
2013-02-14,33.701534271240234,33.701534271240234,32.21527420948647,32.28530753044426,656420
2013-02-15,33.117919921875,33.670403288074475,32.79887993887593,33.60036997627499,259556
2013-02-18,33.312461853027344,33.39805549800852,33.0790154644059,33.12181377109356,90743
2013-02-19,33.853267669677734,34.04002118589119,33.17627207353425,33.21129614985753,208153
2013-02-20,33.75210952758789,34.03613434901416,33.62760618754752,33.857158014836976,109039
2013-02-21,32.8455696105957,33.70153271253495,32.82222616082077,33.69374958368069,180890
2013-02-22,32.26585388183594,32.66659896792016,32.07520876647818,32.526532320769185,303886
2013-02-25,32.50707244873047,32.99341402954096,32.23082781864389,32.56543106371298,213920
2013-02-26,32.0479736328125,32.370902264635276,31.82620193703341,32.059645358633375,199017
2013-02-27,32.5693244934082,32.60434263279734,31.900117964931137,32.215269345858914,133670
2013-02-28,32.798885345458984,32.915605572102564,32.47595374512951,32.64325540820672,185696
2013-03-01,32.437049865722656,32.993424936837634,31.93514483219423,32.876701731498216,181141
2013-03-04,31.592758178710938,32.285311308512014,31.472146377322748,32.285311308512014,229894
2013-03-05,32.312538146972656,32.433149917826974,31.853431542838404,31.853431542838404,265424
2013-03-06,31.966264724731445,32.954508324591544,31.892339845597846,32.40980806274544,230415
2013-03-07,31.826190948486328,32.25417090171775,31.5616210371153,32.16857431739284,165116
2013-03-08,32.05964660644531,32.33588834573635,31.974049989235134,32.21138498481089,153401
2013-03-11,32.032413482666016,32.098555247731525,31.546071736488265,31.997395333376105,127323
2013-03-12,31.97793960571289,32.38257624616474,31.904014719282102,32.00128305684089,112295
2013-03-13,31.16476821899414,31.942914756139533,30.974123148543693,31.942914756139533,211039
2013-03-14,31.75617027282715,31.763950434316158,31.230912899503952,31.2464821276649,178018
2013-03-15,32.68994140625,32.775538017788094,31.76394790625276,31.892342823559904,281084
2013-03-18,32.15302276611328,32.285309254271915,31.518834247418607,32.18414934784404,177057
2013-03-19,31.865108489990234,32.125786926422144,31.378766794381086,32.02851858730032,179936
2013-03-20,29.678518295288086,32.56544219319218,28.55409641364627,32.25418525613519,1568831
2013-03-21,29.452850341796875,29.931411851071996,29.203843644279505,29.561793369305455,435500
2013-03-22,29.219406127929688,29.515102686222754,28.838115931546167,29.27387615598448,316029
2013-03-25,29.425613403320312,29.670731488697566,29.320564915582768,29.499538282198376,325726
2013-03-26,28.12611198425293,28.869240516902842,27.297386842226864,28.791427036593973,673039
2013-03-27,27.947134017944336,28.386785749479273,27.775940827289467,28.379005590082922,241991
2013-03-28,28.079421997070312,28.367338403470402,27.63977019522356,27.93157519774696,297599
2013-04-02,27.61642837524414,28.0171734607579,27.402436840069726,28.0171734607579,276411
2013-04-03,27.80706787109375,28.262282897499727,27.740926125730876,27.86931805249599,255651
2013-04-04,27.58140754699707,28.336210741231664,27.472467491827928,28.032734025147946,247509
2013-04-05,27.382976531982422,27.978261147185286,27.157316284290744,27.67089289804715,295184
2013-04-08,27.441341400146484,27.748709686047796,27.270142248832858,27.515266282490604,149578
2013-04-09,27.507484436035156,27.72925018822461,27.359637632848116,27.62420762745244,163112
2013-04-10,28.351774215698242,28.592997777037546,27.58529929173998,27.608642741316327,261536
2013-04-11,28.37900733947754,28.600779000863362,28.059967353476996,28.49572754797899,189642
2013-04-12,28.200035095214844,28.39846034804376,27.775943639534407,28.37900846338667,218176
2013-04-15,27.877103805541992,28.429587204234878,27.717582320463624,28.429587204234878,174610
2013-04-16,27.877103805541992,28.17668895406328,27.59307897754137,27.91990210795844,168651
2013-04-17,27.429670333862305,28.14556385108009,27.27404040495592,28.14556385108009,195104
2013-04-18,28.22338104248047,28.756412598284502,27.351857573420556,27.5541744084474,270484
2013-04-19,28.56965446472168,29.001526094322355,28.32453933781072,28.398461251288936,272916
2013-04-22,27.908233642578125,29.196065524613974,27.705913831455796,28.717503981884867,255350
2013-04-23,27.70591163635254,27.81485169445145,26.943328261266213,27.702020071879303,380769
2013-04-24,28.231164932250977,28.386794885809348,27.74093458587464,27.74093458587464,210446
2013-04-25,28.37900733947754,28.526854124270187,27.464676776596797,28.231157586291197,257235
2013-04-26,28.01327896118164,28.46849403188632,27.803179012765515,28.371225702159993,218573
2013-04-29,28.37900733947754,28.487947388103038,27.86543070424755,28.040512501196574,174145
2013-04-30,27.98604393005371,28.7136121045724,27.873212311434628,28.561873747765947,273525
2013-05-02,28.3439884185791,28.46849175192191,27.37908832727075,27.561950279060486,344112
2013-05-03,29.231075286865234,29.29332843825984,28.406241809642193,28.410130405309125,208200
2013-05-06,28.79142951965332,29.37503957748413,28.705832902895054,29.258316378560266,142914
2013-05-07,28.779754638671875,29.079339796091745,28.519076220497013,28.912038145783683,265531
2013-05-08,29.009313583374023,29.48787520164458,28.593005137858356,28.593005137858356,522157
2013-05-09,29.091007232666016,29.371146457322162,29.001527960959457,29.102687863443794,119481
2013-05-10,30.094820022583008,30.374953281542933,29.18438989935705,29.355574200960916,434957
2013-05-13,29.98587417602539,30.417745705402712,29.857479295747115,30.20375423827225,370812
2013-05-14,30.417760848999023,30.503357478465812,29.95865408327282,30.12206421131231,343768
2013-05-15,30.49523162841797,31.037684341039192,30.087377686717904,30.633909810026143,347883
2013-05-16,30.727720260620117,30.850077710843543,30.283160874054833,30.425909158196017,240722
2013-05-17,31.074399948120117,31.32319115861049,30.568652480533494,30.589052650330814,348491
2013-05-20,32.31427764892578,32.57530399116981,31.50264585157128,31.64947355804348,318169
2013-05-21,32.13889694213867,32.26533068835839,31.584215244618616,32.126652484780564,232152
2013-05-22,32.05324172973633,32.22046960541294,31.612767948682354,31.9675989769127,183172
2013-05-23,31.494489669799805,31.576059233654153,30.874549782460903,31.376211624035417,255556
2013-05-24,31.56789779663086,31.78405990215212,31.34765628015292,31.514868565872906,121268
2013-05-27,31.63723373413086,31.963518169299793,31.63315432297953,31.649468855905873,66747
2013-05-28,32.30203628540039,32.42847314419982,31.824847841418233,31.841162375188453,219442
2013-05-29,31.80853271484375,32.50596268420742,31.698413503545943,32.10218809387668,201265
2013-05-30,31.743276596069336,31.97575324449286,31.649468809799256,31.665783342701836,250679
2013-05-31,31.649471282958984,31.83300745869568,31.351739591338717,31.649471282958984,169067
2013-06-03,31.257925033569336,31.857470810212437,31.021369006705783,31.4210672283607,181547
2013-06-04,31.474096298217773,31.75143717674241,31.412917568369206,31.486331421851595,144120
2013-06-05,31.160045623779297,31.694333357778802,31.086631780722346,31.249773999924347,108299
2013-06-06,30.48708724975586,31.15596757727102,30.417752814853728,31.127417921036074,214402
2013-06-07,30.923484802246094,31.086626996339717,30.328018438731117,30.46261098223425,114196
2013-06-10,31.241621017456055,31.404763267153815,30.90309517051794,31.123342964217173,101757
2013-06-11,31.918655395507812,32.563062360408004,31.673943614131105,31.686178736448074,419750
2013-06-12,31.400676727294922,31.987987448216394,31.225299393224144,31.91457360810121,191645
2013-06-13,30.996904373168945,31.208987086583395,30.544186178784386,31.02953344036474,199422
2013-06-14,31.237533569335938,31.49041042063545,30.964278329524973,31.30687734517619,142014
2013-06-17,31.44554328918457,31.796297983824573,31.36397373252932,31.45370211185757,137536
2013-06-18,31.1192569732666,31.910491503635413,31.00097895686002,31.445538259377063,205360
2013-06-19,30.82560920715332,31.225304425331878,30.788900725340536,31.16004939675716,174106
2013-06-20,29.93648338317871,30.825605202722674,29.8182053530927,30.507479589508787,294664
2013-06-21,29.585729598999023,30.083311977970915,29.524550876527563,29.985424777344946,328721
2013-06-24,28.729236602783203,29.82228544143099,28.700686947402364,29.610199620019845,211599
2013-06-25,29.283924102783203,29.577576425710994,28.83936153881365,28.94948388263129,168812
2013-06-26,29.54086685180664,29.805972587669626,29.263525993188,29.381804032624693,179750
2013-06-27,29.887542724609375,30.062920081413687,29.48784751903258,29.66730117571471,187691
2013-06-28,29.206422805786133,30.05883610262605,28.908688040941517,29.928322957742655,203699
2013-07-01,29.708080291748047,29.830437721696935,29.296150041722786,29.39403411867467,215410
2013-07-02,29.414424896240234,29.84674904197013,29.210497942718078,29.77333521423502,186320
2013-07-03,28.835277557373047,29.36140960905797,28.753707999210082,29.206426203876664,207075
2013-07-04,29.691776275634766,29.757031305981137,29.018816466470728,29.035131001977188,154150
2013-07-05,28.91684913635254,29.924249011225722,28.859749825456646,29.854911466555794,161479
2013-07-08,28.87198829650879,29.345091148547517,28.83935922601808,29.120779513561455,135924
2013-07-09,29.504159927368164,29.667302166629533,29.006580609556128,29.04328597975825,198030
2013-07-10,29.573497772216797,29.626517678037896,29.039206855554333,29.41443494307407,134647
2013-07-11,29.650981903076172,29.883452314456598,29.471528275069904,29.748869094729194,155627
2013-07-12,29.553102493286133,29.675459946348774,29.02289412393304,29.161562999836693,235203
2013-07-15,29.87122917175293,30.32394740741251,29.752944902785114,30.00582175244727,163208
2013-07-16,30.026212692260742,30.217895235679837,29.724398490926486,29.879385002876262,114270
2013-07-17,29.965030670166016,30.099623222561103,29.365484856477664,29.997659733476112,116855
2013-07-18,30.874542236328125,30.996899663883333,30.018049578477605,30.091463412675,169345
2013-07-19,31.35173797607422,31.40475787565983,30.621678945563236,30.73995697849643,151029
2013-07-22,31.131494522094727,31.42922617999951,31.00098137513396,31.38844140501406,215887
2013-07-23,32.049163818359375,32.049163818359375,31.16412150248374,31.184512332773284,316407
2013-07-24,32.889347076416016,32.913817321248146,32.08179788016425,32.10626812499638,267303
2013-07-25,32.889347076416016,32.90566161019715,32.3836089759174,32.63647647032713,161011
2013-07-26,33.01577377319336,33.439948529197856,32.83224694154987,32.83224694154987,176735
2013-07-29,32.66501998901367,33.08511845706221,32.5956917773793,33.052489389414184,155154
2013-07-30,29.210506439208984,30.075154982170012,27.86458690980236,29.773343874439046,1053939
2013-07-31,28.553863525390625,29.194194273184106,28.386641867690905,29.194194273184106,291351
2013-08-01,29.22273826599121,29.283916985278125,28.627271829068373,28.672136015766846,213959
2013-08-02,29.610198974609375,29.610198974609375,28.778176463773075,29.202344985670738,258914
2013-08-05,29.565338134765625,29.62651686236988,28.965792205266737,29.45521891442144,159441
2013-08-06,28.896455764770508,29.49192224140677,28.765942607037616,29.49192224140677,132074
2013-08-07,29.557178497314453,29.602042684153265,28.594642853338158,28.733305489897404,161831
2013-08-08,29.296146392822266,30.00989071804201,29.047355264811404,29.557172639968364,201050
2013-08-09,30.621681213378906,30.972435926901092,29.54494682683429,29.659145456970947,302511
2013-08-12,30.352493286132812,30.49932097193702,29.66322215676869,30.49932097193702,145748
2013-08-13,30.878623962402344,30.894938494744927,30.507478464564894,30.792975001362933,182169
2013-08-14,30.952035903930664,31.017294029298963,30.703244746401722,30.992820676446506,96362
2013-08-15,30.564584732055664,30.939809726344276,30.283164430499415,30.87455158211343,100232
2013-08-16,30.96427345275879,31.03768729371595,30.425906322965915,30.670618088930144,150994
2013-08-19,30.548269271850586,30.98875239704453,30.311713173689448,30.98875239704453,138077
2013-08-20,30.43406867980957,30.43406867980957,29.863072418456735,30.185277473874972,90690
2013-08-21,30.560503005981445,30.72772154247139,30.332105741827633,30.4259104274568,116868
2013-08-22,30.984670639038086,31.20491218495811,30.523793601367217,30.523793601367217,154258
2013-08-23,31.123340606689453,31.241618650969023,30.91533728796824,30.964277780994706,114226
2013-08-26,30.972431182861328,31.078470973643682,30.515633620602976,30.927566997653866,87012
2013-08-27,30.275001525878906,30.903087677289502,30.16487921157101,30.72364027000433,122711
2013-08-28,30.792980194091797,31.119264672608235,30.095550155150317,30.213828200820544,228874
2013-08-29,30.62983512878418,31.045847956093354,30.59312976196937,30.980589821739322,101172
2013-08-30,30.266845703125,30.727719614135637,30.25868999206533,30.707328780646886,97027
2013-09-02,30.67877960205078,30.964276168771384,30.560501563929616,30.670620779184937,123912
2013-09-03,30.589046478271484,30.988744721392866,30.38919891255015,30.764423802547388,96905
2013-09-04,30.972431182861328,31.074394674391232,30.47484884632678,30.695090361432833,163080
2013-09-05,31.380290985107422,31.506724742381515,30.960201819744373,31.08255616532851,179064
2013-09-06,31.79629898071289,31.934970965389457,30.9969054760479,31.351739593149283,273154
2013-09-09,32.191917419433594,32.542672120080475,31.706570147489362,31.710649558895724,191595
2013-09-10,32.69358444213867,32.832253335290176,32.334670861408334,32.338750273465635,151470
2013-09-11,32.50596618652344,33.30128344237464,32.355062181140774,32.709893209303836,220722
2013-09-12,32.791465759277344,33.0565715102079,32.44479044422019,32.44479044422019,222527
2013-09-13,32.905662536621094,33.227867586591785,32.54675211836881,32.54675211836881,173354
2013-09-16,33.27273178100586,33.70097663606148,33.17076827575273,33.362460163497296,221859
2013-09-17,33.38692855834961,34.14961665557101,33.28088564749423,33.843726156767424,298131
2013-09-18,34.00279235839844,34.12514670311515,33.29312408998812,33.497051109528684,301815
2013-09-19,34.70021438598633,34.8633565863154,34.39432392724881,34.62680055142218,306553
2013-09-20,34.67167282104492,35.06729173782059,34.553394776011416,34.58602384602329,374874
2013-09-23,34.361698150634766,34.716532236905095,34.21894987857623,34.60640991868925,99924
2013-09-24,34.431026458740234,34.785860481915584,34.121059726438276,34.13329484591356,125361
2013-09-25,34.36579132080078,34.62681772612342,34.259748371238395,34.36171190805756,131819
2013-09-26,34.3127555847168,34.78994712521106,33.48889188142076,34.35354347368553,262079
2013-09-27,34.65534973144531,34.71652844469591,34.13737348582605,34.280124853970314,126059
2013-09-30,34.643123626708984,34.67167328543192,34.22711075768404,34.284210075129906,174067
2013-10-01,34.97755813598633,35.0999124627688,34.58601868926038,34.61048893228109,121962
2013-10-02,35.157012939453125,35.377254468996455,34.88375151104306,34.88375151104306,162649
2013-10-04,35.087677001953125,35.169249664031526,34.781786520436604,35.08359759092948,123829
2013-10-07,35.22227478027344,35.22227478027344,34.581944068540956,34.904149130221285,138075
2013-10-08,35.214107513427734,35.29975957868518,34.887826230033845,35.169246442991906,91002
2013-10-09,34.863365173339844,35.316074077674195,34.58194488624891,35.11214705495425,103288
2013-10-10,34.56562805175781,34.61457165415951,33.72952606955098,34.431035478912555,286043
2013-10-11,34.66758728027344,35.05912671615507,34.54115354592967,34.55746807805126,128977
2013-10-14,34.70021438598633,34.859277175595544,34.37800939604804,34.49628741349465,81906
2013-10-15,35.39356994628906,35.71169557133402,34.749159873584155,34.749159873584155,197664
2013-10-16,35.26305389404297,35.65867274304993,34.9938718917538,35.65459333207739,124013
2013-10-17,35.0346565246582,35.2712125732463,34.708372105110556,35.17740479133074,113749
2013-10-18,35.64643859863281,35.80142199136882,35.13662112185511,35.15701195391886,113127
2013-10-21,37.40021514892578,37.600065873880936,35.60158040608563,35.75248752482492,367012
2013-10-22,37.33903884887695,37.861091525594624,37.15550266267879,37.35942968400159,211845
2013-10-23,36.98420715332031,37.37574668670856,36.6008233321845,37.19628990035909,141879
2013-10-24,37.33903884887695,37.64084996916447,36.95157564135599,36.992360423284666,165882
2013-10-25,36.98012161254883,37.17181349134718,36.84552904509308,37.04945604608212,117450
2013-10-28,36.702781677246094,37.07393032185943,36.596741874510144,36.87000331581144,122699
2013-10-29,36.85369110107422,37.18813128757157,36.30716507240038,36.625293835665104,165211
2013-10-30,36.87815475463867,37.35942255762497,36.617128466071065,37.0249824309178,125313
2013-10-31,37.265621185302734,37.359425862976664,36.60897599486892,36.882237428689955,179317
2013-11-01,37.20036697387695,37.71018452879525,36.98828424016988,37.19628756216737,81683
2013-11-04,37.35942459106445,37.52256680821859,37.012749324411274,37.11471282117274,102927
2013-11-05,37.033145904541016,37.791754623380164,36.959732057179835,37.31048675994112,146455
2013-11-06,37.51034164428711,37.60822575589314,36.963815538487175,37.0453882245587,159742
2013-11-07,37.55519485473633,38.33419433077878,37.2207547189026,37.52256578985526,258444
2013-11-08,35.39765548706055,37.326803516240275,34.528927428879534,36.78843626255295,700598
2013-11-11,35.91970443725586,36.095081795304736,35.287529443626816,35.55671459807923,190471
2013-11-12,35.511844635009766,36.00126192535173,35.332387894536474,35.891148947214525,146681
2013-11-13,35.15293884277344,35.552634038278036,34.87559798578528,35.36502156320946,152019
2013-11-14,35.38948440551758,35.80550345632996,35.2263515162921,35.38948440551758,162765
2013-11-15,36.18888854980469,36.258222986374975,35.3283163190017,35.4098858782986,189638
2013-11-18,36.49885177612305,36.69462305553944,36.058371842874266,36.24598430015556,134053
2013-11-19,35.98088073730469,36.44991346432597,35.768794912645745,36.24190705097792,137953
2013-11-20,36.144020080566406,36.25413928375109,35.70353704446997,36.013506934131776,124306
2013-11-21,36.356109619140625,36.527407572635866,35.846292058728984,36.05021908289364,107938
2013-11-22,36.6619987487793,36.86184635352288,36.34795251275367,36.34795251275367,93900
2013-11-25,36.74764633178711,36.90263284981637,36.56003385725413,36.78027539997003,73254
2013-11-26,36.641605377197266,37.05761823959769,36.55188010241069,36.82514156179017,128055
2013-11-27,36.951576232910156,36.97604959180268,36.62121544881591,36.62121544881591,71173
2013-11-28,37.15140914916992,37.355336127247284,36.85368372707456,36.857763137906154,75340
2013-11-29,37.000518798828125,37.23707488750238,36.918946124278705,37.10248230825537,79126
2013-12-02,36.74356460571289,37.12695464180707,36.45399481942211,36.96789180709347,104206
2013-12-03,35.82182312011719,36.89447818620215,35.752488676171524,36.64568695869872,128813
2013-12-04,35.39356994628906,35.8911523287149,35.083600032180016,35.8911523287149,152005
2013-12-05,35.13662338256836,35.47514295573227,34.965325446152576,35.23042806179071,137036
2013-12-06,35.7402458190918,35.81365966544728,35.063209779750466,35.07952431357159,94231
2013-12-09,35.85444641113281,36.04205887656721,35.55671162384144,35.69130418980928,122155
2013-12-10,35.69538116455078,36.09507945876975,35.50369239592483,35.80958289981271,75848
2013-12-11,35.340553283691406,35.88707620515993,35.19372557996089,35.495536699105,136196
2013-12-12,34.67167282104492,35.3487089095547,34.447351854312515,35.22227515285792,210707
2013-12-13,34.443260192871094,34.76547142494238,34.292362439265894,34.50444513387697,201542
2013-12-16,35.26713562011719,35.34462887528813,34.03949421781932,34.26381516085149,159426
2013-12-17,35.230430603027344,35.891155263306416,35.222274891424604,35.222274891424604,161648
2013-12-18,35.55263137817383,35.86260128024563,35.25896978566142,35.311999018920545,117267
2013-12-19,35.58525848388672,36.06652628756289,35.49145070269883,35.797334953414726,124367
2013-12-20,35.560787200927734,36.168488720364586,35.47513824409533,35.6097276838727,181255
2013-12-23,36.135868072509766,36.17665285502133,35.483302217286365,35.56079548223396,93217
2013-12-27,36.49885177612305,36.5029311871906,36.21743464604056,36.22151094542919,138371
2013-12-30,36.58042907714844,36.58042907714844,36.21335982650095,36.29492938812069,94762
2014-01-02,35.581180572509766,36.74355757728345,35.581180572509766,36.58858040745011,142094
2014-01-03,36.02983093261719,36.11140362241488,35.1162385886426,35.40989404855442,130574
2014-01-06,36.054290771484375,36.29900252572655,35.84220496924338,35.84220496924338,66716
2014-01-07,36.1644172668457,36.31532438304725,35.891155804681304,36.001268803857,70694
2014-01-08,36.115478515625,36.29901159926406,35.99312105207925,36.10324027992678,65928
2014-01-09,35.72800827026367,36.2500608703691,35.56894546590902,36.033898757357846,93337
2014-01-10,36.1562614440918,36.270460077978214,35.662758426694396,35.679072961775226,114772
2014-01-13,36.40504837036133,36.49477674689679,36.062449397378565,36.209277084131315,96614
2014-01-14,36.2745361328125,36.39689046707693,35.71577502679969,35.94825168474913,89926
2014-01-15,36.849613189697266,36.910791920188174,36.20928244880869,36.35611015731507,249631
2014-01-16,37.767276763916016,39.0805670369869,36.788426619690355,36.788426619690355,399701
2014-01-17,38.693111419677734,38.94190261709608,37.76728106556572,37.76728106556572,245725
2014-01-20,38.587066650390625,38.87256320173444,38.28117615465981,38.47694432938727,170867
2014-01-21,38.04869842529297,38.69718476427907,37.88147679875455,38.56667161426231,111880
2014-01-22,38.29341125488281,38.70126524895905,37.84477248373477,38.04869948077288,108259
2014-01-23,38.162899017333984,38.697186766661964,37.96712150298098,38.33419695215498,165393
2014-01-24,37.55519485473633,38.591144327118585,37.42875178288412,38.10171768893922,268695
2014-01-27,37.22075653076172,37.73872973632768,37.135107565038794,37.44099806191167,227464
2014-01-28,38.162899017333984,38.268941929609454,37.27785657574637,37.514412644792,161058
2014-01-29,38.21999740600586,39.08056958231773,37.726494446645816,38.7461294316903,319787
2014-01-30,38.35866928100586,38.41984489060416,37.6041369047172,38.097642974456356,181673
2014-01-31,38.807308197021484,39.22331790225138,38.154742428190744,38.2199974492343,315030
2014-02-03,38.37498092651367,39.072420333260226,38.25263279844024,38.81954969494573,210231
2014-02-04,38.19552993774414,38.49734104397958,37.25746443866306,38.22815900643967,261251
2014-02-05,38.4565544128418,38.917428317184644,37.89779330712418,38.39129627859195,199156
2014-02-06,39.20699691772461,39.569986664148246,38.70125891905772,38.746123100002535,291191
2014-02-07,39.70866775512695,39.835101505968474,39.194770817116805,39.34567792517354,153320
2014-02-10,39.117279052734375,39.80655020417791,39.04386520748061,39.77392113702532,148311
2014-02-11,40.36531448364258,40.41017867658456,39.17845774401646,39.17845774401646,179569
2014-02-12,40.924072265625,41.42165468482379,40.47543345069603,40.78540338771286,177805
2014-02-13,41.32376480102539,41.348235043893844,40.552921033880146,40.93222535673566,128433
2014-02-14,41.90292739868164,42.13132779991849,41.20141788169358,41.356404423904245,156986
2014-02-17,42.13947296142578,42.22920133462248,41.821347355858514,41.91107572905521,112664
2014-02-18,42.53917694091797,43.31409711526451,42.1068495494437,42.37603470517368,217973
2014-02-19,43.19173812866211,44.823154087352435,43.1020097530655,44.056386595293425,599078
2014-02-20,43.534332275390625,43.57511705041915,42.302614644127274,42.97149491196759,223682
2014-02-21,43.94218826293945,44.10533048220939,43.65669171297632,43.88508895294682,196175
2014-02-24,44.29294204711914,44.60291194627862,43.80351851091277,43.917717128582325,188469
2014-02-25,44.3337287902832,44.725271370635845,44.04007652253736,44.20321563405869,173104
2014-02-26,43.97481918334961,44.36635865909951,43.86877626960094,44.12164687571572,154971
2014-02-27,44.17058563232422,44.195055874474896,43.73010260353917,43.982970070239666,210899
2014-02-28,44.68448257446289,44.700797107619834,44.12164518310403,44.17058878257485,167128
2014-03-03,43.75457763671875,44.08901780000664,43.24883953626176,43.681163790549256,278683
2014-03-04,44.72526931762695,44.766054093635155,43.76273366777444,44.09717380972801,146571
2014-03-05,47.20502853393555,47.2376576058848,44.68449029192757,44.78237750777533,331767
2014-03-06,46.634029388427734,47.38448243927119,46.38116187538215,47.31106858768519,213468
2014-03-07,45.48387908935547,46.62587159374546,45.4186240640162,46.62587159374546,207476
2014-03-10,44.929195404052734,45.91620127728685,44.79052343440426,45.32073484686431,312286
2014-03-11,44.95366668701172,45.76937465633023,44.82315353638791,45.02708052871754,190690
2014-03-12,43.76274490356445,44.98630716802557,43.76274490356445,44.78238012394871,252175
2014-03-13,42.83282470703125,44.04823096768579,42.83282470703125,43.90956210454159,211418
2014-03-14,42.70231628417969,42.82467373953581,41.67452548356974,42.416819703921185,253623
2014-03-17,43.46092224121094,43.46092224121094,42.335247415798065,42.41681697299756,358771
2014-03-18,43.99113845825195,44.05639348873685,42.82467561633921,43.46092694404453,174438
2014-03-19,43.64037322998047,45.492030560990436,43.22436356459033,44.09717078025564,340332
2014-03-20,41.85398483276367,43.37935814863987,40.81803514509688,43.159116582441776,464536
2014-03-21,42.31078338623047,42.82468042257169,41.85398878653147,41.85398878653147,381382
2014-03-24,40.64264678955078,42.46575444614944,40.59370319528658,42.188413635343046,213597
2014-03-25,41.234039306640625,41.46243966551246,40.74461574503362,40.785400523221014,179543
2014-03-26,42.2536735534668,42.40866006411905,41.57663753513226,41.57663753513226,203958
2014-03-27,41.707149505615234,42.46575816898219,41.50322251248818,42.163943978745294,136930
2014-03-28,42.00081253051758,42.52286523022668,41.79688550021374,41.81319692436005,158170
2014-03-31,41.64189529418945,42.3434047144521,41.56032573393163,42.10684863335344,154939
2014-04-01,42.424964904785156,42.62073616251711,41.80502829337803,41.80502829337803,148991
2014-04-02,42.465763092041016,42.69416035508416,42.041594523761376,42.51470358459064,129955
2014-04-03,42.66968536376953,43.110165306129694,42.35155663917749,42.53917221201856,173388
2014-04-04,42.922550201416016,43.19989102076559,42.69415297783829,42.71862321988482,180199
2014-04-07,42.098690032958984,42.60442811754539,41.82950490155843,42.49838520714405,191116
2014-04-08,41.52769470214844,42.221045266603156,41.054585673994175,42.2128895556346,162613
2014-04-09,42.04975509643555,42.40050985476026,41.76425848462692,41.76425848462692,101750
2014-04-10,41.89476013183594,42.44128295588504,41.54400547007831,42.212885729318714,130906
2014-04-11,41.291141510009766,41.60111144696324,40.89960201096928,41.33192629105328,164003
2014-04-14,40.218482971191406,40.49174440290899,39.39869556435959,39.9860063169172,367413
2014-04-15,39.76168441772461,40.54476643953848,39.76168441772461,40.07573373101595,207168
2014-04-16,40.25110626220703,40.658960201476155,40.03902047124706,40.18176872765553,270235
2014-04-17,40.90775680541992,41.40533606383399,40.22256197166007,40.26742615989332,177456
2014-04-22,42.00896453857422,42.049749318703,41.02195854573307,41.03827308012043,158014
2014-04-23,41.51137924194336,42.196574080135065,41.51137924194336,42.09053116983613,130676
2014-04-24,41.58479309082031,42.29445817313733,41.03827022936489,41.92739206579756,113056
2014-04-25,40.19809341430664,41.47875485822475,40.092053603715286,41.258516413655386,121195
2014-04-28,39.54144287109375,40.3000578800634,39.17030352522738,40.3000578800634,232896
2014-04-29,39.29673385620117,40.12467701159073,39.08057172538666,39.749452063321044,157555
2014-04-30,39.011234283447266,39.38645920280451,38.90927078720808,39.21924068704531,187179
2014-05-02,39.56184005737305,39.61893937140811,38.92558878002275,39.211085350198076,122542
2014-05-05,39.0601692199707,39.712744319849016,38.50549687697292,39.561837222609874,122296
2014-05-06,38.26486587524414,39.48842799418609,37.89372031723836,39.22332224607946,202875
2014-05-07,38.552818298339844,38.62686352847963,37.79591115263978,38.009820990128325,231375
2014-05-08,41.629798889160156,42.049389541424205,39.44958396623584,39.49071950469848,474139
2014-05-09,41.13616943359375,41.91775728052016,40.60139797558077,41.88484759174753,153241
2014-05-12,42.14811706542969,42.263297832884625,41.27602918000716,41.407667929601985,190206
2014-05-13,41.93421173095703,42.913251424440375,41.9177568867253,42.263299200269785,162003
2014-05-14,41.13616943359375,41.9506669692928,40.97985311958473,41.92598313349299,129575
2014-05-15,39.8856315612793,41.48994287953862,39.8856315612793,41.17730709697158,128580
2014-05-16,38.59807205200195,39.84449759733399,38.15791512446818,39.774566856146606,294270
2014-05-19,38.66799545288086,38.91481181744522,37.38454596332969,38.6885647909447,254475
2014-05-20,38.79141616821289,39.28504903685977,38.48700619872079,38.79964202269914,200628
2014-05-21,38.83254623413086,38.95184150720423,38.326569947539745,38.66800092166964,129574
2014-05-22,39.07113265991211,39.07113265991211,38.68856618262182,38.865451825636484,97096
2014-05-23,39.437252044677734,39.531863489512396,38.585733348960375,39.03823064561057,121058
2014-05-26,40.025489807128906,40.054284997096154,39.56476362921266,39.614128157059504,62339
2014-05-27,40.432743072509766,40.74949021001926,39.91442643632615,39.97201682496424,165185
2014-05-28,41.22666931152344,41.7203020869918,40.2969910080027,40.40394592678241,349862
2014-05-29,41.46525955200195,41.52284993744979,40.72892175127241,41.18553347763788,114663
2014-05-30,41.35830307006836,41.85193582336678,41.308938539362316,41.308938539362316,189501
2014-06-02,42.032936096191406,42.43607191878893,41.35007420892879,41.38298389616951,249341
2014-06-03,42.098751068115234,42.205705979215736,41.81902815029002,41.94243476607637,154263
2014-06-04,41.555755615234375,42.205707824151204,41.02921316593891,41.98357213989708,163868
2014-06-05,42.24684524536133,42.36202915740815,41.300715220424806,41.407670140962225,171593
2014-06-06,42.82274627685547,42.98729156123725,42.22215865653618,42.34556840443258,148654
2014-06-09,42.69111633300781,43.10247802924175,42.468980640428605,42.78161640832979,48219
2014-06-10,43.044883728027344,43.09424825692449,42.22216041038394,42.617067226239925,169345
2014-06-11,42.139892578125,43.02020634469894,41.74498573186721,42.863886893710635,137514
2014-06-12,41.71207046508789,42.287977382444176,41.613344551336596,42.287977382444176,95425
2014-06-13,41.28425979614258,41.67916664515011,40.79062701949332,41.63803110350278,248588
2014-06-16,40.86466598510742,41.31716632393218,40.53969303404661,41.20198556075511,166018
2014-06-17,41.89307403564453,42.39493581196391,41.5063961716541,41.77789326175629,202709
2014-06-18,42.77338790893555,43.38220142416779,42.41138763004455,43.324611041333405,342182
2014-06-19,42.94615936279297,43.27524681869499,42.57593322876776,43.24234027001314,159946
2014-06-20,42.97084426879883,43.143615435456944,42.47721146736399,42.94616357025933,249527
2014-06-23,42.6993408203125,43.07779278770089,42.41961477084274,42.86388297069678,103958
2014-06-24,42.4525260925293,42.855661938568666,42.31266462128424,42.70757147581467,122163
2014-06-25,42.87211608886719,44.40238208691662,41.95889262948668,42.15634762277462,195883
2014-06-26,42.394935607910156,43.20943315117781,42.28798382606625,43.02843299968707,140765
2014-06-27,42.419620513916016,42.60061753153147,42.23862035785979,42.45252706538379,77893
2014-06-30,42.5348014831543,42.89679865846852,42.329120627953785,42.64998225991606,114071
2014-07-01,43.39043045043945,43.43156598986316,42.320887594780295,42.74047825684732,152062
2014-07-02,42.880340576171875,43.60433801058264,42.59238865600651,43.51383793897622,162148
2014-07-03,43.719520568847656,43.859385177541164,42.72402601729532,42.92147787393941,148294
2014-07-04,43.43980026245117,43.99102664058436,43.31639362025975,43.84293615920178,74552
2014-07-07,42.7816162109375,43.69483967451379,42.7816162109375,43.42333944980055,76630
2014-07-08,41.6873893737793,42.888567813565494,41.514618228744716,42.8309774318873,169295
2014-07-09,41.457027435302734,41.876618084436835,40.95928020520474,41.72852763632367,140057
2014-07-10,41.13616943359375,41.62980221142061,40.88935304468032,41.3253954363754,186044
2014-07-11,41.975345611572266,43.34106624436535,41.85193585393726,42.016481151303765,276560
2014-07-14,41.802574157714844,42.42784251703299,41.638028861544655,42.20570683796931,103260
2014-07-15,40.8153076171875,41.317169384005865,40.47387665931066,41.095033693523604,253105
2014-07-16,41.05801010131836,41.16907951738154,40.64664840303543,40.88935343701152,167297
2014-07-17,40.292869567871094,40.86466833659872,40.107764341628695,40.778282759245,137940
2014-07-18,39.90619659423828,40.29286815407178,39.589446349948226,40.02549185547631,98049
2014-07-21,39.40845489501953,39.77045208671405,39.04645456488408,39.74988274488693,119018
2014-07-22,39.35908889770508,40.14067678152951,38.98063687427542,40.14067678152951,133002
2014-07-23,39.44135665893555,39.74987791823447,39.215109618514,39.28504035072935,80661
2014-07-24,39.77867126464844,40.062511814335274,39.108152888720284,39.51540005333675,102005
2014-07-25,39.03411102294922,39.782789182992,38.873680212828674,39.572993839587944,120027
2014-07-28,38.61863327026367,39.12872401157835,38.21550058262527,39.12872401157835,199441
2014-07-29,38.445865631103516,38.783182112952225,38.08797353118058,38.626865790587495,132024
2014-07-30,38.25663757324219,38.746158993802965,38.13322780956514,38.25663757324219,121417
2014-07-31,37.42980194091797,38.236064256832925,37.150075846401506,38.236064256832925,189501
2014-08-01,36.85800552368164,37.28170754760159,36.4466438478851,37.15830092792694,253535
2014-08-04,36.54948425292969,37.02255080760384,36.41373414674275,37.02255080760384,142465
2014-08-05,35.998260498046875,36.74282411391395,35.68973924659604,36.54948362752094,179093
2014-08-06,34.5214729309082,35.652717600014114,34.30756622893662,35.50462713771045,293489
2014-08-07,33.72343063354492,34.02372289107586,31.218236464979615,32.73616201114697,1019190
2014-08-08,32.707366943359375,33.11461411394771,32.18493586999778,32.876023594435175,519086
2014-08-11,33.83449935913086,33.97435455187224,33.06525186088402,33.15575193578843,309038
2014-08-12,33.21745300292969,34.01138110736085,33.12695293841831,33.84683582083475,180124
2014-08-13,33.571224212646484,33.65349528654759,32.937726900599024,33.525974180468786,179995
2014-08-14,33.65760803222656,33.871514696314584,33.0529059413214,33.562987200681896,153571
2014-08-15,33.15162658691406,33.80981399462851,33.03234075073209,33.80981399462851,188755
2014-08-18,33.678184509277344,33.797479782433996,33.423139117862355,33.57122958533676,163468
2014-08-19,34.44331741333008,34.56260954758962,33.81393135975095,33.91676551053096,231116
2014-08-20,34.11011505126953,34.61609137718515,33.92088902568675,34.55438648791139,172779
2014-08-21,34.39394760131836,34.58728807780937,33.90854073169168,34.229402314617055,158766
2014-08-22,33.957908630371094,34.45565589668667,33.752227786185784,34.430972061244816,140066
2014-08-25,34.5626106262207,34.5626106262207,34.04018261830988,34.43097500024342,132270
2014-08-26,34.52558517456055,34.66956113173076,34.32812391467437,34.52969967003412,163051
2014-08-27,34.410400390625,34.50912630137886,34.073083985312536,34.43508108370344,128377
2014-08-28,33.937339782714844,34.233520704787225,33.74811377993319,34.233520704787225,175195
2014-08-29,33.85917663574219,34.278767279100926,33.50129400642835,34.05251711469765,162499
2014-09-01,33.93321990966797,34.34458153881612,33.88796987938646,34.093650693960534,139749
2014-09-02,34.5626106262207,35.18788220344344,34.18827308983943,34.18827308983943,255549
2014-09-03,36.06407928466797,36.339690868905286,34.3487017584593,34.76828930920561,432035
2014-09-04,35.93655776977539,36.21628384669484,35.30306038562132,36.14223861637967,214281
2014-09-05,36.20394515991211,36.41785186928559,35.78024309860867,35.78024309860867,226146
2014-09-08,36.47132873535156,36.47544009255103,35.91598794624338,36.43841904711214,228341
2014-09-09,36.035282135009766,36.306782347207566,35.994146595160544,36.273872659951984,124809
2014-09-10,35.471717834472656,35.87485050956212,35.348308079316034,35.87485050956212,126101
2014-09-11,35.1878776550293,35.72676043883596,35.11794692430212,35.68562489949294,95648
2014-09-12,34.8217658996582,35.697965124566196,34.57083503055696,35.31539864695613,160113
2014-09-15,34.788856506347656,35.076802144745784,34.57494981763181,34.760061314819744,155797
2014-09-16,34.669559478759766,34.71480951149019,34.33224305014045,34.63664979342121,166971
2014-09-17,34.6860237121582,35.03979507922518,34.53793322648174,34.88347873920721,151322
2014-09-18,34.01960372924805,34.73537518690847,33.953787503951,34.513239541955926,196669
2014-09-19,33.36143112182617,34.19238346053681,33.36143112182617,34.167699625966065,370526
2014-09-22,32.6086311340332,33.398454183416575,32.56750187259751,33.38611383576567,264237
2014-09-23,31.39923858642578,32.546938079436245,31.391009595089724,32.51402839097329,251133
2014-09-24,31.39923858642578,31.510304861937477,30.716376673802234,31.469169320579095,281254
2014-09-25,31.78180503845215,32.534588268826,31.428033734085,31.551440357982912,416614
2014-09-26,31.242910385131836,31.748892882141487,30.97141959978861,31.691302501110933,226044
2014-09-29,31.029014587402344,31.378671420838195,30.74517399701236,31.345761730094836,250407
2014-09-30,31.345766067504883,31.90110697571053,30.843907337208744,31.098949629658637,273567
2014-10-01,30.56417465209961,31.576124027249044,30.350264816964575,31.28405760558906,348914
2014-10-02,29.926559448242188,30.609421280247908,29.910104605953347,30.395511468933236,260997
2014-10-06,30.309125900268555,31.263484783924426,30.06641462268179,31.1400750359802,259146
2014-10-07,30.0952205657959,30.358491777240904,29.99649150767372,30.193946485477674,260013
2014-10-08,29.206674575805664,30.136352701629733,29.062698638683365,29.934776974338373,245588
2014-10-09,28.52792739868164,29.70030737481704,28.445656330982338,29.70030737481704,244034
2014-10-10,27.553007125854492,28.149480315538927,27.553007125854492,28.137139967101962,341935
2014-10-13,28.392181396484375,29.021567394834953,27.158096372836237,27.293846478663255,414625
2014-10-14,28.762407302856445,28.9269525990576,27.952018031398197,28.281114900681473,218116
2014-10-15,28.33047866821289,29.35065382799668,27.84095728826704,28.902271124823738,346979
2014-10-16,28.120685577392578,28.988659000476748,27.01001026195174,28.564956958945174,510783
2014-10-17,27.87796974182129,28.21118106996774,27.203343203001378,28.06720512852687,416592
2014-10-20,27.100505828857422,28.026069591107966,26.64800861722303,27.91500332055172,371553
2014-10-21,28.39629554748535,28.754181329839977,26.849568514300433,26.985324895361455,296590
2014-10-22,28.581409454345703,29.181997100001286,28.49913523946387,28.64722568781077,277518
2014-10-23,28.22764015197754,28.50325172962957,27.614708977363154,28.22764015197754,277868
2014-10-24,27.92323112487793,29.1079548319712,27.840960040081214,28.215291278997775,278748
2014-10-27,26.49169158935547,28.29345453423902,26.27366884201114,28.29345453423902,502378
2014-10-28,27.018234252929688,27.17866505102746,26.360056217343914,26.77964373426721,431487
2014-10-29,27.853300094604492,28.268776286850816,27.149871970172008,27.232143054099286,301198
2014-10-30,27.507755279541016,28.34281894553615,27.191005044441926,28.186499506443987,215191
2014-10-31,28.17827606201172,28.62665252550505,27.840959598193876,28.62665252550505,232734
2014-11-03,26.71382713317871,28.41686414994386,25.01490304254567,28.137138096355166,796769
2014-11-04,25.24938201904297,27.1580985195298,25.21235940263829,26.648010881532382,656496
2014-11-05,25.48796844482422,25.854080076432634,24.99844862727884,25.854080076432634,373066
2014-11-06,25.775920867919922,26.73850718951113,25.130083204418572,25.668967529618747,300242
2014-11-07,25.854080200195312,26.09678364702858,25.36456038030662,25.915785078069284,290973
2014-11-10,26.113239288330078,26.228420056712956,25.586696839470882,25.961035905935518,312335
2014-11-11,26.51225471496582,26.787875723154553,26.216081627295832,26.479354440215563,246698
2014-11-12,25.483856201171875,26.495807119087207,25.17533494345604,26.388852204315704,345339
2014-11-13,25.541446685791016,25.903445402322948,25.463288531780144,25.70599198491106,219519
2014-11-14,25.7265567779541,25.95691828700072,25.582579265579874,25.681306747471346,190272
2014-11-17,25.85819435119629,25.915784732860747,25.389242307105473,25.504423070434388,186622
2014-11-18,26.413532257080078,26.578077551540904,25.85408013897755,25.858194634410196,178693
2014-11-19,26.750852584838867,26.7837622762003,26.17083261296744,26.491695826859612,230102
2014-11-20,26.90305519104004,27.06348599928753,26.57396458320688,26.91539553960667,157706
2014-11-21,27.84918212890625,27.94379668823039,27.04702817602017,27.149868587335835,233036
2014-11-24,28.260547637939453,28.342821861304657,27.49952911784544,27.972595702263032,283074
2014-11-25,28.096004486083984,28.589637255258978,27.931459183545453,28.26054665018191,185184
2014-11-26,28.260547637939453,28.383957403766903,27.836845587540985,28.260547637939453,107518
2014-11-27,28.17827606201172,28.42509245092515,27.97259521484375,28.342821367434226,131658
2014-11-28,28.058979034423828,28.301684050850806,27.41725583580413,28.293455059953367,146385
2014-12-01,27.8574161529541,27.915006542621786,27.067602404562322,27.89032584374731,134346
2014-12-02,27.478961944580078,28.297570822875326,27.355552183114597,28.04663994275196,134434
2014-12-03,28.445661544799805,28.564956811737517,27.21569096814505,27.507757391982633,166135
2014-12-04,29.021570205688477,29.77435975780969,28.4045276341014,28.67191023770315,415344
2014-12-05,29.996490478515625,30.02940016342724,29.095610607752207,29.30540278757311,361735
2014-12-08,29.67974853515625,30.514812319244943,29.655058421093255,30.029405367223426,225299
2014-12-09,29.13262939453125,29.918331584169874,29.091493860795836,29.593355532312017,208845
2014-12-10,28.548503875732422,29.395908011070706,28.425094104874624,29.136751258398345,187162
2014-12-11,27.750457763671875,28.31813573602117,27.248596026253875,28.281114692329904,365708
2014-12-12,27.705209732055664,28.137140770323267,27.528324076381587,27.643504849668766,196207
2014-12-15,27.1046199798584,28.408635710652412,27.1046199798584,27.602367220174205,220564
2014-12-16,28.379840850830078,28.379840850830078,26.90305395593001,27.215689705174444,363857
2014-12-17,28.18650245666504,28.32636706741628,27.5982488200408,28.06309582905706,179028
2014-12-18,28.988656997680664,29.06270222282372,28.441545230703642,28.63900021056528,240719
2014-12-19,29.309526443481445,29.416481383652794,28.684257926934666,29.124414900267546,278930
2014-12-22,29.40824317932129,29.576902960549727,29.083267102528193,29.412357674542548,142708
2014-12-23,30.03351593017578,30.03351593017578,29.293063680517424,29.48640416450824,151008
2014-12-29,30.004722595214844,30.115788870313402,29.33831552930163,30.025288796597216,102094
2014-12-30,29.84017562866211,30.02528712298847,29.659175491318685,29.831946637815346,37079
2015-01-02,29.498748779296875,29.988270233960986,29.28895342180642,29.823724917075154,148471
2015-01-05,28.466228485107422,29.67563289167756,28.416867089535234,29.342430917802407,269397
2015-01-06,28.544387817382812,28.861138080641144,28.116571277184452,28.466228090888293,189323
2015-01-07,28.466228485107422,29.083271037285538,28.32225251728734,28.63488828915432,165350
2015-01-08,29.548105239868164,29.74967155028016,28.766517552113044,28.828222421385295,151718
2015-01-09,29.12441062927246,29.84017913342682,28.88993457764737,29.367112534270007,153806
2015-01-12,28.85702133178711,29.49874452275908,28.35927409539982,29.20667811819003,182499
2015-01-13,29.206674575805664,29.36299085918987,28.548496621503688,28.90226786039851,118383
2015-01-14,28.939292907714844,29.27660935217055,28.482681202136444,28.815886289562062,141661
2015-01-15,29.62626838684082,29.774358850584665,28.59786413219785,29.243701878576005,178893
2015-01-16,29.9183406829834,30.152816748868545,29.37122881643771,29.37122881643771,254970
2015-01-19,31.39101219177246,31.71598833073497,29.96358650563063,29.99238483924841,326410
2015-01-20,32.24664306640625,32.63743542184268,31.164762936837104,31.321079251323543,405029
2015-01-21,32.485233306884766,32.58807372984518,31.563783995922872,32.250757268072654,247489
2015-01-22,32.62921142578125,32.82666643181667,32.135578618353975,32.36182568074113,227737
2015-01-23,32.670345306396484,33.176321575919495,32.452324108577216,32.826664760259874,310280
2015-01-26,32.57572555541992,32.66211111334098,29.700305760545287,31.87229760797142,959890
2015-01-27,31.53910255432129,32.70325698382672,31.214126416485453,32.579847211530264,308528
2015-01-28,31.604921340942383,32.020394413733996,31.238809665386544,31.72421661499688,251335
2015-01-29,31.012556076049805,31.547327502871312,30.78630590198521,31.547327502871312,251389
2015-01-30,31.683074951171875,32.1191204625123,31.247032578271973,31.341647144804863,254615
2015-02-02,32.1438102722168,32.31658147214907,31.67485807900553,31.90521967891523,223713
2015-02-03,33.29561233520508,33.52597385061394,32.32890996495664,32.32890996495664,237597
2015-02-04,33.768680572509766,33.85095479588108,32.84723123983605,33.27504778604474,338651
2015-02-05,34.2047233581543,34.66956091364859,33.188659534966526,33.456045247138114,370955
2015-02-06,34.299339294433594,34.34458933498679,33.79748062924141,34.0360680430918,157631
2015-02-09,33.25859069824219,34.14301892457902,33.061138852349615,33.999042966440584,178996
2015-02-10,32.908935546875,33.38200212304946,32.52636904560495,33.31207138823811,223174
2015-02-11,32.604530334472656,32.94184681445712,32.439985021163956,32.760846655973474,141940
2015-02-12,33.34497833251953,33.41902356391242,32.64566469926276,32.80609551087391,151751
2015-02-13,33.209232330322266,33.62059404157469,33.184548493507386,33.33263896063352,135374
2015-02-16,33.47250747680664,33.550664076916675,32.921281087475016,33.15575716468742,94367
2015-02-17,32.390621185302734,33.37788994803992,31.880533527624195,33.37788994803992,273637
2015-02-18,33.085819244384766,33.085819244384766,32.49757193073386,32.60041234823618,178773
2015-02-19,35.70620346069336,35.96536025008664,34.143027454392836,34.43920843566589,827123
2015-02-20,36.70168685913086,37.01020809615995,35.940668435480504,36.60296094204484,518002
2015-02-23,36.53303527832031,37.31873771146728,35.998266897142074,37.10482784824316,269190
2015-02-24,37.35163879394531,37.421569520692735,36.28621049648395,36.689346291360216,292732
2015-02-25,36.874454498291016,37.39277100606137,36.65231885210372,37.39277100606137,168769
2015-02-26,37.096595764160156,37.31461694850857,36.66055339546334,37.10482161669913,160206
2015-02-27,37.26114273071289,37.32695896929561,36.50423558714751,37.22823304220122,171646
2015-03-02,37.7547721862793,38.75438113326913,37.40511540728655,37.68072696285633,497188
2015-03-03,38.046836853027344,38.626858266515356,37.88640606598603,38.00158682197054,310134
2015-03-04,37.882301330566406,38.28955171499851,37.322852248572346,37.96869005825154,193609
2015-03-05,38.29777526855469,38.62686589790518,37.85350386046377,38.19082034324965,183493
2015-03-06,38.75438690185547,38.99297745044812,38.30600413770384,38.347139681630644,176251
2015-03-09,38.89835739135742,38.89835739135742,38.305998737745746,38.791405619912766,121984
2015-03-10,37.927547454833984,38.91481616174669,37.582005133556926,38.91481616174669,224176
2015-03-11,38.79963302612305,38.86545240051624,37.85349991908421,37.911093440898505,240837
2015-03-12,38.684452056884766,38.93538292817445,38.24840968835408,38.6679972133726,167670
2015-03-13,39.28091812133789,39.322053653457324,38.39649005779047,38.75026128320944,161592
2015-03-16,38.93538284301758,39.32617517564522,38.47054214552689,38.78729239017247,316583
2015-03-17,37.627254486083984,39.06290591303753,37.450368832907884,38.81197502973096,358428
2015-03-18,36.997867584228516,37.81236188883511,36.32734609013326,37.55320518072216,367999
2015-03-19,38.61863327026367,39.001199757029404,36.681120140011586,37.18709638577551,370207
2015-03-20,38.449974060058594,39.02999235656701,38.38826918465804,38.66799523315893,325614
2015-03-23,38.207271575927734,38.54870252236822,37.73420815632238,38.25663610719497,202631
2015-03-24,38.27309036254883,38.519906738209414,37.763002767724885,37.927544925871615,209768
2015-03-25,37.544979095458984,38.338907262186474,37.544979095458984,37.83704864964149,157147
2015-03-26,37.13362121582031,37.1624164107853,36.34380746383143,37.03900977741002,229578
2015-03-27,36.70168685913086,37.32284382844605,36.6564368266247,37.17475338359686,294401
2015-03-30,36.89502716064453,36.95261754020692,36.685231841701345,36.714027031482544,376438
2015-03-31,37.02666091918945,37.302272456010314,36.46720885548254,36.61118479722178,469497
2015-04-01,37.586116790771484,37.837047659699074,37.02255017493666,37.0348905228445,383129
2015-04-02,37.35575485229492,37.631369575621505,37.22823373000697,37.59845988650181,174903
2015-04-07,37.43391799926758,37.614918167521196,37.31462271914051,37.557327775520676,238094
2015-04-08,37.93577194213867,38.13322377701281,37.688955579325835,38.018043016929504,300294
2015-04-09,39.49894332885742,39.614127224455046,38.26485840770231,38.37181331296569,282431
2015-04-10,40.04194259643555,40.85232557118399,39.47426463379429,39.65526476903081,345225
2015-04-13,40.074859619140625,40.20238389160357,39.68818172094602,39.8486125471159,120346
2015-04-14,39.61412811279297,40.36280618954506,39.490718362533926,40.14067052214297,184148
2015-04-15,39.77456283569336,40.107764800504235,39.57710784345392,39.61824338479195,125674
2015-04-16,38.74615478515625,39.873284826443324,38.64331437274289,39.778670266109295,305871
2015-04-17,37.55732345581055,38.66388426492578,37.05957305036259,38.478772760277984,372595
2015-04-20,37.824703216552734,37.99747749821343,37.487386782362435,37.487386782362435,138556
2015-04-21,37.45448303222656,38.25252257460632,37.34752811434203,37.985136849115314,157358
2015-04-22,37.762996673583984,37.943993646024445,36.981408994756606,37.388656105797615,179122
2015-04-23,37.4956169128418,37.91109307902153,37.02666485930842,37.721863948667625,161856
2015-04-24,37.82059097290039,37.923431385040374,37.41334068114904,37.50384074598267,131786
2015-04-27,38.66387939453125,38.66387939453125,37.528523535745684,38.06740627607739,178260
2015-04-28,38.56515884399414,39.04645127314143,38.215502031496726,38.667999267578125,190741
2015-04-29,37.240570068359375,38.89013118116382,37.170639340341424,38.83254080062663,216855
2015-04-30,37.85761642456055,37.985137546167174,36.84978152356996,37.46682406828436,228612
2015-05-04,37.89052963256836,38.096210499909,37.50796309377712,37.861734436678304,102471
2015-05-05,37.61492156982422,38.680347056643456,37.503852133461905,37.89875905937413,219521
2015-05-06,37.31050491333008,37.619026188153995,36.62764612370896,37.5079599101313,249544
2015-05-07,39.33028793334961,39.52773976945853,36.767503451708215,37.7218623620756,287891
2015-05-08,40.025489807128906,40.43685145719831,39.28092308636387,39.81980898209421,310879
2015-05-11,40.74948501586914,41.02921107007338,39.7457647000872,39.90208100097412,235684
2015-05-12,40.16535186767578,40.733029823497596,39.457809316731264,40.313442315010235,150455
2015-05-13,39.515525817871094,40.976610515857985,39.37893635826859,40.83174434257309,272485
2015-05-14,40.248138427734375,40.29780818567605,38.91122647772476,39.27960183171596,173183
2015-05-15,40.637203216552734,41.969978156016275,40.144655132530474,40.47578047870172,301603
2015-05-18,40.79862976074219,41.20839496752832,40.33505486442194,40.79862976074219,117329
2015-05-19,41.81269454956055,42.11070674632334,40.86485458741986,40.86485458741986,254528
2015-05-20,41.32428741455078,41.87064522761318,40.868992394844376,41.713359254333184,130050
2015-05-21,41.64713668823242,41.72991645381889,41.06352891995722,41.06352891995722,91607
2015-05-22,40.90624237060547,41.72163593441646,40.87312920425332,41.72163593441646,172316
2015-05-26,40.28125,41.448462423585525,40.13224388993838,41.340846197908625,199055
2015-05-27,41.3905143737793,41.48985072407959,40.500617683173914,40.81104654097726,180171
2015-05-28,40.691009521484375,41.41534344917221,40.48405697071642,41.382233441011785,150705
2015-05-29,39.62314224243164,40.67445856690738,39.62314224243164,40.67445856690738,152975
2015-06-01,39.420326232910156,40.05360061729337,39.2382101113296,39.7762849202366,152735
2015-06-02,39.90873336791992,40.10326929154411,39.126452895617405,39.52794139197444,171938
2015-06-03,40.256412506103516,40.47164177718403,39.76386440706667,40.148796291640544,122108
2015-06-04,39.36237716674805,40.14879754402485,39.22992765167952,39.9915147317077,115582
2015-06-05,38.98158645629883,39.399631534520715,38.72496413106295,39.1968157409983,119539
2015-06-08,38.48075866699219,39.167839509030934,38.35658587057963,39.07678303721983,154830
2015-06-09,38.7704963684082,38.857416074835776,37.508087499422004,38.298644729032326,216582
2015-06-10,40.393001556396484,40.51717436294748,38.53456834084935,38.8036073164794,161291
2015-06-11,40.11982727050781,40.77793495890226,40.01635098054548,40.16121715492359,144625
2015-06-12,39.254764556884766,40.06602146381941,38.749802905293116,39.8590688801382,114478
2015-06-15,38.108245849609375,38.77049343745458,37.70261742576604,38.758076788595865,143847
2015-06-16,38.944332122802734,39.14300797443473,37.342521292497906,37.93854568954837,170629
2015-06-17,38.03374099731445,39.05194720749975,38.03374099731445,38.87396788064752,139050
2015-06-18,37.88473892211914,37.971658627081815,36.74649972813597,37.702619640571186,194704
2015-06-19,38.290367126464844,38.89466827939787,38.00891149215466,38.05444131225232,238116
2015-06-22,39.48655319213867,39.86734518431568,38.98572832371865,39.1554277985134,142072
2015-06-23,39.672813415527344,40.14466509835808,39.60245028829819,40.14466509835808,125082
2015-06-24,38.977447509765625,39.92943062503932,38.82016468841119,39.92943062503932,190437
2015-06-25,38.56768035888672,39.26304110755214,38.40211767437675,38.71668645916113,140897
2015-06-26,38.787052154541016,39.051951204244254,38.340033823974636,38.48490315621346,122975
2015-06-29,37.7895393371582,38.042021717115,36.83755628245104,36.920336044666655,313239
2015-06-30,37.652950286865234,38.40625749926231,37.147985521594954,37.897152798483674,204619
2015-07-01,38.90293884277344,39.51965970556114,38.240691324931355,38.273804490284775,184454
2015-07-02,38.907081604003906,39.097477581848,38.712545690728604,38.8077452585734,149884
2015-07-03,39.26304626464844,39.54036198186612,38.80361125476435,38.82430777723861,203585
2015-07-06,38.47248077392578,38.98158547597157,38.33589448026569,38.33589448026569,170360
2015-07-07,37.61569595336914,38.526289106861896,37.47910966451385,38.4393694111011,290284
2015-07-08,37.03622817993164,37.65294586879953,37.03622817993164,37.47496655697045,179331
2015-07-09,37.79781723022461,37.88059699502447,37.00726005549543,37.00726005549543,152398
2015-07-10,39.13886642456055,39.21750940644019,38.335892653705514,38.57595521897504,147062
2015-07-13,39.40377426147461,39.83837598995805,39.0726519921099,39.470000610055216,111584
2015-07-14,38.91535949707031,39.130591936182746,38.36900484386691,39.130591936182746,112678
2015-07-15,39.15542221069336,39.225785320497415,38.55940100820939,38.762213624992704,95419
2015-07-16,40.612369537353516,40.73240239526105,39.41618405131899,39.58588350019151,207194
2015-07-17,40.69929504394531,41.13389356620486,40.48406259286327,40.645485352251924,144882
2015-07-20,40.92280578613281,41.17114825954579,40.260554979903716,40.438534331454754,82180
2015-07-21,40.84416198730469,41.05939128459468,40.682739224875746,40.860718572918664,212300
2015-07-22,40.58753204345703,40.748954775645316,40.235713349145264,40.47991899389499,71849
2015-07-23,40.715843200683594,41.00143555394934,40.34332800311403,41.00143555394934,87510
2015-07-24,41.44845962524414,42.433552701614616,41.24978693047229,41.30773339626788,277747
2015-07-27,39.710060119628906,41.43190385897437,39.619000483625165,41.39879068991017,189777
2015-07-28,40.637203216552734,40.68687296583202,39.81766972159383,39.871479406107724,203460
2015-07-29,40.248138427734375,41.03869882961505,39.9170161816609,40.811049719689755,161497
2015-07-30,40.68687438964844,40.73240420528641,39.96667721019984,40.550284942734514,152236
2015-07-31,41.038692474365234,41.17114198385268,40.50889443641547,40.80276668690806,114454
2015-08-03,41.9285888671875,42.05275850536492,40.89796287059625,41.23736493416714,139971
2015-08-04,43.22825241088867,43.32758875702601,42.24315618905464,42.29282594104606,238485
2015-08-05,43.45176315307617,44.20507038444758,43.05441143825014,43.377260101276995,236115
2015-08-06,45.347442626953125,47.5990874252311,44.57757887336089,44.701751668912685,575405
2015-08-07,45.62890625,46.05936801699997,44.089178472074,45.15705459648667,219010
2015-08-10,46.48981857299805,46.605711490426295,45.49644574699928,45.72823473970092,180569
2015-08-11,46.21664810180664,46.76300274437669,46.06764200311976,46.41532079482547,268506
2015-08-12,44.72658920288086,45.52956619908442,44.428576991595186,45.463339859756196,213307
2015-08-13,45.36399841308594,45.91863289020051,45.198435741207916,45.314331822014246,127966
2015-08-14,46.23319625854492,46.4815418332813,45.23982659098005,45.49644572003474,178894
2015-08-17,46.00141525268555,46.97823159846182,45.70340305799509,46.60571635509875,143095
2015-08-18,46.398765563964844,46.69677777002999,45.554398699395456,45.786187725138134,162094
2015-08-19,45.15705108642578,46.17525737316961,45.15705108642578,45.97658467020996,151235
2015-08-20,43.12891387939453,44.92526381052023,42.94679776701058,44.70175465828732,300070
2015-08-21,42.83917999267578,44.22162158005524,41.92858999026917,42.25971219212363,274030
2015-08-24,41.44845962524414,42.102430491046356,40.10740788307476,41.39051315944855,337333
2015-08-25,43.70838928222656,44.67692910989634,41.77131278473313,41.978265388491636,427276
2015-08-26,43.824275970458984,45.123937883649894,42.63223028003582,42.94679907697851,288314
2015-08-27,45.57095718383789,45.97658562741444,44.610697345285736,45.35572789150971,241048
2015-08-28,45.546119689941406,45.83585201020654,45.0742681067408,45.45506005847367,165913
2015-08-31,45.546119689941406,45.56267627364876,44.79281249940662,45.36400042700593,98724
2015-09-01,44.4616813659668,45.0328723772214,43.82426718632973,44.743136936743625,181614
2015-09-02,44.36235427856445,45.173607996827776,44.35407756498386,44.46169063076008,181932
2015-09-03,46.67194366455078,47.08584879740245,44.72658764544061,44.892150330150386,229832
2015-09-04,44.602413177490234,46.0593576981385,44.180228219238344,46.0593576981385,220387
2015-09-07,44.75969696044922,45.32260814529234,44.37890502889219,45.09082230136116,111503
2015-09-08,45.57095718383789,45.91035928648531,45.190165197032634,45.198441910725904,209099
2015-09-09,46.73816680908203,47.309357913015084,45.86068994910809,45.943469712478844,251238
2015-09-10,46.89545440673828,47.39213931987822,46.15042387918272,46.2166502184524,122667
2015-09-11,46.06764602661133,47.59081715678482,45.57923780666858,46.92028965413081,378009
2015-09-14,46.35737609863281,46.771281242370605,45.951747668317694,46.19181340956857,180577
2015-09-15,47.011356353759766,47.367315100950364,46.21665907726989,46.68023090963251,126291
2015-09-16,47.7646484375,48.66696166794665,47.259683718005284,47.334186761174095,270192
2015-09-17,47.7646484375,48.0129908621143,47.40040993407679,48.0129908621143,153344
2015-09-18,47.201744079589844,47.607369361587644,46.47327012530236,47.59909264797055,185708
2015-09-21,46.705055236816406,47.466642348807106,45.9931410370987,46.64710876890736,282496
2015-09-22,42.93852233886719,46.91201142140457,42.78123950784166,46.729895290176565,456764
2015-09-23,44.20507049560547,44.72658870166549,42.284550886448024,42.84745897520153,321173
2015-09-24,43.16202926635742,45.02460247284243,42.82262716393398,44.296128512331485,340495
2015-09-25,44.6438102722168,44.958379074222684,43.98156265576682,44.28785158627886,198331
2015-09-28,42.673614501953125,44.45340766687731,42.557721581045556,44.37062475348243,231030
2015-09-29,43.33586502075195,43.99811574238864,41.8209739159449,41.89547696423675,261246
2015-09-30,45.347442626953125,45.71168114305419,44.31267985683941,44.701751668912685,259530
2015-10-01,46.63882827758789,47.077566687030775,45.71995842110944,45.76962817151342,347195
2015-10-02,47.011356353759766,47.48320805904102,46.40705510239686,47.09413613586844,236862
2015-10-05,46.46499252319336,47.72326454459475,46.32426313162797,47.72326454459475,297954
2015-10-06,46.58916091918945,46.88717312122321,46.28287200391946,46.39876493630024,238509
2015-10-07,47.6322021484375,48.00471738942177,46.77127873768394,46.77127873768394,238772
2015-10-08,46.77128219604492,48.13717046136859,46.47326998122189,47.582535915371125,179903
2015-10-09,46.82094955444336,47.5908133507129,46.580883820586074,47.118958596166095,179324
2015-10-12,46.183536529541016,47.284522565832056,46.02625055446684,46.96167706013653,148459
2015-10-13,44.44512939453125,46.10074982780954,44.03950415677148,46.10074982780954,239616
2015-10-14,43.799434661865234,44.39545897699651,43.48486592245205,44.08916694958455,188052
2015-10-15,43.46003723144531,44.130564656983395,43.21169479312043,43.94844539521728,202348
2015-10-16,43.989837646484375,44.320963020663186,43.60904567667067,43.87394471287547,144938
2015-10-19,43.90705871582031,44.610696202007965,43.66699297287322,44.080898119535526,189553
2015-10-20,44.122291564941406,44.37891391341544,43.19514484575943,43.80772274388387,184771
2015-10-21,45.3143310546875,45.554393609107976,44.29612174512529,44.378904658585164,203699
2015-10-22,44.94181823730469,45.413669816750556,44.24645751635624,45.22327384239919,219790
2015-10-23,45.52956771850586,46.0759224048141,45.13221914281312,45.27294538181344,176563
2015-10-26,45.77790451049805,46.200089490870745,45.4633357428658,45.57095195560625,139443
2015-10-27,45.14048767089844,45.82757162945836,45.04115133445014,45.49644629750379,110678
2015-10-28,45.926918029785156,45.943474615795424,45.13222084836793,45.14877743437819,128883
2015-10-29,46.61399459838867,46.8457804493457,46.150419738629225,46.274592534696424,156278
2015-10-30,47.40041732788086,47.996441766202885,46.845785931655676,46.87889910219484,277840
2015-11-02,48.37723159790039,48.782860024313706,47.0610131271613,47.0610131271613,206249
2015-11-03,48.08749771118164,48.70835540077797,47.623922832792,48.70835540077797,164046
2015-11-04,46.597442626953125,47.92193784614763,46.10075455137092,46.68850226536882,262237
2015-11-05,49.80106735229492,50.363978607007915,47.74809819421929,48.095777003270776,535973
2015-11-06,51.696754455566406,53.16197908220165,48.633855679100705,48.633855679100705,627244
2015-11-09,50.951717376708984,52.1023730539315,50.74476482590363,51.21661638911221,291894
2015-11-10,51.075897216796875,51.48980237551023,50.71165865610784,50.97656086290248,192208
2015-11-11,47.21829605102539,48.0957728696034,46.79611106735316,47.7646506738959,807299
2015-11-12,45.14048767089844,47.359019184596576,44.751419037373786,47.25968284814829,523354
2015-11-13,44.56930923461914,45.910361113339356,43.54282301429217,45.34744982442552,497659
2015-11-16,46.72160720825195,46.820946707297644,44.61897167064365,44.61897167064365,554640
2015-11-17,47.8060417175293,47.93021451759614,46.671942564444386,47.019621352078765,306050
2015-11-18,47.82259750366211,48.070939941807694,47.47491556398196,47.806040920073016,240018
2015-11-19,48.36067581176758,48.74147094659275,47.988163706113426,48.219949577693015,180856
2015-11-20,48.3441276550293,48.74147626013072,48.17856494677554,48.60074685286892,144880
2015-11-23,49.0560417175293,49.0560417175293,48.12061826200377,48.26134451080379,339053
2015-11-24,48.426902770996094,48.92358769012444,47.847434926782554,48.65868864554323,196344
2015-11-25,49.503055572509766,49.59411521125084,48.29445328594532,48.46829269198972,247928
2015-11-26,49.60239028930664,49.7679529762999,49.41199430451035,49.60239028930664,185496
2015-11-27,49.569278717041016,49.751394824936966,49.25470993744546,49.66861506297021,122861
2015-11-30,49.726558685302734,49.726558685302734,49.147090911124195,49.61894247462143,277913
2015-12-01,49.205039978027344,50.397088755532074,49.1305369294333,49.91695729618256,262604
2015-12-02,49.527889251708984,49.80106499476822,49.12226083583856,49.50305279663412,214471
2015-12-03,49.02292251586914,50.44675395497832,48.6586839959903,49.5609972672018,420696
2015-12-04,49.337486267089844,49.635498441990755,48.63384886578678,48.94841762349834,311349
2015-12-07,51.1917839050293,51.1917839050293,49.52788675962974,49.67688969335393,525710
2015-12-08,50.91033172607422,51.42357321049804,50.67026598932036,51.02622465889454,233024
2015-12-09,50.918609619140625,51.46496428498533,50.72821363111777,50.96000265997461,175058
2015-12-10,50.794437408447266,51.158672781358945,50.256359483198985,50.71165448879996,121350
2015-12-11,50.04941177368164,50.753052448604635,49.85073906295562,50.62887963601652,274249
2015-12-14,49.92523956298828,50.76960643496055,49.776233458649315,50.14874871949673,243811
2015-12-15,50.7447624206543,50.92688166724125,49.701723003486244,50.40536037973464,247006
2015-12-16,50.82754898071289,51.407013610825864,50.587483258040145,50.82754898071289,158811
2015-12-17,52.309326171875,52.95502028472314,51.47323924700845,51.572575588275335,234361
2015-12-18,51.27457046508789,52.10238079124082,51.00139469953724,51.93682125228687,339266
2015-12-21,50.363975524902344,52.003039434080634,50.363975524902344,51.324235284557666,93627
2015-12-22,50.01629638671875,50.99311278507517,49.8341802695959,50.72821374394587,88510
2015-12-23,50.63715362548828,50.82755276997178,50.157025302194015,50.67026679477634,75821
2015-12-25,50.63715362548828,50.63715362548828,50.63715362548828,50.63715362548828,0
2015-12-28,49.883846282958984,50.827552658525555,49.85901298497021,50.827552658525555,64957
2015-12-29,50.802711486816406,51.0345004919626,50.13218724059739,50.306026626073034,126366
2015-12-30,50.89377212524414,51.00966505119555,50.297747754242174,50.91032870864368,58683
2016-01-04,50.09907531738281,50.471590551104875,49.254708506894595,50.38053092087888,197253
2016-01-05,50.86893844604492,51.142114175466986,49.88384226718456,50.38053029189481,274636
2016-01-06,50.43020248413086,51.25801279273061,49.75967815518632,50.55437529355911,381770
2016-01-07,47.772926330566406,48.42689715256079,46.70505040470398,48.228221313252185,510352
2016-01-08,48.61729431152344,49.4533844101973,47.68186786968624,48.070939687356976,346011
2016-01-11,48.517967224121094,49.3126644367228,47.897109434679884,48.352404515367574,249652
2016-01-12,48.86564254760742,49.34577405259428,48.31101114479066,48.600743495837364,210691
2016-01-13,49.28782653808594,49.95835086711447,49.17193360012278,49.37888617729863,292175
2016-01-14,46.83750534057617,48.36895303600812,46.3159840002177,48.36895303600812,340563
2016-01-15,46.12559127807617,47.259690513523395,45.695129539853745,47.061014650557,265345
2016-01-18,45.97657775878906,46.671938430309226,45.463333177964394,45.94346459399162,136531
2016-01-19,47.979888916015625,48.070948563164166,46.35738132743832,47.027908872749045,263690
2016-01-20,46.41531753540039,47.61564295371175,46.191808403065565,46.91200239091426,283804
2016-01-21,46.73816680908203,47.07756889145499,45.811020196378315,46.31598496333832,192327
2016-01-22,49.00636672973633,50.024572943712876,47.11895723943147,47.45008259782754,296201
2016-01-25,49.784507751464844,49.97490372934157,48.61729542945849,49.155373353169814,229811
2016-01-26,50.91033172607422,51.39873991284957,48.956698978972824,48.998088861002145,263169
2016-01-27,52.367279052734375,52.764630782195844,50.74477159584205,50.95172417425727,241050
2016-01-28,51.40701675415039,52.65701203632984,50.95172173500278,51.97820786425255,255710
2016-01-29,54.304351806640625,54.42852460881035,51.85403419430183,51.986483709621616,291180
2016-02-01,53.70005798339844,54.171909615379334,52.53284239520321,53.97323059035149,332239
2016-02-02,54.02290344238281,55.190112713545375,53.56760523849826,53.74144464842921,301870
2016-02-03,54.08911895751953,55.42189397153472,53.45998771186208,53.79111307655554,350761
2016-02-04,51.32423400878906,54.34574259663819,50.64542987613916,54.34574259663819,305899
2016-02-05,50.405364990234375,51.99476229254295,50.30602864566679,51.31595814861448,251864
2016-02-08,47.07756805419922,50.47159197541299,46.96167512440306,50.314306006822065,447144
2016-02-09,46.74644470214844,47.25140944774192,44.56930291288695,46.77127799853978,372999
2016-02-10,48.186832427978516,49.221595208983956,46.94511709077199,46.94511709077199,328749
2016-02-11,46.30770492553711,47.61564665543474,45.98485942857,47.61564665543474,244939
2016-02-12,47.28451919555664,47.28451919555664,46.034527144524944,47.06928992638229,200502
2016-02-15,49.867286682128906,50.132185687364114,48.18682986772684,48.26133291031457,291648
2016-02-16,50.16530227661133,51.38218441259111,49.83418005554479,51.32423794495833,205260
2016-02-17,51.83747863769531,52.15204742700736,50.099078319933305,50.38881065361178,172214
2016-02-18,52.62389373779297,53.501370521709,51.762970378839825,52.483167520691445,191481
2016-02-19,51.55602264404297,52.71495828605684,50.96827810978183,52.4003894990224,156978
2016-02-22,52.51628494262695,52.897080085284344,51.92854038026386,52.07754648872855,154990
2016-02-23,52.027870178222656,52.89707342070304,51.70502470317352,52.052706631734736,108277
2016-02-24,50.01629638671875,52.441780797808505,49.66861757942867,51.83747966286693,233694
2016-02-25,51.787811279296875,52.350722511734006,50.49642612996837,50.70337869607479,199086
2016-02-26,53.72488784790039,54.95004351212179,52.930187587824165,53.799387740754284,359371
2016-02-29,54.45336151123047,54.577534321621144,53.25303908073412,53.41859861746069,217188
2016-03-01,57.8804931640625,58.01294584017055,54.53613888062883,54.63547838770987,284624
2016-03-02,56.43181610107422,58.14538284957406,55.7612919042626,57.532805110317895,231331
2016-03-03,56.70500564575195,56.87056517975497,55.95997511135562,56.87056517975497,103715
2016-03-04,56.887123107910156,57.574207151918785,55.976533068558005,56.862289810171006,118994
2016-03-07,56.0096549987793,56.99474508544211,55.32257084729318,56.57256001076252,121049
2016-03-08,54.96659469604492,55.76129167454148,54.544409755200135,55.33910673369669,188006
2016-03-09,55.777854919433594,56.125540040241944,54.9252113334931,54.98315780101262,129077
2016-03-10,54.03117370605469,56.98645612619099,54.03117370605469,55.562627762700984,201707
2016-03-11,55.88547134399414,55.99308440207149,54.68514270071169,54.83414879726775,108532
2016-03-14,56.448387145996094,57.41692369440701,56.133815185673896,56.37388093382293,140395
2016-03-15,56.43181610107422,56.63049508328449,55.753012034414624,56.15036368314497,92552
2016-03-16,56.65534210205078,57.118913874795886,56.4318297718403,56.556002586880375,169811
2016-03-17,56.38215637207031,57.946717232081234,54.834148938078826,57.53281210899494,225828
2016-03-18,56.564273834228516,57.24307796183123,56.00964250273292,56.48149407538736,196517
2016-03-21,54.6768684387207,55.9599705109911,54.354022952971384,55.4384523376324,226213
2016-03-22,55.372222900390625,55.90202091478874,53.6255429006532,54.44507321734866,215129
2016-03-23,56.39043426513672,56.77949976201168,55.66195723201259,56.001362452571016,161273
2016-03-24,56.820892333984375,57.68181571064362,56.01791541942284,56.30764772991136,186345
2016-03-29,56.99473190307617,57.65698259976599,56.191754985939255,57.09407140228686,176265
2016-03-30,57.86393737792969,58.21161616499952,57.30930602964816,57.30930602964816,171491
2016-03-31,58.12883377075195,58.219893398815906,57.40863661670727,57.78115499942997,130951
2016-04-01,58.12055587768555,58.14538917424048,57.20168601100767,57.75631735303748,131323
2016-04-04,58.02949523925781,59.01459142344364,57.49969720297907,57.70664975826579,156982
2016-04-05,55.35567092895508,57.02784477161121,54.32090816808873,56.87883868141883,292839
2016-04-06,56.51460266113281,56.62222203505147,54.95004180295364,55.521232893165106,155471
2016-04-07,54.792762756347656,56.85400852128191,54.685143381240096,56.36559718705697,199923
2016-04-08,55.2977294921875,55.61229512642856,54.48647263504094,54.63547873877434,177183
2016-04-11,55.463287353515625,56.23315114702042,54.469917568982815,55.38050759075307,112854
2016-04-12,55.27289581298828,55.50468802255366,54.469925056552974,55.50468802255366,151917
2016-04-13,57.160301208496094,57.41692036910403,55.28116837397355,55.463287642414436,146294
2016-04-14,57.16856384277344,57.97982052475429,56.85399827645305,57.32584978377857,183678
2016-04-15,56.001365661621094,57.13546168204621,55.686793719040374,57.12718812669806,123590
2016-04-18,56.630496978759766,56.812609911679374,55.2977220946851,55.49639476785493,87873
2016-04-19,57.433475494384766,57.53281500257044,56.42355224844118,57.11890985866705,104578
2016-04-20,56.47321319580078,57.665261912025805,56.166921146301114,57.36724973296955,112017
2016-04-21,56.564273834228516,57.03612540688296,56.175202020415234,56.878839444101224,154780
2016-04-22,56.20003890991211,56.605664175152874,55.59574094761134,56.415271349213626,87324
2016-04-25,56.72983169555664,57.44174896904796,56.09242062383053,56.4566528152352,127747
2016-04-26,57.05268478393555,57.491423235683214,56.78778573859593,57.03613135671682,138656
2016-04-27,58.33578872680664,58.58412800983268,56.71328141141099,56.945067268511664,194158
2016-04-28,58.451683044433594,58.451683044433594,57.25136069205532,57.76459901192056,101782
2016-04-29,56.55599594116211,58.38545583299048,56.547716070281254,57.79771131426932,172069
2016-05-02,55.61228942871094,56.30764696443026,55.512949931169345,55.877188439797905,147451
2016-05-03,54.15534973144531,55.504684597898695,53.6089982032668,55.46329155553586,294754
2016-05-04,53.7828369140625,54.40369464728805,53.542771165998985,54.15534902772125,243412
2016-05-05,54.63548278808594,54.63548278808594,53.79111901481078,53.79111901481078,200281
2016-05-06,54.56097412109375,54.95003961567223,54.105675978078594,54.40368815974475,87646
2016-05-09,54.569252014160156,55.4632886302343,54.569252014160156,55.06593691785984,80064
2016-05-10,54.90037155151367,55.5129493237576,54.22984731859383,54.72653216948596,143794
2016-05-11,55.76740264892578,55.84315905665522,54.866706742276875,55.11924094579815,190617
2016-05-12,51.0534782409668,54.94246116354863,50.95246327876819,54.28587996478605,546929
2016-05-13,50.19487380981445,51.120821883107716,48.763860523820036,51.120821883107716,454859
2016-05-17,49.66455078125,50.72518214775976,49.02480543831016,50.506322828389834,279686
2016-05-18,49.45410919189453,49.50461667217364,48.20828691162714,48.822780138380985,276128
2016-05-19,49.74872589111328,49.99284055147252,48.8059421127842,49.21841182205,168600
2016-05-20,50.725189208984375,50.79253252346077,49.799241112675716,50.59050579113755,257487
2016-05-23,50.20328903198242,51.028225329326524,49.790822488863284,50.901961437212954,189835
2016-05-24,50.59892272949219,50.75885827655492,49.176325789264546,49.984429466222785,115332
2016-05-25,51.18817138671875,51.53329787880723,50.910385004471145,51.28918315703321,224598
2016-05-26,51.29758834838867,51.72689389861366,51.13765281246293,51.541703017253425,106737
2016-05-27,51.457523345947266,51.6932184787913,50.7841063870319,51.17973704414791,138312
2016-05-30,51.30601119995117,51.71847773927561,51.00297272389725,51.53329005699161,65868
2016-05-31,51.94575500488281,52.147781719764644,50.92721154465508,51.30600962811745,173028
2016-06-01,51.524864196777344,52.442395820312434,51.45752410544456,52.08043359747072,222488
2016-06-02,51.73530960083008,52.1056913592155,51.3312594007687,51.600626200809614,88758
2016-06-03,50.71676254272461,52.10568761464384,50.40530780464226,51.8784087913604,129899
2016-06-06,50.834617614746094,51.21341570948977,50.69993420451565,50.80936547879844,88325
2016-06-07,51.65955352783203,51.66797304715717,50.85145307233049,51.171327373464514,100858
2016-06-08,50.6746826171875,51.39018763970068,50.422151621659665,51.348099675630344,96570
2016-06-09,49.38677215576172,50.649430423115376,49.083736868925904,50.52316652304363,141837
2016-06-10,47.50961685180664,48.99113756734934,47.43385723327201,48.99113756734934,257991
2016-06-13,47.113990783691406,47.341269661683725,46.37323035295046,46.7688643121711,222968
2016-06-14,46.2469596862793,46.920379959456326,45.93550489715372,46.684681579402024,408600
2016-06-15,46.97087860107422,47.29075287137464,46.33954957898691,46.38163753823831,270397
2016-06-16,45.8513298034668,46.844621192273344,45.64088676704348,46.415315599750464,238502
2016-06-17,45.89341735839844,46.92879670301568,45.834493565614956,46.13753204913335,184386
2016-06-20,48.77227783203125,48.98272087219361,47.07189768218663,47.07189768218663,197908
2016-06-21,48.90695571899414,48.99113485220386,47.85474063716461,48.4944892051361,241590
2016-06-22,48.923797607421875,49.336267383491595,48.7554425312484,49.24367193104088,250820
2016-06-23,49.73189926147461,49.85816315502134,48.88170760717298,49.395189123138266,174873
2016-06-24,47.18132781982422,48.71335285822428,40.42189856102262,44.613923434226685,565705
2016-06-27,44.226707458496094,47.56012424557356,43.948921120686755,47.30759325463238,223147
2016-06-28,44.63075256347656,45.55670049434859,44.3698020831628,45.44727244453462,244965
2016-06-29,44.933799743652344,45.55670935691595,44.63076124591068,45.16949492584873,182955
2016-06-30,44.782283782958984,45.211586212210875,44.420321463090836,44.69810463234647,171307
2016-07-01,46.120697021484375,46.33114005967939,44.45398854431259,45.16949358973326,232347
2016-07-04,46.0786018371582,48.35980324314209,45.87657513925492,47.518031222238335,221565
2016-07-05,44.80752944946289,45.91025207988484,44.58867011170043,45.87658042450422,336207
2016-07-06,43.6374626159668,44.891704366553995,43.401767472677456,44.546574748015324,252907
2016-07-07,43.32601547241211,44.14253230987247,43.22500049802245,43.847913329001116,277189
2016-07-08,44.799110412597656,45.40518411700585,42.87145160939284,43.33442560380784,312982
2016-07-11,45.817657470703125,46.11227643290482,45.22000002674776,45.42202354051297,127069
2016-07-12,46.432151794433594,47.0971525654448,45.90183443935198,45.91867026773142,151841
2016-07-13,45.523033142089844,46.60050031810436,45.523033142089844,46.55841235862357,169103
2016-07-14,47.98101043701172,48.452403976250615,46.794111886224606,46.794111886224606,378248
2016-07-15,47.6527214050293,47.96417619801934,47.038228127570726,47.96417619801934,184202
2016-07-18,48.09044647216797,48.72177561937248,47.80424379699102,47.837915455507385,218750
2016-07-19,48.15778350830078,48.25879847741074,47.03822822839877,47.72848112845406,196854
2016-07-20,49.36993408203125,49.58879341129945,48.46923820774459,48.67126170997591,178920
2016-07-21,48.873294830322266,49.66455953815226,48.612344293699884,49.66455953815226,149501
2016-07-22,49.167911529541016,49.31943077458969,48.55341824066847,49.01639228449234,127313
2016-07-25,49.66455078125,49.96758923199722,48.90695465438195,49.35309602291781,129332
2016-07-26,52.215118408203125,52.391892976347776,50.25379123249493,50.42214628205363,308648
2016-07-27,52.22353744506836,52.81277850753578,51.34809376432279,52.65283976693286,200792
2016-07-28,52.55183029174805,52.846449230150604,51.83632532071005,52.12252474024077,187466
2016-07-29,52.711769104003906,52.9390479610843,52.04677157155291,52.61075734900344,194675
2016-08-01,52.964298248291016,53.17474127034133,52.26562908485894,53.141072827253595,196511
2016-08-02,52.686519622802734,52.83803886849109,51.81107580573799,52.804367211425685,192983
2016-08-03,52.14778518676758,52.82961857122529,52.07202556503828,52.787530606065886,236195
2016-08-04,53.873409271240234,55.32967769137622,53.49461122008074,53.873409271240234,307914
2016-08-05,53.33468246459961,53.62930142451946,51.85316172330194,52.25721516991464,344786
2016-08-08,53.37677001953125,53.890248315582994,53.13265533397999,53.64613684113754,149927
2016-08-09,54.6478385925293,54.65625811104008,53.511447637589,53.511447637589,165169
2016-08-10,54.65625762939453,54.673090244056844,53.96600482844445,54.428982009293655,117770
2016-08-11,54.925628662109375,54.925628662109375,54.23537580784182,54.63100971618018,96115
2016-08-12,54.63100814819336,55.11081796699579,54.58891697617811,54.84145116384725,86814
2016-08-15,54.79094696044922,55.14449614948986,54.53841916509097,54.597342959562425,73808
2016-08-16,53.940757751464844,54.55524778850641,53.87341444208149,54.26062883771858,91711
2016-08-17,53.36834716796875,53.90708074512969,53.275751732311946,53.90708074512969,86752
2016-08-18,54.44581604003906,54.76568710462932,53.67138409010806,53.71347526117487,79559
2016-08-19,53.8818359375,54.56366930893213,53.27575897524402,54.56366930893213,89205
2016-08-22,54.243797302246094,54.71518763289874,53.730315796837345,53.87341551546953,134873
2016-08-23,54.689937591552734,54.96772394227437,54.15120392954149,54.56367048466001,95658
2016-08-24,54.614173889160156,55.009807820760635,54.31955492590822,54.52157844039358,62810
2016-08-25,54.176456451416016,54.42899066699579,53.66297492269251,54.42899066699579,93038
2016-08-26,54.8582878112793,54.90037898638815,53.864999658605754,54.04176782297614,81498
2016-08-29,54.42056655883789,54.88353735208367,54.201704018602584,54.64784219592781,61543
2016-08-30,54.67308807373047,55.01821767161053,54.54682741324811,54.63100332763989,75986
2016-08-31,54.49632263183594,55.110819075680276,54.31955126579584,54.631009247225336,93937
2016-09-01,55.110816955566406,56.10410822811171,54.782526370948226,54.80777850480946,183131
2016-09-02,55.843162536621094,55.935757988868374,55.00139036870908,55.55696308219276,142155
2016-09-05,55.54853439331055,56.06201584475726,55.506449645188745,55.97783992630275,77065
2016-09-06,55.683231353759766,55.98626985430853,55.38861237328516,55.81791156388582,89103
2016-09-07,55.98627471923828,56.146207081272046,55.55696906912098,55.55696906912098,70427
2016-09-08,55.026641845703125,56.10410905439143,54.72360339048315,55.893666039500395,84635
2016-09-09,53.8818359375,55.060318206085334,53.755568833328056,54.656264757177446,91034
2016-09-12,53.74714660644531,53.87341370425694,52.72860314926457,53.1831608480596,119409
2016-09-13,52.97271728515625,54.26904705985041,52.93062932335047,53.93233694319287,102913
2016-09-14,52.98114013671875,53.267342807894536,52.79595243967986,53.0316476237872,142280
2016-09-15,53.8818359375,53.95759234667615,52.686517840951346,52.686517840951346,138132
2016-09-16,52.73702621459961,54.03335608969348,52.66126659303943,53.73873391202347,135661
2016-09-19,53.29259490966797,53.50303794297104,52.70335377419819,53.13265614924988,74215
2016-09-20,53.53670883178711,53.83974732735405,53.01481098448072,53.3262657888774,54977
2016-09-21,53.4946174621582,54.28588209716116,53.444113190180744,53.940758868295845,72313
2016-09-22,54.59733963012695,54.86670644874315,53.797655482501355,53.82290761827607,67694
2016-09-23,53.8986701965332,54.445823383141075,53.75557047114385,54.31955627512204,71031
2016-09-26,53.04005813598633,53.503035355749795,52.96429851921646,53.503035355749795,56033
2016-09-27,52.77911376953125,53.33468325295344,51.83632987274636,53.199999839127024,67690
2016-09-28,53.4525260925293,54.28587863811495,52.80436121757068,53.02322375254662,93197
2016-09-29,52.871707916259766,54.26904950445356,52.83803626085611,53.864999272927065,89951
2016-09-30,52.156192779541016,52.36663578127684,51.34809242354075,52.189864430484036,198863
2016-10-04,52.26563262939453,52.51816363075984,51.768986935230195,51.768986935230195,191735
2016-10-05,53.25050735473633,53.25050735473633,51.78582554157944,52.02994024747428,180483
2016-10-06,53.70505905151367,54.21012423548495,53.35151631272892,53.45252806508089,115293
2016-10-07,52.2908821105957,53.519871820742594,52.15619870263374,53.519871820742594,101299
2016-10-10,52.31613540649414,52.69493026890367,51.735310623402384,52.560246866221135,110171
2016-10-11,52.139366149902344,52.593923884487474,51.987846905040634,52.324557051645755,109575
2016-10-12,52.139366149902344,52.551835918938316,52.04677391013658,52.173037806784045,107060
2016-10-13,51.34809112548828,51.79422925033637,50.859861832472774,51.78581294336606,128597
2016-10-14,51.743736267089844,52.021519413144354,51.40702611497518,51.60063332855402,88645
2016-10-17,51.97942352294922,52.50974080779897,51.60062546234226,52.19828284068574,176555
2016-10-18,52.324554443359375,52.40031406201375,51.886832559034765,52.055187623945116,102499
2016-10-19,52.84644317626953,52.84644317626953,52.09726663777809,52.28245749847673,88041
2016-10-20,52.610755920410156,52.9390465235766,52.33296958781965,52.78752728963736,92218
2016-10-21,52.6781005859375,53.29259384558024,52.593921447633555,52.76227651313565,109085
2016-10-24,52.90538024902344,53.284178372391175,52.84645645328912,52.84645645328912,84284
2016-10-25,52.92221450805664,53.14107706666826,52.56867174413841,52.92221450805664,135512
2016-10-26,53.082149505615234,53.082149505615234,52.08885817589855,52.838034827220895,124602
2016-10-27,52.6612663269043,53.37677136271882,52.467659119696904,53.0232286046286,120512
2016-10-28,53.023223876953125,53.05689231916984,51.95417296726159,52.45081861489615,162890
2016-10-31,53.124237060546875,53.233668331247024,52.66126305373104,52.896958211141495,126140
2016-11-01,52.358219146728516,53.45252210669168,52.299295363499326,53.45252210669168,167195
2016-11-02,51.34809112548828,51.878408375565925,50.62416670404062,51.86998885749032,262018
2016-11-03,53.014808654785156,53.301011309009645,51.90366969393855,52.44240334633619,297926
2016-11-04,52.63600540161133,53.20841065405122,51.60062616263769,52.98955133334446,219012
2016-11-07,53.76398468017578,53.76398468017578,52.88012459187792,53.048479658959856,159693
2016-11-08,53.94917297363281,54.210126702219874,53.39360670486407,53.78924063531166,147987
2016-11-09,56.98796463012695,57.44252230311821,52.22353821566775,52.37505743999817,588377
2016-11-10,56.6849250793457,58.08226972347013,56.31454975545886,57.2404976984923,313808
2016-11-11,56.777523040771484,57.358347818943,56.46607148789438,56.710186156659056,179299
2016-11-14,56.373477935791016,57.71189247720148,56.11253064280916,57.71189247720148,175885
2016-11-15,56.886962890625,57.15632971914307,56.567085366489195,56.693352472215864,139099
2016-11-16,56.86171340942383,57.61930323474055,56.46607945670256,56.8701265072432,123127
2016-11-17,57.04689025878906,57.29942444823381,56.47448499529737,56.71859966583763,79571
2016-11-18,57.24892807006836,57.905509346470346,57.10582191781215,57.32468448401685,135316
2016-11-21,57.695064544677734,57.863416407581745,56.54183437492836,57.762407858724096,105335
2016-11-22,57.98125457763672,58.44423175873503,57.57720760341534,58.19169758318852,146425
2016-11-23,57.45095443725586,58.13278788535928,56.89538168531055,58.115955266609,170358
2016-11-24,57.577205657958984,57.695053223309216,57.097395878401436,57.50986235712724,66446
2016-11-25,57.274166107177734,57.79606704510882,56.718593519488785,57.745556359366766,88951
2016-11-28,56.78594207763672,56.98796557268165,56.29771274425127,56.81961373051272,111095
2016-11-29,56.836448669433594,57.01322645981245,56.381897392552304,56.684929436402705,126295
2016-11-30,56.6512565612793,57.131066330775205,56.541822094169895,56.88695168703721,113188
2016-12-01,55.74214553833008,56.74385632143252,55.64955010011669,56.567078541417146,201009
2016-12-02,55.55695724487305,55.935752111749025,55.13607120513916,55.55695724487305,131166
2016-12-05,56.331390380859375,56.60917672993562,55.22025140676621,55.32968589579056,160113
2016-12-06,56.39873504638672,56.39873504638672,55.700062608212555,56.25563531968944,129383
2016-12-07,56.39873504638672,57.030064170040305,56.003101101343226,56.55867381282012,184448
2016-12-08,56.6512565612793,56.777517219927816,55.98625592948488,56.39872239956124,232577
2016-12-09,56.238792419433594,56.77752605419292,55.161325149914944,56.67651751155773,201204
2016-12-12,53.4946174621582,55.910502541956035,53.42727736248632,55.77582234261227,439394
2016-12-13,53.05689239501953,53.83974067480173,52.5770825733602,53.494614255518606,317856
2016-12-14,52.930633544921875,53.191580855593386,52.84645440349082,52.86329023177703,157209
2016-12-15,53.11581802368164,53.36835222160643,52.71176780254999,52.97271830855627,251854
2016-12-16,52.77911376953125,53.38518752619717,52.71177045706511,53.07373273380594,194398
2016-12-19,53.31784439086914,53.45252779703161,52.64442736005681,52.69493163042667,108992
2016-12-20,53.21683120727539,53.5198696657644,52.65284225150849,53.34309509090874,173084
2016-12-21,53.63771438598633,53.91550069518076,53.21682837407145,53.25049681458451,120397
2016-12-22,53.70505905151367,54.14278092651316,53.36835213997186,53.6040472991617,95099
2016-12-23,53.80607223510742,53.9996826479985,53.55354124195731,53.70506048006854,46246
2016-12-27,53.94917297363281,54.46265448903777,53.94917297363281,53.99968366876576,32905
2016-12-28,53.940757751464844,54.09227698647165,53.87341444208149,53.966009886930735,43174
2016-12-29,53.70505905151367,53.94917051877213,53.64613526171621,53.780818668554076,49926
2016-12-30,53.78923797607422,53.87341390085202,53.50303533628171,53.68822301301402,61276
2017-01-02,54.29430389404297,54.44582313854272,53.67981060739659,53.71348226419785,107279
2017-01-03,54.73202133178711,55.54854132939379,54.3784785768064,54.3784785768064,164311
2017-01-04,53.98284149169922,54.90037640377411,53.73031371956043,54.83303309565256,110506
2017-01-05,54.30271530151367,54.63942539701333,53.662966762285414,53.662966762285414,144280
2017-01-06,54.622589111328125,54.622589111328125,53.95758840532863,54.33638969017482,89252
2017-01-09,54.06702423095703,54.71518591525707,53.96600926804046,54.62259047146972,86503
2017-01-10,54.08385467529297,54.46264953214987,53.966007101061436,54.16803059657104,113880
2017-01-11,55.228668212890625,55.405439583923375,53.839742957963075,53.99968171270238,165424
2017-01-12,55.00138473510742,55.742148277211804,54.529994424467404,55.21182775553047,147453
2017-01-13,54.67308807373047,55.79264635955182,54.5889121593387,55.35492775138823,142670
2017-01-16,54.95930480957031,55.439114681371926,54.22696072220496,54.58892300599999,142637
2017-01-17,55.56538391113281,55.68323150363985,53.94917642978509,55.06032188292945,221449
2017-01-18,58.0570182800293,58.0570182800293,55.035053334906344,55.70005401320477,347529
2017-01-19,58.292720794677734,58.452659556658986,57.812910930945755,58.22537748203176,247935
2017-01-20,58.80619430541992,59.294423622289514,57.838155190167704,58.048598196865534,237374
2017-01-23,58.225372314453125,58.78935805783222,57.863410068870344,58.50315863780505,185478
2017-01-24,59.083984375,59.454359723251095,58.25062539145958,58.368472968931925,194484
2017-01-25,60.42239761352539,60.45606926668785,59.16815903872685,59.47119749497781,237797
2017-01-26,60.498165130615234,60.80961670765299,60.17828761186943,60.62442581200261,255871
2017-01-27,60.312965393066406,60.801194696895266,60.24562209139124,60.287713260490904,175633
2017-01-30,60.094112396240234,60.57392225783768,59.89208888141282,60.25405115750996,198501
2017-01-31,59.63113021850586,60.32980257632397,59.15132039660174,60.01835102135801,365673
2017-02-01,58.738861083984375,60.195129766062635,58.67151776895153,60.16987762847832,264299
2017-02-02,57.956024169921875,58.92406364278166,57.72032894290488,58.66311627318616,195761
2017-02-03,57.53512191772461,57.91392321715208,57.24892248555456,57.90550369790841,224851
2017-02-06,56.81962203979492,57.61088994256807,56.54183567960281,57.61088994256807,259776
2017-02-07,56.625999450683594,57.299419617622945,56.5670756677422,56.819609835897126,147211
2017-02-08,57.00481033325195,57.23208598521857,56.48290929459399,56.52500047046754,137503
2017-02-09,56.39873504638672,57.17316389673758,56.05360537612769,57.088987964692826,146095
2017-02-10,56.58392333984375,56.81119898810094,56.36506078885454,56.7186035404598,120979
2017-02-13,56.878536224365234,57.22366584183949,56.617588948272676,56.76068865308401,117073
2017-02-14,60.00151443481445,60.818034401741144,58.67151297161863,58.9240471712371,480348
2017-02-15,59.52169418334961,60.405557305220825,58.91561734803339,60.22036644751749,165949
2017-02-16,59.30284118652344,59.65639034529296,58.81461825508135,59.614299171897834,164411
2017-02-17,60.79278564453125,61.12949578866333,59.25234107011998,59.30284534396565,273510
2017-02-20,60.79278564453125,61.76923799808126,60.55709047030235,61.365190962892235,187413
2017-02-21,61.07058334350586,61.13792024707565,59.715329417638685,59.88368130988268,209797
2017-02-22,60.60758972167969,61.40727062828955,60.29613174028054,61.11265168491809,140915
2017-02-23,60.22878646850586,60.94429135198381,60.127771521039044,60.77593310620579,99108
2017-02-24,59.30284118652344,60.29613250986159,58.98297010423912,60.287719412951674,140981
2017-02-27,59.799495697021484,59.849999972087936,58.999808282601414,59.58063313471355,127958
2017-02-28,60.70859909057617,61.0284701393105,60.16144600488504,60.81802713883012,227625
2017-03-01,63.78949737548828,63.93259711059592,62.139624606038126,62.291143861508665,333203
2017-03-02,63.132904052734375,63.974676106770836,63.099232399907585,63.82315688015583,207961
2017-03-03,62.71201705932617,63.36859822380294,62.67834540701826,62.9308795882221,179716
2017-03-06,62.947715759277344,63.13290664632705,62.38373000123421,62.62784467759871,140334
2017-03-07,62.38372802734375,63.1329046487318,62.38372802734375,62.964552805219654,194178
2017-03-08,62.636260986328125,63.01505583790668,62.038597182496375,62.29113136502278,117490
2017-03-09,61.72715377807617,62.51000214051726,61.4998716993803,62.2911395816058,155649
2017-03-10,62.35005569458008,63.15815609461017,61.954421802206674,62.07226937582286,278263
2017-03-13,62.206974029541016,62.52684519038789,61.811340022417305,62.33324115852711,123501
2017-03-14,62.24063491821289,62.989811619044595,62.13120042833537,62.31639132916332,148248
2017-03-15,62.13119125366211,62.70359648887277,61.87024398041682,62.42581660086139,168513
2017-03-16,62.038604736328125,62.71202502358694,61.887085492805475,62.66993384730383,177222
2017-03-17,62.080684661865234,62.24062339610152,61.44935566530389,61.93758496397522,165954
2017-03-20,62.93088912963867,63.09924099449229,62.01335412621408,62.13962123596029,137682
2017-03-21,61.878665924072266,63.13290449515693,61.81974213676523,63.13290449515693,114589
2017-03-22,61.45778274536133,61.45778274536133,60.80961463270186,61.28101137523914,128344
2017-03-23,61.491455078125,61.95442588434747,59.858415132970414,61.95442588434747,234826
2017-03-24,63.97467803955078,64.51341165663325,62.03859968789038,62.1227820336062,436504
2017-03-27,63.81475067138672,63.94101779027024,63.259184339396676,63.72215521235297,183826
2017-03-28,64.49659729003906,64.70704036945058,63.848429009012236,64.03361994644847,253262
2017-03-29,64.76594543457031,65.04372533813508,64.33663987857204,64.72385426198197,212044
2017-03-30,65.40568542480469,65.66663912624595,64.24404231297453,64.83328017646568,186502
2017-03-31,66.18852996826172,66.29796443834472,64.90903935557593,65.47302505356588,197122
2017-04-03,65.86866760253906,66.66834853809422,65.63297243931066,66.66834853809422,206149
2017-04-04,66.18852996826172,66.34846870317645,65.25416253561058,65.28783418623529,167871
2017-04-05,66.79460906982422,67.09764751337471,65.9696760796564,66.30637975274723,225512
2017-04-06,67.41751861572266,67.65322017813544,66.49999018819237,66.54208135846167,206098
2017-04-07,68.4529037475586,68.8148659906978,67.39226915241862,67.45961245863316,310352
2017-04-10,68.73910522460938,69.0168851062426,68.51182318611495,68.70543357363944,144056
2017-04-11,69.19367218017578,69.56405400279691,68.4950061359753,68.77278608072893,319741
2017-04-12,68.8569564819336,69.86708037632127,68.57075064445672,69.77448493674443,300677
2017-04-13,68.43607330322266,68.83170078980913,68.11619579966116,68.65492942204632,180591
2017-04-18,67.93941497802734,69.27783575086166,67.93941497802734,68.74751529915672,253807
2017-04-19,68.44448852539062,68.80645079125233,67.81315943997218,67.93100702214004,176461
2017-04-20,69.10948181152344,69.41252025361392,68.07410581955668,68.35188570629722,152041
2017-04-21,69.22734069824219,69.67347891586246,68.97481290335755,69.05056931515935,153645
2017-04-24,70.77619171142578,70.86036762747138,69.7408093196538,70.03542823691878,231662
2017-04-25,70.2542953491211,71.48328178591908,70.1616999087545,70.95296770017407,199940
2017-04-26,70.66676330566406,70.70885447840476,69.88391501705041,69.95125832455103,176208
2017-04-27,71.02872467041016,71.2307545903939,70.28796756377005,70.66676242486996,137235
2017-04-28,70.91930389404297,71.18025120637913,70.59101326813236,71.0455710014421,109375
2017-05-02,70.5068359375,70.91088296650143,69.95126324485837,70.91088296650143,267967
2017-05-03,69.98493194580078,70.59100888592252,68.907464684345,70.59100888592252,319147
2017-05-04,71.83683013916016,72.31664641622976,70.1196206539298,70.1196206539298,292143
2017-05-05,72.99005889892578,73.52879253563367,71.58430101633523,71.63480528783549,380685
2017-05-08,72.7122802734375,73.74766290449084,72.32506583237225,73.65506744877825,261230
2017-05-09,72.39239501953125,73.05739569793413,72.24087579632287,72.98163287522445,267814
2017-05-10,73.00032043457031,73.4198606664633,72.51228197190068,72.56365237880775,211360
2017-05-11,73.35136413574219,73.51404580451945,72.42665759587818,73.0345712426719,193389
2017-05-12,73.65958404541016,73.96781949340334,73.33422730912828,73.58252844958665,396796
2017-05-15,74.54148864746094,74.55005255907571,73.76234253163207,74.0534502030284,133581
2017-05-16,74.4901123046875,74.98671462114943,73.6339041172773,74.47299101517332,152071
2017-05-17,73.36848449707031,74.1818796935173,73.13730461944411,74.01919804128778,192981
2017-05-18,72.8376235961914,73.59108438072272,71.51906232399952,73.11160992987092,300100
2017-05-19,73.10305786132812,73.222926493458,72.58933421900713,72.83763539480489,135517
2017-05-22,73.30854797363281,73.75377336059279,72.59789360434753,73.51403611127972,119865
2017-05-23,73.35993194580078,73.82228524029958,73.08594553413683,73.37705323862608,118898
2017-05-24,73.29142761230469,73.9507116473774,73.19724417872288,73.3599258426098,92327
2017-05-25,74.19044494628906,74.19900885770608,72.4780284745102,73.60822308459024,109977
2017-05-26,73.37703704833984,74.13906179177916,72.98318207674706,74.13906179177916,115271
2017-05-29,73.9335708618164,74.31030453009586,73.22291654478003,73.22291654478003,45917
2017-05-30,73.29142761230469,73.8822134170723,73.02600513531091,73.8822134170723,131906
2017-05-31,73.14586639404297,73.85652076398634,73.01743385826342,73.5226000903696,195442
2017-06-01,74.4901123046875,74.4901123046875,73.2058000235722,73.2058000235722,161014
2017-06-02,76.0055923461914,76.17683789052045,74.8753978830181,74.8753978830181,178650
2017-06-05,76.0055923461914,76.0055923461914,76.0055923461914,76.0055923461914,0
2017-06-06,74.76409912109375,75.88572976311606,74.16475599917727,75.50900260034717,173318
2017-06-07,73.70240020751953,74.78978169983402,73.70240020751953,74.74697521111212,165388
2017-06-08,73.79658508300781,74.07057143915958,73.05168161518117,73.60821823833786,134056
2017-06-09,74.71273803710938,74.8154788523361,73.582543343159,73.76234630215669,93178
2017-06-12,73.22291564941406,74.58428995891825,72.2639667343918,74.49867045326977,188698
2017-06-13,74.22468566894531,74.49010810171447,73.35991361939624,73.49690352483042,111687
2017-06-14,74.10481262207031,74.83258819032906,74.00206529987464,74.24180251931523,138185
2017-06-15,73.1544189453125,74.01062700775353,72.49513507911742,73.976377901374,119245
2017-06-16,74.20756530761719,74.4473025654884,73.24861627613234,73.53972393716157,115593
2017-06-19,75.60318756103516,75.75730530013955,74.57573378955577,74.57573378955577,106707
2017-06-20,74.73841094970703,76.13402789660954,74.73841094970703,75.49187177764553,133031
2017-06-21,75.26927185058594,75.35489137077381,73.83084170143732,74.51580439529101,84241
2017-06-22,75.80010986328125,76.13403053412257,74.96958687547333,75.17508154395264,134895
2017-06-23,75.76586151123047,76.87893478009069,75.22645269885366,75.83435973474343,146443
2017-06-26,76.28814697265625,77.05873563548106,76.19396355095823,76.23677657258459,137274
2017-06-27,74.46442413330078,76.24533865982407,74.28462120500033,76.10834221977622,141114
2017-06-28,74.2417984008789,74.2589262198027,72.71774913410832,74.06199549627271,157860
2017-06-29,71.57044219970703,74.90109819576034,71.16802982221375,74.66135440623093,200873
2017-06-30,71.16802215576172,71.9129190485611,70.98821923224637,71.45056587422891,165896
2017-07-03,71.79305267333984,72.11841595377335,71.22795868642086,71.92148520338729,132089
2017-07-04,71.21939086914062,71.79304873522211,70.81697201216274,71.79304873522211,87772
2017-07-05,71.46770477294922,71.79306156131202,71.00535152694904,71.2964592009025,104792
2017-07-06,72.40097045898438,72.56365212341863,71.14234323538435,71.9129319980324,224072
2017-07-07,72.4352035522461,72.87187150988483,71.99853559460736,72.55507216299408,82454
2017-07-10,73.73664855957031,73.91645148799284,72.64926054608907,72.77769307563368,103993
2017-07-11,73.24005126953125,74.07913165953221,72.99175010406356,73.67671928689516,83340
2017-07-12,73.9935073852539,74.59285701476693,73.55684592832779,73.57396721723967,98138
2017-07-13,74.82403564453125,76.00560063366355,73.6767197679992,73.86508008877513,193130
2017-07-14,74.6870346069336,75.09801083224909,74.08768502418697,74.81546059462636,87750
2017-07-17,74.09626007080078,75.00383869276824,73.99351273285434,74.69560321127923,64431
2017-07-18,73.9935073852539,74.39592626435628,73.2057974483109,73.85651747690939,124894
2017-07-19,76.05697631835938,76.1169106313369,74.72128707830959,75.04665037648783,221342
2017-07-20,75.30350494384766,76.63063020275713,74.90964997473222,76.2795817221663,110742
2017-07-21,73.58252716064453,75.78298174494809,73.39416033102057,75.35487768938437,158937
2017-07-24,73.4712142944336,73.88219705288472,72.7605665425598,73.48834211439161,117117
2017-07-25,73.63390350341797,74.3531152393187,73.36848105788556,73.65102479278941,130744
2017-07-26,74.20756530761719,74.3274339365528,73.27430147771135,73.63390736451817,77733
2017-07-27,73.64247131347656,74.44730260354847,73.46266836998123,73.77946123275143,76749
2017-07-28,72.88043975830078,73.40272725008589,72.6578238112244,73.40272725008589,76432
2017-07-31,72.26398468017578,73.29999598020576,72.07561780156102,72.84620660846177,121962
2017-08-01,73.53115844726562,74.32743234087202,72.95750051648204,73.19723776920651,162161
2017-08-02,72.99173736572266,74.15618085391039,72.99173736572266,73.47121179061791,99194
2017-08-03,73.97638702392578,76.28814646465631,72.62357655068055,74.49011061827146,252482
2017-08-04,74.15619659423828,74.66135632307066,73.43697827188564,73.77090549707292,160807
2017-08-07,74.70417022705078,75.07234003788787,74.33600041621371,74.33600041621371,114132
2017-08-08,75.4148178100586,75.50043732130237,74.32742976697763,74.8754024777578,172220
2017-08-09,75.28638458251953,75.65455435658649,74.77266098744583,74.9610278298545,143745
2017-08-10,74.9867172241211,75.38057222011945,74.32743323881385,75.20932665728301,114373
2017-08-11,74.25037384033203,74.47298979446775,73.18867753440394,74.47298979446775,134688
2017-08-14,74.78977966308594,75.2350115536479,74.29317737451672,74.85827788199542,119668
2017-08-15,75.94567108154297,76.15116577002912,75.19221015414588,75.26070838364126,169782
2017-08-16,75.77442932128906,76.64775885279174,75.77442932128906,76.193969530281,102129
2017-08-17,75.86003875732422,76.9046137175998,75.60318023859472,76.11690380840332,119444
2017-08-18,75.62031555175781,77.01593270617215,74.80692029306772,76.20253744748204,149626
2017-08-21,75.17507934570312,75.86004195688784,74.73841135339106,75.44906569664698,98594
2017-08-22,75.95423126220703,75.95423126220703,75.0980230326265,75.6888088013892,96868
2017-08-23,75.34632110595703,76.01416245240199,75.22645248133102,76.01416245240199,76586
2017-08-24,74.4901123046875,75.372005692544,74.1219425228071,75.372005692544,123465
2017-08-25,74.36167907714844,74.90965178939653,74.11337792123132,74.66135063347943,80138
2017-08-28,73.22291564941406,74.38735921681214,73.03455534992723,74.31886753170309,62406
2017-08-29,72.40097045898438,73.04312667246596,72.06704975056202,73.03456929291211,122363
2017-08-30,72.82906341552734,72.99174505497541,72.22115641068167,72.99174505497541,122122
2017-08-31,73.51403045654297,73.89076412354218,73.12017550120271,73.3684766424204,156146
2017-09-01,74.4901123046875,74.6014170174048,73.6339041172773,73.94213958733297,142831
2017-09-04,73.63390350341797,74.15619101597207,73.63390350341797,74.15619101597207,76147
2017-09-05,74.62709045410156,74.70414603654896,73.81368895607103,74.06199005342677,113446
2017-09-06,74.7469711303711,75.0723278627645,74.11337242131886,74.38735875711053,133651
2017-09-07,76.81041717529297,77.00734788511443,74.94388351581598,75.05519473402535,206679
2017-09-08,77.1015396118164,77.37552593397209,76.46794093429769,76.7248059692214,147521
2017-09-11,79.44756317138672,79.63593002888364,77.16148874416605,77.22998043860547,192194
2017-09-12,79.72154235839844,80.94592028938644,79.46467729727094,79.62735893814168,193693
2017-09-13,78.67696380615234,79.90990559215537,78.49716088441849,79.55885712661579,149581
2017-09-14,78.2574234008789,78.83108127297557,78.18036127332961,78.52284582747745,123437
2017-09-15,78.325927734375,78.46291764732148,78.03481355429491,78.34304902386204,125293
2017-09-18,78.40298461914062,78.89102303188668,78.25743079289272,78.89102303188668,116419
2017-09-19,79.70442199707031,79.87566756463313,78.6170404055359,78.70265992314208,120173
2017-09-20,79.8414077758789,80.20957753147452,79.25062207839184,79.90134208342472,79578
2017-09-21,80.17533111572266,80.44931746404271,79.73010574933375,79.83284654723514,69867
2017-09-22,80.82605743408203,81.51958400329947,80.05546872809023,80.05546872809023,107601
2017-09-25,79.1307601928711,80.70618667603345,79.06226196917922,80.67193756418752,178810
2017-09-26,79.25920104980469,79.41331880311554,78.27456021100478,78.51429748674371,142835
2017-09-27,80.30376434326172,80.30376434326172,78.98520298915429,79.43042835941205,120123
2017-09-28,81.57950592041016,81.57950592041016,80.48356060836575,80.48356060836575,101105
2017-09-29,81.64800262451172,81.99048716127487,80.97159746080054,81.57950441068925,100976
2017-10-02,81.9733657836914,82.82957392671156,81.68225815059243,82.19598172993457,121855
2017-10-03,81.9733657836914,81.9733657836914,81.9733657836914,81.9733657836914,0
2017-10-04,84.09677124023438,84.30225938110927,82.24735837530976,82.52134474059301,209003
2017-10-05,84.00257873535156,84.24231596251866,83.63440898438793,84.07107695235631,109813
2017-10-06,83.94265747070312,84.56768583402074,83.36043560040218,83.89984444533594,111887
2017-10-09,83.13780975341797,83.48029431863102,81.74219282568573,82.324414626843,121416
2017-10-10,83.54878997802734,83.54878997802734,82.50421502569297,82.88094868911837,87812
2017-10-11,83.42892456054688,83.82277952724259,83.1035612815397,83.82277952724259,83347
2017-10-12,83.6344223022461,83.8741595675887,83.13781994840751,83.22343946712266,77284
2017-10-13,83.88272094726562,83.89984223755164,82.98369969701616,83.68579018104943,71135
2017-10-16,83.84846496582031,84.10533002552178,83.50598039700162,83.76284545670309,75382
2017-10-17,84.01970672607422,84.95297704325408,83.62585174540153,83.98545761483963,105688
2017-10-18,84.83309936523438,85.01290228076171,83.54022331661479,83.89982914766945,72895
2017-10-19,82.74395751953125,84.93584835744733,82.11036529901176,84.93584835744733,132562
2017-10-20,84.45637512207031,84.67042716902048,83.05219421666521,83.05219421666521,118074
2017-10-23,84.9700927734375,85.0728401004189,84.1481337546351,84.7646046518243,100487
2017-10-24,85.51806640625,87.20479748199317,84.84166119386646,85.19270966570525,202618
2017-10-25,84.98722839355469,85.79205966554635,84.81598283287015,85.50095201090792,90546
2017-10-26,86.69108581542969,86.90513787917149,84.76461724175347,85.06428882452188,98766
2017-10-27,87.54727935791016,88.10381593658192,86.9051232746003,87.03355579773216,114140
2017-10-30,86.69108581542969,87.88977867885389,86.04892962420428,86.39141423266128,142190
2017-10-31,86.69108581542969,86.69108581542969,86.69108581542969,86.69108581542969,0
2017-11-01,88.10382843017578,89.08846920401479,87.24762019768107,87.24762019768107,126156
2017-11-02,88.1466293334961,88.57473342259972,87.41885368848993,88.1466293334961,180000
2017-11-03,88.78878021240234,89.4737493273699,88.2322501553845,89.04564526360258,164269
2017-11-06,88.27507019042969,89.38814353999427,87.97539860627018,89.04565892994742,108313
2017-11-07,89.73062133789062,90.45839699626993,87.33323578191755,87.33323578191755,171531
2017-11-08,89.17408752441406,92.17081629794075,88.27506627941592,90.2443478006736,197120
2017-11-09,86.17735290527344,89.4309400049937,86.17735290527344,88.83159690388335,204295
2017-11-10,85.13277435302734,86.60545337706058,84.74748330870801,85.92048426232665,203129
2017-11-13,84.3621826171875,85.87767460456715,82.41859311434251,85.44100664673834,212021
2017-11-14,86.04893493652344,86.30580004181166,84.36220352492987,84.50775736949606,166263
2017-11-15,85.74925994873047,86.47703567517017,84.87592385112224,85.83487946966147,152005
2017-11-16,87.37604522705078,87.7185232647245,85.28689522902191,85.96330045842224,168929
2017-11-17,87.76133728027344,88.18944136456746,86.77669657992722,87.76133728027344,113632
2017-11-20,88.96002960205078,89.00283609086779,86.9907482106716,88.10382143751198,105363
2017-11-21,89.51656341552734,89.98747397188438,87.97538615462327,89.00283330699287,98136
2017-11-22,87.54727935791016,89.68779963560966,87.3332273301402,89.5165606263335,126985
2017-11-23,90.11591339111328,90.54401749273377,86.6054610642953,87.29042370747797,128493
2017-11-24,90.3727798461914,90.84369044576076,89.25970655202698,89.98748222943436,99261
2017-11-27,89.90186309814453,90.58683228707052,89.64499801920971,90.11591515314011,87459
2017-11-28,90.88650512695312,91.14336367712504,89.8590513292143,90.20153592846057,66976
2017-11-29,91.0577392578125,92.3420515365753,90.88650023358414,91.61427588507972,87518
2017-11-30,91.52865600585938,91.61427551763015,89.77342661898346,90.88649986905357,139432
2017-12-01,90.32996368408203,92.12799956942787,89.64499452187883,91.74270849840735,109387
2017-12-04,91.87113952636719,93.24107129595949,91.4002224185308,92.29924361263666,161006
2017-12-05,90.15872955322266,92.1708175944227,89.7306254366971,91.8711460193249,185911
2017-12-06,89.04564666748047,89.3881312303638,88.7459751245887,89.3025117227304,159856
2017-12-07,89.13127136230469,90.03029257565024,88.91721931458909,88.96003233707225,115835
2017-12-08,90.07308959960938,90.80087171123668,89.68779856715325,89.81623108875509,99949
2017-12-11,89.55937194824219,91.2289817744082,89.55937194824219,90.54401263561961,103744
2017-12-12,89.38813018798828,89.81623425351279,88.7459740897015,89.77342123402049,104555
2017-12-13,89.13127136230469,89.6449949703521,88.36068268405852,89.4309429226365,200352
2017-12-14,89.25970458984375,90.28715181390909,88.23225736577841,88.70316795499579,152851
2017-12-15,90.20152282714844,90.20152282714844,88.83159116148934,89.25969521527965,165796
2017-12-18,92.04237365722656,92.17080618275307,90.67244196042613,90.71524844736857,104436
2017-12-19,92.72734069824219,92.94139272521657,91.95675209466452,92.04237159898437,76648
2017-12-20,92.72734069824219,93.96883984175382,92.64171466157286,92.8985797068819,134122
2017-12-21,93.02701568603516,93.1554482134617,92.04237501889793,92.72734414360636,96345
2017-12-22,92.213623046875,92.98421175440201,92.08519703924577,92.77015969855286,64038
2017-12-27,92.64170837402344,92.64170837402344,91.8283133396653,92.38484987849671,83082
2017-12-28,91.31460571289062,92.51329849773842,91.2717926900085,92.47048547485629,78386
2017-12-29,90.62962341308594,91.10054046717588,89.94466087264053,91.01492096616386,63190
2018-01-02,90.84368896484375,91.22898657531974,89.55937666129077,90.80088247413542,78907
2018-01-03,92.89857482910156,93.15543986092352,91.40021071895477,91.48583021877904,119852
2018-01-04,94.525390625,94.782249176564,93.49793682169268,93.54074984646189,139426
2018-01-05,96.06656646728516,96.06656646728516,94.61101500325235,94.61101500325235,95592
2018-01-08,95.59564971923828,97.00839459831083,95.29597814667146,96.66591000151288,126235
2018-01-09,97.30805969238281,97.30805969238281,95.85250188598604,95.93812792874756,129428
2018-01-10,97.60774230957031,98.29271153520932,96.53748197722854,97.35087721686803,180572
2018-01-11,97.13681030273438,98.12145096445354,96.75151925492455,97.99301843773371,168194
2018-01-12,95.46721649169922,97.86460211967753,95.03911238187096,97.82178909575457,200595
2018-01-15,94.43975830078125,95.80968998706335,94.26851275727752,95.68125746252294,118754
2018-01-16,95.46721649169922,96.58028979019278,94.82506032695684,94.82506032695684,158554
2018-01-17,95.16754913330078,96.10937691013713,94.82506452381013,95.8953248457493,175136
2018-01-18,95.08191680908203,95.72407291576467,94.56818669785615,95.21034280453878,128629
2018-01-19,97.8646011352539,98.29270524077585,95.03911142586905,95.08192444936134,153576
2018-01-22,96.79434204101562,98.03584134909018,96.28061188230171,97.9502218334213,86830
2018-01-23,98.20707702636719,98.50675511949885,96.79433873520405,97.56492088225663,187330
2018-01-24,98.2499008178711,99.27734814812419,98.03584874637247,98.29271384511115,172462
2018-01-25,98.3783187866211,99.27733343426218,97.30805858775088,97.90740168617826,181756
2018-01-26,98.16427612304688,98.46394770088382,96.87996376173099,98.37832818326618,124724
2018-01-29,97.26524353027344,98.4639362343793,97.22243704262483,97.90739963614982,109174
2018-01-30,96.62309265136719,97.47930083885356,96.10936904534537,96.9227642105174,99785
2018-01-31,97.52210998535156,98.03583357095647,96.6230888112806,96.6230888112806,112941
2018-02-01,97.90740203857422,100.00511595532002,97.39367844773744,98.24988660991536,156238
2018-02-02,96.06656646728516,97.2652593665567,95.33879073526876,97.22245287193854,121539
2018-02-05,93.88323211669922,94.7822468233788,92.85577833890078,94.5253882781919,179719
2018-02-06,92.89857482910156,94.26850642333739,84.93583723081036,86.04891032557335,449460
2018-02-07,95.33878326416016,95.85250688577612,92.77015862373007,94.3541425121919,190673
2018-02-08,92.72734069824219,95.72406907588353,92.64171466157286,95.16753249928026,180941
2018-02-09,90.84368896484375,93.19826152135754,90.41558486365942,92.42767283275572,178703
2018-02-12,92.72734069824219,93.8404073190993,91.52864804071575,92.29923664429342,181956
2018-02-13,89.81623840332031,93.02701904310285,89.55937333919773,92.6845344683894,149719
2018-02-14,91.10055541992188,91.3574139651173,87.76134207357906,90.45839925840788,149458
2018-02-15,92.25643157958984,93.15545278332864,91.5286559316037,92.17081206788853,163165
2018-02-16,93.84042358398438,93.96885612889946,92.77016326360966,93.02702835343983,172390
2018-02-19,92.81297302246094,94.43976995863933,92.29924939323364,94.39695693439107,92361
2018-02-20,92.85578155517578,93.54075076410024,92.21362537144054,93.06983361642087,130134
2018-02-21,93.28388214111328,93.45512770302743,91.7855177692033,92.81297154363745,118082
2018-02-22,93.49793243408203,93.66917799277236,91.69989652810932,92.72735028320096,117271
2018-02-23,93.19825744628906,93.7119810387778,92.89858589503312,93.7119810387778,78813
2018-02-26,94.18289184570312,94.82504792646928,93.66916828756008,93.84040729615795,140832
2018-02-27,92.72734069824219,94.43975691403725,92.25642362595876,94.43975691403725,128353
2018-02-28,93.32669067382812,93.45512320599605,92.04237841684883,92.29924348118467,131428
2018-03-01,89.85904693603516,93.54074476632243,89.73062093340312,92.8557756013178,192459
2018-03-02,87.50447082519531,89.0456481170848,87.24761229811362,88.53192453057157,179360
2018-03-05,89.08846282958984,89.55937340435727,86.09173423027919,86.64826431569979,165318
2018-03-06,90.32996368408203,91.40022391730575,90.0302921252494,90.28715066181306,166707
2018-03-07,90.88650512695312,91.74271335889362,89.43094721324405,89.98748387047546,116605
2018-03-08,91.01493835449219,91.78552054316872,90.2443496334652,90.97212532963218,114755
2018-03-09,91.44303894042969,91.69989748261364,90.62963722597168,90.92930879136138,96697
2018-03-12,91.01493835449219,92.42767672196611,90.92931230477217,92.17081816985743,92065
2018-03-13,89.90186309814453,91.2717949436462,89.25970693315779,91.01493639706169,185479
2018-03-14,92.17080688476562,93.62635809888663,91.5286507845917,93.19825403210402,216797
2018-03-15,94.86786651611328,95.6384486324072,91.44303388422976,93.02701767000592,226242
2018-03-16,94.69662475585938,95.59564597065697,92.38486524973712,95.08192236177982,847232
2018-03-19,96.06656646728516,97.65055701222475,94.61101500325235,94.61101500325235,222824
2018-03-20,99.57701110839844,99.70543710585753,96.06655244458754,96.28060448348579,178738
2018-03-21,98.63517761230469,100.64727201812664,97.95021500237263,99.74825083542535,158250
2018-03-22,95.9809341430664,98.03583504881281,95.21034548686777,97.90740251738805,154079
2018-03-23,95.08191680908203,95.80969242351908,92.81296392566678,94.86786477352116,181899
2018-03-26,96.75151824951172,97.90739791327933,95.03910199730797,95.25315402883344,153372
2018-03-27,97.09400177001953,98.76360498515663,96.9227562272173,98.63517246114235,123950
2018-03-28,96.66590118408203,97.09400525794213,95.12472390524574,96.28060359819807,102399
2018-03-29,98.76361846923828,98.84923798615417,96.62309788458921,96.83714994305411,128227
2018-04-03,98.76361846923828,99.23453561080125,96.83714994305411,97.56492563536472,197241
2018-04-04,97.4365005493164,99.70544716466095,96.79434436783765,99.0204844904939,145802
2018-04-05,99.5342025756836,99.91949365013329,98.67799438148415,99.40577004008365,127200
2018-04-06,99.10609436035156,99.53419843966194,98.5495577507781,99.32014640000675,82350
2018-04-09,99.74826049804688,100.26198413834784,99.14891733975418,100.0051255843726,91668
2018-04-10,101.16099548339844,102.1884426631992,100.86132393365237,100.98974993186508,157181
2018-04-11,100.21916961669922,101.63190788126096,99.87668503981911,101.03256477098324,162765
2018-04-12,100.56165313720703,100.77570519286932,99.36296685137843,100.17636204995503,106457
2018-04-13,94.69662475585938,98.29270308269966,94.69662475585938,98.29270308269966,287894
2018-04-16,95.59564971923828,96.92276854984858,95.33878463855223,95.42440415466413,116150
2018-04-17,96.19498443603516,96.40903647373543,95.16753726801373,95.85249986924475,99925
2018-04-18,96.32341766357422,97.13681279979336,95.76688105504805,96.32341766357422,145920
2018-04-19,97.22244262695312,97.43649467454013,96.45185394916993,96.66590599675692,88853
2018-04-20,96.5374755859375,97.4364968185249,96.19499099579228,97.35087077172592,68803
2018-04-23,97.52210998535156,97.52210998535156,96.1521782462885,96.6230888112806,77565
2018-04-24,96.28060913085938,97.47930191301921,95.80969854196275,97.350869377011,132458
2018-04-25,93.66917419433594,95.4243970063714,93.1554506037975,95.08191896757901,182791
2018-04-26,94.0544662475586,94.91067441828257,92.9413995450274,93.66917518367278,142103
2018-04-27,93.28388214111328,95.03911158971937,93.15545613511549,94.18290337719938,128835
2018-04-30,93.02701568603516,93.84041080582041,92.59891161617982,93.28387420853853,133807
2018-05-02,95.08191680908203,95.33877533234526,92.77015090561471,92.81296392566678,137631
2018-05-03,93.41230773925781,95.59564113190997,93.41230773925781,95.2531565658773,127969
2018-05-04,98.54955291748047,98.76360494663761,92.81296114900874,92.81296114900874,256579
2018-05-07,99.7054443359375,100.90413714716006,99.27734022709733,100.00512243800586,172227
2018-05-08,100.26197814941406,100.47603019778273,98.16427068834116,99.74825453979928,224589
2018-05-09,99.26283264160156,101.08735602964795,98.69809747591137,100.82671361911585,169297
2018-05-10,98.30713653564453,99.04563335335249,97.43831519043968,98.87187173574384,103744
2018-05-11,97.26454162597656,98.65466100515941,96.69981308533654,98.48089276847134,111762
2018-05-14,96.3522720336914,98.04647071571807,95.8309806414201,97.74238462260811,120477
2018-05-15,96.48260498046875,96.6563665835689,95.26625387302688,96.26539966230342,115215
2018-05-16,97.74238586425781,98.30712097496725,96.39571034091836,96.48259776455039,125410
2018-05-17,98.65465545654297,99.39315219233593,97.61206598079401,97.95959580604367,176196
2018-05-18,99.08907318115234,99.34971559733076,98.61121880862108,99.04562946416566,73703
2018-05-21,99.08907318115234,99.08907318115234,99.08907318115234,99.08907318115234,0
2018-05-22,99.69725036621094,100.56607172016484,99.34972049891319,99.9144557046994,117527
2018-05-23,97.612060546875,99.74067646516967,96.96044464652392,99.74067646516967,101765
2018-05-24,96.48260498046875,97.91615477749568,95.61378370780746,97.56863157129537,114477
2018-05-25,97.04733276367188,97.69894871319137,96.39571681415238,96.74324664627882,83257
2018-05-28,96.39572143554688,98.26368857277272,96.26540354225946,97.78584083069762,42802
2018-05-29,93.61548614501953,95.87441998382376,93.22451924874605,95.65721467954296,157653
2018-05-30,93.83270263671875,94.48431862725151,92.87700050965348,93.48517278271848,109824
2018-05-31,94.78841400146484,94.78841400146484,92.92044665417718,93.83271178126085,183305
2018-06-01,95.48345947265625,96.35228074787864,94.91872431804563,95.26625415385065,108554
2018-06-04,94.96217346191406,96.26540544924913,94.48431908179228,96.26540544924913,113724
2018-06-05,94.83184051513672,96.0916286729091,94.78839680131834,94.83184051513672,138406
2018-06-06,96.78669738769531,97.26454514155307,94.96217392229694,94.96217392229694,151211
2018-06-07,96.00475311279297,97.95960102685436,95.96130939660387,97.26454133931146,94865
2018-06-08,95.78753662109375,95.9612982084303,94.61462933512283,95.57033132263322,63833
2018-06-11,95.87442016601562,96.48259899630547,95.22280425193497,95.74409565748353,67881
2018-06-12,95.3965835571289,96.74325262555274,95.3965835571289,96.22196115943446,82705
2018-06-13,96.3522720336914,97.95958992176946,95.44000712578185,95.44000712578185,127818
2018-06-14,95.26625061035156,95.7440983168018,94.35398565386832,95.7440983168018,181764
2018-06-15,93.52862548828125,95.87444062819965,93.52862548828125,94.91873840929146,185875
2018-06-18,93.31140899658203,94.13678658059978,92.48602478398381,93.00732286713236,99666
2018-06-19,89.96644592285156,91.92129379692877,89.87955849225057,91.92129379692877,168626
2018-06-20,90.09677124023438,91.40000326373968,89.923009621866,90.61806935250117,105988
2018-06-21,85.96117401123047,90.05332118024701,85.61364419596492,90.00987746762135,321415
2018-06-22,84.84909057617188,86.03068143524484,84.10190373460928,86.01330792597659,245064
2018-06-25,82.95506286621094,84.25829485117588,81.6865779010274,84.04977296100341,272807
2018-06-26,81.89508819580078,83.70223125469361,81.70394647116315,83.21569350367398,154590
2018-06-27,82.78128051757812,84.36253479139626,77.72474154274609,81.72131762319616,381336
2018-06-28,81.63444519042969,82.97243073275398,80.59186232480099,82.74653534805502,246655
2018-06-29,82.15574645996094,82.64229093361239,81.47806685330396,82.05149213806355,144612
2018-07-02,79.89679718017578,82.13835747891946,79.68828194707257,80.93938660285131,207155
2018-07-03,81.75608825683594,83.35472299840465,80.40072906290445,80.66137149250156,215431
2018-07-04,81.61707305908203,84.13664946496822,80.2095802010084,83.406842772428,228357
2018-07-05,83.3025894165039,84.97073146154041,82.22525278861562,82.24263292778046,234531
2018-07-06,83.40684509277344,83.94551668695324,82.79867283207082,83.73699480164335,208833
2018-07-09,84.64055633544922,85.16184770893047,83.35470472276744,84.03238417115101,222159
2018-07-10,84.18878173828125,85.23136460279426,83.77174461532793,85.04022286429816,204442
2018-07-11,82.85079956054688,83.66749370233487,82.3642617545015,83.66749370233487,135094
2018-07-12,87.18621826171875,87.6640726398385,83.11145077249121,83.61536210109492,418550
2018-07-13,87.22966003417969,88.44601118252376,86.81262289270325,88.05503761953076,217298
2018-07-16,88.18537139892578,88.9673119784256,87.40343081942596,87.62063616769919,134523
2018-07-17,87.7074966430664,88.2722317433383,87.09932446036107,88.2722317433383,176929
2018-07-18,89.57546997070312,90.18364882571244,88.5328871172302,88.5328871172302,143856
2018-07-19,89.57546997070312,89.87955608391772,88.79352951630837,89.83611899836143,163456
2018-07-20,88.09848022460938,89.83612280644158,87.70750666654888,89.83612280644158,197079
2018-07-23,87.3165512084961,88.09849179876605,86.88214050596626,87.88128644750114,107675
2018-07-24,87.49030303955078,88.88042243482407,87.44686595131132,87.57719047319075,132134
2018-07-25,86.0133056640625,88.83697478939789,85.77003676922183,87.2296567668461,256753
2018-07-26,88.35912322998047,89.40171276325161,87.3165403252898,87.3165403252898,205401
2018-07-27,89.79268646240234,89.92301099245543,88.66322266863119,88.66322266863119,115771
2018-07-30,89.53204345703125,89.74924879620058,88.05504317353125,89.53204345703125,89244
2018-07-31,89.74923706054688,89.79267414555234,88.4025614823566,89.57546883478489,129559
2018-08-01,89.35826110839844,90.0098770230857,88.18535378767733,90.0098770230857,139786
2018-08-02,86.32608032226562,90.09676138266865,85.66577431326496,87.75094664844907,259191
2018-08-03,86.8647689819336,89.18452059566002,86.44773178138726,87.92472555235025,176561
2018-08-06,85.52677917480469,88.31569502242904,85.31825727003532,87.75095979702897,230566
2018-08-07,85.24874877929688,86.44771979315415,84.51893543669381,85.77004023625307,278800
2018-08-08,85.47463989257812,85.77004259106454,84.55369140571825,85.4225127340255,130104
2018-08-09,85.52677917480469,85.63103349860825,84.64057765098768,85.23137645733864,153605
2018-08-10,84.3104248046875,84.9707308882977,83.6327452106106,84.9707308882977,161833
2018-08-13,84.53630828857422,84.72744339107243,83.80649500887401,84.11927118180554,131712
2018-08-14,83.96288299560547,85.33562212755436,83.44159158419878,85.10972675213215,129946
2018-08-15,81.40855407714844,84.27566705093196,81.0262772082697,84.25829354131133,153944
2018-08-16,81.80821990966797,82.19049678881227,80.48760777129824,81.58232450705039,167639
2018-08-17,83.25045776367188,83.84125652035752,81.61707608510832,82.39900996222649,179330
2018-08-20,83.78912353515625,84.60581100334569,83.30257912735009,83.9281314884008,135695
2018-08-21,82.86817169189453,84.31041820523173,82.31212660035209,83.82388040727717,204293
2018-08-22,81.56493377685547,83.80649411612657,81.32166489574013,83.07668747278056,204571
2018-08-23,81.02629089355469,81.91248586265647,80.78302194629467,81.59970960801309,172419
2018-08-24,80.97415161132812,81.7039650322324,80.59187470378895,81.26955433339785,106866
2018-08-27,81.96459197998047,81.98197211665384,81.00888994892448,81.56493500803269,101165
2018-08-28,82.15574645996094,82.93768701709631,81.91247753742572,82.17312659933117,128741
2018-08-29,82.6249008178711,82.88554984830502,82.06885573962022,82.17311667750984,145680
2018-08-30,82.260009765625,83.0419503451481,81.54757648841088,82.53803234627975,122871
2018-08-31,81.59969329833984,82.65965632404071,81.3390508906205,82.45114107214917,120073
2018-09-03,80.59185791015625,82.399001003016,80.33120889373676,81.42592548268686,105232
2018-09-04,78.99324035644531,82.13837622105885,78.7673515642823,81.37381577283833,178169
2018-09-05,77.1165771484375,79.08010842994835,77.1165771484375,78.71520509040175,173594
2018-09-06,77.46410369873047,79.21911965883055,76.508395047182,76.89067850780138,246246
2018-09-07,76.80380249023438,77.77687808170157,75.58745137232006,77.56836283047008,134340
2018-09-10,77.44673156738281,77.74213426164441,76.76905200156821,77.37722427125296,124696
2018-09-11,76.96019744873047,78.03753407617509,75.96974163133154,78.03753407617509,110777
2018-09-12,76.40414428710938,77.48148080142525,76.09136810092409,77.0644436769848,120022
2018-09-13,75.90023040771484,77.01232062739732,75.90023040771484,76.24776025851077,113470
2018-09-14,76.45626068115234,76.85591761201067,76.09135739148769,76.76903682331613,104275
2018-09-17,75.9176025390625,76.71692316995512,75.8481018730296,76.14349793226566,79752
2018-09-18,76.21299743652344,76.5779007530731,75.25729543331161,75.88284113514824,150470
2018-09-19,77.01232147216797,77.55099307823951,75.95235839847464,76.24776109489473,195104
2018-09-20,79.41027069091797,79.98368932043493,77.18608358419517,77.23821737130085,229885
2018-09-21,79.6708984375,81.04363747351188,79.6361514239372,80.14006266355138,442215
2018-09-24,78.15916442871094,79.74041895133935,78.03752997532264,79.74041895133935,154321
2018-09-25,77.15133666992188,78.97586013518352,76.90806112978372,78.03753150896415,134798
2018-09-26,77.9158935546875,78.00277435797403,75.57007872304908,77.32509481232651,177529
2018-09-27,78.61094665527344,78.81946189141617,76.66478235600846,77.77687245354282,146927
2018-09-28,78.24604797363281,78.610957975154,77.41198028037734,78.17654730396379,123978
2018-10-01,79.062744140625,80.05319996550679,77.98540750504112,78.05490817645422,223574
2018-10-02,77.3250961303711,78.47193998761091,75.6743343254673,78.47193998761091,173269
2018-10-04,75.90023040771484,77.30772332057704,75.63958136247277,76.90805968358437,145377
2018-10-05,73.45015716552734,75.63958403429181,72.58133582213844,75.60483038512656,218326
2018-10-08,71.99053955078125,73.31114512215095,71.43449440193284,72.98099538645378,175627
2018-10-09,71.10433959960938,73.15475861674747,70.56567457840642,72.39019817743102,227372
2018-10-10,67.78543090820312,71.41710399297685,67.40315406620279,71.2433423946658,426306
2018-10-11,66.62120819091797,67.54215651840738,64.86619232801898,65.64812608531702,373011
2018-10-12,67.97657012939453,68.72375690594167,66.96874096502061,67.71592774156775,261135
2018-10-15,67.6290512084961,67.94182742712376,66.0304230942489,67.94182742712376,237177
2018-10-16,70.669921875,70.73942917036555,67.125135982903,67.82018905081708,243569
2018-10-17,69.50569915771484,71.24334163665772,68.89752694151684,71.22596812844348,226685
2018-10-18,68.04608917236328,69.78373190570105,67.66380564988306,68.88015688893569,245344
2018-10-19,65.83927917480469,68.46312329735144,65.56125661498987,68.202474247521,219757
2018-10-22,66.18679809570312,68.20246297845833,65.5786259180277,66.2736788884311,229970
2018-10-23,64.79668426513672,65.21371471354591,63.71934124482413,65.1963412067703,152813
2018-10-24,62.57250213623047,65.5438757837901,62.57250213623047,65.14421881298405,186032
2018-10-25,64.04950714111328,64.76194034024086,61.82532673965752,62.29448440736797,282916
2018-10-26,61.634178161621094,63.16329870383418,59.89653575845009,63.16329870383418,332939
2018-10-29,64.32752227783203,66.67333686036135,62.24235007748392,62.48561895228492,300483
2018-10-30,64.18850708007812,64.709805096529,62.502998480247086,64.6229176747341,164535
2018-10-31,66.49958038330078,67.12513275434223,65.00520674771961,65.19634848649119,226161
2018-11-01,67.26412963867188,68.56736132098001,65.83926352963464,66.221546944257,168892
2018-11-02,69.21029663085938,70.94793894693122,68.34147547282346,68.49785691783372,220526
2018-11-05,66.98612976074219,69.59259400535147,66.98612976074219,69.59259400535147,145958
2018-11-06,65.80451202392578,67.9591913918107,65.64812395183269,67.35101260985786,220199
2018-11-07,65.8218994140625,67.47266110620293,65.10946625790673,65.9435338581442,172417
2018-11-08,68.0287094116211,69.60996388854102,65.96091050663169,66.30844034708693,431188
2018-11-09,68.72376251220703,70.54828589015263,66.09992514065941,68.41098631843573,424086
2018-11-12,65.05733489990234,69.94011286776704,64.83144614023645,69.47094858229276,260702
2018-11-13,67.76806640625,67.76806640625,65.42225137438912,65.42225137438912,284184
2018-11-14,68.74113464355469,69.81847105852067,66.81235054947423,67.14250021396617,231756
2018-11-15,67.35102081298828,69.85323027123859,66.13467635809454,69.07128981553537,208004
2018-11-16,65.8566665649414,68.02872012409408,65.43962936500827,67.90708565506804,211133
2018-11-19,66.03042602539062,68.37624114064965,65.85666439780891,66.13468697908837,203618
2018-11-20,64.93570709228516,65.66552048718796,63.528220720498496,65.66552048718796,336693
2018-11-21,66.79497528076172,67.10775146089384,64.84881753772417,65.56125069722953,263226
2018-11-22,68.1329574584961,69.07128595286586,67.03824751031112,67.33364353895729,214732
2018-11-23,68.89752960205078,69.48832833284874,68.13296263950033,68.13296263950033,187890
2018-11-26,72.45970153808594,73.39803018205515,68.67163994154129,68.89753534736666,395787
2018-11-27,68.9322738647461,73.0504913068503,68.91490035655536,72.66820784085414,415045
2018-11-28,68.34149169921875,69.6968509064138,67.22939478487969,69.50570914569019,368432
2018-11-29,71.24333953857422,71.60824285754678,69.08866001156417,69.08866001156417,297884
2018-11-30,71.06958770751953,71.52137188421008,69.78372921780209,71.50399837412152,265864
2018-12-03,75.90023040771484,76.85593252596819,74.35372953168263,75.01402895675623,346331
2018-12-04,72.04265594482422,75.41368661304949,71.85151421061597,75.41368661304949,501066
2018-12-05,72.39019775390625,73.2068919794438,71.12171932336608,71.24335378735067,174777
2018-12-06,66.86448669433594,71.22597334811107,66.63859129951662,71.20859321004316,443761
2018-12-07,67.33365631103516,68.82803013102723,67.2120218492759,67.88970145867206,234432
2018-12-10,65.09209442138672,67.31628160088994,64.79669834197149,66.89924443330156,229306
2018-12-11,65.09209442138672,66.81236362339007,64.51867577310621,66.04779658757485,287253
2018-12-12,68.89752960205078,69.26243294586062,64.72718484011465,65.3179835709126,227514
2018-12-13,69.2276840209961,69.62734103841395,68.09821363760335,69.38407212594923,249199
2018-12-14,67.94182586669922,68.61951207721526,66.49958589488988,68.58475842832361,215075
2018-12-17,66.91661834716797,68.34149147834403,66.23893874576066,68.11559606834794,169777
2018-12-18,67.78543090820312,68.81064024683054,65.38748903432618,66.4126983729536,236697
2018-12-19,67.38577270507812,68.60212375689925,67.05562302285267,68.28934758275724,211917
2018-12-20,66.6385726928711,67.31625868810735,64.9183107049831,66.13466151547098,253661
2018-12-21,67.31627655029297,68.63688199617566,65.80452273121703,66.03041812290316,365840
2018-12-27,67.17725372314453,69.43618747722101,66.44744710985289,67.78542590088757,131686
2018-12-28,67.03825378417969,68.98441161388885,66.91661270552875,67.68117968149264,79495
2019-01-02,69.57521057128906,69.99224107894695,66.37794795539682,66.76022481598649,225074
2019-01-03,66.62120819091797,68.8453882853435,66.4300664711946,68.75850749326366,163032
2019-01-04,70.47877502441406,70.47877502441406,67.42052082318126,67.4552744650793,162107
2019-01-07,71.79938507080078,72.04265395176121,70.54828039319872,71.29546717247997,196710
2019-01-08,71.7298812866211,73.13737411768446,69.67946257752739,71.67775413203437,243354
2019-01-09,72.84197998046875,74.82289825851717,72.268561327056,72.54658389840966,216446
2019-01-10,72.68558502197266,73.41539165074701,71.295465794361,72.33805521506974,147058
2019-01-11,71.69513702392578,73.64130167855362,70.49616591145234,73.05050287778822,157632
2019-01-14,72.54657745361328,72.94623445014366,70.70467393916076,71.33022632627974,98095
2019-01-15,72.25117492675781,74.26683986662293,71.81676432223016,73.41539216517363,114006
2019-01-16,72.68558502197266,73.5891532399086,71.95577176461856,72.70295852945692,149393
2019-01-17,72.07740783691406,72.6334528891337,71.29546741079899,72.16428863346465,85724
2019-01-18,73.45015716552734,73.71079959139553,71.97315690461772,72.56395568326542,109659
2019-01-21,73.83243560791016,74.02357072232316,72.89410703062299,73.55441306225993,90677
2019-01-22,74.44060516357422,74.44060516357422,72.75508981293562,74.05832169140956,179887
2019-01-23,75.1182861328125,75.83071930834889,72.16429249208346,73.38064359456956,209103
2019-01-24,78.29817962646484,78.47194123877023,75.11829041834753,75.11829041834753,294497
2019-01-25,78.4719467163086,80.41810475001418,77.89852805281028,79.14962633161619,219842
2019-01-28,77.60311126708984,78.85421594764445,77.16870065618393,78.62832057397101,77989
2019-01-29,79.16699981689453,79.84467937524035,77.39460355660056,78.5414474157813,165269
2019-01-30,79.54927825927734,79.87943460450212,78.81947152924906,78.81947152924906,140589
2019-01-31,78.69783782958984,80.53973481081451,78.5414497247141,79.56665916143716,144647
2019-02-01,79.18437957763672,79.25388687848776,78.14179657919523,79.13225241628896,102457
2019-02-04,78.48930358886719,79.23649034698956,78.10702677043179,79.09748240262569,74968
2019-02-05,79.27124786376953,79.30600150870363,78.3155458281117,78.4545604078481,95469
2019-02-06,80.40071868896484,80.59186042315531,79.14961397686731,79.49714380006996,161492
2019-02-07,78.99324035644531,80.22696515763566,78.8368522387887,79.93156906238498,168466
2019-02-08,78.33293151855469,78.99323093337688,77.34246913916047,78.54144677436273,178390
2019-02-11,77.81163787841797,78.4719439595174,77.51624180154084,78.35030950097025,150243
2019-02-12,79.27124786376953,79.72303861933287,78.4545604078481,78.4545604078481,128415
2019-02-13,80.01844024658203,80.85250789750857,79.236499752407,79.63616338277015,119717
2019-02-14,80.45284271240234,81.02626789266446,80.0010585998217,81.02626789266446,132431
2019-02-15,80.48760986328125,80.83513973128399,79.49715404805102,80.15746013439814,215138
2019-02-18,81.46070098876953,81.66921628071745,80.27910328676198,80.36598410602514,118969
2019-02-19,80.93939971923828,81.56494551991882,80.6613705252725,81.56494551991882,134244
2019-02-20,82.260009765625,82.4859051838386,81.147919443006,81.35643472135177,156238
2019-02-21,81.25216674804688,82.34688346480034,80.88726338532258,82.34688346480034,149167
2019-02-22,81.5128173828125,81.84296710381636,80.80038415327098,81.25216833088578,97375
2019-02-25,83.19833374023438,83.61536427326286,81.80822091583805,82.45114685426245,168187
2019-02-26,82.260009765625,83.12883115874374,81.63445730200652,83.12883115874374,138250
2019-02-27,81.58232116699219,82.29475436585159,81.16528402758598,82.29475436585159,105034
2019-02-28,81.7039566040039,82.13836725802652,80.97414325838402,81.21741879264434,152677
2019-03-01,89.79268646240234,89.79268646240234,85.23137431061113,86.18707648336549,535843
2019-03-04,89.05419158935547,89.74925134587556,88.880429964516,89.66236390487472,193451
2019-03-05,89.44514465332031,89.44514465332031,87.66406507558985,88.5763234070381,220135
2019-03-06,89.2713851928711,89.66235211162676,88.57632552777189,89.0976235908864,122471
2019-03-07,86.81262969970703,89.14107123645474,85.87430102924579,89.14107123645474,230041
2019-03-08,85.10972595214844,86.16968890157428,84.32778552809825,85.89166637619863,183273
2019-03-11,85.56151580810547,85.83953833058706,84.71006810442942,85.54413567187423,160345
2019-03-12,85.40513610839844,86.9690104651519,85.02285261674339,86.41296536560661,149628
2019-03-13,86.51722717285156,87.4468657043817,82.62490480852232,84.84909185753068,240799
2019-03-14,85.6136474609375,86.10018524371598,84.43205002112104,86.01330444373129,217189
2019-03-15,86.96900177001953,87.09932627719762,85.64839644777827,85.92641896975431,240907
2019-03-18,87.0558853149414,88.61976619331425,86.88212371893553,87.44685884882462,157771
2019-03-19,89.35826110839844,89.5754664132942,86.5345921447536,87.70749946547471,180017
2019-03-20,86.15232849121094,88.09848646470873,85.71791781498317,88.09848646470873,164519
2019-03-21,85.14449310302734,86.03068797180978,84.25829823424492,86.03068797180978,132460
2019-03-22,81.75608825683594,85.66578435802067,81.59970014764531,85.24875381923295,197756
2019-03-25,81.75608825683594,82.2426327235295,80.41810257344522,80.8003860911514,169622
2019-03-26,81.47806549072266,82.22525238520315,81.20004292267743,81.92985630665922,149739
2019-03-27,81.16527557373047,82.78128354916925,80.90463318875697,81.20002921744289,119951
2019-03-28,79.30601501464844,81.26955320204905,79.25388785265994,80.88726967125041,142707
2019-03-29,80.69611358642578,80.95676260727868,78.62832144197532,79.46238902869266,161936
2019-04-01,83.51109313964844,83.80648915535166,81.21740578407473,81.51280179977795,155911
2019-04-02,83.8238754272461,84.17139861737827,82.8855469052973,83.77174164586229,96184
2019-04-03,85.64840698242188,85.71791427861014,84.27566771131634,84.27566771131634,111563
2019-04-04,85.14449310302734,85.8742998621916,84.8143433732027,85.474642832852,80284
2019-04-05,83.98026275634766,85.5093833391534,83.98026275634766,84.93596477774622,132816
2019-04-08,84.97073364257812,85.0923681055305,81.94723232263652,82.46852382508685,149599
2019-04-09,83.52847290039062,85.1792345705864,83.52847290039062,84.83170475129572,83739
2019-04-10,82.3642578125,83.92813209790383,82.19048958395724,83.49372146941718,129174
2019-04-11,83.16356658935547,83.52846990365815,82.3121188940695,82.83341029001328,113609
2019-04-12,85.63101959228516,85.63101959228516,82.53801808822973,83.12881679863605,122898
2019-04-15,87.18621826171875,87.2296619792135,84.90122057312036,85.52677298499323,134615
2019-04-16,87.09933471679688,87.1427784329257,85.92642729570322,86.69098764807543,85820
2019-04-17,87.4034194946289,87.49030029696488,86.10018757384842,86.39559025608709,86449
2019-04-18,88.48945617675781,88.70666152163379,86.56936172348388,86.88213795039178,165031
2019-04-23,88.70664978027344,88.88041801032261,88.14191463262897,88.70664978027344,109468
2019-04-24,88.92386627197266,89.0976345238603,88.27225024170137,88.6197801168956,140130
2019-04-25,88.22879791259766,89.27138072953989,87.70749987554665,88.31567870924619,74410
2019-04-26,88.75010681152344,89.18451750895764,87.70751716053265,87.83784169547914,91138
2019-04-29,89.53204345703125,90.00989122605523,88.88042743952325,89.1410698693779,100228
2019-04-30,88.88041687011719,90.14020503605653,88.75009235639723,89.48858909603685,88423
2019-05-02,88.75010681152344,89.09763669518703,87.66408006793795,88.70666309034755,120706
2019-05-03,89.22794342041016,89.40171165475768,88.70665197452833,88.83697649314388,66037
2019-05-06,85.31824493408203,86.88212585082901,83.58060241706545,86.88212585082901,199418
2019-05-07,83.7543716430664,85.99593210756429,83.61535705833154,85.52676782695448,133273
2019-05-08,85.80479431152344,85.80479431152344,83.11144958000874,83.58060725360129,187027
2019-05-09,87.75094604492188,90.61805881465334,86.39558701923505,89.48858854086093,429733
2019-05-10,88.6632080078125,90.1836451403325,88.1419099737989,88.18535368615998,214466
2019-05-13,85.45726013183594,89.14106043840536,84.93596869869747,88.7935306067863,186382
2019-05-14,88.14192199707031,88.14192199707031,85.87429777696038,86.06543953169466,128507
2019-05-15,89.70579528808594,89.7926760885569,87.01245070200471,88.53288791027737,165350
2019-05-16,89.96644592285156,90.40085656153539,88.5763265761991,88.96730012816272,132347
2019-05-17,88.4025650024414,89.14106176274083,87.53374372477614,88.75009483922358,116311
2019-05-20,86.88213348388672,88.31569001208699,86.23920755210855,88.09848467837728,83116
2019-05-21,88.35912322998047,88.793533878365,86.88212967690527,86.88212967690527,87175
2019-05-22,89.0976333618164,89.5754811339678,87.96816293931138,89.0976333618164,72172
2019-05-23,86.49984741210938,88.79353513782728,86.23920499652993,88.79353513782728,105424
2019-05-24,86.29132843017578,87.83782923305107,86.18706749129488,87.22965699436313,81213
2019-05-27,86.81262969970703,87.57719674760034,85.94380832970536,87.35999140509992,55196
2019-05-28,87.09933471679688,87.83783149092395,86.0828153937544,86.1870697067349,113890
2019-05-29,85.40437316894531,88.70554086942242,85.26239102859998,87.14369670320019,87535
2019-05-30,85.90133666992188,85.90133666992188,85.17366035139257,85.31564250675203,90826
2019-05-31,84.5702133178711,84.78318991687287,83.62955369567221,84.33948471955016,141244
2019-06-03,84.85419464111328,85.04941926441904,83.31009549289581,83.77155274537627,163584
2019-06-04,88.0311050415039,88.2085911758221,84.37497868979797,84.83642909821776,169841
2019-06-05,88.67005157470703,90.24964111089082,88.10210942170622,88.91852542034432,94568
2019-06-06,88.08435821533203,89.22911844398351,87.46316687297946,88.04886098687726,71718
2019-06-07,89.27349090576172,89.67282967493215,88.43932967738776,88.65230629203595,103681
2019-06-11,91.89134979248047,92.6012740515075,89.49533764595351,89.53971087419448,178483
2019-06-12,92.1575698852539,92.1575698852539,90.33838260382151,90.73771458085677,163257
2019-06-13,92.69001770019531,92.91187031007648,91.44764850118418,91.84698049080856,86588
2019-06-14,89.62844848632812,89.85030108159131,87.37442530600566,89.22911652301595,436984
2019-06-17,90.56024169921875,90.95957370488321,89.49534506677247,89.62845799212883,155233
2019-06-18,92.73439025878906,93.04498255629267,90.02778572967703,90.33838479758494,161498
2019-06-19,94.3760986328125,94.95291677101636,91.66950086186259,92.02445962038404,177812
2019-06-20,94.33172607421875,95.61846841667604,94.02112702498763,94.95291063187318,141711
2019-06-21,94.28734588623047,95.35223555513713,94.1542329850163,94.59793814212796,213163
2019-06-24,94.28734588623047,95.17475620045381,93.62178815056296,93.97675363033298,89421
2019-06-25,95.0860366821289,95.2635160744393,93.22247598125047,93.48869506971604,115065
2019-06-26,96.23966979980469,96.23966979980469,94.55359519985271,94.55359519985271,165067
2019-06-27,95.52973937988281,97.0383344854122,95.39662645400558,96.23966370055355,143461
2019-06-28,95.52973937988281,97.34892679885594,95.04166090846789,95.66285230576003,188209
2019-07-01,97.30455780029297,98.36944763873815,96.46151380531977,96.7277396501333,157155
2019-07-02,96.28401947021484,97.57076172271533,95.35223592847075,97.30454268964803,134693
2019-07-03,95.61847686767578,96.41714763410849,95.30788456139763,96.01780886568989,135000
2019-07-04,96.06217956542969,96.46151155292101,95.57410111813644,95.707214037435,60066
2019-07-05,93.48869323730469,95.88470560896128,93.00062153281507,95.840332376551,146108
2019-07-08,93.17808532714844,94.28734824770973,92.64564047935974,93.17808532714844,84593
2019-07-09,92.1575698852539,93.00061383846767,91.8026043665536,92.24630957232795,195208
2019-07-10,92.1575698852539,93.08935352554172,91.49201207659236,91.84697759529269,168848
2019-07-11,91.66950225830078,92.46816624754476,91.40327641494983,92.2463136348871,194079
2019-07-12,91.40326690673828,92.15756435722771,88.87414873961316,90.07215136926152,142579
2019-07-15,92.29068756103516,93.22247124938049,91.09268479773723,91.09268479773723,118943
2019-07-16,92.86750030517578,92.91186676321574,90.95956657895111,91.22579240880724,105038
2019-07-17,90.7820816040039,92.46815585436816,90.47148256487017,92.46815585436816,203809
2019-07-18,88.63455200195312,89.89467996788296,88.38607816288098,89.40660151941672,277652
2019-07-19,90.11653137207031,90.24963751950455,88.33283452200503,88.87415542291835,146342
2019-07-22,91.4476547241211,91.66950734909916,89.49534756207122,90.16090543700541,119295
2019-07-23,94.1986312866211,94.64233656185681,91.80261873810517,91.80261873810517,148012
2019-07-24,95.04166412353516,95.44100291467564,94.10988715168381,94.10988715168381,117128
2019-07-25,94.64231872558594,95.70720847730067,93.79927479927485,95.30787651300862,151520
2019-07-26,95.39662170410156,95.61847431271575,93.57742760530348,93.57742760530348,96395
2019-07-29,94.02113342285156,95.30788262327228,94.02113342285156,94.86417740321086,92366
2019-07-30,91.89134979248047,93.97676288212875,91.75823687816163,93.66617059565418,133035
2019-07-31,91.75823974609375,92.4237975680861,91.4476474499115,91.4476474499115,100882
2019-08-01,97.17144012451172,98.19196345250295,91.58075182014528,91.58075182014528,258194
2019-08-02,96.77210998535156,97.3489213478468,92.46816398861209,94.24298484651563,236734
2019-08-05,94.06550598144531,96.10655268731765,93.84365337299852,95.52973455127508,149432
2019-08-06,93.97676849365234,95.2635109446254,93.44432357498779,93.75491588000841,133401
2019-08-07,94.73106384277344,96.10655272382789,94.24298539584332,95.04165614063609,120096
2019-08-08,96.99396514892578,96.99396514892578,94.95291840038195,95.26351070462007,108974
2019-08-09,94.77543640136719,96.81647632315433,94.55358379440743,96.55025725704519,92270
2019-08-12,93.04497528076172,95.97343218916149,92.4681571902704,94.77542955223568,115588
2019-08-13,92.5569076538086,93.17809222716137,91.13704559402383,92.5125344255388,151988
2019-08-14,90.11653137207031,93.39994723659657,89.98341845423185,93.0006152534854,140361
2019-08-15,87.55191802978516,90.64897859689545,86.82423496300056,90.51586567564449,197440
2019-08-16,90.0721664428711,90.0721664428711,87.87138540696368,88.27960019806008,124058
2019-08-19,92.33505249023438,93.00061027338242,90.69333787547941,90.69333787547941,90982
2019-08-20,92.82312774658203,93.57742524274559,92.06883025041846,92.60127514356897,104700
2019-08-21,94.90853881835938,95.61846984088486,93.00061188982966,93.00061188982966,89992
2019-08-22,94.1098861694336,95.52974161439114,93.75492061559301,94.64233111499207,63829
2019-08-23,93.13372039794922,95.44099289455734,93.04498071048064,94.86417477040531,64236
2019-08-26,93.48869323730469,93.71054585854671,91.66950580536297,92.06883781543672,49795
2019-08-27,93.6218032836914,94.24298789589533,92.51254021160975,93.00061867148747,75674
2019-08-28,92.82312774658203,93.62179847150986,91.22579306713051,93.13372003671948,56852
2019-08-29,94.59794616699219,94.59794616699219,92.37942019323344,92.73438570311563,105228
2019-08-30,95.21914672851562,96.06218397207172,94.02113717027694,94.06551040221342,145100
2019-09-02,96.99396514892578,97.393297144317,94.73106578729694,94.77543901807573,106553
2019-09-03,96.23966979980469,97.48204590272069,95.4853721992359,96.99397417077856,87226
2019-09-04,99.07938385009766,99.25686324224208,96.5946317376469,96.68337143371912,103902
2019-09-05,100.49922943115234,101.78597182387519,99.38996641314846,99.38996641314846,130924
2019-09-06,100.89856719970703,101.43101889522787,100.49923519847096,100.72108781480313,62150
2019-09-09,102.00782775878906,102.3627932902234,100.54360594352954,100.63234563378703,101994
2019-09-10,101.74161529541016,104.93629174498192,101.60850236617699,102.05220761668431,182987
2019-09-11,103.38331604003906,104.00450063855568,102.18531330266885,102.18531330266885,119903
2019-09-12,101.78598022460938,104.00450644371948,101.47538790801491,103.38332181053053,154123
2019-09-13,103.2945785522461,103.47205793549008,101.12041887028258,101.60849732981026,95402
2019-09-16,103.60517883300781,104.35947642546262,102.36280274345604,102.93962093900562,115422
2019-09-17,104.31509399414062,104.53694659151617,102.85086549738126,103.51642328950788,114264
2019-09-18,104.2707290649414,105.02502660196859,103.82702383487782,104.62569460307317,82831
2019-09-19,104.31509399414062,104.67005273361832,102.80649226974457,104.67005273361832,78092
2019-09-20,103.96013641357422,104.53695456482687,102.89523980270675,104.35946841114671,123348
2019-09-23,102.14094543457031,103.60517408840168,101.25353494987309,103.60517408840168,77152
2019-09-24,103.73827362060547,103.8713865302036,102.14093224623569,103.02834261635138,97559
2019-09-25,102.85086822509766,102.98398114113407,100.54360250528164,102.18531041531972,139403
2019-09-26,102.89523315429688,105.24687206797678,102.80649346839282,103.38331158237528,84295
2019-09-27,101.65286254882812,102.40716002377017,98.94625816005517,99.47870303822579,139901
2019-09-30,102.9839859008789,103.42769112790484,101.25353145323513,101.65287021980113,88990
2019-10-01,102.9839859008789,104.98065942249556,102.67338682563718,103.82702312406637,117554
2019-10-02,100.58796691894531,102.40716093685288,100.41048754810731,102.05219542477286,109195
2019-10-04,102.31842803955078,102.8952394182437,100.54360713180769,101.16479174135598,106895
2019-10-07,103.560791015625,103.7826436157188,101.56411761478078,102.14093572910548,72594
2019-10-08,101.38664245605469,103.60516854918498,100.85419754778428,103.60516854918498,99247
2019-10-09,102.62901306152344,102.98397857196375,101.56411653020253,101.65286298561558,96697
2019-10-10,100.9873046875,102.40715995175788,100.32174689765374,101.07604437206537,193277
2019-10-11,98.45819091796875,101.6528740905257,97.88137951719487,100.80983006483245,191465
2019-10-14,98.28070831298828,98.28070831298828,94.46484063195199,97.26018493127816,210737
2019-10-15,95.04166412353516,98.36945353101471,95.04166412353516,96.50589281690714,189340
2019-10-16,93.17808532714844,95.08601890459458,93.08934564758425,94.95290600004651,228440
2019-10-17,94.59794616699219,95.84032206637788,92.73438570311563,93.3555702676065,219914
2019-10-18,93.22245788574219,94.68667951409341,93.08934498214566,94.06549499118098,141991
2019-10-21,94.1986312866211,94.95292890044075,93.13373456381228,93.13373456381228,123147
2019-10-22,94.33172607421875,94.99728385902159,93.97676056824312,94.77543126408732,81637
2019-10-23,94.9972915649414,95.57410294223678,93.17809743075068,93.4886897347723,135460
2019-10-24,94.77543640136719,96.01780558401838,94.33173118744769,95.39662099269277,99893
2019-10-25,96.63900756835938,96.8164869652741,94.50922095335763,95.26351854585272,125810
2019-10-28,98.14759063720703,98.50255615762164,96.50588272199417,96.68336209699939,135049
2019-10-29,96.72773742675781,98.59129798640348,96.3727718986338,98.45818506705643,92818
2019-10-30,95.88470458984375,96.94959445232529,94.10988363877144,96.94959445232529,127310
2019-10-31,95.70721435546875,96.72773771294305,95.17476944690956,96.01780665459458,112408
2019-11-01,97.97012329101562,97.97012329101562,95.7959634430345,95.84033667743604,101624
2019-11-04,98.54693603515625,99.25686035347714,97.92574463992025,98.23633695233593,97667
2019-11-05,99.74493408203125,99.87804700114052,97.61514768749593,98.99063656761783,95694
2019-11-06,101.12041473388672,102.31842421819398,100.09989816637194,100.2330043131579,187317
2019-11-07,99.87804412841797,104.98065397441063,99.34559246729543,100.05552350185606,272701
2019-11-08,92.95623779296875,98.19196041653417,92.95623779296875,98.10322073214913,545675
2019-11-11,92.60127258300781,93.31120360118061,89.4509697695754,92.29068030145869,286923
2019-11-12,92.33505249023438,94.06550001825775,91.66949470708632,94.06550001825775,137087
2019-11-13,91.4476547241211,92.11321259905529,90.33839159923076,91.75824704500943,152799
2019-11-14,91.4476547241211,91.9800996699875,90.56024422420883,91.49202118687381,84708
2019-11-15,91.62512969970703,92.06883492827704,90.69334601154821,91.98009523664393,109549
2019-11-18,90.82646179199219,91.71387227705397,90.11653746618558,91.40327996136328,141149
2019-11-19,91.66950225830078,92.29068686558041,90.69334534628359,91.09268411131002,187359
2019-11-20,85.20915222167969,91.35890718464917,84.05552264758786,91.35890718464917,570903
2019-11-21,82.5291748046875,84.81869547255337,81.05607015515368,84.39273546232532,576307
2019-11-22,84.21525573730469,84.80094313232048,82.35169508712039,83.02612217587742,302218
2019-11-25,85.6528549194336,86.16755461292868,84.03776814740777,85.03167030342541,199368
2019-11-26,86.87747955322266,86.87747955322266,85.15590120991772,85.90132946686367,205616
2019-11-27,86.43377685546875,87.17919836359222,85.70610057688926,86.8774820685149,152578
2019-11-28,86.43377685546875,86.6112562325255,85.74159780638146,86.00781687196658,62306
2019-11-29,85.75934600830078,86.54026477298271,85.75934600830078,86.167554006003,85384
2019-12-02,84.76544189453125,86.85973106578548,84.5702172856892,85.54636741151683,112149
2019-12-03,85.26239013671875,86.11430328109117,84.0377594907303,84.80093295201463,204050
2019-12-04,86.06107330322266,86.55802101689086,84.97843140952709,84.97843140952709,136498
2019-12-05,86.43377685546875,87.09045867506384,86.04331410145879,86.41602485552053,104141
2019-12-06,86.20304107666016,86.43376966396013,85.22689104325765,86.43376966396013,101327
2019-12-09,86.14979553222656,87.01945385482188,85.81257527740502,86.34502688598567,86997
2019-12-10,85.95457458496094,86.75324532412331,84.62345894315841,85.72384597800198,179812
2019-12-11,85.91907501220703,87.12595370282625,85.65284918294535,86.11430638427838,112846
2019-12-12,87.03721618652344,87.32118725196054,85.88357992483284,85.88357992483284,106276
2019-12-13,86.93073272705078,89.00727684058117,86.70000409879076,87.99562940104748,98741
2019-12-16,88.2263412475586,88.65230122290312,87.19694869361584,87.56965944053972,76631
2019-12-17,90.9595718383789,91.80260906432892,89.45097676970906,89.53971646132413,224898
2019-12-18,91.09268188476562,91.2701612623919,90.69334312950008,90.82645604792192,113795
2019-12-19,91.22579193115234,91.66949713165327,90.87082641667078,91.18141870294062,93823
2019-12-20,91.62512969970703,92.15757461991014,90.95957185685201,91.04831154848512,149572
2019-12-23,91.71387481689453,92.06884037483029,91.49202218948531,91.58076188636802,41719
2019-12-27,92.02446746826172,93.13373060925043,91.62513544566775,92.29069333026098,77181
2019-12-30,90.8708267211914,92.1132026408382,90.51586120552031,92.1132026408382,57073
2020-01-02,91.89134979248047,92.06882916463621,90.24963513322153,90.87082647657476,61472
2020-01-03,91.3589096069336,91.49202253796712,90.33839293328802,90.91520435042511,77883
2020-01-06,90.0721664428711,90.7820975564941,89.62846118945794,90.69335108948756,93166
2020-01-07,91.80261993408203,92.29069845136193,90.60461702941946,90.60461702941946,93721
2020-01-08,92.11321258544922,92.33506521039452,91.0483159234689,91.40328147746234,52043
2020-01-09,92.64566040039062,93.2224785971929,92.3350680699294,92.60128716586544,61681
2020-01-10,91.40326690673828,93.04497471554555,91.40326690673828,92.24630403897875,67118
2020-01-13,92.46817016601562,93.31121419208253,91.58075967777975,91.62513291035344,133205
2020-01-14,92.69001770019531,92.95624354021446,91.80260726067058,92.60127801032371,89949
2020-01-15,91.31452941894531,93.13371663496315,91.22578973506218,92.82312435617024,108432
2020-01-16,92.51252746582031,92.51252746582031,91.13703873778339,91.44763777149748,76927
2020-01-17,92.95623779296875,93.48868266968302,92.1575670926954,92.73438519680415,122371
2020-01-20,95.79595947265625,96.99396904779526,94.50921697320177,94.50921697320177,150180
2020-01-21,95.0860366821289,95.84033425505532,94.64233143094809,95.7959610217753,66461
2020-01-22,92.02446746826172,95.75159568422674,92.02446746826172,95.70722245042523,120165
2020-01-23,91.22579193115234,92.37942139021231,90.95956610269016,91.84697650369202,131529
2020-01-24,90.9595718383789,92.06883490957865,90.47149337888924,91.8469822953387,127267
2020-01-27,89.36222839355469,90.11653268213695,88.49256995578865,89.80593361253044,135291
2020-01-28,89.62844848632812,90.2052665880932,89.00726392775276,89.76156139756682,99157
2020-01-29,89.6728286743164,90.29401328111068,89.45097606183211,89.76156836522924,77985
2020-01-30,87.49866485595703,88.96289338292388,87.25019102503498,88.96289338292388,124388
2020-01-31,85.8303451538086,88.56357113496377,85.8303451538086,88.15535634457936,115500
2020-02-03,86.71774291992188,86.96621674163335,85.63510117926141,86.07880636671872,103789
2020-02-04,87.90687561035156,87.99562207026162,86.59351195669637,86.84198579547414,78146
2020-02-05,88.65230560302734,89.98342128244096,87.12595854070169,87.87138007137918,96490
2020-02-06,87.56965637207031,89.7615610890003,87.56965637207031,89.58407495115753,104222
2020-02-07,86.29178619384766,87.28568828833329,86.20304650711239,87.12595414404817,75413
2020-02-10,86.02556610107422,86.8774792702346,85.56410890294316,86.29178515808456,116568
2020-02-11,88.91851806640625,89.18474389065935,87.32118343209949,87.35668066002684,141604
2020-02-12,89.76156616210938,89.9834187691485,88.40382929029464,88.45707174945466,101414
2020-02-13,86.78874969482422,89.6728338227041,86.36278967542076,89.62846058949786,195833
2020-02-14,86.61125183105469,87.80038526219835,86.54025737567814,87.3744253003429,88199
2020-02-17,86.80648040771484,87.64064830556502,86.0788041895063,86.96621454197543,89884
2020-02-18,85.38665008544922,86.39829764049614,85.22691590463099,86.18532098954039,105399
2020-02-19,85.29788970947266,85.93681950751775,84.88968173971995,85.79483736475352,99860
2020-02-20,85.17366027832031,86.52252121989865,85.17366027832031,85.29789720305497,64105
2020-02-21,83.27458953857422,85.12040481436428,83.09711016491923,85.10265958516042,105109
2020-02-24,78.53582763671875,81.19805908203125,77.36444607159744,81.19805908203125,228145
2020-02-25,76.53028106689453,80.04442590068814,76.53028106689453,79.90244373862225,198197
2020-02-26,76.5835189819336,76.72550112301303,72.98062821268795,75.27014863232802,252747
2020-02-27,73.22911071777344,75.23466032258345,71.95124421496759,74.96844123760108,201687
2020-02-28,73.0516357421875,73.9567915184724,69.92795360496346,70.24742194257111,363382
2020-03-02,74.71995544433594,79.83144141318911,70.60237159371663,79.83144141318911,348374
2020-03-03,74.09878540039062,76.99174586383202,73.93905122092684,74.98619600398811,313575
2020-03-04,72.43045043945312,74.71996447852547,71.79151376979384,74.71996447852547,270020
2020-03-05,71.43653869628906,73.47758536720185,70.77985688224753,73.38883890901975,253410
2020-03-06,70.31839752197266,71.33004482658166,68.89854224974985,70.10542092374023,238393
2020-03-09,64.95844268798828,67.42544944345177,64.95844268798828,66.55578421736688,403618
2020-03-10,64.17752838134766,68.33060987578287,63.804817588740576,65.95234941708227,307763
2020-03-11,62.597938537597656,65.45540147902774,62.11873604707165,64.86970728936099,270908
2020-03-12,56.936256408691406,60.21967228980526,56.741021645727116,59.03053879361956,393558
2020-03-13,55.46315002441406,60.414901683490726,55.0016962099867,58.835312254060064,384219
2020-03-16,50.635643005371094,52.996154737341506,46.66004447706316,52.374966726780386,413786
2020-03-17,45.32892608642578,52.99615160876385,44.90296610389401,52.55244639672853,358225
2020-03-18,40.962860107421875,45.73712856191668,38.51360912138613,45.73712856191668,444861
2020-03-19,39.45426940917969,41.14922330263597,38.36275491723477,40.11095465854288,680720
2020-03-20,47.68943405151367,49.606240286294906,43.84694558267246,44.37051782845632,595800
2020-03-23,50.830867767333984,51.20358190398774,43.92681578394961,47.74267991238359,360531
2020-03-24,51.629539489746094,54.89521016835983,48.843071259507695,54.0432969613829,395043
2020-03-25,55.693878173828125,56.11983816743947,49.94345888250148,54.78872249671009,414706
2020-03-26,56.26182174682617,56.82976387161902,53.56409326885802,55.01944580994023,242229
2020-03-27,56.20857238769531,58.83530962838006,55.285664800027746,55.480896162665616,259465
2020-03-30,55.94235610961914,56.4038099542084,53.88356411696077,55.90685887883483,439183
2020-03-31,56.847511291503906,57.89465589389172,56.22632668432657,56.88300852197182,280609
2020-04-01,52.357215881347656,55.28566965190802,52.23297896156664,55.019447197348384,329810
2020-04-02,51.68278121948242,53.47534718031565,51.18583019571364,53.12038506493958,230751
2020-04-03,53.08489227294922,54.540244853546476,50.99060309201084,51.700530767277534,188896
2020-04-06,55.01945114135742,56.77652352964745,54.61124312275722,55.906861643637384,401942
2020-04-07,54.451507568359375,56.68778238311286,54.078793406632634,56.173082680062194,431696
2020-04-08,53.794822692871094,54.78872487415633,53.42211191379089,54.593493484046306,213227
2020-04-09,55.693878173828125,57.30896830203246,54.43375696376804,55.00169910831355,283797
2020-04-14,54.75322723388672,57.34446759299243,54.557995845232895,56.918507584074575,291751
2020-04-15,51.46980285644531,55.40990378747289,51.310068714695355,55.01944443275189,302413
2020-04-16,50.582393646240234,53.12038797433304,50.47590534431526,52.17973171592319,249647
2020-04-17,52.268470764160156,53.61733151189428,51.807016977745086,52.48144735161215,519365
2020-04-20,51.87801742553711,53.759330137678106,51.29232662633915,53.24463041873318,271407
2020-04-21,50.138694763183594,51.98451028378738,50.032206447826454,51.48755917011655,284464
2020-04-22,50.830867767333984,51.77152403107718,50.13868872309399,50.90186222582121,337334
2020-04-23,53.35111618041992,53.546347565883934,51.46980694344712,51.52305278999246,237386
2020-04-24,51.46980285644531,53.13813534516596,51.39880840002222,52.534696006377686,192437
2020-04-27,52.9251594543457,53.79482130157647,52.16198591478341,53.08489360844954,193721
2020-04-28,53.45760726928711,53.812569419970536,52.39271404683236,52.92515896545862,215090
2020-04-29,55.88911056518555,55.88911056518555,53.56409609949671,53.65283579173433,287694
2020-04-30,54.859710693359375,57.84141018095789,53.635083392695265,56.68777733723756,359746
2020-05-04,51.736026763916016,53.599590675414774,51.23907909567802,53.33336484148488,308078
2020-05-05,54.238529205322266,54.39826336729639,52.126494637357716,52.818673749110594,301158
2020-05-06,55.658382415771484,56.705526978238765,54.02554711372098,54.628986467861516,285338
2020-05-07,58.65782928466797,58.65782928466797,55.85361240315554,56.457051778878665,358793
2020-05-08,58.977291107177734,60.8941007148769,55.658378290591614,60.36164908802468,691526
2020-05-11,57.52194595336914,60.184177342948836,56.19083025857929,59.40325857268442,385939
2020-05-12,55.62289047241211,57.93015642088618,55.108190756944985,57.770422259893095,328586
2020-05-13,54.025550842285156,55.51640071596994,53.262377289660535,55.409909021276505,204799
2020-05-14,53.617340087890625,53.954557021362305,52.05549911768906,53.42211208236691,291328
2020-05-15,57.02499771118164,57.96565062657559,55.19693095594076,55.19693095594076,344347
2020-05-18,61.56853103637695,61.56853103637695,58.14312635509965,58.42709741192245,305632
2020-05-19,61.83475875854492,63.219116856666204,59.98894344744704,62.38495566004648,350028
2020-05-20,62.05533218383789,63.21335728756331,60.36425413819683,61.76123134929523,198935
2020-05-21,62.845726013183594,63.17659031022189,60.91568895507123,62.018572282504444,117332
2020-05-22,62.27590560913086,62.91924891640773,60.713489415590224,61.57741358129015,167352
2020-05-25,65.78673553466797,65.78673553466797,62.62514675201411,63.43392217952082,157823
2020-05-26,67.05504608154297,67.38591036086619,65.06986741751982,66.48522270894935,239655
2020-05-27,68.76451110839844,69.40785444065689,66.68742018838104,67.5697226205854,406034
2020-05-28,67.44105529785156,69.61005144970505,66.37494246716506,69.61005144970505,248041
2020-05-29,67.05504608154297,68.37850319883589,65.60292030139281,66.17274367398643,228859
2020-06-02,69.68358612060547,71.50333994541838,68.34175055811073,68.65422964261947,349420
2020-06-03,73.47012329101562,73.7642240705228,70.1063390517314,70.97026315924683,227199
2020-06-04,72.10991668701172,72.79002355583206,70.34531167022092,72.51430796616184,208438
2020-06-05,73.89290618896484,74.0031896189299,71.92610555286242,72.80840805216769,287196
2020-06-08,73.9112777709961,75.30826186143275,72.80840149910723,73.80099435095701,195920
2020-06-09,73.17603302001953,74.62815188316647,71.7055218993939,74.16861891095013,363086
2020-06-10,70.05120086669922,73.9664233878003,69.86738348782356,73.45174173886448,203040
2020-06-11,65.67645263671875,68.74613658821939,65.67645263671875,68.01088101571521,211705
2020-06-12,66.76095581054688,69.1872895670599,64.44491250184528,64.86768203391314,213214
2020-06-15,66.50361633300781,66.9080076168946,64.55519388836449,65.2904494932646,188785
2020-06-16,69.16891479492188,71.24599907665448,68.04765306107599,68.19469998693637,211222
2020-06-17,69.4262466430664,70.73131868324474,69.09538232134273,69.38948316155076,112051
2020-06-18,71.15408325195312,72.71649955402926,68.15793334202768,69.26080966309124,252748
2020-06-19,70.54750061035156,72.2385785045393,69.8306303286017,72.14667331671022,285641
2020-06-22,71.09895324707031,71.61362801339396,68.52556539161644,69.22405758299698,196805
2020-06-23,71.5217056274414,72.93706790678182,71.04379446092251,71.88933337733384,170877
2020-06-24,70.43721771240234,72.49592359004046,70.36369074950741,71.70552626871279,186074
2020-06-25,70.5107421875,70.89674821120342,68.94832583473584,70.40045174704893,139175
2020-06-26,70.34530639648438,73.02897720148381,70.29016468506767,71.6871417989841,132017
2020-06-29,71.26437377929688,71.70552150351568,69.94091658280715,70.06958525336402,114528
2020-06-30,70.9518814086914,71.77904208299316,70.12472774630568,71.65037342387022,119664
2020-07-01,70.45560455322266,71.26438012761496,67.42268387839628,69.84901761349047,167457
2020-07-02,72.45916748046875,73.63557797072227,70.97028489591419,71.4849596647066,264679
2020-07-03,71.06217193603516,73.12087749681902,70.9518815086675,73.12087749681902,94319
2020-07-06,73.56204223632812,74.16862213986434,72.42240237895432,72.91869184006713,116987
2020-07-07,73.17603302001953,73.69070770508849,72.18344011717224,73.12088429525022,107184
2020-07-08,72.49591064453125,72.86353838144191,71.66875700137709,72.86353838144191,132671
2020-07-09,71.90772247314453,73.08412584099617,71.72391207638665,72.22020856193353,155417
2020-07-10,72.6981201171875,73.24955832177932,71.00704202151698,71.742290623667,125178
2020-07-13,74.29728698730469,74.72006348884516,73.43336977455887,73.96642970092151,118954
2020-07-14,73.13926696777344,74.6649127356628,71.90771499936297,73.43336777916876,137103
2020-07-15,74.27891540527344,74.86711709671897,73.19441722193625,73.50690331472015,101712
2020-07-16,74.26052856445312,74.84873018773494,72.97383488405546,73.48850955144795,111927
2020-07-17,75.08768463134766,75.65750803948578,74.26053089335954,74.26053089335954,113402
2020-07-20,76.22732543945312,76.96257392770389,74.38919370095203,75.1244421892028,113171
2020-07-21,76.37438201904297,78.32280443326599,75.84132206440879,77.38535320105872,161289
2020-07-22,75.32665252685547,76.52144119519947,73.58042563155173,75.84132727042889,147376
2020-07-23,76.1905746459961,76.77877633927567,75.19798165911783,75.80456859951586,68160
2020-07-24,74.07672119140625,75.14284116021341,74.05834295590704,74.97740899305083,109561
2020-07-27,76.99935150146484,79.8668400628155,72.6613586824667,74.24215338890677,330851
2020-07-28,78.89262390136719,80.52856730926464,77.62431531628438,78.41471265554269,257930
2020-07-29,77.47726440429688,81.24543349489183,77.40373744352505,79.95873972905243,202034
2020-07-30,74.9773941040039,77.44049087490303,74.35242904237529,77.16476831374605,174981
2020-07-31,73.745849609375,76.30085181962359,73.745849609375,74.7200642811059,205956
2020-08-03,75.65750885009766,75.9148461946215,73.32308049176217,73.8929039060055,119149
2020-08-04,76.282470703125,77.25667832612274,75.67588383542845,76.48466632569053,90267
2020-08-05,76.39276123046875,76.85229418707473,75.34502665036042,76.55819337532357,105598
2020-08-06,74.26052856445312,77.82650178208874,73.52527302939262,77.2934418697657,208421
2020-08-07,74.31568145751953,77.60593960352227,73.89291191541734,75.36341619488526,190471
2020-08-10,71.79743194580078,75.76779642596067,71.19084507498361,75.17959480015301,197623
2020-08-11,73.5804214477539,74.09510317397991,72.0547755395166,72.10991725550195,207828
2020-08-12,73.02897644042969,74.13185974068591,72.20181571821662,73.15764510700545,197713
2020-08-13,72.14668273925781,73.48851829017572,71.7790549280119,72.7900261500002,148285
2020-08-14,71.81582641601562,72.53269687130398,70.69456462208542,71.98125859892203,156118
2020-08-17,72.71649932861328,72.91868794437873,71.19084651022423,71.65037947789564,92959
2020-08-18,72.77163696289062,74.81196434692099,72.69811000932357,73.19440642802687,145668
2020-08-19,72.01801300048828,73.19441636968165,70.9886565464855,72.7716468471226,196115
2020-08-20,70.63941192626953,71.77905178043203,70.16149368903183,71.77905178043203,90026
2020-08-21,70.45560455322266,71.9628722670867,69.22405243857729,71.00704276357729,107812
2020-08-24,73.06575012207031,73.56204662470692,71.04380764044036,71.22761804352767,125734
2020-08-25,72.64298248291016,73.5804267822098,72.25697641919369,73.24956243847637,102982
2020-08-26,72.47754669189453,72.69812057272998,71.76067632024139,72.60621537337498,95477
2020-08-27,73.06575012207031,73.52528314170597,72.44078493488911,73.35985097416044,95126
2020-08-28,73.28632354736328,73.59880964494779,72.99222269712234,73.17604011097129,87940
2020-08-31,71.26437377929688,73.6171803402416,71.26437377929688,73.6171803402416,118511
2020-09-01,70.069580078125,72.4407717093974,69.75710104754232,71.85257011260494,171290
2020-09-02,72.09154510498047,72.09154510498047,70.03283205016551,70.03283205016551,146686
2020-09-03,71.76067352294922,73.43337332890904,71.4481874430225,72.53268558173824,145555
2020-09-04,71.99961853027344,73.54364950752401,71.09893788382844,71.39303868845158,138437
2020-09-07,73.08412170410156,73.67233036664926,72.55106877891006,73.06574347023293,68692
2020-09-08,71.81582641601562,73.24956732659233,71.42982032654007,73.24956732659233,78072
2020-09-09,71.30113983154297,72.01801016820771,70.43721557355371,71.76067281780672,130471
2020-09-10,72.3856430053711,73.54366116289727,71.3562865200971,71.55848217005426,135969
2020-09-11,71.99961853027344,72.55106367436858,71.54008558480501,72.42239501059072,74527
2020-09-14,73.34146881103516,73.5804209198688,72.36725409347487,72.47754453657143,95713
2020-09-15,75.2715072631836,75.41855417788689,73.12088916382096,73.47013873358596,143085
2020-09-16,75.7494125366211,75.7494125366211,74.2789084457847,75.4001700062714,116864
2020-09-17,75.05094146728516,75.4737110339706,73.94805793461545,74.81198231675236,136694
2020-09-18,74.07672119140625,75.30827332737599,73.54366120700267,75.30827332737599,170634
2020-09-21,69.04022979736328,73.54364689334244,68.94831760200367,73.341458294533,176102
2020-09-22,69.16891479492188,69.99607566512931,68.61747655208949,69.84902172735124,105110
2020-09-23,69.00347137451172,70.16148939214759,68.7461340372593,69.66519996282739,94460
2020-09-24,67.18372344970703,68.01088425519417,66.72419044798275,67.6616416981739,109941
2020-09-25,66.63228607177734,67.56973032161257,65.76836177406769,67.4410616404963,115158
2020-09-28,69.9041519165039,69.95930064003207,67.90058792225534,67.95573664578349,148796
2020-09-29,70.34530639648438,71.00703498115087,69.48138218740128,69.95930039273442,87804
2020-09-30,70.54750061035156,71.13570222675742,68.69098356138853,69.44461732065331,83830
2020-10-01,70.98865509033203,71.55847852831033,69.84901522629245,70.6394125384907,96100
2020-10-02,70.36369323730469,71.17247583391017,69.9041602208397,70.14311935273835,96632
2020-10-05,72.47754669189453,73.10251186419268,71.22761634729824,71.22761634729824,91702
2020-10-06,72.23857879638672,72.8819291376223,71.54008674461419,72.86354389283237,104599
2020-10-07,69.9041519165039,72.47753930776655,69.84901020489228,72.10991153588381,106666
2020-10-08,70.52912902832031,71.35628990284995,70.03283250360252,70.29017689605887,204037
2020-10-09,72.29373168945312,72.75326466888188,70.43721452588751,70.47397800567182,137237
2020-10-12,70.62102508544922,73.04736567372512,70.49235641184812,72.88193352024987,121087
2020-10-13,69.31595611572266,70.93351424089326,69.1137604735867,70.4923594751496,135420
2020-10-14,68.45203399658203,69.62843727272201,68.30498008110622,69.38947816603213,142327
2020-10-15,66.7977066040039,67.49619861695349,65.74997209053753,67.49619861695349,126540
2020-10-16,67.66163635253906,67.91897369126688,66.6690434643747,67.51458243788511,91236
2020-10-19,67.9373550415039,68.67261062467288,67.56972724991942,67.97411852185405,78267
2020-10-20,68.63584899902344,69.04024028188566,66.87124396603446,67.25725000226633,93145
2020-10-21,67.18372344970703,68.81965981393874,66.76095392955075,68.81965981393874,88178
2020-10-22,65.98894500732422,66.70581540238113,65.47426325268229,66.6506666714339,103158
2020-10-23,66.63228607177734,66.90800868097918,65.63969309295142,65.63969309295142,94558
2020-10-26,64.33462524414062,66.13599390954644,64.09566610132543,64.81253651785332,145119
2020-10-27,60.309112548828125,64.42652424101973,58.02982581742715,64.31624081028416,584063
2020-10-28,58.17687225341797,60.60320923634028,57.49676543339897,60.60320923634028,338992
2020-10-29,56.908565521240234,58.82022450036212,56.13655344039322,58.1217358770421,234853
2020-10-30,57.62543869018555,58.25040384837381,56.24683969523354,56.52255879303223,227637
2020-11-02,58.93050765991211,59.31651365261304,57.14751758136546,58.63640334828901,177861
2020-11-03,61.35684585571289,61.65094668436684,59.53709215772375,59.702524312086396,165412
2020-11-04,63.194976806640625,63.966988840402486,59.757665098462596,60.76864325493657,279429
2020-11-05,63.85670471191406,64.16918376635911,62.992780482938514,63.80155598731101,184600
2020-11-06,61.83475875854492,66.63228435393496,60.970834483108035,65.25368536730183,436646
2020-11-09,65.52941131591797,68.5255615512975,63.41555662369453,63.78318444128783,460836
2020-11-10,72.20182037353516,72.40401600888147,66.35656024223637,66.35656024223637,385248
2020-11-11,69.94091796875,73.39660793255268,69.26081112348436,72.25696810850167,260679
2020-11-12,68.74613189697266,70.54750021357377,68.50717280042788,70.05120378778831,338217
2020-11-13,67.31238555908203,69.11375390858517,67.18371689211156,68.24983671777146,424877
2020-11-16,69.66519927978516,70.01444180378687,68.34174211612984,68.5623159727669,302636
2020-11-17,69.4078598022461,69.94091975410437,67.8638286736367,69.75710936266488,191748
2020-11-18,68.34174346923828,69.09537725525965,67.68001487430897,69.09537725525965,216368
2020-11-19,69.27918243408203,69.86738402719293,67.56971936287972,67.64324631499761,273264
2020-11-20,70.30854797363281,71.09894528304793,69.11375938630754,69.38948198704938,201315
2020-11-23,71.24598693847656,71.70551989786588,70.62102183323043,70.76807574595493,164978
2020-11-24,72.8267822265625,73.34146391473573,71.8709528192883,71.8709528192883,242299
2020-11-25,71.68714141845703,74.00318444057932,71.48494579511372,73.32307762635621,180958
2020-11-26,70.23501586914062,72.34887028826996,70.23501586914062,72.31210681006847,128253
2020-11-27,70.5107421875,71.65038202449351,70.25340483836439,70.43721522719929,106423
2020-11-30,68.52555084228516,70.36368263107535,68.01087618523712,70.36368263107535,217844
2020-12-01,71.31951904296875,71.35628252380361,69.79387315386553,70.08797398862741,188011
2020-12-02,70.73131561279297,71.52171290127531,69.68358097678927,71.08055815415526,155278
2020-12-03,70.97026824951172,71.59523332727886,70.63940397234582,71.24598380587253,145238
2020-12-04,72.55107116699219,73.01060415991832,70.69455394889707,70.80484439148945,147108
2020-12-07,72.348876953125,72.56945083073704,71.04380491037116,72.56945083073704,149595
2020-12-08,71.96286010742188,72.77163554515425,71.48494193046302,72.1466704758423,101139
2020-12-09,72.97383880615234,73.21279791967771,71.61361809675807,72.33048842541737,140440
2020-12-10,72.3121109008789,73.12088643131625,71.98124659026433,73.06574471685279,118942
2020-12-11,72.27533721923828,72.55105977647231,70.58425943648955,72.18343203746558,159395
2020-12-14,73.5804214477539,74.51787269100753,72.64297721641738,72.64297721641738,195493
2020-12-15,76.5398178100586,76.99935082477981,73.81938320433909,73.89291016955464,264759
2020-12-16,77.90003204345703,78.91100318812575,76.87067565307764,76.99934432538547,330455
2020-12-17,79.11319732666016,79.44406162404202,77.20153849999087,78.12060443451458,235750
2020-12-18,79.81167602539062,80.34473590777655,78.06545649854496,79.22347443514273,390438
2020-12-21,77.38534545898438,78.28603312021895,75.30826158742067,77.88164188310347,289543
2020-12-22,78.76394653320312,79.20510126001261,77.84488061327349,78.3044135732383,168245
2020-12-23,79.5727310180664,80.0322639895102,77.93679476163318,78.94776589642619,126398
2020-12-28,79.13157653808594,80.87780323764572,78.69042881073577,80.69399285323593,119629
2020-12-29,80.528564453125,80.82266528902845,79.22348542013123,79.70140366092247,125402
2020-12-30,79.5727310180664,80.65722911115041,79.5727310180664,80.21607437332104,74218
2021-01-04,80.78590393066406,81.77849690738702,80.47341784010288,80.5469448039899,177474
2021-01-05,79.958740234375,81.4108661651697,79.62787592072767,80.08740891058041,128347
2021-01-06,80.23446655273438,80.93295168111219,79.13158311880782,80.69399956389113,119450
2021-01-07,81.02485656738281,81.66819992007038,79.55434545509699,81.00647132192509,143847
2021-01-08,81.22704315185547,82.27477773540097,80.74913196066066,81.83363002228522,130698
2021-01-11,80.4734115600586,81.00647148876425,79.79330472697148,80.76751238073815,131417
2021-01-12,81.24542999267578,81.46600385356616,80.19769538855068,81.20866651387462,126607
2021-01-13,80.89617919921875,82.34830503578753,80.76751053136243,82.21963636793122,120997
2021-01-14,81.70497131347656,81.70497131347656,80.43665570686963,81.26381653467473,152858
2021-01-15,80.6204605102539,81.7417220112506,79.97711018395411,81.1167569293139,157856
2021-01-18,80.8410415649414,80.85942681094326,79.66463824982951,79.95873907860748,86527
2021-01-19,82.21964263916016,82.3850747978674,80.67561149519821,81.22704968691669,137135
2021-01-20,85.16065979003906,85.2709432235314,82.05421219088393,82.32993479844916,158709
2021-01-21,83.9474868774414,86.20839545649196,83.63500779644968,85.30770767190198,124674
2021-01-22,83.78206634521484,84.40702454165955,82.62404113314861,83.69015412863872,89986
2021-01-25,81.9623031616211,85.43637139260434,81.77849277311323,85.12389232975761,139928
2021-01-26,82.73432159423828,83.96587373044318,81.46601298702794,82.36670078884448,120531
2021-01-27,81.1902847290039,82.88136976635185,79.68301709349646,82.62403241569207,160058
2021-01-28,81.17190551757812,81.44762811106108,78.966145805465,80.41827170889714,120494
2021-01-29,80.2712173461914,81.20866854932633,79.68301569446301,79.79330613363088,107703
2021-02-01,80.82266998291016,81.17191255460415,79.7565500083957,81.15353431900655,108963
2021-02-02,80.89617919921875,81.70496169650592,80.32636281640262,81.15352354684791,166318
2021-02-03,81.94392395019531,82.18287605002219,80.67560844410092,81.68657959267004,127544
2021-02-04,82.66079711914062,84.07615958062853,81.72334588567553,81.94392677114791,246394
2021-02-05,81.08000183105469,83.83719976947505,80.21607756653621,83.7452945739111,244424
2021-02-08,80.19770050048828,82.14611591772913,80.06903182244095,82.14611591772913,160829
2021-02-09,79.20510864257812,80.87780849228274,79.05805471596284,80.38151200783186,160231
2021-02-10,77.99193572998047,79.88520931044474,77.99193572998047,79.5911084920045,142481
2021-02-11,79.49921417236328,80.41828023215939,78.21252028626522,79.03968114246523,279809
2021-02-12,79.51759338378906,80.12418035641616,77.93680563155837,79.13158731679962,139510
2021-02-15,79.46244812011719,80.27122370230579,79.07644207033971,79.95874461779565,165586
2021-02-16,78.58014678955078,80.1425562601316,78.34118765469012,79.55435455271876,158238
2021-02-17,77.6427001953125,78.7271983757641,77.51402450197872,78.48823924802602,145629
2021-02-18,76.1905746459961,77.73460584383429,75.97000076399557,77.6794571143962,193039
2021-02-19,77.25668334960938,77.78974329614044,76.37438085806669,76.57657649377964,201080
2021-02-22,76.4662857055664,76.8890622211825,76.11704316214102,76.59495438008717,117244
2021-02-23,76.5949478149414,77.80812151972484,75.69426717049564,76.72362349034992,167921
2021-02-24,78.04707336425781,78.28603245797885,75.96998951026467,76.6500963026378,126289
2021-02-25,77.53240203857422,78.70880530134461,77.1096325542609,78.46984619737046,93915
2021-02-26,75.93323516845703,77.51402279270432,75.8229447245675,76.72363248653922,152440
2021-03-01,77.99193572998047,77.99193572998047,76.74200549863029,76.74200549863029,143734
2021-03-02,77.53240203857422,78.17574538167786,77.1096325542609,77.84488108753412,101521
2021-03-03,79.33377075195312,79.53596637834465,77.95517185773805,78.39632658913017,145772
2021-03-04,79.31539154052734,79.49920191938939,78.3595621442284,78.87423681457534,103427
2021-03-05,77.44049072265625,79.05804157505469,77.25667334494098,79.05804157505469,103638
2021-03-08,80.06902313232422,80.1425430747169,78.19412786894304,78.24926957871664,129068
2021-03-09,80.96971130371094,81.61306169581304,79.38891669877945,79.88521316860098,148251
2021-03-10,81.13513946533203,81.77848982575642,80.47341087148595,80.96970731687051,128908
2021-03-11,79.5727310180664,82.25640188843812,79.35215014319337,81.35571417916496,154277
2021-03-12,79.31539154052734,79.75653925456287,78.58013600124616,79.49920191938939,88723
2021-03-15,78.21250915527344,79.62787152735902,78.15736744334691,79.31539247721994,142821
2021-03-16,79.16834259033203,80.25284072219618,78.52499921207234,78.52499921207234,155524
2021-03-17,78.24927520751953,79.24186812634328,77.75297874810765,78.9110038200687,165332
2021-03-18,79.11319732666016,81.06161262022377,78.7823330292783,79.11319732666016,247649
2021-03-19,78.58014678955078,80.8042849339504,78.56176855390802,79.22349021580936,293195
2021-03-22,76.79714965820312,78.59851810504443,75.74941502087621,78.59851810504443,290158
2021-03-23,76.44790649414062,77.07287162464485,75.84131959751149,76.65010212635035,231369
2021-03-24,77.88164520263672,78.01031387230927,75.49207517911101,76.28247244248041,203915
2021-03-25,76.39276123046875,77.97354871118353,74.75681801494163,77.97354871118353,213245
2021-03-26,77.38534545898438,78.10222274621171,76.68686042822384,77.27506203934655,136912
2021-03-29,77.75298309326172,78.02870570120464,77.18316665432489,77.86327353882233,104414
2021-03-30,79.13157653808594,79.13157653808594,77.91840976999792,78.12060539999871,122464
2021-03-31,79.40729522705078,80.49179327041062,78.76394488937704,78.76394488937704,172377
2021-04-01,82.29316711425781,82.47697750197004,79.64625966685094,79.88521176849346,201242
2021-04-06,82.01744079589844,83.59823530133136,81.94392085130261,83.50633011164918,120009
2021-04-07,82.60563659667969,83.30412861043826,81.88876635104779,81.88876635104779,107976
2021-04-08,82.10934448242188,83.45118687249959,81.42923767692452,82.86298525500192,115610
2021-04-09,80.6204605102539,82.40345056999726,80.36312318450048,82.2931601395674,248339
2021-04-12,80.05065155029297,81.15353501741146,79.9771245834349,81.08000805055339,125258
2021-04-13,79.75653839111328,80.49179392243454,79.51757929164641,80.14254438969455,100213
2021-04-14,81.24542999267578,81.24542999267578,79.24186597547019,79.8484458458979,136732
2021-04-15,83.2857666015625,84.24159611922701,81.33734408340977,81.33734408340977,204904
2021-04-16,84.3886489868164,84.51731767981006,83.26738722337069,83.28577247203714,113204
2021-04-19,84.53568267822266,85.49150502237761,84.18643315640045,84.55406091056878,105970
2021-04-20,80.6572265625,84.97683355281167,79.83006583765491,84.5356858408386,274955
2021-04-21,82.25639343261719,82.56887245535664,80.82265295291205,81.15351721929262,191927
2021-04-22,78.12061309814453,83.10194933283663,76.90744621050887,82.84461196453776,495343
2021-04-23,78.15736389160156,79.05804453441539,76.63171115307738,78.23089084543999,311256
2021-04-26,77.75298309326172,78.2309013454405,76.04351975261686,77.93680050252941,228147
2021-04-27,77.45887756347656,78.06546445948082,76.81553419976002,77.75297838859224,141708
2021-04-28,79.07643127441406,79.37053208341386,77.47725856372237,77.66106893987862,183061
2021-04-29,79.03966522216797,80.03225804967832,78.87423308424957,79.09480693083538,163805
2021-04-30,79.68301391601562,80.34474251242013,78.91100189482145,79.40729834212483,163217
2021-05-03,81.22704315185547,81.63143439880864,79.38891131940139,79.99549818983114,105961
2021-05-04,78.85586547851562,81.8704008317825,78.81910199714443,81.3189626350488,143967
2021-05-05,79.44406127929688,79.83006728726177,78.58013706078025,79.79330380861036,120967
2021-05-06,79.7933120727539,81.1719111113377,77.18316792542221,79.59111642518818,222730
2021-05-07,80.91455841064453,81.70495560391863,80.27120810741987,80.7858897523828,151863
2021-05-10,80.82266998291016,82.25641076471622,80.47342039929873,81.72335077745899,145055
2021-05-11,78.63528442382812,80.08741038128937,77.31183415685223,79.55435042041113,192720
2021-05-12,79.14346313476562,79.57635161567553,77.76951086585673,79.16228843118388,200333
2021-05-13,79.12464904785156,79.48225072079467,76.77198945803495,79.04936221783808,140702
2021-05-14,80.9879379272461,81.11968626794271,78.71056554692326,79.4257759533807,106558
2021-05-17,80.93147277832031,81.77843148753095,80.55504588758828,81.13850792721023,106425
2021-05-18,80.27273559570312,81.985471223605,80.27273559570312,81.77843606313124,115213
2021-05-19,77.4683609008789,79.76455854945311,77.14840269987877,79.70808984711792,209494
2021-05-20,77.76950073242188,78.1459276345221,76.69668872827113,78.10828422633747,184573
2021-05-21,78.99288177490234,79.42577017422872,77.73185280317287,78.10827968337924,169082
2021-05-25,78.76702880859375,79.83984085208455,78.76702880859375,79.78337932761018,104994
2021-05-26,79.70809173583984,79.8586653726403,78.16474785736604,79.14345495733048,151151
2021-05-27,80.0656967163086,80.89383013999206,79.53869619237744,79.67045170816961,243718
2021-05-28,80.55504608154297,81.496109720766,80.27273129762352,80.51740267440455,93506
2021-05-31,79.89630889892578,80.68679895404809,79.82102208041523,80.42330226900732,50864
2021-06-01,80.81855010986328,80.95029845696983,79.89631168011746,80.42330506854364,102152
2021-06-02,80.61151123046875,81.02557433125659,80.02804921514868,80.96911281290949,76471
2021-06-03,81.55257415771484,81.57139227042734,80.32918861878613,81.11967858812808,102496
2021-06-04,81.79725646972656,82.81360700612265,81.62786471366054,81.62786471366054,93923
2021-06-07,82.07957458496094,82.7383162831765,81.27025925301265,81.92900095122822,63657
2021-06-08,80.25391387939453,81.98547487894858,79.9715990677719,81.98547487894858,123582
2021-06-09,79.93395233154297,80.83737261469516,79.46342048533374,80.57387592957737,100631
2021-06-10,79.72692108154297,80.31037600442687,79.35049415016032,80.17862765540492,79453
2021-06-11,80.8373794555664,81.0255893380789,79.51988873873854,79.97160250841405,66214
2021-06-14,80.81855010986328,81.36436879344551,80.57387871080623,81.06322868866677,69392
2021-06-15,80.61151123046875,81.36435780083012,80.27272776089522,81.11967925508357,77654
2021-06-16,81.10087585449219,82.09840115155828,80.31037855550363,80.85619726435921,104768
2021-06-17,80.19744873046875,81.25143546717862,80.08451850307291,80.47976352933911,76805
2021-06-18,79.18110656738281,80.12217035561389,78.39061643154723,80.06570882583904,307687
2021-06-21,80.12216186523438,80.32919702546563,77.86360757686474,78.91760149270287,107949
2021-06-22,80.00923156738281,80.78090350408976,79.83983981641073,80.21626672743157,102037
2021-06-23,77.95771026611328,80.23508978336707,77.95771026611328,80.06569803712087,156196
2021-06-24,78.37178802490234,79.18110342504275,78.08947320748497,78.46589296404147,111497
2021-06-25,78.89877319335938,79.01170341638799,78.0894650574316,78.84231167171802,104697
2021-06-28,77.54364776611328,79.23755806256537,77.54364776611328,78.91759986136462,108521
2021-06-29,79.42578125,80.85619497855792,77.2613317717943,77.63775870449267,211655
2021-06-30,78.39060974121094,79.76456189319715,77.03547570429464,79.51988331881032,164375
2021-07-01,79.04934692382812,79.51987875075567,78.07063986224932,79.03052880983921,145375
2021-07-02,78.409423828125,79.51987923360662,78.2588573760618,79.08699081177426,111970
2021-07-05,78.6352767944336,78.8046685396961,77.26132471830265,78.59763338662572,120063
2021-07-06,75.86856079101562,78.65410858102963,75.69916903177001,78.65410858102963,260309
2021-07-07,75.79326629638672,76.64022500687443,75.43566469851226,76.45200797135173,120653
2021-07-08,75.54859161376953,75.62387843183888,74.38167465267922,75.32273833930763,153090
2021-07-09,77.0731201171875,77.26132998932127,75.77444758832675,75.86855970414003,81543
2021-07-12,76.0755844116211,77.24250854372748,75.3227377757983,77.03547338545873,87127
2021-07-13,75.98147583007812,76.80961642337597,75.75562256815405,76.26379779229254,92575
2021-07-14,76.60258483886719,76.92254304316637,75.47330411721731,76.56494143017092,66871
2021-07-15,75.47330474853516,76.45201184358662,74.92749326723883,76.45201184358662,114521
2021-07-16,75.4356689453125,76.60258591226405,74.92749369041114,75.94383702046768,97313
2021-07-19,72.68775939941406,74.90867034312305,72.29251436190984,74.90867034312305,165490
2021-07-20,73.64765167236328,73.87350496383448,72.51837085551398,73.13947638174311,214073
2021-07-21,75.19099426269531,75.24745578957697,73.68529371462968,74.19346181605776,277810
2021-07-22,75.04042053222656,76.18851944248485,75.02160241653637,75.73681286845485,97931
2021-07-23,75.60504913330078,76.5084765427939,75.47330079853006,75.6426925403418,143203
2021-07-26,76.39555358886719,76.73433710471775,75.02160141002719,75.02160141002719,97092
2021-07-27,76.5837631225586,76.80962358528818,75.6803428108795,76.01912632522746,82125
2021-07-28,76.94137573242188,77.26133396747306,76.22616525794417,76.62141031762391,96932
2021-07-29,76.56494903564453,78.63528646137097,76.50848750686464,77.22369080389927,125725
2021-07-30,76.18851470947266,76.90372511696056,76.1132278918958,76.6214031409204,89252
2021-08-02,77.43072509765625,78.25886580228148,76.56494816077235,76.7155146290472,100928
2021-08-03,77.03546905517578,77.82595905531696,76.64022405510518,77.37425253516362,153866
2021-08-04,77.18604278564453,78.37178507749465,76.80962304324444,77.65657464339101,120500
2021-08-05,79.38813018798828,79.70808838311171,76.90372272325075,77.71303803764587,191705
2021-08-06,79.3128433227539,80.40448060371341,79.18109498605132,79.48223506704949,144084
2021-08-09,78.18357849121094,79.87748894242083,78.18357849121094,79.38813894889263,112682
2021-08-10,78.07064819335938,78.61646689398,78.07064819335938,78.3153267798008,103168
2021-08-11,77.99535369873047,78.33413719132972,77.28015048523957,78.08946580869933,80887
2021-08-12,77.4871826171875,78.39061009908698,77.29897274664381,77.95771447329308,124109
2021-08-13,78.99288177490234,79.18109162513275,76.92253752364014,77.37425121583689,102162
2021-08-16,78.69174194335938,79.53869345168903,78.44706339352751,79.08698693787929,83232
2021-08-17,78.37178802490234,78.78585837281045,78.07064791180917,78.50353637564645,64972
2021-08-18,78.33414459228516,78.40943141547491,77.50601107643772,78.31532647636104,98045
2021-08-19,77.33661651611328,77.75068684892935,75.81209071053752,77.0919379394723,143429
2021-08-20,76.71549987792969,77.35542339948128,75.7744362979859,77.35542339948128,78894
2021-08-23,77.35543060302734,77.92007454737104,76.73433231589367,77.48717894210861,115196
2021-08-24,79.1058120727539,79.65163074015612,77.93889509879617,77.93889509879617,172277
2021-08-25,78.29649353027344,79.40694893470562,78.24003200827134,79.33166929861812,82811
2021-08-26,77.86360931396484,78.16474941381601,76.92254560446165,78.16474941381601,102862
2021-08-27,78.6352767944336,78.6541020882105,76.07558250146518,77.52482139321188,113846
2021-08-30,78.37178802490234,78.56000508292723,77.52482921315696,78.48471825971727,130582
2021-08-31,77.95771026611328,79.04934755964356,77.54364713731383,78.40942398268518,148940
2021-09-01,76.54611206054688,78.95523983062091,76.30144068666682,78.50352613006149,156584
2021-09-02,76.30144500732422,77.07311693884468,76.18851478085314,76.62140321270645,85259
2021-09-03,76.18851470947266,76.86608170817213,76.01912295979778,76.43319327672437,101504
2021-09-06,75.26627349853516,76.48965192938834,75.13451798284738,76.48965192938834,134094
2021-09-07,74.17464447021484,75.2850999821413,74.13700105865418,75.05924669252393,127659
2021-09-08,72.7630386352539,74.06170384300503,72.49954197105039,74.06170384300503,192365
2021-09-09,72.66893005371094,72.83832178356963,71.78432800003272,72.76303497480015,214455
2021-09-10,72.46190643310547,73.02654322910247,71.91608775241826,72.85715147232872,144309
2021-09-13,73.66645812988281,73.66645812988281,72.63128959640798,72.80068133313989,114505
2021-09-14,72.74422454833984,73.81703655754546,72.5748328005839,73.64764480978951,103361
2021-09-15,73.13946533203125,73.59117184673103,72.48071649345447,72.68775163758586,129163
2021-09-16,73.25238800048828,74.04288516683475,72.46189801388738,73.40296162445735,147118
2021-09-17,73.42178344726562,74.68281248261141,73.1018252497836,73.55353896476838,554245
2021-09-20,74.79574584960938,75.04041724158533,72.0101909863403,72.4619047203085,187321
2021-09-21,75.09688568115234,76.00030596616028,74.64517194877527,75.09688568115234,115868
2021-09-22,76.5837631225586,76.75315487973258,75.54859446416044,75.66152469552524,132386
2021-09-23,77.63775634765625,77.93889644872397,77.07311955562257,77.31779813141083,176480
2021-09-24,77.73185729980469,78.29649406290456,76.99782878980027,77.2613254672638,154727
2021-09-27,78.57881927490234,79.19992476574865,77.65657368600075,78.56000115991289,152043
2021-09-28,77.82596588134766,79.53870154495476,77.78832965115525,78.33414114590093,136433
2021-09-29,78.59764099121094,79.04935474886439,77.67540253979895,78.33414429080752,124048
2021-09-30,79.78337860107422,79.99041376192329,79.14345500378899,79.14345500378899,208262
2021-10-01,79.87748718261719,80.1033476482665,78.20239488432385,78.4470734655707,151966
2021-10-04,80.29154968261719,80.7808996175785,79.51987778303672,79.53869589679663,164294
2021-10-05,79.80220031738281,80.78090019429258,79.44459153567938,80.36683707090641,114608
2021-10-06,79.16228485107422,79.1811029668945,77.99536063731176,79.01171120552554,192145
2021-10-07,80.7809066772461,80.81855008780146,78.86114299714721,79.80220672179217,213837
2021-10-08,81.38319396972656,81.68433407406543,80.59269670849551,80.83737528694161,163829
2021-10-11,81.43965148925781,81.74079157878232,80.31037076873135,81.30790314882498,100909
2021-10-12,81.477294921875,81.55258173921479,80.02805599694149,80.36683949522444,60896
2021-10-13,80.856201171875,81.89136993127609,79.9904241861757,81.49612485255429,123807
2021-10-14,81.94783020019531,82.30543182794966,80.29155604793226,80.93147966268755,120511
2021-10-15,81.36437225341797,82.60657613592257,80.78091013445871,82.21133107779536,167385
2021-10-18,79.93395233154297,81.15733082383926,79.72691717045151,81.13851270907921,126208
2021-10-19,79.95276641845703,80.23508838385828,79.46341648214013,80.23508838385828,81661
2021-10-20,79.5575180053711,79.97158828897048,78.59762910788989,79.97158828897048,129418
2021-10-21,79.04934692382812,79.42577382131934,78.74820684178432,79.16227714699926,113952
2021-10-22,79.36930847167969,79.63281233687361,78.7482101673738,79.04935026213494,84603
2021-10-25,78.46588897705078,79.48223949950267,77.93889560085185,79.48223949950267,117796
2021-10-26,78.72938537597656,79.6704489897669,78.33413320157798,78.57881175149222,104539
2021-10-27,78.99288177490234,79.12463010601275,78.20238460849443,78.5788114887008,90772
2021-10-28,78.12710571289062,79.99041500985564,75.51094975897476,78.80467272996881,327548
2021-10-29,78.89877319335938,79.10580834570555,77.60010793738684,77.6942128667044,159065
2021-11-01,79.6139907836914,80.49859299476186,78.87996221695062,79.18110232586342,95592
2021-11-02,78.99288177490234,79.8398332806847,78.99288177490234,79.61398002445911,100009
2021-11-03,80.19744873046875,80.27273554873264,78.71056637861457,78.89877624452815,189237
2021-11-04,80.51741027832031,81.34555095408197,80.1598086463528,80.76208885795411,113260
2021-11-05,82.3995361328125,83.792313582409,80.10334556312122,80.32919884314492,221056
2021-11-08,80.63034057617188,82.13604110640338,79.23756309836618,81.89136252656999,153521
2021-11-09,81.32672119140625,81.91018325548325,80.21626576606363,80.34801410638003,104703
2021-11-10,81.83489227294922,81.89135379314071,81.00675886457607,81.30789893850682,77319
2021-11-11,81.72196197509766,82.2866058954583,81.27025545450397,81.87253560179268,72739
2021-11-12,82.8324203491211,82.87006375716105,81.27025840406561,81.49611167255941,103261
2021-11-15,83.3029556274414,83.71702595327102,82.60657049924764,82.70067543336901,87942
2021-11-16,83.24649047851562,84.01816239230781,83.22767236440916,83.45352563241649,107319
2021-11-17,82.02310943603516,83.34059277422183,81.89135392247077,83.22766973366053,82866
2021-11-18,81.36437225341797,82.28661790212819,80.95030189933419,81.89136566425424,86613
2021-11-19,80.38565826416016,81.89135872448439,79.12463637230928,81.89135872448439,123783
2021-11-22,80.66797637939453,80.72443790028277,79.85866107451619,80.47975934352411,89410
2021-11-23,79.93395233154297,80.57387592957737,79.50106389460002,79.80220398898408,110716
2021-11-24,78.71056365966797,79.87748058346416,78.10828349385406,79.87748058346416,104348
2021-11-25,78.14592742919922,78.87995593750576,77.43071703506257,78.84231252942004,75035
2021-11-26,74.88984680175781,76.32026038707151,74.41931497794141,76.24497357212188,203484
2021-11-29,74.34403228759766,75.28509598744067,73.55354222600772,75.28509598744067,192599
2021-11-30,73.98641967773438,74.55105637782981,71.80315250555226,73.42177579789377,289909
2021-12-01,74.87103271484375,74.96514483749041,73.77940245366231,74.51343105992598,141840
2021-12-02,75.02159881591797,75.47330536826858,73.9299614848693,74.1558219407908,161563
2021-12-03,75.28508758544922,75.79326278822045,74.7392689773158,75.28508758544922,102274
2021-12-06,76.50847625732422,76.73432951898191,74.85220225242777,75.6615175514257,111932
2021-12-07,78.10828399658203,78.2588576288776,77.07311540366086,77.2048637420465,170288
2021-12-08,78.46588897705078,78.65410602551202,76.414369817174,77.76950384710986,168678
2021-12-09,77.20487213134766,78.71057271918725,76.96019354215287,78.71057271918725,123159
2021-12-10,76.90372467041016,77.50600484803557,76.62140269600934,77.03547301053159,64792
2021-12-13,75.86856079101562,77.4495481507259,75.6427003255238,77.4495481507259,104409
2021-12-14,76.47084045410156,77.03547725426183,75.94383988483838,76.24497999024028,101439
2021-12-15,75.92501831054688,77.03547374483094,75.69916503672104,76.67787212962784,101184
2021-12-16,76.64022827148438,77.20486504261251,76.32026288733924,76.99782988459144,126617
2021-12-17,76.47084045410156,77.16722560164102,76.00030859067692,77.16722560164102,153554
2021-12-20,74.6451644897461,75.02159136582094,73.3088559004386,74.38166783041734,88484
2021-12-21,76.41437530517578,76.5837670710833,75.1345280027071,75.43567530187318,98218
2021-12-22,77.16722869873047,77.16722869873047,76.15087810980309,76.64023528806297,67979
2021-12-23,77.95771026611328,78.07064049019274,77.31779386890085,77.43071691323436,53388
2021-12-27,78.37178802490234,78.82350178441543,77.43072427401783,77.58129792043775,40145
2021-12-28,78.57881927490234,78.93642089767228,78.20239235739666,78.27767917684706,40945
2021-12-29,78.55999755859375,79.08699091109568,78.22121406634366,78.57881567272055,60966
2021-12-30,78.16474914550781,78.65410629342765,77.99535739118883,78.65410629342765,35529
2022-01-03,79.87748718261719,80.2350959966887,78.67292675147351,78.74821357335661,73240
2022-01-04,81.1949691772461,82.09838940414399,80.10333909548247,80.23508742983763,145285
2022-01-05,82.90771484375,83.35942860231928,81.42083239731996,81.47730110448275,142998
2022-01-06,81.70315551757812,83.11475116036955,81.62786869349004,81.68433740142946,110787
2022-01-07,82.13603973388672,82.13603973388672,81.0067661500202,81.62786446722288,77488
2022-01-10,81.85372924804688,82.73832430285773,81.4773023069747,82.24897430528662,88852
2022-01-11,83.15238952636719,83.39706809993196,81.89136042852991,82.41836098541914,80939
2022-01-12,82.9265365600586,84.07462825319705,82.41836129600732,83.75467003865346,75390
2022-01-13,84.0558090209961,84.0558090209961,82.62539536247984,82.75714370551108,118576
2022-01-14,86.57785034179688,86.72842396258216,83.71701616458544,83.90523319056703,230036
2022-01-17,86.97311401367188,89.08110207911281,86.5966870605755,86.76607883048152,175578
2022-01-18,88.51644897460938,89.04344952675379,85.84383152345141,86.3896501904331,243245
2022-01-19,88.855224609375,89.62689648478485,87.65066433358847,88.08355273396515,187424
2022-01-20,88.59173583984375,89.25047755568646,87.91416882940769,88.62937924928423,110453
2022-01-21,87.93299865722656,88.9305239297129,87.12368326189919,87.19897008466141,124108
2022-01-24,84.94041442871094,87.93299738253556,84.24402209787532,87.33071716866175,244989
2022-01-25,84.959228515625,85.84383067894484,83.37824123423748,85.84383067894484,141827
2022-01-26,86.31436157226562,88.21530704003608,85.65561269075407,85.65561269075407,147645
2022-01-27,87.57537841796875,88.68583377978007,85.14743972836916,85.27918806114799,107652
2022-01-28,87.55656433105469,88.64819444995783,87.10485061236464,87.27424235940515,180380
2022-01-31,86.67196655273438,88.51645056909987,86.40846986178877,88.49763245392363,132299
2022-02-01,87.72595977783203,87.93299494180701,86.86018289188782,87.46246308904433,67539
2022-02-02,87.0107421875,88.45998103625926,86.20142689300137,87.97063110876381,182571
2022-02-03,87.14249420166016,88.04591446117168,86.69078766177739,86.8225360008887,104567
2022-02-04,85.1850814819336,88.0835593506134,84.99687161710861,87.83888078254402,126802
2022-02-07,85.9002914428711,86.23907494158237,85.335654671601,85.80618651095043,126771
2022-02-08,88.36587524414062,88.55408509600849,86.12613923628665,86.20142604893203,132332
2022-02-09,89.41987609863281,89.66455468870309,88.72349092046777,88.87406456966387,113257
2022-02-10,90.36092376708984,91.18906433062348,89.66453871300104,89.66453871300104,162087
2022-02-11,91.22671508789062,92.5065622621765,88.93051741995195,89.34458773508742,248391
2022-02-14,90.41739654541016,91.79134860266367,89.17519282380108,89.49515101615312,207889
2022-02-15,92.16777038574219,92.16777038574219,90.09742617801653,90.19153110115283,199144
2022-02-16,92.39363098144531,93.76758307173577,92.01720407923311,92.33716945902458,101006
2022-02-17,91.094970703125,91.79135584357192,89.55162678119055,91.41492892071675,113713
2022-02-18,90.75618743896484,92.29953136512404,90.69971873354685,90.81264896463645,127392
2022-02-21,88.30941772460938,91.99839303405007,87.61303256884231,91.62196610291369,158647
2022-02-22,90.24800872802734,90.85028891138414,86.46492869783714,86.93546053981878,256799
2022-02-23,91.0761489868164,92.29953473923014,90.39858193500244,90.94440063560221,180518
2022-02-24,94.15342712402344,96.22376441558993,90.34211622392795,92.05485189015006,710063
2022-02-25,100.7408676147461,101.02318240472995,96.83545199212882,99.37632100071329,704588
2022-02-28,125.72611236572266,150.57018757116867,121.58542359182029,150.57018757116867,1979521
2022-03-01,147.3705596923828,150.19375038105304,128.92570811594106,131.13721323252892,1299905
2022-03-02,142.8534698486328,153.34632416274493,134.14863078713879,152.64052640100218,1304331
2022-03-03,139.9361572265625,147.37056842986883,135.70137094247997,137.677610285515,662658
2022-03-04,139.9361572265625,145.3472730340013,137.11296637050748,138.1481420948575,571226
2022-03-07,146.14718627929688,146.66477415360387,138.85394306353808,139.37153093784508,482376
2022-03-08,142.10061645507812,150.19376989101855,141.15955276994515,146.90004699305317,516643
2022-03-09,135.3720245361328,142.33589045770427,126.76128271258246,141.58303659495496,626889
2022-03-10,142.99464416503906,143.27696618212437,133.6310620549206,133.6310620549206,488737
2022-03-11,146.0060272216797,148.4057425271068,141.67714282002945,142.52409440571313,559778
2022-03-14,142.47702026367188,148.1704577943889,140.689005205525,146.24127458355213,222221
2022-03-15,145.44140625,146.57067988443404,140.45376547513183,140.73608747361368,264765
2022-03-16,147.08824157714844,149.48795659682898,144.1238826612522,145.39432424799213,382595
2022-03-17,153.3933868408203,156.26363406771583,142.19473428151463,145.81782099917572,568700
2022-03-18,159.5102996826172,163.1334007289398,155.79310088049604,158.38102609658569,744185
2022-03-21,174.0497283935547,175.97891184990402,162.33348820378845,163.18043978975035,639831
2022-03-22,167.60345458984375,179.27263899591173,164.02740957524458,177.86104341326677,574390
2022-03-23,169.3444061279297,172.35580702818714,167.32112496230934,168.7327204805074,253214
2022-03-24,184.40142822265625,187.74220721287915,169.3444090978138,170.14431898261805,613331
2022-03-25,190.09486389160156,196.30588994076763,184.49553785184145,186.56587508173274,539223
2022-03-28,182.8486785888672,194.14144291518537,182.8486785888672,192.16520341428273,491732
2022-03-29,175.037841796875,184.35436634226673,166.56826880670363,183.03688295425906,690076
2022-03-30,179.79022216796875,182.00171324002918,174.09678392971998,174.14383998646431,314047
2022-03-31,180.77833557128906,185.71891980655369,179.8372719074291,181.76644093074842,254466
2022-04-01,181.484130859375,183.60152407436098,175.97890275661467,180.1195770776795,223458
2022-04-04,192.82394409179688,192.82394409179688,182.09582378324745,182.84867760618775,390081
2022-04-05,196.11769104003906,196.68233506632376,190.18900056152026,190.28309832623833,381020
2022-04-06,190.09486389160156,197.34105137596714,188.0715827177403,196.77642178208347,339120
2022-04-07,184.58963012695312,189.6243264234315,181.3900194447465,189.5302143141641,306653
2022-04-08,182.80162048339844,186.23649718369114,177.5316581130531,184.68374785002288,271039
2022-04-11,190.09486389160156,196.02356796407966,183.0839423278939,184.2132158751535,360350
2022-04-12,195.74124145507812,197.24694905622164,190.3771814601787,191.97698681171124,346804
2022-04-13,197.9057159423828,200.44658527823637,192.3534310208575,195.27073448466686,325091
2022-04-14,197.9998016357422,199.69371920955697,195.64714232752524,197.71749400635042,176777
2022-04-19,202.32867431640625,205.05775301687765,198.18800021372738,198.56441991051963,278245
2022-04-20,204.21083068847656,204.58725043903598,195.36483731489278,199.78783400168467,276950
2022-04-21,204.6813507080078,205.62241438942394,201.19941795866657,204.30493097923824,184476
2022-04-22,204.30491638183594,211.7393131900455,204.30491638183594,205.99881939976336,367553
2022-04-25,202.32867431640625,208.91611952670786,198.75262975891576,208.06916802917976,275939
2022-04-26,202.5168914794922,206.7516778390705,199.03495890018164,205.05776042334088,303409
2022-04-27,202.32867431640625,207.4104120205568,200.72886906580263,202.14046446801012,212746
2022-04-28,201.7640380859375,204.58722899773414,198.8467494261092,202.32868201209342,230680
2022-04-29,202.14048767089844,209.48078747683886,202.14048767089844,202.5169074108984,265010
2022-05-02,199.1290740966797,206.4693590795612,196.87051272083855,200.72887942988484,181566
2022-05-03,209.2925567626953,209.2925567626953,200.0701441830066,200.0701441830066,263343
2022-05-04,200.54067993164062,209.29256084173292,200.44656781797605,208.72793123822285,226024
2022-05-05,198.56443786621094,205.05777155974508,196.02356878437115,202.32869261248982,262812
2022-05-06,195.5530548095703,201.85817921381403,189.24793040532657,195.5530548095703,297787
2022-05-09,176.02598571777344,197.90571895042024,175.2260757482662,192.91807796527294,520853
2022-05-10,171.17947387695312,178.04924146150393,164.9214062866213,176.12005808810727,550871
2022-05-11,179.0867156982422,182.0099818417814,168.97504679040696,170.46064993086273,347645
2022-05-12,171.89833068847656,178.65540396276464,170.98778980771354,175.58836122570688,204947
2022-05-13,176.25927734375,179.37424564380137,172.5692467478081,175.44460210170166,197449
2022-05-16,180.380615234375,185.1728739527421,177.31357257958265,177.79279845141937,320714
2022-05-17,182.7288360595703,182.87261260936805,179.3742546450241,180.66817046913195,171339
2022-05-18,182.4892120361328,184.31027918278303,180.57230848690952,183.25597638078483,115034
2022-05-19,181.38699340820312,185.17287488991107,180.57230357203235,182.10583221959627,172360
2022-05-20,183.8310546875,187.47317438356615,179.61385807238682,182.20168958328486,191259
2022-05-23,180.4764862060547,185.55628393393735,178.4637314719531,184.0227551246395,212193
2022-05-24,184.4061279296875,186.13134416443887,179.85348169552344,179.9972582462278,163920
2022-05-25,185.316650390625,189.72551963429018,183.7351962395171,185.84378714951464,163669
2022-05-26,186.37094116210938,189.1504600313789,185.31665300464564,185.6521023445969,96229
2022-05-27,185.89170837402344,191.97788265265982,185.6520954437592,187.80861181613724,212994
2022-05-30,188.81500244140625,194.5657131756623,188.57538949414558,191.69035780853426,274562
2022-05-31,180.4764862060547,193.4155861757559,178.94295739675684,190.06100470212965,3484652
2022-06-01,184.16650390625,185.79588363412842,180.33269678147926,181.24323767346314,253411
2022-06-02,189.72552490234375,190.30060181413515,180.7640096298192,184.50196568202315,226432
2022-06-03,199.8372039794922,200.69980476544924,191.6903635294889,192.16958943831264,260269
2022-06-06,197.72860717773438,200.50811151846833,192.36127130446658,200.41227511436827,148734
2022-06-07,203.2876434326172,204.91700865423877,197.05770640155876,197.05770640155876,218607
2022-06-08,207.69650268554688,207.69650268554688,203.57515700966027,203.57515700966027,158102
2022-06-09,199.2621307373047,206.929745420796,198.7829048195865,206.067144618829,213145
2022-06-10,194.56570434570312,198.39951132788448,193.22387775186488,197.9202854551118,153340
2022-06-13,194.56570434570312,206.64220218949956,190.49228442713544,199.54965049757627,425142
2022-06-14,198.1119842529297,201.08319068462333,196.00339321663768,197.44107091749322,206723
2022-06-15,201.466552734375,203.09591776669535,196.00338074374184,199.93303872593762,213674
2022-06-16,197.34521484375,201.84994989114946,195.62001334666724,200.60395965729032,173905
2022-06-17,202.52085876464844,205.49205043038066,193.60725451782554,197.6327489640256,362668
2022-06-20,208.94248962402344,208.94248962402344,202.90424043928388,204.34191812018312,194736
2022-06-21,214.69320678710938,214.88489422534934,208.2715825447792,209.80509667551297,209419
2022-06-22,208.55911254882812,214.59734704476355,204.6294544127561,213.73474629529093,256531
2022-06-23,196.86598205566406,204.9169854673919,195.5241554661159,204.9169854673919,380567
2022-06-24,197.82444763183594,200.2205771555976,194.37402989250756,196.57847197933108,177983
2022-06-27,205.8754425048828,206.4505047902739,196.5784632886666,196.5784632886666,178756
2022-06-28,212.96798706054688,214.59735219577928,206.83390138973766,206.83390138973766,285524
2022-06-29,213.63890075683594,218.1436359248422,209.1341802136436,210.76354535163054,289061
2022-06-30,211.1469268798828,218.4311515233216,209.9967876861623,212.87214298287023,221404
2022-07-01,203.76686096191406,212.58461470219254,202.71255811940526,212.58461470219254,261654
2022-07-04,201.3707275390625,206.35467393720072,197.3452183090146,204.34191932217678,173679
2022-07-05,180.42855834960938,201.27488580832917,172.32964325037997,200.41228500479068,708370
2022-07-06,178.84710693359375,187.42524738858194,175.97175161070518,179.0867198771678,273242
2022-07-07,186.4188690185547,186.4188690185547,179.42216818184164,179.42216818184164,200686
2022-07-08,186.89808654785156,189.48590328278235,182.00997689590574,186.89808654785156,211070
2022-07-11,181.43492126464844,185.41249022248698,178.94294083636507,183.0642863332276,178951
2022-07-12,183.01637268066406,187.52109332389418,179.03880346505764,180.18894272771854,157709
2022-07-13,178.7512664794922,182.3454608457018,174.19862028229332,181.96208596323186,230867
2022-07-14,171.99415588378906,180.62022124616726,170.364790906969,178.75124334261446,189313
2022-07-15,179.23048400878906,180.95570014880965,171.13156934084125,172.9046963703181,165948
2022-07-18,181.53077697753906,185.65212291284047,179.90141173562404,181.14740208231723,148910
2022-07-19,184.59780883789062,186.22717385207417,178.60748553220637,179.80555019334324,155145
2022-07-20,181.2432403564453,186.0354993333496,179.94932458275565,185.46042240619556,177890
2022-07-21,173.0484619140625,180.1889243420149,171.3232458836977,180.1889243420149,288928
2022-07-22,173.95899963378906,174.86952590801147,171.80248310940325,172.61717297965225,129798
2022-07-25,172.04209899902344,173.04847631924514,164.32655904374235,172.7130123375666,189144
2022-07-26,170.6044158935547,174.96537439332454,169.55011309147812,172.5213194429205,147251
2022-07-27,175.97177124023438,176.6906101511425,161.21160349469855,170.6044348555277,292424
2022-07-28,176.11550903320312,178.12826355779353,172.56924048375566,176.30719645820864,92550
2022-07-29,171.41909790039062,177.60110863897575,170.07725670240734,176.35511846399584,156297
2022-08-01,179.9014129638672,182.20170622534746,173.0484879474898,173.71940133111596,182005
2022-08-02,185.316650390625,188.91084442748883,178.84710112427007,179.03878854794021,154167
2022-08-03,187.37730407714844,190.25265912692564,182.53712015172772,184.83741296643672,151086
2022-08-04,181.2911376953125,189.82136681147747,179.66177268991868,187.66485043306466,186292
2022-08-05,159.91769409179688,177.74488940020947,158.38416530997426,173.048481271201,643358
2022-08-08,160.924072265625,166.48309635241182,157.56949053004172,163.3202020767559,446935
2022-08-09,158.04869079589844,160.4448202174543,153.16059555081253,160.10937087332448,282720
2022-08-10,156.5151824951172,160.01352572927652,156.13179299868528,156.80272096123764,123125
2022-08-11,160.44483947753906,160.44483947753906,154.02321478186877,157.56948382650924,147887
2022-08-12,160.10935974121094,161.49911178412373,158.28829273255596,160.5885855922024,108064
2022-08-15,162.8888702392578,162.8888702392578,159.34260172728239,160.5406664019236,115891
2022-08-16,168.92713928222656,171.03573043624743,162.93681519420434,162.93681519420434,184408
2022-08-17,167.2498321533203,169.31049758780554,164.94955377878733,168.73543530657892,178077
2022-08-18,163.7515106201172,168.6396064652338,163.17643363842575,166.81855373123616,115889
2022-08-19,161.16366577148438,163.51188440248308,159.96560101069483,163.36810785629996,123541
2022-08-22,156.8985595703125,162.26589559722984,155.94010775299256,160.2052154151035,108360
2022-08-23,158.04869079589844,158.91130616254657,156.41932571420313,156.7547896831463,108718
2022-08-24,155.84425354003906,159.19883451737854,155.7004770089799,157.18608008104988,122037
2022-08-25,157.76116943359375,159.67807300083152,156.4672536757828,156.51517918992647,127393
2022-08-26,159.91769409179688,164.80578966232957,157.66532643564761,158.09662683528074,133294
2022-08-29,155.988037109375,158.86339263212847,153.54398199007167,158.1445537514401,110779
2022-08-30,153.83151245117188,155.41295205635188,152.29798373568954,155.41295205635188,138843
2022-08-31,151.81875610351562,154.55034952646696,149.75809062642148,153.78358517749697,213155
2022-09-01,143.00100708007812,150.52485963603303,142.56970669068255,150.33317219905877,222740
2022-09-02,145.58880615234375,146.21180852697745,140.12563443337643,142.3300762497491,163688
2022-09-05,150.0935516357422,150.8603013447591,140.07771903255963,140.89240887940664,198925
2022-09-06,149.90185546875,152.7292999748037,147.7932644365447,149.56640611408884,122347
2022-09-07,146.49935913085938,150.38107710577333,146.49935913085938,148.51209907621967,75876
2022-09-08,147.79327392578125,149.18302619818263,145.78053379414246,146.930673101481,88723
2022-09-09,147.93704223632812,151.3395344507739,147.88911672102313,147.93704223632812,119547
2022-09-12,151.00408935546875,152.63345454813114,148.70379617922683,148.75172169588456,104883
2022-09-13,146.11598205566406,152.6813830982255,146.11598205566406,150.95616683797147,134949
2022-09-14,141.46749877929688,147.55365924628825,140.9882728547394,145.58883003063963,125009
2022-09-15,138.68797302246094,145.1575226951984,138.06498520019696,141.8029413834086,99957
2022-09-16,138.4004364013672,141.46749391288145,134.6145546525585,137.2023716311863,319255
2022-09-19,143.480224609375,145.63674105528187,139.07135531707547,139.11926620491178,126807
2022-09-20,144.15113830566406,144.34284035678533,137.87329100139817,143.8636144786085,210726
2022-09-21,157.61741638183594,161.49914960897323,147.0744451907457,147.60159667526335,536328
2022-09-22,154.78997802734375,157.42572068725207,150.76448307171947,156.2276558418392,212457
2022-09-23,148.5600128173828,156.32347740163547,147.17026078373104,155.36502570603943,166831
2022-09-26,155.2212677001953,156.22764502562995,146.11597550545,147.21820386180758,167622
2022-09-27,152.87306213378906,157.28194626468908,151.770848413471,155.17334060437193,125026
2022-09-28,153.68775939941406,154.83789868997587,149.32680057392,150.09356497589937,176697
2022-09-29,155.36505126953125,158.33624323986623,153.11268356435508,154.31074838097757,145814
2022-09-30,151.6270751953125,158.8154638546176,150.47693593478652,157.04233676021084,176578
2022-10-03,154.78997802734375,154.78997802734375,149.37473077600353,152.20216088621493,122003
2022-10-04,147.8891143798828,152.2979838466837,143.62400683190717,150.0935564256901,346919
2022-10-05,146.93064880371094,150.66860459062303,144.53451954932822,147.6015620699756,145061
2022-10-06,144.72621154785156,150.18938349588737,144.72621154785156,147.6015667441665,140663
2022-10-07,148.1287384033203,149.8539546822855,144.24700543185236,144.53454391581568,122365
2022-10-10,141.3716278076172,151.38744529343163,140.98825297196223,147.40987653046435,226020
2022-10-11,141.56332397460938,143.04892714801036,138.83174519591734,140.26942285569635,158407
2022-10-12,141.94671630859375,145.30129758209367,140.94033900158104,141.85086527942542,214447
2022-10-13,144.39076232910156,145.68467814943344,136.7231476896577,141.8508708297115,176583
2022-10-14,139.50265502929688,148.84755958455116,137.5857515307832,146.25974278652026,181791
2022-10-17,145.7325897216797,146.4514285253465,140.12564120315344,140.46110516145646,131925
2022-10-18,146.59521484375,148.8955081733624,144.43869807369703,146.97860437775972,106577
2022-10-19,144.1032257080078,148.99132083252954,143.81568725955054,146.54726595786218,135791
2022-10-20,152.3459014892578,154.21487946148133,144.00737425754397,144.00737425754397,182162
2022-10-21,150.2373046875,154.64618837833405,144.58244548060676,151.81874415007505,279487
2022-10-24,152.82513427734375,153.16059825220373,148.1287263781861,151.4353821132921,113508
2022-10-25,158.38417053222656,158.38417053222656,152.15423341598165,152.7772212776802,122772
2022-10-26,162.2179718017578,164.37448841359802,156.5151863531877,158.62377744869082,149860
2022-10-27,162.5534210205078,163.41602173693596,158.19246267675896,162.26588257342743,79857
2022-10-28,162.02627563476562,163.84732815898175,158.81545633569596,161.21158577535587,79103
2022-10-31,157.6653289794922,162.40966270163253,157.09025202082657,162.40966270163253,84642
2022-11-01,158.623779296875,161.211596336272,158.2883153034211,160.2531444976202,82739
2022-11-02,158.14456176757812,160.06146554657906,156.80273497220355,159.24677559057758,108600
2022-11-03,156.03594970703125,159.1029924190626,154.07112067086933,157.09023786985998,68007
2022-11-04,147.79327392578125,157.9528694943705,146.6910601364182,156.7068791510809,261537
2022-11-07,151.24368286132812,154.59826384850987,148.3204022189644,150.0935437335426,157140
2022-11-08,150.71653747558594,154.31073153303234,149.0392469154443,150.47692453842285,91942
2022-11-09,153.4002227783203,156.70687876303612,151.67500650917714,152.10630692025924,165071
2022-11-10,160.1573028564453,164.51824687999132,146.88273947486027,149.99770784871538,354211
2022-11-11,158.2404022216797,163.41603622885557,151.5791503353735,161.7387455344245,332354
2022-11-14,168.87921142578125,172.1858673516133,158.48001772788007,158.5758541370724,392534
2022-11-15,172.61717224121094,176.16344091895647,168.30413921089007,168.30413921089007,242754
2022-11-16,172.90469360351562,181.7703724834731,171.80247991701384,174.91744817213404,223505
2022-11-17,168.39999389648438,173.4797918308593,164.47034992824354,173.4797918308593,197008
2022-11-18,173.0484619140625,173.67144968553268,168.6875036393331,169.21465501316857,128552
2022-11-21,178.5116424560547,180.85984637145353,175.15706125553822,176.25927494292543,184182
2022-11-22,191.0673828125,191.0673828125,179.94933546387406,179.9972609815038,284775
2022-11-23,185.70004272460938,190.7319148500504,184.1186030493965,190.4923018916961,130408
2022-11-24,187.52108764648438,187.95240265363609,182.34545380880132,184.31028291146734,106345
2022-11-25,188.67124938964844,189.67761211558667,185.65211733739062,187.5210954888944,76544
2022-11-28,184.26235961914062,188.43163082325742,182.9205329412805,188.38370530801657,124810
2022-11-29,185.4125213623047,186.3230477631255,182.5850911177282,184.88536988030873,81098
2022-11-30,186.32302856445312,187.08979294791135,178.89502693527908,180.0451808228735,318267
2022-12-01,183.35182189941406,186.46679007331352,179.18255095519265,186.46679007331352,167969
2022-12-02,187.85653686523438,188.95875049181456,183.78311706075863,183.83104257165616,140322
2022-12-05,184.4061279296875,187.7127984733003,183.5914526416205,186.61057008382454,112179
2022-12-06,186.5147247314453,189.19837805147233,184.31028268301137,185.07704704222496,125302
2022-12-07,184.50196838378906,188.33577551903662,183.44766557167054,186.6584848973658,121359
2022-12-08,188.91085815429688,190.54022331110693,184.64573588745196,184.98119987186024,129527
2022-12-09,188.38369750976562,190.77982692447947,186.85016883442344,188.95875979440896,124866
2022-12-12,190.63604736328125,194.27816694088432,187.85654313619142,187.85654313619142,151638
2022-12-13,188.62330627441406,192.0737237803089,185.364561567676,190.34852233976798,173007
2022-12-14,189.43800354003906,191.30699635959954,186.94603748864955,188.81501568339536,172445
2022-12-15,191.2111358642578,192.3612751099071,188.47954235912854,190.63605892902618,142968
2022-12-16,193.0321807861328,193.31971924233093,190.3964384164746,191.21112827156705,231768
2022-12-19,178.03240966796875,190.3485203051531,177.0739579335517,185.46041060970097,316052
2022-12-20,173.0963897705078,174.1506779076502,166.38722760304336,171.13156078221635,278464
2022-12-21,179.03878784179688,179.80555215826627,171.80247428448902,173.86313967423834,152375
2022-12-22,183.2559814453125,186.80225018441885,180.188938606756,180.188938606756,171174
2022-12-23,178.99087524414062,183.4476703039085,178.79918780739618,182.2975310586278,86921
2022-12-27,182.29751586914062,185.84378434027786,180.1409994796205,180.1409994796205,85688
2022-12-28,185.22080993652344,186.70641314816984,182.48921646269577,182.6809185221189,103665
2022-12-29,185.46041870117188,185.6041806176815,183.06428926058825,184.4061158973897,77087
2022-12-30,178.31996154785156,184.9332731636499,178.31996154785156,183.97482135702322,94572
2023-01-02,188.76707458496094,189.10253855688924,178.75125643869387,178.8471074663344,161375
2023-01-03,192.16958618164062,192.3612736169588,187.32940165958416,187.4252526896502,167973
2023-01-04,190.73190307617188,192.4571191947884,186.131331634799,190.44436461893355,169681
2023-01-05,193.703125,195.2366391872098,189.7734665596966,189.82139207722508,173373
2023-01-06,200.69979858398438,202.6167021602395,194.6615640186317,196.1950781047476,274016
2023-01-09,204.1502227783203,204.53359762844826,196.96183465232312,199.45381505259405,245653
2023-01-10,202.80841064453125,208.84664540123012,201.1790308532299,203.8626988699928,197302
2023-01-11,199.54965209960938,206.06712694660413,198.97458982255324,203.76684858875333,183524
2023-01-12,204.1502227783203,204.24607380325884,200.02887732778598,200.60395422779098,180618
2023-01-13,201.3707275390625,207.1214382964867,201.27487650984662,204.53360675579484,177793
2023-01-16,206.9297332763672,208.8466368347395,203.19177718746656,203.19177718746656,148339
2023-01-17,212.1053924560547,213.63890660592776,207.2172822834513,207.2172822834513,179483
2023-01-18,211.7220001220703,215.65165841421043,210.38017343075197,213.83060581530495,190356
2023-01-19,213.9264373779297,215.84334096487316,210.1884812333154,210.85939456378284,214604
2023-01-20,214.69320678710938,216.22673554265722,210.09263514527993,211.43447646258784,295659
2023-01-23,213.15968322753906,217.85610601537547,212.00954394524945,215.36412538306925,200316
2023-01-24,213.83059692382812,217.2810145400922,210.18847725264925,214.69319767169077,251328
2023-01-25,211.7220001220703,222.3608211204303,211.43447627736927,219.48546567490752,396889
2023-01-26,218.0477752685547,221.78573128037604,213.63889132528718,213.7347423511547,313611
2023-01-27,218.71871948242188,220.9231617655663,216.22675333067127,219.4854839232741,234227
2023-01-30,217.76025390625,218.14364341499638,212.10539393177365,217.08934054696178,304472
2023-01-31,205.1086883544922,209.70925999020997,200.41228031218878,209.70925999020997,762763
2023-02-01,210.28431701660156,210.85939394091133,205.6837601213781,206.9297357493598,370454
2023-02-02,216.610107421875,216.610107421875,210.66770916977748,210.95524763556577,316794
2023-02-03,218.0477752685547,218.23946269547648,213.63889132528718,216.61009762942135,193891
2023-02-06,217.08934020996094,217.08934020996094,213.1596818440933,216.51426326014126,163433
2023-02-07,216.32257080078125,217.3768736427242,214.30983077272742,216.7059603000396,138291
2023-02-08,216.2267303466797,218.04778290342014,213.54306240136717,216.70595624317073,179611
2023-02-09,216.4184112548828,219.77299242917297,216.4184112548828,217.1851755911118,191686
2023-02-10,222.0732879638672,222.16913899760343,217.1851923644225,218.33533164518514,257033
2023-02-13,224.85281372070312,228.97414504661572,222.26498198141775,222.93590998778944,231402
2023-02-14,226.8655242919922,228.39905292834376,224.66108236154165,226.67383686865148,186705
2023-02-15,230.69932556152344,230.8910129801309,227.4405955707586,227.63228298936608,194897
2023-02-16,237.79190063476562,237.79190063476562,230.12428613142538,232.13702616366376,251674
2023-02-17,239.22955322265625,239.22955322265625,234.7248184753229,237.6001736120144,206598
2023-02-20,238.65447998046875,245.7470169090797,238.07940309444615,243.734277057626,353929
2023-02-21,246.5138397216797,246.89721463072996,238.65452246281117,238.65452246281117,286504
2023-02-22,236.45004272460938,246.32209862967167,233.2871490390323,246.32209862967167,434704
2023-02-23,235.2040557861328,240.2838530333086,230.79518647004326,238.27111311448942,273283
2023-02-24,234.72483825683594,239.2295733838073,234.14977595592157,235.29991518256404,278772
2023-02-27,233.7664031982422,237.6002106447066,233.57471575088192,235.77915795756192,175396
2023-02-28,230.60350036621094,234.533143825391,227.44060661870571,233.28715360669946,303541
2023-03-01,235.9708251953125,237.60019029555073,231.08272989459786,231.08272989459786,216561
2023-03-02,236.25836181640625,236.7375877024436,233.67054495676732,235.87498695750173,132584
2023-03-03,238.27113342285156,239.51710911577877,236.35422974165346,236.6417535939816,117206
2023-03-06,246.5138397216797,246.5138397216797,241.05065220641367,242.4883300525752,311043
2023-03-07,244.98028564453125,249.38916976932057,244.98028564453125,246.51381437267025,233825
2023-03-08,247.2805633544922,251.30607259732332,241.6257036083266,245.84288566057074,297140
2023-03-09,246.32211303710938,248.6223915112658,244.21352199833035,247.95149279985185,242815
2023-03-10,242.77584838867188,245.65118921743505,241.4340070687807,245.26781434021706,177628
2023-03-13,236.06668090820312,245.7470352986852,232.52041217852525,244.4052086306386,300508
2023-03-14,246.99302673339844,248.047300254679,235.6832785767316,237.21680722081155,242526
2023-03-15,234.5331573486328,247.08886741143988,232.99964321204703,246.99304562917536,351264
2023-03-16,236.7375946044922,240.57140180456494,220.63560143922388,239.80463743958762,544012
2023-03-17,227.2489471435547,240.09219651646552,226.0987931849411,239.61297057531488,1611614
2023-03-20,239.51708984375,239.90047932403002,224.66108750980857,228.11151970826222,449918
2023-03-21,246.41795349121094,250.0600584815077,241.72153108955402,244.11766049096676,333417
2023-03-22,245.26780700683594,247.4722636717767,243.5426054861235,247.18471058523969,192807
2023-03-23,250.25177001953125,251.59359668526045,244.21352077412223,244.98028513660196,328160
2023-03-24,252.07281494140625,252.26451699482453,247.37640712892514,250.25176243243928,307090
2023-03-27,260.3155212402344,261.3698240965273,253.60635847244293,254.56481029641313,354655
2023-03-28,262.04071044921875,264.6285419515849,261.36981175389843,262.9033112001318,221139
2023-03-29,261.0822448730469,264.34097489851865,256.28998623275737,264.05345107995146,262217
2023-03-30,260.4113464355469,263.0949995765504,257.2484381804797,262.61577371211223,178290
2023-03-31,262.232421875,265.4911521891287,260.5071910619003,260.8905951867856,312618
2023-04-03,264.24517822265625,267.31220649396374,262.3282745844785,263.57425024944274,222100
2023-04-04,266.4496154785156,269.61249489765345,265.2036397678563,266.0662405867458,249216
2023-04-05,247.47225952148438,265.97036704300285,246.13040363940377,264.5326893833109,763453
2023-04-06,248.52651977539062,253.51048042885142,245.93871767617563,249.77252456356848,324877
2023-04-11,249.10159301757812,253.70217876498296,249.10159301757812,251.30604949538403,294255
2023-04-12,252.16868591308594,253.510512644264,248.43072957279387,249.10162831356837,185234
2023-04-13,254.3730926513672,257.05677514388475,251.30606455229562,251.30606455229562,181634
2023-04-14,256.09832763671875,256.7692263337831,253.89387099018052,255.71492352453672,175099
2023-04-17,255.9066162109375,259.1653462977808,254.27723654270284,256.0983182600096,182732
2023-04-18,258.6861572265625,260.1238350502555,256.0983546936933,256.960955537983,175144
2023-04-19,258.97369384765625,261.46564518364676,257.34431405139014,258.0152420262358,144536
2023-04-20,259.16534423828125,260.69887286979343,257.24844076129745,258.59026734526094,171388
2023-04-21,259.452880859375,262.8074617314043,258.3985781639553,259.1653278062838,291081
2023-04-24,262.5199279785156,264.8202063242394,259.83627478344226,261.3698034304668,254064
2023-04-25,265.58697509765625,266.1620519744619,261.94484104430353,262.1365430864471,228229
2023-04-26,251.88113403320312,265.49116197890476,251.11438425441534,265.49116197890476,462276
2023-04-27,256.2900085449219,259.9321429783951,250.73099973807857,254.27725389084824,294264
2023-04-28,254.4689483642578,262.61578851904574,248.52653561032633,258.7819813873808,337868
2023-05-02,254.56478881835938,259.4528985581152,251.40188051634044,255.33153851299224,193524
2023-05-03,257.2484436035156,257.5359966780157,254.27723733143813,254.94816525564553,158894
2023-05-04,250.8268280029297,257.5359900744679,247.47224696716057,251.3060538651824,320302
2023-05-05,255.33155822753906,255.33155822753906,248.62239550778585,253.60635665659666,324993
2023-05-08,253.98971557617188,256.67336879561674,253.98971557617188,255.3315421858943,116702
2023-05-09,252.5520477294922,255.6191051702706,250.25176927372212,255.5232541409411,200714
2023-05-10,256.6443176269531,258.4955805288431,253.4289678360318,253.72126154980134,185228
2023-05-11,252.6494598388672,258.1058369455149,250.50590329562695,256.5468678100637,226104
2023-05-12,259.9571228027344,262.7827676199387,253.13665824922325,253.33154055898413,365176
2023-05-15,260.2494201660156,265.7057972085578,259.56736188512434,262.1006829836113,204649
2023-05-16,258.1058349609375,262.4904188948205,255.9622784341791,260.63915606970914,135234
2023-05-17,254.98793029785156,258.5930148569888,254.98793029785156,257.22892800394055,113291
2023-05-18,256.4494934082031,259.469961233889,254.79308288745437,256.15716992725885,92001
2023-05-19,254.89051818847656,257.32639846601387,254.4033421329691,256.74178125243157,149810
2023-05-22,256.4494934082031,257.6186981273781,253.9161719143563,256.15716992725885,114210
2023-05-23,246.9008026123047,254.79306013516614,241.44444007289056,254.30588411196314,417638
2023-05-24,242.4187774658203,243.3931294533297,233.1624335844812,241.63929290232653,396354
2023-05-25,241.3470001220703,246.2187603783391,240.95726524854177,244.56236486469422,163817
2023-05-26,241.15213012695312,241.34699756165008,235.5983264672128,240.8598215411916,212850
2023-05-29,241.24957275390625,241.8341750615735,239.69060353192887,241.24957275390625,52048
2023-05-30,238.9111328125,243.10084983117318,237.54704581452881,243.10084983117318,96537
2023-05-31,230.33682250976562,237.05986068721123,227.70607490443152,236.76755209385576,516365
2023-06-01,232.87013244628906,234.81883648349648,230.04451753931104,232.28551528815404,165328
2023-06-02,233.94192504882812,235.988055362496,230.82398670287955,234.81883591648122,136142
2023-06-05,230.33682250976562,236.5726846540963,229.7522201904873,235.40346514810702,155884
2023-06-06,229.1676025390625,230.62913063544354,228.09582418884264,229.45991113182524,123363
2023-06-07,230.4342498779297,232.09064531794218,228.68041329015043,230.33680873016291,170095
2023-06-08,230.33682250976562,231.700924322947,226.8291639917977,229.94708763024673,102563
2023-06-09,234.33168029785156,237.6444714943822,230.53171305080562,230.53171305080562,216287
2023-06-12,242.71112060546875,243.7828990239261,238.71627094071198,238.81371210031426,297754
2023-06-13,241.5418701171875,244.85467604699818,239.7880483003006,243.58801539346564,182081
2023-06-14,239.00856018066406,242.3213511945733,238.81369274468688,242.02904260689135,126410
2023-06-15,241.3470001220703,241.83417614769718,236.7675484546641,237.83934165801622,131723
2023-06-16,253.23406982421875,254.50074521997465,246.9982231935243,246.9982231935243,491177
2023-06-19,253.42898559570312,258.00842259657134,252.74692723595845,253.33154443933014,193160
2023-06-20,251.57769775390625,255.1827823052496,249.53155261132588,252.35716745828773,161438
2023-06-21,252.06488037109375,254.69561299360134,250.40847003721328,251.28538091138248,101870
2023-06-22,249.92129516601562,251.869999221891,245.73157847239716,250.50591232975106,155096
2023-06-23,249.33668518066406,249.72642005608674,245.04954208128456,249.72642005608674,153849
2023-06-26,238.9111328125,247.97261034883198,231.60349203601183,247.97261034883198,461695
2023-06-27,236.5726776123047,241.54186408170523,233.9419300852771,240.27521832725535,260577
2023-06-28,242.71112060546875,243.29572296078177,238.81371210031426,238.81371210031426,136537
2023-06-29,243.49057006835938,244.17262839372074,241.83417456555108,241.93161571701194,112047
2023-06-30,244.36749267578125,245.2444035578836,241.3469954286604,244.46491895855254,189998
2023-07-03,245.43927001953125,249.62900158278387,244.85466772292062,245.82901975137042,134712
2023-07-04,245.8290252685547,249.7264186023917,245.0495406548143,248.45977283092506,131217
2023-07-05,242.80853271484375,245.92645636335823,241.24957832430283,243.78288478421905,123604
2023-07-06,235.2085723876953,241.83416911708787,234.6239700943981,241.83416911708787,144806
2023-07-07,235.98806762695312,238.0342129143924,232.48040910661345,234.81884812017321,126456
2023-07-10,242.9059600830078,243.39313609004657,233.94192452698118,235.89062855513617,188525
2023-07-11,244.27005004882812,247.8751495730783,243.39313917202716,246.31619525127306,132564
2023-07-12,245.8290252685547,246.60850988229504,242.90596911760264,244.56236462965563,173590
2023-07-13,247.48541259765625,248.45976461575728,239.20342044379768,245.92644342172187,189860
2023-07-14,246.4136199951172,249.0443823439605,245.92644398495094,246.5110611441232,94865
2023-07-17,246.9008026123047,248.16746324611893,245.1469808227198,246.02389171751224,112594
2023-07-18,252.16229248046875,252.74690964314732,245.92644545991354,246.9007974860898,167806
2023-07-19,250.31101989746094,253.62381071137227,248.26488964207977,253.03922330616544,135428
2023-07-20,250.79820251464844,251.28537852176115,247.97258762036748,249.82385050042302,108173
2023-07-21,249.2392578125,250.70077102270056,248.36233204546073,250.4084773011199,124818
2023-07-24,248.55722045898438,248.65464674609507,243.29571032972478,248.4597793044409,123839
2023-07-25,246.8033905029297,249.43413820583268,243.9777604856068,249.43413820583268,159118
2023-07-26,246.4136199951172,248.070030323628,243.7828725137058,246.5110611441232,129817
2023-07-27,247.3879852294922,248.26491101509095,238.52139029132312,241.63931394944228,284101
2023-07-28,246.60850524902344,248.75207674596177,244.6598011850009,246.31619666593363,169259
2023-07-31,250.79820251464844,252.84434769149453,246.4136184506341,247.19310303550077,307209
2023-08-01,255.7674102783203,257.326379487942,249.92129804338728,250.40847406296504,255008
2023-08-02,257.1315002441406,257.91099972565405,251.87000511710067,253.33153319321536,217672
2023-08-03,252.35719299316406,255.28024928266015,249.0444018120417,255.28024928266015,211132
2023-08-04,258.1058349609375,258.1058349609375,251.9674293474465,252.35716419459686,221966
2023-08-07,263.1724853515625,263.36733791375764,257.5212258203569,258.1058429766697,240043
2023-08-08,261.5160827636719,263.4647868524248,259.3725261069624,262.1006999372707,170609
2023-08-09,259.9571228027344,264.14685458366773,259.17765303342225,263.0750613497143,180479
2023-08-10,258.6904602050781,261.6135162525931,249.6289983517271,261.3212225417871,304359
2023-08-11,253.42898559570312,259.85971536305937,252.55207465807865,258.88536326906194,188862
2023-08-14,258.0083923339844,258.0083923339844,252.25972160065183,253.81869071516473,150645
2023-08-15,253.1366424560547,258.4955785566128,252.94178989331633,257.9109911335339,133874
2023-08-16,243.49057006835938,252.35717962373377,243.49057006835938,252.25973847227291,270004
2023-08-17,241.0546875,243.58800873784648,237.35216166113048,241.34699608397185,190516
2023-08-18,243.00340270996094,244.270063386952,238.3265246217369,240.27522878097454,149875
2023-08-21,242.6136474609375,246.1213206001165,241.54185431634627,243.88030803160945,157665
2023-08-22,239.39830017089844,243.78288447757214,238.32652181639335,243.39314959728534,164586
2023-08-23,242.22393798828125,243.49058382423698,239.30088168850682,239.78805773846923,112680
2023-08-24,239.00856018066406,244.75723131286904,239.00856018066406,243.4905706778688,115276
2023-08-25,237.0598602294922,239.49574039036358,236.3778167579347,237.54703626166645,119882
2023-08-28,242.4187774658203,242.4187774658203,239.30085407927658,239.49572150329217,95449
2023-08-29,243.49057006835938,243.49057006835938,240.470087649693,243.19827634884146,93060
2023-08-30,241.73675537109375,243.78288580488905,240.17778610659306,243.58801836368465,108907
2023-08-31,244.8546600341797,246.900790309214,242.32133889278683,242.51620631887127,190292
2023-09-01,241.83416748046875,246.12132527279493,241.83416748046875,245.0495321078554,99413
2023-09-04,241.24957275390625,244.1726288945395,240.66495557880663,243.00339454434032,73833
2023-09-05,242.51622009277344,243.68545445055102,240.08033995979085,240.56751598638735,89752
2023-09-06,240.3726348876953,242.7110886029124,238.52137203881773,241.63929545834227,122842
2023-09-07,238.4239501953125,242.2239322149071,236.18293744541302,239.49574342665701,122758
2023-09-08,238.32650756835938,239.39828585878962,235.01370181424244,239.2034184302961,107495
2023-09-11,245.3418426513672,245.82901866343605,238.61880476435763,239.69059793788193,180640
2023-09-12,248.45977783203125,249.33668874799474,244.65981070627913,245.92645650324135,148897
2023-09-13,247.58285522460938,249.33667697371666,245.43926887804352,248.16745751850112,104790
2023-09-14,250.21359252929688,250.60335713404717,247.19311011910185,248.07003587749315,152726
2023-09-15,253.81871032714844,256.6443253396715,251.28538903717896,251.48027134212467,378561
2023-09-18,258.2032775878906,258.2032775878906,253.52639992552687,254.11098733217509,181592
2023-09-19,254.01361083984375,260.249458491849,253.03925871500334,258.0084307637958,147655
2023-09-20,251.57769775390625,254.11098916057765,249.72640516998965,253.7212543083869,93178
2023-09-21,244.4649200439453,251.67511916804773,243.7828765917895,249.43412137774035,145722
2023-09-22,243.97775268554688,245.5367219464658,239.20343348356093,243.68545895812824,219508
2023-09-25,242.4187774658203,245.04952485860935,240.85980833883272,243.6854380230688,191797
2023-09-26,244.36749267578125,245.1469772751123,239.49573251425224,242.61365604414436,183293
2023-09-27,242.02903747558594,243.7828740970619,239.59315740893376,243.0033895022468,111569
2023-09-28,245.24441528320312,245.43928272549462,241.63931556479557,243.10084368313102,105310
2023-09-29,237.64447021484375,245.439286981119,237.15729416695154,245.14699324633017,333032
2023-10-02,233.35731506347656,240.47008797417962,231.6034784068408,238.1316341428545,203349
2023-10-03,231.11630249023438,233.454756322637,230.04452415938647,232.9675802993155,147212
2023-10-04,227.02403259277344,231.6034843539909,220.6907441298849,229.45991277080748,269351
2023-10-05,228.3881072998047,231.40860450558725,226.82915298991043,227.70606386001145,120457
2023-10-06,227.8035125732422,229.16759949812405,224.29583924149966,228.77786462456706,134407
2023-10-09,244.0751953125,244.0751953125,235.40346777332044,238.71625888847305,354007
2023-10-10,248.07003784179688,249.4341247646305,244.7572319518072,245.04954054025222,190109
2023-10-11,254.79307556152344,255.8648688244343,249.14183037672956,249.23927153424265,236179
2023-10-12,261.7109680175781,262.49043776792286,256.15714940806083,256.25459056057014,291164
2023-10-13,262.1981506347656,265.80323548929334,260.63918136003156,260.63918136003156,357073
2023-10-16,262.685302734375,268.33653238852673,260.44427531403943,261.41862730509064,256956
2023-10-17,261.1263427734375,265.218633173534,258.3981689966159,262.1006947987115,159671
2023-10-18,260.2494201660156,261.7109481380432,258.5930099037726,260.44427272136835,94017
2023-10-19,251.67510986328125,258.20328016130486,246.80336472766942,258.20328016130486,247203
2023-10-20,253.23406982421875,255.08533261124114,248.55719228491347,249.6289853936724,172408
2023-10-23,252.25975036621094,253.52642592519598,248.55722431504302,252.16230921015577,124042
2023-10-24,260.1519775390625,260.34685982816785,251.2853686122942,251.7725446001951,159193
2023-10-25,259.85968017578125,261.905795508221,257.0340356979128,260.44426756512854,139446
2023-10-26,264.0494079589844,271.25960724779173,260.3468820291513,265.0237600178736,360547
2023-10-27,259.2750549316406,266.77754696363615,257.52120361393924,264.7314316952763,181909
2023-10-30,263.1724853515625,265.7058065390089,260.0545470078033,260.834046461175,133386
2023-10-31,263.46478271484375,264.8288696085756,259.85969804818563,263.95195872938115,137228
2023-11-01,269.4083251953125,269.992942336199,262.78274355823373,263.9519481051437,189100
2023-11-02,264.5365905761719,270.28526191980427,263.7571208035954,270.28526191980427,172112
2023-11-03,263.46478271484375,269.0186011745156,258.982757434127,265.02375190833624,261584
2023-11-06,265.4134826660156,266.9724518353848,262.9776026310212,263.7571020831377,104280
2023-11-07,264.9263000488281,265.998093184456,262.7827435124353,264.82885890288685,101060
2023-11-08,267.4596252441406,269.60321154805723,263.0750412237449,263.56221722601106,178507
2023-11-09,265.0237731933594,273.69550100160995,260.34689497212906,269.7006514145897,395096
2023-11-10,266.5827331542969,269.31090706510395,263.0750597440695,265.51093992688493,213102
2023-11-13,275.2544860839844,275.2544860839844,269.21349077863636,269.21349077863636,257561
2023-11-14,271.5519104003906,277.2031400254171,269.50576528275593,275.7416120463727,237996
2023-11-15,273.11090087890625,274.8647526227568,267.5571113605506,269.992991781286,160896
2023-11-16,269.7006530761719,274.6698548011351,269.7006530761719,273.69550268780375,133806
2023-11-17,271.9416809082031,275.8390893633981,270.480152737505,271.0647699527576,241097
2023-11-20,271.6493225097656,275.83905390138625,270.86985281288236,273.4031739300474,167697
2023-11-21,281.6851501464844,287.433820611747,271.7467485229133,272.33136563045184,466523
2023-11-22,281.5877380371094,287.5312913959382,281.5877380371094,286.4594982107618,221178
2023-11-23,276.2287902832031,279.34672855777006,270.0903846152994,275.74161428623097,403874
2023-11-24,276.13134765625,280.418490459645,275.7416128077346,277.8851990768636,159783
2023-11-27,266.9724426269531,275.74161045046617,265.5109146563676,275.546728160443,319954
2023-11-28,267.0699157714844,270.5775892681411,265.60838762578294,267.75194439855863,235733
2023-11-29,268.1416931152344,269.5057800233116,265.9981067347812,267.6545170955736,154911
2023-11-30,268.921142578125,271.4544636363407,268.3365254516349,269.60320084817386,190969
2023-12-01,274.4749755859375,274.4749755859375,270.28524406423975,270.5775675107938,154030
2023-12-04,276.13134765625,283.5364287174939,274.4749671163439,279.1518447682543,337507
2023-12-05,276.2287902832031,279.34672855777006,271.35703031348174,276.52108398744116,191773
2023-12-06,275.2544860839844,277.7878076550938,274.37757508414177,276.3262794104001,158536
2023-12-07,270.869873046875,275.83907450657847,270.57757932242515,275.2544573228136,153712
2023-12-08,277.3980407714844,277.3980407714844,270.8698701368306,271.3570461622566,211008
2023-12-11,276.6185302734375,278.5672342975334,272.6236810770682,277.3005885758165,149779
2023-12-12,279.44415283203125,279.44415283203125,274.2800989203715,276.7159790173552,194830
2023-12-13,282.3672180175781,283.14671751456785,279.34675038819745,279.73648526925956,184023
2023-12-14,278.46978759765625,283.43898870700525,277.008259608722,282.854371564459,223473
2023-12-15,278.27496337890625,280.3211087187613,276.9108763972916,279.93134409412903,251527
2023-12-18,276.0339050292969,279.4441369715184,276.0339050292969,279.0544021250942,98695
2023-12-19,277.69036865234375,277.69036865234375,273.11090155605945,275.93654663901316,147411
2023-12-20,277.105712890625,277.98262377541664,274.76727395289237,277.4954477577697,102691
2023-12-21,278.8595886230469,278.8595886230469,275.5467676273303,276.32626716420884,84379
2023-12-22,277.3980407714844,279.54159744243964,277.0082761632517,278.0800693661618,81172
2023-12-27,279.54156494140625,281.100533988488,276.5210679879719,277.5928610662694,127217
2023-12-28,280.32110595703125,281.49031061481077,279.7364887607086,279.7364887607086,96322
2023-12-29,279.6390075683594,281.1005354824797,279.05439045573894,280.2236246809798,92422
2024-01-02,291.5261535644531,292.40306448747816,281.88004420658064,282.2698088255834,430839
2024-01-03,289.3825378417969,292.5004760693909,287.7261275831008,291.3312418003275,179890
2024-01-04,297.2748107910156,297.46966335641895,289.28511223787245,289.3825533880062,212519
2024-01-05,297.2748107910156,298.5414565381622,294.9363718621258,297.07992849074805,140626
2024-01-08,299.51580810546875,299.9055429705355,296.78763431513715,297.6645451952534,127099
2024-01-09,297.2748107910156,303.9003927120142,290.6491991351528,301.07477776731963,280550
2024-01-10,298.1517333984375,302.7312000210525,297.177381328508,298.24917455240353,151084
2024-01-11,300.2953186035156,302.82861018695655,298.3466144717209,300.19787744995284,130874
2024-01-12,307.7003479003906,308.1875238975318,302.7311765174416,303.02347022178105,231146
2024-01-15,307.5054931640625,310.72084282847095,306.53114117668264,310.42854912620214,160426
2024-01-16,312.182373046875,315.7874873199627,305.94652622992555,307.7003479258334,246670
2024-01-17,317.44390869140625,318.61314312894547,311.7926782913228,311.7926782913228,235719
2024-01-18,325.62847900390625,328.06435921867256,315.98236956553893,319.87977790916506,355772
2024-01-19,321.8284606933594,329.2335420011058,321.14643211946964,327.96689626755057,324897
2024-01-22,325.23870849609375,327.38229494024387,318.80800863337413,322.5105345988712,158667
2024-01-23,316.7618408203125,327.4797128092597,315.39775396869186,326.5053608102645,351371
2024-01-24,323.1925964355469,324.26435993434643,317.05416049811834,318.71057092604326,164472
2024-01-25,319.392578125,324.16692677894594,319.1002844149013,323.77716218566275,191012
2024-01-26,308.8695983886719,318.4182365395493,305.36192507829446,316.8592970548168,425003
2024-01-29,318.223388671875,318.32082982482626,311.79265913033873,311.79265913033873,236431
2024-01-30,316.5669860839844,320.95157046114446,315.39778142432783,319.00286629351774,141569
2024-01-31,316.46954345703125,319.1977471199419,314.6182804533675,317.1516018064753,132527
2024-02-01,320.07464599609375,321.43873290876934,314.71570976176037,315.8849441068335,171514
2024-02-02,319.7823486328125,323.2899921583273,318.12593828531385,321.1464355299421,162372
2024-02-05,319.10028076171875,324.45921677451094,315.69004875357825,320.85410247195995,276745
2024-02-06,324.9464111328125,326.6028215242871,319.87976854054375,321.3412966265984,270252
2024-02-07,325.23870849609375,327.28485378644336,324.2643564278192,325.3361496498943,155545
2024-02-08,323.5823059082031,326.4079207678778,321.3412784620131,325.23868647118184,147852
2024-02-09,327.9668884277344,329.3309752777702,323.67974558410884,323.67974558410884,217436
2024-02-12,339.9514465332031,340.9257986469325,332.44895309840706,333.52071663561594,290218
2024-02-13,355.6385192871094,356.90516513308944,348.03858474149587,355.6385192871094,510856
2024-02-14,355.0538635253906,363.92047268915394,355.0538635253906,358.5615366790057,451875
2024-02-15,367.5256042480469,368.2076328404469,360.5102576113928,362.4589617065895,392195
2024-02-16,378.24346923828125,379.3152326814017,368.402507806564,374.15117882592705,449879
2024-02-19,393.7356262207031,393.7356262207031,381.2639035059833,393.05356796647243,611512
2024-02-20,391.59210205078125,395.8792453329449,384.47934363275067,394.5151583433746,448279
2024-02-21,389.7408447265625,392.7613422201667,381.2639694598131,392.17672500610354,393466
2024-02-22,391.397216796875,394.12539054825737,388.37671959971783,388.37671959971783,309475
2024-02-23,399.7766418457031,403.77149127386696,391.8844138780723,391.8844138780723,343878
2024-02-26,410.981689453125,412.3458061331128,401.82278598174224,402.4074031681848,422557
2024-02-27,404.1612243652344,417.022683507544,385.1613591119701,416.63294862880906,753635
2024-02-28,410.5919494628906,411.66374266888323,401.53048725785294,403.77148508731153,235023
2024-02-29,413.12530517578125,415.75606783381926,410.29968993169393,410.6894248386599,351948
2024-03-01,418.0944519042969,423.648240500006,415.3662484453865,416.0483067438299,288441
2024-03-04,418.97137451171875,425.3046627310819,409.52014789041567,424.9149278645555,417898
2024-03-05,423.3559875488281,428.03286573597336,418.9714030978046,418.9714030978046,288918
2024-03-06,421.2123718261719,429.78668755452287,417.4124048457599,428.8123355218601,484831
2024-03-07,425.30462646484375,428.13024117479705,417.99698683486366,421.30977752014894,396312
2024-03-08,410.981689453125,426.2790287798568,406.20737027776363,426.0841464727542,588542
2024-03-11,404.84326171875,410.494491504633,391.6895095329422,396.2689758915763,453632
2024-03-12,407.57147216796875,409.7150586852388,399.38692046225236,408.2535305329728,309245
2024-03-13,410.4944763183594,412.3457688639124,401.33557367478915,410.59191746310364,300811
2024-03-14,432.2225646972656,436.4122665152818,417.02266714410575,417.70472545627774,676466
2024-03-15,445.18145751953125,447.32504398039873,430.17644149805574,432.90461541655475,619332
2024-03-18,464.86334228515625,464.86334228515625,447.9096235365003,454.04802920476544,488332
2024-03-19,475.2889404296875,476.8479097299158,459.30957200579644,468.1761820244078,520334
2024-03-20,465.3505554199219,469.0530813986667,451.90447898870383,468.66334651693546,647062
2024-03-21,479.1863098144531,480.16066183094034,468.2735850707149,468.663319930337,364698
2024-03-22,487.56573486328125,492.4374948633837,478.99144915704625,481.0375943040619,421749
2024-03-25,494.1913757324219,507.0528347925112,487.9554987730664,493.80161112131333,765053
2024-03-26,507.6374206542969,507.6374206542969,494.58110906428794,494.7759616343687,415164
2024-03-27,498.478515625,510.3655928154961,497.1144286995155,508.80665332057947,424270
2024-03-28,507.6374206542969,508.80665501424124,498.868252159309,501.20672087919775,283421
2024-04-02,514.068115234375,521.862931595592,503.9348896466304,510.1707070537665,523088
2024-04-03,519.9142456054688,521.2783623040635,509.19637273566553,518.3553060668445,410716
2024-04-04,523.2271118164062,524.786051490162,513.4835901810915,521.2784074893433,369064
2024-04-05,523.0321655273438,524.0065175717202,511.92458790328953,521.278343741412,435949
2024-04-08,546.2218017578125,546.2218017578125,520.6938225242949,522.4476445332771,534195
2024-04-09,508.61181640625,557.1345410200257,479.8684283143259,551.8730751528366,1949148
2024-04-10,509.5861511230469,524.9809024943854,500.62209985944054,514.4579116500358,672994
2024-04-11,519.134765625,522.2527041106514,510.75536169768384,511.9245960635194,368968
2024-04-12,529.26806640625,534.1398268491099,519.5245455205302,523.8116590284077,449855
2024-04-15,537.6474609375,543.4935733640833,525.1757663214017,535.6987567953056,429000
2024-04-16,529.462890625,534.529473353881,519.9141936288963,530.2423603163875,403974
2024-04-17,518.160400390625,526.7346864058635,498.868241988906,526.1500989726743,516390
2024-04-18,497.30926513671875,516.211688380623,483.08371969558084,516.211688380623,791777
2024-04-19,491.0734558105469,498.47853767847283,487.1760474310981,495.1657465029146,496451
2024-04-22,496.72467041015625,500.4271963599834,486.8837383501249,497.1144350237088,394196
2024-04-23,501.40155029296875,506.0784877941092,493.9964983657142,495.9452025012792,398292
2024-04-24,507.2476501464844,511.3399406238424,498.088776617828,503.15541913885556,264447
2024-04-25,499.84259033203125,506.4681722280618,485.909368226468,506.27328992852864,391168
2024-04-26,510.95025634765625,510.95025634765625,494.7759760805921,499.84261880846435,302400
2024-04-29,511.5348205566406,516.9911681880199,507.8322947017955,510.755350819262,189819
2024-04-30,503.9349060058594,511.92460492942223,500.4272028476036,509.5861361572517,202216
2024-05-02,499.2580261230469,504.90925625397165,492.6324141840029,503.1554344160613,286327
2024-05-03,522.8372802734375,522.8372802734375,497.89389186608116,500.6220656809906,383071
2024-05-06,532.385986328125,532.7756914680589,522.6424657838309,523.2270532285966,223684
2024-05-07,515.2373657226562,536.4782290784111,509.7810178867723,534.9192895452246,391210
2024-05-08,521.08349609375,526.9296087488102,518.5502043977839,519.3296741911786,165034
2024-05-09,527.9039916992188,528.0988740263862,519.3297045314831,520.109174370416,152696
2024-05-10,522.0578002929688,530.2423810468362,520.4988608492454,528.0987947094206,171612
2024-05-13,522.4475708007812,530.24238704706,514.2629899542972,529.0731527161726,237986
2024-05-14,508.22198486328125,509.5861014658034,491.0734132672369,504.714341413549,589539
2024-05-15,507.7294616699219,515.0192933439126,500.2425343910835,510.2907425043645,314770
2024-05-16,505.7592468261719,516.0044306894536,504.18302306712116,511.6699506373381,246892
2024-05-17,504.38006591796875,508.1234996943458,497.6812801928536,503.3949486017227,236832
2024-05-20,523.2943115234375,523.2943115234375,505.95621130736856,506.54731775184985,239971
2024-05-21,519.1567993164062,527.4318084036631,512.8520247616595,521.7180801579549,203229
2024-05-22,514.2312622070312,522.3092365888986,513.4431803439497,519.1568490097806,177640
2024-05-23,526.0526733398438,528.2199435699731,515.2163823159892,515.2163823159892,355638
2024-05-24,522.9002685546875,524.6734677294878,518.9597992210022,522.9002685546875,179069
2024-05-27,524.2794189453125,529.5990160848887,523.2943016831555,525.6585470362606,115789
2024-05-28,515.8074340820312,530.7812302243069,514.4283058315489,526.840760719855,317008
2024-05-29,507.33538818359375,520.1419125455097,502.80384278131413,518.1716780282918,298149
2024-05-30,508.91156005859375,511.86691188268964,502.4098100962976,503.0008864737954,143892
2024-05-31,519.9448852539062,522.900237076259,509.3056307187936,509.5026661989745,363709
2024-06-03,527.0377197265625,529.4020251367972,521.3240517997435,523.4913217379947,246058
2024-06-04,509.3056335449219,526.2496627791239,509.3056335449219,526.0526272978497,316308
2024-06-05,515.8074340820312,519.5509282126949,512.0640000781606,514.2312703309677,118654
2024-06-06,516.00439453125,523.0972506329863,513.8371245936661,517.974628996911,224455
2024-06-07,524.8704833984375,525.2645543676391,512.4580295168332,516.5955341862974,295761
2024-06-10,523.4913330078125,524.0823793097032,519.7478393398862,522.1121448010201,127159
2024-06-11,509.69970703125,525.855594420351,503.1978968777297,524.476466298177,415605
2024-06-12,505.95623779296875,513.0490946105281,494.13485986936195,512.2610127700859,355340
2024-06-13,498.4693603515625,512.261002732831,498.4693603515625,507.53245165603965,227777
2024-06-14,472.0682373046875,503.00091550271577,453.25249025938075,498.0753288449598,977195
2024-06-17,478.7669982910156,482.017873291091,469.80242502638583,477.58484552913717,280579
2024-06-18,483.4955749511719,491.77058459806335,482.4119699357222,484.1851691095446,239052
2024-06-19,480.63873291015625,485.66283723910175,479.6536155932412,485.66283723910175,129307
2024-06-20,488.9137268066406,489.4062854796529,474.33400211083506,478.1759537476518,337407
2024-06-21,483.6925964355469,502.6068607044127,483.6925964355469,497.6812741826658,589348
2024-06-24,492.95269775390625,497.09020249672943,482.1164073034018,486.25391204622497,203473
2024-06-25,487.633056640625,491.869048945681,480.9342711202123,489.110732569839,280021
2024-06-26,482.8059997558594,489.9973440951725,476.9938136381878,487.1405099081876,192918
2024-06-27,468.71881103515625,486.6479583688399,464.3843008194488,482.51045358002216,267860
2024-06-28,468.6203308105469,475.31911669929275,457.5870045737233,468.4232953171268,317912
2024-07-01,476.2056884765625,479.6535989662446,464.6798343062327,469.99946162049207,203425
2024-07-02,474.6295166015625,482.2149320524649,468.8173303790841,476.3042280845082,176868
2024-07-03,497.4842529296875,498.07532934188697,482.0178987835451,482.80601068760944,379778
2024-07-04,507.532470703125,510.68485824822096,503.7890067353991,504.9711295172633,229202
2024-07-05,483.2985534667969,508.12349139256753,483.00300023871506,502.6068585624368,326793
2024-07-08,489.6033020019531,503.9860207092568,484.97323862969563,486.1553914244746,256652
2024-07-09,493.34674072265625,499.65151560721245,487.6330723048462,490.58842425820893,184948
2024-07-10,493.7408142089844,496.1050897710075,485.071763730373,493.34674322915146,175197
2024-07-11,503.00091552734375,507.3354257737022,487.14052047591406,495.51401779450913,286594
2024-07-12,501.4247131347656,506.15326421951954,498.66639667922493,503.7889886771426,172584
2024-07-15,507.7294616699219,512.852023338807,502.80384528891915,503.5919571377725,230034
2024-07-16,505.7592468261719,507.13837497270424,498.4693547416848,507.13837497270424,157472
2024-07-17,476.50128173828125,503.39497379223394,476.50128173828125,502.4098564266914,386324
2024-07-18,485.662841796875,493.7408158967449,479.75213783991506,483.397083972065,196705
2024-07-19,482.9045104980469,488.02710239892923,480.93427590615505,487.6330614932297,129650
2024-07-22,486.3524475097656,490.2929169080594,480.73726659183876,482.4119781114719,105737
2024-07-23,486.450927734375,488.02712148220104,480.9342947120768,486.3524400516445,131690
2024-07-24,488.6181945800781,503.19791900589985,483.49557245025153,485.36731942375417,273464
2024-07-25,464.38427734375,487.7315687826571,461.8229664165047,486.7464515078238,380507
2024-07-26,482.0179138183594,483.0030311816206,464.482836777668,464.482836777668,210569
2024-07-29,485.9583740234375,493.34675410729307,484.4806980066664,487.4360500402086,182204
2024-07-30,491.08099365234375,492.4601519147164,482.8060140147125,484.67773094674646,149080
2024-07-31,496.3020935058594,497.6812818037838,484.2836802467925,494.1348534411398,218647
2024-08-01,489.1107482910156,502.21279659248654,488.8152251210315,497.4842454923724,171613
2024-08-02,472.954833984375,484.0866477371469,468.4232882744042,483.49557132916897,290138
2024-08-05,473.15185546875,473.84144964535943,430.98884453190175,444.28792887745755,769769
2024-08-06,482.51043701171875,486.1553830130607,476.30421010499464,480.9342733971433,200534
2024-08-07,487.239013671875,491.475005958961,483.5940677032522,486.84497277176825,134148
2024-08-08,503.98602294921875,503.98602294921875,484.3821944485334,485.85987041687747,353609
2024-08-09,530.38720703125,530.38720703125,506.9413659228764,507.33543691488615,455856
2024-08-12,537.8740844726562,541.617518456448,530.1901810055482,533.9336149893401,248778
2024-08-13,539.4502563476562,541.8145621240058,530.387224500835,540.8294447383257,207977
2024-08-14,549.6954956054688,550.2865419801337,541.4204855994004,541.8145566003724,271710
2024-08-15,554.818115234375,557.1823608481105,546.5431052693189,553.6359623641109,219161
2024-08-16,553.8329467773438,560.5317322552121,551.8627122175715,557.5763804155537,177403
2024-08-19,542.9967041015625,546.3460670694985,525.8556378844341,532.1604130768196,336790
2024-08-20,526.6436767578125,546.3460224670728,526.0526304372497,543.1936952550211,273484
2024-08-21,528.8109741210938,530.5841733011447,522.5062592446023,529.7960914574321,122446
2024-08-22,525.6585693359375,530.9782268279721,524.6734520319895,528.8109567339288,123391
2024-08-23,527.4318237304688,527.4318237304688,520.1419316976277,526.6436817931328,105861
2024-08-26,527.0377197265625,528.2198724316798,521.3240517997435,526.8406842545788,68596
2024-08-27,527.6288452148438,529.599079976851,521.5211655540556,527.4318698400776,100354
2024-08-28,535.312744140625,538.071060448451,528.4169233076669,529.7960513981869,129617
2024-08-29,534.5245971679688,538.8591371297817,530.9781991096021,535.9037853722143,128127
2024-08-30,533.93359375,537.6770275848818,531.7663235950293,532.1603945784024,164056
2024-09-02,519.5509033203125,535.1157450918063,513.4431638556836,535.1157450918063,224405
2024-09-03,512.260986328125,523.4913473868025,508.5175526841615,518.3687254981639,158186
2024-09-04,515.6104125976562,520.3389635547697,497.68126593042956,500.43958231151345,164658
2024-09-05,507.532470703125,516.0044558617035,500.24257826301505,514.2312566572093,171092
2024-09-06,494.5289001464844,509.1086246194689,493.7408183070671,505.7592617702481,144237
2024-09-09,499.4544677734375,503.00089604249575,491.77056490997296,496.69615137716664,114554
2024-09-10,503.39495849609375,504.18304033922266,495.51401981122336,500.63664198174723,111826
2024-09-11,502.60687255859375,505.9562353963045,497.2872149389254,504.5771072137613,106528
2024-09-12,514.0341796875,514.0341796875,503.3949251921619,507.9264405854472,117844
2024-09-13,513.24609375,514.6252819681808,504.7741093434208,512.4580119653764,119587
2024-09-16,510.48779296875,514.4282621385177,508.51755838386623,510.2907574849041,85360
2024-09-17,476.0086975097656,513.0490844156182,474.5310215407536,512.8520489277254,559461
2024-09-18,474.136962890625,484.1851717664777,470.0980058543778,477.78190906763314,206325
2024-09-19,486.25390625,489.4062635781697,474.8265395348233,479.65360830164786,183712
2024-09-20,480.4417419433594,489.0122448204063,478.76703042884674,488.61820389446086,243031
2024-09-23,481.52532958984375,483.69259969939435,474.53102073248255,483.69259969939435,89893
2024-09-24,479.4566345214844,484.18518585750127,471.47717783648415,481.72239244011826,157767
2024-09-25,484.874755859375,486.3524318361142,473.5459067043746,476.10718768000675,113944
2024-09-26,477.0923156738281,486.2539249726591,473.250364061013,485.2688076327888,192758
2024-09-27,475.1220703125,480.04765690111554,473.7429120803666,476.2057053746743,129690
2024-09-30,479.1610412597656,479.1610412597656,465.27088153298024,474.8265312198153,239460
2024-10-01,503.39495849609375,506.35031050292014,476.99382592713613,478.3729841843094,457129
2024-10-02,509.1086120605469,519.1568206139159,503.7889846172198,506.35029562723486,238553
2024-10-03,509.1086120605469,517.9746678205568,500.83363269721644,511.0788466738824,136423
2024-10-04,512.260986328125,512.6550572914,505.3651653583233,508.320517202524,122250
2024-10-07,498.6664123535156,514.6253253771278,487.73160380499587,511.27590235146914,246049
2024-10-08,494.9229431152344,501.0306826178876,493.93782578018676,499.2574533767648,139685
2024-10-09,491.96759033203125,496.4991360787625,483.98813391808636,495.51401874527284,167846
2024-10-10,473.8414306640625,498.0753227356519,471.5756728546442,488.91371362656355,452008
2024-10-11,466.45306396484375,472.5608035437015,459.163201607217,470.5905688490243,299062
2024-10-14,476.6982727050781,479.5551069657644,470.19649227715377,470.88608643746215,173020
2024-10-15,475.8116455078125,483.69258373568516,468.6203014002361,478.2744387040227,190706
2024-10-16,474.0384521484375,481.0327608593057,471.8711820842795,476.69825079438357,185647
2024-10-17,479.06256103515625,483.3971014779485,473.44741011073256,474.72805065576006,145808
2024-10-18,480.8357849121094,482.0179076949679,475.81168041062244,476.7967977613691,154208
2024-10-21,483.1015319824219,486.4509248873272,479.7521390775166,479.94917456861486,120838
2024-10-22,486.7464904785156,490.58844214528756,477.0923223741653,484.57922027500547,190159
2024-10-23,484.7762451171875,488.32267352526634,480.2446993770532,486.7464797812985,140100
2024-10-24,495.9080505371094,499.6515143734958,484.28367824127633,486.3524306162011,209689
2024-10-25,478.5699768066406,495.3169710638328,477.9789304718082,494.1348483307736,270632
2024-10-28,483.2000427246094,483.2000427246094,470.8860762943186,478.7670148097047,163255
2024-10-29,481.4268493652344,489.20927022995465,481.4268493652344,483.29856627243623,156908
2024-10-30,478.47149658203125,484.28368278447346,471.18160432929886,483.200047714738,169895
2024-10-31,466.1575012207031,475.6146029017624,458.1780453718404,474.235444745224,282837
2024-11-01,470.8860778808594,474.3339884929577,466.45304995101867,466.45304995101867,176786
2024-11-04,461.3304443359375,471.2801356128684,456.8974162479045,469.4084186550447,211464
2024-11-05,473.15185546875,473.84144964535943,457.7840487201578,459.45873019230135,142000
2024-11-06,488.421142578125,495.3169636394892,459.75425335945465,471.6741485719548,548088
2024-11-07,533.7365112304688,537.0859339136482,484.283643577396,499.25740766097096,922573
2024-11-08,537.8740844726562,537.8740844726562,519.3538899264288,533.9336149893401,462559
2024-11-11,556.5912475585938,560.1376456162176,538.4650660652634,541.8144887738523,371466
2024-11-12,565.4573364257812,571.9590866266514,550.0895304272944,556.5912806281644,343431
2024-11-13,564.2752075195312,569.3978297781881,546.9371661652373,566.4424777205159,336201
2024-11-14,557.9705200195312,563.0930824036851,553.8330149096579,562.5020360137579,220484
2024-11-15,567.2305297851562,578.854901909441,557.1823212914637,558.1674385922809,415387
2024-11-18,573.7323608398438,578.6579475224428,571.5650906741421,576.6877128494032,211284
2024-11-19,595.7988891601562,600.921510785653,573.5352637948769,576.2935800157493,497447
2024-11-20,587.5240478515625,600.3305741919564,577.8698491242909,599.7394676693997,300051
2024-11-21,596.9810791015625,602.6947473712364,589.1001407635881,599.9364309783028,269917
2024-11-22,609.7876586914062,609.7876586914062,596.3900863637663,598.951367503029,209508
2024-11-25,599.9364624023438,617.4715390974482,596.3900640152139,615.6983399038832,332608
2024-11-26,608.60546875,612.7429735226168,602.1037184835949,603.6798821461205,142866
2024-11-27,606.832275390625,610.7727447113433,603.0888415613006,603.6798879086923,114371
2024-11-28,611.1668090820312,611.363784444504,605.2561051649005,608.8025034644631,87646
2024-11-29,613.1370239257812,615.3042338573285,609.5905656139274,611.5608001893614,103526
2024-12-02,618.8507080078125,623.7762945724611,612.5459331543466,619.0477434957562,197260
2024-12-03,625.3524780273438,626.7316663598399,618.4566566184451,620.2298558125179,195477
2024-12-04,642.2965087890625,643.281626133831,631.8542889852329,633.6274881804579,254503
2024-12-05,648.4042358398438,653.9208688133774,641.3113790690219,643.6756847015591,280622
2024-12-06,642.0994873046875,651.7536254687038,639.9322170735511,648.6012979980969,190868
2024-12-09,603.876953125,632.4453571064437,600.3305546125035,630.4751223491028,539911
2024-12-10,596.3900756835938,605.8471783188294,584.1745963301883,601.9067088663492,328399
2024-12-11,609.590576171875,610.7727289629676,598.9513213056198,601.9066732199567,260905
2024-12-12,617.4714965820312,624.761388475271,614.3191092734198,617.8655675431528,223440
2024-12-13,606.832275390625,622.9882236562863,605.8471580604454,618.456647861386,156837
2024-12-16,614.5161743164062,623.1851947370366,612.3489041795511,614.9102452964852,219449
2024-12-17,603.6798706054688,620.0328538937998,597.9662022795555,611.7578445067611,225910
2024-12-18,604.0739135742188,608.2114180759379,596.9810573036694,601.1185618053887,105092
2024-12-19,610.9697875976562,610.9697875976562,596.3900629598896,600.7245431890684,184494
2024-12-20,602.4976806640625,608.4083841112316,592.2524974317067,605.650067861243,309478
2024-12-23,610.378662109375,627.1256564036319,608.2114521256672,610.1816867485209,209378
2024-12-27,608.60546875,615.3042545059183,607.0293050874744,613.137044501643,101530
2024-12-30,605.4530639648438,609.9846395867537,604.6649821561426,609.7876041028815,68677
2025-01-02,595.0108642578125,611.3637878009371,589.2971957985756,604.862037507114,248324
2025-01-03,606.4381713867188,606.4381713867188,584.3715804683164,592.4495541612939,193098
2025-01-06,597.3751220703125,605.6500708612676,590.2822658732189,604.861989089765,282194
2025-01-07,607.8173828125,610.5756992666802,597.9662096712925,597.9662096712925,194910
2025-01-08,639.1441040039062,639.9321858330851,611.9548900731058,612.5459364132926,393648
2025-01-09,639.5381469726562,642.8875096316748,632.0512196063817,640.1291932869575,152543
2025-01-10,640.3262329101562,645.05478383552,633.6274474219921,639.7351865920309,192039
2025-01-13,635.20361328125,643.8726333630547,620.6238894900166,642.4935052402603,191958
2025-01-14,645.2518920898438,646.6310804900663,635.5977536686675,636.3858355573116,177130
2025-01-15,646.6310424804688,649.7833698497482,639.7352211382868,643.2816194921213,185731
2025-01-16,675.7904663085938,677.1696545762653,648.7982282974477,652.1476511607713,411607
2025-01-17,684.0654907226562,687.6118890221983,673.8202465489736,679.7309504660699,357031
2025-01-20,682.0952758789062,695.6898832574028,680.5190520458628,688.3999908307062,271694
2025-01-21,694.9017333984375,694.9017333984375,683.6713726783669,686.429688957764,198717
2025-01-22,707.1171875,712.6338804684414,696.4779326615044,699.4332845681303,296689
2025-01-23,722.6820678710938,724.455327212248,709.6785668812404,718.3475875834065,362433
2025-01-24,720.7118530273438,732.5332616180173,715.3922552376166,728.3958167127162,309806
2025-01-27,712.4368896484375,719.5297466943797,692.5375068708857,716.9684054719825,409281
2025-01-28,721.3029174804688,723.2731521307148,706.1320866228575,713.027907898719,142673
2025-01-29,731.3511352539062,731.3511352539062,717.5594925318633,722.2880437254913,186428
2025-01-30,735.8826293945312,747.1129907613079,729.9719255439728,733.1243129562951,252335
2025-01-31,744.1576538085938,748.886204958822,732.9272922158606,736.0796796916094,240924
2025-02-03,752.629638671875,760.5105772967114,736.4736904402444,738.8379960784114,383132
2025-02-04,746.9159545898438,763.268877844022,704.7529458531862,758.9343977669909,564644
2025-02-05,737.6558837890625,763.0719002252583,732.5332613761036,743.172577205631,353372
2025-02-06,695.8869018554688,748.4921308909093,695.8869018554688,745.7338144085473,863997
2025-02-07,712.6339111328125,723.0761309348334,702.7827376868338,708.2993707658654,427367
2025-02-10,720.1207275390625,720.1207275390625,704.555886629923,714.8010702069374,211817
2025-02-11,720.5148315429688,728.3957700990776,712.0427865190779,721.3029133732217,214715
2025-02-12,717.1654052734375,718.3475580767185,700.4184109195248,717.3624407617825,277086
2025-02-13,745.7338256835938,746.5219075294997,677.7607292870707,684.656550660631,810382
2025-02-14,804.8408813476562,819.8146772120407,748.4921564543836,751.4475085278756,763422
2025-02-17,917.7352905273438,923.8430300649217,846.609866631636,886.6056066125527,1025167
2025-02-18,914.9769897460938,953.5936021907468,901.7764532298589,952.0174384692474,839484
2025-02-19,918.91748046875,946.8948381245624,916.3561993302685,926.0103376334285,461576
2025-02-20,876.3603515625,917.5383040036718,872.8139532298892,916.1591156927731,672352
2025-02-21,880.8919067382812,893.1073252522776,867.6913107918455,889.1668560296746,357911
2025-02-24,937.2406616210938,937.2406616210938,900.7913200296454,916.159126487756,509191
2025-02-25,938.6197509765625,975.0690910595505,924.0400269687249,961.4744843512532,670460
2025-02-26,955.5637817382812,957.1399453687837,935.4673647520392,950.6381952344757,265383
2025-02-27,986.1024780273438,987.0875953880104,952.2144167696932,957.1400035730267,497588
2025-02-28,991.5205688476562,997.4312726857944,969.1583939680096,990.0428928881217,450496
2025-03-03,1127.466796875,1181.1556919642858,1060.9713763515726,1132.884942250983,1241404
2025-03-04,1105.3016357421875,1183.1259042124486,1068.852294813078,1182.14078689004,999479
2025-03-05,1184.603515625,1184.603515625,1119.0932172557173,1153.572321660603,737840
2025-03-06,1181.15576171875,1200.3655510044177,1155.5427093378596,1196.4250814073578,544136
2025-03-07,1098.40576171875,1181.6481714633549,1098.40576171875,1179.6779369131866,665722
2025-03-10,1102.3463134765625,1137.3179793643355,1055.0606807268975,1118.108191059784,660313
2025-03-11,1136.8253173828125,1164.9011592765821,1096.4355097461614,1099.8834201541683,474920
2025-03-12,1246.1734619140625,1260.4576636514173,1121.5561157226562,1167.3640730183115,1179803
2025-03-13,1268.8310546875,1317.5943599724621,1233.8593913013149,1300.3548075989906,817755
2025-03-14,1348.6256103515625,1365.3726047825169,1272.7715767525337,1290.503688502956,890924
2025-03-17,1347.6405029296875,1385.5675200077526,1309.7134858516224,1379.164257384183,861219
2025-03-18,1423.987060546875,1423.987060546875,1327.9381235677533,1347.6404696147526,693488
2025-03-19,1359.4619140625,1460.9289989526721,1311.6837236045062,1439.74897637851,844416
2025-03-20,1316.11669921875,1370.2981501596416,1188.0514515402788,1346.6553352036162,856051
2025-03-21,1285.578125,1312.6688517720306,1226.4710847701149,1299.3697677203065,548602
2025-03-24,1299.8623046875,1347.1479360819676,1290.5036901406784,1300.354863347859,294380
2025-03-25,1299.8623046875,1299.8623046875,1268.8311090848806,1297.3995113857047,235374
2025-03-26,1333.3563232421875,1349.1182007241787,1297.8920989077074,1311.1911830331373,362451
2025-03-27,1329.908447265625,1341.2372970015913,1307.250747793692,1315.1316867404514,183442
2025-03-28,1290.5037841796875,1328.4308037910753,1257.5023515308176,1323.0126581323054,341116
2025-03-31,1299.3697509765625,1307.2506895723263,1242.2329461572747,1256.0245886998614,275923
2025-04-01,1333.848876953125,1344.192609012215,1293.9516247252066,1305.2804741232574,241535
2025-04-02,1277.6971435546875,1347.6404721532865,1275.2343502941735,1334.8339471986133,310704
2025-04-03,1332.86376953125,1338.2819149358486,1244.2032083650915,1252.0841471354167,450036
2025-04-04,1257.0096435546875,1382.1195375448483,1236.8147394066693,1332.3711151314378,707845
2025-04-07,1225.4859619140625,1280.65253254685,919.1144714355469,975.0691239091589,1665353
2025-04-08,1295.921875,1309.7135179114405,1248.6362421607753,1262.9204437476244,512625
2025-04-09,1287.0557861328125,1304.7878979968696,1220.0678079797078,1273.7567022347696,480109
2025-04-10,1358.9693603515625,1395.9112603248743,1288.5334710691147,1379.1642656703063,461647
2025-04-11,1340.2520751953125,1378.6716495669532,1322.519963946863,1358.4767450895524,250929
2025-04-14,1418.5689697265625,1418.5689697265625,1351.580990600586,1369.313102722168,324924
2025-04-15,1471.7652587890625,1475.2131693685549,1427.9275385640872,1438.2712703025645,365463
2025-04-16,1462.4066162109375,1477.6759341976465,1430.390304303322,1476.6908169081814,276398
2025-04-17,1442.2117919921875,1471.765312319896,1421.031769090663,1469.7950776313824,235823
2025-04-22,1404.7772216796875,1445.1670295961442,1378.1790554908014,1442.7042364305066,309355
2025-04-23,1362.909912109375,1409.7029882388981,1302.325192489045,1409.210429542798,454306
2025-04-24,1361.9246826171875,1363.4023585838609,1320.5497555503364,1336.8041911837422,186501
2025-04-25,1365.865234375,1392.9559620672558,1340.2521827386856,1366.3577930603137,158314
2025-04-28,1319.564697265625,1367.342888991928,1317.594462555262,1365.372654281565,234243
2025-04-29,1431.8680419921875,1431.8680419921875,1348.625627442246,1356.0140074318858,400782
2025-04-30,1476.69091796875,1476.69091796875,1432.8531955874228,1436.3011063365159,317901
2025-05-02,1552.5447998046875,1554.0224756928264,1482.108915803396,1482.6014744327758,383002
2025-05-05,1602.785888671875,1614.1147379157144,1565.3514303009279,1567.8142236148058,351409
2025-05-06,1620.51806640625,1641.2055310837766,1521.5137711638013,1628.399005331022,473503
2025-05-07,1609.1890869140625,1647.1161024305557,1590.964417120423,1643.175633285985,314284
2025-05-08,1675.6845703125,1686.0283022280094,1610.6668268435847,1625.4435867228835,344774
2025-05-09,1668.788818359375,1718.0446866698642,1648.5939123520743,1716.0744519374446,353815
2025-05-12,1570.2769775390625,1649.5789202566878,1534.8127547088202,1639.2351885978671,544352
2025-05-13,1584.561279296875,1606.2338612953401,1560.9184625712767,1591.9496595236244,220260
2025-05-14,1576.244384765625,1640.1060448267951,1542.5808740357058,1612.3831536374498,279152
2025-05-15,1665.3536376953125,1679.7101345719962,1585.650327448896,1599.016721092705,321564
2025-05-16,1705.9478759765625,1707.9280824489672,1651.9872496035373,1669.3140562370775,292480
2025-05-19,1735.1558837890625,1735.6509353964204,1689.1160843047878,1707.928045384384,216764
2025-05-20,1762.3837890625,1778.2254410990167,1697.036974411868,1755.4530662965237,352016
2025-05-21,1777.2353515625,1786.1462809018105,1758.4233896239555,1762.8788542936106,215705
2025-05-22,1752.4827880859375,1783.6710410942464,1740.601548844677,1778.2254731086687,190652
2025-05-23,1765.84912109375,1771.294688890787,1699.0171526755676,1752.4827274101135,259826
2025-05-26,1823.7701416015625,1823.7701416015625,1783.1759093509304,1784.1660125765557,219757
2025-05-27,1870.3050537109375,1873.2753634839034,1843.5722657542433,1844.5623690118987,266319
2025-05-28,1879.2159423828125,1916.8398653599183,1862.3841873667388,1909.909142706241,319573
2025-05-29,1859.908935546875,1897.532858650831,1798.5225346930522,1883.176361676953,272050
2025-05-30,1866.3446044921875,1903.4734759343398,1848.5227461999543,1856.4435721076136,443079
2025-06-02,1800.997802734375,1924.7607083648295,1727.2351109786239,1900.9982304837822,638679
2025-06-03,1816.8394775390625,1853.9683496958553,1784.661121669842,1824.7603035991783,270238
2025-06-04,1814.8592529296875,1831.691008139619,1772.7798649048584,1831.691008139619,248584
2025-06-05,1863.374267578125,1897.5328288063106,1797.0373515697645,1801.9878676897913,307462
2025-06-06,1770.3045654296875,1879.2159201261447,1765.3540493071214,1879.2159201261447,357408
2025-06-09,1756.938232421875,1768.8194715253196,1728.225237921884,1759.4134905684261,214428
2025-06-10,1654.95751953125,1730.2053636738615,1638.6208165266041,1719.8092799436324,498337
2025-06-11,1702.9775390625,1715.3538293173146,1657.432790924782,1663.373410247093,351534
2025-06-12,1730.700439453125,1742.5816781679061,1666.8387813611762,1739.611368489211,248398
2025-06-13,1777.7303466796875,1787.1363273499505,1715.3538432874177,1750.0074562831232,278822
2025-06-16,1742.5816650390625,1810.898787134344,1727.2350651480936,1791.5917743682862,247162
2025-06-17,1711.3934326171875,1739.6113746649687,1673.2744582719392,1724.7598262187682,225872
2025-06-18,1723.769775390625,1740.6015308079948,1707.9281232331007,1709.9083297527911,144941
2025-06-19,1703.9676513671875,1755.4530191016986,1687.6309481437368,1723.769715880461,177229
2025-06-20,1740.1064453125,1740.1064453125,1700.997367309744,1707.9280899937767,1357876
2025-06-23,1722.7796630859375,1756.938225371262,1636.6406799316405,1749.0173993340854,392081
2025-06-24,1669.3140869140625,1720.30440451553,1632.6802665013577,1688.1260487476136,377963
2025-06-25,1720.7994384765625,1720.7994384765625,1674.7596376197384,1676.7398441082041,234549
2025-06-26,1846.0474853515625,1846.0474853515625,1720.304374254942,1721.7895291104142,454813
2025-06-27,1733.6707763671875,1840.6019264800696,1733.6707763671875,1837.1365651338187,365195
2025-06-30,1779.215576171875,1779.215576171875,1742.5817551822481,1762.3838205820464,201352
2025-07-01,1685.6507568359375,1777.2353060326038,1685.6507568359375,1777.2353060326038,261329
2025-07-02,1712.383544921875,1717.8291127143411,1648.0268346472742,1687.6309640470286,264124
2025-07-03,1681.6903076171875,1721.2944361451166,1662.8783465664212,1705.452784733945,194201
2025-07-04,1737.6312255859375,1743.5718451605903,1687.135959201389,1688.126062463831,247399
2025-07-07,1785.1561279296875,1785.1561279296875,1725.7499339885997,1742.5816889385746,238635
2025-07-08,1811.888916015625,1824.2652064255676,1786.1462319629438,1788.1264384285348,257940
2025-07-09,1842.0870361328125,1852.4831199164162,1806.9383719120574,1812.3839396082308,305488
2025-07-10,1827.235595703125,1845.5525063075725,1807.9285818227613,1834.6613702724956,278900
2025-07-11,1821.7899169921875,1852.9781682885211,1777.2352722831395,1819.8097105606741,260801
2025-07-14,1861.39404296875,1861.39404296875,1806.9383661797706,1812.878985465841,221581
2025-07-15,1809.90869140625,1869.8099363898814,1808.91858818338,1869.3148847784464,259473
2025-07-16,1799.017578125,1825.7503654719317,1786.14623606907,1825.255313854396,154497
2025-07-17,1822.780029296875,1832.6810615038107,1802.9779648830033,1802.9779648830033,181547
2025-07-18,1817.33447265625,1846.0474662313147,1816.3443694295236,1822.780040403245,207207
2025-07-21,1797.037353515625,1822.2849857551007,1775.7501341764594,1820.7998309174845,202040
2025-07-22,1736.64111328125,1794.5621538325345,1707.433067191286,1783.175966373735,264315
2025-07-23,1759.4134521484375,1765.3540715704357,1737.1361293159448,1755.4530392004388,169678
2025-07-24,1728.2252197265625,1793.5720341075153,1717.8291356205018,1762.8788334134313,158024
2025-07-25,1716.8389892578125,1748.0272407927728,1702.9775441311635,1733.1756924427916,134945
2025-07-28,1660.4031982421875,1698.522174468976,1642.5813392270657,1693.0766064365775,296288
2025-07-29,1717.8291015625,1723.2746693196145,1662.8783723770714,1672.7794046627341,221191
2025-07-30,1715.3538818359375,1738.1262566020134,1694.5617135712594,1729.7103789710723,141906
2025-07-31,1718.32421875,1740.6015422428695,1709.908340986027,1719.3143220163497,161922
2025-08-01,1690.601318359375,1707.4330737983848,1667.3338917230967,1703.967712384471,149293
2025-08-04,1747.5322265625,1747.5322265625,1686.1458254027975,1690.6012900030985,167905
2025-08-05,1751.49267578125,1767.3343280212162,1733.6708170112881,1758.423398636235,130408
2025-08-06,1765.84912109375,1773.2748953624368,1719.809320627891,1769.3144824191372,223398
2025-08-07,1624.7593994140625,1714.8587932877247,1624.7593994140625,1690.106212553202,651875
2025-08-08,1604.4622802734375,1689.6111578442585,1544.5610350055924,1643.5713577623612,532717
2025-08-11,1530.20458984375,1562.877997456072,1510.4025246241608,1556.4423262597056,456198
2025-08-12,1547.5313720703125,1557.4324045211783,1526.7392039234944,1529.7095136587543,244526
2025-08-13,1581.19482421875,1599.016681974503,1555.9471923981,1584.1651338447089,231464
2025-08-14,1624.7593994140625,1639.6109478547762,1570.7987734128033,1584.1651670094454,222315
2025-08-15,1604.9573974609375,1630.7000824294657,1548.026459549769,1620.3039981152524,299004
2025-08-18,1631.690185546875,1659.9081286828496,1608.9178103845097,1623.7693594034436,222319
2025-08-19,1552.48193359375,1619.3139045871033,1529.709558292311,1613.3732849432497,310427
2025-08-20,1542.0858154296875,1553.472002830934,1466.3429166300912,1485.154878423455,347595
2025-08-21,1592.5810546875,1600.9969321912886,1555.4521833472568,1564.3631124689152,211643
2025-08-22,1606.4425048828125,1619.8088986060284,1596.541472495245,1603.9672467859207,120002
2025-08-25,1633.67041015625,1638.1258749112217,1605.4524667080966,1610.4029831025096,122242
2025-08-26,1619.3138427734375,1638.1258042608697,1602.977139376457,1633.6703396980568,256800
2025-08-27,1619.3138427734375,1629.2148751352438,1600.9969329040955,1623.7693073362502,107087
2025-08-28,1621.2940673828125,1635.6505644680344,1602.4821056849357,1632.6802547262644,213768
2025-08-29,1672.7794189453125,1704.462722529953,1627.2346700423918,1630.700031371962,294030
2025-09-01,1731.195556640625,1734.16586643183,1681.1953418220082,1682.6804967176106,173814
2025-09-02,1731.6905517578125,1757.4332357747953,1704.4627128936959,1750.5025131548384,244376
2025-09-03,1736.64111328125,1764.3640044852837,1732.185648623459,1742.5817328249716,170124
2025-09-04,1707.9281005859375,1742.5817142210146,1686.640880781533,1738.6213012341486,142170
2025-09-05,1727.235107421875,1744.0668625529565,1707.9280941832815,1712.8786103983055,153630
2025-09-08,1773.27490234375,1773.27490234375,1738.6212889534477,1742.5817019123394,176892
2025-09-09,1761.3936767578125,1776.2452254657198,1706.9379981621523,1775.2551222185261,222457
2025-09-10,1819.314697265625,1819.314697265625,1762.3837611607144,1770.3045870535714,317433
2025-09-11,1861.88916015625,1861.88916015625,1798.0275005816272,1830.700907805853,275105
2025-09-12,1877.7308349609375,1878.2258865915626,1853.4733050603086,1859.9089762584344,231278
2025-09-15,1930.7012939453125,1930.7012939453125,1886.1466487004207,1886.1466487004207,250793
2025-09-16,1882.186279296875,1963.3747458420323,1882.186279296875,1947.533093833221,302885
2025-09-17,1869.8099365234375,1933.67159440311,1867.3346784660857,1897.532826765776,206992
2025-09-18,1900.503173828125,1906.938844903865,1867.8297668282146,1899.0180189644927,182035
2025-09-19,1908.9190673828125,1919.810203140702,1887.1367958670335,1919.3151515153434,385437
2025-09-22,1920.80029296875,1933.671635138128,1890.1070924110018,1919.8101897249517,150263
2025-09-23,1893.077392578125,1924.265644600202,1885.1565666677564,1921.7903865032117,173728
2025-09-24,1958.9193115234375,1958.9193115234375,1913.8696129263608,1920.8003357874495,332523
2025-09-25,1958.9193115234375,1958.9193115234375,1924.7607488509288,1951.493537029414,182172
2025-09-26,1941.097412109375,1964.3648383703137,1935.6518442610702,1959.414322144582,179458
2025-09-29,1968.8203125,1981.196603124214,1946.5429893764142,1959.414331625597,274120
2025-09-30,1964.85986328125,1966.3450181287792,1933.671611483135,1960.4043987386622,241712
2025-10-01,1931.69140625,1949.0182128155434,1899.5130511997054,1943.5726450378013,273662
2025-10-02,1966.3450927734375,1966.3450927734375,1939.1172528684679,1953.9688019075422,209433
2025-10-03,1943.07763671875,1988.1273347929937,1943.07763671875,1973.7708376044984,218385
2025-10-06,1870.3050537109375,1952.4836240963307,1846.0475238983818,1949.018262694537,361369
2025-10-07,1865.849609375,1874.7605387909591,1818.8197041241046,1872.2852806198593,290792
2025-10-08,1914.3646240234375,1921.2953467377713,1868.8198747578167,1882.1862685640315,177448
2025-10-09,1885.1566162109375,1910.899301096171,1877.7308417248125,1891.0972357998376,142904
2025-10-10,1863.374267578125,1896.5427255823051,1834.1662224699662,1888.1268481782595,225157
2025-10-13,1860.8990478515625,1881.1961643617817,1829.710795652933,1881.1961643617817,129585
2025-10-14,1820.3048095703125,1844.5623389880293,1774.2650088387272,1836.6415130557136,220876
2025-10-15,1727.7301025390625,1813.8690818633595,1715.353812406261,1811.8888754421114,264985
2025-10-16,1756.938232421875,1761.3936970856669,1661.393267965008,1689.1161592063786,304998
2025-10-17,1645.0565185546875,1702.4825059613513,1624.2643507005507,1698.027041421179,390786
2025-10-20,1742.086669921875,1744.0668764236332,1687.1359394980818,1702.9775915121484,274797
2025-10-21,1762.8787841796875,1769.8095067235,1735.1558940044383,1762.3837325694153,161522
2025-10-22,1733.17578125,1821.7900242787775,1733.17578125,1792.0869260568409,213126
2025-10-23,1748.5223388671875,1782.680900979825,1742.0866677445167,1774.265023357871,131115
2025-10-24,1746.5421142578125,1775.7501598193803,1733.1757205262477,1770.304592002817,121037
2025-10-27,1714.36376953125,1757.4332607091935,1700.9973757174052,1755.9481058409885,132752
2025-10-28,1727.7301025390625,1736.1459798293674,1669.3140131122402,1694.561644983155,145447
2025-10-29,1713.8687744140625,1735.1559948934978,1706.442999828213,1725.254962112365,85869
2025-10-30,1688.1259765625,1717.3340213182735,1682.1853572901393,1712.383505257973,96520
2025-10-31,1684.66064453125,1708.4231220327192,1683.1754896874081,1691.0963155212314,96868
2025-11-03,1755.9481201171875,1756.9382233707072,1679.7101695961705,1698.027079786285,176493
2025-11-04,1711.8885498046875,1737.6312347641565,1701.4924654941328,1728.7203053551095,137118
2025-11-05,1690.106201171875,1723.274659132776,1676.7398076652432,1700.997336621723,142943
2025-11-06,1691.0963134765625,1763.8689007368246,1651.4921843553316,1712.8785844932395,311512
2025-11-07,1731.6905517578125,1737.1361195306358,1669.3140481782,1680.7002353395578,180144
2025-11-10,1769.314453125,1783.6709498067642,1748.027233907212,1752.482698394656,159510
2025-11-11,1714.36376953125,1761.3936736910734,1690.1062400172357,1760.8986220683385,210195
2025-11-12,1727.7301025390625,1753.472786015289,1696.046799799091,1717.8290704328215,142119
2025-11-13,1733.17578125,1762.3838278349044,1719.8093870501286,1727.730213242645,124480
2025-11-14,1709.9083251953125,1712.3835833383282,1649.5120265057271,1709.4132735667092,230786
2025-11-17,1705.9478759765625,1739.6113860074406,1695.5517919964384,1704.9577727403603,154164
2025-11-18,1699.0172119140625,1786.6413513397003,1686.1458693995621,1688.1260759402544,376421
2025-11-19,1580.204833984375,1715.848983267495,1565.3532847927925,1712.8786734291784,675116
2025-11-20,1620.799072265625,1673.2745461996983,1601.492058271013,1613.8683492932003,277529
2025-11-21,1504.4619140625,1578.2246074469397,1497.0361395607108,1574.264194379319,507649
2025-11-24,1428.718994140625,1478.2241567927604,1416.8377551041126,1436.1447685384453,551855
2025-11-25,1453.4715576171875,1471.2934159530932,1422.283305529353,1437.6299057630492,373828
2025-11-26,1480.699462890625,1499.5114253078245,1457.9270873329624,1495.0559605248036,191758
2025-11-27,1499.016357421875,1519.8085261840013,1475.748930473781,1500.006460696262,161403
2025-11-28,1465.847900390625,1507.927289628451,1459.412229095428,1505.947083076083,162319
2025-12-01,1433.6695556640625,1453.9666729921794,1396.0456308607238,1426.2437810318245,272918
2025-12-02,1475.2537841796875,1497.0360548185822,1416.3426431335859,1430.6991396910391,222535
2025-12-03,1503.966796875,1524.7589645737328,1487.6300936831387,1524.7589645737328,215169
2025-12-04,1524.759033203125,1524.759033203125,1495.5509867878704,1517.828310324929,240612
2025-12-05,1514.3629150390625,1544.561064047687,1497.5311598539274,1523.7688958778144,181006
2025-12-08,1569.3135986328125,1578.7195791924414,1528.2243151354864,1534.1649344363047,208128
2025-12-09,1625.2545166015625,1645.0565819881183,1594.5613152524013,1613.868329004293,281680
2025-12-10,1594.0662841796875,1615.8485563858694,1552.9769979725713,1612.878246539572,227522
2025-12-11,1586.6405029296875,1625.7495824090777,1579.214728344993,1601.9871037380558,202894
2025-12-12,1600.0068359375,1619.3138491186764,1579.709719516263,1584.1651840965346,150736
2025-12-15,1557.927490234375,1590.6008980371932,1543.57099286647,1590.6008980371932,158228
2025-12-16,1487.1351318359375,1511.8877139237527,1460.8973948228534,1491.5905966117443,274479
2025-12-17,1511.8876953125,1533.1749156459766,1500.5015076922684,1506.9371789558775,163972
2025-12-18,1534.6600341796875,1534.6600341796875,1497.5311623850175,1523.273846829322,159855
2025-12-19,1544.0660400390625,1549.5116079904667,1520.3035617056623,1540.1056269834958,321244
2025-12-22,1529.70947265625,1546.5412273715615,1523.2738017356899,1534.6599887489888,107780
2025-12-23,1525.7491455078125,1540.6006946204777,1507.927286572614,1532.6798684270564,79668
2025-12-29,1510.8975830078125,1519.8085123964563,1474.2637621878328,1519.8085123964563,152633
2025-12-30,1545.5511474609375,1545.5511474609375,1520.798566623959,1520.798566623959,98439
2026-01-02,1586.1453857421875,1586.1453857421875,1543.5709465493571,1555.9472370123892,152514
2026-01-05,1734.660888671875,1734.660888671875,1663.3734548908392,1666.3437646317157,385736
2026-01-06,1723.274658203125,1775.2550773675398,1709.4132130926143,1744.0668258688909,331519
2026-01-07,1806.9384765625,1806.9384765625,1707.9281490796234,1730.2054727632706,353921
2026-01-08,1832.68115234375,1880.7011609275814,1802.4830026157736,1835.1564105181742,301361
2026-01-09,1881.1961669921875,1881.1961669921875,1816.839456016139,1828.7206949655633,242033
2026-01-12,1871.295166015625,1916.344864456742,1854.9584621853298,1893.077437789352,228271
2026-01-13,1885.1566162109375,1886.1467194757543,1860.899086222929,1869.8100156062792,171188
2026-01-14,1880.2060546875,1888.6219322361276,1834.6613056008096,1885.156570892575,186138
2026-01-15,1894.5625,1900.9981708910373,1853.9682682257644,1867.334661614842,219265
2026-01-16,1883.1763916015625,1915.849799026826,1881.691236718596,1895.5526822929503,196525
2026-01-19,1900.998291015625,1946.5430417378743,1899.513136100769,1917.8300467173258,287594
2026-01-20,1890.1070556640625,1909.414068542768,1852.9781847434745,1903.9685008077486,203121
2026-01-21,1835.1563720703125,1898.0279283834848,1818.3246168368648,1885.6516377706555,247607
2026-01-22,1772.7799072265625,1803.9681602718777,1741.5916541812473,1779.2155784898814,348717
2026-01-23,1811.888916015625,1825.7503612747607,1732.680657391991,1732.680657391991,260828
2026-01-26,1773.27490234375,1841.09697426477,1759.9085086074906,1837.6316129257398,171471
2026-01-27,1831.6910400390625,1831.6910400390625,1771.2947408810178,1790.6017545462944,124829
2026-01-28,1826.740478515625,1842.087078741637,1800.5027426453464,1832.6810979579523,138481
2026-01-29,1777.7303466796875,1823.275095188329,1766.3441595525271,1814.3641661322904,145137
2026-01-30,1763.868896484375,1784.1660126100724,1742.581677133034,1745.0569351971433,189865
2026-02-02,1711.8885498046875,1751.4926805115629,1704.9578269309843,1727.7302020874376,158761
2026-02-03,1743.0767822265625,1766.3442087430772,1718.819252454026,1736.6411110624201,131265
2026-02-04,1662.87841796875,1750.5025560992856,1651.4922305280588,1741.096575170019,193102
2026-02-05,1555.4521484375,1602.4820510796267,1505.4519361548178,1579.214625561943,521791
2026-02-06,1588.62060546875,1623.2742179283362,1546.0461673041152,1560.4026638945154,358729
2026-02-09,1632.6802978515625,1639.611020765426,1606.442561106222,1613.8683356567901,155510
2026-02-10,1612.878173828125,1637.135703145982,1605.94745116588,1633.6703418148595,105754
2026-02-11,1576.244384765625,1600.0068629279208,1551.9868549749478,1584.6602624481047,136919
2026-02-12,1563.8680419921875,1593.5711387061892,1557.4323710374872,1574.264125842088,125987
2026-02-13,1593.076171875,1618.8188570637817,1539.610594944453,1547.531421156386,186600
2026-02-16,1603.96728515625,1613.8683177806713,1590.6008911132812,1603.96728515625,76805
2026-02-17,1595.5513916015625,1609.9078887645924,1555.4522098703412,1606.9375790067243,109060
2026-02-18,1677.23486328125,1682.1853794066374,1602.4820697879004,1602.977121400439,225262
2026-02-19,1726.2449951171875,1731.1955113062245,1677.7299364646253,1693.0765366506398,182098
2026-02-20,1722.7796630859375,1747.0371928247912,1706.938011011584,1732.6806956324083,187149
2026-02-23,1684.66064453125,1708.9181736473333,1666.838786405148,1707.9280704181053,145344
2026-02-24,1707.43310546875,1713.3737251456491,1684.6607300406367,1694.5617628354687,136216
2026-02-25,1665.3536376953125,1714.363747722612,1638.6208504076944,1712.8785928733,189437
2026-02-26,1657.432861328125,1677.2349265769676,1628.2248150860821,1667.3338939525463,121020
2026-02-27,1647.0367431640625,1677.234892046842,1641.0961237117124,1673.2744790786087,267841
2026-03-02,1611.39306640625,1745.552059031778,1606.9376017065092,1728.720303499424,348276
2026-03-03,1564.3631591796875,1622.7792518326,1559.4126428531695,1603.9672897918315,250898
2026-03-04,1622.2841796875,1633.17531546813,1544.561074343912,1552.9769519925808,217832
2026-03-05,1531.689697265625,1641.0961042131696,1531.1946456504777,1633.6703299859607,275080
2026-03-06,1576.7393798828125,1588.1255669274922,1532.6797865360088,1536.6401994211146,206499
2026-03-09,1608.917724609375,1625.2544276592548,1537.6302931189903,1565.8482347506008,211238
2026-03-10,1636.640625,1649.0169152676951,1580.2047413793105,1600.5018574183305,199281
2026-03-11,1505.4520263671875,1606.4425601978044,1494.0658387294218,1603.9673020156815,851766
2026-03-12,1535.155029296875,1572.283899724887,1519.8084295199633,1520.798532731377,317211
2026-03-13,1576.7393798828125,1604.4622700785544,1535.6500961998381,1535.6500961998381,212609
2026-03-16,1608.4227294921875,1636.6406721148574,1588.1256128688635,1603.9672648675553,181425
2026-03-17,1618.81884765625,1621.2941058330944,1565.8483226717794,1608.4227633135035,226243
2026-03-18,1589.6107177734375,1639.6109303225242,1586.6404081170563,1619.8088659466482,226675
2026-03-19,1534.6600341796875,1623.7693264868951,1533.1748793079007,1591.5909709315144,239046
2026-03-20,1488.1251220703125,1562.3828626925836,1485.1548124454216,1556.4422434428018,435404
2026-03-23,1468.3231201171875,1512.8777663783294,1412.877338103322,1447.035900236864,329505
2026-03-24,1456.9368896484375,1477.2340056781984,1423.7684317461456,1477.2340056781984,188005
2026-03-25,1471.7884521484375,1485.15484576028,1460.8973166128621,1478.7191747619854,150973
2026-03-26,1421.7882080078125,1460.402233155657,1419.312949985515,1459.9071815511975,163959
2026-03-27,1365.847412109375,1421.7882448634016,1351.4909152078992,1410.8971092829718,257243
2026-03-30,1395.550537109375,1405.9466212808177,1323.2729995364878,1331.6888771990843,201165
2026-03-31,1430.2041015625,1442.0853402047637,1381.193992163162,1395.5504888558974,193336
2026-04-01,1565.8482666015625,1577.7295054249698,1442.580413808711,1473.2736141025134,427325
2026-04-02,1554.9571533203125,1575.7493215595528,1518.3233330892706,1527.7293139594028,218771
2026-04-07,1515.8480224609375,1568.3234928661823,1488.3231047336803,1564.363080005409,204330
2026-04-08,1562.3829345703125,1576.2443801241684,1537.6303532241416,1575.2542768703215,232737
2026-04-09,1534.8580322265625,1546.7392714001255,1504.5608965064198,1537.0363319257112,197285
2026-04-10,1449.313232421875,1534.4621146671413,1418.8180029937996,1532.0858426180857,464307
2026-04-13,1480.6004638671875,1491.293506736178,1433.6695443881167,1436.2437887346023,233902
2026-04-14,1471.887451171875,1487.7291029985324,1459.0161090627157,1483.1746522708108,189515
2026-04-15,1500.204345703125,1514.2638838985667,1458.2240660018974,1468.7191359272042,163558
2026-04-16,1482.382568359375,1516.4421450395837,1471.689525554499,1504.9569712733617,190721
2026-04-17,1480.40234375,1517.6303229590114,1469.5112079066053,1470.3033388582833,244617
2026-04-20,1461.1944580078125,1475.25387613346,1443.9666368926028,1474.8578106519876,158639
2026-04-21,1416.8377685546875,1478.818208611122,1409.3130079325704,1464.9567629369321,220661
2026-04-22,1408.718994140625,1425.9466945107658,1400.0060369378507,1423.1744778460406,170797
2026-04-23,1393.0753173828125,1407.1347356383776,1382.7782190804605,1396.0456272279785,178982
2026-04-24,1306.1441650390625,1378.6197957884292,1296.8372911361946,1376.2435238050998,365584
2026-04-27,1332.48095703125,1351.8869559010527,1307.9263489186283,1308.124321217033,212894
2026-04-28,1329.9066162109375,1342.382013655176,1302.9758565779198,1341.1938172564712,171493
2026-04-29,1324.7581787109375,1369.7088914584751,1322.5799998561497,1350.500863797996,178269
2026-04-30,1342.382080078125,1345.550362240353,1307.9264374683637,1308.9165407518371,217428
2026-05-04,1374.4613037109375,1392.2831624755281,1369.3128150793862,1379.213847726381,255045
2026-05-05,1421.1942138671875,1435.649696988561,1375.8474371622501,1376.2435026304136,344493
2026-05-06,1427.332763671875,1441.788246368556,1384.7583256326786,1432.6793451794715,297188
2026-05-07,1328.322509765625,1416.0456344504516,1313.272988554862,1407.926836061369,498328
2026-05-08,1206.341796875,1310.5006080904482,1199.4110742806813,1305.7481851145274,646744
2026-05-11,1173.8663330078125,1221.1933144441396,1143.7671714717749,1211.490254712308,451797
2026-05-12,1150.5,1165.3515490533562,1111.8859724612737,1154.8564785614276,311857
2026-05-13,1121.5999755859375,1170.5999755859375,1099.199951171875,1165.5999755859375,373107
2026-05-14,1143.199951171875,1166.800048828125,1124.0,1137.0,230907
2026-05-15,1120.0,1179.199951171875,1120.0,1140.0,218324
2026-05-18,1172.0,1179.800048828125,1123.5999755859375,1134.4000244140625,303127
2026-05-19,1207.0,1235.0,1185.0,1198.0,330910
2026-05-20,1233.5999755859375,1240.199951171875,1200.5999755859375,1206.5999755859375,227591
2026-05-21,1209.4000244140625,1237.800048828125,1206.0,1229.0,181237
2026-05-22,1227.199951171875,1248.0,1211.5999755859375,1222.800048828125,169100
2026-05-25,1243.5999755859375,1245.5999755859375,1218.0,1230.0,99965
2026-05-26,1237.199951171875,1249.5999755859375,1229.199951171875,1243.5999755859375,148392
2026-05-27,1232.800048828125,1256.800048828125,1226.5999755859375,1233.0,191647
2026-05-28,1284.0,1298.199951171875,1217.4000244140625,1226.0,290075
2026-05-29,1293.4000244140625,1304.800048828125,1281.4000244140625,1286.0,451405
2026-06-01,1207.0,1298.800048828125,1207.0,1296.0,300167
2026-06-02,1190.0,1220.0,1161.800048828125,1215.0,286055
2026-06-03,1200.4000244140625,1200.4000244140625,1158.5999755859375,1180.0,194598
2026-06-04,1190.199951171875,1209.199951171875,1176.800048828125,1194.199951171875,155174
2026-06-05,1209.800048828125,1221.199951171875,1180.800048828125,1187.0,146109
2026-06-08,1199.800048828125,1220.0,1181.800048828125,1196.4000244140625,121555
2026-06-09,1207.199951171875,1230.0,1172.0,1194.0,159435
2026-06-10,1197.199951171875,1216.4000244140625,1187.5999755859375,1211.0,142201
2026-06-11,1220.0,1241.4000244140625,1198.0,1206.800048828125,201678
2026-06-12,1205.5999755859375,1238.0,1177.0,1238.0,184098
2026-06-15,1150.199951171875,1216.4000244140625,1145.4000244140625,1192.800048828125,222583
2026-06-16,1145.5999755859375,1195.0,1134.5999755859375,1157.0,226345
2026-06-17,1170.199951171875,1182.5999755859375,1144.0,1145.0,197680
2026-06-18,1178.5999755859375,1197.800048828125,1148.800048828125,1176.800048828125,251187
2026-06-19,1202.5999755859375,1223.800048828125,1179.4000244140625,1179.4000244140625,438000
2026-06-22,1189.4000244140625,1233.800048828125,1146.0,1200.0,263461
2026-06-23,1166.5999755859375,1216.0,1155.0,1189.4000244140625,193777
2026-06-24,949.0,1080.4000244140625,930.0,1075.0,1511597
2026-06-25,949.0,949.0,949.0,949.0,0
2026-06-26,946.5999755859375,950.5999755859375,928.7999877929688,936.2000122070312,280461
2026-06-29,970.9000244140625,979.4000244140625,945.2000122070312,950.0,325465
2026-06-30,990.5,1007.5999755859375,960.9000244140625,975.4000244140625,330074
2026-07-01,1050.5999755859375,1056.800048828125,998.7999877929688,1006.0,394721
2026-07-02,1115.0,1120.800048828125,1048.800048828125,1061.800048828125,377448
2026-07-03,1093.4000244140625,1121.0,1073.0,1117.199951171875,243940
2026-07-06,1130.0,1133.800048828125,1087.5999755859375,1087.5999755859375,221923
2026-07-07,1111.5999755859375,1146.0,1111.5999755859375,1140.0,205451
2026-07-08,1058.800048828125,1121.0,1053.199951171875,1109.4000244140625,238727
2026-07-09,1013.2000122070312,1079.0,1009.2000122070312,1070.0,263779
2026-07-10,992.0,1006.0,977.2999877929688,1001.7999877929688,234843
2026-07-13,979.2000122070312,1015.2000122070312,942.0,993.0999755859375,282465
2026-07-14,979.9000244140625,989.5,952.4000244140625,958.0,205385
2026-07-15,976.0999755859375,983.2000122070312,936.2000122070312,955.0,184269
2026-07-16,963.9000244140625,977.7999877929688,959.7999877929688,970.0,149035
2026-07-17,984.2000122070312,990.0,937.5999755859375,948.7000122070312,240387
2026-07-20,990.2999877929688,998.0,978.7000122070312,988.7000122070312,156516
2026-07-21,995.4000244140625,1017.5999755859375,985.2999877929688,996.9000244140625,167047
2026-07-22,1007.7999877929688,1023.2000122070312,993.2999877929688,1007.0,129658
2026-07-23,1017.0,1058.800048828125,1011.0,1011.2000122070312,194293
2026-07-24,1037.5999755859375,1038.5999755859375,1022.0,1025.0,115598
2026-07-27,1050.5999755859375,1073.5999755859375,1036.0,1046.0,197179
2026-07-28,1086.800048828125,1100.800048828125,1063.4000244140625,1065.199951171875,235593
2026-07-29,1153.4000244140625,1187.4000244140625,1058.0,1091.4000244140625,440462
2026-07-30,1139.5999755859375,1155.5999755859375,1121.0,1155.5999755859375,238581
2026-07-31,1140.0,1174.5999755859375,1126.800048828125,1149.4000244140625,191769
2026-08-03,1175.0,1191.800048828125,1142.0,1152.5999755859375,208872
2026-08-04,1200.800048828125,1222.0,1190.0,1190.800048828125,168696
2026-08-05,1200.5999755859375,1233.800048828125,1197.0,1206.800048828125,250871
2026-08-06,1159.0,1238.0,1120.5999755859375,1161.199951171875,499459
2026-08-07,1146.4000244140625,1209.0,1129.5999755859375,1159.0,274552
2026-08-10,1142.199951171875,1162.4000244140625,1120.800048828125,1154.5999755859375,153223
2026-08-11,1142.199951171875,1161.199951171875,1128.0,1146.5999755859375,162561
2026-08-12,1168.199951171875,1195.0,1143.0,1143.0,223787
2026-08-13,1164.5999755859375,1198.0,1155.4000244140625,1179.199951171875,144903
2026-08-14,1202.0,1230.800048828125,1174.0,1180.0,265824
2026-08-17,1214.0,1234.0,1202.5999755859375,1210.0,203396
2026-08-18,1213.800048828125,1229.0,1201.4000244140625,1217.0,178350
2026-08-19,1178.800048828125,1220.5999755859375,1171.199951171875,1214.0,150773
2026-08-20,1162.199951171875,1182.5999755859375,1154.4000244140625,1181.199951171875,131802
2026-08-21,1155.4000244140625,1158.0,1137.0,1149.0,117630
2026-08-24,1125.199951171875,1158.0,1114.199951171875,1155.4000244140625,121753
2026-08-25,1118.199951171875,1128.4000244140625,1110.4000244140625,1120.5999755859375,91861
2026-08-26,1138.800048828125,1151.5999755859375,1105.5999755859375,1115.800048828125,119874
2026-08-27,1173.199951171875,1185.4000244140625,1138.5999755859375,1148.0,172180
2026-08-28,1154.5999755859375,1181.4000244140625,1153.0,1174.4000244140625,112003
2026-08-31,1110.800048828125,1157.0,1110.800048828125,1153.5999755859375,172750
2026-09-01,1079.800048828125,1104.199951171875,1070.5999755859375,1104.199951171875,183869
2026-09-02,1090.4000244140625,1100.0,1067.4000244140625,1074.4000244140625,120117
2026-09-03,1070.199951171875,1089.4000244140625,1055.4000244140625,1088.800048828125,136342
2026-09-04,1034.0,1071.5999755859375,1032.0,1067.5999755859375,180576
