Date,Close,High,Low,Open,Volume
2016-04-18,14.770000457763672,14.770000457763672,14.770000457763672,14.770000457763672,0
2016-04-19,14.699999809265137,14.90999984741211,14.699999809265137,14.90999984741211,710
2016-04-20,14.84000015258789,14.84000015258789,14.710000038146973,14.710000038146973,670
2016-04-21,14.829999923706056,14.829999923706056,14.829999923706056,14.829999923706056,0
2016-04-22,14.600000381469728,14.760000228881836,14.600000381469728,14.739999771118164,830
2016-04-25,14.550000190734863,14.600000381469728,14.550000190734863,14.600000381469728,2006
2016-04-26,14.510000228881836,14.619999885559082,14.470000267028809,14.550000190734863,7640
2016-04-27,14.34000015258789,14.380000114440918,14.34000015258789,14.380000114440918,33388
2016-04-28,14.449999809265137,14.449999809265137,14.229999542236328,14.359999656677246,407
2016-04-29,13.8100004196167,14.109999656677246,13.8100004196167,14.109999656677246,20
2016-05-02,13.829999923706056,13.920000076293944,13.760000228881836,13.920000076293944,5989
2016-05-03,13.75,13.789999961853027,13.649999618530272,13.760000228881836,12113
2016-05-04,13.739999771118164,13.800000190734863,13.6899995803833,13.6899995803833,5876
2016-05-05,13.90999984741211,13.90999984741211,13.869999885559082,13.869999885559082,25
2016-05-06,13.789999961853027,13.800000190734863,13.75,13.800000190734863,749
2016-05-09,13.93000030517578,14.010000228881836,13.75,13.75,27142
2016-05-10,14.0600004196167,14.0600004196167,13.949999809265137,14.020000457763672,602
2016-05-11,14.06999969482422,14.09000015258789,14.039999961853027,14.039999961853027,989
2016-05-12,13.890000343322754,14.09000015258789,13.890000343322754,14.06999969482422,11150
2016-05-13,14.149999618530272,14.149999618530272,14.039999961853027,14.039999961853027,108
2016-05-17,14.140000343322754,14.289999961853027,14.119999885559082,14.289999961853027,784
2016-05-18,14.229999542236328,14.229999542236328,14.079999923706056,14.079999923706056,813
2016-05-19,14.130000114440918,14.25,14.130000114440918,14.199999809265137,1204
2016-05-20,14.420000076293944,14.420000076293944,14.229999542236328,14.25,2790
2016-05-23,14.40999984741211,14.479999542236328,14.40999984741211,14.470000267028809,520
2016-05-24,14.68000030517578,14.68000030517578,14.449999809265137,14.449999809265137,2052
2016-05-25,14.8100004196167,14.859999656677246,14.699999809265137,14.699999809265137,3773
2016-05-26,14.800000190734863,14.800000190734863,14.760000228881836,14.760000228881836,431
2016-05-27,14.9399995803833,14.9399995803833,14.779999732971191,14.850000381469728,15051
2016-05-30,15.010000228881836,15.0600004196167,14.9399995803833,15.0600004196167,7561
2016-05-31,14.970000267028809,15.039999961853027,14.970000267028809,15.010000228881836,699
2016-06-01,14.899999618530272,14.9399995803833,14.869999885559082,14.9399995803833,54065
2016-06-02,14.869999885559082,14.890000343322754,14.789999961853027,14.84000015258789,87420
2016-06-03,14.609999656677246,14.960000038146973,14.579999923706056,14.949999809265137,149940
2016-06-06,14.68000030517578,14.68000030517578,14.600000381469728,14.670000076293944,3108
2016-06-07,14.760000228881836,14.760000228881836,14.699999809265137,14.729999542236328,34851
2016-06-08,14.6899995803833,14.729999542236328,14.640000343322754,14.729999542236328,1108
2016-06-09,14.75,14.75,14.710000038146973,14.710000038146973,279
2016-06-10,14.6899995803833,14.710000038146973,14.640000343322754,14.640000343322754,1475
2016-06-13,14.550000190734863,14.6899995803833,14.520000457763672,14.6899995803833,434
2016-06-14,14.510000228881836,14.510000228881836,14.460000038146973,14.460000038146973,1196
2016-06-15,14.550000190734863,14.6899995803833,14.479999542236328,14.520000457763672,3691
2016-06-16,14.529999732971191,14.529999732971191,14.43000030517578,14.4399995803833,105106
2016-06-17,14.359999656677246,14.5,14.359999656677246,14.5,290
2016-06-20,14.579999923706056,14.579999923706056,14.479999542236328,14.539999961853027,1102
2016-06-21,14.609999656677246,14.670000076293944,14.449999809265137,14.460000038146973,3006
2016-06-22,14.619999885559082,14.619999885559082,14.550000190734863,14.609999656677246,926
2016-06-23,14.579999923706056,14.579999923706056,14.579999923706056,14.579999923706056,0
2016-06-24,14.449999809265137,14.550000190734863,14.350000381469728,14.350000381469728,2691
2016-06-27,14.079999923706056,14.380000114440918,14.079999923706056,14.380000114440918,7509
2016-06-28,14.18000030517578,14.229999542236328,14.18000030517578,14.229999542236328,175
2016-06-29,14.4399995803833,14.4399995803833,14.329999923706056,14.399999618530272,1548
2016-06-30,14.579999923706056,14.579999923706056,14.510000228881836,14.539999961853027,4488
2016-07-01,14.619999885559082,14.640000343322754,14.529999732971191,14.579999923706056,5214
2016-07-04,14.609999656677246,14.760000228881836,14.609999656677246,14.760000228881836,5000
2016-07-05,14.520000457763672,14.65999984741211,14.460000038146973,14.65999984741211,4793
2016-07-06,14.539999961853027,14.539999961853027,14.470000267028809,14.479999542236328,382
2016-07-07,14.670000076293944,14.670000076293944,14.600000381469728,14.65999984741211,1347
2016-07-08,14.90999984741211,14.90999984741211,14.609999656677246,14.609999656677246,20073
2016-07-11,15.09000015258789,15.09000015258789,14.979999542236328,14.979999542236328,2298
2016-07-12,15.199999809265137,15.199999809265137,15.029999732971191,15.079999923706056,3686
2016-07-13,15.149999618530272,15.1899995803833,15.149999618530272,15.1899995803833,599
2016-07-14,15.25,15.25,15.220000267028809,15.25,3227
2016-07-15,15.289999961853027,15.300000190734863,15.220000267028809,15.220000267028809,642
2016-07-18,15.399999618530272,15.43000030517578,15.300000190734863,15.43000030517578,2660
2016-07-19,15.5,15.510000228881836,15.350000381469728,15.350000381469728,1407
2016-07-20,15.710000038146973,15.710000038146973,15.550000190734863,15.59000015258789,6608
2016-07-21,15.6899995803833,15.720000267028809,15.619999885559082,15.710000038146973,21054
2016-07-22,15.710000038146973,15.710000038146973,15.56999969482422,15.640000343322754,702
2016-07-25,15.710000038146973,15.75,15.670000076293944,15.68000030517578,6698
2016-07-26,15.720000267028809,15.789999961853027,15.640000343322754,15.729999542236328,2255
2016-07-27,15.880000114440918,15.9399995803833,15.81999969482422,15.899999618530272,31296
2016-07-28,15.729999542236328,15.800000190734863,15.710000038146973,15.739999771118164,3069
2016-07-29,15.729999542236328,15.81999969482422,15.729999542236328,15.770000457763672,6914
2016-08-01,15.75,15.760000228881836,15.710000038146973,15.710000038146973,166
2016-08-02,15.520000457763672,15.6899995803833,15.489999771118164,15.6899995803833,11055
2016-08-03,15.600000381469728,15.630000114440918,15.550000190734863,15.579999923706056,8661
2016-08-04,15.789999961853027,15.789999961853027,15.699999809265137,15.699999809265137,1902
2016-08-05,16.049999237060547,16.049999237060547,15.869999885559082,15.869999885559082,1165
2016-08-08,16.040000915527344,16.104999542236328,16.0049991607666,16.09000015258789,715
2016-08-09,16.075000762939453,16.100000381469727,16.045000076293945,16.084999084472656,3407
2016-08-10,15.91800022125244,16.059999465942383,15.91800022125244,16.049999237060547,912
2016-08-11,16.014999389648438,16.059999465942383,15.93000030517578,15.93000030517578,11945
2016-08-12,15.96500015258789,16.06999969482422,15.949999809265137,16.06999969482422,842
2016-08-15,16.045000076293945,16.065000534057617,16.0,16.045000076293945,2538
2016-08-16,15.84000015258789,15.949999809265137,15.84000015258789,15.949999809265137,436
2016-08-17,15.755000114440918,15.93000030517578,15.755000114440918,15.93000030517578,14247
2016-08-18,15.765000343322754,15.800000190734863,15.725000381469728,15.800000190734863,700
2016-08-19,15.795000076293944,15.795000076293944,15.710000038146973,15.710000038146973,212
2016-08-22,15.755000114440918,15.899999618530272,15.734999656677246,15.864999771118164,5171
2016-08-23,15.864999771118164,15.875,15.8149995803833,15.8149995803833,699
2016-08-24,15.899999618530272,15.899999618530272,15.885000228881836,15.899999618530272,1023
2016-08-25,15.854999542236328,15.880000114440918,15.835000038146973,15.880000114440918,1058
2016-08-26,15.970000267028809,15.970000267028809,15.8149995803833,15.875,5756
2016-08-29,16.040000915527344,16.040000915527344,15.994999885559082,15.994999885559082,1688
2016-08-30,16.042999267578125,16.100000381469727,16.024999618530273,16.079999923706055,43596
2016-08-31,16.024999618530273,16.1200008392334,16.024999618530273,16.040000915527344,333
2016-09-01,15.96500015258789,16.145000457763672,15.96500015258789,16.059999465942383,118
2016-09-02,16.149999618530273,16.149999618530273,15.989999771118164,16.059999465942383,16513
2016-09-05,16.13800048828125,16.174999237060547,16.114999771118164,16.139999389648438,10404
2016-09-06,16.062999725341797,16.174999237060547,16.030000686645508,16.174999237060547,3337
2016-09-07,16.110000610351562,16.149999618530273,16.110000610351562,16.139999389648438,1711
2016-09-08,16.010000228881836,16.100000381469727,15.975000381469728,16.100000381469727,127
2016-09-09,15.90999984741211,15.984999656677246,15.899999618530272,15.96500015258789,1004
2016-09-12,15.770000457763672,15.770000457763672,15.4399995803833,15.520000457763672,11614
2016-09-13,15.734999656677246,15.875,15.734999656677246,15.875,32348
2016-09-14,15.84000015258789,15.84000015258789,15.8149995803833,15.8149995803833,14242
2016-09-15,16.059999465942383,16.059999465942383,15.84000015258789,15.84000015258789,513
2016-09-16,16.110000610351562,16.110000610351562,15.984999656677246,16.110000610351562,92410
2016-09-19,16.19499969482422,16.264999389648438,16.145000457763672,16.200000762939453,162
2016-09-20,16.149999618530273,16.219999313354492,16.149999618530273,16.149999618530273,6313
2016-09-21,16.225000381469727,16.299999237060547,16.190000534057617,16.190000534057617,4593
2016-09-22,16.34000015258789,16.360000610351562,16.334999084472656,16.334999084472656,25820
2016-09-23,16.274999618530273,16.375,16.274999618530273,16.34000015258789,40813
2016-09-26,16.024999618530273,16.18000030517578,16.024999618530273,16.18000030517578,640
2016-09-27,16.239999771118164,16.239999771118164,16.145000457763672,16.184999465942383,3255
2016-09-28,16.280000686645508,16.364999771118164,16.280000686645508,16.364999771118164,2166
2016-09-29,16.2549991607666,16.364999771118164,16.2549991607666,16.364999771118164,958
2016-09-30,16.309999465942383,16.385000228881836,16.190000534057617,16.21500015258789,1997
2016-10-04,16.405000686645508,16.489999771118164,16.405000686645508,16.405000686645508,1453
2016-10-05,16.364999771118164,16.399999618530273,16.229999542236328,16.229999542236328,1417
2016-10-06,16.354999542236328,16.395000457763672,16.34000015258789,16.34000015258789,1054
2016-10-07,16.385000228881836,16.420000076293945,16.325000762939453,16.405000686645508,17304
2016-10-10,16.507999420166016,16.507999420166016,16.405000686645508,16.424999237060547,30813
2016-10-11,16.469999313354492,16.610000610351562,16.469999313354492,16.520000457763672,2867
2016-10-12,16.469999313354492,16.469999313354492,16.43000030517578,16.43000030517578,101
2016-10-13,16.28499984741211,16.315000534057617,16.28499984741211,16.309999465942383,501
2016-10-14,16.49799919128418,16.5049991607666,16.389999389648438,16.415000915527344,12145
2016-10-17,16.437999725341797,16.530000686645508,16.415000915527344,16.440000534057617,23348
2016-10-18,16.600000381469727,16.604999542236328,16.454999923706055,16.510000228881836,12892
2016-10-19,16.594999313354492,16.594999313354492,16.5049991607666,16.559999465942383,2880
2016-10-20,16.584999084472656,16.645000457763672,16.584999084472656,16.645000457763672,1941
2016-10-21,16.770000457763672,16.770000457763672,16.68000030517578,16.770000457763672,7023
2016-10-24,16.899999618530273,16.90999984741211,16.799999237060547,16.799999237060547,16837
2016-10-25,16.8700008392334,17.010000228881836,16.8700008392334,16.969999313354492,4516
2016-10-26,16.78499984741211,16.81999969482422,16.71500015258789,16.81999969482422,2234
2016-10-27,16.729999542236328,16.815000534057617,16.729999542236328,16.815000534057617,803
2016-10-28,16.780000686645508,16.780000686645508,16.575000762939453,16.65999984741211,4460
2016-10-31,16.648000717163086,16.709999084472656,16.635000228881836,16.709999084472656,1937
2016-11-01,16.378000259399414,16.670000076293945,16.378000259399414,16.670000076293945,871
2016-11-02,16.19499969482422,16.299999237060547,16.19499969482422,16.2450008392334,60993
2016-11-03,16.059999465942383,16.200000762939453,16.059999465942383,16.079999923706055,10075
2016-11-04,16.045000076293945,16.079999923706055,16.024999618530273,16.079999923706055,2851
2016-11-07,16.375,16.375,16.290000915527344,16.34000015258789,3290
2016-11-08,16.437999725341797,16.437999725341797,16.344999313354492,16.344999313354492,1282
2016-11-09,16.540000915527344,16.540000915527344,15.770000457763672,15.800000190734863,26480
2016-11-10,16.363000869750977,16.815000534057617,16.309999465942383,16.69499969482422,4723
2016-11-11,16.459999084472656,16.459999084472656,16.274999618530273,16.43000030517578,207255
2016-11-14,16.459999084472656,16.75,16.459999084472656,16.739999771118164,835
2016-11-15,16.648000717163086,16.648000717163086,16.364999771118164,16.420000076293945,2951
2016-11-16,16.850000381469727,16.850000381469727,16.649999618530273,16.709999084472656,4941
2016-11-17,17.0,17.0,16.81999969482422,16.854999542236328,8248
2016-11-18,17.110000610351562,17.110000610351562,17.065000534057617,17.079999923706055,3280
2016-11-21,17.21299934387207,17.21299934387207,17.045000076293945,17.139999389648438,11867
2016-11-22,17.235000610351562,17.329999923706055,17.229999542236328,17.329999923706055,2201
2016-11-23,17.229999542236328,17.325000762939453,17.204999923706055,17.325000762939453,1080
2016-11-24,17.260000228881836,17.280000686645508,17.260000228881836,17.280000686645508,619
2016-11-25,17.238000869750977,17.274999618530273,17.19499969482422,17.274999618530273,2947
2016-11-28,17.308000564575195,17.308000564575195,17.145000457763672,17.170000076293945,3251
2016-11-29,17.290000915527344,17.325000762939453,17.25,17.290000915527344,11675
2016-11-30,17.22800064086914,17.31999969482422,17.19499969482422,17.290000915527344,7695
2016-12-01,16.75,17.059999465942383,16.700000762939453,17.030000686645508,5824
2016-12-02,16.667999267578125,16.667999267578125,16.53499984741211,16.559999465942383,996
2016-12-05,16.729999542236328,16.809999465942383,16.709999084472656,16.809999465942383,5742
2016-12-06,16.700000762939453,16.795000076293945,16.645000457763672,16.71500015258789,6193
2016-12-07,16.792999267578125,16.81999969482422,16.704999923706055,16.81999969482422,3785
2016-12-08,17.315000534057617,17.31999969482422,16.940000534057617,17.020000457763672,15262
2016-12-09,17.489999771118164,17.520000457763672,17.270000457763672,17.334999084472656,3798
2016-12-12,17.363000869750977,17.540000915527344,17.344999313354492,17.540000915527344,1050
2016-12-13,17.507999420166016,17.524999618530273,17.350000381469727,17.350000381469727,10223
2016-12-14,17.469999313354492,17.540000915527344,17.469999313354492,17.520000457763672,5946
2016-12-15,17.959999084472656,17.959999084472656,17.645000457763672,17.719999313354492,49781
2016-12-16,17.729999542236328,17.889999389648438,17.69499969482422,17.8700008392334,4022
2016-12-19,17.81800079345703,17.860000610351562,17.65999984741211,17.739999771118164,6862
2016-12-20,17.933000564575195,18.0049991607666,17.889999389648438,17.889999389648438,1986
2016-12-21,17.84000015258789,17.959999084472656,17.829999923706055,17.94499969482422,2455
2016-12-22,17.735000610351562,17.84000015258789,17.735000610351562,17.78499984741211,15936
2016-12-23,17.71500015258789,17.80500030517578,17.700000762939453,17.704999923706055,11360
2016-12-27,17.87299919128418,17.94499969482422,17.78499984741211,17.860000610351562,4853
2016-12-28,17.895000457763672,17.985000610351562,17.844999313354492,17.860000610351562,4364
2016-12-29,17.60300064086914,17.735000610351562,17.60300064086914,17.690000534057617,4042
2016-12-30,17.577999114990234,17.635000228881836,17.559999465942383,17.635000228881836,9230
2017-01-02,17.663000106811523,17.7450008392334,17.0,17.399999618530273,17102
2017-01-03,17.70800018310547,17.93000030517578,17.665000915527344,17.709999084472656,7625
2017-01-04,17.700000762939453,17.844999313354492,17.700000762939453,17.844999313354492,1628
2017-01-05,17.542999267578125,17.725000381469727,17.542999267578125,17.575000762939453,46154
2017-01-06,17.75,17.760000228881836,17.579999923706055,17.604999542236328,1340
2017-01-09,17.83799934387207,17.924999237060547,17.825000762939453,17.885000228881836,1715
2017-01-10,17.84000015258789,17.850000381469727,17.7450008392334,17.815000534057617,3728
2017-01-11,17.905000686645508,18.065000534057617,17.815000534057617,17.815000534057617,2047
2017-01-12,17.639999389648438,17.81999969482422,17.639999389648438,17.81999969482422,2758
2017-01-13,17.85300064086914,17.875,17.719999313354492,17.7549991607666,4729
2017-01-16,17.844999313354492,17.899999618530273,17.844999313354492,17.850000381469727,31887
2017-01-17,17.639999389648438,17.735000610351562,17.614999771118164,17.709999084472656,9190
2017-01-18,17.709999084472656,17.7549991607666,17.649999618530273,17.649999618530273,7248
2017-01-19,17.799999237060547,17.875,17.69499969482422,17.770000457763672,19412
2017-01-20,17.783000946044922,17.854999542236328,17.7549991607666,17.7549991607666,6722
2017-01-23,17.628000259399414,17.690000534057617,17.625,17.649999618530273,7829
2017-01-24,17.76799964904785,17.76799964904785,17.65999984741211,17.65999984741211,700
2017-01-25,17.979999542236328,18.049999237060547,17.94499969482422,17.985000610351562,3225
2017-01-26,18.132999420166016,18.20499992370605,18.075000762939453,18.145000457763672,29611
2017-01-27,18.163000106811523,18.18000030517578,18.09499931335449,18.18000030517578,7826
2017-01-30,17.95800018310547,18.14999961853028,17.950000762939453,18.14999961853028,3227
2017-01-31,17.670000076293945,18.010000228881836,17.670000076293945,17.899999618530273,12619
2017-02-01,17.875,18.010000228881836,17.844999313354492,17.844999313354492,19323
2017-02-02,17.90999984741211,17.90999984741211,17.825000762939453,17.834999084472656,2172
2017-02-03,18.05299949645996,18.065000534057617,17.979999542236328,17.989999771118164,7484
2017-02-06,18.14800071716309,18.14800071716309,18.1200008392334,18.1299991607666,1345
2017-02-07,18.308000564575195,18.34000015258789,18.190000534057617,18.190000534057617,8202
2017-02-08,18.334999084472656,18.40999984741211,18.290000915527344,18.395000457763672,2895
2017-02-09,18.46299934387207,18.46299934387207,18.3799991607666,18.3799991607666,1504
2017-02-10,18.507999420166016,18.53499984741211,18.4950008392334,18.5,8442
2017-02-13,18.69499969482422,18.69499969482422,18.53499984741211,18.559999465942383,5809
2017-02-14,18.739999771118164,18.7549991607666,18.665000915527344,18.70499992370605,1355
2017-02-15,18.80299949645996,18.8799991607666,18.770000457763672,18.770000457763672,19682
2017-02-16,18.70800018310547,18.82999992370605,18.70800018310547,18.82999992370605,73385
2017-02-17,18.815000534057617,18.815000534057617,18.709999084472656,18.76000022888184,1620
2017-02-20,18.913000106811523,18.950000762939453,18.905000686645508,18.950000762939453,22576
2017-02-21,19.07299995422364,19.1200008392334,18.96500015258789,18.989999771118164,1097
2017-02-22,19.12299919128418,19.20499992370605,19.104999542236328,19.18000030517578,5279
2017-02-23,19.01499938964844,19.13500022888184,19.01499938964844,19.1299991607666,47843
2017-02-24,18.982999801635746,19.03499984741211,18.90999984741211,18.934999465942383,1445
2017-02-27,18.97800064086914,19.1299991607666,18.96500015258789,19.1299991607666,34581
2017-02-28,18.96299934387207,19.059999465942383,18.94499969482422,19.059999465942383,6630
2017-03-01,19.19499969482422,19.200000762939453,19.1200008392334,19.1200008392334,12664
2017-03-02,19.232999801635746,19.34000015258789,19.21500015258789,19.299999237060547,20932
2017-03-03,19.145000457763672,19.200000762939453,19.104999542236328,19.200000762939453,7113
2017-03-06,19.05299949645996,19.100000381469727,18.96500015258789,19.05500030517578,12465
2017-03-07,19.174999237060547,19.200000762939453,19.075000762939453,19.09499931335449,7410
2017-03-08,19.209999084472656,19.270000457763672,19.09499931335449,19.09499931335449,4796
2017-03-09,19.165000915527344,19.19499969482422,19.084999084472656,19.170000076293945,63937
2017-03-10,19.09000015258789,19.184999465942383,19.09000015258789,19.15999984741211,31273
2017-03-13,19.1200008392334,19.14999961853028,19.03499984741211,19.09000015258789,2136
2017-03-14,19.07999992370605,19.170000076293945,19.07999992370605,19.155000686645508,2547
2017-03-15,19.18000030517578,19.190000534057617,19.13500022888184,19.14999961853028,9303
2017-03-16,19.14999961853028,19.209999084472656,19.1200008392334,19.209999084472656,148061
2017-03-17,19.18000030517578,19.18000030517578,19.06999969482422,19.1200008392334,3851
2017-03-20,19.165000915527344,19.18000030517578,19.06999969482422,19.09000015258789,2585
2017-03-21,18.8700008392334,19.114999771118164,18.8700008392334,19.07999992370605,10191
2017-03-22,18.89999961853028,18.89999961853028,18.725000381469727,18.729999542236328,12195
2017-03-23,18.96999931335449,18.96999931335449,18.88500022888184,18.924999237060547,37340
2017-03-24,18.96500015258789,19.0,18.875,18.94499969482422,5453
2017-03-27,18.739999771118164,18.739999771118164,18.59000015258789,18.68000030517578,42139
2017-03-28,18.8799991607666,18.8799991607666,18.795000076293945,18.81999969482422,2848
2017-03-29,19.104999542236328,19.13500022888184,19.0,19.09000015258789,5286
2017-03-30,19.25300025939941,19.25300025939941,19.07999992370605,19.07999992370605,4296
2017-03-31,19.292999267578125,19.309999465942383,19.229999542236328,19.280000686645508,3644
2017-04-03,19.26499938964844,19.375,19.225000381469727,19.36000061035156,8860
2017-04-04,19.280000686645508,19.295000076293945,19.26000022888184,19.26000022888184,260722
2017-04-05,19.38500022888184,19.38500022888184,19.190000534057617,19.190000534057617,2664
2017-04-06,19.27499961853028,19.27499961853028,19.174999237060547,19.174999237060547,3633
2017-04-07,19.295000076293945,19.295000076293945,19.21500015258789,19.23500061035156,2607
2017-04-10,19.299999237060547,19.395000457763672,19.299999237060547,19.395000457763672,34226
2017-04-11,19.09499931335449,19.299999237060547,19.049999237060547,19.299999237060547,10856
2017-04-12,19.15999984741211,19.21500015258789,19.15999984741211,19.209999084472656,1979
2017-04-13,19.14999961853028,19.14999961853028,19.030000686645508,19.030000686645508,10267
2017-04-18,19.02300071716309,19.174999237060547,18.94499969482422,19.174999237060547,29018
2017-04-19,19.12299919128418,19.12299919128418,18.96999931335449,19.06999969482422,5693
2017-04-20,19.03499984741211,19.03499984741211,18.979999542236328,19.020000457763672,3916
2017-04-21,19.23500061035156,19.270000457763672,19.190000534057617,19.200000762939453,17539
2017-04-24,19.145000457763672,19.200000762939453,19.13500022888184,19.19499969482422,30020
2017-04-25,19.165000915527344,19.225000381469727,19.14999961853028,19.19499969482422,14009
2017-04-26,19.295000076293945,19.295000076293945,19.209999084472656,19.21999931335449,6333
2017-04-27,19.334999084472656,19.38999938964844,19.190000534057617,19.209999084472656,14887
2017-04-28,19.31800079345703,19.38500022888184,19.270000457763672,19.34000015258789,10937
2017-05-02,19.59499931335449,19.604999542236328,19.51499938964844,19.549999237060547,15167
2017-05-03,19.5049991607666,19.53499984741211,19.489999771118164,19.530000686645508,9960
2017-05-04,19.530000686645508,19.600000381469727,19.4950008392334,19.600000381469727,36383
2017-05-05,19.450000762939453,19.459999084472656,19.39999961853028,19.424999237060547,229132
2017-05-08,19.700000762939453,19.700000762939453,19.545000076293945,19.549999237060547,23829
2017-05-09,19.815000534057617,19.84000015258789,19.709999084472656,19.76499938964844,12712
2017-05-10,19.8700008392334,19.8799991607666,19.809999465942383,19.815000534057617,13323
2017-05-11,19.815000534057617,19.89999961853028,19.76499938964844,19.89999961853028,5132
2017-05-12,19.825000762939453,19.8799991607666,19.815000534057617,19.864999771118164,8716
2017-05-15,19.84499931335449,19.8799991607666,19.780000686645508,19.8799991607666,7517
2017-05-16,19.74300003051757,19.834999084472656,19.739999771118164,19.834999084472656,8730
2017-05-17,19.364999771118164,19.7450008392334,19.364999771118164,19.665000915527344,10542
2017-05-18,19.31999969482422,19.325000762939453,19.11000061035156,19.26000022888184,89483
2017-05-19,19.32299995422364,19.364999771118164,19.270000457763672,19.334999084472656,6232
2017-05-22,19.363000869750977,19.38500022888184,19.21999931335449,19.3700008392334,7892
2017-05-23,19.434999465942383,19.46500015258789,19.434999465942383,19.434999465942383,1053
2017-05-24,19.5629997253418,19.57999992370605,19.5,19.5,14298
2017-05-25,19.63999938964844,19.674999237060547,19.51000022888184,19.565000534057617,3542
2017-05-26,19.7549991607666,19.780000686645508,19.674999237060547,19.725000381469727,2438
2017-05-29,19.76000022888184,19.82999992370605,19.7549991607666,19.80500030517578,10135
2017-05-30,19.795000076293945,19.815000534057617,19.790000915527344,19.809999465942383,2098
2017-05-31,19.663000106811523,19.82999992370605,19.65999984741211,19.82999992370605,12499
2017-06-01,19.725000381469727,19.80500030517578,19.65999984741211,19.65999984741211,6325
2017-06-02,19.792999267578125,19.940000534057617,19.790000915527344,19.88500022888184,15848
2017-06-06,19.94799995422364,19.959999084472656,19.93000030517578,19.93000030517578,2760
2017-06-07,19.96299934387207,20.040000915527344,19.88999938964844,19.924999237060547,6225
2017-06-08,20.02499961853028,20.065000534057617,19.9950008392334,20.03499984741211,3860
2017-06-09,20.07299995422364,20.20499992370605,20.07299995422364,20.1299991607666,7852
2017-06-12,19.42799949645996,19.559999465942383,19.13999938964844,19.559999465942383,35813
2017-06-13,19.52300071716309,19.600000381469727,19.405000686645508,19.51000022888184,20417
2017-06-14,19.489999771118164,19.63999938964844,19.46999931335449,19.56999969482422,6351
2017-06-15,19.39999961853028,19.440000534057617,19.350000381469727,19.440000534057617,7598
2017-06-16,19.382999420166016,19.51499938964844,19.354999542236328,19.489999771118164,3557
2017-06-19,19.69499969482422,19.70499992370605,19.5,19.5,8513
2017-06-20,19.73500061035156,19.799999237060547,19.73500061035156,19.799999237060547,11159
2017-06-21,19.725000381469727,19.76000022888184,19.545000076293945,19.545000076293945,7423
2017-06-22,19.770000457763672,19.850000381469727,19.75,19.77499961853028,52799
2017-06-23,19.80500030517578,19.84499931335449,19.73500061035156,19.815000534057617,5307
2017-06-26,19.71500015258789,19.979999542236328,19.71500015258789,19.920000076293945,8132
2017-06-27,19.48500061035156,19.739999771118164,19.48500061035156,19.739999771118164,27617
2017-06-28,19.232999801635746,19.25,18.989999771118164,19.170000076293945,8589
2017-06-29,18.90999984741211,19.334999084472656,18.88999938964844,19.334999084472656,10901
2017-06-30,18.95499992370605,19.020000457763672,18.81999969482422,18.81999969482422,4190
2017-07-03,18.94499969482422,19.104999542236328,18.920000076293945,19.01499938964844,3209
2017-07-04,18.795000076293945,18.95499992370605,18.69499969482422,18.84499931335449,57420
2017-07-05,19.02499961853028,19.030000686645508,18.795000076293945,18.84000015258789,975
2017-07-06,18.825000762939453,19.049999237060547,18.790000915527344,19.045000076293945,21021
2017-07-07,19.01499938964844,19.03499984741211,18.729999542236328,18.76000022888184,25034
2017-07-10,19.13500022888184,19.15999984741211,19.040000915527344,19.084999084472656,10148
2017-07-11,19.100000381469727,19.25,19.084999084472656,19.25,53062
2017-07-12,19.395000457763672,19.420000076293945,19.13999938964844,19.165000915527344,72100
2017-07-13,19.55500030517578,19.559999465942383,19.489999771118164,19.549999237060547,5359
2017-07-14,19.520000457763672,19.540000915527344,19.434999465942383,19.5,23373
2017-07-17,19.540000915527344,19.625,19.520000457763672,19.61000061035156,6518
2017-07-18,19.420000076293945,19.53499984741211,19.38999938964844,19.53499984741211,4886
2017-07-19,19.674999237060547,19.674999237060547,19.545000076293945,19.600000381469727,14453
2017-07-20,19.48500061035156,19.795000076293945,19.459999084472656,19.7450008392334,9205
2017-07-21,19.434999465942383,19.559999465942383,19.424999237060547,19.559999465942383,4208
2017-07-24,19.45499992370605,19.51000022888184,19.405000686645508,19.489999771118164,10038
2017-07-25,19.489999771118164,19.51499938964844,19.38999938964844,19.475000381469727,17762
2017-07-26,19.5049991607666,19.57999992370605,19.46999931335449,19.540000915527344,5700
2017-07-27,19.604999542236328,19.604999542236328,19.520000457763672,19.530000686645508,5143
2017-07-28,19.19499969482422,19.280000686645508,19.125,19.25,20766
2017-07-31,19.100000381469727,19.30500030517578,19.045000076293945,19.299999237060547,4220
2017-08-01,19.11000061035156,19.145000457763672,19.06999969482422,19.1200008392334,11301
2017-08-02,19.040000915527344,19.309999465942383,19.040000915527344,19.19499969482422,10022
2017-08-03,19.040000915527344,19.15999984741211,19.0049991607666,19.100000381469727,25064
2017-08-04,19.315000534057617,19.32999992370605,19.040000915527344,19.05500030517578,2492
2017-08-07,19.31999969482422,19.31999969482422,19.21999931335449,19.2450008392334,11482
2017-08-08,19.450000762939453,19.450000762939453,19.229999542236328,19.30500030517578,3353
2017-08-09,19.290000915527344,19.32999992370605,19.239999771118164,19.315000534057617,21479
2017-08-10,19.100000381469727,19.315000534057617,19.100000381469727,19.26499938964844,56274
2017-08-11,18.94499969482422,18.96999931335449,18.86000061035156,18.924999237060547,4472
2017-08-14,19.26499938964844,19.280000686645508,19.01499938964844,19.01499938964844,5029
2017-08-15,19.44499969482422,19.48500061035156,19.350000381469727,19.459999084472656,4284
2017-08-16,19.545000076293945,19.56999969482422,19.459999084472656,19.479999542236328,10691
2017-08-17,19.34000015258789,19.4950008392334,19.34000015258789,19.3799991607666,6299
2017-08-18,19.200000762939453,19.21999931335449,19.07999992370605,19.13999938964844,5839
2017-08-21,18.975000381469727,19.114999771118164,18.934999465942383,19.100000381469727,29245
2017-08-22,19.280000686645508,19.280000686645508,19.114999771118164,19.114999771118164,10118
2017-08-23,19.26499938964844,19.375,19.21500015258789,19.375,7428
2017-08-24,19.145000457763672,19.32999992370605,19.145000457763672,19.26499938964844,2865
2017-08-25,19.09000015258789,19.309999465942383,19.09000015258789,19.239999771118164,4336
2017-08-28,19.0049991607666,19.02499961853028,18.940000534057617,18.98500061035156,3926
2017-08-29,18.88999938964844,18.93000030517578,18.65999984741211,18.84499931335449,13161
2017-08-30,19.19499969482422,19.21500015258789,19.045000076293945,19.15999984741211,498
2017-08-31,19.424999237060547,19.475000381469727,19.32999992370605,19.38500022888184,4291
2017-09-01,19.46999931335449,19.559999465942383,19.44499969482422,19.559999465942383,14634
2017-09-04,19.364999771118164,19.38999938964844,19.31999969482422,19.31999969482422,1610
2017-09-05,19.30500030517578,19.38500022888184,19.295000076293945,19.354999542236328,3506
2017-09-06,19.20499992370605,19.299999237060547,19.20499992370605,19.280000686645508,4520
2017-09-07,19.23500061035156,19.3700008392334,19.20499992370605,19.26000022888184,7837
2017-09-08,19.170000076293945,19.209999084472656,19.15999984741211,19.174999237060547,11138
2017-09-11,19.424999237060547,19.424999237060547,19.2450008392334,19.26000022888184,4049
2017-09-12,19.46500015258789,19.600000381469727,19.43000030517578,19.43000030517578,3172
2017-09-13,19.565000534057617,19.56999969482422,19.43000030517578,19.46500015258789,11812
2017-09-14,19.59499931335449,19.625,19.479999542236328,19.614999771118164,13446
2017-09-15,19.5049991607666,19.51000022888184,19.350000381469727,19.440000534057617,11339
2017-09-18,19.59000015258789,19.614999771118164,19.545000076293945,19.614999771118164,7830
2017-09-19,19.540000915527344,19.56999969482422,19.434999465942383,19.479999542236328,6280
2017-09-20,19.420000076293945,19.540000915527344,19.415000915527344,19.540000915527344,29248
2017-09-21,19.440000534057617,19.575000762939453,19.424999237060547,19.575000762939453,2176
2017-09-22,19.36000061035156,19.3799991607666,19.270000457763672,19.270000457763672,18928
2017-09-25,19.30500030517578,19.5,19.21500015258789,19.440000534057617,6723
2017-09-26,19.459999084472656,19.48500061035156,19.405000686645508,19.405000686645508,5373
2017-09-27,19.63999938964844,19.73500061035156,19.55500030517578,19.600000381469727,6659
2017-09-28,19.670000076293945,19.799999237060547,19.57999992370605,19.799999237060547,6545
2017-09-29,19.76000022888184,19.770000457763672,19.63500022888184,19.65999984741211,9671
2017-10-02,19.95499992370605,20.0,19.864999771118164,19.940000534057617,17385
2017-10-03,19.95499992370605,19.95499992370605,19.95499992370605,19.95499992370605,0
2017-10-04,19.934999465942383,19.979999542236328,19.850000381469727,19.93000030517578,20753
2017-10-05,20.07999992370605,20.084999084472656,19.905000686645508,19.975000381469727,16835
2017-10-06,20.165000915527344,20.239999771118164,20.1200008392334,20.229999542236328,9764
2017-10-09,20.28499984741211,20.30500030517578,20.209999084472656,20.280000686645508,10803
2017-10-10,20.155000686645508,20.28499984741211,20.11000061035156,20.28499984741211,18731
2017-10-11,20.125,20.184999465942383,20.06999969482422,20.184999465942383,1296
2017-10-12,20.2450008392334,20.2549991607666,20.114999771118164,20.190000534057617,11723
2017-10-13,20.32999992370605,20.34000015258789,20.229999542236328,20.290000915527344,4168
2017-10-16,20.3799991607666,20.46999931335449,20.3799991607666,20.40999984741211,16502
2017-10-17,20.46500015258789,20.55500030517578,20.46500015258789,20.549999237060547,4484
2017-10-18,20.51000022888184,20.59000015258789,20.489999771118164,20.545000076293945,11396
2017-10-19,20.350000381469727,20.475000381469727,20.2450008392334,20.475000381469727,12407
2017-10-20,20.56999969482422,20.600000381469727,20.46999931335449,20.520000457763672,6767
2017-10-23,20.684999465942383,20.7549991607666,20.600000381469727,20.684999465942383,15192
2017-10-24,20.64999961853028,20.665000915527344,20.575000762939453,20.665000915527344,25611
2017-10-25,20.479999542236328,20.6299991607666,20.46999931335449,20.625,11473
2017-10-26,20.795000076293945,20.80500030517578,20.5,20.545000076293945,34277
2017-10-27,21.40999984741211,21.40999984741211,20.9950008392334,20.9950008392334,15115
2017-10-30,21.405000686645508,21.530000686645508,21.354999542236328,21.43000030517578,24648
2017-10-31,21.405000686645508,21.405000686645508,21.405000686645508,21.405000686645508,0
2017-11-01,21.614999771118164,21.71999931335449,21.56999969482422,21.63500022888184,36623
2017-11-02,21.479999542236328,21.56999969482422,21.3799991607666,21.545000076293945,15977
2017-11-03,21.73500061035156,21.7549991607666,21.63500022888184,21.64999961853028,14180
2017-11-06,21.8700008392334,21.915000915527344,21.76000022888184,21.799999237060547,25966
2017-11-07,21.950000762939453,22.03499984741211,21.924999237060547,22.01000022888184,34536
2017-11-08,21.979999542236328,22.03499984741211,21.864999771118164,21.989999771118164,12090
2017-11-09,21.700000762939453,22.02499961853028,21.69499969482422,22.02499961853028,14207
2017-11-10,21.65999984741211,21.73500061035156,21.655000686645508,21.725000381469727,5552
2017-11-13,21.684999465942383,21.78499984741211,21.625,21.78499984741211,12477
2017-11-14,21.475000381469727,21.670000076293945,21.44499969482422,21.665000915527344,12396
2017-11-15,21.325000762939453,21.350000381469727,21.174999237060547,21.31999969482422,10052
2017-11-16,21.57999992370605,21.600000381469727,21.375,21.375,9676
2017-11-17,21.51499938964844,21.604999542236328,21.5049991607666,21.57999992370605,12728
2017-11-20,21.625,21.6299991607666,21.38999938964844,21.424999237060547,31026
2017-11-21,21.84000015258789,21.905000686645508,21.670000076293945,21.670000076293945,14648
2017-11-22,21.71999931335449,21.89999961853028,21.700000762939453,21.864999771118164,7128
2017-11-23,21.63500022888184,21.690000534057617,21.600000381469727,21.600000381469727,11020
2017-11-24,21.59000015258789,21.70499992370605,21.56999969482422,21.70499992370605,7367
2017-11-27,21.59499931335449,21.670000076293945,21.530000686645508,21.63999938964844,8041
2017-11-28,21.729999542236328,21.7450008392334,21.65999984741211,21.70499992370605,8167
2017-11-29,21.20499992370605,21.80500030517578,21.20499992370605,21.7549991607666,17581
2017-11-30,21.21999931335449,21.30500030517578,21.174999237060547,21.21999931335449,53837
2017-12-01,20.959999084472656,21.31999969482422,20.93000030517578,21.27499961853028,10203
2017-12-04,20.979999542236328,21.3799991607666,20.89999961853028,21.34000015258789,41671
2017-12-05,21.084999084472656,21.084999084472656,20.75,20.8799991607666,8572
2017-12-06,21.0674991607666,21.084999084472656,20.790000915527344,20.89999961853028,17178
2017-12-07,21.26499938964844,21.280000686645508,21.1299991607666,21.209999084472656,11442
2017-12-08,21.38999938964844,21.5049991607666,21.38999938964844,21.440000534057617,4163
2017-12-11,21.420000076293945,21.44499969482422,21.334999084472656,21.3700008392334,9056
2017-12-12,21.65250015258789,21.65250015258789,21.5049991607666,21.52499961853028,4984
2017-12-13,21.58749961853028,21.65999984741211,21.53499984741211,21.57999992370605,9875
2017-12-14,21.565000534057617,21.59499931335449,21.424999237060547,21.450000762939453,6771
2017-12-15,21.64999961853028,21.655000686645508,21.415000915527344,21.51499938964844,4923
2017-12-18,21.850000381469727,21.905000686645508,21.799999237060547,21.8700008392334,5945
2017-12-19,21.7549991607666,21.920000076293945,21.670000076293945,21.920000076293945,26404
2017-12-20,21.549999237060547,21.790000915527344,21.549999237060547,21.78499984741211,6558
2017-12-21,21.63999938964844,21.674999237060547,21.55500030517578,21.55500030517578,14282
2017-12-22,21.55500030517578,21.65999984741211,21.540000915527344,21.65999984741211,2088
2017-12-27,21.39999961853028,21.53499984741211,21.36000061035156,21.53499984741211,4197
2017-12-28,21.30500030517578,21.3799991607666,21.30500030517578,21.375,55831
2017-12-29,21.27499961853028,21.32999992370605,21.270000457763672,21.32999992370605,566
2018-01-02,21.21999931335449,21.2549991607666,20.989999771118164,21.25,13276
2018-01-03,21.545000076293945,21.59499931335449,21.325000762939453,21.3700008392334,23928
2018-01-04,21.670000076293945,21.700000762939453,21.584999084472656,21.665000915527344,15019
2018-01-05,21.88500022888184,21.90999984741211,21.729999542236328,21.729999542236328,33972
2018-01-08,22.125,22.125,21.979999542236328,22.07999992370605,15205
2018-01-09,22.20499992370605,22.26000022888184,22.13999938964844,22.209999084472656,38367
2018-01-10,21.959999084472656,22.13999938964844,21.8700008392334,22.13999938964844,14393
2018-01-11,21.920000076293945,22.145000457763672,21.88999938964844,22.145000457763672,12689
2018-01-12,21.89999961853028,22.030000686645508,21.799999237060547,22.030000686645508,22032
2018-01-15,21.770000457763672,21.93000030517578,21.739999771118164,21.93000030517578,13501
2018-01-16,21.94499969482422,22.049999237060547,21.84499931335449,21.88500022888184,36060
2018-01-17,21.934999465942383,21.934999465942383,21.809999465942383,21.8700008392334,13286
2018-01-18,22.065000534057617,22.125,22.045000076293945,22.125,9780
2018-01-19,22.13999938964844,22.15999984741211,22.01499938964844,22.075000762939453,15191
2018-01-22,22.200000762939453,22.21500015258789,22.07999992370605,22.174999237060547,31149
2018-01-23,22.38999938964844,22.424999237060547,22.28499984741211,22.40999984741211,16206
2018-01-24,22.05500030517578,22.34499931335449,22.05500030517578,22.34499931335449,15141
2018-01-25,21.854999542236328,22.11000061035156,21.76000022888184,21.989999771118164,27452
2018-01-26,22.049999237060547,22.059999465942383,21.905000686645508,21.905000686645508,38610
2018-01-29,22.200000762939453,22.270000457763672,22.100000381469727,22.23500061035156,8352
2018-01-30,21.895000457763672,22.049999237060547,21.799999237060547,22.049999237060547,34189
2018-01-31,21.915000915527344,21.915000915527344,21.77499961853028,21.86000061035156,19953
2018-02-01,21.90999984741211,22.045000076293945,21.795000076293945,22.045000076293945,27207
2018-02-02,21.51499938964844,21.7549991607666,21.46500015258789,21.7549991607666,61866
2018-02-05,21.270000457763672,21.39999961853028,21.059999465942383,21.170000076293945,52278
2018-02-06,20.40999984741211,20.84499931335449,20.045000076293945,20.40999984741211,91679
2018-02-07,21.27499961853028,21.350000381469727,20.809999465942383,20.8700008392334,22691
2018-02-08,20.75,21.05500030517578,20.75,21.01000022888184,14607
2018-02-09,20.420000076293945,20.57999992370605,20.270000457763672,20.38999938964844,53519
2018-02-12,20.88500022888184,20.924999237060547,20.71500015258789,20.725000381469727,72698
2018-02-13,20.709999084472656,20.82999992370605,20.63999938964844,20.82999992370605,17477
2018-02-14,20.940000534057617,21.020000457763672,20.739999771118164,20.94499969482422,14991
2018-02-15,21.19499969482422,21.315000534057617,21.19499969482422,21.2450008392334,22815
2018-02-16,21.61000061035156,21.63999938964844,21.530000686645508,21.530000686645508,9370
2018-02-19,21.575000762939453,21.674999237060547,21.549999237060547,21.645000457763672,15977
2018-02-20,21.809999465942383,21.815000534057617,21.489999771118164,21.614999771118164,11849
2018-02-21,21.989999771118164,21.989999771118164,21.7450008392334,21.834999084472656,61248
2018-02-22,21.7549991607666,21.790000915527344,21.52499961853028,21.604999542236328,19933
2018-02-23,21.93000030517578,21.94499969482422,21.76499938964844,21.84499931335449,29962
2018-02-26,22.27499961853028,22.27499961853028,22.125,22.14999961853028,36595
2018-02-27,22.424999237060547,22.55500030517578,22.299999237060547,22.38500022888184,11019
2018-02-28,22.43000030517578,22.59000015258789,22.36000061035156,22.40999984741211,15656
2018-03-01,22.174999237060547,22.3700008392334,22.14999961853028,22.315000534057617,81672
2018-03-02,21.549999237060547,21.82999992370605,21.420000076293945,21.799999237060547,54577
2018-03-05,21.940000534057617,21.940000534057617,21.674999237060547,21.674999237060547,30990
2018-03-06,21.934999465942383,22.15999984741211,21.934999465942383,22.114999771118164,19466
2018-03-07,22.0049991607666,22.02499961853028,21.729999542236328,21.815000534057617,7787
2018-03-08,22.334999084472656,22.36000061035156,22.11000061035156,22.165000915527344,21713
2018-03-09,22.674999237060547,22.68000030517578,22.405000686645508,22.405000686645508,7725
2018-03-12,22.924999237060547,22.96500015258789,22.850000381469727,22.940000534057617,16076
2018-03-13,22.61000061035156,22.975000381469727,22.604999542236328,22.93000030517578,9202
2018-03-14,22.51499938964844,22.69499969482422,22.440000534057617,22.56999969482422,38296
2018-03-15,22.674999237060547,22.7450008392334,22.540000915527344,22.59000015258789,58582
2018-03-16,22.665000915527344,22.834999084472656,22.63500022888184,22.71500015258789,13535
2018-03-19,22.05500030517578,22.600000381469727,22.01499938964844,22.600000381469727,19763
2018-03-20,22.26499938964844,22.31999969482422,22.06999969482422,22.1299991607666,18710
2018-03-21,22.325000762939453,22.354999542236328,22.170000076293945,22.290000915527344,6355
2018-03-22,21.770000457763672,21.90999984741211,21.614999771118164,21.80500030517578,75290
2018-03-23,21.2549991607666,21.530000686645508,21.190000534057617,21.43000030517578,17108
2018-03-26,20.975000381469727,21.26499938964844,20.89999961853028,21.13999938964844,47342
2018-03-27,21.56999969482422,21.799999237060547,21.479999542236328,21.59000015258789,28912
2018-03-28,20.809999465942383,20.975000381469727,20.670000076293945,20.940000534057617,16025
2018-03-29,21.13999938964844,21.15999984741211,20.934999465942383,21.0,26102
2018-04-03,20.920000076293945,21.065000534057617,20.76000022888184,20.959999084472656,19734
2018-04-04,20.8700008392334,20.8700008392334,20.479999542236328,20.82999992370605,15447
2018-04-05,21.549999237060547,21.565000534057617,21.39999961853028,21.434999465942383,56459
2018-04-06,21.13999938964844,21.2450008392334,21.104999542236328,21.21500015258789,50959
2018-04-09,21.21999931335449,21.21999931335449,20.934999465942383,21.09499931335449,24167
2018-04-10,21.30500030517578,21.3799991607666,21.114999771118164,21.3799991607666,31240
2018-04-11,21.2549991607666,21.334999084472656,21.114999771118164,21.2549991607666,28396
2018-04-12,21.63999938964844,21.63999938964844,21.25,21.25,66599
2018-04-13,21.530000686645508,21.700000762939453,21.459999084472656,21.584999084472656,22247
2018-04-16,21.479999542236328,21.59000015258789,21.45499992370605,21.5049991607666,15542
2018-04-17,21.934999465942383,21.934999465942383,21.614999771118164,21.655000686645508,5523
2018-04-18,21.905000686645508,22.045000076293945,21.82999992370605,22.020000457763672,20610
2018-04-19,21.725000381469727,21.905000686645508,21.68000030517578,21.905000686645508,6225
2018-04-20,21.520000457763672,21.78499984741211,21.520000457763672,21.63500022888184,8324
2018-04-23,21.73500061035156,21.73500061035156,21.530000686645508,21.565000534057617,13068
2018-04-24,21.459999084472656,21.780000686645508,21.395000457763672,21.70499992370605,17791
2018-04-25,21.21999931335449,21.25,21.0,21.239999771118164,26501
2018-04-26,21.7450008392334,21.7450008392334,21.295000076293945,21.295000076293945,30674
2018-04-27,21.75,22.02499961853028,21.684999465942383,22.0,36008
2018-04-30,21.864999771118164,21.924999237060547,21.795000076293945,21.82999992370605,18717
2018-05-02,22.20499992370605,22.280000686645508,22.114999771118164,22.170000076293945,35556
2018-05-03,21.934999465942383,22.13500022888184,21.915000915527344,22.11000061035156,10854
2018-05-04,22.559999465942383,22.559999465942383,22.13500022888184,22.23500061035156,10777
2018-05-07,22.8799991607666,22.90999984741211,22.725000381469727,22.725000381469727,28891
2018-05-08,22.96500015258789,22.9950008392334,22.825000762939453,22.875,17573
2018-05-09,23.07999992370605,23.1299991607666,23.020000457763672,23.114999771118164,8656
2018-05-10,23.43000030517578,23.46500015258789,23.290000915527344,23.405000686645508,3378
2018-05-11,23.39999961853028,23.51499938964844,23.395000457763672,23.51499938964844,15234
2018-05-14,23.475000381469727,23.5,23.350000381469727,23.45499992370605,8934
2018-05-15,23.26000022888184,23.43000030517578,23.25,23.364999771118164,16244
2018-05-16,23.489999771118164,23.55500030517578,23.34000015258789,23.364999771118164,14555
2018-05-17,23.55500030517578,23.59499931335449,23.364999771118164,23.459999084472656,16920
2018-05-18,23.4950008392334,23.530000686645508,23.39999961853028,23.46999931335449,12778
2018-05-21,23.4950008392334,23.4950008392334,23.4950008392334,23.4950008392334,0
2018-05-22,23.56999969482422,23.65999984741211,23.520000457763672,23.6200008392334,17311
2018-05-23,23.55500030517578,23.55500030517578,23.3799991607666,23.489999771118164,6237
2018-05-24,23.600000381469727,23.809999465942383,23.4950008392334,23.770000457763672,20238
2018-05-25,23.924999237060547,23.93000030517578,23.80500030517578,23.8799991607666,5892
2018-05-28,24.01000022888184,24.049999237060547,23.89999961853028,23.905000686645508,13622
2018-05-29,23.94499969482422,23.98500061035156,23.82999992370605,23.950000762939453,30581
2018-05-30,23.8799991607666,23.98500061035156,23.8700008392334,23.98500061035156,11179
2018-05-31,23.934999465942383,23.950000762939453,23.795000076293945,23.920000076293945,12174
2018-06-01,24.20499992370605,24.20499992370605,23.88999938964844,23.95499992370605,30347
2018-06-04,24.354999542236328,24.3700008392334,24.200000762939453,24.34000015258789,26753
2018-06-05,24.5,24.6200008392334,24.350000381469727,24.38500022888184,28829
2018-06-06,24.45499992370605,24.565000534057617,24.26000022888184,24.565000534057617,16463
2018-06-07,24.209999084472656,24.545000076293945,24.18000030517578,24.545000076293945,56026
2018-06-08,24.20499992370605,24.26000022888184,23.975000381469727,24.200000762939453,150103
2018-06-11,24.239999771118164,24.36000061035156,24.200000762939453,24.239999771118164,65289
2018-06-12,24.31999969482422,24.36000061035156,24.18000030517578,24.36000061035156,67629
2018-06-13,24.575000762939453,24.575000762939453,24.40999984741211,24.434999465942383,35347
2018-06-14,24.799999237060547,24.8799991607666,24.200000762939453,24.2549991607666,47555
2018-06-15,24.709999084472656,25.0,24.690000534057617,24.9950008392334,71259
2018-06-18,24.77499961853028,24.77499961853028,24.51499938964844,24.709999084472656,73322
2018-06-19,24.565000534057617,24.68000030517578,24.440000534057617,24.549999237060547,26002
2018-06-20,24.77499961853028,24.799999237060547,24.700000762939453,24.76499938964844,20037
2018-06-21,24.604999542236328,24.89999961853028,24.450000762939453,24.875,13731
2018-06-22,24.334999084472656,24.520000457763672,24.299999237060547,24.440000534057617,15474
2018-06-25,23.667499542236328,24.2549991607666,23.667499542236328,24.2549991607666,25710
2018-06-26,23.79750061035156,23.96500015258789,23.674999237060547,23.799999237060547,25987
2018-06-27,23.9950008392334,24.13500022888184,23.65999984741211,23.815000534057617,8871
2018-06-28,23.809999465942383,23.88999938964844,23.600000381469727,23.86000061035156,11492
2018-06-29,23.8700008392334,23.989999771118164,23.81999969482422,23.94499969482422,20819
2018-07-02,23.787500381469727,23.854999542236328,23.59000015258789,23.625,29139
2018-07-03,23.88500022888184,24.084999084472656,23.88500022888184,24.045000076293945,13478
2018-07-04,23.63500022888184,23.73500061035156,23.600000381469727,23.65999984741211,5660
2018-07-05,23.7450008392334,23.75,23.584999084472656,23.584999084472656,13554
2018-07-06,23.96999931335449,23.96999931335449,23.739999771118164,23.86000061035156,15007
2018-07-09,24.127500534057617,24.21999931335449,24.05500030517578,24.19499969482422,11577
2018-07-10,24.39999961853028,24.475000381469727,24.30500030517578,24.3799991607666,31614
2018-07-11,24.239999771118164,24.325000762939453,24.09499931335449,24.1299991607666,18599
2018-07-12,24.63999938964844,24.63999938964844,24.334999084472656,24.424999237060547,11848
2018-07-13,24.792499542236328,24.94499969482422,24.770000457763672,24.915000915527344,14526
2018-07-16,24.655000686645508,24.790000915527344,24.655000686645508,24.75,23033
2018-07-17,24.604999542236328,24.71500015258789,24.39999961853028,24.489999771118164,19349
2018-07-18,24.924999237060547,25.01499938964844,24.8799991607666,24.9950008392334,16019
2018-07-19,24.98500061035156,25.03499984741211,24.920000076293945,25.0,32371
2018-07-20,24.86000061035156,24.979999542236328,24.77499961853028,24.93000030517578,28370
2018-07-23,24.71999931335449,24.739999771118164,24.61000061035156,24.674999237060547,58188
2018-07-24,25.06999969482422,25.184999465942383,25.0,25.114999771118164,40138
2018-07-25,25.114999771118164,25.114999771118164,24.940000534057617,25.01000022888184,30867
2018-07-26,25.0,25.075000762939453,24.895000457763672,24.96500015258789,90630
2018-07-27,24.84000015258789,25.200000762939453,24.809999465942383,25.13500022888184,38882
2018-07-30,24.084999084472656,24.559999465942383,24.084999084472656,24.52499961853028,32878
2018-07-31,24.155000686645508,24.23500061035156,23.989999771118164,24.114999771118164,65015
2018-08-01,24.415000915527344,24.479999542236328,24.225000381469727,24.350000381469727,31836
2018-08-02,24.684999465942383,24.684999465942383,24.27499961853028,24.3799991607666,18330
2018-08-03,24.815000534057617,24.959999084472656,24.815000534057617,24.905000686645508,17178
2018-08-06,25.01499938964844,25.09000015258789,24.975000381469727,25.059999465942383,23488
2018-08-07,25.09499931335449,25.239999771118164,25.09499931335449,25.225000381469727,28366
2018-08-08,25.19499969482422,25.21500015258789,25.07999992370605,25.13999938964844,33295
2018-08-09,25.32999992370605,25.354999542236328,25.184999465942383,25.209999084472656,20864
2018-08-10,25.440000534057617,25.450000762939453,25.290000915527344,25.364999771118164,14928
2018-08-13,25.479999542236328,25.549999237060547,25.31999969482422,25.38500022888184,11791
2018-08-14,25.53499984741211,25.584999084472656,25.3799991607666,25.5049991607666,16508
2018-08-15,25.325000762939453,25.655000686645508,25.25,25.645000457763672,68742
2018-08-16,25.479999542236328,25.549999237060547,25.36000061035156,25.450000762939453,200426
2018-08-17,25.23500061035156,25.5,25.18000030517578,25.38500022888184,140105
2018-08-20,25.229999542236328,25.479999542236328,25.15999984741211,25.43000030517578,35443
2018-08-21,25.225000381469727,25.2549991607666,25.14999961853028,25.190000534057617,40013
2018-08-22,25.13500022888184,25.13500022888184,24.88500022888184,25.0049991607666,51573
2018-08-23,25.200000762939453,25.354999542236328,25.104999542236328,25.18000030517578,50169
2018-08-24,25.405000686645508,25.405000686645508,25.225000381469727,25.309999465942383,59964
2018-08-27,25.575000762939453,25.584999084472656,25.450000762939453,25.584999084472656,82493
2018-08-28,25.46500015258789,25.6299991607666,25.46500015258789,25.57999992370605,71413
2018-08-29,25.71500015258789,25.73500061035156,25.59000015258789,25.69499969482422,50906
2018-08-30,25.81999969482422,25.875,25.69499969482422,25.739999771118164,42946
2018-08-31,25.88500022888184,25.924999237060547,25.674999237060547,25.780000686645508,30042
2018-09-03,25.93000030517578,25.96999931335449,25.8700008392334,25.959999084472656,67968
2018-09-04,25.90999984741211,26.065000534057617,25.739999771118164,26.065000534057617,50453
2018-09-05,25.290000915527344,25.875,25.26499938964844,25.875,37533
2018-09-06,25.1299991607666,25.3799991607666,24.959999084472656,25.32999992370605,34293
2018-09-07,25.354999542236328,25.354999542236328,25.05500030517578,25.13500022888184,24540
2018-09-10,25.239999771118164,25.354999542236328,25.084999084472656,25.354999542236328,27387
2018-09-11,25.315000534057617,25.350000381469727,25.125,25.28499984741211,17493
2018-09-12,25.225000381469727,25.52499961853028,25.020000457763672,25.450000762939453,28924
2018-09-13,25.31999969482422,25.475000381469727,25.190000534057617,25.21500015258789,48096
2018-09-14,25.46500015258789,25.645000457763672,25.38999938964844,25.44499969482422,47415
2018-09-17,25.21999931335449,25.479999542236328,25.18000030517578,25.479999542236328,49218
2018-09-18,25.31999969482422,25.34000015258789,24.9950008392334,25.09000015258789,45515
2018-09-19,25.165000915527344,25.34000015258789,25.13999938964844,25.295000076293945,33486
2018-09-20,25.315000534057617,25.34000015258789,25.104999542236328,25.21999931335449,32259
2018-09-21,25.34499931335449,25.420000076293945,25.26000022888184,25.350000381469727,24180
2018-09-24,25.2450008392334,25.26499938964844,24.88999938964844,25.19499969482422,24554
2018-09-25,25.350000381469727,25.415000915527344,25.25,25.375,38532
2018-09-26,25.540000915527344,25.540000915527344,25.34000015258789,25.45499992370605,35311
2018-09-27,25.700000762939453,25.729999542236328,25.375,25.475000381469727,14738
2018-09-28,25.77499961853028,25.815000534057617,25.71500015258789,25.78499984741211,32039
2018-10-01,26.104999542236328,26.104999542236328,25.89999961853028,26.03499984741211,51633
2018-10-02,26.075000762939453,26.07999992370605,25.93000030517578,26.01000022888184,33002
2018-10-04,25.73500061035156,26.209999084472656,25.71999931335449,26.209999084472656,38230
2018-10-05,25.38999938964844,25.71500015258789,25.375,25.71500015258789,13620
2018-10-08,25.104999542236328,25.405000686645508,25.104999542236328,25.38500022888184,47011
2018-10-09,25.25,25.309999465942383,25.030000686645508,25.174999237060547,26083
2018-10-10,24.32999992370605,25.15999984741211,24.28499984741211,25.155000686645508,81880
2018-10-11,23.68000030517578,24.1299991607666,23.3799991607666,23.709999084472656,190065
2018-10-12,24.09499931335449,24.30500030517578,23.975000381469727,24.049999237060547,41469
2018-10-15,24.09000015258789,24.290000915527344,23.84000015258789,24.15999984741211,39708
2018-10-16,24.38999938964844,24.38999938964844,23.979999542236328,24.0049991607666,43474
2018-10-17,24.479999542236328,24.80500030517578,24.38500022888184,24.80500030517578,42237
2018-10-18,24.2450008392334,24.665000915527344,24.2450008392334,24.665000915527344,13759
2018-10-19,24.26499938964844,24.475000381469727,24.26499938964844,24.40999984741211,13042
2018-10-22,24.354999542236328,24.420000076293945,24.100000381469727,24.13999938964844,21450
2018-10-23,23.809999465942383,23.959999084472656,23.63500022888184,23.94499969482422,23392
2018-10-24,23.82999992370605,24.295000076293945,23.82999992370605,24.040000915527344,108903
2018-10-25,23.94499969482422,23.94499969482422,23.34499931335449,23.350000381469727,287024
2018-10-26,23.51499938964844,23.700000762939453,23.13500022888184,23.63999938964844,67445
2018-10-29,23.39999961853028,24.07999992370605,23.39999961853028,23.65999984741211,29810
2018-10-30,23.26499938964844,23.31999969482422,23.07999992370605,23.315000534057617,32605
2018-10-31,24.165000915527344,24.334999084472656,23.64999961853028,23.700000762939453,59382
2018-11-01,24.165000915527344,24.19499969482422,23.86000061035156,24.065000534057617,25102
2018-11-02,23.920000076293945,24.424999237060547,23.809999465942383,24.26000022888184,106455
2018-11-05,23.600000381469727,23.98500061035156,23.559999465942383,23.924999237060547,42693
2018-11-06,23.834999084472656,23.98500061035156,23.65999984741211,23.795000076293945,21329
2018-11-07,24.28499984741211,24.28499984741211,23.975000381469727,23.975000381469727,27508
2018-11-08,24.375,24.51499938964844,24.28499984741211,24.440000534057617,32831
2018-11-09,24.13999938964844,24.440000534057617,24.13999938964844,24.440000534057617,44821
2018-11-12,23.545000076293945,24.405000686645508,23.4950008392334,24.405000686645508,19708
2018-11-13,23.780000686645508,23.780000686645508,23.440000534057617,23.700000762939453,53840
2018-11-14,23.309999465942383,23.725000381469727,23.2450008392334,23.3799991607666,10865
2018-11-15,23.36000061035156,23.38999938964844,23.100000381469727,23.3700008392334,159722
2018-11-16,23.354999542236328,23.5,23.18000030517578,23.48500061035156,40011
2018-11-19,22.71999931335449,23.545000076293945,22.71999931335449,23.52499961853028,45544
2018-11-20,22.34000015258789,22.39999961853028,21.78499984741211,22.325000762939453,75094
2018-11-21,22.549999237060547,22.61000061035156,22.31999969482422,22.395000457763672,56998
2018-11-22,22.15999984741211,22.405000686645508,22.155000686645508,22.405000686645508,17133
2018-11-23,22.44499969482422,22.45499992370605,22.25,22.334999084472656,18023
2018-11-26,22.6299991607666,22.76000022888184,22.545000076293945,22.545000076293945,7348
2018-11-27,22.934999465942383,22.934999465942383,22.665000915527344,22.8700008392334,21280
2018-11-28,23.040000915527344,23.184999465942383,23.01000022888184,23.01000022888184,65988
2018-11-29,23.334999084472656,23.450000762939453,23.170000076293945,23.38999938964844,188332
2018-11-30,23.46500015258789,23.530000686645508,23.26499938964844,23.350000381469727,172734
2018-12-03,23.9950008392334,24.2549991607666,23.94499969482422,24.174999237060547,129309
2018-12-04,23.80500030517578,23.959999084472656,23.73500061035156,23.90999984741211,87331
2018-12-05,23.34000015258789,23.43000030517578,23.290000915527344,23.40999984741211,43150
2018-12-06,22.614999771118164,22.979999542236328,22.540000915527344,22.975000381469727,136500
2018-12-07,22.59000015258789,23.15999984741211,22.59000015258789,23.02499961853028,37260
2018-12-10,22.28499984741211,22.415000915527344,22.190000534057617,22.26000022888184,79631
2018-12-11,22.8700008392334,23.07999992370605,22.604999542236328,22.64999961853028,25838
2018-12-12,23.225000381469727,23.229999542236328,22.940000534057617,22.975000381469727,39410
2018-12-13,22.9950008392334,23.200000762939453,22.924999237060547,23.100000381469727,16301
2018-12-14,22.84499931335449,22.86000061035156,22.684999465942383,22.739999771118164,3692
2018-12-17,22.415000915527344,22.57999992370605,22.25,22.57999992370605,25692
2018-12-18,22.125,22.190000534057617,22.030000686645508,22.1299991607666,13576
2018-12-19,22.165000915527344,22.239999771118164,22.0,22.01499938964844,11536
2018-12-20,21.299999237060547,21.6200008392334,21.299999237060547,21.46999931335449,25887
2018-12-21,21.145000457763672,21.434999465942383,21.045000076293945,21.225000381469727,57555
2018-12-27,20.8799991607666,21.21500015258789,20.530000686645508,21.200000762939453,37677
2018-12-28,21.440000534057617,21.56999969482422,21.280000686645508,21.309999465942383,6989
2019-01-02,21.63999938964844,21.63999938964844,20.93000030517578,21.049999237060547,27397
2019-01-03,20.8700008392334,21.184999465942383,20.690000534057617,21.059999465942383,29825
2019-01-04,21.325000762939453,21.36000061035156,20.770000457763672,20.8799991607666,52069
2019-01-07,21.540000915527344,21.540000915527344,21.270000457763672,21.475000381469727,33084
2019-01-08,21.61000061035156,21.8799991607666,21.61000061035156,21.655000686645508,37017
2019-01-09,21.905000686645508,21.934999465942383,21.76000022888184,21.799999237060547,28840
2019-01-10,21.934999465942383,21.940000534057617,21.655000686645508,21.709999084472656,38342
2019-01-11,22.0,22.03499984741211,21.82999992370605,21.924999237060547,9168
2019-01-14,21.8799991607666,21.905000686645508,21.780000686645508,21.8700008392334,30835
2019-01-15,22.26499938964844,22.26499938964844,21.98500061035156,22.0,22994
2019-01-16,22.424999237060547,22.48500061035156,22.25,22.364999771118164,4763
2019-01-17,22.3700008392334,22.3700008392334,22.155000686645508,22.155000686645508,7003
2019-01-18,22.89999961853028,22.920000076293945,22.530000686645508,22.530000686645508,19517
2019-01-21,22.770000457763672,22.84000015258789,22.71999931335449,22.809999465942383,9270
2019-01-22,22.690000534057617,22.76499938964844,22.625,22.709999084472656,5546
2019-01-23,22.51000022888184,22.77499961853028,22.450000762939453,22.5,13201
2019-01-24,22.84000015258789,22.88999938964844,22.59499931335449,22.64999961853028,6145
2019-01-25,23.1200008392334,23.1200008392334,22.94499969482422,22.96500015258789,30079
2019-01-28,22.725000381469727,23.065000534057617,22.674999237060547,23.065000534057617,11199
2019-01-29,22.600000381469727,22.809999465942383,22.600000381469727,22.69499969482422,7708
2019-01-30,22.854999542236328,22.959999084472656,22.76000022888184,22.76000022888184,21700
2019-01-31,23.165000915527344,23.165000915527344,22.96500015258789,23.114999771118164,19108
2019-02-01,23.2450008392334,23.3799991607666,23.125,23.209999084472656,18919
2019-02-04,23.61000061035156,23.61000061035156,23.28499984741211,23.34000015258789,18865
2019-02-05,23.950000762939453,23.975000381469727,23.614999771118164,23.614999771118164,13760
2019-02-06,24.09499931335449,24.145000457763672,23.875,23.979999542236328,17302
2019-02-07,23.709999084472656,24.104999542236328,23.709999084472656,24.07999992370605,22215
2019-02-08,23.700000762939453,23.7549991607666,23.575000762939453,23.665000915527344,16005
2019-02-11,24.075000762939453,24.13999938964844,23.94499969482422,23.94499969482422,10091
2019-02-12,24.325000762939453,24.325000762939453,24.14999961853028,24.26499938964844,27435
2019-02-13,24.415000915527344,24.51000022888184,24.350000381469727,24.420000076293945,66874
2019-02-14,24.39999961853028,24.59499931335449,24.30500030517578,24.575000762939453,17993
2019-02-15,24.625,24.665000915527344,24.3700008392334,24.405000686645508,37447
2019-02-18,24.71500015258789,24.71500015258789,24.565000534057617,24.684999465942383,20931
2019-02-19,24.545000076293945,24.71500015258789,24.545000076293945,24.71500015258789,7088
2019-02-20,24.59499931335449,24.6299991607666,24.51499938964844,24.604999542236328,8769
2019-02-21,24.600000381469727,24.700000762939453,24.440000534057617,24.700000762939453,13076
2019-02-22,24.905000686645508,24.905000686645508,24.57999992370605,24.57999992370605,31956
2019-02-25,25.11000061035156,25.1299991607666,24.95499992370605,25.0,20335
2019-02-26,25.01499938964844,25.09000015258789,24.854999542236328,24.915000915527344,7482
2019-02-27,24.875,24.89999961853028,24.684999465942383,24.89999961853028,9740
2019-02-28,24.84000015258789,24.915000915527344,24.70499992370605,24.71999931335449,11454
2019-03-01,24.8700008392334,25.1200008392334,24.864999771118164,24.959999084472656,39386
2019-03-04,25.0049991607666,25.295000076293945,25.0049991607666,25.155000686645508,23582
2019-03-05,25.065000534057617,25.065000534057617,24.8700008392334,24.950000762939453,9257
2019-03-06,24.8799991607666,25.075000762939453,24.875,25.05500030517578,12141
2019-03-07,24.90999984741211,24.940000534057617,24.70499992370605,24.709999084472656,21539
2019-03-08,24.684999465942383,24.729999542236328,24.46500015258789,24.71500015258789,19460
2019-03-11,25.225000381469727,25.239999771118164,24.77499961853028,24.78499984741211,38532
2019-03-12,25.32999992370605,25.434999465942383,25.184999465942383,25.434999465942383,16552
2019-03-13,25.52499961853028,25.645000457763672,25.25,25.334999084472656,27717
2019-03-14,25.479999542236328,25.479999542236328,25.334999084472656,25.334999084472656,22249
2019-03-15,25.780000686645508,25.780000686645508,25.440000534057617,25.479999542236328,25836
2019-03-18,25.6200008392334,25.799999237060547,25.600000381469727,25.75,12825
2019-03-19,25.8700008392334,25.920000076293945,25.725000381469727,25.81999969482422,22186
2019-03-20,25.59499931335449,25.86000061035156,25.59499931335449,25.80500030517578,13531
2019-03-21,26.11000061035156,26.155000686645508,25.59499931335449,25.625,9493
2019-03-22,25.979999542236328,26.38999938964844,25.93000030517578,26.32999992370605,52137
2019-03-25,25.64999961853028,25.770000457763672,25.559999465942383,25.729999542236328,35320
2019-03-26,25.94499969482422,26.084999084472656,25.75,25.815000534057617,19705
2019-03-27,25.75,26.190000534057617,25.6200008392334,26.190000534057617,8137
2019-03-28,25.93000030517578,26.065000534057617,25.850000381469727,25.850000381469727,10130
2019-03-29,26.174999237060547,26.21500015258789,26.040000915527344,26.13500022888184,60819
2019-04-01,26.565000534057617,26.565000534057617,26.36000061035156,26.51000022888184,75945
2019-04-02,26.73500061035156,26.73500061035156,26.59000015258789,26.684999465942383,40013
2019-04-03,26.9950008392334,27.01499938964844,26.76000022888184,26.8799991607666,33148
2019-04-04,26.84000015258789,27.02499961853028,26.809999465942383,26.96500015258789,17004
2019-04-05,26.920000076293945,26.934999465942383,26.799999237060547,26.895000457763672,31002
2019-04-08,26.8700008392334,26.95499992370605,26.690000534057617,26.95499992370605,23426
2019-04-09,26.84000015258789,26.915000915527344,26.729999542236328,26.8799991607666,14381
2019-04-10,26.915000915527344,26.989999771118164,26.76000022888184,26.76000022888184,23812
2019-04-11,26.98500061035156,27.065000534057617,26.90999984741211,26.934999465942383,23440
2019-04-12,26.93000030517578,27.040000915527344,26.8799991607666,26.905000686645508,18893
2019-04-15,26.989999771118164,27.20499992370605,26.89999961853028,26.95499992370605,29780
2019-04-16,27.190000534057617,27.229999542236328,27.06999969482422,27.155000686645508,16197
2019-04-17,27.21999931335449,27.39999961853028,27.18000030517578,27.200000762939453,53337
2019-04-18,27.38500022888184,27.489999771118164,27.21500015258789,27.26499938964844,67790
2019-04-23,27.864999771118164,27.864999771118164,27.46999931335449,27.57999992370605,45350
2019-04-24,28.114999771118164,28.114999771118164,27.850000381469727,27.920000076293945,16794
2019-04-25,28.1299991607666,28.36000061035156,28.01000022888184,28.295000076293945,29298
2019-04-26,27.94499969482422,28.01000022888184,27.73500061035156,27.98500061035156,27117
2019-04-29,28.02499961853028,28.09499931335449,27.96999931335449,28.020000457763672,25575
2019-04-30,27.78499984741211,27.9950008392334,27.770000457763672,27.9950008392334,18065
2019-05-02,27.8700008392334,28.09000015258789,27.790000915527344,27.94499969482422,74969
2019-05-03,27.950000762939453,28.0,27.854999542236328,27.8799991607666,45794
2019-05-06,27.64999961853028,27.65999984741211,27.27499961853028,27.5049991607666,127605
2019-05-07,27.270000457763672,27.71999931335449,27.225000381469727,27.71999931335449,21550
2019-05-08,27.229999542236328,27.325000762939453,26.95499992370605,27.18000030517578,51175
2019-05-09,26.55500030517578,27.075000762939453,26.434999465942383,27.075000762939453,90814
2019-05-10,26.415000915527344,26.934999465942383,26.39999961853028,26.920000076293945,42114
2019-05-13,26.075000762939453,26.709999084472656,26.03499984741211,26.709999084472656,49971
2019-05-14,26.549999237060547,26.549999237060547,26.0049991607666,26.0049991607666,8794
2019-05-15,26.77499961853028,26.77499961853028,26.325000762939453,26.68000030517578,31973
2019-05-16,27.184999465942383,27.239999771118164,26.65999984741211,26.65999984741211,32719
2019-05-17,27.125,27.26000022888184,26.84000015258789,27.09000015258789,41950
2019-05-20,26.5,26.96500015258789,26.36000061035156,26.96500015258789,40168
2019-05-21,26.770000457763672,26.81999969482422,26.540000915527344,26.559999465942383,29861
2019-05-22,26.690000534057617,26.780000686645508,26.52499961853028,26.73500061035156,35216
2019-05-23,26.155000686645508,26.46999931335449,26.155000686645508,26.43000030517578,14308
2019-05-24,26.1200008392334,26.32999992370605,26.1200008392334,26.31999969482422,49868
2019-05-27,26.190000534057617,26.290000915527344,26.155000686645508,26.290000915527344,5791
2019-05-28,26.28499984741211,26.38500022888184,26.114999771118164,26.27499961853028,11682
2019-05-29,25.975000381469727,26.084999084472656,25.8799991607666,26.02499961853028,53738
2019-05-30,26.125,26.174999237060547,26.030000686645508,26.155000686645508,10320
2019-05-31,25.924999237060547,25.93000030517578,25.69499969482422,25.93000030517578,12688
2019-06-03,25.59000015258789,25.80500030517578,25.479999542236328,25.5,98885
2019-06-04,25.709999084472656,25.709999084472656,24.975000381469727,25.0,19301
2019-06-05,26.059999465942383,26.170000076293945,25.924999237060547,25.924999237060547,11478
2019-06-06,26.170000076293945,26.364999771118164,26.06999969482422,26.145000457763672,9313
2019-06-07,26.739999771118164,26.80500030517578,26.434999465942383,26.46500015258789,77176
2019-06-11,27.06999969482422,27.350000381469727,27.06999969482422,27.174999237060547,31993
2019-06-12,26.89999961853028,26.95499992370605,26.825000762939453,26.90999984741211,17525
2019-06-13,27.020000457763672,27.11000061035156,26.88500022888184,26.895000457763672,33625
2019-06-14,26.94499969482422,26.94499969482422,26.71999931335449,26.924999237060547,21508
2019-06-17,26.975000381469727,27.02499961853028,26.834999084472656,27.02499961853028,31719
2019-06-18,27.600000381469727,27.6299991607666,26.84000015258789,26.84000015258789,14395
2019-06-19,27.475000381469727,27.600000381469727,27.280000686645508,27.549999237060547,28782
2019-06-20,27.76499938964844,27.89999961853028,27.69499969482422,27.700000762939453,30183
2019-06-21,27.739999771118164,27.7549991607666,27.559999465942383,27.665000915527344,31677
2019-06-24,27.475000381469727,27.565000534057617,27.3799991607666,27.48500061035156,17166
2019-06-25,27.200000762939453,27.440000534057617,27.200000762939453,27.334999084472656,18536
2019-06-26,27.364999771118164,27.450000762939453,26.950000762939453,27.14999961853028,51445
2019-06-27,27.295000076293945,27.46999931335449,27.295000076293945,27.3799991607666,27694
2019-06-28,27.3799991607666,27.5049991607666,27.28499984741211,27.475000381469727,13104
2019-07-01,28.01000022888184,28.280000686645508,27.94499969482422,28.075000762939453,65901
2019-07-02,28.03499984741211,28.100000381469727,27.88500022888184,28.0,14990
2019-07-03,28.28499984741211,28.315000534057617,28.1299991607666,28.229999542236328,34034
2019-07-04,28.39999961853028,28.415000915527344,28.295000076293945,28.395000457763672,20528
2019-07-05,28.270000457763672,28.43000030517578,28.170000076293945,28.239999771118164,9366
2019-07-08,28.1299991607666,28.30500030517578,28.075000762939453,28.28499984741211,64185
2019-07-09,28.209999084472656,28.25,27.959999084472656,28.0049991607666,12198
2019-07-10,28.364999771118164,28.51499938964844,28.100000381469727,28.23500061035156,32412
2019-07-11,28.53499984741211,28.53499984741211,28.364999771118164,28.420000076293945,48675
2019-07-12,28.56999969482422,28.59000015258789,28.43000030517578,28.5,22925
2019-07-15,28.71500015258789,28.7450008392334,28.549999237060547,28.69499969482422,21975
2019-07-16,28.73500061035156,28.8700008392334,28.71500015258789,28.795000076293945,22265
2019-07-17,28.6200008392334,28.709999084472656,28.56999969482422,28.709999084472656,18709
2019-07-18,28.44499969482422,28.57999992370605,28.270000457763672,28.475000381469727,14484
2019-07-19,28.80500030517578,28.875,28.729999542236328,28.76499938964844,15827
2019-07-22,28.770000457763672,28.84000015258789,28.545000076293945,28.61000061035156,26434
2019-07-23,29.114999771118164,29.2549991607666,28.9950008392334,29.0,27747
2019-07-24,29.299999237060547,29.32999992370605,29.13500022888184,29.26000022888184,31261
2019-07-25,29.25,29.584999084472656,29.19499969482422,29.55500030517578,64955
2019-07-26,29.475000381469727,29.475000381469727,29.225000381469727,29.450000762939453,21879
2019-07-29,29.3799991607666,29.48500061035156,29.18000030517578,29.325000762939453,24143
2019-07-30,29.190000534057617,29.38999938964844,29.020000457763672,29.38999938964844,85656
2019-07-31,29.32999992370605,29.32999992370605,29.18000030517578,29.25,11100
2019-08-01,29.56999969482422,29.56999969482422,28.875,29.01499938964844,30934
2019-08-02,28.11000061035156,28.71500015258789,28.049999237060547,28.59499931335449,44735
2019-08-05,27.190000534057617,27.84000015258789,27.11000061035156,27.84000015258789,99265
2019-08-06,27.040000915527344,27.38500022888184,26.82999992370605,26.8799991607666,52281
2019-08-07,27.209999084472656,27.51499938964844,26.7549991607666,27.31999969482422,31935
2019-08-08,27.924999237060547,27.924999237060547,27.45499992370605,27.575000762939453,19347
2019-08-09,27.614999771118164,28.01499938964844,27.600000381469727,28.01499938964844,17297
2019-08-12,27.5049991607666,28.040000915527344,27.450000762939453,27.9950008392334,5394
2019-08-13,27.93000030517578,28.114999771118164,27.174999237060547,27.325000762939453,7681
2019-08-14,27.46500015258789,28.1200008392334,27.43000030517578,28.1200008392334,24548
2019-08-15,27.354999542236328,27.674999237060547,26.8799991607666,27.674999237060547,46373
2019-08-16,27.8799991607666,27.8799991607666,27.43000030517578,27.43000030517578,42329
2019-08-19,28.280000686645508,28.350000381469727,28.045000076293945,28.21999931335449,32869
2019-08-20,28.30500030517578,28.395000457763672,28.13999938964844,28.354999542236328,36674
2019-08-21,28.53499984741211,28.549999237060547,28.315000534057617,28.34499931335449,11530
2019-08-22,28.34499931335449,28.625,28.200000762939453,28.420000076293945,17619
2019-08-23,27.795000076293945,28.729999542236328,27.795000076293945,28.729999542236328,38159
2019-08-26,27.78499984741211,28.0,27.71500015258789,27.88500022888184,21691
2019-08-27,27.89999961853028,28.104999542236328,27.700000762939453,27.809999465942383,18511
2019-08-28,27.809999465942383,27.915000915527344,27.520000457763672,27.850000381469727,24418
2019-08-29,28.3700008392334,28.38500022888184,27.80500030517578,27.80500030517578,14176
2019-08-30,28.440000534057617,28.670000076293945,28.299999237060547,28.3799991607666,13607
2019-09-02,28.4950008392334,28.59499931335449,28.375,28.52499961853028,43476
2019-09-03,28.32999992370605,28.545000076293945,28.21500015258789,28.545000076293945,9637
2019-09-04,28.53499984741211,28.614999771118164,28.39999961853028,28.59499931335449,39963
2019-09-05,29.14999961853028,29.21500015258789,28.780000686645508,28.905000686645508,40224
2019-09-06,29.21500015258789,29.309999465942383,29.06999969482422,29.13500022888184,15356
2019-09-09,29.07999992370605,29.30500030517578,28.95499992370605,29.280000686645508,31884
2019-09-10,28.55500030517578,28.90999984741211,28.53499984741211,28.90999984741211,10622
2019-09-11,29.09000015258789,29.100000381469727,28.75,28.86000061035156,72768
2019-09-12,29.23500061035156,29.565000534057617,29.155000686645508,29.34000015258789,36357
2019-09-13,29.09000015258789,29.209999084472656,28.950000762939453,29.07999992370605,16347
2019-09-16,29.09000015258789,29.09000015258789,28.725000381469727,28.790000915527344,28756
2019-09-17,28.96999931335449,29.07999992370605,28.95499992370605,29.03499984741211,14714
2019-09-18,28.96500015258789,29.100000381469727,28.96500015258789,29.040000915527344,28639
2019-09-19,29.325000762939453,29.3799991607666,28.975000381469727,28.975000381469727,17497
2019-09-20,29.225000381469727,29.290000915527344,29.104999542236328,29.125,12917
2019-09-23,29.02499961853028,29.155000686645508,28.799999237060547,29.155000686645508,9453
2019-09-24,28.989999771118164,29.26000022888184,28.989999771118164,29.09499931335449,16625
2019-09-25,28.850000381469727,28.89999961853028,28.549999237060547,28.795000076293945,20922
2019-09-26,29.1200008392334,29.30500030517578,29.0,29.030000686645508,16907
2019-09-27,29.174999237060547,29.3700008392334,29.09000015258789,29.299999237060547,17374
2019-09-30,29.21500015258789,29.21500015258789,28.9950008392334,28.9950008392334,13644
2019-10-01,29.15999984741211,29.59000015258789,29.145000457763672,29.53499984741211,31681
2019-10-02,28.21500015258789,28.975000381469727,28.21500015258789,28.975000381469727,11598
2019-10-04,28.94499969482422,28.94499969482422,28.540000915527344,28.59000015258789,14887
2019-10-07,29.07999992370605,29.07999992370605,28.88999938964844,28.88999938964844,20486
2019-10-08,28.68000030517578,29.065000534057617,28.575000762939453,29.030000686645508,20313
2019-10-09,28.78499984741211,28.815000534057617,28.489999771118164,28.489999771118164,11540
2019-10-10,29.045000076293945,29.09000015258789,28.6200008392334,28.78499984741211,4952
2019-10-11,29.52499961853028,29.565000534057617,29.13999938964844,29.13999938964844,29622
2019-10-14,29.43000030517578,29.46999931335449,29.14999961853028,29.46999931335449,12520
2019-10-15,29.625,29.739999771118164,29.46999931335449,29.600000381469727,20802
2019-10-16,29.32999992370605,29.690000534057617,29.32999992370605,29.684999465942383,22595
2019-10-17,29.065000534057617,29.51499938964844,29.065000534057617,29.354999542236328,13835
2019-10-18,28.895000457763672,29.13500022888184,28.895000457763672,29.02499961853028,17793
2019-10-21,29.05500030517578,29.104999542236328,28.854999542236328,28.905000686645508,17077
2019-10-22,29.030000686645508,29.325000762939453,29.030000686645508,29.325000762939453,18238
2019-10-23,28.825000762939453,28.86000061035156,28.53499984741211,28.71500015258789,35545
2019-10-24,29.225000381469727,29.229999542236328,28.88500022888184,28.950000762939453,25157
2019-10-25,29.604999542236328,29.604999542236328,29.270000457763672,29.3700008392334,13948
2019-10-28,29.89999961853028,29.95499992370605,29.7549991607666,29.7549991607666,40023
2019-10-29,29.81999969482422,30.0,29.739999771118164,29.96999931335449,61687
2019-10-30,29.71999931335449,29.78499984741211,29.614999771118164,29.614999771118164,18361
2019-10-31,29.63999938964844,29.834999084472656,29.530000686645508,29.834999084472656,36449
2019-11-01,29.895000457763672,29.9950008392334,29.739999771118164,29.795000076293945,46661
2019-11-04,30.2549991607666,30.549999237060547,30.1299991607666,30.1299991607666,70969
2019-11-05,30.440000534057617,30.545000076293945,30.299999237060547,30.334999084472656,20895
2019-11-06,30.39999961853028,30.46999931335449,30.270000457763672,30.40999984741211,28950
2019-11-07,30.850000381469727,31.020000457763672,30.55500030517578,30.684999465942383,74705
2019-11-08,30.73500061035156,30.7549991607666,30.57999992370605,30.625,29464
2019-11-11,30.850000381469727,30.854999542236328,30.68000030517578,30.770000457763672,26197
2019-11-12,31.200000762939453,31.200000762939453,30.90999984741211,30.950000762939453,21887
2019-11-13,31.1200008392334,31.15999984741211,30.90999984741211,31.11000061035156,16095
2019-11-14,31.06999969482422,31.200000762939453,31.020000457763672,31.15999984741211,12794
2019-11-15,31.2450008392334,31.28499984741211,31.114999771118164,31.26499938964844,41234
2019-11-18,31.200000762939453,31.475000381469727,31.06999969482422,31.375,41158
2019-11-19,31.30500030517578,31.46500015258789,31.200000762939453,31.405000686645508,30642
2019-11-20,31.315000534057617,31.36000061035156,31.13500022888184,31.209999084472656,54600
2019-11-21,31.01000022888184,31.200000762939453,31.0,31.100000381469727,30885
2019-11-22,31.100000381469727,31.2450008392334,31.049999237060547,31.165000915527344,30457
2019-11-25,31.565000534057617,31.565000534057617,31.28499984741211,31.28499984741211,38094
2019-11-26,31.700000762939453,31.75,31.575000762939453,31.75,39209
2019-11-27,31.77499961853028,31.96500015258789,31.725000381469727,31.82999992370605,48231
2019-11-28,31.780000686645508,31.82999992370605,31.674999237060547,31.770000457763672,17108
2019-11-29,31.71500015258789,31.84000015258789,31.655000686645508,31.700000762939453,12976
2019-12-02,30.93000030517578,31.88999938964844,30.93000030517578,31.790000915527344,41138
2019-12-03,30.59499931335449,31.18000030517578,30.43000030517578,31.125,28159
2019-12-04,31.03499984741211,31.165000915527344,30.6299991607666,30.780000686645508,31465
2019-12-05,31.0,31.15999984741211,30.979999542236328,31.104999542236328,25494
2019-12-06,31.51499938964844,31.559999465942383,31.040000915527344,31.145000457763672,21651
2019-12-09,31.36000061035156,31.520000457763672,31.36000061035156,31.5049991607666,42364
2019-12-10,31.309999465942383,31.36000061035156,31.03499984741211,31.34000015258789,23245
2019-12-11,31.30500030517578,31.38999938964844,31.20499992370605,31.34000015258789,20384
2019-12-12,31.475000381469727,31.690000534057617,31.18000030517578,31.434999465942383,18325
2019-12-13,31.739999771118164,31.84000015258789,31.5,31.77499961853028,37407
2019-12-16,32.189998626708984,32.209999084472656,31.940000534057617,32.0,32176
2019-12-17,32.060001373291016,32.220001220703125,31.959999084472656,32.220001220703125,32874
2019-12-18,32.154998779296875,32.189998626708984,32.029998779296875,32.08000183105469,27623
2019-12-19,32.15999984741211,32.18000030517578,31.979999542236328,32.1150016784668,38234
2019-12-20,32.61000061035156,32.61000061035156,32.220001220703125,32.290000915527344,44665
2019-12-23,32.599998474121094,32.67499923706055,32.5099983215332,32.584999084472656,49321
2019-12-27,32.630001068115234,32.869998931884766,32.54999923706055,32.869998931884766,45292
2019-12-30,32.540000915527344,32.60499954223633,32.44499969482422,32.60499954223633,34828
2020-01-02,32.845001220703125,32.94499969482422,32.599998474121094,32.61000061035156,67765
2020-01-03,32.779998779296875,33.0099983215332,32.599998474121094,32.869998931884766,40298
2020-01-06,32.68000030517578,32.72999954223633,32.34000015258789,32.630001068115234,49840
2020-01-07,33.06999969482422,33.11000061035156,32.81999969482422,32.834999084472656,58872
2020-01-08,33.15999984741211,33.279998779296875,32.724998474121094,32.81999969482422,52070
2020-01-09,33.685001373291016,33.720001220703125,33.525001525878906,33.564998626708984,74996
2020-01-10,33.779998779296875,33.94499969482422,33.75,33.84000015258789,95636
2020-01-13,33.76499938964844,33.900001525878906,33.70000076293945,33.70500183105469,90347
2020-01-14,33.915000915527344,34.08000183105469,33.82500076293945,33.935001373291016,130482
2020-01-15,33.95500183105469,33.95500183105469,33.755001068115234,33.935001373291016,95432
2020-01-16,34.130001068115234,34.13999938964844,33.880001068115234,34.005001068115234,76234
2020-01-17,34.41999816894531,34.619998931884766,34.31999969482422,34.35499954223633,91274
2020-01-20,34.630001068115234,34.6349983215332,34.525001525878906,34.564998626708984,68837
2020-01-21,34.724998474121094,34.724998474121094,34.349998474121094,34.505001068115234,52991
2020-01-22,34.880001068115234,34.959999084472656,34.75,34.75,127488
2020-01-23,34.80500030517578,34.900001525878906,34.64500045776367,34.70500183105469,110365
2020-01-24,35.23500061035156,35.34000015258789,35.10499954223633,35.10499954223633,112881
2020-01-27,34.099998474121094,34.48500061035156,33.92499923706055,34.46500015258789,90869
2020-01-28,34.63999938964844,34.66999816894531,34.11000061035156,34.380001068115234,72395
2020-01-29,34.86000061035156,35.040000915527344,34.72999954223633,34.875,88323
2020-01-30,34.630001068115234,34.79999923706055,34.42499923706055,34.68000030517578,96233
2020-01-31,34.025001525878906,34.84000015258789,33.97999954223633,34.81999969482422,56946
2020-02-03,34.29999923706055,34.43000030517578,33.900001525878906,34.13999938964844,151718
2020-02-04,35.30500030517578,35.30500030517578,34.70000076293945,34.70000076293945,79285
2020-02-05,35.45000076293945,36.005001068115234,35.255001068115234,35.27000045776367,109792
2020-02-06,35.834999084472656,35.915000915527344,35.595001220703125,35.915000915527344,57181
2020-02-07,35.95500183105469,36.0,35.63999938964844,35.970001220703125,143145
2020-02-10,36.09999847412109,36.09999847412109,35.599998474121094,35.78499984741211,74363
2020-02-11,36.48500061035156,36.60499954223633,36.369998931884766,36.369998931884766,81068
2020-02-12,36.560001373291016,36.59000015258789,36.345001220703125,36.41999816894531,84972
2020-02-13,36.88999938964844,36.88999938964844,36.29999923706055,36.55500030517578,44922
2020-02-14,36.915000915527344,36.935001373291016,36.65999984741211,36.83000183105469,51377
2020-02-17,37.060001373291016,37.09000015258789,36.98500061035156,37.09000015258789,104634
2020-02-18,36.72999954223633,36.72999954223633,36.27000045776367,36.38999938964844,105394
2020-02-19,37.27999877929688,37.27999877929688,36.86000061035156,36.8849983215332,76333
2020-02-20,36.59000015258789,37.27999877929688,36.59000015258789,37.2599983215332,77230
2020-02-21,36.21500015258789,36.72499847412109,35.95000076293945,36.54499816894531,82698
2020-02-24,34.474998474121094,34.8849983215332,34.224998474121094,34.80500030517578,295255
2020-02-25,33.83000183105469,34.8650016784668,33.720001220703125,34.83000183105469,170227
2020-02-26,33.86000061035156,34.13999938964844,32.65999984741211,33.5099983215332,251263
2020-02-27,32.220001220703125,33.029998779296875,31.549999237060547,32.82500076293945,187180
2020-02-28,31.049999237060547,31.13500022888184,29.924999237060547,30.684999465942383,441782
2020-03-02,31.895000457763672,32.165000915527344,30.854999542236328,31.98500061035156,191630
2020-03-03,32.1349983215332,33.34000015258789,32.1349983215332,32.630001068115234,272632
2020-03-04,32.275001525878906,32.584999084472656,31.979999542236328,32.09000015258789,133546
2020-03-05,32.3849983215332,32.64500045776367,31.739999771118164,32.64500045776367,84622
2020-03-06,30.674999237060547,31.38999938964844,30.09000015258789,31.30500030517578,159969
2020-03-09,28.825000762939453,30.09499931335449,27.0,30.09499931335449,175413
2020-03-10,28.86000061035156,29.979999542236328,28.5,29.27499961853028,205215
2020-03-11,29.309999465942383,29.700000762939453,28.934999465942383,29.43000030517578,266446
2020-03-12,26.940000534057617,27.700000762939453,25.295000076293945,27.5,328036
2020-03-13,27.26499938964844,28.25,26.600000381469727,27.34000015258789,88757
2020-03-16,26.9950008392334,27.39999961853028,24.799999237060547,26.350000381469727,157694
2020-03-17,26.96999931335449,27.55500030517578,25.239999771118164,26.6200008392334,45942
2020-03-18,26.05500030517578,26.725000381469727,25.145000457763672,25.48500061035156,29716
2020-03-19,26.864999771118164,27.21999931335449,25.920000076293945,26.15999984741211,49416
2020-03-20,27.11000061035156,28.575000762939453,26.799999237060547,28.27499961853028,106367
2020-03-23,25.4950008392334,26.795000076293945,24.98500061035156,25.364999771118164,107989
2020-03-24,28.280000686645508,28.280000686645508,26.559999465942383,27.05500030517578,85158
2020-03-25,28.700000762939453,29.18000030517578,27.709999084472656,28.63999938964844,112191
2020-03-26,28.90999984741211,28.9950008392334,27.334999084472656,27.65999984741211,99431
2020-03-27,28.26000022888184,28.86000061035156,27.924999237060547,28.709999084472656,54008
2020-03-30,28.9950008392334,28.9950008392334,27.575000762939453,27.940000534057617,106209
2020-03-31,29.44499969482422,29.665000915527344,28.93000030517578,29.30500030517578,112168
2020-04-01,28.1200008392334,28.354999542236328,27.709999084472656,28.01499938964844,97438
2020-04-02,28.01000022888184,28.084999084472656,27.43000030517578,27.924999237060547,64528
2020-04-03,27.975000381469727,28.5049991607666,27.8799991607666,28.01000022888184,27047
2020-04-06,29.4950008392334,29.4950008392334,28.94499969482422,29.13500022888184,56327
2020-04-07,30.479999542236328,31.100000381469727,30.02499961853028,30.540000915527344,195402
2020-04-08,30.63999938964844,30.63999938964844,29.665000915527344,29.89999961853028,98686
2020-04-09,30.604999542236328,31.14999961853028,30.309999465942383,30.80500030517578,188001
2020-04-14,31.489999771118164,31.625,31.0,31.295000076293945,460601
2020-04-15,31.18000030517578,31.71500015258789,31.040000915527344,31.69499969482422,172383
2020-04-16,31.7450008392334,31.815000534057617,31.165000915527344,31.559999465942383,75542
2020-04-17,31.790000915527344,32.720001220703125,31.790000915527344,32.505001068115234,137532
2020-04-20,32.1349983215332,32.1349983215332,31.63999938964844,32.1150016784668,127472
2020-04-21,30.315000534057617,31.81999969482422,30.2450008392334,31.77499961853028,109999
2020-04-22,31.334999084472656,31.48500061035156,30.80500030517578,30.915000915527344,69790
2020-04-23,31.96999931335449,32.01499938964844,31.51000022888184,31.77499961853028,61168
2020-04-24,31.655000686645508,31.7450008392334,31.39999961853028,31.459999084472656,418475
2020-04-27,32.36000061035156,32.48500061035156,32.130001068115234,32.33000183105469,67684
2020-04-28,32.26499938964844,32.75,32.09000015258789,32.44499969482422,106817
2020-04-29,33.025001525878906,33.03499984741211,32.20000076293945,32.34000015258789,128593
2020-04-30,32.79999923706055,33.529998779296875,32.69499969482422,33.470001220703125,96222
2020-05-04,32.005001068115234,32.064998626708984,31.209999084472656,31.63500022888184,155967
2020-05-05,33.1150016784668,33.1150016784668,32.474998474121094,32.505001068115234,109540
2020-05-06,33.439998626708984,33.52000045776367,33.150001525878906,33.27000045776367,73079
2020-05-07,33.939998626708984,34.029998779296875,33.619998931884766,33.619998931884766,197883
2020-05-08,34.040000915527344,34.255001068115234,33.90999984741211,33.994998931884766,175237
2020-05-11,34.5,34.529998779296875,33.959999084472656,34.404998779296875,129497
2020-05-12,34.41999816894531,34.630001068115234,34.1349983215332,34.404998779296875,226980
2020-05-13,33.58000183105469,34.0,33.439998626708984,33.8650016784668,142699
2020-05-14,33.220001220703125,33.48500061035156,32.71500015258789,33.279998779296875,140926
2020-05-15,33.25,33.915000915527344,32.95500183105469,33.880001068115234,279111
2020-05-18,34.52000045776367,34.61000061035156,34.01499938964844,34.125,122463
2020-05-19,34.58000183105469,34.630001068115234,34.029998779296875,34.53499984741211,258656
2020-05-20,34.81999969482422,34.81999969482422,34.28499984741211,34.33000183105469,111433
2020-05-21,34.560001373291016,34.790000915527344,34.38999938964844,34.57500076293945,102707
2020-05-22,34.595001220703125,34.66999816894531,33.95000076293945,34.1150016784668,120204
2020-05-25,35.314998626708984,35.345001220703125,35.0,35.14500045776367,150353
2020-05-26,34.86000061035156,35.52000045776367,34.86000061035156,35.52000045776367,153017
2020-05-27,34.15999984741211,35.07500076293945,33.82500076293945,35.029998779296875,153659
2020-05-28,34.77000045776367,34.845001220703125,34.39500045776367,34.584999084472656,86205
2020-05-29,34.255001068115234,34.540000915527344,34.15999984741211,34.38999938964844,84993
2020-06-02,34.55500030517578,34.9900016784668,34.45000076293945,34.900001525878906,123166
2020-06-03,35.04499816894531,35.13999938964844,34.94499969482422,34.970001220703125,84115
2020-06-04,34.67499923706055,35.189998626708984,34.64500045776367,35.07500076293945,57447
2020-06-05,35.41999816894531,35.41999816894531,34.58000183105469,34.66999816894531,84928
2020-06-08,35.290000915527344,35.505001068115234,35.0,35.42499923706055,152379
2020-06-09,35.474998474121094,35.91999816894531,35.310001373291016,35.60499954223633,53775
2020-06-10,35.91999816894531,35.95000076293945,35.470001220703125,35.68000030517578,64647
2020-06-11,35.0099983215332,35.654998779296875,34.959999084472656,35.64500045776367,80285
2020-06-12,34.779998779296875,35.15999984741211,34.44499969482422,34.5099983215332,68760
2020-06-15,34.595001220703125,34.66999816894531,33.564998626708984,33.92499923706055,84273
2020-06-16,35.810001373291016,36.14500045776367,35.30500030517578,35.30500030517578,98990
2020-06-17,36.23500061035156,36.310001373291016,35.915000915527344,35.915000915527344,37284
2020-06-18,36.18000030517578,36.2400016784668,35.880001068115234,36.04999923706055,59291
2020-06-19,36.63999938964844,36.665000915527344,36.415000915527344,36.5,49953
2020-06-22,36.29499816894531,36.34000015258789,36.0,36.04999923706055,120915
2020-06-23,36.85499954223633,36.86000061035156,36.584999084472656,36.63999938964844,156247
2020-06-24,36.025001525878906,36.76499938964844,35.97999954223633,36.70000076293945,83550
2020-06-25,36.084999084472656,36.32500076293945,35.65999984741211,35.89500045776367,60963
2020-06-26,36.13999938964844,36.72499847412109,35.93000030517578,36.59000015258789,49632
2020-06-29,36.005001068115234,36.040000915527344,35.39500045776367,35.90999984741211,76575
2020-06-30,36.64500045776367,36.65999984741211,36.27000045776367,36.45500183105469,46357
2020-07-01,36.83000183105469,37.02999877929688,36.630001068115234,36.79499816894531,56209
2020-07-02,37.26499938964844,37.345001220703125,36.845001220703125,36.95500183105469,143309
2020-07-03,37.165000915527344,37.38999938964844,37.03499984741211,37.3650016784668,99108
2020-07-06,37.79499816894531,37.79499816894531,37.35499954223633,37.595001220703125,94122
2020-07-07,37.900001525878906,37.96500015258789,37.400001525878906,37.55500030517578,100193
2020-07-08,37.459999084472656,37.59999847412109,37.29999923706055,37.5099983215332,73836
2020-07-09,37.68000030517578,38.060001373291016,37.5,37.72499847412109,77997
2020-07-10,37.875,38.03499984741211,37.6150016784668,37.82500076293945,81493
2020-07-13,38.380001068115234,38.380001068115234,38.084999084472656,38.20500183105469,113555
2020-07-14,36.834999084472656,37.369998931884766,36.28499984741211,37.369998931884766,82396
2020-07-15,37.380001068115234,37.64500045776367,37.20000076293945,37.32500076293945,84833
2020-07-16,36.7599983215332,37.2400016784668,36.63999938964844,37.2400016784668,46714
2020-07-17,37.06999969482422,37.150001525878906,36.79999923706055,37.06999969482422,30397
2020-07-20,37.70000076293945,37.70000076293945,36.78499984741211,36.845001220703125,37384
2020-07-21,37.80500030517578,38.584999084472656,37.71500015258789,38.43000030517578,89423
2020-07-22,37.5,37.619998931884766,37.26499938964844,37.59999847412109,50398
2020-07-23,37.375,37.70000076293945,37.34000015258789,37.625,35265
2020-07-24,36.16999816894531,36.334999084472656,35.564998626708984,36.05500030517578,75172
2020-07-27,35.90999984741211,36.20500183105469,35.904998779296875,35.959999084472656,30604
2020-07-28,36.27000045776367,36.5099983215332,35.9900016784668,36.369998931884766,45175
2020-07-29,36.220001220703125,36.290000915527344,35.959999084472656,36.02000045776367,46826
2020-07-30,36.130001068115234,36.345001220703125,35.67499923706055,36.345001220703125,39047
2020-07-31,36.61000061035156,36.83000183105469,36.165000915527344,36.71500015258789,41898
2020-08-03,38.040000915527344,38.20500183105469,37.15999984741211,37.310001373291016,93314
2020-08-04,37.98500061035156,38.18000030517578,37.75,38.14500045776367,26140
2020-08-05,37.869998931884766,38.21500015258789,37.7599983215332,38.17499923706055,42452
2020-08-06,38.03499984741211,38.185001373291016,37.84000015258789,37.88999938964844,42537
2020-08-07,38.44499969482422,38.540000915527344,38.244998931884766,38.334999084472656,33628
2020-08-10,37.845001220703125,38.23500061035156,37.47499847412109,38.11000061035156,78644
2020-08-11,37.92499923706055,38.275001525878906,37.6349983215332,38.22499847412109,43820
2020-08-12,38.04499816894531,38.06999969482422,37.59000015258789,37.79999923706055,28046
2020-08-13,38.22499847412109,38.290000915527344,37.82500076293945,37.97999954223633,48722
2020-08-14,37.98500061035156,38.29999923706055,37.83000183105469,38.29999923706055,16482
2020-08-17,38.15999984741211,38.27999877929688,37.9900016784668,38.040000915527344,43972
2020-08-18,38.02999877929688,38.209999084472656,37.81499862670898,38.125,41707
2020-08-19,38.369998931884766,38.369998931884766,38.06999969482422,38.165000915527344,33849
2020-08-20,38.51499938964844,38.51499938964844,38.02999877929688,38.1349983215332,39331
2020-08-21,39.15499877929688,39.22499847412109,38.70500183105469,38.77000045776367,40458
2020-08-24,39.470001220703125,39.73500061035156,39.275001525878906,39.51499938964844,50054
2020-08-25,39.55500030517578,39.790000915527344,39.380001068115234,39.78499984741211,50542
2020-08-26,40.39500045776367,40.39500045776367,39.810001373291016,39.810001373291016,64517
2020-08-27,40.73500061035156,40.89500045776367,40.369998931884766,40.52000045776367,38994
2020-08-28,40.459999084472656,40.61000061035156,40.130001068115234,40.47999954223633,40895
2020-08-31,40.38999938964844,40.900001525878906,40.29999923706055,40.790000915527344,91302
2020-09-01,41.040000915527344,41.10499954223633,40.32500076293945,40.6150016784668,230044
2020-09-02,41.61000061035156,42.375,41.52000045776367,41.875,206899
2020-09-03,39.96500015258789,42.25,39.709999084472656,42.18999862670898,125451
2020-09-04,38.3650016784668,40.0,37.65499877929688,39.28499984741211,137299
2020-09-07,38.98500061035156,38.98500061035156,38.54499816894531,38.57500076293945,76279
2020-09-08,38.220001220703125,39.220001220703125,37.70500183105469,39.10499954223633,104167
2020-09-09,38.709999084472656,38.82500076293945,37.84999847412109,37.91999816894531,118020
2020-09-10,38.66999816894531,38.9900016784668,38.415000915527344,38.80500030517578,45072
2020-09-11,37.845001220703125,38.55500030517578,37.845001220703125,38.43000030517578,46971
2020-09-14,38.31999969482422,38.4900016784668,37.92499923706055,38.14500045776367,98711
2020-09-15,38.845001220703125,38.95000076293945,38.31999969482422,38.38999938964844,205925
2020-09-16,38.72499847412109,39.02999877929688,38.525001525878906,38.97499847412109,53572
2020-09-17,37.96500015258789,38.15999984741211,37.415000915527344,37.84000015258789,74239
2020-09-18,37.459999084472656,38.165000915527344,37.459999084472656,38.04999923706055,38761
2020-09-21,37.119998931884766,37.375,36.81499862670898,37.31999969482422,208630
2020-09-22,38.06499862670898,38.56999969482422,37.834999084472656,37.98500061035156,63654
2020-09-23,38.459999084472656,38.970001220703125,38.459999084472656,38.67499923706055,48727
2020-09-24,38.13999938964844,38.13999938964844,37.26499938964844,37.60499954223633,49529
2020-09-25,38.51499938964844,38.51499938964844,37.60499954223633,37.959999084472656,72033
2020-09-28,39.275001525878906,39.47499847412109,39.09999847412109,39.150001525878906,35685
2020-09-29,39.21500015258789,39.51499938964844,39.119998931884766,39.51499938964844,31967
2020-09-30,39.54499816894531,39.59999847412109,38.83000183105469,38.89500045776367,43402
2020-10-01,39.79999923706055,40.15499877929688,39.595001220703125,39.66999816894531,80789
2020-10-02,39.275001525878906,39.65499877929688,38.95000076293945,39.2400016784668,29125
2020-10-05,39.345001220703125,39.43999862670898,39.095001220703125,39.35499954223633,41945
2020-10-06,39.47999954223633,39.72499847412109,39.345001220703125,39.56999969482422,33177
2020-10-07,39.68000030517578,39.71500015258789,39.310001373291016,39.40999984741211,45363
2020-10-08,39.9900016784668,40.25,39.93999862670898,40.15499877929688,32912
2020-10-09,40.275001525878906,40.29999923706055,39.959999084472656,40.095001220703125,55249
2020-10-12,41.255001068115234,41.29999923706055,40.59999847412109,40.65499877929688,61077
2020-10-13,41.8650016784668,42.0,41.415000915527344,41.52000045776367,49585
2020-10-14,41.380001068115234,41.81499862670898,41.31999969482422,41.80500030517578,46399
2020-10-15,40.935001373291016,41.0,40.459999084472656,40.880001068115234,96532
2020-10-16,41.19499969482422,41.51499938964844,41.005001068115234,41.165000915527344,27966
2020-10-19,40.88999938964844,41.43000030517578,40.75,41.33000183105469,73722
2020-10-20,40.084999084472656,40.64500045776367,39.959999084472656,40.56999969482422,72614
2020-10-21,39.959999084472656,40.275001525878906,39.76499938964844,40.22499847412109,58905
2020-10-22,39.57500076293945,40.02999877929688,39.52000045776367,39.720001220703125,53716
2020-10-23,39.505001068115234,39.84000015258789,39.505001068115234,39.67499923706055,37184
2020-10-26,38.71500015258789,39.5,38.71500015258789,39.2599983215332,56884
2020-10-27,38.970001220703125,39.14500045776367,38.89500045776367,38.95500183105469,43847
2020-10-28,37.97499847412109,38.95000076293945,37.90999984741211,38.92499923706055,99377
2020-10-29,38.560001373291016,38.584999084472656,37.72499847412109,38.185001373291016,58162
2020-10-30,37.60499954223633,37.9900016784668,37.33000183105469,37.59999847412109,123296
2020-11-02,37.76499938964844,38.20000076293945,37.73500061035156,37.790000915527344,155191
2020-11-03,38.375,38.415000915527344,37.709999084472656,37.720001220703125,66938
2020-11-04,39.64500045776367,39.72499847412109,38.75,38.86000061035156,72184
2020-11-05,40.44499969482422,40.595001220703125,40.25,40.46500015258789,107889
2020-11-06,40.40499877929688,40.435001373291016,39.875,40.255001068115234,58096
2020-11-09,41.56999969482422,42.0,40.869998931884766,41.369998931884766,142836
2020-11-10,39.77999877929688,40.459999084472656,39.334999084472656,40.43000030517578,160976
2020-11-11,40.540000915527344,40.6150016784668,39.52999877929688,39.52999877929688,105449
2020-11-12,40.52000045776367,40.78499984741211,40.47499847412109,40.505001068115234,24586
2020-11-13,40.25,40.6150016784668,40.220001220703125,40.60499954223633,46782
2020-11-16,40.790000915527344,40.875,40.459999084472656,40.68999862670898,96375
2020-11-17,40.53499984741211,40.75,40.400001525878906,40.70000076293945,33612
2020-11-18,40.57500076293945,40.70500183105469,40.43999862670898,40.52000045776367,48564
2020-11-19,40.52000045776367,40.540000915527344,40.084999084472656,40.28499984741211,33984
2020-11-20,40.73500061035156,40.79499816894531,40.5,40.59000015258789,60280
2020-11-23,40.22499847412109,40.73500061035156,40.16999816894531,40.51499938964844,46555
2020-11-24,40.61000061035156,40.665000915527344,40.28499984741211,40.630001068115234,34052
2020-11-25,40.77999877929688,40.88999938964844,40.630001068115234,40.76499938964844,29470
2020-11-26,41.02000045776367,41.07500076293945,40.90999984741211,40.95500183105469,26142
2020-11-27,41.084999084472656,41.150001525878906,40.915000915527344,40.915000915527344,45002
2020-11-30,40.77000045776367,41.14500045776367,40.52000045776367,40.880001068115234,58233
2020-12-01,41.41999816894531,41.68999862670898,41.16999816894531,41.54999923706055,281401
2020-12-02,41.0099983215332,41.34999847412109,40.810001373291016,41.20000076293945,105699
2020-12-03,41.11000061035156,41.18000030517578,41.005001068115234,41.02999877929688,63519
2020-12-04,41.380001068115234,41.380001068115234,40.95000076293945,41.15999984741211,35366
2020-12-07,41.56499862670898,41.619998931884766,41.33000183105469,41.459999084472656,60770
2020-12-08,41.63999938964844,41.65999984741211,41.415000915527344,41.58000183105469,37733
2020-12-09,41.76499938964844,41.8650016784668,41.630001068115234,41.810001373291016,51273
2020-12-10,41.20500183105469,41.20500183105469,40.560001373291016,41.02000045776367,65953
2020-12-11,40.720001220703125,40.97999954223633,40.63999938964844,40.97999954223633,55732
2020-12-14,41.29499816894531,41.42499923706055,40.92499923706055,41.07500076293945,50203
2020-12-15,41.375,41.56999969482422,41.18000030517578,41.19499969482422,56708
2020-12-16,41.8849983215332,41.8849983215332,41.540000915527344,41.77000045776367,57656
2020-12-17,42.1150016784668,42.18000030517578,41.98500061035156,41.98500061035156,33082
2020-12-18,42.060001373291016,42.22999954223633,41.98500061035156,42.1150016784668,45485
2020-12-21,41.650001525878906,42.33000183105469,41.29499816894531,42.29499816894531,88692
2020-12-22,42.48500061035156,42.72499847412109,42.13999938964844,42.165000915527344,83948
2020-12-23,42.51499938964844,42.90499877929688,42.43999862670898,42.81499862670898,50856
2020-12-28,42.8650016784668,43.05500030517578,42.68999862670898,43.05500030517578,61037
2020-12-29,42.72999954223633,43.06499862670898,42.61000061035156,43.040000915527344,67960
2020-12-30,42.619998931884766,42.7400016784668,42.54999923706055,42.70000076293945,30338
2021-01-04,41.970001220703125,42.845001220703125,41.91999816894531,42.82500076293945,124622
2021-01-05,42.005001068115234,42.33000183105469,41.709999084472656,41.98500061035156,82774
2021-01-06,42.05500030517578,42.16999816894531,41.06999969482422,41.275001525878906,80806
2021-01-07,42.40499877929688,42.505001068115234,41.505001068115234,41.65999984741211,62518
2021-01-08,42.959999084472656,43.09999847412109,42.73500061035156,42.92499923706055,48956
2021-01-11,43.125,43.209999084472656,42.709999084472656,43.14500045776367,45453
2021-01-12,42.84000015258789,43.11000061035156,42.66999816894531,43.060001373291016,37054
2021-01-13,43.15999984741211,43.15999984741211,42.685001373291016,42.91999816894531,29011
2021-01-14,43.220001220703125,43.45000076293945,43.04999923706055,43.29999923706055,35830
2021-01-15,42.89500045776367,43.130001068115234,42.59000015258789,42.92499923706055,77274
2021-01-18,42.72999954223633,42.790000915527344,42.619998931884766,42.75,41741
2021-01-19,42.7599983215332,43.04999923706055,42.744998931884766,42.970001220703125,63879
2021-01-20,43.8650016784668,43.98500061035156,43.119998931884766,43.119998931884766,50967
2021-01-21,44.08000183105469,44.15999984741211,43.84999847412109,44.1349983215332,43901
2021-01-22,43.97999954223633,44.20500183105469,43.81499862670898,44.1150016784668,30645
2021-01-25,44.1349983215332,44.775001525878906,43.59000015258789,44.4900016784668,50968
2021-01-26,44.369998931884766,44.67499923706055,44.35499954223633,44.43000030517578,107165
2021-01-27,44.0,44.77000045776367,43.71500015258789,44.59000015258789,65818
2021-01-28,43.95500183105469,44.09999847412109,42.81499862670898,43.39500045776367,72599
2021-01-29,42.89500045776367,43.52999877929688,42.89500045776367,43.2599983215332,77430
2021-02-01,43.7400016784668,43.7400016784668,43.07500076293945,43.18999862670898,129292
2021-02-02,44.65499877929688,44.73500061035156,44.244998931884766,44.244998931884766,54383
2021-02-03,44.68999862670898,45.025001525878906,44.58000183105469,44.9900016784668,57376
2021-02-04,45.13999938964844,45.18999862670898,44.70000076293945,44.70000076293945,55102
2021-02-05,45.22499847412109,45.665000915527344,45.16999816894531,45.65499877929688,63850
2021-02-08,45.525001525878906,45.63999938964844,45.400001525878906,45.5,100643
2021-02-09,45.63999938964844,45.79999923706055,45.41999816894531,45.64500045776367,44855
2021-02-10,45.310001373291016,45.96500015258789,45.06999969482422,45.755001068115234,60885
2021-02-11,45.93000030517578,45.93000030517578,45.47999954223633,45.540000915527344,59844
2021-02-12,46.095001220703125,46.1150016784668,45.869998931884766,45.970001220703125,25108
2021-02-15,46.43999862670898,46.5,46.27999877929688,46.34000015258789,68835
2021-02-16,46.20500183105469,46.52000045776367,46.20000076293945,46.435001373291016,62336
2021-02-17,45.46500015258789,46.30500030517578,45.40999984741211,46.275001525878906,61177
2021-02-18,45.20500183105469,45.70500183105469,45.02000045776367,45.59999847412109,41825
2021-02-19,45.63999938964844,45.685001373291016,45.3650016784668,45.494998931884766,33205
2021-02-22,44.584999084472656,45.01499938964844,44.44499969482422,44.970001220703125,112733
2021-02-23,43.685001373291016,44.55500030517578,42.73500061035156,44.55500030517578,102760
2021-02-24,44.040000915527344,44.26499938964844,43.41999816894531,43.775001525878906,52809
2021-02-25,43.56999969482422,44.459999084472656,43.5,44.459999084472656,47705
2021-02-26,43.68000030517578,43.68000030517578,42.70500183105469,42.70500183105469,78068
2021-03-01,44.65499877929688,44.65499877929688,44.0099983215332,44.09999847412109,127848
2021-03-02,44.275001525878906,45.084999084472656,44.275001525878906,44.84000015258789,47466
2021-03-03,43.69499969482422,44.5,43.40999984741211,44.459999084472656,44268
2021-03-04,42.78499984741211,43.209999084472656,42.29499816894531,43.05500030517578,55797
2021-03-05,41.810001373291016,42.93000030517578,41.59999847412109,42.09999847412109,128871
2021-03-08,43.01499938964844,43.34000015258789,42.2400016784668,42.369998931884766,98769
2021-03-09,43.415000915527344,43.52999877929688,42.59999847412109,42.68999862670898,81491
2021-03-10,43.52999877929688,43.94499969482422,43.275001525878906,43.42499923706055,79191
2021-03-11,44.17499923706055,44.17499923706055,43.59999847412109,43.72499847412109,89984
2021-03-12,43.51499938964844,43.80500030517578,43.38999938964844,43.665000915527344,111846
2021-03-15,44.01499938964844,44.150001525878906,43.76499938964844,43.790000915527344,69073
2021-03-16,44.92499923706055,45.18999862670898,44.52999877929688,44.540000915527344,58097
2021-03-17,44.165000915527344,44.78499984741211,44.095001220703125,44.76499938964844,44593
2021-03-18,44.02000045776367,44.35499954223633,43.86000061035156,44.33000183105469,47892
2021-03-19,43.665000915527344,43.86000061035156,43.29999923706055,43.650001525878906,43577
2021-03-22,44.244998931884766,44.255001068115234,43.60499954223633,43.75,48416
2021-03-23,44.375,44.59999847412109,44.05500030517578,44.20000076293945,49870
2021-03-24,44.1150016784668,44.70000076293945,44.1150016784668,44.5,17479
2021-03-25,43.82500076293945,43.98500061035156,43.27999877929688,43.8650016784668,111781
2021-03-26,44.2599983215332,44.2599983215332,43.60499954223633,44.095001220703125,21940
2021-03-29,44.47499847412109,44.85499954223633,44.369998931884766,44.58000183105469,31172
2021-03-30,44.45500183105469,44.59000015258789,44.22499847412109,44.560001373291016,21073
2021-03-31,45.13999938964844,45.13999938964844,44.39500045776367,44.47499847412109,49658
2021-04-01,45.77999877929688,45.96500015258789,45.400001525878906,45.45000076293945,83939
2021-04-06,46.45500183105469,46.6150016784668,46.19499969482422,46.6150016784668,146178
2021-04-07,46.22999954223633,46.34999847412109,45.90999984741211,46.31999969482422,34495
2021-04-08,46.84000015258789,46.880001068115234,46.64500045776367,46.73500061035156,61974
2021-04-09,47.09999847412109,47.13999938964844,46.78499984741211,46.95000076293945,25959
2021-04-12,47.03499984741211,47.39500045776367,46.90499877929688,47.31999969482422,45177
2021-04-13,47.244998931884766,47.44499969482422,47.08000183105469,47.150001525878906,31082
2021-04-14,47.1349983215332,47.61000061035156,47.09000015258789,47.57500076293945,81717
2021-04-15,47.58000183105469,47.619998931884766,47.06999969482422,47.07500076293945,74233
2021-04-16,47.52999877929688,47.755001068115234,47.45000076293945,47.56499862670898,41251
2021-04-19,46.96500015258789,47.70500183105469,46.90999984741211,47.70500183105469,46534
2021-04-20,46.31499862670898,46.95500183105469,46.31499862670898,46.86000061035156,49117
2021-04-21,46.81999969482422,46.82500076293945,46.415000915527344,46.505001068115234,65242
2021-04-22,47.27000045776367,47.27000045776367,46.85499954223633,47.03499984741211,39624
2021-04-23,47.084999084472656,47.11000061035156,46.52000045776367,46.619998931884766,24221
2021-04-26,47.35499954223633,47.400001525878906,46.81499862670898,47.06999969482422,54670
2021-04-27,47.20000076293945,47.55500030517578,47.05500030517578,47.55500030517578,49378
2021-04-28,46.90499877929688,47.18999862670898,46.85499954223633,47.18999862670898,31156
2021-04-29,46.494998931884766,47.20500183105469,46.494998931884766,47.13999938964844,82545
2021-04-30,46.505001068115234,46.64500045776367,46.23500061035156,46.595001220703125,37996
2021-05-03,46.1349983215332,46.59000015258789,46.04499816894531,46.540000915527344,128574
2021-05-04,45.0,46.19499969482422,44.90499877929688,46.14500045776367,74017
2021-05-05,45.75,45.84999847412109,45.42499923706055,45.47999954223633,85045
2021-05-06,45.11000061035156,45.45500183105469,44.685001373291016,45.45500183105469,41403
2021-05-07,45.67499923706055,45.72999954223633,45.28499984741211,45.39500045776367,53070
2021-05-10,44.70500183105469,45.38999938964844,44.65999984741211,45.33000183105469,58652
2021-05-11,44.025001525878906,44.025001525878906,43.22999954223633,44.005001068115234,110147
2021-05-12,43.400001525878906,44.15499877929688,43.185001373291016,44.10499954223633,100260
2021-05-13,43.650001525878906,43.93000030517578,42.89500045776367,43.09999847412109,78441
2021-05-14,44.18999862670898,44.209999084472656,43.75,43.8849983215332,69893
2021-05-17,43.83000183105469,44.380001068115234,43.69499969482422,44.334999084472656,129146
2021-05-18,44.06999969482422,44.34999847412109,43.845001220703125,44.31499862670898,20239
2021-05-19,43.2599983215332,43.310001373291016,42.709999084472656,43.16999816894531,44761
2021-05-20,44.56999969482422,44.56999969482422,43.53499984741211,43.775001525878906,64193
2021-05-21,44.619998931884766,44.93999862670898,44.584999084472656,44.6349983215332,37746
2021-05-25,45.1150016784668,45.345001220703125,45.06999969482422,45.290000915527344,44974
2021-05-26,45.19499969482422,45.3849983215332,45.15499877929688,45.32500076293945,35847
2021-05-27,45.345001220703125,45.375,45.02000045776367,45.209999084472656,26636
2021-05-28,45.45000076293945,45.560001373291016,45.22999954223633,45.32500076293945,18570
2021-05-31,45.084999084472656,45.369998931884766,45.02000045776367,45.34000015258789,30915
2021-06-01,44.9900016784668,45.42499923706055,44.84000015258789,45.25,73480
2021-06-02,45.39500045776367,45.45000076293945,44.97999954223633,45.06499862670898,47626
2021-06-03,45.255001068115234,45.375,44.86000061035156,45.255001068115234,24348
2021-06-04,45.70500183105469,45.77000045776367,45.09999847412109,45.18999862670898,37120
2021-06-07,45.68000030517578,45.84000015258789,45.59999847412109,45.84000015258789,36711
2021-06-08,45.775001525878906,46.2400016784668,45.72999954223633,45.84999847412109,44634
2021-06-09,45.90999984741211,45.970001220703125,45.720001220703125,45.88999938964844,51194
2021-06-10,46.10499954223633,46.22499847412109,45.685001373291016,45.89500045776367,25518
2021-06-11,46.70000076293945,46.7599983215332,46.255001068115234,46.36000061035156,24658
2021-06-14,46.92499923706055,47.02000045776367,46.70000076293945,47.005001068115234,23376
2021-06-15,47.005001068115234,47.43999862670898,47.005001068115234,47.43999862670898,60036
2021-06-16,47.01499938964844,47.15999984741211,46.92499923706055,47.05500030517578,24761
2021-06-17,48.18999862670898,48.18999862670898,47.040000915527344,47.119998931884766,26217
2021-06-18,47.91999816894531,48.43000030517578,47.90999984741211,48.34000015258789,45481
2021-06-21,48.025001525878906,48.150001525878906,47.48500061035156,47.970001220703125,44032
2021-06-22,48.45500183105469,48.45500183105469,48.0099983215332,48.22999954223633,49803
2021-06-23,48.400001525878906,48.65999984741211,48.33000183105469,48.65999984741211,85423
2021-06-24,48.900001525878906,48.98500061035156,48.56499862670898,48.625,32274
2021-06-25,48.79499816894531,48.845001220703125,48.55500030517578,48.84000015258789,36120
2021-06-28,49.255001068115234,49.30500030517578,48.755001068115234,48.81999969482422,21706
2021-06-29,49.55500030517578,49.6150016784668,49.25,49.290000915527344,30640
2021-06-30,49.775001525878906,49.83000183105469,49.595001220703125,49.82500076293945,40567
2021-07-01,49.47499847412109,49.90999984741211,49.45000076293945,49.79999923706055,94741
2021-07-02,50.09999847412109,50.25,49.72499847412109,49.72499847412109,49420
2021-07-05,50.220001220703125,50.31999969482422,50.119998931884766,50.31999969482422,62116
2021-07-06,50.65999984741211,50.81999969482422,50.0099983215332,50.18999862670898,49025
2021-07-07,50.84000015258789,51.209999084472656,50.790000915527344,50.84000015258789,42558
2021-07-08,50.11000061035156,50.959999084472656,49.79999923706055,50.900001525878906,50856
2021-07-09,50.70000076293945,50.75,50.16999816894531,50.400001525878906,51286
2021-07-12,50.7599983215332,51.09999847412109,50.59999847412109,50.84000015258789,57415
2021-07-13,51.4900016784668,51.4900016784668,50.79999923706055,50.86000061035156,46516
2021-07-14,51.41999816894531,51.75,51.25,51.31999969482422,27995
2021-07-15,51.130001068115234,51.5099983215332,50.93999862670898,51.38999938964844,82386
2021-07-16,50.77000045776367,51.25,50.72999954223633,50.970001220703125,33727
2021-07-19,50.0,50.52999877929688,49.41999816894531,50.45000076293945,48881
2021-07-20,50.59000015258789,50.59000015258789,50.04999923706055,50.38999938964844,56655
2021-07-21,51.0099983215332,51.04999923706055,50.650001525878906,50.91999816894531,43162
2021-07-22,51.619998931884766,51.68000030517578,51.20000076293945,51.36000061035156,21384
2021-07-23,52.209999084472656,52.209999084472656,51.790000915527344,51.869998931884766,31972
2021-07-26,52.04999923706055,52.2400016784668,51.86000061035156,52.2400016784668,52678
2021-07-27,51.02000045776367,52.13999938964844,51.02000045776367,52.11000061035156,26195
2021-07-28,51.709999084472656,51.810001373291016,51.16999816894531,51.34999847412109,26737
2021-07-29,51.56999969482422,51.7400016784668,51.20000076293945,51.54999923706055,37682
2021-07-30,51.34999847412109,51.5,51.0,51.06999969482422,29981
2021-08-02,51.81999969482422,51.900001525878906,51.43000030517578,51.81999969482422,78642
2021-08-03,51.40999984741211,51.75,51.209999084472656,51.56999969482422,75856
2021-08-04,51.869998931884766,51.95000076293945,51.63999938964844,51.79999923706055,82134
2021-08-05,52.33000183105469,52.38999938964844,52.02000045776367,52.06999969482422,55883
2021-08-06,52.470001220703125,52.560001373291016,52.29999923706055,52.41999816894531,37478
2021-08-09,52.5,52.630001068115234,52.33000183105469,52.40999984741211,42868
2021-08-10,52.27999877929688,52.83000183105469,52.16999816894531,52.560001373291016,44427
2021-08-11,51.959999084472656,52.45000076293945,51.869998931884766,52.310001373291016,75316
2021-08-12,52.34000015258789,52.34999847412109,51.90999984741211,51.9900016784668,29273
2021-08-13,52.2599983215332,52.47999954223633,52.15999984741211,52.47999954223633,26373
2021-08-16,52.060001373291016,52.52000045776367,51.790000915527344,52.27999877929688,62615
2021-08-17,52.380001068115234,52.54999923706055,52.11000061035156,52.4900016784668,43956
2021-08-18,52.27999877929688,52.4900016784668,52.27000045776367,52.470001220703125,35232
2021-08-19,52.150001525878906,52.18999862670898,51.34999847412109,51.630001068115234,25812
2021-08-20,52.77999877929688,52.93000030517578,52.02000045776367,52.22999954223633,33679
2021-08-23,53.27999877929688,53.29999923706055,52.81999969482422,53.02000045776367,36513
2021-08-24,53.470001220703125,53.68999862670898,53.380001068115234,53.58000183105469,26110
2021-08-25,53.41999816894531,53.68999862670898,53.34000015258789,53.630001068115234,31119
2021-08-26,53.209999084472656,53.459999084472656,53.09999847412109,53.27999877929688,32464
2021-08-27,53.40999984741211,53.470001220703125,53.15999984741211,53.27000045776367,29233
2021-08-30,53.95000076293945,54.040000915527344,53.52999877929688,53.54999923706055,52914
2021-08-31,53.83000183105469,54.22999954223633,53.560001373291016,54.209999084472656,39348
2021-09-01,53.900001525878906,54.060001373291016,53.7599983215332,54.0099983215332,85730
2021-09-02,53.70000076293945,53.88999938964844,53.56999969482422,53.77999877929688,114649
2021-09-03,53.90999984741211,53.90999984741211,53.34999847412109,53.650001525878906,49239
2021-09-06,54.27999877929688,54.27999877929688,54.040000915527344,54.060001373291016,40427
2021-09-07,53.93999862670898,54.16999816894531,53.77999877929688,54.150001525878906,42042
2021-09-08,53.66999816894531,54.11000061035156,53.56999969482422,54.0099983215332,37219
2021-09-09,53.84000015258789,54.060001373291016,53.5,53.56999969482422,31067
2021-09-10,53.54999923706055,54.09999847412109,53.47999954223633,53.83000183105469,33402
2021-09-13,53.09000015258789,53.810001373291016,53.0,53.68999862670898,39466
2021-09-14,53.43000030517578,53.4900016784668,53.04999923706055,53.2400016784668,36472
2021-09-15,53.209999084472656,53.56999969482422,53.150001525878906,53.560001373291016,56415
2021-09-16,53.5099983215332,53.77999877929688,53.40999984741211,53.68000030517578,29512
2021-09-17,53.27999877929688,54.040000915527344,53.27999877929688,54.040000915527344,33358
2021-09-20,52.29999923706055,53.04999923706055,52.20000076293945,53.0,57729
2021-09-21,52.75,52.970001220703125,52.27999877929688,52.619998931884766,70386
2021-09-22,53.0099983215332,53.0099983215332,52.459999084472656,52.75,21964
2021-09-23,53.650001525878906,53.72999954223633,53.209999084472656,53.400001525878906,43418
2021-09-24,53.52000045776367,53.65999984741211,53.38999938964844,53.52999877929688,30512
2021-09-27,53.18999862670898,53.9900016784668,52.95000076293945,53.970001220703125,59605
2021-09-28,51.77000045776367,52.95000076293945,51.77000045776367,52.91999816894531,30888
2021-09-29,51.790000915527344,52.22999954223633,51.77999877929688,52.0099983215332,42659
2021-09-30,51.95000076293945,52.2599983215332,51.900001525878906,52.25,21729
2021-10-01,51.58000183105469,51.66999816894531,50.970001220703125,51.11000061035156,95470
2021-10-04,50.40999984741211,51.70000076293945,50.34000015258789,51.61000061035156,226388
2021-10-05,51.52000045776367,51.59000015258789,50.720001220703125,50.86000061035156,46481
2021-10-06,51.43000030517578,51.619998931884766,50.709999084472656,51.18000030517578,58113
2021-10-07,52.75,52.810001373291016,52.27999877929688,52.34000015258789,62566
2021-10-08,52.34999847412109,52.84999847412109,52.31999969482422,52.66999816894531,30092
2021-10-11,52.470001220703125,52.540000915527344,51.70000076293945,51.88999938964844,57103
2021-10-12,51.90999984741211,52.25,51.58000183105469,51.58000183105469,50901
2021-10-13,51.869998931884766,52.2599983215332,51.619998931884766,51.75,30813
2021-10-14,53.11000061035156,53.13999938964844,52.45000076293945,52.45000076293945,48575
2021-10-15,53.560001373291016,53.61000061035156,53.29999923706055,53.470001220703125,47421
2021-10-18,53.869998931884766,53.88999938964844,53.29999923706055,53.650001525878906,42338
2021-10-19,54.47999954223633,54.47999954223633,54.0,54.02000045776367,29682
2021-10-20,54.27999877929688,54.619998931884766,54.27999877929688,54.400001525878906,46088
2021-10-21,54.2599983215332,54.369998931884766,53.9900016784668,54.02999877929688,39517
2021-10-22,54.36000061035156,54.720001220703125,54.36000061035156,54.54999923706055,48000
2021-10-25,54.720001220703125,54.77999877929688,54.34000015258789,54.5099983215332,50315
2021-10-26,55.13999938964844,55.290000915527344,54.810001373291016,55.0,48475
2021-10-27,54.81999969482422,55.04999923706055,54.63999938964844,54.9900016784668,60212
2021-10-28,54.81999969482422,54.95000076293945,54.59999847412109,54.709999084472656,32499
2021-10-29,55.27999877929688,55.27999877929688,54.27000045776367,54.4900016784668,18935
2021-11-01,55.380001068115234,55.83000183105469,55.25,55.83000183105469,108275
2021-11-02,55.970001220703125,55.970001220703125,55.459999084472656,55.47999954223633,37610
2021-11-03,55.900001525878906,56.220001220703125,55.7599983215332,56.02999877929688,60793
2021-11-04,57.060001373291016,57.209999084472656,56.18999862670898,56.540000915527344,123761
2021-11-05,57.45000076293945,57.88999938964844,57.220001220703125,57.33000183105469,138241
2021-11-08,57.56999969482422,57.650001525878906,57.36000061035156,57.470001220703125,63754
2021-11-09,57.470001220703125,57.75,57.20000076293945,57.470001220703125,35649
2021-11-10,57.13999938964844,57.59000015258789,56.72999954223633,57.59000015258789,61058
2021-11-11,57.34999847412109,57.43000030517578,56.84999847412109,56.97999954223633,44101
2021-11-12,58.02000045776367,58.02000045776367,57.31999969482422,57.52999877929688,38709
2021-11-15,58.27999877929688,58.5,58.09000015258789,58.22999954223633,74552
2021-11-16,59.060001373291016,59.060001373291016,58.33000183105469,58.459999084472656,45136
2021-11-17,59.27999877929688,59.34999847412109,59.0,59.34999847412109,40647
2021-11-18,59.130001068115234,59.38999938964844,58.79999923706055,59.34000015258789,34229
2021-11-19,60.02999877929688,60.08000183105469,59.70000076293945,59.720001220703125,42348
2021-11-22,60.150001525878906,60.900001525878906,60.09000015258789,60.310001373291016,63300
2021-11-23,58.43000030517578,59.2400016784668,58.20000076293945,59.15999984741211,61041
2021-11-24,59.27999877929688,59.27999877929688,58.40999984741211,58.959999084472656,44439
2021-11-25,59.65999984741211,59.790000915527344,59.540000915527344,59.709999084472656,38421
2021-11-26,57.720001220703125,58.959999084472656,57.540000915527344,58.869998931884766,57907
2021-11-29,58.869998931884766,58.869998931884766,58.25,58.56999969482422,51873
2021-11-30,58.2599983215332,59.02999877929688,58.130001068115234,58.650001525878906,44850
2021-12-01,59.130001068115234,59.310001373291016,58.630001068115234,58.97999954223633,123129
2021-12-02,57.43999862670898,57.79999923706055,56.63999938964844,57.7599983215332,82681
2021-12-03,56.86000061035156,58.34999847412109,56.66999816894531,58.09000015258789,44368
2021-12-06,57.130001068115234,57.34000015258789,56.459999084472656,57.27999877929688,58060
2021-12-07,59.72999954223633,59.7400016784668,58.08000183105469,58.08000183105469,83549
2021-12-08,59.38999938964844,60.09000015258789,59.09999847412109,59.810001373291016,110579
2021-12-09,59.70000076293945,59.95000076293945,59.38999938964844,59.70000076293945,95383
2021-12-10,59.33000183105469,60.02000045776367,59.13999938964844,59.18000030517578,78709
2021-12-13,59.43999862670898,60.58000183105469,59.43999862670898,60.5,96436
2021-12-14,57.97999954223633,59.59999847412109,57.93000030517578,59.56999969482422,77232
2021-12-15,58.119998931884766,58.59000015258789,58.119998931884766,58.52999877929688,85094
2021-12-16,58.59999847412109,60.400001525878906,58.59999847412109,60.04999923706055,50063
2021-12-17,58.0099983215332,58.34999847412109,57.11000061035156,57.91999816894531,87413
2021-12-20,56.81999969482422,57.369998931884766,56.790000915527344,57.369998931884766,106688
2021-12-21,57.900001525878906,58.02999877929688,57.400001525878906,57.880001068115234,73074
2021-12-22,58.93999862670898,58.93999862670898,58.36000061035156,58.709999084472656,58982
2021-12-23,59.70000076293945,59.70000076293945,59.13999938964844,59.34000015258789,41515
2021-12-27,60.290000915527344,60.47999954223633,59.540000915527344,59.619998931884766,66447
2021-12-28,60.43000030517578,61.040000915527344,60.43000030517578,60.790000915527344,59318
2021-12-29,60.11000061035156,60.790000915527344,59.79999923706055,60.68999862670898,47020
2021-12-30,60.41999816894531,60.650001525878906,60.400001525878906,60.5,19876
2022-01-03,60.040000915527344,60.2599983215332,59.560001373291016,60.02000045776367,173353
2022-01-04,59.38999938964844,60.77999877929688,59.09000015258789,60.54999923706055,84494
2022-01-05,58.84000015258789,59.41999816894531,58.63999938964844,59.380001068115234,140396
2022-01-06,57.43999862670898,57.7599983215332,56.84999847412109,57.52000045776367,107890
2022-01-07,56.68000030517578,57.540000915527344,56.2400016784668,57.310001373291016,67924
2022-01-10,55.38999938964844,56.91999816894531,54.970001220703125,56.869998931884766,112428
2022-01-11,56.900001525878906,56.9900016784668,56.09999847412109,56.56999969482422,101740
2022-01-12,57.09999847412109,58.0,56.79999923706055,57.400001525878906,67210
2022-01-13,56.560001373291016,57.25,56.31999969482422,56.84000015258789,79457
2022-01-14,55.59000015258789,55.88999938964844,54.83000183105469,55.31999969482422,54867
2022-01-17,56.040000915527344,56.22999954223633,55.68999862670898,55.83000183105469,91795
2022-01-18,55.31999969482422,55.77999877929688,54.90999984741211,55.650001525878906,75470
2022-01-19,54.58000183105469,55.7599983215332,54.22999954223633,54.56999969482422,56801
2022-01-20,55.2599983215332,55.27999877929688,54.18000030517578,54.52000045776367,51449
2022-01-21,53.7400016784668,53.90999984741211,52.7599983215332,53.34999847412109,137492
2022-01-24,50.77000045776367,53.0,50.72999954223633,52.790000915527344,325489
2022-01-25,51.209999084472656,52.34999847412109,51.119998931884766,51.77000045776367,120329
2022-01-26,52.880001068115234,53.09000015258789,51.970001220703125,51.97999954223633,135450
2022-01-27,53.02999877929688,53.25,51.52000045776367,51.59000015258789,63286
2022-01-28,52.970001220703125,53.02999877929688,51.540000915527344,52.7400016784668,70996
2022-01-31,54.56999969482422,54.77000045776367,53.66999816894531,53.90999984741211,99251
2022-02-01,55.060001373291016,55.31999969482422,54.41999816894531,55.119998931884766,200548
2022-02-02,54.97999954223633,55.59000015258789,54.77999877929688,55.47999954223633,118952
2022-02-03,53.630001068115234,54.959999084472656,53.630001068115234,54.959999084472656,95584
2022-02-04,53.02000045776367,53.630001068115234,52.13999938964844,53.630001068115234,71456
2022-02-07,53.33000183105469,53.790000915527344,53.02000045776367,53.459999084472656,69241
2022-02-08,53.54999923706055,53.54999923706055,52.869998931884766,53.29999923706055,93379
2022-02-09,54.619998931884766,54.68000030517578,54.02000045776367,54.119998931884766,57670
2022-02-10,54.18999862670898,55.0099983215332,54.11000061035156,54.959999084472656,83230
2022-02-11,53.31999969482422,54.15999984741211,53.31999969482422,53.72999954223633,36694
2022-02-14,52.900001525878906,52.900001525878906,51.68999862670898,52.33000183105469,164130
2022-02-15,53.43999862670898,53.56999969482422,52.58000183105469,52.72999954223633,88584
2022-02-16,52.900001525878906,53.84000015258789,52.72999954223633,53.52999877929688,59169
2022-02-17,52.65999984741211,53.459999084472656,52.43000030517578,53.400001525878906,40454
2022-02-18,51.470001220703125,52.25,51.2599983215332,52.04999923706055,38676
2022-02-21,50.52999877929688,51.52999877929688,50.43999862670898,51.52999877929688,62731
2022-02-22,50.970001220703125,51.63999938964844,49.5,49.79999923706055,132183
2022-02-23,50.66999816894531,51.52999877929688,50.540000915527344,51.20000076293945,38861
2022-02-24,50.36000061035156,50.61000061035156,47.79999923706055,48.2400016784668,156892
2022-02-25,52.15999984741211,52.38999938964844,51.220001220703125,51.310001373291016,41816
2022-02-28,52.68999862670898,52.68999862670898,51.72999954223633,52.09000015258789,47508
2022-03-01,52.310001373291016,53.220001220703125,52.20000076293945,52.83000183105469,153564
2022-03-02,52.77999877929688,52.93999862670898,52.0,52.04999923706055,34850
2022-03-03,52.650001525878906,53.630001068115234,52.40999984741211,53.0,64605
2022-03-04,51.68000030517578,52.79999923706055,51.68000030517578,52.45000076293945,71216
2022-03-07,51.22999954223633,52.0,50.86000061035156,51.25,98029
2022-03-08,49.334999084472656,50.52999877929688,49.31999969482422,50.02999877929688,59793
2022-03-09,50.790000915527344,51.06999969482422,50.13999938964844,50.380001068115234,89053
2022-03-10,49.93000030517578,51.04999923706055,49.93000030517578,51.04999923706055,57178
2022-03-11,50.33000183105469,51.58000183105469,50.33000183105469,50.59999847412109,54538
2022-03-14,49.13999938964844,50.369998931884766,49.13999938964844,49.88999938964844,53754
2022-03-15,50.130001068115234,50.16999816894531,48.310001373291016,48.63999938964844,62130
2022-03-16,51.560001373291016,51.79999923706055,50.900001525878906,51.119998931884766,148393
2022-03-17,51.54999923706055,52.119998931884766,51.400001525878906,52.119998931884766,43112
2022-03-18,53.13999938964844,53.13999938964844,51.959999084472656,52.18999862670898,42079
2022-03-21,53.45000076293945,53.880001068115234,52.9900016784668,53.560001373291016,51771
2022-03-22,54.459999084472656,54.70000076293945,53.59999847412109,53.90999984741211,49930
2022-03-23,54.31999969482422,54.59000015258789,53.869998931884766,54.56999969482422,60172
2022-03-24,54.540000915527344,54.65999984741211,53.97999954223633,54.2599983215332,62286
2022-03-25,54.68000030517578,55.380001068115234,54.310001373291016,55.09000015258789,74909
2022-03-28,54.9900016784668,55.540000915527344,54.75,55.02000045776367,134999
2022-03-29,55.77000045776367,56.02000045776367,55.52999877929688,55.79999923706055,81605
2022-03-30,55.59000015258789,56.20000076293945,55.43999862670898,56.16999816894531,86581
2022-03-31,55.43999862670898,55.93000030517578,55.20000076293945,55.66999816894531,30116
2022-04-01,54.63999938964844,55.52000045776367,54.63999938964844,55.2400016784668,110070
2022-04-04,55.959999084472656,56.09999847412109,54.72999954223633,55.040000915527344,51758
2022-04-05,55.52000045776367,56.43000030517578,55.459999084472656,56.34999847412109,39047
2022-04-06,53.7599983215332,55.41999816894531,53.650001525878906,55.41999816894531,85277
2022-04-07,53.560001373291016,54.20000076293945,53.5,53.83000183105469,73731
2022-04-08,53.59000015258789,54.5,53.380001068115234,54.400001525878906,37403
2022-04-11,52.22999954223633,53.060001373291016,51.90999984741211,53.0099983215332,94524
2022-04-12,52.72999954223633,53.060001373291016,51.7400016784668,51.959999084472656,32855
2022-04-13,52.709999084472656,52.709999084472656,51.959999084472656,52.470001220703125,37450
2022-04-14,52.540000915527344,53.150001525878906,52.41999816894531,52.83000183105469,32780
2022-04-19,52.66999816894531,52.70000076293945,51.52000045776367,52.380001068115234,69398
2022-04-20,52.63999938964844,53.33000183105469,52.5,52.59999847412109,41506
2022-04-21,52.75,53.2400016784668,52.369998931884766,52.540000915527344,93100
2022-04-22,51.34000015258789,51.75,51.16999816894531,51.650001525878906,35847
2022-04-25,50.63999938964844,51.0,50.0,50.29999923706055,43836
2022-04-26,50.150001525878906,51.5099983215332,50.13999938964844,51.470001220703125,35594
2022-04-27,51.34000015258789,51.59999847412109,50.34999847412109,50.5,17405
2022-04-28,51.880001068115234,52.150001525878906,51.470001220703125,51.470001220703125,30017
2022-04-29,52.130001068115234,52.970001220703125,51.88999938964844,52.54999923706055,16764
2022-05-02,50.88999938964844,51.16999816894531,50.470001220703125,51.150001525878906,105670
2022-05-03,51.58000183105469,51.83000183105469,51.13999938964844,51.75,17038
2022-05-04,50.77000045776367,51.81999969482422,50.77000045776367,51.79999923706055,22938
2022-05-05,51.09999847412109,52.790000915527344,50.95000076293945,52.540000915527344,21713
2022-05-06,50.13999938964844,50.77000045776367,49.095001220703125,50.619998931884766,33644
2022-05-09,48.17499923706055,49.8650016784668,48.119998931884766,49.84000015258789,123702
2022-05-10,48.02000045776367,49.23500061035156,47.93000030517578,48.494998931884766,67658
2022-05-11,48.3650016784668,49.40499877929688,47.79999923706055,48.90999984741211,45828
2022-05-12,47.52999877929688,47.959999084472656,46.53499984741211,47.060001373291016,164054
2022-05-13,49.0099983215332,49.09000015258789,47.810001373291016,47.994998931884766,17791
2022-05-16,48.380001068115234,49.02999877929688,48.310001373291016,49.02999877929688,60223
2022-05-17,49.040000915527344,49.40999984741211,48.47499847412109,48.78499984741211,12892
2022-05-18,48.06999969482422,49.25,48.040000915527344,49.23500061035156,15864
2022-05-19,47.0099983215332,47.220001220703125,46.36000061035156,47.14500045776367,28335
2022-05-20,46.47999954223633,47.525001525878906,46.400001525878906,47.07500076293945,39691
2022-05-23,47.150001525878906,47.32500076293945,46.41999816894531,47.32500076293945,17073
2022-05-24,45.75,46.7400016784668,45.63999938964844,46.31999969482422,28885
2022-05-25,46.470001220703125,46.86000061035156,46.09999847412109,46.68999862670898,36890
2022-05-26,47.505001068115234,47.70500183105469,46.59999847412109,46.75,4296
2022-05-27,49.21500015258789,49.21500015258789,47.73500061035156,47.86000061035156,44074
2022-05-30,49.78499984741211,50.220001220703125,49.595001220703125,50.060001373291016,28663
2022-05-31,49.03499984741211,49.67499923706055,48.8650016784668,49.459999084472656,16749
2022-06-01,49.2599983215332,50.060001373291016,49.0,49.3650016784668,103458
2022-06-02,49.31499862670898,49.47999954223633,48.665000915527344,49.33000183105469,23351
2022-06-03,48.94499969482422,50.09000015258789,48.810001373291016,50.04999923706055,12212
2022-06-06,49.40499877929688,50.0,49.33000183105469,49.33000183105469,20338
2022-06-07,49.290000915527344,49.60499954223633,48.70000076293945,48.82500076293945,37685
2022-06-08,49.46500015258789,49.64500045776367,49.17499923706055,49.54999923706055,19787
2022-06-09,49.130001068115234,49.5099983215332,48.63999938964844,49.025001525878906,10632
2022-06-10,46.7599983215332,48.435001373291016,46.744998931884766,48.244998931884766,108448
2022-06-13,45.41999816894531,46.03499984741211,45.119998931884766,45.875,81736
2022-06-14,45.165000915527344,45.69499969482422,44.85499954223633,45.66999816894531,36701
2022-06-15,45.84000015258789,45.91999816894531,45.02000045776367,45.27000045776367,67628
2022-06-16,43.98500061035156,45.69499969482422,43.89500045776367,45.66999816894531,65063
2022-06-17,44.40999984741211,44.52000045776367,43.84999847412109,44.07500076293945,28572
2022-06-20,44.6349983215332,44.650001525878906,44.369998931884766,44.470001220703125,34278
2022-06-21,45.41999816894531,45.505001068115234,44.70000076293945,44.8849983215332,27575
2022-06-22,45.380001068115234,45.45500183105469,44.3650016784668,44.665000915527344,23278
2022-06-23,45.57500076293945,45.72999954223633,44.69499969482422,44.81499862670898,30391
2022-06-24,46.85499954223633,47.03499984741211,46.0,46.0,33105
2022-06-27,47.165000915527344,47.790000915527344,46.935001373291016,47.435001373291016,11115
2022-06-28,46.52000045776367,47.55500030517578,46.43000030517578,47.20000076293945,7243
2022-06-29,46.20500183105469,46.27999877929688,45.595001220703125,45.69499969482422,8053
2022-06-30,45.44499969482422,45.75,44.90499877929688,45.38999938964844,9697
2022-07-01,45.3650016784668,45.78499984741211,44.875,44.935001373291016,76106
2022-07-04,45.40499877929688,45.47499847412109,45.21500015258789,45.40999984741211,11612
2022-07-05,45.84999847412109,46.2599983215332,45.40499877929688,45.79499816894531,39333
2022-07-06,47.27000045776367,47.61000061035156,46.845001220703125,46.97499847412109,16737
2022-07-07,48.45000076293945,48.560001373291016,47.630001068115234,47.68000030517578,32914
2022-07-08,48.8650016784668,49.04999923706055,48.27000045776367,48.6150016784668,33047
2022-07-11,48.57500076293945,48.900001525878906,48.275001525878906,48.650001525878906,11061
2022-07-12,48.46500015258789,48.90499877929688,48.20000076293945,48.41999816894531,17969
2022-07-13,47.584999084472656,48.255001068115234,47.0,48.209999084472656,34710
2022-07-14,47.54999923706055,47.82500076293945,47.25,47.82500076293945,5910
2022-07-15,48.720001220703125,48.83000183105469,48.09000015258789,48.345001220703125,43279
2022-07-18,49.02999877929688,49.40499877929688,48.75,49.15499877929688,66639
2022-07-19,48.880001068115234,48.880001068115234,47.73500061035156,48.244998931884766,7465
2022-07-20,50.29999923706055,50.310001373291016,49.244998931884766,49.29499816894531,72767
2022-07-21,50.59000015258789,50.59999847412109,50.09999847412109,50.130001068115234,36020
2022-07-22,50.369998931884766,51.29999923706055,50.369998931884766,50.88999938964844,17704
2022-07-25,50.0,50.52000045776367,49.56499862670898,50.43999862670898,27547
2022-07-26,49.59000015258789,50.34000015258789,49.59000015258789,50.0099983215332,13341
2022-07-27,50.75,50.93000030517578,49.97499847412109,50.04999923706055,13931
2022-07-28,51.72999954223633,51.810001373291016,50.709999084472656,51.0099983215332,16010
2022-07-29,52.06999969482422,52.72999954223633,51.97999954223633,52.18000030517578,16608
2022-08-01,52.56999969482422,52.77999877929688,52.0,52.560001373291016,78665
2022-08-02,52.380001068115234,52.560001373291016,51.88999938964844,52.2599983215332,34724
2022-08-03,53.72999954223633,53.75,52.34999847412109,52.560001373291016,20348
2022-08-04,53.5099983215332,54.56999969482422,53.43999862670898,53.86000061035156,76281
2022-08-05,53.540000915527344,54.09999847412109,53.36000061035156,54.02999877929688,39327
2022-08-08,53.709999084472656,54.34999847412109,53.65999984741211,54.31999969482422,64749
2022-08-09,52.79999923706055,53.58000183105469,52.52999877929688,53.52000045776367,28703
2022-08-10,53.540000915527344,53.540000915527344,52.52999877929688,52.52999877929688,24531
2022-08-11,53.900001525878906,54.31999969482422,53.77999877929688,54.16999816894531,22217
2022-08-12,54.54999923706055,54.54999923706055,53.630001068115234,53.790000915527344,29909
2022-08-15,55.27999877929688,55.38999938964844,54.68000030517578,54.880001068115234,54187
2022-08-16,55.380001068115234,55.84000015258789,54.84999847412109,55.70000076293945,42836
2022-08-17,54.7400016784668,55.47999954223633,54.70000076293945,55.38999938964844,39530
2022-08-18,55.58000183105469,55.58000183105469,54.77000045776367,54.81999969482422,15263
2022-08-19,54.84000015258789,55.380001068115234,54.79999923706055,55.34999847412109,33563
2022-08-22,54.130001068115234,54.63999938964844,53.86000061035156,54.63999938964844,29610
2022-08-23,53.65999984741211,54.09999847412109,53.5,53.869998931884766,13546
2022-08-24,53.75,53.91999816894531,53.40999984741211,53.560001373291016,31536
2022-08-25,54.04999923706055,54.209999084472656,53.68000030517578,53.95000076293945,9503
2022-08-26,53.02999877929688,54.5,52.959999084472656,54.369998931884766,18632
2022-08-29,51.52999877929688,51.970001220703125,51.369998931884766,51.970001220703125,28828
2022-08-30,50.86000061035156,52.02999877929688,50.68999862670898,51.790000915527344,19942
2022-08-31,50.54999923706055,51.40999984741211,50.41999816894531,51.209999084472656,116331
2022-09-01,49.65499877929688,50.09000015258789,49.45000076293945,49.8650016784668,91855
2022-09-02,50.56999969482422,50.810001373291016,49.88999938964844,50.18000030517578,13168
2022-09-05,50.0099983215332,50.09999847412109,49.709999084472656,50.08000183105469,19477
2022-09-06,49.92499923706055,50.27999877929688,49.459999084472656,50.08000183105469,13027
2022-09-07,49.619998931884766,49.8849983215332,49.345001220703125,49.525001525878906,14352
2022-09-08,50.47999954223633,50.47999954223633,49.470001220703125,50.11000061035156,17241
2022-09-09,50.970001220703125,50.970001220703125,50.060001373291016,50.060001373291016,11204
2022-09-12,51.27999877929688,51.34999847412109,50.47999954223633,50.68000030517578,17568
2022-09-13,49.970001220703125,51.66999816894531,49.91999816894531,51.630001068115234,19442
2022-09-14,49.59999847412109,49.83000183105469,49.22499847412109,49.7599983215332,31357
2022-09-15,48.685001373291016,49.86000061035156,48.44499969482422,49.83000183105469,84308
2022-09-16,47.63999938964844,48.275001525878906,47.51499938964844,48.150001525878906,37078
2022-09-19,47.91999816894531,48.22499847412109,47.619998931884766,47.88999938964844,15910
2022-09-20,48.31499862670898,48.57500076293945,48.08000183105469,48.48500061035156,20627
2022-09-21,49.040000915527344,49.04499816894531,48.47999954223633,48.505001068115234,13040
2022-09-22,47.595001220703125,48.34999847412109,47.5,47.89500045776367,14801
2022-09-23,47.44499969482422,47.75,47.20000076293945,47.625,47043
2022-09-26,48.05500030517578,48.44499969482422,47.43000030517578,47.56499862670898,42848
2022-09-27,47.970001220703125,48.52000045776367,47.970001220703125,48.05500030517578,10457
2022-09-28,47.630001068115234,47.79999923706055,47.1349983215332,47.60499954223633,33589
2022-09-29,46.26499938964844,47.53499984741211,46.165000915527344,47.47999954223633,18210
2022-09-30,46.55500030517578,46.63999938964844,46.20000076293945,46.380001068115234,14752
2022-10-03,46.18000030517578,46.400001525878906,45.1150016784668,45.40999984741211,88235
2022-10-04,47.55500030517578,47.71500015258789,47.025001525878906,47.025001525878906,35236
2022-10-05,47.52999877929688,47.59000015258789,47.27000045776367,47.33000183105469,26038
2022-10-06,48.43000030517578,48.70500183105469,47.73500061035156,48.16999816894531,14539
2022-10-07,46.709999084472656,48.1150016784668,46.66999816894531,47.97499847412109,22737
2022-10-10,45.91999816894531,46.70000076293945,45.69499969482422,46.415000915527344,15503
2022-10-11,45.35499954223633,45.744998931884766,44.94499969482422,45.45500183105469,22132
2022-10-12,45.09000015258789,45.6349983215332,44.95500183105469,45.2599983215332,17831
2022-10-13,45.31999969482422,45.459999084472656,43.709999084472656,44.90499877929688,29729
2022-10-14,45.29499816894531,46.560001373291016,45.22499847412109,46.16999816894531,41008
2022-10-17,45.7400016784668,46.11000061035156,45.095001220703125,45.34999847412109,65563
2022-10-18,45.81999969482422,46.869998931884766,45.81999969482422,46.400001525878906,51849
2022-10-19,46.22499847412109,46.52999877929688,45.98500061035156,46.275001525878906,31979
2022-10-20,46.81499862670898,46.91999816894531,45.79999923706055,46.02000045776367,24085
2022-10-21,46.54499816894531,46.72999954223633,45.97499847412109,46.21500015258789,34261
2022-10-24,47.2599983215332,47.755001068115234,46.73500061035156,47.43999862670898,79512
2022-10-25,48.10499954223633,48.10499954223633,47.58000183105469,47.77999877929688,14523
2022-10-26,47.65499877929688,47.70500183105469,46.96500015258789,47.48500061035156,69722
2022-10-27,47.09999847412109,47.415000915527344,46.75,47.2400016784668,13975
2022-10-28,48.3650016784668,48.5099983215332,46.4900016784668,46.53499984741211,23596
2022-10-31,48.52000045776367,48.78499984741211,48.15499877929688,48.78499984741211,15981
2022-11-01,48.05500030517578,48.84000015258789,48.0,48.63999938964844,79618
2022-11-02,47.51499938964844,48.25,47.51499938964844,48.25,11429
2022-11-03,46.06999969482422,46.900001525878906,45.7400016784668,46.845001220703125,14465
2022-11-04,45.06999969482422,46.125,44.77000045776367,45.810001373291016,22093
2022-11-07,45.54499816894531,45.56499862670898,45.09999847412109,45.290000915527344,42014
2022-11-08,46.56499862670898,46.56499862670898,45.810001373291016,45.810001373291016,23403
2022-11-09,45.459999084472656,46.28499984741211,45.45500183105469,46.28499984741211,96392
2022-11-10,47.54999923706055,47.54999923706055,45.380001068115234,45.40499877929688,25505
2022-11-11,47.935001373291016,48.52000045776367,47.65999984741211,48.43000030517578,29345
2022-11-14,48.29499816894531,48.540000915527344,48.119998931884766,48.29999923706055,18938
2022-11-15,49.1150016784668,49.17499923706055,48.17499923706055,48.27000045776367,46647
2022-11-16,47.86000061035156,48.72999954223633,47.60499954223633,48.70500183105469,27913
2022-11-17,47.79999923706055,48.16999816894531,47.310001373291016,48.16999816894531,12755
2022-11-18,48.0099983215332,48.45000076293945,47.744998931884766,47.994998931884766,13316
2022-11-21,47.9900016784668,48.345001220703125,47.95500183105469,48.31499862670898,10869
2022-11-22,48.06999969482422,48.16999816894531,47.6349983215332,47.810001373291016,11161
2022-11-23,48.68000030517578,48.79499816894531,48.32500076293945,48.40499877929688,18014
2022-11-24,48.75,48.88999938964844,48.505001068115234,48.505001068115234,29384
2022-11-25,48.27999877929688,48.7599983215332,48.27999877929688,48.7599983215332,13675
2022-11-28,47.69499969482422,48.084999084472656,47.380001068115234,48.084999084472656,13987
2022-11-29,46.97999954223633,47.77000045776367,46.915000915527344,47.57500076293945,10756
2022-11-30,47.334999084472656,47.334999084472656,46.85499954223633,47.14500045776367,11632
2022-12-01,48.57500076293945,49.04999923706055,48.2599983215332,49.040000915527344,57269
2022-12-02,48.130001068115234,48.64500045776367,47.32500076293945,48.595001220703125,6266
2022-12-05,47.775001525878906,48.15499877929688,47.775001525878906,48.0,22669
2022-12-06,46.85499954223633,47.790000915527344,46.755001068115234,47.66999816894531,7681
2022-12-07,46.27000045776367,46.81999969482422,45.9900016784668,46.81999969482422,25530
2022-12-08,46.77000045776367,46.94499969482422,46.27000045776367,46.35499954223633,8055
2022-12-09,47.19499969482422,47.25,46.60499954223633,47.005001068115234,6051
2022-12-12,47.04999923706055,47.185001373291016,46.59000015258789,46.68000030517578,26026
2022-12-13,48.43999862670898,49.20000076293945,47.58000183105469,47.63999938964844,23868
2022-12-14,48.09999847412109,48.130001068115234,47.63999938964844,47.875,20744
2022-12-15,45.76499938964844,47.07500076293945,45.7599983215332,47.07500076293945,39343
2022-12-16,45.10499954223633,45.56499862670898,45.0,45.52999877929688,34235
2022-12-19,44.48500061035156,45.33000183105469,44.48500061035156,45.15499877929688,45015
2022-12-20,44.34000015258789,44.619998931884766,44.025001525878906,44.15999984741211,53607
2022-12-21,45.34000015258789,45.435001373291016,44.59999847412109,44.60499954223633,26264
2022-12-22,43.92499923706055,45.310001373291016,43.92499923706055,45.26499938964844,20935
2022-12-23,43.90999984741211,44.34000015258789,43.47999954223633,44.1349983215332,17891
2022-12-27,43.66999816894531,44.40499877929688,43.459999084472656,44.310001373291016,15679
2022-12-28,43.20000076293945,43.775001525878906,43.20000076293945,43.75,21015
2022-12-29,43.91999816894531,43.91999816894531,43.09000015258789,43.130001068115234,21660
2022-12-30,43.43999862670898,43.77999877929688,43.43999862670898,43.6150016784668,6030
2023-01-02,44.81499862670898,44.81499862670898,44.18999862670898,44.28499984741211,45222
2023-01-03,43.84000015258789,45.04999923706055,43.84000015258789,44.57500076293945,19588
2023-01-04,44.165000915527344,44.209999084472656,43.57500076293945,44.095001220703125,32750
2023-01-05,43.70500183105469,44.10499954223633,43.5,43.80500030517578,18364
2023-01-06,43.8849983215332,44.165000915527344,43.380001068115234,43.53499984741211,26021
2023-01-09,45.05500030517578,45.05500030517578,44.095001220703125,44.125,40599
2023-01-10,44.22999954223633,44.61000061035156,44.09999847412109,44.33000183105469,13337
2023-01-11,44.88999938964844,44.94499969482422,44.52000045776367,44.6349983215332,15713
2023-01-12,45.09000015258789,45.47999954223633,44.84000015258789,45.32500076293945,10580
2023-01-13,45.22499847412109,45.380001068115234,44.97999954223633,45.334999084472656,26650
2023-01-16,45.52000045776367,45.67499923706055,45.255001068115234,45.52999877929688,51960
2023-01-17,45.869998931884766,46.0099983215332,45.244998931884766,45.400001525878906,15018
2023-01-18,45.66999816894531,46.220001220703125,45.66999816894531,45.95000076293945,72157
2023-01-19,44.79499816894531,45.415000915527344,44.79499816894531,45.415000915527344,14762
2023-01-20,45.26499938964844,45.26499938964844,44.720001220703125,44.93999862670898,12709
2023-01-23,46.834999084472656,46.85499954223633,45.51499938964844,45.6150016784668,15463
2023-01-24,46.73500061035156,46.80500030517578,46.4900016784668,46.744998931884766,10523
2023-01-25,46.03499984741211,46.63999938964844,45.4900016784668,46.63999938964844,14245
2023-01-26,46.875,47.17499923706055,46.630001068115234,46.790000915527344,11511
2023-01-27,47.56499862670898,47.619998931884766,46.98500061035156,47.02000045776367,9812
2023-01-30,47.09000015258789,47.18000030517578,46.77999877929688,47.14500045776367,7088
2023-01-31,47.119998931884766,47.125,46.5099983215332,46.8650016784668,35213
2023-02-01,47.209999084472656,47.35499954223633,47.01499938964844,47.2599983215332,61661
2023-02-02,49.55500030517578,49.55500030517578,47.94499969482422,48.01499938964844,25409
2023-02-03,50.29999923706055,50.29999923706055,48.8650016784668,49.02999877929688,44299
2023-02-06,49.65999984741211,49.70500183105469,49.150001525878906,49.494998931884766,31506
2023-02-07,49.8849983215332,49.8849983215332,49.290000915527344,49.53499984741211,124576
2023-02-08,49.94499969482422,50.65999984741211,49.880001068115234,50.33000183105469,83902
2023-02-09,50.130001068115234,50.34999847412109,50.06999969482422,50.130001068115234,32477
2023-02-10,49.380001068115234,49.64500045776367,49.09999847412109,49.43000030517578,46842
2023-02-13,50.04999923706055,50.06999969482422,49.39500045776367,49.459999084472656,32300
2023-02-14,49.84000015258789,50.43000030517578,49.560001373291016,50.09000015258789,32442
2023-02-15,50.4900016784668,50.61000061035156,50.06999969482422,50.06999969482422,45028
2023-02-16,50.41999816894531,50.88999938964844,50.0,50.77000045776367,24358
2023-02-17,49.18000030517578,49.81499862670898,49.15999984741211,49.685001373291016,13678
2023-02-20,49.209999084472656,49.3650016784668,49.10499954223633,49.209999084472656,16143
2023-02-21,48.47499847412109,49.08000183105469,48.400001525878906,49.08000183105469,19772
2023-02-22,48.45500183105469,48.584999084472656,48.07500076293945,48.33000183105469,51178
2023-02-23,48.70000076293945,49.29999923706055,48.70000076293945,48.90499877929688,12294
2023-02-24,48.42499923706055,49.165000915527344,48.3849983215332,49.04499816894531,29876
2023-02-27,48.685001373291016,49.0099983215332,48.665000915527344,48.845001220703125,28534
2023-02-28,48.60499954223633,48.709999084472656,48.31499862670898,48.5,51047
2023-03-01,47.88999938964844,48.65499877929688,47.810001373291016,48.59000015258789,52227
2023-03-02,48.04499816894531,48.165000915527344,47.75,47.76499938964844,18267
2023-03-03,49.27999877929688,49.400001525878906,48.63999938964844,48.63999938964844,5590
2023-03-06,50.09999847412109,50.209999084472656,49.60499954223633,49.81499862670898,30528
2023-03-07,49.67499923706055,49.880001068115234,49.5,49.720001220703125,12549
2023-03-08,49.685001373291016,49.845001220703125,49.56999969482422,49.68999862670898,14299
2023-03-09,50.209999084472656,50.43000030517578,49.619998931884766,49.900001525878906,10680
2023-03-10,48.775001525878906,49.21500015258789,48.01499938964844,48.915000915527344,18294
2023-03-13,47.97499847412109,48.45000076293945,47.1349983215332,48.415000915527344,33018
2023-03-14,48.89500045776367,49.0,47.900001525878906,48.27000045776367,9831
2023-03-15,48.93999862670898,49.29499816894531,48.30500030517578,48.810001373291016,39120
2023-03-16,50.13999938964844,50.2400016784668,49.119998931884766,49.54999923706055,16921
2023-03-17,50.27999877929688,50.900001525878906,50.119998931884766,50.4900016784668,29321
2023-03-20,49.915000915527344,50.380001068115234,49.64500045776367,50.16999816894531,31125
2023-03-21,50.119998931884766,50.369998931884766,49.915000915527344,50.15999984741211,27423
2023-03-22,50.560001373291016,50.79999923706055,50.2599983215332,50.34000015258789,32253
2023-03-23,50.630001068115234,50.77999877929688,49.90499877929688,49.90499877929688,21042
2023-03-24,50.400001525878906,50.7400016784668,50.27999877929688,50.619998931884766,31452
2023-03-27,50.540000915527344,50.97999954223633,50.470001220703125,50.88999938964844,23229
2023-03-28,49.720001220703125,50.4900016784668,49.58000183105469,50.4900016784668,12107
2023-03-29,50.63999938964844,50.70000076293945,50.18999862670898,50.43000030517578,9024
2023-03-30,51.18999862670898,51.20000076293945,50.880001068115234,51.09999847412109,15043
2023-03-31,51.720001220703125,51.72999954223633,51.18999862670898,51.27000045776367,16169
2023-04-03,51.59000015258789,52.16999816894531,51.54999923706055,52.08000183105469,51429
2023-04-04,51.560001373291016,52.119998931884766,51.41999816894531,51.88999938964844,12066
2023-04-05,50.790000915527344,51.38999938964844,50.709999084472656,51.36000061035156,24229
2023-04-06,50.810001373291016,50.959999084472656,50.459999084472656,50.83000183105469,17151
2023-04-11,50.650001525878906,51.290000915527344,50.650001525878906,51.2400016784668,20226
2023-04-12,50.43000030517578,51.040000915527344,50.310001373291016,50.75,18222
2023-04-13,50.5,50.54999923706055,50.08000183105469,50.43000030517578,19508
2023-04-14,50.81999969482422,51.119998931884766,50.5099983215332,50.63999938964844,20778
2023-04-17,51.060001373291016,51.29999923706055,50.900001525878906,51.0,24666
2023-04-18,51.27999877929688,51.66999816894531,51.16999816894531,51.25,16234
2023-04-19,51.02999877929688,51.13999938964844,50.84000015258789,50.97999954223633,28301
2023-04-20,50.900001525878906,51.06999969482422,50.650001525878906,51.06999969482422,16964
2023-04-21,50.63999938964844,50.9900016784668,50.43999862670898,50.9900016784668,15111
2023-04-24,50.04999923706055,50.58000183105469,50.04999923706055,50.540000915527344,9569
2023-04-25,49.91999816894531,50.22999954223633,49.91999816894531,50.08000183105469,26658
2023-04-26,50.08000183105469,50.08000183105469,49.584999084472656,49.90999984741211,17237
2023-04-27,50.40999984741211,50.470001220703125,49.880001068115234,50.040000915527344,26115
2023-04-28,50.88999938964844,51.209999084472656,50.72999954223633,50.77000045776367,9591
2023-05-02,50.86000061035156,51.72999954223633,50.79999923706055,51.58000183105469,64696
2023-05-03,50.72999954223633,51.04999923706055,50.650001525878906,51.04999923706055,21142
2023-05-04,50.5,50.59999847412109,50.06999969482422,50.27999877929688,22572
2023-05-05,51.5099983215332,51.650001525878906,50.619998931884766,50.68999862670898,15331
2023-05-08,51.59999847412109,51.63999938964844,51.369998931884766,51.5099983215332,13634
2023-05-09,51.7400016784668,51.810001373291016,51.63999938964844,51.7599983215332,12036
2023-05-10,52.06999969482422,52.11000061035156,51.4900016784668,51.72999954223633,19865
2023-05-11,52.09999847412109,52.5099983215332,51.869998931884766,52.5,34138
2023-05-12,52.20000076293945,52.470001220703125,52.09999847412109,52.22999954223633,16443
2023-05-15,52.470001220703125,52.52000045776367,52.20000076293945,52.5,27890
2023-05-16,52.86000061035156,52.900001525878906,52.5,52.59000015258789,9373
2023-05-17,53.119998931884766,53.290000915527344,52.7599983215332,52.77999877929688,61483
2023-05-18,54.720001220703125,54.720001220703125,53.65999984741211,53.65999984741211,16358
2023-05-19,54.59999847412109,55.040000915527344,54.59999847412109,54.93999862670898,48755
2023-05-22,54.86000061035156,54.93000030517578,54.41999816894531,54.7400016784668,38143
2023-05-23,54.59000015258789,54.970001220703125,54.52999877929688,54.84999847412109,20341
2023-05-24,53.63999938964844,54.09000015258789,53.5099983215332,54.09000015258789,35329
2023-05-25,55.59999847412109,55.65999984741211,54.83000183105469,54.869998931884766,23415
2023-05-26,57.11000061035156,57.22999954223633,55.720001220703125,55.86000061035156,37518
2023-05-29,57.43999862670898,57.58000183105469,57.40999984741211,57.4900016784668,11178
2023-05-30,57.77999877929688,58.18000030517578,57.58000183105469,57.59999847412109,51233
2023-05-31,57.29999923706055,57.75,57.29999923706055,57.47999954223633,41599
2023-06-01,57.43999862670898,57.4900016784668,56.86000061035156,57.27000045776367,90080
2023-06-02,58.11000061035156,58.20000076293945,57.65999984741211,57.720001220703125,22551
2023-06-05,58.369998931884766,58.5,58.02000045776367,58.060001373291016,43051
2023-06-06,57.93999862670898,58.08000183105469,57.72999954223633,57.90999984741211,37236
2023-06-07,57.619998931884766,58.119998931884766,57.43000030517578,57.93999862670898,22350
2023-06-08,57.150001525878906,57.150001525878906,56.619998931884766,56.86000061035156,23444
2023-06-09,57.65999984741211,58.04999923706055,57.04999923706055,57.18999862670898,15036
2023-06-12,58.27999877929688,58.27999877929688,57.75,57.880001068115234,19825
2023-06-13,59.02999877929688,59.2599983215332,58.61000061035156,58.880001068115234,23500
2023-06-14,59.27999877929688,59.310001373291016,58.720001220703125,59.02000045776367,34265
2023-06-15,59.36000061035156,59.56999969482422,58.630001068115234,59.560001373291016,38360
2023-06-16,59.38999938964844,59.84000015258789,59.27999877929688,59.459999084472656,175589
2023-06-19,58.95000076293945,59.20000076293945,58.900001525878906,59.02999877929688,68083
2023-06-20,58.709999084472656,59.220001220703125,58.58000183105469,58.91999816894531,55251
2023-06-21,57.77000045776367,58.86000061035156,57.630001068115234,58.77999877929688,38151
2023-06-22,58.040000915527344,58.04999923706055,57.27999877929688,57.470001220703125,54215
2023-06-23,57.83000183105469,58.459999084472656,57.63999938964844,58.02000045776367,33986
2023-06-26,57.77000045776367,58.310001373291016,57.70000076293945,57.869998931884766,11778
2023-06-27,57.52999877929688,57.52999877929688,57.130001068115234,57.45000076293945,33214
2023-06-28,58.59999847412109,58.77999877929688,57.709999084472656,57.84999847412109,84379
2023-06-29,58.7400016784668,58.7599983215332,58.369998931884766,58.54999923706055,25043
2023-06-30,59.380001068115234,59.5099983215332,58.810001373291016,58.959999084472656,21664
2023-07-03,59.2400016784668,59.790000915527344,59.209999084472656,59.68999862670898,58037
2023-07-04,59.43999862670898,59.52000045776367,59.36000061035156,59.52000045776367,16947
2023-07-05,59.2599983215332,59.59999847412109,59.02000045776367,59.2400016784668,33982
2023-07-06,58.5099983215332,59.06999969482422,58.36000061035156,58.959999084472656,48186
2023-07-07,58.619998931884766,58.900001525878906,58.5099983215332,58.7400016784668,16517
2023-07-10,58.150001525878906,58.310001373291016,57.810001373291016,58.0099983215332,25158
2023-07-11,58.08000183105469,58.54999923706055,57.9900016784668,58.310001373291016,12227
2023-07-12,58.400001525878906,58.72999954223633,58.27999877929688,58.31999969482422,9861
2023-07-13,58.720001220703125,58.86000061035156,58.59000015258789,58.65999984741211,18095
2023-07-14,59.2400016784668,59.5,58.88999938964844,59.0,24432
2023-07-17,59.18999862670898,59.20000076293945,58.61000061035156,58.72999954223633,30265
2023-07-18,59.41999816894531,59.459999084472656,59.18000030517578,59.290000915527344,25163
2023-07-19,60.43000030517578,60.5099983215332,60.060001373291016,60.150001525878906,27606
2023-07-20,59.7599983215332,59.97999954223633,59.38999938964844,59.77999877929688,54959
2023-07-21,59.400001525878906,59.70000076293945,59.18999862670898,59.22999954223633,32973
2023-07-24,59.290000915527344,59.61000061035156,59.04999923706055,59.08000183105469,16741
2023-07-25,60.11000061035156,60.150001525878906,59.380001068115234,59.400001525878906,25549
2023-07-26,59.18999862670898,59.81999969482422,59.0,59.81999969482422,15409
2023-07-27,60.56999969482422,60.86000061035156,59.52999877929688,59.59000015258789,43839
2023-07-28,60.369998931884766,60.470001220703125,60.06999969482422,60.09999847412109,27650
2023-07-31,60.400001525878906,60.54999923706055,60.16999816894531,60.290000915527344,20914
2023-08-01,60.7599983215332,60.81999969482422,60.43999862670898,60.720001220703125,54884
2023-08-02,59.54999923706055,60.40999984741211,59.540000915527344,60.15999984741211,64835
2023-08-03,59.13999938964844,59.34000015258789,58.81999969482422,59.16999816894531,38177
2023-08-04,58.45000076293945,59.11000061035156,58.04999923706055,58.95000076293945,32648
2023-08-07,57.77999877929688,58.4900016784668,57.709999084472656,58.36000061035156,44690
2023-08-08,57.41999816894531,58.09000015258789,57.369998931884766,57.93000030517578,20809
2023-08-09,56.83000183105469,58.09000015258789,56.68999862670898,58.09000015258789,46990
2023-08-10,57.16999816894531,57.56999969482422,56.9900016784668,57.18999862670898,49131
2023-08-11,56.41999816894531,57.09000015258789,56.41999816894531,57.060001373291016,38759
2023-08-14,57.36000061035156,57.540000915527344,56.58000183105469,56.58000183105469,27598
2023-08-15,57.40999984741211,57.84999847412109,57.04999923706055,57.84999847412109,27778
2023-08-16,57.2599983215332,57.38999938964844,57.09000015258789,57.27000045776367,12670
2023-08-17,56.470001220703125,57.130001068115234,56.43999862670898,57.060001373291016,21830
2023-08-18,56.09000015258789,56.29999923706055,55.54999923706055,56.25,21975
2023-08-21,56.83000183105469,57.13999938964844,56.45000076293945,56.45000076293945,45498
2023-08-22,57.93000030517578,58.220001220703125,57.459999084472656,57.5,31365
2023-08-23,58.66999816894531,58.72999954223633,57.91999816894531,57.93000030517578,32166
2023-08-24,58.09999847412109,59.970001220703125,58.09000015258789,59.970001220703125,26694
2023-08-25,57.790000915527344,58.290000915527344,57.43000030517578,57.650001525878906,22448
2023-08-28,58.34999847412109,58.68999862670898,58.150001525878906,58.209999084472656,9249
2023-08-29,59.43999862670898,59.43999862670898,58.47999954223633,58.720001220703125,13545
2023-08-30,59.56999969482422,59.56999969482422,59.06999969482422,59.5,18688
2023-08-31,60.36000061035156,60.59000015258789,59.84999847412109,59.84999847412109,24449
2023-09-01,60.72999954223633,60.810001373291016,60.2599983215332,60.34000015258789,48651
2023-09-04,60.79999923706055,61.040000915527344,60.77999877929688,60.95000076293945,26971
2023-09-05,61.34999847412109,61.560001373291016,60.61000061035156,60.83000183105469,42575
2023-09-06,60.63999938964844,61.20000076293945,60.54999923706055,61.13999938964844,36760
2023-09-07,59.70000076293945,60.34000015258789,59.34000015258789,60.290000915527344,42680
2023-09-08,60.08000183105469,60.09999847412109,59.56999969482422,59.880001068115234,19224
2023-09-11,59.58000183105469,60.2400016784668,59.36000061035156,59.900001525878906,12796
2023-09-12,59.27999877929688,59.90999984741211,59.119998931884766,59.86000061035156,40221
2023-09-13,59.13999938964844,59.13999938964844,58.68000030517578,58.970001220703125,25466
2023-09-14,59.790000915527344,59.90999984741211,59.09000015258789,59.16999816894531,27123
2023-09-15,58.790000915527344,60.06999969482422,58.790000915527344,60.06999969482422,40369
2023-09-18,58.83000183105469,58.959999084472656,58.4900016784668,58.84000015258789,19168
2023-09-19,58.45000076293945,59.02999877929688,58.209999084472656,58.7599983215332,49437
2023-09-20,58.5,58.88999938964844,58.40999984741211,58.77000045776367,58599
2023-09-21,57.459999084472656,57.84999847412109,57.34999847412109,57.790000915527344,25158
2023-09-22,57.65999984741211,57.70000076293945,57.16999816894531,57.2400016784668,23317
2023-09-25,57.790000915527344,57.79999923706055,57.09999847412109,57.5099983215332,27874
2023-09-26,56.970001220703125,57.52999877929688,56.93000030517578,57.43000030517578,16260
2023-09-27,57.16999816894531,57.459999084472656,57.08000183105469,57.130001068115234,53083
2023-09-28,57.40999984741211,57.540000915527344,56.59999847412109,57.380001068115234,39247
2023-09-29,57.90999984741211,58.29999923706055,57.560001373291016,57.59999847412109,27112
2023-10-02,58.72999954223633,58.84000015258789,57.84999847412109,58.06999969482422,73455
2023-10-03,57.84999847412109,58.88999938964844,57.7599983215332,58.720001220703125,18355
2023-10-04,57.959999084472656,58.060001373291016,57.13999938964844,57.2599983215332,17782
2023-10-05,57.7599983215332,58.34000015258789,57.63999938964844,58.18000030517578,23470
2023-10-06,58.66999816894531,58.66999816894531,57.720001220703125,58.2400016784668,13225
2023-10-09,58.959999084472656,59.0,58.65999984741211,58.970001220703125,29000
2023-10-10,59.7599983215332,59.790000915527344,59.27999877929688,59.59999847412109,27251
2023-10-11,59.52999877929688,59.77000045776367,59.380001068115234,59.47999954223633,19176
2023-10-12,60.68000030517578,60.84999847412109,59.9900016784668,60.060001373291016,68918
2023-10-13,59.83000183105469,60.54999923706055,59.790000915527344,60.470001220703125,13544
2023-10-16,60.0099983215332,60.09000015258789,59.209999084472656,59.61000061035156,34916
2023-10-17,59.4900016784668,59.93000030517578,58.54999923706055,59.90999984741211,25249
2023-10-18,59.18999862670898,59.34999847412109,58.93000030517578,59.06999969482422,18227
2023-10-19,58.77999877929688,59.06999969482422,58.58000183105469,58.66999816894531,24810
2023-10-20,57.16999816894531,58.20000076293945,57.09999847412109,58.02000045776367,22267
2023-10-23,57.119998931884766,57.310001373291016,56.4900016784668,57.310001373291016,26065
2023-10-24,57.47999954223633,57.72999954223633,57.2599983215332,57.34000015258789,14284
2023-10-25,57.52999877929688,58.18999862670898,57.52000045776367,57.900001525878906,22426
2023-10-26,56.40999984741211,57.380001068115234,56.34999847412109,56.58000183105469,37338
2023-10-27,56.47999954223633,56.650001525878906,56.20000076293945,56.27999877929688,16766
2023-10-30,56.400001525878906,56.959999084472656,56.25,56.869998931884766,29758
2023-10-31,56.84999847412109,56.90999984741211,56.22999954223633,56.31999969482422,37461
2023-11-01,57.95000076293945,58.02000045776367,57.0099983215332,57.15999984741211,79108
2023-11-02,59.040000915527344,59.040000915527344,58.52000045776367,58.560001373291016,19929
2023-11-03,59.22999954223633,59.22999954223633,58.52999877929688,58.77999877929688,35904
2023-11-06,59.400001525878906,59.52999877929688,59.209999084472656,59.34000015258789,24948
2023-11-07,60.63999938964844,60.63999938964844,59.59999847412109,59.59999847412109,65470
2023-11-08,60.59999847412109,60.959999084472656,60.5,60.5099983215332,22754
2023-11-09,61.16999816894531,61.25,60.7599983215332,60.77999877929688,24353
2023-11-10,61.58000183105469,61.68000030517578,60.59000015258789,60.84999847412109,23771
2023-11-13,61.869998931884766,62.11000061035156,61.59999847412109,61.86000061035156,22316
2023-11-14,62.060001373291016,62.380001068115234,61.70000076293945,61.900001525878906,51032
2023-11-15,62.5099983215332,62.63999938964844,62.29999923706055,62.34999847412109,58101
2023-11-16,62.20000076293945,62.47999954223633,62.130001068115234,62.290000915527344,27110
2023-11-17,62.310001373291016,62.79999923706055,62.150001525878906,62.72999954223633,58591
2023-11-20,62.65999984741211,62.65999984741211,62.02000045776367,62.130001068115234,30454
2023-11-21,62.47999954223633,63.04999923706055,62.2599983215332,62.97999954223633,37976
2023-11-22,63.18000030517578,63.619998931884766,62.5,62.63999938964844,14571
2023-11-23,63.02999877929688,63.11000061035156,62.869998931884766,63.11000061035156,15250
2023-11-24,62.540000915527344,63.0,62.33000183105469,62.88999938964844,49148
2023-11-27,62.66999816894531,62.70000076293945,62.27999877929688,62.369998931884766,11994
2023-11-28,62.540000915527344,62.540000915527344,62.09999847412109,62.43000030517578,99846
2023-11-29,62.81999969482422,63.220001220703125,62.52000045776367,62.540000915527344,19124
2023-11-30,62.68999862670898,63.43999862670898,62.59999847412109,63.130001068115234,15048
2023-12-01,63.20000076293945,63.33000183105469,62.880001068115234,63.060001373291016,59762
2023-12-04,63.20000076293945,63.20000076293945,63.20000076293945,63.20000076293945,0
2023-12-05,63.20000076293945,63.20000076293945,63.20000076293945,63.20000076293945,0
2023-12-06,63.20000076293945,63.20000076293945,63.20000076293945,63.20000076293945,0
2023-12-07,63.5099983215332,63.65999984741211,63.0,63.119998931884766,37658
2023-12-08,64.26000213623047,64.38999938964844,63.58000183105469,63.630001068115234,28678
2023-12-11,64.37999725341797,64.75,64.26000213623047,64.41000366210938,37277
2023-12-12,64.91999816894531,64.91999816894531,64.5,64.80999755859375,24075
2023-12-13,65.36000061035156,65.54000091552734,65.26000213623047,65.33000183105469,39813
2023-12-14,64.61000061035156,65.69999694824219,64.58000183105469,65.69000244140625,57045
2023-12-15,65.7699966430664,65.7699966430664,64.86000061035156,64.9000015258789,71842
2023-12-18,65.31999969482422,65.51000213623047,65.12000274658203,65.41999816894531,22067
2023-12-19,65.31999969482422,65.63999938964844,65.16000366210938,65.58999633789062,25632
2023-12-20,65.52999877929688,65.5999984741211,65.22000122070312,65.51000213623047,38931
2023-12-21,64.91000366210938,65.19000244140625,64.70999908447266,65.08000183105469,57395
2023-12-22,65.0,65.16999816894531,64.75,64.79000091552734,19129
2023-12-27,64.66000366210938,65.19000244140625,64.44000244140625,65.12000274658203,23612
2023-12-28,65.06999969482422,65.1500015258789,64.81999969482422,64.94999694824219,25230
2023-12-29,65.16000366210938,65.38999938964844,65.01000213623047,65.13999938964844,10982
2024-01-02,63.97999954223633,65.12999725341797,63.58000183105469,65.08999633789062,117874
2024-01-03,63.34000015258789,63.7400016784668,63.209999084472656,63.66999816894531,26636
2024-01-04,62.97999954223633,63.27000045776367,62.59999847412109,63.27000045776367,30275
2024-01-05,62.9900016784668,63.06999969482422,62.43999862670898,62.619998931884766,49541
2024-01-08,63.72999954223633,63.83000183105469,62.59000015258789,62.7599983215332,40199
2024-01-09,64.55999755859375,64.91000366210938,63.91999816894531,64.29000091552734,145099
2024-01-10,64.94000244140625,65.02999877929688,64.69000244140625,64.86000061035156,44548
2024-01-11,64.79000091552734,65.79000091552734,64.7699966430664,65.5,62771
2024-01-12,65.5999984741211,65.76000213623047,65.29000091552734,65.4000015258789,45200
2024-01-15,65.77999877929688,65.94000244140625,65.69999694824219,65.87999725341797,40056
2024-01-16,66.48999786376953,66.52999877929688,65.33000183105469,65.38999938964844,39223
2024-01-17,65.91999816894531,66.18000030517578,65.37000274658203,65.91999816894531,48952
2024-01-18,67.36000061035156,67.37999725341797,66.13999938964844,66.16999816894531,35434
2024-01-19,67.91999816894531,68.06999969482422,67.66000366210938,67.69999694824219,36335
2024-01-22,69.37000274658203,69.48999786376953,69.06999969482422,69.20999908447266,49948
2024-01-23,69.44000244140625,69.55999755859375,69.0,69.18000030517578,34677
2024-01-24,70.37999725341797,70.5999984741211,69.73999786376953,69.98999786376953,46133
2024-01-25,71.23999786376953,71.29000091552734,70.23999786376953,70.31999969482422,31747
2024-01-26,70.20999908447266,70.37000274658203,69.80000305175781,70.01000213623047,46544
2024-01-29,70.2300033569336,70.44999694824219,69.97000122070312,70.0199966430664,50250
2024-01-30,70.43000030517578,70.97000122070312,70.33000183105469,70.69999694824219,33863
2024-01-31,69.06999969482422,70.0999984741211,68.7300033569336,70.0999984741211,47827
2024-02-01,69.08999633789062,69.63999938964844,69.04000091552734,69.4800033569336,90831
2024-02-02,70.63999938964844,70.63999938964844,69.27999877929688,69.38999938964844,85501
2024-02-05,71.2300033569336,71.6500015258789,70.80000305175781,70.81999969482422,92236
2024-02-06,71.13999938964844,71.91999816894531,71.0,71.8499984741211,81698
2024-02-07,71.75,72.08000183105469,70.95999908447266,71.0,60753
2024-02-08,72.48999786376953,72.56999969482422,72.05000305175781,72.19999694824219,39374
2024-02-09,73.13999938964844,73.25,72.55000305175781,72.62999725341797,40368
2024-02-12,73.66999816894531,73.66999816894531,73.0999984741211,73.2699966430664,90583
2024-02-13,72.3499984741211,72.94000244140625,71.41999816894531,72.87999725341797,70022
2024-02-14,72.37000274658203,72.86000061035156,72.20999908447266,72.52999877929688,58555
2024-02-15,72.30999755859375,73.13999938964844,72.05999755859375,73.11000061035156,37912
2024-02-16,72.38999938964844,73.06999969482422,71.94999694824219,72.83999633789062,39359
2024-02-19,71.98999786376953,72.08000183105469,71.73999786376953,71.87000274658203,43904
2024-02-20,70.1500015258789,71.73999786376953,69.79000091552734,71.7300033569336,87179
2024-02-21,69.77999877929688,70.33999633789062,69.5999984741211,70.33999633789062,38059
2024-02-22,72.69999694824219,72.80000305175781,71.55999755859375,71.76000213623047,70541
2024-02-23,72.87999725341797,73.6500015258789,72.4800033569336,73.0999984741211,73525
2024-02-26,72.87999725341797,73.0199966430664,72.52999877929688,72.58999633789062,31485
2024-02-27,72.66000366210938,72.9000015258789,72.4000015258789,72.72000122070312,24993
2024-02-28,72.61000061035156,72.88999938964844,72.16999816894531,72.76000213623047,12727
2024-02-29,72.79000091552734,73.05000305175781,71.91000366210938,72.18000030517578,52027
2024-03-01,73.97000122070312,74.06999969482422,73.27999877929688,73.76000213623047,70761
2024-03-04,74.5199966430664,74.76000213623047,74.30000305175781,74.5199966430664,34456
2024-03-05,72.83999633789062,74.30999755859375,72.54000091552734,74.26000213623047,48305
2024-03-06,73.62999725341797,73.77999877929688,73.01000213623047,73.26000213623047,44086
2024-03-07,74.2699966430664,74.37999725341797,73.01000213623047,73.1500015258789,64895
2024-03-08,73.91000366210938,75.30000305175781,73.81999969482422,74.70999908447266,67742
2024-03-11,72.94999694824219,73.2300033569336,72.38999938964844,72.87000274658203,67865
2024-03-12,74.04000091552734,74.33000183105469,72.94999694824219,73.44000244140625,75034
2024-03-13,73.41999816894531,74.73999786376953,73.30000305175781,74.63999938964844,52279
2024-03-14,73.86000061035156,74.29000091552734,73.41000366210938,74.0,47752
2024-03-15,72.80000305175781,74.08999633789062,72.58000183105469,73.5999984741211,56917
2024-03-18,73.5199966430664,74.11000061035156,73.0999984741211,73.31999969482422,56549
2024-03-19,73.5199966430664,73.55999755859375,72.5,73.31999969482422,36416
2024-03-20,73.79000091552734,74.0999984741211,73.6500015258789,73.7300033569336,49718
2024-03-21,75.5,75.5199966430664,74.72000122070312,74.88999938964844,79903
2024-03-22,75.27999877929688,75.41999816894531,74.83000183105469,75.19000244140625,49800
2024-03-25,75.0,75.41000366210938,74.36000061035156,75.33000183105469,22828
2024-03-26,75.06999969482422,75.30000305175781,74.8499984741211,75.13999938964844,27585
2024-03-27,74.30000305175781,75.20999908447266,74.13999938964844,74.91000366210938,38461
2024-03-28,74.62000274658203,74.9000015258789,74.37999725341797,74.7300033569336,32102
2024-04-02,74.0999984741211,75.37999725341797,73.61000061035156,75.2699966430664,85097
2024-04-03,74.4000015258789,74.51000213623047,73.75,74.08999633789062,14504
2024-04-04,74.30999755859375,74.66999816894531,74.05000305175781,74.1500015258789,37017
2024-04-05,73.70999908447266,73.70999908447266,72.80000305175781,72.87000274658203,73330
2024-04-08,73.41999816894531,73.8499984741211,73.2699966430664,73.51000213623047,36917
2024-04-09,72.80000305175781,73.58000183105469,72.45999908447266,73.43000030517578,32737
2024-04-10,73.5199966430664,73.66999816894531,72.69000244140625,73.51000213623047,33251
2024-04-11,74.2699966430664,74.2699966430664,73.38999938964844,73.77999877929688,163563
2024-04-12,75.05000305175781,75.63999938964844,74.66999816894531,75.62999725341797,33276
2024-04-15,74.69000244140625,75.27999877929688,74.4800033569336,74.91999816894531,52855
2024-04-16,73.43000030517578,73.61000061035156,72.9000015258789,73.2699966430664,38080
2024-04-17,72.55999755859375,73.63999938964844,72.55999755859375,73.12000274658203,50899
2024-04-18,71.97000122070312,72.37000274658203,71.23999786376953,72.37000274658203,34537
2024-04-19,70.19999694824219,71.23999786376953,70.08000183105469,70.81999969482422,62388
2024-04-22,69.44999694824219,70.0999984741211,69.16000366210938,69.73999786376953,52121
2024-04-23,70.87000274658203,70.94000244140625,69.83000183105469,70.1500015258789,27690
2024-04-24,71.26000213623047,71.83999633789062,71.13999938964844,71.52999877929688,32127
2024-04-25,70.02999877929688,70.62000274658203,69.86000061035156,70.55000305175781,37160
2024-04-26,72.47000122070312,72.75,71.47000122070312,71.51000213623047,39401
2024-04-29,72.19999694824219,72.66000366210938,72.18000030517578,72.51000213623047,56162
2024-04-30,72.05999755859375,72.54000091552734,71.97000122070312,72.41000366210938,129680
2024-05-02,70.7699966430664,71.12999725341797,70.33999633789062,70.62000274658203,114714
2024-05-03,72.69999694824219,72.87999725341797,71.66999816894531,71.76000213623047,32916
2024-05-06,73.44999694824219,73.44999694824219,72.70999908447266,72.80000305175781,26660
2024-05-07,73.69999694824219,74.01000213623047,73.5,74.01000213623047,19590
2024-05-08,73.5,73.8499984741211,73.08999633789062,73.70999908447266,36808
2024-05-09,73.41000366210938,73.68000030517578,73.05000305175781,73.54000091552734,21768
2024-05-10,73.58000183105469,73.94999694824219,73.43000030517578,73.5199966430664,29845
2024-05-13,73.86000061035156,74.05999755859375,73.38999938964844,73.91000366210938,15096
2024-05-14,73.87000274658203,74.0199966430664,73.45999908447266,73.80999755859375,75439
2024-05-15,75.16000366210938,75.22000122070312,74.04000091552734,74.19000244140625,87023
2024-05-16,75.83000183105469,75.93000030517578,75.6500015258789,75.72000122070312,22694
2024-05-17,75.19999694824219,75.75,75.16999816894531,75.4800033569336,21448
2024-05-20,76.01000213623047,76.01000213623047,75.12999725341797,75.19999694824219,41842
2024-05-21,76.20999908447266,76.2300033569336,75.63999938964844,76.04000091552734,125944
2024-05-22,76.58000183105469,76.66000366210938,76.16999816894531,76.25,108617
2024-05-23,77.76000213623047,78.0,77.25,77.72000122070312,59289
2024-05-24,77.36000061035156,77.41000366210938,76.62999725341797,76.91999816894531,37151
2024-05-27,77.87999725341797,77.87999725341797,77.51000213623047,77.63999938964844,75447
2024-05-28,78.13999938964844,78.16999816894531,77.62000274658203,77.79000091552734,150955
2024-05-29,78.29000091552734,78.5,77.66999816894531,78.29000091552734,92875
2024-05-30,76.91000366210938,77.76000213623047,76.7300033569336,77.52999877929688,65036
2024-05-31,75.02999877929688,76.58000183105469,74.94999694824219,76.23999786376953,153958
2024-06-03,76.22000122070312,77.12999725341797,75.94999694824219,76.63999938964844,71555
2024-06-04,76.20999908447266,76.69999694824219,75.97000122070312,76.30999755859375,48731
2024-06-05,78.37000274658203,78.37000274658203,76.9000015258789,76.94000244140625,20528
2024-06-06,78.56999969482422,79.41999816894531,78.33999633789062,79.12999725341797,63103
2024-06-07,79.02999877929688,79.16000366210938,78.33999633789062,78.81999969482422,42527
2024-06-10,80.16999816894531,80.16999816894531,79.2699966430664,79.80000305175781,62766
2024-06-11,80.61000061035156,80.73999786376953,79.5199966430664,79.77999877929688,30816
2024-06-12,82.52999877929688,82.62000274658203,81.01000213623047,81.23999786376953,69029
2024-06-13,83.54000091552734,83.76000213623047,83.06999969482422,83.38999938964844,50092
2024-06-14,84.25,84.66000366210938,83.77999877929688,84.31999969482422,52278
2024-06-17,84.58999633789062,84.93000030517578,84.23999786376953,84.75,82500
2024-06-18,85.30999755859375,85.70999908447266,85.08000183105469,85.22000122070312,56772
2024-06-19,86.0,86.20999908447266,85.83999633789062,86.05000305175781,56305
2024-06-20,85.80000305175781,86.77999877929688,85.27999877929688,86.5999984741211,59559
2024-06-21,84.5,84.91999816894531,83.75,84.83000183105469,80072
2024-06-24,83.12000274658203,84.12999725341797,82.58999633789062,84.05000305175781,68012
2024-06-25,83.43000030517578,83.4800033569336,81.81999969482422,81.98999786376953,114233
2024-06-26,83.86000061035156,84.58000183105469,83.66000366210938,84.27999877929688,44054
2024-06-27,83.79000091552734,84.36000061035156,83.7300033569336,83.80999755859375,50364
2024-06-28,84.6500015258789,85.41000366210938,84.33000183105469,84.47000122070312,139106
2024-07-01,84.05000305175781,84.12000274658203,82.6500015258789,83.75,168968
2024-07-02,84.5999984741211,84.5999984741211,83.87000274658203,84.20999908447266,32093
2024-07-03,85.22000122070312,85.30000305175781,84.4000015258789,84.80000305175781,55707
2024-07-04,85.41000366210938,85.87000274658203,85.33000183105469,85.77999877929688,31883
2024-07-05,85.91999816894531,86.08000183105469,85.43000030517578,85.73999786376953,52192
2024-07-08,86.37999725341797,86.44000244140625,85.8499984741211,85.9800033569336,104432
2024-07-09,86.72000122070312,87.19999694824219,86.63999938964844,86.83999633789062,38093
2024-07-10,87.16000366210938,87.2699966430664,86.69000244140625,86.75,85683
2024-07-11,85.43000030517578,87.87999725341797,85.43000030517578,87.69000244140625,67207
2024-07-12,86.22000122070312,86.33999633789062,84.9000015258789,85.36000061035156,48421
2024-07-15,86.45999908447266,86.81999969482422,85.9800033569336,86.30999755859375,103559
2024-07-16,85.81999969482422,86.63999938964844,85.48999786376953,86.22000122070312,34638
2024-07-17,83.01000213623047,85.11000061035156,82.5999984741211,85.0999984741211,87658
2024-07-18,81.44000244140625,83.41999816894531,81.37999725341797,83.41000366210938,80160
2024-07-19,81.66000366210938,82.56999969482422,81.66000366210938,82.22000122070312,61225
2024-07-22,82.13999938964844,83.06999969482422,81.68000030517578,81.83000183105469,73871
2024-07-23,83.7300033569336,83.83000183105469,82.41999816894531,82.69999694824219,50686
2024-07-24,80.83999633789062,82.79000091552734,80.72000122070312,82.5199966430664,40324
2024-07-25,79.55000305175781,80.12999725341797,77.81999969482422,80.12999725341797,172835
2024-07-26,79.5,80.18000030517578,79.19000244140625,79.52999877929688,77924
2024-07-29,79.4800033569336,80.93000030517578,79.4800033569336,80.4000015258789,58930
2024-07-30,78.36000061035156,80.20999908447266,78.36000061035156,79.6500015258789,44180
2024-07-31,80.88999938964844,80.94999694824219,79.3499984741211,79.5999984741211,43274
2024-08-01,79.86000061035156,82.06999969482422,79.86000061035156,81.80000305175781,138957
2024-08-02,75.91000366210938,77.33999633789062,74.7699966430664,77.16000366210938,98660
2024-08-05,73.2300033569336,73.61000061035156,68.4000015258789,69.48999786376953,225996
2024-08-06,74.08999633789062,74.69999694824219,72.80000305175781,74.4800033569336,127893
2024-08-07,75.54000091552734,76.12000274658203,74.27999877929688,74.58999633789062,72048
2024-08-08,75.18000030517578,75.2699966430664,72.9000015258789,73.51000213623047,58855
2024-08-09,75.62000274658203,76.31999969482422,75.11000061035156,75.5,68423
2024-08-12,76.44999694824219,77.0999984741211,75.97000122070312,76.19000244140625,41826
2024-08-13,78.30000305175781,78.31999969482422,76.80999755859375,77.20999908447266,49895
2024-08-14,78.75,78.98999786376953,77.55999755859375,78.55000305175781,60407
2024-08-15,80.55999755859375,80.76000213623047,78.75,79.02999877929688,120467
2024-08-16,80.80000305175781,81.52999877929688,80.25,81.4800033569336,61955
2024-08-19,80.77999877929688,80.98999786376953,80.25,80.7300033569336,35600
2024-08-20,81.12000274658203,82.0199966430664,80.77999877929688,81.8499984741211,30628
2024-08-21,81.2300033569336,81.80999755859375,81.0199966430664,81.12999725341797,30983
2024-08-22,81.05999755859375,82.08999633789062,81.05999755859375,81.44000244140625,44533
2024-08-23,80.4800033569336,81.25,79.94000244140625,80.47000122070312,76961
2024-08-26,80.0199966430664,81.12999725341797,79.43000030517578,80.73999786376953,22563
2024-08-27,80.16999816894531,80.51000213623047,79.2699966430664,80.06999969482422,18704
2024-08-28,79.55000305175781,80.94999694824219,79.16999816894531,80.58000183105469,26850
2024-08-29,80.91999816894531,81.29000091552734,79.11000061035156,79.2300033569336,36156
2024-08-30,79.97000122070312,80.75,79.87999725341797,80.06999969482422,12888
2024-09-02,80.73999786376953,80.83000183105469,80.0999984741211,80.33999633789062,55067
2024-09-03,78.43000030517578,80.70999908447266,78.08999633789062,80.4800033569336,51767
2024-09-04,76.66000366210938,77.18000030517578,75.80000305175781,76.25,40213
2024-09-05,76.25,77.44000244140625,75.47000122070312,76.41999816894531,32426
2024-09-06,74.55000305175781,76.44999694824219,74.4000015258789,75.58999633789062,32204
2024-09-09,75.44999694824219,75.98999786376953,74.91999816894531,75.41999816894531,44215
2024-09-10,76.43000030517578,76.69999694824219,75.58999633789062,75.7699966430664,22397
2024-09-11,76.77999877929688,77.56999969482422,76.2300033569336,76.48999786376953,37715
2024-09-12,79.37999725341797,79.8499984741211,78.69000244140625,79.66000366210938,38388
2024-09-13,79.91000366210938,79.95999908447266,79.30000305175781,79.69000244140625,28443
2024-09-16,78.76000213623047,79.5999984741211,78.37000274658203,79.51000213623047,96653
2024-09-17,79.2300033569336,79.63999938964844,78.93000030517578,79.05000305175781,13289
2024-09-18,78.72000122070312,79.08000183105469,78.62999725341797,79.08000183105469,30263
2024-09-19,80.94999694824219,81.1500015258789,79.62000274658203,79.79000091552734,40486
2024-09-20,80.22000122070312,80.62000274658203,79.91999816894531,80.36000061035156,19323
2024-09-23,80.36000061035156,80.8499984741211,80.16000366210938,80.41000366210938,59550
2024-09-24,80.44999694824219,80.83999633789062,79.69999694824219,80.68000030517578,34465
2024-09-25,81.16000366210938,81.3499984741211,80.0999984741211,80.19999694824219,24601
2024-09-26,81.44000244140625,82.9000015258789,81.22000122070312,82.44999694824219,44407
2024-09-27,81.22000122070312,82.1500015258789,81.1500015258789,81.83999633789062,31543
2024-09-30,81.30999755859375,81.36000061035156,80.41999816894531,80.97000122070312,30749
2024-10-01,80.30999755859375,82.38999938964844,79.88999938964844,81.87000274658203,90619
2024-10-02,81.08000183105469,81.16000366210938,79.62999725341797,80.0999984741211,38140
2024-10-03,81.4800033569336,81.88999938964844,80.38999938964844,80.83000183105469,19180
2024-10-04,82.08000183105469,82.98999786376953,81.18000030517578,81.29000091552734,33103
2024-10-07,82.73999786376953,82.73999786376953,81.80000305175781,82.41999816894531,31306
2024-10-08,83.37000274658203,83.5,81.87999725341797,81.91000366210938,78251
2024-10-09,84.58000183105469,84.58000183105469,83.37999725341797,83.56999969482422,62664
2024-10-10,84.77999877929688,84.80000305175781,83.9800033569336,84.61000061035156,64767
2024-10-11,84.76000213623047,85.01000213623047,84.41999816894531,84.83999633789062,65075
2024-10-14,85.91999816894531,86.43000030517578,84.80000305175781,84.86000061035156,49729
2024-10-15,84.88999938964844,86.54000091552734,84.33999633789062,86.38999938964844,72959
2024-10-16,84.37000274658203,84.91000366210938,83.7699966430664,84.80999755859375,33829
2024-10-17,86.0,86.66999816894531,85.44999694824219,85.63999938964844,61654
2024-10-18,85.75,86.05000305175781,85.62000274658203,85.76000213623047,50497
2024-10-21,85.87999725341797,86.4000015258789,85.16999816894531,85.73999786376953,41112
2024-10-22,86.55000305175781,86.8499984741211,86.08999633789062,86.41999816894531,39432
2024-10-23,86.20999908447266,87.05000305175781,86.08000183105469,86.86000061035156,49144
2024-10-24,85.62999725341797,86.31999969482422,85.4800033569336,85.95999908447266,34535
2024-10-25,86.7699966430664,86.91000366210938,85.58999633789062,85.72000122070312,57144
2024-10-28,86.22000122070312,86.94999694824219,86.16000366210938,86.79000091552734,29797
2024-10-29,86.8499984741211,87.01000213623047,86.02999877929688,86.2300033569336,43054
2024-10-30,86.0199966430664,86.98999786376953,85.80000305175781,86.91000366210938,27343
2024-10-31,82.9800033569336,84.69000244140625,82.72000122070312,84.43000030517578,51922
2024-11-01,83.7300033569336,83.8499984741211,82.5999984741211,82.83000183105469,103199
2024-11-04,83.16000366210938,83.5199966430664,82.38999938964844,83.44000244140625,40406
2024-11-05,83.80000305175781,83.9800033569336,82.9800033569336,83.16000366210938,39431
2024-11-06,86.93000030517578,87.29000091552734,86.12000274658203,86.44000244140625,73376
2024-11-07,88.06999969482422,88.0999984741211,87.20999908447266,87.33999633789062,53407
2024-11-08,88.69999694824219,88.9800033569336,88.04000091552734,88.87000274658203,44368
2024-11-11,88.58999633789062,89.58999633789062,88.38999938964844,89.19000244140625,67663
2024-11-12,89.5999984741211,89.69000244140625,88.68000030517578,88.7699966430664,42722
2024-11-13,89.69999694824219,89.72000122070312,88.91999816894531,89.33999633789062,44441
2024-11-14,89.9000015258789,90.38999938964844,89.56999969482422,89.70999908447266,34778
2024-11-15,87.81999969482422,89.29000091552734,87.81999969482422,89.18000030517578,43261
2024-11-18,88.0,88.16999816894531,86.88999938964844,87.95999908447266,45630
2024-11-19,88.02999877929688,88.02999877929688,86.58999633789062,87.91999816894531,35257
2024-11-20,88.18000030517578,89.16000366210938,87.73999786376953,88.83999633789062,30126
2024-11-21,89.83999633789062,90.33999633789062,88.0,88.4800033569336,70627
2024-11-22,90.18000030517578,90.87999725341795,89.83999633789062,89.8499984741211,48631
2024-11-25,89.72000122070312,90.61000061035156,89.27999877929688,90.5999984741211,45209
2024-11-26,90.08000183105467,90.23999786376952,89.26000213623047,89.66999816894531,26573
2024-11-27,87.95999908447266,89.83999633789062,87.87000274658203,89.7699966430664,27241
2024-11-28,89.0199966430664,89.29000091552734,88.9000015258789,89.2300033569336,21107
2024-11-29,89.5999984741211,89.72000122070312,88.62999725341797,88.91999816894531,14901
2024-12-02,91.08999633789062,91.25,89.38999938964844,89.86000061035156,93343
2024-12-03,91.0,91.13999938964844,90.41000366210938,91.02999877929688,48477
2024-12-04,92.62000274658205,92.91000366210938,91.87000274658205,91.97000122070312,71901
2024-12-05,92.6500015258789,93.06999969482422,92.2699966430664,92.73999786376952,81979
2024-12-06,92.68000030517578,93.16999816894533,91.9800033569336,92.25,45331
2024-12-09,92.08999633789062,92.86000061035156,91.5999984741211,92.6999969482422,54966
2024-12-10,91.88999938964844,92.7300033569336,91.80999755859376,91.91000366210938,50810
2024-12-11,92.86000061035156,92.9000015258789,91.45999908447266,91.5999984741211,46822
2024-12-12,92.54000091552734,92.91000366210938,92.04000091552734,92.51000213623048,73895
2024-12-13,92.44000244140624,93.66000366210938,92.13999938964844,93.20999908447266,59819
2024-12-16,92.97000122070312,93.3000030517578,92.45999908447266,92.6999969482422,57213
2024-12-17,93.25,93.41999816894533,92.44000244140624,93.08000183105467,43741
2024-12-18,93.80999755859376,94.0999984741211,93.25,93.51000213623048,64203
2024-12-19,92.43000030517578,92.47000122070312,91.4000015258789,91.58999633789062,64952
2024-12-20,92.75,92.75,89.69999694824219,91.16999816894533,108551
2024-12-23,93.04000091552734,93.4000015258789,92.6999969482422,93.18000030517578,38170
2024-12-27,92.87999725341795,94.33999633789062,92.37999725341795,94.23999786376952,44519
2024-12-30,91.9499969482422,93.08000183105467,91.83999633789062,92.87999725341795,25491
2025-01-02,93.22000122070312,93.38999938964844,91.94000244140624,92.55999755859376,147444
2025-01-03,93.43000030517578,93.52999877929688,92.41999816894533,92.70999908447266,45926
2025-01-06,95.0,95.33000183105467,93.76000213623048,93.8000030517578,102035
2025-01-07,93.3000030517578,95.0500030517578,92.98999786376952,94.26000213623048,80756
2025-01-08,93.11000061035156,93.62999725341795,92.58000183105467,93.19000244140624,62264
2025-01-09,92.9499969482422,93.0,92.5199966430664,92.54000091552734,36739
2025-01-10,91.30999755859376,93.08999633789062,90.95999908447266,92.69000244140624,69211
2025-01-13,90.5,91.3000030517578,90.12000274658205,91.26000213623048,65303
2025-01-14,90.3000030517578,91.6500015258789,90.16999816894533,91.4000015258789,52440
2025-01-15,92.04000091552734,92.26000213623048,90.20999908447266,90.26000213623048,67383
2025-01-16,92.04000091552734,93.5199966430664,92.04000091552734,93.33000183105467,105163
2025-01-17,92.9499969482422,93.36000061035156,91.66000366210938,91.7699966430664,45233
2025-01-20,92.5,92.9499969482422,92.1500015258789,92.80999755859376,47645
2025-01-21,91.75,92.91999816894533,91.5,92.2300033569336,83650
2025-01-22,94.2699966430664,94.2699966430664,93.02999877929688,93.2300033569336,32455
2025-01-23,94.13999938964844,94.33999633789062,93.6500015258789,94.12000274658205,68984
2025-01-24,93.41000366210938,94.4800033569336,93.25,93.88999938964844,58511
2025-01-27,87.70999908447266,89.72000122070312,86.43000030517578,89.66999816894531,169391
2025-01-28,90.38999938964844,90.38999938964844,88.29000091552734,89.44999694824219,83297
2025-01-29,90.4499969482422,92.37999725341795,90.25,92.2300033569336,71169
2025-01-30,89.69999694824219,91.0500030517578,89.36000061035156,90.79000091552734,65567
2025-01-31,91.77999877929688,92.22000122070312,91.37999725341795,91.37999725341795,63659
2025-02-03,89.33999633789062,90.0,88.58000183105469,89.95999908447266,169676
2025-02-04,90.08999633789062,90.1999969482422,88.83999633789062,89.31999969482422,44015
2025-02-05,90.44000244140624,90.44000244140624,89.02999877929688,89.68000030517578,41233
2025-02-06,91.66999816894533,92.02999877929688,91.33000183105467,91.45999908447266,31707
2025-02-07,91.58000183105467,92.61000061035156,91.4499969482422,92.12000274658205,61464
2025-02-10,93.11000061035156,93.19000244140624,91.8499984741211,92.08999633789062,34637
2025-02-11,93.11000061035156,93.23999786376952,92.16999816894533,92.56999969482422,45254
2025-02-12,92.04000091552734,92.7699966430664,91.45999908447266,92.58999633789062,28517
2025-02-13,93.13999938964844,93.36000061035156,91.9499969482422,92.3499984741211,54969
2025-02-14,92.9000015258789,93.26000213623048,92.61000061035156,93.2300033569336,27099
2025-02-17,93.77999877929688,93.97000122070312,93.5999984741211,93.87000274658205,61310
2025-02-18,94.08999633789062,94.5500030517578,93.68000030517578,94.16000366210938,32670
2025-02-19,94.5199966430664,94.62000274658205,93.6999969482422,94.37999725341795,20465
2025-02-20,93.5,94.47000122070312,93.1500015258789,94.12999725341795,28789
2025-02-21,93.5,94.29000091552734,93.1999969482422,93.58999633789062,35565
2025-02-24,91.12999725341795,92.44000244140624,90.43000030517578,91.88999938964844,82651
2025-02-25,88.54000091552734,90.36000061035156,88.0999984741211,90.0199966430664,53444
2025-02-26,90.19000244140624,90.33999633789062,89.25,89.61000061035156,58499
2025-02-27,89.69999694824219,90.94000244140624,88.61000061035156,89.93000030517578,59601
2025-02-28,87.2300033569336,87.5999984741211,85.79000091552734,87.22000122070312,114155
2025-03-03,86.75,88.52999877929688,86.27999877929688,88.48999786376953,178468
2025-03-04,83.58000183105469,85.06999969482422,83.05000305175781,84.80999755859375,160082
2025-03-05,82.0999984741211,84.33999633789062,82.04000091552734,84.2300033569336,154635
2025-03-06,82.33000183105469,83.2699966430664,81.56999969482422,83.19000244140625,95331
2025-03-07,80.41000366210938,81.9800033569336,80.41000366210938,81.5999984741211,111305
2025-03-10,78.80999755859375,81.51000213623047,78.22000122070312,81.48999786376953,132694
2025-03-11,77.66000366210938,78.5,77.0,78.08999633789062,161345
2025-03-12,79.51000213623047,79.7300033569336,77.81999969482422,77.97000122070312,55984
2025-03-13,78.27999877929688,79.37999725341797,78.05999755859375,78.52999877929688,83568
2025-03-14,79.79000091552734,80.08999633789062,78.41000366210938,78.5999984741211,159456
2025-03-17,79.41000366210938,80.5,79.25,79.62000274658203,181206
2025-03-18,79.05999755859375,80.01000213623047,78.62000274658203,79.69000244140625,163635
2025-03-19,80.05999755859375,80.23999786376953,78.83000183105469,78.83999633789062,156259
2025-03-20,80.12999725341797,81.0999984741211,79.69000244140625,80.80000305175781,194466
2025-03-21,80.01000213623047,80.1500015258789,78.98999786376953,79.9800033569336,186249
2025-03-24,82.11000061035156,82.29000091552734,81.31999969482422,81.37999725341797,171948
2025-03-25,82.30000305175781,82.43000030517578,81.8499984741211,82.05999755859375,164851
2025-03-26,80.87999725341797,82.56999969482422,80.70999908447266,82.47000122070312,102130
2025-03-27,80.04000091552734,80.68000030517578,79.37000274658203,80.3499984741211,57587
2025-03-28,77.63999938964844,79.7300033569336,77.4800033569336,79.2300033569336,41045
2025-03-31,76.47000122070312,76.66000366210938,75.5,76.33000183105469,150458
2025-04-01,77.9000015258789,78.13999938964844,76.75,77.5,132458
2025-04-02,78.20999908447266,78.36000061035156,76.9800033569336,78.1500015258789,27893
2025-04-03,72.51000213623047,75.0199966430664,71.62999725341797,74.37000274658203,147527
2025-04-04,68.93000030517578,72.0999984741211,67.58999633789062,71.51000213623047,202728
2025-04-07,67.41999816894531,71.63999938964844,62.720001220703125,63.40999984741211,279216
2025-04-08,70.41000366210938,71.91000366210938,68.62000274658203,68.69000244140625,110619
2025-04-09,67.01000213623047,68.12000274658203,64.76000213623047,66.33999633789062,100162
2025-04-10,70.58999633789062,74.9800033569336,70.58999633789062,74.75,119570
2025-04-11,70.23999786376953,71.20999908447266,68.77999877929688,71.08999633789062,97263
2025-04-14,72.12999725341797,74.19999694824219,72.12999725341797,72.94999694824219,105202
2025-04-15,72.80999755859375,73.22000122070312,71.76000213623047,72.29000091552734,85378
2025-04-16,70.80999755859375,71.68000030517578,69.97000122070312,70.44000244140625,63054
2025-04-17,69.23999786376953,70.91999816894531,68.88999938964844,70.51000213623047,68641
2025-04-22,68.11000061035156,68.30000305175781,67.23999786376953,67.55000305175781,53354
2025-04-23,71.41999816894531,72.51000213623047,70.37999725341797,70.44999694824219,100475
2025-04-24,72.94000244140625,73.05999755859375,70.19000244140625,70.9000015258789,73561
2025-04-25,73.7699966430664,74.12999725341797,73.0,73.98999786376953,70496
2025-04-28,73.61000061035156,74.98999786376953,73.58000183105469,74.80999755859375,45002
2025-04-29,74.51000213623047,74.94999694824219,73.87999725341797,74.52999877929688,31746
2025-04-30,74.41000366210938,74.83000183105469,73.0,74.62000274658203,16470
2025-05-02,77.83000183105469,77.83000183105469,76.70999908447266,77.01000213623047,94722
2025-05-05,77.5199966430664,77.62000274658203,76.9800033569336,77.38999938964844,41667
2025-05-06,76.94000244140625,77.08999633789062,75.95999908447266,76.9800033569336,81626
2025-05-07,76.52999877929688,77.16999816894531,76.30999755859375,77.0199966430664,51060
2025-05-08,78.8499984741211,79.11000061035156,77.8499984741211,78.87999725341797,31840
2025-05-09,78.62000274658203,79.3499984741211,78.0999984741211,79.06999969482422,53926
2025-05-12,82.6500015258789,83.80000305175781,82.08999633789062,82.41999816894531,75419
2025-05-13,84.5,84.66999816894531,82.72000122070312,82.86000061035156,57282
2025-05-14,85.11000061035156,85.16999816894531,84.04000091552734,84.94000244140625,70726
2025-05-15,85.41000366210938,85.41999816894531,84.1500015258789,84.83999633789062,254587
2025-05-16,85.29000091552734,85.5999984741211,84.79000091552734,84.93000030517578,96077
2025-05-19,84.45999908447266,84.62000274658203,83.02999877929688,83.9800033569336,60396
2025-05-20,84.26000213623047,84.69999694824219,84.0,84.29000091552734,40494
2025-05-21,83.9000015258789,83.9800033569336,82.72000122070312,83.37999725341797,62207
2025-05-22,83.19000244140625,83.44999694824219,82.11000061035156,82.81999969482422,62339
2025-05-23,81.52999877929688,82.81999969482422,80.45999908447266,82.5999984741211,65358
2025-05-26,82.48999786376953,82.7300033569336,82.12000274658203,82.25,25621
2025-05-27,83.26000213623047,83.3499984741211,82.4000015258789,82.4800033569336,44406
2025-05-28,83.69000244140625,84.0999984741211,83.19999694824219,83.55000305175781,65857
2025-05-29,83.63999938964844,85.95999908447266,83.29000091552734,85.66999816894531,36818
2025-05-30,82.83999633789062,83.69999694824219,82.69000244140625,83.23999786376953,43314
2025-06-02,82.77999877929688,83.2300033569336,81.75,82.25,124019
2025-06-03,84.61000061035156,84.66000366210938,82.80999755859375,83.13999938964844,48535
2025-06-04,84.75,85.08999633789062,84.30999755859375,84.79000091552734,36111
2025-06-05,85.31999969482422,85.31999969482422,84.16999816894531,84.80999755859375,35458
2025-06-06,85.31999969482422,85.72000122070312,84.47000122070312,84.55000305175781,25224
2025-06-09,85.51000213623047,86.05000305175781,84.97000122070312,85.08999633789062,30296
2025-06-10,85.05000305175781,85.48999786376953,85.05000305175781,85.36000061035156,19401
2025-06-11,85.47000122070312,85.79000091552734,85.22000122070312,85.51000213623047,29205
2025-06-12,84.9000015258789,85.05999755859375,83.75,84.80000305175781,42775
2025-06-13,84.25,84.81999969482422,83.73999786376953,83.87000274658203,33584
2025-06-16,84.98999786376953,85.11000061035156,84.01000213623047,84.19999694824219,51509
2025-06-17,85.08999633789062,85.20999908447266,84.3499984741211,84.66000366210938,22309
2025-06-18,85.08999633789062,85.47000122070312,84.75,84.95999908447266,19839
2025-06-19,84.22000122070312,85.04000091552734,84.06999969482422,85.04000091552734,20867
2025-06-20,84.75,85.51000213623047,84.18000030517578,84.77999877929688,37985
2025-06-23,84.66000366210938,85.2300033569336,84.44000244140625,84.55000305175781,32371
2025-06-24,86.11000061035156,86.23999786376953,85.62999725341797,86.05999755859375,23791
2025-06-25,86.79000091552734,87.33999633789062,86.36000061035156,86.44999694824219,22457
2025-06-26,86.80999755859375,87.2300033569336,86.4000015258789,86.98999786376953,62508
2025-06-27,87.6500015258789,87.6500015258789,87.01000213623047,87.30000305175781,43876
2025-06-30,87.36000061035156,87.8499984741211,87.20999908447266,87.55999755859375,29733
2025-07-01,86.45999908447266,87.61000061035156,86.12999725341797,87.5999984741211,84361
2025-07-02,87.2699966430664,87.48999786376953,86.12000274658203,86.87999725341797,20944
2025-07-03,88.9000015258789,89.0,87.20999908447266,87.48999786376953,50894
2025-07-04,88.05000305175781,88.45999908447266,87.91000366210938,88.4000015258789,19773
2025-07-07,88.4800033569336,88.91000366210938,88.36000061035156,88.41999816894531,29776
2025-07-08,88.62000274658203,88.9800033569336,88.33000183105469,88.38999938964844,14640
2025-07-09,89.12000274658203,89.87999725341797,88.61000061035156,88.68000030517578,26954
2025-07-10,89.61000061035156,89.95999908447266,89.05999755859375,89.19000244140625,35181
2025-07-11,89.44999694824219,89.7699966430664,88.77999877929688,89.31999969482422,50096
2025-07-14,89.0999984741211,89.2300033569336,88.41999816894531,88.91999816894531,27661
2025-07-15,91.11000061035156,91.12000274658205,89.9800033569336,90.06999969482422,56259
2025-07-16,89.12999725341797,90.98999786376952,89.12999725341797,90.19000244140624,46080
2025-07-17,91.87999725341795,91.98999786376952,91.0999984741211,91.36000061035156,37910
2025-07-18,91.19000244140624,91.87000274658205,91.04000091552734,91.83000183105467,47041
2025-07-21,91.33000183105467,91.7699966430664,91.06999969482422,91.52999877929688,40718
2025-07-22,89.87999725341797,91.06999969482422,89.43000030517578,90.91999816894533,34909
2025-07-23,89.95999908447266,90.19000244140624,89.5,89.97000122070312,27427
2025-07-24,90.4800033569336,90.69000244140624,90.0,90.5,38496
2025-07-25,91.02999877929688,91.1500015258789,90.5500030517578,90.7699966430664,26712
2025-07-28,92.19000244140624,92.31999969482422,91.62999725341795,91.72000122070312,44211
2025-07-29,93.0999984741211,94.30999755859376,93.0,93.45999908447266,54843
2025-07-30,93.7699966430664,94.0500030517578,92.93000030517578,93.08999633789062,35946
2025-07-31,94.56999969482422,96.23999786376952,94.25,96.0,113231
2025-08-01,91.08999633789062,94.04000091552734,90.37000274658205,94.02999877929688,190683
2025-08-04,92.38999938964844,92.5199966430664,91.16000366210938,91.16000366210938,61135
2025-08-05,91.7699966430664,93.52999877929688,91.7699966430664,93.3000030517578,91978
2025-08-06,92.38999938964844,92.38999938964844,91.5199966430664,92.25,33643
2025-08-07,93.37999725341795,94.0,92.81999969482422,92.9000015258789,59814
2025-08-08,93.4000015258789,93.6500015258789,93.0,93.22000122070312,29452
2025-08-11,94.51000213623048,94.62999725341795,93.5199966430664,94.01000213623048,56590
2025-08-12,93.95999908447266,94.27999877929688,93.25,93.87000274658205,30849
2025-08-13,93.91999816894533,94.83000183105467,93.81999969482422,94.44000244140624,41998
2025-08-14,94.12999725341795,94.79000091552734,93.8000030517578,94.13999938964844,34476
2025-08-15,93.1999969482422,94.37999725341795,92.98999786376952,94.3499984741211,68643
2025-08-18,93.37000274658205,93.8499984741211,93.22000122070312,93.4800033569336,34547
2025-08-19,92.7300033569336,93.79000091552734,92.4499969482422,93.63999938964844,39191
2025-08-20,91.02999877929688,92.22000122070312,90.0199966430664,91.9800033569336,59929
2025-08-21,91.66999816894533,91.81999969482422,91.04000091552734,91.80999755859376,26565
2025-08-22,92.29000091552734,92.44000244140624,91.04000091552734,91.12999725341795,40590
2025-08-25,92.58999633789062,92.58999633789062,91.58999633789062,91.76000213623048,62576
2025-08-26,92.44000244140624,92.62999725341795,92.12000274658205,92.37000274658205,20597
2025-08-27,93.33999633789062,93.5500030517578,92.83000183105467,93.12999725341795,28341
2025-08-28,93.48999786376952,93.8499984741211,92.68000030517578,93.16000366210938,48837
2025-08-29,92.0500030517578,93.72000122070312,91.7699966430664,93.70999908447266,35845
2025-09-01,92.13999938964844,92.13999938964844,91.72000122070312,91.73999786376952,47072
2025-09-02,90.45999908447266,91.97000122070312,90.31999969482422,91.9000015258789,81172
2025-09-03,91.5999984741211,92.29000091552734,91.5999984741211,91.79000091552734,33473
2025-09-04,92.25,92.37999725341795,91.70999908447266,92.04000091552734,37309
2025-09-05,91.72000122070312,93.2300033569336,91.1500015258789,93.08000183105467,61124
2025-09-08,93.04000091552734,93.16000366210938,92.2699966430664,92.41999816894533,56420
2025-09-09,92.5199966430664,93.06999969482422,92.3000030517578,92.77999877929688,44746
2025-09-10,94.5199966430664,94.80999755859376,94.0,94.2699966430664,53053
2025-09-11,94.73999786376952,95.13999938964844,94.05999755859376,94.7699966430664,56425
2025-09-12,94.98999786376952,95.0,94.43000030517578,94.5,42662
2025-09-15,95.0500030517578,95.0500030517578,94.0999984741211,94.95999908447266,75429
2025-09-16,94.52999877929688,95.5500030517578,94.5,95.41000366210938,73329
2025-09-17,93.66999816894533,94.62000274658205,93.61000061035156,94.4000015258789,52696
2025-09-18,96.02999877929688,96.0999984741211,94.6999969482422,94.87000274658205,56909
2025-09-19,96.44000244140624,96.5999984741211,95.69000244140624,95.79000091552734,50139
2025-09-22,97.5500030517578,97.62000274658205,96.54000091552734,97.0,41441
2025-09-23,98.0199966430664,98.5,97.83999633789062,98.36000061035156,46355
2025-09-24,97.37999725341795,98.06999969482422,97.3499984741211,97.55999755859376,40260
2025-09-25,97.61000061035156,97.6500015258789,96.23999786376952,97.04000091552734,64583
2025-09-26,97.16999816894533,97.94000244140624,96.86000061035156,97.5500030517578,39234
2025-09-29,97.93000030517578,98.41999816894533,97.68000030517578,97.7699966430664,40328
2025-09-30,98.2699966430664,98.5500030517578,97.47000122070312,97.72000122070312,44512
2025-10-01,98.93000030517578,98.93000030517578,97.12000274658205,97.30999755859376,82585
2025-10-02,100.0999984741211,100.33999633789062,99.52999877929688,99.55999755859376,55454
2025-10-03,100.4800033569336,100.58000183105467,99.91000366210938,100.5,21406
2025-10-06,101.05999755859376,101.3000030517578,100.33999633789062,100.68000030517578,42911
2025-10-07,100.22000122070312,101.66000366210938,100.22000122070312,100.8000030517578,74177
2025-10-08,101.86000061035156,101.94000244140624,100.58000183105467,100.77999877929688,36313
2025-10-09,102.58000183105467,102.83999633789062,102.22000122070312,102.44000244140624,41777
2025-10-10,99.62999725341795,102.91999816894533,99.62999725341795,102.68000030517578,53770
2025-10-13,100.77999877929688,101.12000274658205,100.08000183105467,100.18000030517578,89506
2025-10-14,99.41000366210938,99.9800033569336,98.33999633789062,99.6999969482422,117879
2025-10-15,99.95999908447266,100.68000030517578,99.58000183105467,99.70999908447266,81418
2025-10-16,100.05999755859376,100.55999755859376,99.93000030517578,100.1999969482422,21048
2025-10-17,98.5199966430664,99.87999725341795,97.20999908447266,97.83999633789062,153879
2025-10-20,101.54000091552734,101.63999938964844,100.26000213623048,100.5199966430664,47663
2025-10-21,101.68000030517578,101.6999969482422,100.9800033569336,101.1999969482422,64297
2025-10-22,100.1999969482422,101.81999969482422,100.1999969482422,101.4000015258789,36854
2025-10-23,101.41999816894533,101.45999908447266,100.12000274658205,101.0999984741211,24858
2025-10-27,104.44000244140624,104.62000274658205,104.05999755859376,104.22000122070312,31593
2025-10-28,105.5,105.95999908447266,104.5,104.63999938964844,34011
2025-10-29,106.9800033569336,108.0999984741211,106.8000030517578,107.4000015258789,53680
2025-10-30,107.05999755859376,107.72000122070312,106.62000274658205,107.45999908447266,32012
2025-10-31,106.95999908447266,108.36000061035156,106.68000030517578,107.87999725341795,33076
2025-11-03,107.31999969482422,108.41999816894533,107.04000091552734,107.13999938964844,122925
2025-11-04,106.08000183105467,106.6999969482422,105.44000244140624,105.86000061035156,79137
2025-11-05,105.81999969482422,106.04000091552734,104.13999938964844,104.5199966430664,55903
2025-11-06,102.83999633789062,105.13999938964844,102.83999633789062,104.58000183105467,108681
2025-11-07,100.0199966430664,103.04000091552734,99.80999755859376,102.86000061035156,88392
2025-11-10,103.5,104.44000244140624,103.12000274658205,103.23999786376952,109234
2025-11-11,103.05999755859376,104.44000244140624,102.87999725341795,104.3000030517578,66749
2025-11-12,103.5,104.63999938964844,103.05999755859376,104.13999938964844,93364
2025-11-13,101.31999969482422,103.81999969482422,101.1999969482422,103.73999786376952,88138
2025-11-14,102.0,102.3000030517578,98.77999877929688,100.44000244140624,53550
2025-11-17,100.9800033569336,102.58000183105467,100.44000244140624,102.31999969482422,51143
2025-11-18,99.16000366210938,100.0999984741211,97.86000061035156,99.56999969482422,66005
2025-11-19,99.80999755859376,101.0,98.62999725341795,98.72000122070312,55420
2025-11-20,100.54000091552734,102.95999908447266,100.54000091552734,102.76000213623048,38481
2025-11-21,97.4800033569336,98.05999755859376,95.97000122070312,97.45999908447266,112117
2025-11-24,99.83999633789062,99.91999816894533,97.61000061035156,98.1999969482422,61621
2025-11-25,98.72000122070312,99.51000213623048,97.38999938964844,99.4499969482422,35152
2025-11-26,100.9800033569336,100.9800033569336,99.61000061035156,99.9800033569336,18414
2025-11-27,100.5999984741211,100.9800033569336,100.55999755859376,100.8000030517578,22774
2025-11-28,100.94000244140624,101.54000091552734,100.81999969482422,100.94000244140624,12543
2025-12-01,100.8000030517578,100.86000061035156,99.62999725341795,100.27999877929688,56056
2025-12-02,101.77999877929688,102.77999877929688,100.87999725341795,100.95999908447266,33480
2025-12-03,101.44000244140624,102.27999877929688,100.6999969482422,102.13999938964844,21060
2025-12-04,101.76000213623048,101.76000213623048,101.26000213623048,101.58000183105467,21705
2025-12-05,102.18000030517578,102.76000213623048,101.86000061035156,102.36000061035156,22830
2025-12-08,103.08000183105467,103.5,102.5,102.66000366210938,33253
2025-12-09,103.5199966430664,103.87999725341795,102.9000015258789,103.73999786376952,26025
2025-12-10,102.83999633789062,103.63999938964844,102.36000061035156,103.54000091552734,15859
2025-12-11,100.9000015258789,102.27999877929688,100.45999908447266,101.5199966430664,43301
2025-12-12,99.4000015258789,101.9800033569336,99.25,101.91999816894533,43383
2025-12-15,98.73999786376952,100.13999938964844,98.06999969482422,99.62000274658205,43100
2025-12-16,97.91000366210938,98.26000213623048,97.33000183105467,97.38999938964844,47923
2025-12-17,96.62000274658205,99.23999786376952,96.62000274658205,98.83000183105467,34354
2025-12-18,98.30999755859376,98.4499969482422,96.9499969482422,96.95999908447266,45970
2025-12-19,99.48999786376952,99.61000061035156,98.1500015258789,98.68000030517578,34219
2025-12-22,100.0199966430664,100.54000091552734,99.68000030517578,100.31999969482422,80598
2025-12-23,100.31999969482422,100.31999969482422,99.47000122070312,99.8000030517578,31302
2025-12-29,100.4800033569336,100.87999725341795,100.0199966430664,100.72000122070312,48284
2025-12-30,100.73999786376952,100.73999786376952,100.44000244140624,100.55999755859376,10623
2026-01-02,100.18000030517578,101.94000244140624,99.75,100.8000030517578,86526
2026-01-05,101.0999984741211,101.87999725341795,100.6999969482422,100.6999969482422,59927
2026-01-06,101.08000183105467,101.31999969482422,100.13999938964844,100.58000183105467,51498
2026-01-07,101.8000030517578,101.9800033569336,100.81999969482422,101.1999969482422,161776
2026-01-08,99.69000244140624,101.41999816894533,99.66999816894533,101.16000366210938,137949
2026-01-09,101.0,101.13999938964844,100.16000366210938,100.1999969482422,166435
2026-01-12,101.3000030517578,101.44000244140624,99.66000366210938,100.13999938964844,164990
2026-01-13,101.81999969482422,101.81999969482422,101.04000091552734,101.33999633789062,192185
2026-01-14,99.62000274658205,101.44000244140624,99.5,101.4000015258789,209105
2026-01-15,101.95999908447266,102.41999816894533,100.66000366210938,100.6999969482422,208573
2026-01-16,101.45999908447266,101.95999908447266,101.0,101.62000274658205,167886
2026-01-19,99.18000030517578,99.66999816894533,98.8000030517578,99.5199966430664,84166
2026-01-20,98.37999725341795,98.56999969482422,97.41999816894533,98.37999725341795,67577
2026-01-21,98.12999725341795,98.68000030517578,96.91999816894533,97.77999877929688,55159
2026-01-22,98.79000091552734,99.62999725341795,98.4499969482422,99.08000183105467,54096
2026-01-23,99.06999969482422,99.4499969482422,98.1500015258789,98.8000030517578,41842
2026-01-26,98.9499969482422,99.02999877929688,97.5500030517578,98.27999877929688,72460
2026-01-27,99.83000183105467,99.95999908447266,99.0999984741211,99.79000091552734,30060
2026-01-28,100.1999969482422,101.08000183105467,100.04000091552734,100.87999725341795,62090
2026-01-29,96.8000030517578,99.6500015258789,96.06999969482422,99.45999908447266,50868
2026-01-30,98.20999908447266,98.56999969482422,97.04000091552734,97.16000366210938,81433
2026-02-02,98.9000015258789,99.01000213623048,96.08000183105467,96.22000122070312,82704
2026-02-03,96.20999908447266,99.27999877929688,96.01000213623048,99.08999633789062,43864
2026-02-04,94.62999725341795,96.27999877929688,94.5999984741211,96.0500030517578,92631
2026-02-05,94.08999633789062,95.41000366210938,92.72000122070312,95.0199966430664,89422
2026-02-06,96.19000244140624,96.19000244140624,93.0199966430664,93.0999984741211,71141
2026-02-09,97.5199966430664,97.5500030517578,95.29000091552734,96.44000244140624,61917
2026-02-10,97.7300033569336,98.12999725341795,97.1500015258789,97.44000244140624,61510
2026-02-11,97.23999786376952,98.87000274658205,96.7300033569336,97.31999969482422,58519
2026-02-12,95.31999969482422,97.91999816894533,95.01000213623048,97.7699966430664,46402
2026-02-13,94.76000213623048,95.47000122070312,94.0999984741211,95.0,341464
2026-02-16,94.29000091552734,95.16000366210938,94.27999877929688,94.83000183105467,61792
2026-02-17,95.05999755859376,95.23999786376952,93.5,94.51000213623048,96083
2026-02-18,97.11000061035156,97.18000030517578,95.51000213623048,95.75,73829
2026-02-19,96.5,96.95999908447266,96.04000091552734,96.7699966430664,54669
2026-02-20,96.80999755859376,97.16000366210938,95.51000213623048,96.66000366210938,59421
2026-02-23,95.5199966430664,96.58999633789062,95.16000366210938,95.73999786376952,43725
2026-02-24,96.55999755859376,96.94000244140624,95.27999877929688,95.83999633789062,77021
2026-02-25,98.13999938964844,98.4499969482422,96.73999786376952,96.81999969482422,27811
2026-02-26,96.69000244140624,98.6500015258789,95.91000366210938,98.4000015258789,26929
2026-02-27,95.1999969482422,96.61000061035156,94.5,96.43000030517578,69667
2026-03-02,95.80999755859376,96.05999755859376,93.0,93.30999755859376,88210
2026-03-03,95.3000030517578,95.3000030517578,93.79000091552734,94.87000274658205,78930
2026-03-04,96.77999877929688,96.87999725341795,95.16999816894533,95.19000244140624,30320
2026-03-05,97.5,97.72000122070312,96.4800033569336,96.87000274658205,33886
2026-03-09,96.12000274658205,96.16999816894533,93.9499969482422,94.23999786376952,58654
2026-03-10,97.55999755859376,97.63999938964844,96.5,97.2699966430664,34151
2026-03-11,97.69000244140624,98.2300033569336,97.0500030517578,97.45999908447266,43910
2026-03-12,97.04000091552734,97.66999816894533,96.37000274658205,97.58000183105467,29240
2026-03-13,96.3499984741211,97.8000030517578,96.11000061035156,96.51000213623048,24502
2026-03-16,97.1500015258789,97.38999938964844,96.31999969482422,96.9000015258789,46547
2026-03-17,96.79000091552734,97.25,96.1500015258789,96.5500030517578,18343
2026-03-18,96.41000366210938,97.73999786376952,96.41000366210938,97.5500030517578,22887
2026-03-19,95.18000030517578,95.97000122070312,94.4499969482422,95.8000030517578,51408
2026-03-20,93.93000030517578,95.5199966430664,93.93000030517578,95.33000183105467,18738
2026-03-23,94.26000213623048,96.0,92.26000213623048,92.38999938964844,76954
2026-03-24,93.86000061035156,94.6500015258789,93.29000091552734,94.55999755859376,14560
2026-03-25,94.7699966430664,95.16999816894533,94.33999633789062,94.76000213623048,37266
2026-03-26,93.25,94.25,93.19000244140624,94.20999908447266,29581
2026-03-27,91.04000091552734,92.75,90.66999816894533,92.75,42893
2026-03-30,90.58999633789062,91.5999984741211,89.97000122070312,90.70999908447266,27802
2026-03-31,90.68000030517578,91.0,89.73999786376953,89.94999694824219,36961
2026-04-01,93.62000274658205,93.63999938964844,92.69000244140624,93.4499969482422,62760
2026-04-02,93.87999725341795,94.11000061035156,91.44000244140624,92.16000366210938,30334
2026-04-07,93.20999908447266,94.66999816894533,92.51000213623048,94.19000244140624,48937
2026-04-08,96.6500015258789,97.91999816894533,96.08000183105467,97.38999938964844,37514
2026-04-09,96.23999786376952,96.5500030517578,95.9000015258789,96.54000091552734,23832
2026-04-10,97.62000274658205,97.8499984741211,96.70999908447266,96.80999755859376,26703
2026-04-13,98.06999969482422,98.25,96.66999816894533,96.8499984741211,16814
2026-04-14,99.44000244140624,99.5999984741211,98.81999969482422,98.8499984741211,43404
2026-04-15,101.31999969482422,101.54000091552734,100.16000366210938,100.27999877929688,34624
2026-04-16,102.94000244140624,103.0,101.77999877929688,102.73999786376952,24844
2026-04-17,104.77999877929688,104.77999877929688,103.12000274658205,103.12000274658205,22248
2026-04-20,104.13999938964844,104.83999633789062,103.73999786376952,104.05999755859376,51195
2026-04-21,105.13999938964844,105.5999984741211,104.77999877929688,105.05999755859376,32885
2026-04-22,106.6999969482422,106.81999969482422,105.62000274658205,105.86000061035156,29460
2026-04-23,107.04000091552734,107.0999984741211,106.4000015258789,106.76000213623048,17219
2026-04-24,108.0199966430664,108.12000274658205,106.66000366210938,106.81999969482422,57389
2026-04-27,107.62000274658205,108.45999908447266,107.27999877929688,108.22000122070312,49447
2026-04-28,106.26000213623048,108.3000030517578,106.26000213623048,108.27999877929688,40573
2026-04-29,107.45999908447266,107.72000122070312,107.0,107.68000030517578,55828
2026-04-30,106.5,108.41999816894533,105.77999877929688,107.33999633789062,39779
2026-05-04,108.13999938964844,109.08000183105467,107.91999816894533,108.9000015258789,59288
2026-05-05,109.94000244140624,110.0,108.9800033569336,109.0999984741211,36679
2026-05-06,111.87999725341795,111.94000244140624,110.26000213623048,110.41999816894533,59614
2026-05-07,113.72000122070312,113.83999633789062,112.31999969482422,112.73999786376952,35960
2026-05-08,114.5999984741211,114.66000366210938,113.13999938964844,113.13999938964844,26965
2026-05-11,116.12000274658205,116.13999938964844,114.73999786376952,115.16000366210938,60824
2026-05-12,113.87999725341795,116.1999969482422,113.6999969482422,115.5199966430664,66631
2026-05-13,116.33999633789062,117.0,115.05999755859376,116.16000366210938,33954
2026-05-14,119.5199966430664,119.63999938964844,117.3000030517578,117.72000122070312,39449
2026-05-15,118.54000091552734,118.54000091552734,116.9800033569336,118.45999908447266,26048
2026-05-18,116.0,118.62000274658205,115.63999938964844,117.26000213623048,28418
2026-05-19,115.58000183105467,117.04000091552734,114.9000015258789,115.91999816894533,66145
2026-05-20,117.8000030517578,118.0,116.5,116.58000183105467,32834
2026-05-21,117.9800033569336,118.9800033569336,117.31999969482422,117.6999969482422,24001
2026-05-22,120.37999725341795,120.41999816894533,119.0199966430664,119.4000015258789,23823
2026-05-25,121.41999816894533,121.66000366210938,121.12000274658205,121.5,22510
2026-05-26,121.66000366210938,122.27999877929688,120.41999816894533,120.91999816894533,21125
2026-05-27,120.37999725341795,122.55999755859376,119.91999816894533,121.45999908447266,51452
2026-05-28,122.37999725341795,122.4000015258789,120.72000122070312,120.81999969482422,26051
2026-05-29,124.3000030517578,125.13999938964844,123.1999969482422,123.41999816894533,32869
2026-06-01,127.8000030517578,127.8000030517578,125.73999786376952,126.44000244140624,82656
2026-06-02,129.5399932861328,129.60000610351562,128.16000366210938,128.32000732421875,28266
2026-06-03,128.77999877929688,130.6999969482422,128.16000366210938,130.24000549316406,43769
2026-06-04,126.16000366210938,127.3000030517578,124.33999633789062,127.23999786376952,24759
2026-06-05,122.86000061035156,125.5199966430664,122.83999633789062,124.81999969482422,40037
2026-06-08,122.91999816894533,123.5,120.5999984741211,120.72000122070312,62416
2026-06-09,118.26000213623048,123.0,118.26000213623048,123.0,37077
2026-06-10,117.58000183105467,119.83999633789062,116.81999969482422,118.73999786376952,66356
2026-06-11,118.3000030517578,119.16000366210938,117.04000091552734,118.0999984741211,74508
2026-06-12,121.23999786376952,121.27999877929688,119.37999725341795,119.8000030517578,67394
2026-06-15,124.31999969482422,124.33999633789062,123.22000122070312,123.5,45207
2026-06-16,122.76000213623048,125.0,122.66000366210938,124.5,42912
2026-06-17,123.0999984741211,123.63999938964844,122.55999755859376,122.9000015258789,20631
2026-06-18,125.18000030517578,125.76000213623048,124.23999786376952,124.37999725341795,20091
2026-06-19,125.73999786376952,125.86000061035156,125.05999755859376,125.5999984741211,12840
2026-06-22,126.26000213623048,128.0800018310547,126.0,126.26000213623048,38790
2026-06-23,122.72000122070312,124.04000091552734,121.6999969482422,123.4800033569336,34322
2026-06-24,122.9800033569336,123.45999908447266,121.76000213623048,122.9800033569336,19817
2026-06-25,121.08000183105467,125.05999755859376,119.55999755859376,124.26000213623048,57542
2026-06-26,119.95999908447266,120.41999816894533,118.1999969482422,120.12000274658205,23785
2026-06-29,120.55999755859376,121.36000061035156,118.27999877929688,120.62000274658205,54912
2026-06-30,124.0199966430664,124.31999969482422,122.0,122.4000015258789,12709
2026-07-01,123.77999877929688,124.87999725341795,122.63999938964844,124.68000030517578,44538
2026-07-02,121.1999969482422,123.54000091552734,120.4800033569336,122.27999877929688,41581
2026-07-03,121.77999877929688,122.08000183105467,121.26000213623048,121.26000213623048,18197
2026-07-06,123.1999969482422,123.41999816894533,121.37999725341795,121.72000122070312,42831
2026-07-07,119.31999969482422,121.33999633789062,118.4800033569336,121.33999633789062,40193
2026-07-08,119.63999938964844,120.4000015258789,117.5,119.54000091552734,27764
2026-07-09,123.6999969482422,123.6999969482422,121.9800033569336,122.1999969482422,31859
2026-07-10,123.55999755859376,123.76000213623048,122.62000274658205,122.9800033569336,14579
2026-07-13,123.04000091552734,123.1999969482422,122.0,122.41999816894533,44119
2026-07-14,123.0,123.18000030517578,121.3000030517578,122.31999969482422,29331
2026-07-15,121.94000244140624,124.3000030517578,121.62000274658205,124.3000030517578,36357
2026-07-16,120.81999969482422,122.18000030517578,119.9000015258789,122.18000030517578,21222
2026-07-17,118.77999877929688,119.31999969482422,116.6999969482422,118.37999725341795,46827
2026-07-20,120.18000030517578,121.05999755859376,119.23999786376952,119.33999633789062,43307
2026-07-21,122.08000183105467,122.22000122070312,120.63999938964844,120.8000030517578,48450
2026-07-22,122.4800033569336,122.66000366210938,120.77999877929688,121.18000030517578,27760
2026-07-23,120.66000366210938,122.54000091552734,120.27999877929688,122.04000091552734,29633
2026-07-24,120.83999633789062,121.26000213623048,119.76000213623048,120.5199966430664,18159
2026-07-27,118.05999755859376,121.81999969482422,117.66000366210938,121.54000091552734,21015
2026-07-28,117.4800033569336,118.0,115.5,117.73999786376952,50364
2026-07-29,115.73999786376952,117.76000213623048,115.37999725341795,117.18000030517578,27023
2026-07-30,118.1999969482422,119.0999984741211,114.86000061035156,115.44000244140624,67101
2026-07-31,117.27999877929688,119.73999786376952,117.04000091552734,118.91999816894533,41199
2026-08-03,119.87999725341795,120.05999755859376,117.33999633789062,119.3000030517578,113997
2026-08-04,124.58000183105467,124.5999984741211,121.26000213623048,121.5,34021
2026-08-05,125.45999908447266,126.3000030517578,125.18000030517578,125.95999908447266,46932
2026-08-06,125.4800033569336,126.0999984741211,123.66000366210938,124.72000122070312,38100
2026-08-07,126.4800033569336,126.72000122070312,125.5,125.81999969482422,30409
2026-08-10,126.12000274658205,127.44000244140624,126.0,127.0999984741211,17278
2026-08-11,125.66000366210938,126.5999984741211,125.44000244140624,125.94000244140624,26520
2026-08-12,126.83999633789062,127.41999816894533,126.04000091552734,126.13999938964844,19129
2026-08-13,128.39999389648438,128.89999389648438,127.0,127.3000030517578,21514
2026-08-14,126.9800033569336,128.44000244140625,126.91999816894533,128.17999267578125,12181
2026-08-17,127.73999786376952,127.94000244140624,127.0999984741211,127.91999816894533,31412
2026-08-18,124.13999938964844,125.9800033569336,123.8000030517578,125.8000030517578,37601
2026-08-19,122.91999816894533,124.26000213623048,121.9000015258789,123.87999725341795,43796
2026-08-20,122.04000091552734,123.05999755859376,121.58000183105467,122.94000244140624,28545
2026-08-21,122.18000030517578,122.68000030517578,121.41999816894533,122.13999938964844,21040
2026-08-24,120.41999816894533,121.5999984741211,119.86000061035156,121.16000366210938,39659
2026-08-25,121.08000183105467,121.76000213623048,120.77999877929688,121.08000183105467,22623
2026-08-26,121.58000183105467,121.91999816894533,120.5999984741211,121.23999786376952,19196
2026-08-27,124.8000030517578,125.22000122070312,123.62000274658205,123.68000030517578,27639
2026-08-28,126.23999786376952,126.45999908447266,125.08000183105467,125.4800033569336,15451
2026-08-31,124.0999984741211,125.0199966430664,124.0999984741211,125.0199966430664,13946
2026-09-01,123.83999633789062,125.05999755859375,122.73999786376953,125.0199966430664,49168
2026-09-02,123.86000061035156,123.94000244140625,122.68000030517578,123.54000091552734,51980
2026-09-03,124.9000015258789,124.9000015258789,123.08000183105469,123.86000061035156,19700
2026-09-04,125.36000061035156,126.41999816894531,125.33999633789062,125.4000015258789,43015
